parameter,year,mu,mu_star,sigma,mu_star_conf
cy0,1,-0.7451802673818169,2.898954270237776,6.1263112072157915,1.3893024081733498
clay,1,0.15541279511538342,1.3019035727559458,3.5914017996776297,1.03409874774175
temp_ci_delta,1,-0.1622344289069158,0.2788939744123038,0.6538315542396941,0.16125413688675672
rain_ci_delta,1,0.9614336534175305,4.186090516490921,8.650387919329761,2.286717291197631
evap_ci_delta,1,-0.31935200960666743,0.632392983131717,1.847939527789219,0.4731715631214971
ef_burn_crop_N2O_scale,1,-0.0002492264162448521,0.0014020530064108526,0.0018444832649731479,0.0003714329167198214
ef_burn_crop_CH4_scale,1,-0.0015075344076979746,0.004823479065054315,0.006501911200412928,0.001466891788861369
ef_burn_tree_N2O_scale,1,0.000630134793239634,0.000630134793239634,0.0004527234022923141,0.00012180565484501304
ef_burn_tree_CH4_scale,1,0.002280131779895811,0.002280131779895811,0.0015874279873316056,0.0005076551026962062
ef_N_inputs,1,-0.11243416633856355,0.11243416633856355,0.014814660061965093,0.004647920991972206
combustion_factor_crop,1,-0.0012512126820027447,0.007176639844415434,0.01025372070159544,0.002312065614396606
combustion_factor_tree,1,0.003292818548670695,0.003292818548670695,0.0019931044342668238,0.0006493433778120112
volatile_frac_organic_fertiliser,1,-0.002875425650965724,0.002875425650965724,0.00030556244209571843,8.220332913332994e-05
volatile_frac_synthetic_fertiliser,1,0.016297396888956685,0.016297396888956685,0.0016405654386355388,0.000505482820522295
base_sf_qty_scale,1,-0.12981374696527367,0.12981374696527367,0.011684697112330273,0.0038287183019416
proj_lit_qty_scale,1,-0.18461486517670417,0.18461486517670417,0.0354680972865386,0.009911242215430284
base_stand_density_scale,1,0.0,0.0,0.0,0.0
proj_stand_density_scale,1,-38.21263235867646,38.21263235867646,3.334656668222229,1.2044831124599715
tree_wood_dens_sp1,1,-38.77566433376929,38.77566433376929,3.7483761980447943,1.1103892732014733
base_cover,1,1.7493577173723416,1.7493577173723416,2.784672820124027,0.989473561446106
base_fire_off,1,-0.024885313060656954,0.024885313060656954,0.08969221031413037,0.023475185917332383
base_fire_on,1,-0.03493285974000315,0.03493285974000315,0.005956144895642247,0.0018859905989430797
base_mortality,1,0.0,0.0,0.0,0.0
base_sf_n_delta,1,-0.1329016327181968,0.1329016327181968,0.013646164833622186,0.004551771405153403
base_thinning_delta,1,0.0,0.0,0.0,0.0
crop_base_left_delta,1,0.6186768300909872,0.6186768300909872,0.11417518450985732,0.0332447547026994
crop_base_yield_delta,1,0.7362778021827776,0.7362778021827776,0.21759391999147037,0.06778829809407122
crop_carbon_above_sp3,1,0.007629720094115555,0.02597422629598185,0.03275847274981617,0.006428643954868998
crop_carbon_below_sp3,1,0.041616770259728854,0.04977666618199912,0.07941841315908504,0.022767024291494544
crop_intercept_sp3,1,-0.00106132462413413,0.009690749881355742,0.012322354964741848,0.002319679407427542
crop_nitrogen_above_sp3,1,-0.0013829849470148759,0.0020823640549856746,0.002267851845148231,0.0005020846647999236
crop_nitrogen_below_sp3,1,-0.0031851691322593466,0.0031851691322593466,0.0007438279445813086,0.00023880611581236492
crop_carbon_above_sp10,1,-0.012712565962995016,0.048984289273562,0.06362711211374499,0.01346969098926151
crop_carbon_below_sp10,1,0.00246031388402983,0.02128250192807144,0.027426821390806634,0.005733597646026438
crop_intercept_sp10,1,-0.002860897413156138,0.008917317702659844,0.011039149785398696,0.0022715528787670865
crop_nitrogen_above_sp10,1,-0.0002289948243124229,0.001578917215031339,0.0018849667345623962,0.0003306200938828204
crop_nitrogen_below_sp10,1,-8.441088795301255e-05,0.0008590760851053148,0.0011558114040112282,0.00026372450582484
crop_proj_left_delta,1,-0.6118395503163665,0.6118395503163665,0.13754243442216624,0.04289118664521783
crop_proj_yield_delta,1,-0.7258193416016401,0.7258193416016401,0.19375908476558082,0.048761265366619184
crop_root_in_top_30,1,0.030689088408368904,0.04262670641037154,0.04399593595204564,0.011329219433340372
crop_root_to_shoot_sp3,1,0.031405747904856084,0.035578483730678914,0.02565299977945905,0.0058064135866266724
crop_slope_sp3,1,0.020525674160857578,0.024501526093389358,0.06690517259326997,0.018158615016065683
crop_root_to_shoot_sp10,1,0.021069947386653,0.03418003779869814,0.08795798808105733,0.025263443419062868
crop_slope_sp10,1,-0.006575624426199056,0.05371371894328334,0.06822828648939365,0.01185312697115637
cy0_to_ceq_multiplier,1,0.20250038680164692,0.45651001637917404,1.4476525000946103,0.48811417992694023
litter_carbon,1,-0.20627628427128428,0.20627628427128428,0.02877316358803551,0.009513692496841777
litter_nitrogen,1,0.023840581492764912,0.023840581492764912,0.002622228051293944,0.0007248192172947063
mortality_fraction_branch_delta,1,0.0,0.0,0.0,0.0
mortality_fraction_croot_delta,1,0.0,0.0,0.0,0.0
mortality_fraction_froot_delta,1,0.0,0.0,0.0,0.0
mortality_fraction_leaf_delta,1,0.0,0.0,0.0,0.0
mortality_fraction_stem_delta,1,0.0,0.0,0.0,0.0
pool_alloc_froot_sp1,1,-2.699853116710976,2.699853116710976,0.2943329341113896,0.08594135712122525
pool_alloc_leaf_sp1,1,-2.680496661875216,2.680496661875216,0.25171966132895585,0.07295259287394928
pool_alloc_stem_sp1,1,-4.9416002722590875,4.9416002722590875,0.6024926366083804,0.20072832576994795
pool_turnover_branch_sp1,1,0.0,0.0,0.0,0.0
pool_turnover_croot_sp1,1,0.0,0.0,0.0,0.0
pool_turnover_froot_sp1,1,0.0,0.0,0.0,0.0
pool_turnover_leaf_sp1,1,0.0,0.0,0.0,0.0
pool_turnover_stem_sp1,1,0.0,0.0,0.0,0.0
proj_cover,1,-4.474676410386493,4.474676410386493,6.641496279278174,1.934260324043137
proj_fire_off,1,0.05973419738979082,0.05973419738979082,0.12463274165292836,0.037697051626389415
proj_fire_on,1,0.06644873313503048,0.06644873313503048,0.007857763630849154,0.0025470416054078375
proj_mortality,1,0.0,0.0,0.0,0.0
proj_thinning_delta,1,0.0,0.0,0.0,0.0
roth_c_cover_c,1,0.04352006966109556,0.13083394708896706,0.21359502805685232,0.05338083543201284
roth_c_dpm_frac_crop,1,-0.018401187175165746,0.06364979223122873,0.09213142427719916,0.023381243120849608
roth_c_dpm_frac_tree,1,0.019795840693267053,0.019795840693267053,0.005572185954091788,0.0017255101549593515
roth_c_moisture_b_slope,1,0.08882801243697465,0.33819920734258807,1.151166311036592,0.30098696335736086
roth_c_temp_a1,1,0.06374351805834308,0.1538209756434455,0.3432620686679299,0.08780335336760112
roth_c_temp_a2,1,0.06689090602248945,0.278627455504407,0.6840845635843494,0.18770957177232472
thinning_fraction_branch_delta,1,0.0,0.0,0.0,0.0
thinning_fraction_croot_delta,1,0.0,0.0,0.0,0.0
thinning_fraction_froot_delta,1,0.0,0.0,0.0,0.0
thinning_fraction_leaf_delta,1,0.0,0.0,0.0,0.0
thinning_fraction_stem_delta,1,0.0,0.0,0.0,0.0
tree_carbon_sp1,1,-38.27817189409821,38.27817189409821,3.3349569586826506,0.9832780530952001
tree_nitrogen_branch_sp1,1,0.0,0.0,0.0,0.0
tree_nitrogen_croot_sp1,1,0.0,0.0,0.0,0.0
tree_nitrogen_froot_sp1,1,0.0,0.0,0.0,0.0
tree_nitrogen_leaf_sp1,1,0.0,0.0,0.0,0.0
tree_nitrogen_stem_sp1,1,0.0,0.0,0.0,0.0
tree_root_in_top_30,1,0.0,0.0,0.0,0.0
tree_root_to_shoot_sp1,1,-4.938693308621026,4.938693308621026,0.6746286989763053,0.20407510066449427
cy0,2,-0.6679617045640268,1.5889259189831884,3.4310815653935016,0.8340107950520578
clay,2,-0.0179953349476089,0.48118914263418394,1.3555372556290317,0.3954315352244482
temp_ci_delta,2,0.002304885375152299,0.16775662687657747,0.3125737685282141,0.07835892822212573
rain_ci_delta,2,0.938992065660315,2.9532281743322315,5.7157782565576065,1.4838571388268067
evap_ci_delta,2,-0.23407420602934081,0.49807832973118477,1.4067429500086044,0.3531931067022728
ef_burn_crop_N2O_scale,2,-0.00024922641624218754,0.0014020530064105864,0.0018444832649689756,0.00037143291671661564
ef_burn_crop_CH4_scale,2,-0.0015075344077009056,0.004823479065054847,0.00650191120041472,0.0014668917888621769
ef_burn_tree_N2O_scale,2,0.0006301347932349711,0.0006301347932349711,0.0004527234022874991,0.00012180565484312862
ef_burn_tree_CH4_scale,2,0.0022801317798919474,0.0022801317798919474,0.0015874279873301647,0.0005076551026952899
ef_N_inputs,2,-0.11243416633855936,0.11243416633855936,0.014814660061964564,0.0046479209919718075
combustion_factor_crop,2,-0.0012512126820009462,0.00717663984441923,0.010253720701595824,0.002312065614393782
combustion_factor_tree,2,0.0032928185486713613,0.0032928185486713613,0.001993104434259554,0.0006493433778104116
volatile_frac_organic_fertiliser,2,-0.0028754256509723854,0.0028754256509723854,0.00030556244209764435,8.220332913381788e-05
volatile_frac_synthetic_fertiliser,2,0.016297396888962545,0.016297396888962545,0.0016405654386372648,0.0005054828205228616
base_sf_qty_scale,2,-0.12981374696526343,0.12981374696526343,0.011684697112334934,0.0038287183019437647
proj_lit_qty_scale,2,-0.10595851835669627,0.10595851835669627,0.05653843196875367,0.016735852026337154
base_stand_density_scale,2,0.0,0.0,0.0,0.0
proj_stand_density_scale,2,6.594121990493457,6.594121990493457,1.871028455655265,0.6412661176752256
tree_wood_dens_sp1,2,6.870296829868984,6.870296829868984,1.637582194800494,0.5004108184349485
base_cover,2,0.9884140468414886,0.9884140468414886,1.8386359160042256,0.6652865118747515
base_fire_off,2,-0.024885313060658422,0.024885313060658422,0.08969221031413516,0.02347518591733362
base_fire_on,2,-0.034932859740002355,0.034932859740002355,0.005956144895643036,0.00188599059894358
base_mortality,2,0.0,0.0,0.0,0.0
base_sf_n_delta,2,-0.1329016327182008,0.1329016327182008,0.013646164833617696,0.00455177140515204
base_thinning_delta,2,0.0,0.0,0.0,0.0
crop_base_left_delta,2,0.3862084983268482,0.3862084983268482,0.11972553823736898,0.03496689372049637
crop_base_yield_delta,2,0.3940612727577034,0.3940612727577034,0.1482476030586635,0.04372857924830363
crop_carbon_above_sp3,2,0.002666719104255355,0.018909579299621317,0.026352087760619276,0.0053657154345723565
crop_carbon_below_sp3,2,0.01861451214322334,0.032019384456893854,0.038408091632122415,0.009286067566936182
crop_intercept_sp3,2,-0.0016526709529307126,0.0075345739454752095,0.011310984800896035,0.002740795573258093
crop_nitrogen_above_sp3,2,-0.0013829849470190058,0.002082364054988206,0.0022678518451456743,0.0005020846647996108
crop_nitrogen_below_sp3,2,-0.0031851691322604125,0.0031851691322604125,0.0007438279445802524,0.00023880611581153012
crop_carbon_above_sp10,2,-0.009099428724550851,0.03538618703321159,0.048473043798927855,0.011016271409384003
crop_carbon_below_sp10,2,-4.075330403447985e-05,0.015451802349101795,0.021412027381608172,0.0047793366393452065
crop_intercept_sp10,2,-0.0024173284802796236,0.0068897041655121335,0.010264272773884548,0.0022537898373141104
crop_nitrogen_above_sp10,2,-0.00022899482431628648,0.0015789172150296072,0.0018849667345634752,0.00033062009388526854
crop_nitrogen_below_sp10,2,-8.441088795354545e-05,0.0008590760851018509,0.0011558114040083783,0.00026372450582438586
crop_proj_left_delta,2,-0.38139023843162045,0.38139023843162045,0.14294851086697707,0.046556073232781714
crop_proj_yield_delta,2,-0.4116509424289438,0.4116509424289438,0.20089315836464766,0.05169468339783688
crop_root_in_top_30,2,0.017491734866423726,0.03393725736979358,0.04726817114316306,0.013720988973144251
crop_root_to_shoot_sp3,2,0.015461872252368836,0.023956918359521028,0.02675459659214634,0.005677939385114335
crop_slope_sp3,2,0.00878488994905311,0.01320878734688975,0.02931741197670311,0.007609921336705036
crop_root_to_shoot_sp10,2,0.009957474004530776,0.01851383318293256,0.04101111648078138,0.011580222532569536
crop_slope_sp10,2,-0.005619519241210869,0.03225502001112583,0.04330754145504502,0.008945396070892613
cy0_to_ceq_multiplier,2,0.04800458166908243,0.08565768246270715,0.3177334841240745,0.10198724163453658
litter_carbon,2,-0.1266552707662369,0.1266552707662369,0.0457554095059851,0.014912693402236256
litter_nitrogen,2,0.02384058149275665,0.02384058149275665,0.002622228051292562,0.0007248192172948456
mortality_fraction_branch_delta,2,0.0,0.0,0.0,0.0
mortality_fraction_croot_delta,2,0.0,0.0,0.0,0.0
mortality_fraction_froot_delta,2,0.0,0.0,0.0,0.0
mortality_fraction_leaf_delta,2,0.0,0.0,0.0,0.0
mortality_fraction_stem_delta,2,0.0,0.0,0.0,0.0
pool_alloc_froot_sp1,2,2.119997492286632,2.119997492286632,0.25082925673158096,0.0736161180393807
pool_alloc_leaf_sp1,2,2.5450419190402007,2.5450419190402007,0.2547139066726003,0.07374634994322826
pool_alloc_stem_sp1,2,1.4753839938343534,1.5985455945512326,1.3149549920660488,0.3311562948770641
pool_turnover_branch_sp1,2,0.4348779451977867,0.4348779451977867,0.07450899966363403,0.020506001885275293
pool_turnover_croot_sp1,2,5.155840806581617,5.155840806581617,0.7765314003002876,0.25140311813540883
pool_turnover_froot_sp1,2,2.2585306380447183,2.2585306380447183,0.28170669731991826,0.10408418439127372
pool_turnover_leaf_sp1,2,1.4873073634937255,1.4873073634937255,0.2043424633834352,0.06344925713717949
pool_turnover_stem_sp1,2,19.235181788042155,19.235181788042155,2.8606176935508856,0.9272604269777788
proj_cover,2,-2.6704149117444196,2.6704149117444196,4.179226806998867,1.2116849696813279
proj_fire_off,2,0.05973419738979202,0.05973419738979202,0.12463274165293153,0.03769705162639062
proj_fire_on,2,0.06644873313502661,0.06644873313502661,0.007857763630847149,0.0025470416054074957
proj_mortality,2,0.6352066967824499,0.6352066967824499,0.0735539192873064,0.021492544105818055
proj_thinning_delta,2,15.948003965303382,15.948003965303382,10.76200245997578,3.3028694233148754
roth_c_cover_c,2,0.038530276741194316,0.0660135370473057,0.10393131028752949,0.023047435501381778
roth_c_dpm_frac_crop,2,0.007917679967092672,0.068279716540161,0.12265685123125586,0.029352001134946768
roth_c_dpm_frac_tree,2,0.011209549747103397,0.011463431669383328,0.006647597956797344,0.0018089169698086796
roth_c_moisture_b_slope,2,-0.01846403645973029,0.25173906968852894,0.7853429698112104,0.20391465812991078
roth_c_temp_a1,2,0.07289850267795628,0.08889824959342092,0.10680576954081379,0.026621356504810307
roth_c_temp_a2,2,-0.041851943280906176,0.2096054052588397,0.4066711414649227,0.10159935285944212
thinning_fraction_branch_delta,2,0.0,0.0,0.0,0.0
thinning_fraction_croot_delta,2,0.0,0.0,0.0,0.0
thinning_fraction_froot_delta,2,0.0,0.0,0.0,0.0
thinning_fraction_leaf_delta,2,0.0,0.0,0.0,0.0
thinning_fraction_stem_delta,2,0.0,0.0,0.0,0.0
tree_carbon_sp1,2,6.992913235873582,6.992913235873582,1.873764504524658,0.6144777272714023
tree_nitrogen_branch_sp1,2,0.0,0.0,0.0,0.0
tree_nitrogen_croot_sp1,2,0.0,0.0,0.0,0.0
tree_nitrogen_froot_sp1,2,0.0,0.0,0.0,0.0
tree_nitrogen_leaf_sp1,2,0.0,0.0,0.0,0.0
tree_nitrogen_stem_sp1,2,0.0,0.0,0.0,0.0
tree_root_in_top_30,2,0.0,0.0,0.0,0.0
tree_root_to_shoot_sp1,2,0.3453801204563796,0.39707241632401424,0.35651140423807737,0.09517857806881788
cy0,3,-0.572792909607965,1.235769092846207,2.653285348874116,0.6822035226170433
clay,3,-0.9676281206597463,1.165944596960491,1.3628387924443477,0.3890235131824276
temp_ci_delta,3,1.521733570666128,1.5284438905548259,0.7885214580313594,0.2256355102231536
rain_ci_delta,3,6.341699634846135,9.587884873816893,10.998723055449428,2.6930636435285247
evap_ci_delta,3,-0.6446528226571198,2.699822829330576,6.041273511934685,1.623135337802914
ef_burn_crop_N2O_scale,3,-0.0002492264162409885,0.0014020530064116521,0.0018444832649700043,0.00037143291671679854
ef_burn_crop_CH4_scale,3,-0.0015075344077002395,0.004823479065055114,0.0065019112004143734,0.0014668917888620747
ef_burn_tree_N2O_scale,3,0.01329329115478577,0.01329329115478577,0.010366873530886096,0.003048327430142057
ef_burn_tree_CH4_scale,3,0.04713246210367068,0.04713246210367068,0.03695249442516352,0.012580466850797927
ef_N_inputs,3,0.009110621983095923,0.016527276277984348,0.018319325465213882,0.003618750157575644
combustion_factor_crop,3,-0.0012512126819996306,0.0071766398444185475,0.010253720701596183,0.002312065614393914
combustion_factor_tree,3,0.06629465483626826,0.06629465483626826,0.042707467499705574,0.013878439903570405
volatile_frac_organic_fertiliser,3,-0.002875425650973318,0.002875425650973318,0.0003055624420978423,8.22033291338523e-05
volatile_frac_synthetic_fertiliser,3,0.01629739688896361,0.01629739688896361,0.0016405654386359397,0.0005054828205224011
base_sf_qty_scale,3,-0.12981374696526482,0.12981374696526482,0.011684697112333898,0.003828718301943562
proj_lit_qty_scale,3,-0.07067038939048594,0.07067038939048594,0.058359149539850684,0.017786117315068007
base_stand_density_scale,3,0.0,0.0,0.0,0.0
proj_stand_density_scale,3,-3.629048190025454,3.629048190025454,1.229259759129316,0.385927226319808
tree_wood_dens_sp1,3,-3.7171271219689594,3.7171271219689594,1.2948399376452606,0.35899646711492017
base_cover,3,0.784596785419523,0.7877440969193301,1.5049862587843095,0.5449019877262287
base_fire_off,3,-0.02488531306065822,0.02488531306065822,0.08969221031413428,0.0234751859173335
base_fire_on,3,-0.03493285974000269,0.03493285974000269,0.005956144895643916,0.001885990598943981
base_mortality,3,0.0,0.0,0.0,0.0
base_sf_n_delta,3,-0.13290163271820132,0.13290163271820132,0.01364616483361761,0.004551771405151916
base_thinning_delta,3,0.0,0.0,0.0,0.0
crop_base_left_delta,3,0.2985068259547602,0.2985068259547602,0.1223448695018003,0.035616944672632565
crop_base_yield_delta,3,0.26172174158420014,0.26172174158420014,0.13887993664781786,0.040660895301406715
crop_carbon_above_sp3,3,0.0003630606491692334,0.01636864762327529,0.02487480222189234,0.005321478381081449
crop_carbon_below_sp3,3,0.010630119726588588,0.025978078745587423,0.03393808313367395,0.00851016518137002
crop_intercept_sp3,3,-0.0017077287522186291,0.0064431840673542014,0.010535257264718522,0.0028040168533961774
crop_nitrogen_above_sp3,3,-0.0013829849470180066,0.002082364054988406,0.0022678518451467776,0.000502084664799525
crop_nitrogen_below_sp3,3,-0.0031851691322610453,0.0031851691322610453,0.000743827944578455,0.00023880611581077874
crop_carbon_above_sp10,3,-0.00796470101927338,0.030530017053070724,0.04472600021180565,0.010665963720081707
crop_carbon_below_sp10,3,-0.0009654624712121196,0.013241469171698906,0.020180681137463286,0.004884383677959376
crop_intercept_sp10,3,-0.0024386853364317894,0.006014979930975994,0.010435683778776291,0.002552366562144246
crop_nitrogen_above_sp10,3,-0.0002289948243163198,0.0015789172150291076,0.0018849667345626178,0.0003306200938848155
crop_nitrogen_below_sp10,3,-8.441088795441143e-05,0.0008590760851015844,0.0011558114040095817,0.0002637245058250866
crop_proj_left_delta,3,-0.2975440537360281,0.2975440537360281,0.14564069432104743,0.048127092366166836
crop_proj_yield_delta,3,-0.29449526468137566,0.29449526468137566,0.20182219487476197,0.05209544542990043
crop_root_in_top_30,3,0.011845729988757835,0.029780339141132893,0.04833743495885227,0.014543114518317628
crop_root_to_shoot_sp3,3,0.009521870169325219,0.01983252110216205,0.026627462364088608,0.0057952244264866505
crop_slope_sp3,3,0.0041628547543200774,0.008949189828357306,0.016017052797380516,0.003912551555937301
crop_root_to_shoot_sp10,3,0.005451458771347284,0.012222967865338375,0.02420920533989502,0.00664835000021033
crop_slope_sp10,3,-0.005452790868707003,0.023587343701643327,0.03413072260313253,0.0079016168542849
cy0_to_ceq_multiplier,3,-0.009779530255148139,0.06783058655844144,0.20025045478527734,0.06659916681083222
litter_carbon,3,-0.09032524150187338,0.09032524150187338,0.047126366734499915,0.015599641141420602
litter_nitrogen,3,0.023840581492758417,0.023840581492758417,0.0026222280512935626,0.0007248192172946881
mortality_fraction_branch_delta,3,-0.11997333823825687,0.11997333823825687,0.03215205735134237,0.009666948570536531
mortality_fraction_croot_delta,3,-0.04960552983354927,0.04960552983354927,0.011185422975227226,0.0037862993049091625
mortality_fraction_froot_delta,3,-0.02547699023871003,0.02547699023871003,0.005919243464449192,0.00181023002644755
mortality_fraction_leaf_delta,3,-0.03658797344587019,0.03658797344587019,0.007763620587818575,0.0023016099260771755
mortality_fraction_stem_delta,3,-0.2684519643241002,0.2684519643241002,0.053848330833793326,0.01699221675130204
pool_alloc_froot_sp1,3,-0.9757966560920753,0.9757966560920753,0.218187538583933,0.061010706940769446
pool_alloc_leaf_sp1,3,-1.7209556679584534,1.7209556679584534,0.35786185591657343,0.08728211379485053
pool_alloc_stem_sp1,3,0.4262851117068437,0.744032096433822,0.7817233523640688,0.13857675819092322
pool_turnover_branch_sp1,3,0.23135450786156123,0.23135450786156123,0.0669789250945297,0.018966134069776756
pool_turnover_croot_sp1,3,-2.684774213665688,2.684774213665688,0.5910341854777688,0.18611160593960957
pool_turnover_froot_sp1,3,-1.1178426257235343,1.1178426257235343,0.2664397315542823,0.08874523331093877
pool_turnover_leaf_sp1,3,-1.0104727945350482,1.0104727945350482,0.23512443224632498,0.07654735735863218
pool_turnover_stem_sp1,3,7.699431505915639,7.699431505915639,2.905608304761968,0.8807848515580788
proj_cover,3,-6.190421191179576,6.190421191179576,8.690800008764336,2.5872773666784186
proj_fire_off,3,0.05973419738979182,0.05973419738979182,0.1246327416529311,0.037697051626390525
proj_fire_on,3,0.6475645031282162,0.6475645031282162,0.1405071978748123,0.044390347122801696
proj_mortality,3,0.4354643592037492,0.4354643592037492,0.09888868748074196,0.027809287873836106
proj_thinning_delta,3,10.612285104932965,10.612285104932965,7.400406295240065,2.2530628997418267
roth_c_cover_c,3,0.12019144666850054,0.12298849069248854,0.1323771769065914,0.035403168451599326
roth_c_dpm_frac_crop,3,0.01415788333389455,0.05708289871591025,0.11821913455294362,0.029129568556291664
roth_c_dpm_frac_tree,3,0.4301993626073295,0.4301993626073295,0.08438184021899449,0.026492072313591006
roth_c_moisture_b_slope,3,-0.7293858490244718,0.8660937018783393,1.5268241460844474,0.42627774084571873
roth_c_temp_a1,3,1.318330599883008,1.318330599883008,0.5888917273251582,0.1872399387958258
roth_c_temp_a2,3,-2.8884099954559668,2.8884099954559668,1.6264825345492693,0.5194284702413315
thinning_fraction_branch_delta,3,-0.15072930988022906,0.15072930988022906,0.20471157637677398,0.05834041570901637
thinning_fraction_croot_delta,3,-0.07924613139735963,0.07924613139735963,0.0900173043371836,0.025715362625420183
thinning_fraction_froot_delta,3,-0.03293640154901252,0.03293640154901252,0.0438974618856545,0.01413868344312663
thinning_fraction_leaf_delta,3,-0.06362776466705951,0.06362776466705951,0.07753836580773132,0.02399655219696394
thinning_fraction_stem_delta,3,-0.474098337344547,0.474098337344547,0.5135164925339423,0.15885019845306964
tree_carbon_sp1,3,-3.705538046990032,3.705538046990032,1.4083563396795689,0.4015254970675684
tree_nitrogen_branch_sp1,3,0.002439383351613511,0.002439383351613511,0.0008579119572877723,0.000277038453408652
tree_nitrogen_croot_sp1,3,0.0015719293501063381,0.0015719293501063381,0.0008704991604283431,0.0002516495151360573
tree_nitrogen_froot_sp1,3,0.04366133064559473,0.04366133064559473,0.007290529734585165,0.001990302588106337
tree_nitrogen_leaf_sp1,3,0.06509850938188295,0.06509850938188295,0.008240970154006204,0.002565820239652947
tree_nitrogen_stem_sp1,3,0.009647438875351045,0.009647438875351045,0.0046810563266530495,0.0012434564072153025
tree_root_in_top_30,3,-1.3154545352330325,1.3154545352330325,0.2779996088711628,0.0847166495171739
tree_root_to_shoot_sp1,3,-0.11025487440284594,0.2135100348327322,0.27482034234488917,0.06261976115785235
cy0,4,-0.49996269531125925,1.07040871462449,2.342673246290905,0.6149585444760866
clay,4,-1.3173261744088696,1.5521011802001445,1.6380179711914111,0.4456582347814245
temp_ci_delta,4,2.1109821095043957,2.1109821095043957,0.8599432668380973,0.24675383895261035
rain_ci_delta,4,9.750383284077554,14.208242212242201,16.08909440555191,4.032893564354743
evap_ci_delta,4,-1.00712156417814,4.190095864568724,9.477714589648993,2.5590688261273513
ef_burn_crop_N2O_scale,4,-0.0002492264162412633,0.0014020530064108943,0.001844483264968911,0.00037143291671649806
ef_burn_crop_CH4_scale,4,-0.0015075344077002811,0.004823479065055139,0.0065019112004145166,0.0014668917888621142
ef_burn_tree_N2O_scale,4,0.01225910689241997,0.01225910689241997,0.009231360157454783,0.00267419768814066
ef_burn_tree_CH4_scale,4,0.04403582320694471,0.04403582320694471,0.03348700859669378,0.011304896807780383
ef_N_inputs,4,0.0012140625878031205,0.013101602352479019,0.017285588184055813,0.003434590750915486
combustion_factor_crop,4,-0.001251212682000072,0.007176639844418423,0.010253720701596181,0.00231206561439378
combustion_factor_tree,4,0.061400476909251656,0.061400476909251656,0.03780015379128258,0.012220468250479021
volatile_frac_organic_fertiliser,4,-0.002875425650974384,0.002875425650974384,0.0003055624420977452,8.220332913375999e-05
volatile_frac_synthetic_fertiliser,4,0.016297396888962867,0.016297396888962867,0.0016405654386365252,0.0005054828205226327
base_sf_qty_scale,4,-0.12981374696526501,0.12981374696526501,0.011684697112333674,0.00382871830194346
proj_lit_qty_scale,4,-0.05192893948354331,0.05239397012861584,0.053517393510821805,0.016557192764337553
base_stand_density_scale,4,0.0,0.0,0.0,0.0
proj_stand_density_scale,4,-1.3918318001312697,1.851363625271215,1.7346721694083935,0.3851105282299671
tree_wood_dens_sp1,4,-1.5020059741539267,1.8827026976352979,1.8159828989543079,0.4263562481452732
base_cover,4,0.699864680603424,0.7000788279621001,1.3127760335238523,0.47495789610198863
base_fire_off,4,-0.02488531306065862,0.02488531306065862,0.08969221031413582,0.023475185917333802
base_fire_on,4,-0.03493285974000295,0.03493285974000295,0.0059561448956429956,0.0018859905989436873
base_mortality,4,0.0,0.0,0.0,0.0
base_sf_n_delta,4,-0.1329016327182005,0.1329016327182005,0.013646164833617622,0.004551771405151867
base_thinning_delta,4,0.0,0.0,0.0,0.0
crop_base_left_delta,4,0.2529142842322467,0.2529142842322467,0.11379438496422262,0.03290880615515549
crop_base_yield_delta,4,0.19534181835349723,0.19534181835349723,0.12531116430985878,0.036585558689422086
crop_carbon_above_sp3,4,-0.00044994738709162874,0.014356282412648283,0.02275864274531145,0.004962277387933145
crop_carbon_below_sp3,4,0.0075528515568124704,0.02229311407221426,0.030975663837628162,0.007963570137315907
crop_intercept_sp3,4,-0.0015674403548146657,0.00546683989109339,0.00918765501963585,0.0025339952256582944
crop_nitrogen_above_sp3,4,-0.001382984947018781,0.002082364054989347,0.0022678518451472365,0.0005020846647997672
crop_nitrogen_below_sp3,4,-0.0031851691322603544,0.0031851691322603544,0.0007438279445781777,0.0002388061158107023
crop_carbon_above_sp10,4,-0.007222483730182611,0.026855709717283332,0.04078158504702477,0.009892535026423297
crop_carbon_below_sp10,4,-0.001205949908777204,0.011495287948620914,0.018282904663212682,0.0045635323188804805
crop_intercept_sp10,4,-0.002366569658644818,0.0052964516792939065,0.009760579607372002,0.002509893220810273
crop_nitrogen_above_sp10,4,-0.0002289948243163281,0.0015789172150291325,0.001884966734562756,0.00033062009388492187
crop_nitrogen_below_sp10,4,-8.441088795444474e-05,0.0008590760851027168,0.001155811404010462,0.00026372450582506213
crop_proj_left_delta,4,-0.25365168198977184,0.25365168198977184,0.13663984555243683,0.045467598167329974
crop_proj_yield_delta,4,-0.23289213628240288,0.23289213628240288,0.18684258913025034,0.04811834399337349
crop_root_in_top_30,4,0.008778818156630992,0.02572750722763397,0.044536846635416114,0.01348266695245212
crop_root_to_shoot_sp3,4,0.006861141919156344,0.01678264544422343,0.024067344444212883,0.005366339211494734
crop_slope_sp3,4,0.002054109555526251,0.006706310666627491,0.011186289507546642,0.0026974015635404767
crop_root_to_shoot_sp10,4,0.0033939555957101576,0.00904154032592428,0.017369748496866545,0.004681881167355271
crop_slope_sp10,4,-0.005068701335699427,0.018694890875900365,0.028015806154337953,0.006740027145684727
cy0_to_ceq_multiplier,4,-0.032414935422095885,0.09186226507776224,0.279485637841318,0.09475219909513737
litter_carbon,4,-0.07136985715061264,0.07136985715061264,0.042712292190143226,0.014331068120689657
litter_nitrogen,4,0.0238405814927589,0.0238405814927589,0.0026222280512944464,0.0007248192172950594
mortality_fraction_branch_delta,4,-0.07283434422952387,0.07283434422952387,0.03749300874817063,0.011822395317071575
mortality_fraction_croot_delta,4,-0.029424370711261437,0.029424370711261437,0.012456643891329193,0.003924699253402598
mortality_fraction_froot_delta,4,-0.013601666641925686,0.013601666641925686,0.007265063513821193,0.00216750033623185
mortality_fraction_leaf_delta,4,-0.019085930036517484,0.019085930036517484,0.009490068642401057,0.0026831876490012417
mortality_fraction_stem_delta,4,-0.15014567772645104,0.15014567772645104,0.07588584160834344,0.024115847102910436
pool_alloc_froot_sp1,4,-0.5200988444176302,0.5200988444176302,0.29077556946028693,0.0801623708835553
pool_alloc_leaf_sp1,4,-0.9528333555757695,0.9528333555757695,0.4997528289412111,0.11924757234350138
pool_alloc_stem_sp1,4,0.9154135839672731,1.2561083649695803,1.2170320438223032,0.2570789230468648
pool_turnover_branch_sp1,4,0.401788966905306,0.401788966905306,0.10973416346939473,0.030744716946040477
pool_turnover_croot_sp1,4,-1.5819821933305276,1.5819821933305276,0.6059977138994952,0.17603601259664942
pool_turnover_froot_sp1,4,-0.6424101790866897,0.6424101790866897,0.2899089987737015,0.0937850838870876
pool_turnover_leaf_sp1,4,-0.5837173350654752,0.5837173350654752,0.27505866645042487,0.08793382387878743
pool_turnover_stem_sp1,4,14.388784342747723,14.388784342747723,4.23973030644627,1.278601196210844
proj_cover,4,-8.726232987289203,8.726232987289203,12.433144246669642,3.697518096774312
proj_fire_off,4,0.05973419738979162,0.05973419738979162,0.12463274165293049,0.03769705162639031
proj_fire_on,4,0.6085826698574003,0.6085826698574003,0.10610050662093,0.033525868319621135
proj_mortality,4,0.548005705730777,0.548005705730777,0.14171297507025787,0.04080286143450148
proj_thinning_delta,4,13.200047334640606,13.200047334640606,9.187634536109243,2.8057807421199317
roth_c_cover_c,4,0.15226614232607688,0.15421633766596712,0.1484245198615025,0.04289960307427918
roth_c_dpm_frac_crop,4,0.014042056741422958,0.04692039687472578,0.10568915933331076,0.026489869989303128
roth_c_dpm_frac_tree,4,0.2690891510613218,0.2690891510613218,0.15939970974945916,0.04569848849322846
roth_c_moisture_b_slope,4,-1.2627306332796642,1.3626124971508504,2.4170144949638486,0.7031125783820854
roth_c_temp_a1,4,1.689905618922817,1.689905618922817,0.594048555599201,0.18662222388407695
roth_c_temp_a2,4,-3.8422820441488463,3.8422820441488463,1.9267349358441088,0.6188196924467402
thinning_fraction_branch_delta,4,-0.08587375105515846,0.08587375105515846,0.11731659082581375,0.03222596172627805
thinning_fraction_croot_delta,4,-0.04237440339578505,0.04237440339578505,0.04963009420179463,0.014782181999174268
thinning_fraction_froot_delta,4,-0.016382193513299784,0.016382193513299784,0.022538969710198753,0.006630820131780094
thinning_fraction_leaf_delta,4,-0.03211782115068819,0.03211782115068819,0.0449553177261371,0.014057866966373624
thinning_fraction_stem_delta,4,-0.21484545570430297,0.21484545570430297,0.246606229983981,0.07545754863313339
tree_carbon_sp1,4,-1.3929360956124601,1.9081019904457381,2.02907868526223,0.4558043201089441
tree_nitrogen_branch_sp1,4,0.002369621102313671,0.002369621102313671,0.0007374321479800323,0.00023995508850601385
tree_nitrogen_croot_sp1,4,0.0014863850396858696,0.0014863850396858696,0.0008441136118705475,0.00024110996790082536
tree_nitrogen_froot_sp1,4,0.041178479624556064,0.041178479624556064,0.007173532261098153,0.002103410627304015
tree_nitrogen_leaf_sp1,4,0.06189218955512206,0.06189218955512206,0.009233849900006705,0.002780845326414647
tree_nitrogen_stem_sp1,4,0.008615249175906975,0.008615249175906975,0.0036981501625103323,0.0009874939803495228
tree_root_in_top_30,4,-0.7313076262996111,0.7313076262996111,0.35438418753365264,0.11015961368280917
tree_root_to_shoot_sp1,4,-0.004174292007259129,0.18876311531992618,0.25914622057437364,0.05273388336000526
cy0,5,-0.4487496462839699,0.9945755824141747,2.1640133913042323,0.5654780106517425
clay,5,-1.375416502991328,1.5788332267218945,1.5827943066543786,0.4286163675189525
temp_ci_delta,5,1.7568165049313134,1.7568165049313134,0.670684526336365,0.202748368601694
rain_ci_delta,5,9.258388125400101,13.404749112290308,15.644166859314481,3.9538462917950246
evap_ci_delta,5,-1.2218048656890959,4.050299800405445,9.27691652499914,2.495482035584236
ef_burn_crop_N2O_scale,5,-0.0002492264162411509,0.0014020530064111983,0.001844483264969164,0.0003714329167165734
ef_burn_crop_CH4_scale,5,-0.001507534407700206,0.00482347906505623,0.006501911200415473,0.0014668917888622577
ef_burn_tree_N2O_scale,5,0.011379703030474999,0.011379703030474999,0.008353828626435984,0.002389606487795383
ef_burn_tree_CH4_scale,5,0.04136667880102632,0.04136667880102632,0.03075262079061307,0.01028256440672232
ef_N_inputs,5,-0.005481580090078158,0.015112692778452268,0.019324095011677613,0.0043303402804061135
combustion_factor_crop,5,-0.001251212681999647,0.007176639844418164,0.010253720701595916,0.0023120656143937476
combustion_factor_tree,5,0.057250940815688156,0.057250940815688156,0.03416832386864648,0.010951783832798174
volatile_frac_organic_fertiliser,5,-0.0028754256509740173,0.0028754256509740173,0.0003055624420982372,8.220332913390797e-05
volatile_frac_synthetic_fertiliser,5,0.016297396888962756,0.016297396888962756,0.0016405654386361863,0.0005054828205225472
base_sf_qty_scale,5,-0.12981374696526465,0.12981374696526465,0.011684697112333898,0.003828718301943599
proj_lit_qty_scale,5,-0.04035425524563314,0.04168535852695542,0.04736920334154329,0.014735618369190193
base_stand_density_scale,5,0.0,0.0,0.0,0.0
proj_stand_density_scale,5,-0.48002364882799275,1.4520566215133823,1.7624395489462759,0.33771648233936197
tree_wood_dens_sp1,5,-0.5669534048047741,1.6075491710506717,1.8456743103665065,0.319302467635016
base_cover,5,0.6429926562559029,0.6429926562559029,1.179830279097341,0.42613481145225574
base_fire_off,5,-0.024885313060658488,0.024885313060658488,0.08969221031413531,0.0234751859173337
base_fire_on,5,-0.034932859740002584,0.034932859740002584,0.005956144895642757,0.0018859905989435394
base_mortality,5,0.0,0.0,0.0,0.0
base_sf_n_delta,5,-0.13290163271820038,0.13290163271820038,0.013646164833617127,0.004551771405151654
base_thinning_delta,5,0.0,0.0,0.0,0.0
crop_base_left_delta,5,0.22511416415563285,0.22511416415563285,0.10303307325396183,0.029640458020565887
crop_base_yield_delta,5,0.15719132131523977,0.15719132131523977,0.11124559514517242,0.03236872205883144
crop_carbon_above_sp3,5,-0.0006449801957047419,0.012734020149076913,0.020534277159345353,0.004492028117017542
crop_carbon_below_sp3,5,0.006255316736489892,0.019693786651670632,0.02776967439460619,0.007134227736810761
crop_intercept_sp3,5,-0.0014083804125182217,0.004696962215344637,0.00788392202489985,0.0022067214276792575
crop_nitrogen_above_sp3,5,-0.0013829849470180858,0.0020823640549887017,0.002267851845147199,0.0005020846647996381
crop_nitrogen_below_sp3,5,-0.0031851691322611784,0.0031851691322611784,0.0007438279445783308,0.00023880611581074084
crop_carbon_above_sp10,5,-0.0066055682375735295,0.023927386560224254,0.036877486041618945,0.008988808946856936
crop_carbon_below_sp10,5,-0.0011886324200009568,0.010105135337062077,0.016301882563676658,0.0041136000435169654
crop_intercept_sp10,5,-0.0022390309104655544,0.004716806574165041,0.008855727975000473,0.0023401526306562363
crop_nitrogen_above_sp10,5,-0.00022899482431591178,0.0015789172150290492,0.0018849667345627744,0.0003306200938850034
crop_nitrogen_below_sp10,5,-8.441088795384938e-05,0.0008590760851028376,0.0011558114040105861,0.00026372450582495637
crop_proj_left_delta,5,-0.22644714373141875,0.22644714373141875,0.12500436141209972,0.041770401871572396
crop_proj_yield_delta,5,-0.19480691478796403,0.19480691478796403,0.1689018694200833,0.04330052837210431
crop_root_in_top_30,5,0.0069208950474184934,0.02227955332287746,0.03974100286460219,0.011997630784519495
crop_root_to_shoot_sp3,5,0.0054992797258563274,0.014403780663147686,0.021154341280654566,0.004784234405583075
crop_slope_sp3,5,0.0010215365654358724,0.005447020951846541,0.00911275982467674,0.002221883427385632
crop_root_to_shoot_sp10,5,0.002427981315250363,0.007301762730015707,0.014193931872470946,0.0038057815791082365
crop_slope_sp10,5,-0.004588950418190817,0.015608913145518844,0.0235980057441202,0.005726630102853082
cy0_to_ceq_multiplier,5,-0.041097817522335975,0.09396679721845556,0.29665504592092923,0.10067577145055748
litter_carbon,5,-0.06011818344887991,0.06011818344887991,0.03714511371327568,0.012580410844708493
litter_nitrogen,5,0.023840581492758067,0.023840581492758067,0.0026222280512945215,0.0007248192172949863
mortality_fraction_branch_delta,5,-0.050735193887300425,0.050735193887300425,0.03744526393513279,0.011847564768863901
mortality_fraction_croot_delta,5,-0.019554518269149,0.019554518269149,0.011803014554149569,0.003544664680755307
mortality_fraction_froot_delta,5,-0.008448593319843437,0.008476943498704995,0.007087840231750486,0.002122236426030807
mortality_fraction_leaf_delta,5,-0.011498776930958025,0.011498776930958025,0.009231817794325959,0.002531673196613133
mortality_fraction_stem_delta,5,-0.09554159721297467,0.09554159721297467,0.07944138509484854,0.024968416959007478
pool_alloc_froot_sp1,5,-0.3166320424186643,0.3195498378902929,0.29407029248565636,0.07821356256357873
pool_alloc_leaf_sp1,5,-0.5971680520736877,0.5971680520736877,0.5107341039138329,0.12333101902957849
pool_alloc_stem_sp1,5,1.047973712267974,1.4046420562766238,1.3210352676478392,0.2795573515627366
pool_turnover_branch_sp1,5,0.4706742157749386,0.4706742157749386,0.13719846840830027,0.03711964231543873
pool_turnover_croot_sp1,5,-1.0598035038463953,1.0598035038463953,0.5599581454587486,0.15790530592371882
pool_turnover_froot_sp1,5,-0.42459284776479755,0.42459284776479755,0.26938021129928863,0.08648303749156659
pool_turnover_leaf_sp1,5,-0.38618606830849084,0.38618606830849084,0.26265402768847773,0.08369201135727142
pool_turnover_stem_sp1,5,16.355594452368198,16.355594452368198,5.137664613637722,1.4862543384018412
proj_cover,5,-8.480024332601845,8.480024332601845,12.467465626377983,3.7075068177516455
proj_fire_off,5,0.059734197389791924,0.059734197389791924,0.1246327416529313,0.037697051626390546
proj_fire_on,5,0.5753064970594602,0.5753064970594602,0.08518469450389411,0.026895085523671237
proj_mortality,5,0.5827208212856912,0.5827208212856912,0.1851296738327068,0.05450465605073773
proj_thinning_delta,5,13.927337144476649,13.927337144476649,9.861763747960914,2.9944233653188204
roth_c_cover_c,5,0.1321993806827281,0.13387785056558874,0.1456774018471298,0.04530113723650096
roth_c_dpm_frac_crop,5,0.01204453053308746,0.03837716799277274,0.09128187211939007,0.02314056437480401
roth_c_dpm_frac_tree,5,0.16202328150537149,0.16774320986626795,0.16540978439105847,0.045954971905374786
roth_c_moisture_b_slope,5,-1.5560409091137868,1.6575566885976847,3.063205038685195,0.9066979010881298
roth_c_temp_a1,5,1.288797988572064,1.288797988572064,0.5054073227941978,0.16878850789200472
roth_c_temp_a2,5,-2.8847181313167516,2.8847181313167516,1.3798569643581668,0.4174534149183437
thinning_fraction_branch_delta,5,-0.05519712899939626,0.05519712899939626,0.08436159708343872,0.022932321064431004
thinning_fraction_croot_delta,5,-0.024617623263260318,0.024617623263260318,0.031454511733341066,0.009801632553970884
thinning_fraction_froot_delta,5,-0.009161784417281636,0.009161784417281636,0.015788040266398407,0.004261448820325592
thinning_fraction_leaf_delta,5,-0.01814675160852207,0.01814675160852207,0.03225490461832393,0.010406235036071418
thinning_fraction_stem_delta,5,-0.10472724650807005,0.10472724650807005,0.15103326198123676,0.04998200652142642
tree_carbon_sp1,5,-0.47738329372976873,1.728798364202983,2.0979155635478266,0.3576876878933931
tree_nitrogen_branch_sp1,5,0.0022988867561387016,0.0022988867561387016,0.0006326731431118632,0.00020730495905178762
tree_nitrogen_croot_sp1,5,0.0014130647213082353,0.0014130647213082353,0.0008326944865083038,0.00023591895047979125
tree_nitrogen_froot_sp1,5,0.039083603547009314,0.039083603547009314,0.007921626867947078,0.002438659916752883
tree_nitrogen_leaf_sp1,5,0.05914747568011423,0.05914747568011423,0.011171186794700999,0.0033165088359209936
tree_nitrogen_stem_sp1,5,0.007754648951460874,0.007754648951460874,0.0029548380338147674,0.0007983333102084759
tree_root_in_top_30,5,-0.4647210276704327,0.4647583601712161,0.35771632989002994,0.11035164584106345
tree_root_to_shoot_sp1,5,0.03369027739006898,0.18293995372984764,0.24599779520635567,0.04674217326731931
cy0,6,-0.41212905192652,0.93765583568973,2.0307055139765473,0.5253489489886408
clay,6,-1.2311827615179212,1.394192162198718,1.357817650208037,0.3682370712885692
temp_ci_delta,6,1.286749322231267,1.288277431510968,0.832513363879127,0.2431484352379198
rain_ci_delta,6,7.445555501555896,10.701119191413458,13.058708205258874,3.290707525167757
evap_ci_delta,6,-1.3000386629317628,3.2647745864228375,7.721885201285087,2.068949642540972
ef_burn_crop_N2O_scale,6,-0.00332760300172238,0.0034728063259306095,0.0025192035771977282,0.0005980928663087316
ef_burn_crop_CH4_scale,6,-0.012543540146484001,0.012839927987751909,0.009503528698989494,0.0025326410642438923
ef_burn_tree_N2O_scale,6,0.010627822187916159,0.010627822187916159,0.00767782234994311,0.0021756288745254483
ef_burn_tree_CH4_scale,6,0.039055675225127,0.039055675225127,0.028588864243300937,0.009459435396209536
ef_N_inputs,6,-0.022622145138644505,0.026088635317057223,0.022723946749806812,0.006356750376151103
combustion_factor_crop,6,-0.014493638588729152,0.015388645910985288,0.012609924446931278,0.0032940759962572404
combustion_factor_tree,6,0.05371606198040009,0.05371606198040009,0.03154576511050138,0.009994734226877364
volatile_frac_organic_fertiliser,6,-0.0028754256509738027,0.0028754256509738027,0.0003055624420980299,8.220332913376431e-05
volatile_frac_synthetic_fertiliser,6,0.01629739688896268,0.01629739688896268,0.0016405654386358979,0.0005054828205224123
base_sf_qty_scale,6,-0.12981374696526454,0.12981374696526454,0.011684697112334604,0.0038287183019438302
proj_lit_qty_scale,6,-0.03224406896998753,0.03424266317616782,0.04160408138051548,0.013028852485370054
base_stand_density_scale,6,0.0,0.0,0.0,0.0
proj_stand_density_scale,6,-0.07943050369348433,1.2772787979981206,1.6519653263986094,0.3129491441317966
tree_wood_dens_sp1,6,-0.1291191220389128,1.4454616551858162,1.6973917463488761,0.265292560812768
base_cover,6,0.5928522917265339,0.5928522917265339,1.0771777051245417,0.3885333330248745
base_fire_off,6,-0.024885313060658453,0.024885313060658453,0.08969221031413518,0.02347518591733366
base_fire_on,6,-0.03493285974000282,0.03493285974000282,0.005956144895642376,0.001885990598943466
base_mortality,6,0.0,0.0,0.0,0.0
base_sf_n_delta,6,-0.13290163271820082,0.13290163271820082,0.013646164833617346,0.004551771405151782
base_thinning_delta,6,0.0,0.0,0.0,0.0
crop_base_left_delta,6,0.20570135649825252,0.20570135649825252,0.09299213412416847,0.026663270461806603
crop_base_yield_delta,6,0.13221263763898491,0.13221263763898491,0.09913820424439819,0.028734082465257754
crop_carbon_above_sp3,6,-0.000597395352377808,0.01141132806567485,0.0184735774289512,0.004025574154147937
crop_carbon_below_sp3,6,0.005635023713839038,0.017703609442772182,0.02479121857087625,0.006305525505400463
crop_intercept_sp3,6,-0.0012772440097493704,0.004099088650402452,0.006804680244024734,0.0019144771233092633
crop_nitrogen_above_sp3,6,-0.0013829849470185563,0.0020823640549891553,0.0022678518451474837,0.0005020846647997901
crop_nitrogen_below_sp3,6,-0.0031851691322613575,0.0031851691322613575,0.0007438279445783406,0.0002388061158108716
crop_carbon_above_sp10,6,0.1941883490126197,0.1941883490126197,0.0391875102219306,0.011946936977284578
crop_carbon_below_sp10,6,0.07810341994411854,0.07810341994411854,0.017442295289811293,0.005365391331651123
crop_intercept_sp10,6,0.057916619630226554,0.057916619630226554,0.012580815308746128,0.004335849582897611
crop_nitrogen_above_sp10,6,-0.007081677975079008,0.007081677975079008,0.001432338465665464,0.00043741116246501525
crop_nitrogen_below_sp10,6,-0.004457407240105951,0.004457407240105951,0.0014506415250373499,0.00043335930573451694
crop_proj_left_delta,6,0.167757159822057,0.1693389064169606,0.07377183773518663,0.023121070379628884
crop_proj_yield_delta,6,0.2770588444178414,0.2770588444178414,0.10154521597805606,0.028077493024322882
crop_root_in_top_30,6,0.08076566933378879,0.08211520012398883,0.03175014968684726,0.008910989536962358
crop_root_to_shoot_sp3,6,0.004699264971443878,0.012521673464884303,0.018528413511379706,0.00422615355862772
crop_slope_sp3,6,0.0004689928592129633,0.00464466329655438,0.007851700608484712,0.0019307525976566316
crop_root_to_shoot_sp10,6,0.07730411360330748,0.07730411360330748,0.017624779639018023,0.005963390978132031
crop_slope_sp10,6,0.1554816164813336,0.1554816164813336,0.03480561009848349,0.010976399635626397
cy0_to_ceq_multiplier,6,-0.04349816136009921,0.08629743957579923,0.28439284563172934,0.09631316902367101
litter_carbon,6,-0.052579935836602906,0.052579935836602906,0.03192179115597706,0.01086947256126715
litter_nitrogen,6,0.02384058149275755,0.02384058149275755,0.002622228051294284,0.0007248192172949487
mortality_fraction_branch_delta,6,-0.03860199182729871,0.03860199182729871,0.03424222825686015,0.010755646491017417
mortality_fraction_croot_delta,6,-0.013961082284476251,0.013961082284476251,0.01017800775689676,0.00293743020088162
mortality_fraction_froot_delta,6,-0.005840368892876468,0.00599382071925445,0.006224861912774014,0.001844351054808653
mortality_fraction_leaf_delta,6,-0.0077595509925618145,0.00782459439282549,0.008224339199348504,0.0021976184538586413
mortality_fraction_stem_delta,6,-0.06705340577371577,0.06786884611631509,0.07512390485204888,0.023119263055175632
pool_alloc_froot_sp1,6,-0.21254020844328853,0.22539105223694053,0.26965146953319735,0.06678794540154505
pool_alloc_leaf_sp1,6,-0.4094794719416849,0.4144694038917893,0.4708757670148596,0.11531903056318683
pool_alloc_stem_sp1,6,1.0491461579531223,1.4116393107361511,1.321474512357544,0.27497144068370427
pool_turnover_branch_sp1,6,0.49928229685023584,0.49928229685023584,0.16540841398082273,0.04356739418787088
pool_turnover_croot_sp1,6,-0.7769457102142063,0.7769457102142063,0.47660311595589344,0.13389426258759624
pool_turnover_froot_sp1,6,-0.3087932660646854,0.3087932660646854,0.22899401633595992,0.07372870708454621
pool_turnover_leaf_sp1,6,-0.28092827910347445,0.28092827910347445,0.2271234809569989,0.07211398402338658
pool_turnover_stem_sp1,6,16.649029257712776,16.649029257712776,6.3300412395436,1.8337594331730247
proj_cover,6,-7.098028188451825,7.098028188451825,10.768311561799676,3.2002215550526825
proj_fire_off,6,0.03827633718179531,0.03827633718179531,0.08866578947612394,0.02775101978732781
proj_fire_on,6,0.5241814395732625,0.5241814395732625,0.07672367530933065,0.024004944042455695
proj_mortality,6,0.588571391355353,0.588571391355353,0.22888401352269383,0.0681018077437547
proj_thinning_delta,6,13.958643487919801,13.958643487919801,10.233205368852166,3.080144208469642
roth_c_cover_c,6,0.10332192489070631,0.1086846266189142,0.14093364315969428,0.04418579797742421
roth_c_dpm_frac_crop,6,-0.18315965838716058,0.18315965838716058,0.07407296543314017,0.021346531866498746
roth_c_dpm_frac_tree,6,0.10500378588615036,0.12002923751640697,0.14848595289456637,0.039295875628933094
roth_c_moisture_b_slope,6,-1.5942955720072636,1.7011921953775873,3.241031806494504,0.969465368753951
roth_c_temp_a1,6,0.8782748457040684,0.8782748457040684,0.6748296132297605,0.2119662432888628
roth_c_temp_a2,6,-1.8266511943866746,1.8266511943866746,1.3940890149366727,0.4134331464664424
thinning_fraction_branch_delta,6,-0.038177108226331566,0.038369258691710054,0.06562196957898483,0.017717550283375
thinning_fraction_croot_delta,6,-0.015054929404316807,0.01566172023667478,0.021369093621703795,0.006638133652868014
thinning_fraction_froot_delta,6,-0.005630418961759531,0.005735588409007786,0.012710262018459852,0.003388865585150596
thinning_fraction_leaf_delta,6,-0.011046952865129805,0.01184466696196083,0.024570808413429568,0.007937698386528228
thinning_fraction_stem_delta,6,-0.05401015628838499,0.06703806471205162,0.11130241508162936,0.03503528823980131
tree_carbon_sp1,6,-0.09138093792683681,1.575888318109717,1.9877322678292815,0.3352739963856671
tree_nitrogen_branch_sp1,6,0.002228447829152136,0.002228447829152136,0.0005450897283972247,0.0001792926148431399
tree_nitrogen_croot_sp1,6,0.0013500901560318413,0.0013500901560318413,0.0008332011893970405,0.00023496014669595252
tree_nitrogen_froot_sp1,6,0.037308200278917354,0.037308200278917354,0.00903800929713689,0.002843443356872815
tree_nitrogen_leaf_sp1,6,0.056790527377929556,0.056790527377929556,0.013357258628980167,0.003953443321578082
tree_nitrogen_stem_sp1,6,0.007033393500885421,0.007033393500885421,0.0024046378185415772,0.000663657866429849
tree_root_in_top_30,6,-0.32627981134518647,0.33101475988620216,0.3240685828723753,0.09811318485434824
tree_root_to_shoot_sp1,6,0.04539168670758369,0.17430484282921865,0.23212459292810939,0.042715807285607275
cy0,7,-0.38448636415978527,0.8834466461417497,1.9141150302323138,0.4909659220766718
clay,7,-1.1709196758431364,1.2798083721218265,1.2089178874752504,0.34065260348101495
temp_ci_delta,7,1.0236421687521475,1.0490860932841393,0.9925423837682189,0.27253819182264977
rain_ci_delta,7,5.880049963901857,8.385246433203388,10.820347118466543,2.6896938368751346
evap_ci_delta,7,-1.352193172995926,2.5482135654887084,6.4636456361551415,1.7374443843299725
ef_burn_crop_N2O_scale,7,-0.0033276030017225927,0.003472806325930747,0.0025192035771982647,0.0005980928663087692
ef_burn_crop_CH4_scale,7,-0.01254354014648397,0.012839927987751812,0.009503528698988904,0.0025326410642439383
ef_burn_tree_N2O_scale,7,0.00998153766737223,0.00998153766737223,0.0071586927575876935,0.0020167859885572483
ef_burn_tree_CH4_scale,7,0.03704627188258693,0.03704627188258693,0.02687225717820964,0.008793883998877667
ef_N_inputs,7,-0.02748789392473905,0.03182379217626876,0.026461537131991873,0.007226805136289762
combustion_factor_crop,7,-0.014493638588729502,0.015388645910985571,0.012609924446931662,0.003294075996257304
combustion_factor_tree,7,0.05069106727245498,0.05069106727245498,0.029711236975542853,0.00928594843161805
volatile_frac_organic_fertiliser,7,-0.0028754256509740837,0.0028754256509740837,0.00030556244209812265,8.22033291339215e-05
volatile_frac_synthetic_fertiliser,7,0.016297396888962853,0.016297396888962853,0.0016405654386360776,0.0005054828205224667
base_sf_qty_scale,7,-0.12981374696526485,0.12981374696526485,0.011684697112334825,0.0038287183019438923
proj_lit_qty_scale,7,-0.02605527115558485,0.0285721748801827,0.03664837640360074,0.011531848256076239
base_stand_density_scale,7,0.0,0.0,0.0,0.0
proj_stand_density_scale,7,0.7083997339122388,1.5311805160054077,1.6785202265954455,0.2682445616343026
tree_wood_dens_sp1,7,0.7167809767838244,1.4534620406462644,1.5647957198038769,0.2436891947917922
base_cover,7,0.545693650225596,0.545693650225596,0.9921747154345448,0.35761373742823666
base_fire_off,7,-0.02488531306065852,0.02488531306065852,0.08969221031413543,0.023475185917333725
base_fire_on,7,-0.034932859740002785,0.034932859740002785,0.005956144895642609,0.001885990598943522
base_mortality,7,0.0,0.0,0.0,0.0
base_sf_n_delta,7,-0.13290163271820082,0.13290163271820082,0.013646164833617351,0.0045517714051519
base_thinning_delta,7,0.0,0.0,0.0,0.0
crop_base_left_delta,7,0.1907553243805548,0.1907553243805548,0.08439669519162367,0.024159988509545195
crop_base_yield_delta,7,0.11400983971819112,0.11418762311909122,0.08941692694380844,0.02581438853100523
crop_carbon_above_sp3,7,-0.0004691047816873017,0.010318109002385542,0.016666573804778005,0.00360863502041816
crop_carbon_below_sp3,7,0.005287120995692662,0.016111729886534774,0.0222301156142523,0.005585750929166608
crop_intercept_sp3,7,-0.0011797735458908137,0.003639123851424833,0.005959333511344524,0.0016755923234217517
crop_nitrogen_above_sp3,7,-0.001382984947019089,0.002082364054989655,0.0022678518451480236,0.0005020846648000255
crop_nitrogen_below_sp3,7,-0.0031851691322613866,0.0031851691322613866,0.0007438279445779069,0.00023880611581067316
crop_carbon_above_sp10,7,0.11749115088564006,0.11749115088564006,0.03658484782047933,0.01130471645088723
crop_carbon_below_sp10,7,0.04814056533499715,0.04814056533499715,0.016704180574172795,0.005020278456530813
crop_intercept_sp10,7,0.032197086757411134,0.032197086757411134,0.01098923574148373,0.003350020482756434
crop_nitrogen_above_sp10,7,-0.007081677975078954,0.007081677975078954,0.0014323384656659433,0.0004374111624652113
crop_nitrogen_below_sp10,7,-0.004457407240105356,0.004457407240105356,0.0014506415250371623,0.00043335930573445286
crop_proj_left_delta,7,0.04387402273769566,0.05490944872938012,0.043533916581955635,0.008824967350803842
crop_proj_yield_delta,7,0.1646080611259466,0.16605669585283434,0.07271144163295545,0.018141142222816844
crop_root_in_top_30,7,0.05084851473101616,0.05301093033767813,0.029106680988644034,0.008041548888860127
crop_root_to_shoot_sp3,7,0.0041632998104778555,0.011022215484638715,0.016333143347947877,0.0037453278153918978
crop_slope_sp3,7,0.00013949396704191486,0.004095036040545929,0.006920439149526888,0.0017082025166104944
crop_root_to_shoot_sp10,7,0.04619435296120981,0.04619435296120981,0.017587194661202427,0.006026291083434377
crop_slope_sp10,7,0.08636885059277541,0.08636885059277541,0.03450813050289522,0.010984758284425926
cy0_to_ceq_multiplier,7,-0.04277871612461798,0.07620809606488586,0.26076842749988943,0.08813308342157772
litter_carbon,7,-0.047036667410131267,0.047036667410131267,0.02744433523518316,0.009363092012859267
litter_nitrogen,7,0.023840581492758268,0.023840581492758268,0.0026222280512947387,0.0007248192172950198
mortality_fraction_branch_delta,7,-0.03095169104767571,0.03095169104767571,0.030381852600889818,0.009434699967382845
mortality_fraction_croot_delta,7,-0.01044456521660557,0.010581815031262229,0.008553530333270349,0.002356282296714606
mortality_fraction_froot_delta,7,-0.0043147082364778325,0.00467141874757066,0.005309696044046941,0.0015428703901343148
mortality_fraction_leaf_delta,7,-0.005667886993971577,0.0061139644703129105,0.007192261668680122,0.0018437854708354458
mortality_fraction_stem_delta,7,-0.05057360482819041,0.05562663528703364,0.06941186037791904,0.020068556203072765
pool_alloc_froot_sp1,7,-0.14181322857582443,0.17108766015529267,0.24165544462466185,0.05682286949287965
pool_alloc_leaf_sp1,7,-0.29639355406815215,0.31582930460540737,0.423411072054014,0.10379994214312942
pool_alloc_stem_sp1,7,0.9814829355076806,1.2306098471201932,1.1478266231762915,0.24733816364268843
pool_turnover_branch_sp1,7,0.44052680642141323,0.44052680642141323,0.21431039491787246,0.05436340654173461
pool_turnover_croot_sp1,7,-0.6969596153416024,0.6969596153416024,0.3919154086365126,0.11345057083092808
pool_turnover_froot_sp1,7,-0.2800141098849166,0.2800141098849166,0.1972624110334522,0.06353603184293638
pool_turnover_leaf_sp1,7,-0.24377783872929984,0.24377783872929984,0.19368356456341881,0.061652352073344775
pool_turnover_stem_sp1,7,13.89221122272526,13.89221122272526,7.869884408259324,2.264282441813881
proj_cover,7,-5.8080655739092,5.808520803619894,9.08514190849302,2.7032785959808154
proj_fire_off,7,0.0382763371817955,0.0382763371817955,0.0886657894761242,0.02775101978732784
proj_fire_on,7,0.4995777146816831,0.4995777146816831,0.07863265310629067,0.024502726031010776
proj_mortality,7,0.5245152069701831,0.5245152069701831,0.29211036884101754,0.08573087752077588
proj_thinning_delta,7,19.607385186198492,19.607385186198492,9.440311802396579,2.82127852762874
roth_c_cover_c,7,0.08479741135849661,0.09433588513136024,0.13582404371223797,0.04257859213014155
roth_c_dpm_frac_crop,7,-0.11263456952725784,0.11263456952725784,0.07017154536874541,0.023282380320499244
roth_c_dpm_frac_tree,7,0.07138976274635252,0.09556462566298657,0.12611418124538284,0.031598059389844245
roth_c_moisture_b_slope,7,-1.570901629954603,1.6779533855465911,3.263707219930516,0.986464171944817
roth_c_temp_a1,7,0.6749447466828256,0.6847875460030888,0.7970884013832557,0.23503202405243634
roth_c_temp_a2,7,-1.240023215210186,1.2491261321362515,1.583221612364854,0.484798952109758
thinning_fraction_branch_delta,7,-0.02736185823124155,0.028685581951571087,0.05173584049261391,0.013529691630691242
thinning_fraction_croot_delta,7,-0.009432854718685626,0.010556202521217231,0.015226721106466914,0.004595354555937233
thinning_fraction_froot_delta,7,-0.003673874470175903,0.004683148176636681,0.01049969964211814,0.0027748343597842457
thinning_fraction_leaf_delta,7,-0.006959913857425925,0.009139151817550883,0.018934974300068443,0.006010440383224749
thinning_fraction_stem_delta,7,-0.028589156780909196,0.054162971048482764,0.0911735396961361,0.025549823541427506
tree_carbon_sp1,7,0.6787218816797008,1.7411182773016054,2.007252137486722,0.3554425748566188
tree_nitrogen_branch_sp1,7,0.002159221200873057,0.002159221200873057,0.0004763254112194813,0.00015616746527112374
tree_nitrogen_croot_sp1,7,0.0012959147350831367,0.0012959147350831367,0.0008432287466771317,0.00023733271563951164
tree_nitrogen_froot_sp1,7,0.035797320016622156,0.035797320016622156,0.010251859451338552,0.003252668817599706
tree_nitrogen_leaf_sp1,7,0.054761606052036026,0.054761606052036026,0.015540939808392556,0.004603110986575839
tree_nitrogen_stem_sp1,7,0.006425751997454482,0.006425751997454482,0.0020114257583676754,0.0005731403734035404
tree_root_in_top_30,7,-0.2456217350868856,0.2588849504253822,0.2839613799429922,0.08311484335017898
tree_root_to_shoot_sp1,7,0.13241151300953785,0.23080807377891027,0.2500347891198366,0.044504194825943796
cy0,8,-0.36227668299289806,0.828873302048011,1.8040085175652978,0.46024166116064447
clay,8,-1.1294981142742018,1.203341488365893,1.119818209818112,0.32683767157073335
temp_ci_delta,8,0.9146496288766996,0.9484593870218418,1.0086817997104354,0.2700249329875353
rain_ci_delta,8,4.72202165462509,6.692939461944205,9.229719698293549,2.262269988747723
evap_ci_delta,8,-1.360529803901056,2.0004078855298504,5.6010008730026515,1.5250711935235732
ef_burn_crop_N2O_scale,8,-0.0033276030017226886,0.0034728063259308424,0.0025192035771975474,0.0005980928663086371
ef_burn_crop_CH4_scale,8,-0.012543540146483984,0.012839927987751892,0.00950352869898928,0.0025326410642437978
ef_burn_tree_N2O_scale,8,0.009809197557292478,0.009809197557292478,0.007024457240462944,0.0019579211943324625
ef_burn_tree_CH4_scale,8,0.036380489565427464,0.036380489565427464,0.025956783391955347,0.008390025125300788
ef_N_inputs,8,-0.03161714038541931,0.036996536108818895,0.030241405953492784,0.008035834290709592
combustion_factor_crop,8,-0.01449363858872941,0.015388645910985214,0.012609924446931278,0.003294075996257336
combustion_factor_tree,8,0.04994553627358495,0.04994553627358495,0.029518205392814658,0.009232198223560674
volatile_frac_organic_fertiliser,8,-0.002875425650974034,0.002875425650974034,0.0003055624420980459,8.22033291338354e-05
volatile_frac_synthetic_fertiliser,8,0.01629739688896296,0.01629739688896296,0.00164056543863613,0.0005054828205224827
base_sf_qty_scale,8,-0.12981374696526446,0.12981374696526446,0.011684697112334578,0.0038287183019437556
proj_lit_qty_scale,8,-0.02108290097158291,0.024220026009851018,0.03251596745653498,0.01018156021249008
base_stand_density_scale,8,0.0,0.0,0.0,0.0
proj_stand_density_scale,8,0.033974868794803915,1.0583958842513335,1.393968189298391,0.2764886836927227
tree_wood_dens_sp1,8,0.03337014533977052,1.145955217974323,1.3793055345656497,0.24261733795546564
base_cover,8,0.5014912445814182,0.5014912445814182,0.9189129539003772,0.33116677375154957
base_fire_off,8,-0.02488531306065852,0.02488531306065852,0.0896922103141354,0.023475185917333708
base_fire_on,8,-0.03493285974000272,0.03493285974000272,0.005956144895642894,0.0018859905989436574
base_mortality,8,0.0,0.0,0.0,0.0
base_sf_n_delta,8,-0.13290163271820107,0.13290163271820107,0.013646164833617577,0.004551771405151833
base_thinning_delta,8,0.0,0.0,0.0,0.0
crop_base_left_delta,8,0.17850325341470868,0.17850325341470868,0.077259223945919,0.022113139907799936
crop_base_yield_delta,8,0.09967307507486067,0.1004933750462392,0.08179276091887196,0.023393964657694864
crop_carbon_above_sp3,8,-0.0003291589936663897,0.009410297329014406,0.015123329852486295,0.0032519198589870996
crop_carbon_below_sp3,8,0.00505584481883937,0.014809796041643905,0.020100212571454355,0.004994146170776702
crop_intercept_sp3,8,-0.0011103052224080297,0.0032866422820071696,0.005309764228844959,0.0014860883813053985
crop_nitrogen_above_sp3,8,-0.001382984947018448,0.002082364054988947,0.0022678518451470136,0.0005020846647996226
crop_nitrogen_below_sp3,8,-0.0031851691322609204,0.0031851691322609204,0.000743827944578453,0.0002388061158108396
crop_carbon_above_sp10,8,0.08959637777842833,0.08959637777842833,0.036223153337431986,0.011130179596018459
crop_carbon_below_sp10,8,0.03711076583889453,0.03711076583889453,0.01624560038330188,0.004775641741648791
crop_intercept_sp10,8,0.022627479420076344,0.022627479420076344,0.010744552672293519,0.0031280640454212326
crop_nitrogen_above_sp10,8,-0.00708167797507917,0.00708167797507917,0.0014323384656657495,0.00043741116246512167
crop_nitrogen_below_sp10,8,-0.004457407240105668,0.004457407240105668,0.0014506415250373145,0.00043335930573451016
crop_proj_left_delta,8,0.00602837174699578,0.021930460729194516,0.028978217750033213,0.005300528053810499
crop_proj_yield_delta,8,0.1320544150637287,0.13398372018972832,0.061078900712846364,0.014491296357855756
crop_root_in_top_30,8,0.03901132346929316,0.041086549425162135,0.026645668045724064,0.0075658871580197426
crop_root_to_shoot_sp3,8,0.003761237744593404,0.009819153300314003,0.014556744016437109,0.0033505766199572007
crop_slope_sp3,8,-8.141815788516166e-05,0.0037062698505668443,0.0062038763902223775,0.0015375586696351772
crop_root_to_shoot_sp10,8,0.034437337591492444,0.034437337591492444,0.01733044371373907,0.005919494493471325
crop_slope_sp10,8,0.0607686735286162,0.0607686735286162,0.03368394197512325,0.010711109607113939
cy0_to_ceq_multiplier,8,-0.04046497409326173,0.06622097856027535,0.23384856643754923,0.07891409262159498
litter_carbon,8,-0.04269408278202281,0.04269408278202281,0.02374436557047196,0.008093975606200773
litter_nitrogen,8,0.023840581492758542,0.023840581492758542,0.002622228051294561,0.0007248192172950356
mortality_fraction_branch_delta,8,-0.023086282768795957,0.023763049876181535,0.026951596824295414,0.008021559902278801
mortality_fraction_croot_delta,8,-0.0070551308209718736,0.007682915294514643,0.006978377601168818,0.001764538100989236
mortality_fraction_froot_delta,8,-0.0028388672231295445,0.003513027710242396,0.004472397473156493,0.001231177021028667
mortality_fraction_leaf_delta,8,-0.0037158825513415442,0.004667008066466673,0.006361270442201211,0.0015664844997143662
mortality_fraction_stem_delta,8,-0.035207545266058224,0.04550616218029936,0.06305466157995883,0.016896310225097348
pool_alloc_froot_sp1,8,-0.10742759343519377,0.1403224438569491,0.21532433201912557,0.05141458691486714
pool_alloc_leaf_sp1,8,-0.2129216795599318,0.2592324627941008,0.3830830750583978,0.09197743190315998
pool_alloc_stem_sp1,8,0.9381854692357383,1.323291449576384,1.2884830744890112,0.25793269597012636
pool_turnover_branch_sp1,8,0.5252037904022026,0.5252037904022026,0.22231939369657186,0.05776234398546228
pool_turnover_croot_sp1,8,-0.4398800326700688,0.4398800326700688,0.3312181773383864,0.0940411023354694
pool_turnover_froot_sp1,8,-0.16919845258357585,0.16940421663128752,0.14980865305646962,0.04853620016325201
pool_turnover_leaf_sp1,8,-0.15567218748814024,0.15589777034032543,0.15144384074577813,0.045895645664184914
pool_turnover_stem_sp1,8,16.264950179676525,16.264950179676525,8.842236616518665,2.643643441702044
proj_cover,8,-4.8236896771001945,4.825306116857313,7.704175026134611,2.2883221446079705
proj_fire_off,8,0.03827633718179554,0.03827633718179554,0.08866578947612437,0.02775101978732794
proj_fire_on,8,0.4973096868589292,0.4973096868589292,0.08890144817055542,0.02822154962975106
proj_mortality,8,0.5831794137803918,0.5831794137803918,0.3093592793299907,0.0927049335196913
proj_thinning_delta,8,11.494682667696301,11.513360357471328,11.084515470652917,3.306398018602891
roth_c_cover_c,8,0.07317210793802949,0.08506451639244668,0.12507318973947454,0.039093066838720894
roth_c_dpm_frac_crop,8,-0.07015058055691538,0.07015058055691538,0.06627055116567805,0.022470576158254724
roth_c_dpm_frac_tree,8,0.060094029532642534,0.07926616088673585,0.10481408671679479,0.026654748852773892
roth_c_moisture_b_slope,8,-1.4799335191048781,1.5858819791245862,3.1178896178257665,0.9523853411572925
roth_c_temp_a1,8,0.6081508460790357,0.6345796816892795,0.8153370792700312,0.23272121780141156
roth_c_temp_a2,8,-0.999234437551158,1.0966861872362128,1.6035908733955855,0.4725388772552041
thinning_fraction_branch_delta,8,-0.13779458695950925,0.13779458695950925,0.13493491879156322,0.036211913304590594
thinning_fraction_croot_delta,8,-0.056921108169509946,0.056921108169509946,0.0424743904273943,0.012406754090199828
thinning_fraction_froot_delta,8,-0.025138850516312962,0.025138850516312962,0.025480548230839593,0.0064793290990952535
thinning_fraction_leaf_delta,8,-0.04079600416988098,0.04079600416988098,0.03790940225472284,0.012563721579998983
thinning_fraction_stem_delta,8,-0.26150820334352215,0.2624311900868078,0.2813455434284934,0.09064285442239571
tree_carbon_sp1,8,-0.02794123412815941,1.269064152506591,1.7094299972401772,0.3166408527386107
tree_nitrogen_branch_sp1,8,0.002371896966230669,0.002371896966230669,0.0005654671728754085,0.00018037910937776982
tree_nitrogen_croot_sp1,8,0.0013277636019017685,0.0013277636019017685,0.0008425580048493616,0.00023629942574121697
tree_nitrogen_froot_sp1,8,0.03419624936839257,0.03419624936839257,0.011458727720680698,0.0036324974024587843
tree_nitrogen_leaf_sp1,8,0.05241695598061461,0.05241695598061461,0.017626412703886617,0.005233729992398388
tree_nitrogen_stem_sp1,8,0.006310340185998059,0.006310340185998059,0.0016662018159444751,0.0005165091523340755
tree_root_in_top_30,8,-0.20344562222881857,0.21708834308376562,0.25086654968794436,0.07270006277666012
tree_root_to_shoot_sp1,8,0.021818248649911935,0.14535009706863591,0.20474607393051764,0.03866797813470181
cy0,9,-0.34340480559094433,0.7746626431342519,1.6971009455953514,0.43176202156620214
clay,9,-1.0240932340195708,1.074734483877055,1.037539969811232,0.3100735308907587
temp_ci_delta,9,0.7651240180326637,0.8627994549291621,0.9947960314268847,0.25613225507079823
rain_ci_delta,9,3.7139608925080445,5.369244870062977,7.958341402535322,1.9014170851717949
evap_ci_delta,9,-1.3139740375610862,1.6618081694573619,5.008654083069141,1.3674901571192197
ef_burn_crop_N2O_scale,9,-0.003327603001722651,0.003472806325930905,0.002519203577198204,0.0005980928663087771
ef_burn_crop_CH4_scale,9,-0.01254354014648357,0.012839927987751345,0.009503528698988744,0.002532641064243898
ef_burn_tree_N2O_scale,9,0.008729086103203648,0.008729086103203648,0.006325661690449288,0.001786252265484297
ef_burn_tree_CH4_scale,9,0.03316217687927041,0.03316217687927041,0.02423198582296533,0.007755078305731778
ef_N_inputs,9,-0.03727187898386808,0.043297024750315695,0.034039231241825646,0.009035647024997488
combustion_factor_crop,9,-0.014493638588728968,0.015388645910984971,0.012609924446931308,0.003294075996257268
combustion_factor_tree,9,0.044883240543544034,0.044883240543544034,0.027327416567194316,0.008239688240379975
volatile_frac_organic_fertiliser,9,-0.002875425650973784,0.002875425650973784,0.00030556244209791107,8.220332913375203e-05
volatile_frac_synthetic_fertiliser,9,0.016297396888962895,0.016297396888962895,0.001640565438636052,0.0005054828205224556
base_sf_qty_scale,9,-0.12981374696526468,0.12981374696526468,0.011684697112334278,0.0038287183019437053
proj_lit_qty_scale,9,-0.016963698132578982,0.020942945110533757,0.02910438833055472,0.009038036877656228
base_stand_density_scale,9,0.0,0.0,0.0,0.0
proj_stand_density_scale,9,0.3594849891298765,1.160045307709146,1.3739477149261576,0.22828021975187507
tree_wood_dens_sp1,9,0.4057224580237583,1.1226480764209197,1.2520188123729894,0.19814059192032282
base_cover,9,0.4606279973964492,0.4606279973964492,0.8543956412293532,0.30801655205593553
base_fire_off,9,-0.024885313060658488,0.024885313060658488,0.0896922103141353,0.023475185917333687
base_fire_on,9,-0.03493285974000273,0.03493285974000273,0.005956144895642735,0.0018859905989436435
base_mortality,9,0.0,0.0,0.0,0.0
base_sf_n_delta,9,-0.1329016327182005,0.1329016327182005,0.013646164833617453,0.004551771405151941
base_thinning_delta,9,0.0,0.0,0.0,0.0
crop_base_left_delta,9,0.16806373964973897,0.16806373964973897,0.07139560660993328,0.02045578517418032
crop_base_yield_delta,9,0.08776967189035288,0.08923531392691914,0.0758403369454668,0.021469488164578176
crop_carbon_above_sp3,9,-0.00020525152965071846,0.008656408995283693,0.01382295525178138,0.002952209535230252
crop_carbon_below_sp3,9,0.004877165606301107,0.013731663758997184,0.018358181941007447,0.004521019033102547
crop_intercept_sp3,9,-0.001062376000731713,0.003014183169661816,0.004812823311193439,0.0013372276296164175
crop_nitrogen_above_sp3,9,-0.001382984947018523,0.0020823640549893553,0.0022678518451475943,0.0005020846647996195
crop_nitrogen_below_sp3,9,-0.003185169132260912,0.003185169132260912,0.000743827944578101,0.00023880611581082178
crop_carbon_above_sp10,9,0.07508674668896778,0.07508674668896778,0.03319763227749212,0.010161573822463733
crop_carbon_below_sp10,9,0.03128520591433624,0.03128520591433624,0.014878678612042992,0.0043285528526011965
crop_intercept_sp10,9,0.01796232647218476,0.01796232647218476,0.010139058484097636,0.002924429193840926
crop_nitrogen_above_sp10,9,-0.007081677975079187,0.007081677975079187,0.0014323384656658924,0.00043741116246518916
crop_nitrogen_below_sp10,9,-0.004457407240105918,0.004457407240105918,0.0014506415250373228,0.00043335930573450815
crop_proj_left_delta,9,-0.009268484340678678,0.016377394170531107,0.02423787652998678,0.005927541039286038
crop_proj_yield_delta,9,0.12045693871447125,0.12339394633620211,0.057473022885709754,0.01306220814020438
crop_root_in_top_30,9,0.03232437716496275,0.034310749549012004,0.024195988602943638,0.006899296923519191
crop_root_to_shoot_sp3,9,0.0034326309922566673,0.008846508869498825,0.013145789403256577,0.0030362504991180103
crop_slope_sp3,9,-0.0002468435654743195,0.003426562460093563,0.005658560162496721,0.001410432523981289
crop_root_to_shoot_sp10,9,0.028301208881129015,0.028301208881129015,0.01602967010904228,0.005442632010527797
crop_slope_sp10,9,0.04733679109395168,0.04733679109395168,0.03014974190466404,0.009582296991546462
cy0_to_ceq_multiplier,9,-0.037386972965572376,0.05719941370229999,0.2072624907140598,0.0698701707526021
litter_carbon,9,-0.039149796758216934,0.039149796758216934,0.02073772517685089,0.007047622918210672
litter_nitrogen,9,0.023840581492758157,0.023840581492758157,0.0026222280512942734,0.000724819217294969
mortality_fraction_branch_delta,9,-0.01996576044218209,0.02091675880791507,0.023486836358575076,0.006764512805819375
mortality_fraction_croot_delta,9,-0.005689411943483325,0.0063666268165756155,0.005969070376787836,0.0014537190836120097
mortality_fraction_froot_delta,9,-0.002318760275528406,0.002969963706298903,0.0038213219687934516,0.0010297978944740801
mortality_fraction_leaf_delta,9,-0.003100466056647516,0.004043294668369996,0.005611865591232104,0.0013928284142546354
mortality_fraction_stem_delta,9,-0.030148783429894306,0.040226840288689586,0.05896181463834371,0.01547806562786505
pool_alloc_froot_sp1,9,-0.07135638500422875,0.1184725361312398,0.19475292359400137,0.04588064267399971
pool_alloc_leaf_sp1,9,-0.15344176629089307,0.21959076073216527,0.3517093453628613,0.08505106048213235
pool_alloc_stem_sp1,9,0.8512577180884776,1.1922328888841114,1.2006142314314272,0.2433004477903434
pool_turnover_branch_sp1,9,0.49105125226657426,0.49105125226657426,0.2584540587554715,0.06641890949325932
pool_turnover_croot_sp1,9,-0.3745870829831673,0.3745870829831673,0.27450472571843887,0.0796892134577613
pool_turnover_froot_sp1,9,-0.14217818220249395,0.1427465816079448,0.12182352443694185,0.03911616154141322
pool_turnover_leaf_sp1,9,-0.13127113895402,0.13210874175283943,0.1223509824649633,0.03566958836033372
pool_turnover_stem_sp1,9,14.570251347267936,14.58349271606706,9.977410631160083,2.9827766966626044
proj_cover,9,-3.879822731514346,3.883834013969641,6.469744721375073,1.9310806869875552
proj_fire_off,9,0.03827633718179524,0.03827633718179524,0.08866578947612408,0.027751019787327833
proj_fire_on,9,0.4503985372094045,0.4503985372094045,0.09796727456345813,0.03036843829222498
proj_mortality,9,0.5486399106472457,0.5486399106472457,0.3556782918013593,0.10591296307913305
proj_thinning_delta,9,14.104353817842133,14.104353817842133,10.950965294648073,3.255867401508169
roth_c_cover_c,9,0.05991701553670701,0.07326711984883301,0.11109400641381115,0.03452219997066048
roth_c_dpm_frac_crop,9,-0.048546001792516155,0.048546001792516155,0.058703249507364795,0.020061228229660968
roth_c_dpm_frac_tree,9,0.02347612434346858,0.06957411610222307,0.09075449815754727,0.019029360760417155
roth_c_moisture_b_slope,9,-1.3291199989800437,1.4413388449920723,2.8625929545429756,0.8782853922185866
roth_c_temp_a1,9,0.5171836869318616,0.5822991332348553,0.8108195640150758,0.2267508792027517
roth_c_temp_a2,9,-0.7633621476482798,1.0254648292404624,1.5453714197449457,0.4365594754693017
thinning_fraction_branch_delta,9,0.031414968273038815,0.03877058199190049,0.04821742845898811,0.013309104532153148
thinning_fraction_croot_delta,9,0.01835294128159854,0.018882286887991477,0.016192846736551234,0.004741426939589211
thinning_fraction_froot_delta,9,0.007807583276342162,0.009525779476655888,0.010722713420623838,0.002841429958225582
thinning_fraction_leaf_delta,9,0.014636508316608624,0.016951660701836437,0.016020475844629564,0.004549588879007469
thinning_fraction_stem_delta,9,0.1024449945865826,0.10902919075875354,0.08997789522167295,0.023142380275462178
tree_carbon_sp1,9,0.2957477796716846,1.3113830601736063,1.6924745930197844,0.3187090330157992
tree_nitrogen_branch_sp1,9,0.001976302586814993,0.001976302586814993,0.0003889730866307692,0.00012123946945407686
tree_nitrogen_croot_sp1,9,0.0011862243453667556,0.0011862243453667556,0.000881002495023366,0.0002490207439084877
tree_nitrogen_froot_sp1,9,0.03259614229229144,0.03259614229229144,0.012651440410409455,0.0040075597043468265
tree_nitrogen_leaf_sp1,9,0.05026576315464572,0.05026576315464572,0.019679724524459083,0.005868767651777326
tree_nitrogen_stem_sp1,9,0.005354184570632481,0.005354184570632481,0.001587404561816692,0.000489084731694499
tree_root_in_top_30,9,-0.12902071595097125,0.16789927983689362,0.2168326345606521,0.05758673320701261
tree_root_to_shoot_sp1,9,0.04713648265378507,0.1567085128399175,0.2068429364534736,0.036536788275327164
cy0,10,-0.32664352947773734,0.7215253140501344,1.592739369241848,0.40487356904042693
clay,10,-0.9353168850516941,0.9703853467875799,0.9868845777560299,0.30008109020678236
temp_ci_delta,10,0.6555815471195598,0.7969191023813847,0.939171365334762,0.23625979162315697
rain_ci_delta,10,2.939592573248082,4.415832339257057,7.098886338121051,1.73197173926648
evap_ci_delta,10,-1.244617534337199,1.526202076834488,4.654759375968457,1.296127871636044
ef_burn_crop_N2O_scale,10,-0.003327603001723034,0.003472806325931321,0.002519203577197766,0.0005980928663086292
ef_burn_crop_CH4_scale,10,-0.012543540146484062,0.012839927987751836,0.009503528698989112,0.0025326410642439734
ef_burn_tree_N2O_scale,10,0.008321110426029194,0.008321110426029194,0.006111828853002695,0.0017313892185206509
ef_burn_tree_CH4_scale,10,0.03185260908023267,0.03185260908023267,0.023409232661747378,0.007409668268267041
ef_N_inputs,10,-0.04022567205351256,0.04750411753442817,0.037377323236328586,0.00960918690667387
combustion_factor_crop,10,-0.014493638588729018,0.015388645910985155,0.012609924446931412,0.0032940759962572707
combustion_factor_tree,10,0.04300950715339921,0.04300950715339921,0.026968862563388887,0.008032036577291521
volatile_frac_organic_fertiliser,10,-0.002875425650973851,0.002875425650973851,0.00030556244209812195,8.220332913387846e-05
volatile_frac_synthetic_fertiliser,10,0.01629739688896305,0.01629739688896305,0.0016405654386364098,0.000505482820522538
base_sf_qty_scale,10,-0.1298137469652642,0.1298137469652642,0.011684697112334523,0.0038287183019437682
proj_lit_qty_scale,10,-0.013484929594280904,0.01850331928430885,0.02629409651874497,0.008048598476843949
base_stand_density_scale,10,0.0,0.0,0.0,0.0
proj_stand_density_scale,10,0.8093715778864142,1.4006870681689407,1.3817824825813392,0.22419770503464476
tree_wood_dens_sp1,10,0.8963191443076932,1.3125178969071016,1.2109744940394966,0.1907592677113705
base_cover,10,0.4232601863649609,0.4232601863649609,0.7969051132668795,0.2874637202910101
base_fire_off,10,-0.024885313060658453,0.024885313060658453,0.08969221031413516,0.023475185917333646
base_fire_on,10,-0.034932859740002535,0.034932859740002535,0.0059561448956426035,0.0018859905989435885
base_mortality,10,0.0,0.0,0.0,0.0
base_sf_n_delta,10,-0.13290163271820069,0.13290163271820069,0.013646164833617672,0.004551771405152003
base_thinning_delta,10,0.0,0.0,0.0,0.0
crop_base_left_delta,10,0.15895040775187866,0.15895040775187866,0.06659474195871525,0.019117892252682643
crop_base_yield_delta,10,0.07753050507960106,0.07990243534947242,0.07118244762608518,0.019846222169394
crop_carbon_above_sp3,10,-0.0001066646887175282,0.008029901592355882,0.012735478359678858,0.002702999419808055
crop_carbon_below_sp3,10,0.0047234605466590085,0.012831798730696542,0.016948929036201224,0.004149464902176541
crop_intercept_sp3,10,-0.0010296280988698532,0.0027990174376113647,0.004431804885833786,0.001221384392527734
crop_nitrogen_above_sp3,10,-0.0013829849470187062,0.0020823640549888387,0.0022678518451470374,0.0005020846647997326
crop_nitrogen_below_sp3,10,-0.0031851691322610704,0.0031851691322610704,0.0007438279445780402,0.00023880611581068663
crop_carbon_above_sp10,10,0.0661542796217799,0.0661542796217799,0.029792330693835887,0.009094885365598077
crop_carbon_below_sp10,10,0.027649983131228573,0.027649983131228573,0.01339633281075643,0.0038792105997256473
crop_intercept_sp10,10,0.015315506689875519,0.015315506689875519,0.009461531346161857,0.002727231435955203
crop_nitrogen_above_sp10,10,-0.007081677975079586,0.007081677975079586,0.0014323384656657037,0.0004374111624652098
crop_nitrogen_below_sp10,10,-0.00445740724010546,0.00445740724010546,0.0014506415250373575,0.00043335930573458096
crop_proj_left_delta,10,-0.015835763706425338,0.01878329970716392,0.022875207906462122,0.005997440557493167
crop_proj_yield_delta,10,0.11695259928667134,0.11988587089755223,0.05617120368743468,0.012772182072006494
crop_root_in_top_30,10,0.027980971670819164,0.029894598652472366,0.022058600555135567,0.006254131296641946
crop_root_to_shoot_sp3,10,0.0031463009983835944,0.008052201964707567,0.01204053927405877,0.0027930148172308766
crop_slope_sp3,10,-0.0003818992741384364,0.0032287505507182903,0.005253294645531737,0.0013166604766843574
crop_root_to_shoot_sp10,10,0.024559286310859275,0.024559286310859275,0.014600441265295404,0.004925288039726491
crop_slope_sp10,10,0.039040288911638306,0.039040288911638306,0.026412000701873432,0.00840634987611213
cy0_to_ceq_multiplier,10,-0.03402384518708064,0.04934180224091222,0.18258230904053718,0.061510571120994326
litter_carbon,10,-0.03617808683922706,0.03617808683922706,0.018314798198564422,0.006195136190030741
litter_nitrogen,10,0.02384058149275819,0.02384058149275819,0.0026222280512943927,0.0007248192172949713
mortality_fraction_branch_delta,10,-0.017115957598880037,0.01838874399569551,0.020828851082489653,0.005771049599617266
mortality_fraction_croot_delta,10,-0.004581905973791572,0.005360568265522797,0.005322938320837281,0.001291631262160431
mortality_fraction_froot_delta,10,-0.001853952155375993,0.0025160536437237257,0.003379759806169249,0.0008868078371601118
mortality_fraction_leaf_delta,10,-0.002553148598375693,0.0036183512343759216,0.005092604764647833,0.0012512985407705961
mortality_fraction_stem_delta,10,-0.026000839945850018,0.03650033829787304,0.056497553660497864,0.014488362957988507
pool_alloc_froot_sp1,10,-0.04894040102223649,0.10132289488283389,0.1792249625291166,0.043321580967527445
pool_alloc_leaf_sp1,10,-0.12424262728323372,0.1911761114031887,0.325377517942739,0.08046537042927161
pool_alloc_stem_sp1,10,0.7478651091474191,0.9891322940266258,1.057692274930503,0.2247639107637096
pool_turnover_branch_sp1,10,0.40209568060859213,0.4037046370234779,0.3059389940468883,0.0765363105215511
pool_turnover_croot_sp1,10,-0.3929864092473144,0.3929864092473144,0.23715634608288225,0.07164193754144317
pool_turnover_froot_sp1,10,-0.1525572043910384,0.15297956619654565,0.11052007724604716,0.03468482087635477
pool_turnover_leaf_sp1,10,-0.13236973260810728,0.1325817820566334,0.1065677917876343,0.03069054285705147
pool_turnover_stem_sp1,10,11.283099320109306,11.604481842309653,10.774569882531516,3.112022845106526
proj_cover,10,-3.101624512741197,3.1064087336338764,5.515599428578789,1.6632023881051394
proj_fire_off,10,0.0382763371817955,0.0382763371817955,0.0886657894761242,0.02775101978732784
proj_fire_on,10,0.4347239796001827,0.4347239796001827,0.10848791948850108,0.033772976082354536
proj_mortality,10,0.472591907550334,0.4801439303306566,0.4144704225210762,0.11881809965855278
proj_thinning_delta,10,17.524448065946054,17.524448065946054,11.498646460632997,3.4313907765627447
roth_c_cover_c,10,0.0490270427445746,0.06188583171496896,0.09727792978866849,0.030246320393016505
roth_c_dpm_frac_crop,10,-0.03624091994747419,0.03624091994747419,0.05056345687448752,0.017354175064288414
roth_c_dpm_frac_tree,10,0.015893502665543492,0.054342412161098586,0.07215222506689863,0.015294632684278817
roth_c_moisture_b_slope,10,-1.1667014857849378,1.2802578905812836,2.5874133603911647,0.7978269090530952
roth_c_temp_a1,10,0.45697205839458166,0.5467489062370099,0.7797536845416987,0.21572608448888864
roth_c_temp_a2,10,-0.6080263329407195,0.9622347836435751,1.4484792019514439,0.41008829067943225
thinning_fraction_branch_delta,10,0.012187277106748018,0.018977504637046404,0.024827333514730297,0.006430819820761599
thinning_fraction_croot_delta,10,0.008401286822417081,0.009015159555365975,0.009149894345897809,0.0025136580047261606
thinning_fraction_froot_delta,10,0.0035047159523057146,0.0050268038881225215,0.006183237619313419,0.001492615672177135
thinning_fraction_leaf_delta,10,0.0064921295673760595,0.00831659772899509,0.009051966191190681,0.002507520424611272
thinning_fraction_stem_delta,10,0.04731025731047035,0.054914691233288015,0.060286878168526764,0.01524368638138046
tree_carbon_sp1,10,0.7116720483017089,1.5715874464382122,1.7729871307216294,0.31744748365747577
tree_nitrogen_branch_sp1,10,0.0019164574242166665,0.0019164574242166665,0.00038670636812877503,0.00011579411810050588
tree_nitrogen_croot_sp1,10,0.0011529291723901575,0.0011529291723901575,0.0009108740042438799,0.00025824371424049245
tree_nitrogen_froot_sp1,10,0.03168574475114829,0.03168574475114829,0.013714485840451105,0.0043483380377962655
tree_nitrogen_leaf_sp1,10,0.0490208267093309,0.0490208267093309,0.021605375898464188,0.00645055123319593
tree_nitrogen_stem_sp1,10,0.004990043168331293,0.004990043168331293,0.0015001464275387192,0.00047727355420985564
tree_root_in_top_30,10,-0.11353160279747435,0.14724801234882876,0.19092977819828363,0.05004921328844713
tree_root_to_shoot_sp1,10,0.1073345943481393,0.20412220625349317,0.22642285104065216,0.03991778116459245
cy0,11,-0.31126758145245975,0.6699629157844088,1.4911656524761059,0.3792957840144755
clay,11,-0.8837962460892032,0.9082167179711489,0.9610762090711091,0.2956821977269678
temp_ci_delta,11,0.6320771596552747,0.7373009918744551,0.8335092994342642,0.20934424308020366
rain_ci_delta,11,2.4829864808707334,3.96156076366337,6.5574699400847924,1.6246357342981808
evap_ci_delta,11,-1.185322051071176,1.4022788843496392,4.427087105964174,1.252316238037749
ef_burn_crop_N2O_scale,11,-0.00332760300172258,0.0034728063259307843,0.0025192035771977876,0.0005980928663087368
ef_burn_crop_CH4_scale,11,-0.01254354014648416,0.012839927987752003,0.009503528698989417,0.0025326410642439647
ef_burn_tree_N2O_scale,11,0.008274553717754795,0.008274553717754795,0.006137639975632634,0.0017299353433512825
ef_burn_tree_CH4_scale,11,0.03158383323257461,0.03158383323257461,0.023031971822482202,0.007210860588932583
ef_N_inputs,11,-0.042720884151022445,0.05132425055361685,0.040638804114534605,0.010139034903217475
combustion_factor_crop,11,-0.014493638588729443,0.015388645910985179,0.012609924446931185,0.003294075996257359
combustion_factor_tree,11,0.04286283604311978,0.04286283604311978,0.02748164723415183,0.008194339408106675
volatile_frac_organic_fertiliser,11,-0.002875425650973526,0.002875425650973526,0.0003055624420978651,8.220332913371312e-05
volatile_frac_synthetic_fertiliser,11,0.016297396888962836,0.016297396888962836,0.0016405654386361802,0.0005054828205224659
base_sf_qty_scale,11,-0.12981374696526457,0.12981374696526457,0.011684697112334302,0.0038287183019436724
proj_lit_qty_scale,11,-0.010507149072362273,0.01678709332230644,0.0239782549373142,0.007141764670869541
base_stand_density_scale,11,0.0,0.0,0.0,0.0
proj_stand_density_scale,11,0.14479387536917201,0.9811719298514172,1.2463092418122685,0.23859891799569807
tree_wood_dens_sp1,11,0.2290821639723001,0.9332435886811311,1.0941266805091854,0.19332974561401864
base_cover,11,0.3893104074357645,0.3893104074357645,0.745318585842957,0.26904676429380797
base_fire_off,11,-0.02488531306065852,0.02488531306065852,0.08969221031413543,0.023475185917333725
base_fire_on,11,-0.034932859740002736,0.034932859740002736,0.005956144895643006,0.0018859905989436594
base_mortality,11,0.0,0.0,0.0,0.0
base_sf_n_delta,11,-0.13290163271820085,0.13290163271820085,0.013646164833617266,0.00455177140515173
base_thinning_delta,11,0.0,0.0,0.0,0.0
crop_base_left_delta,11,0.1508656560895127,0.1508656560895127,0.06266791026262569,0.01803885845564788
crop_base_yield_delta,11,0.06850629651947562,0.07200087432951877,0.06752471463711168,0.018563357825661677
crop_carbon_above_sp3,11,-3.537861764030259e-05,0.0075082413759016255,0.011829516090817027,0.0024969509994556814
crop_carbon_below_sp3,11,0.004581714852095228,0.012077532021583645,0.015823616543518826,0.0038636058627374466
crop_intercept_sp3,11,-0.0010079435396813051,0.002628477417020672,0.00413921794756027,0.0011312272099439644
crop_nitrogen_above_sp3,11,-0.0013829849470186229,0.002082364054988889,0.0022678518451470283,0.0005020846647996723
crop_nitrogen_below_sp3,11,-0.003185169132261137,0.003185169132261137,0.0007438279445779804,0.00023880611581070742
crop_carbon_above_sp10,11,0.05985481045820814,0.05985481045820814,0.026762313896416198,0.008150771409704594
crop_carbon_below_sp10,11,0.025056653900057048,0.025056653900057048,0.012080065278077192,0.003496377703487481
crop_intercept_sp10,11,0.013571876738053046,0.013583876841835773,0.00885439181545411,0.002550344810994988
crop_nitrogen_above_sp10,11,-0.007081677975079104,0.007081677975079104,0.0014323384656657495,0.0004374111624651165
crop_nitrogen_below_sp10,11,-0.00445740724010561,0.00445740724010561,0.0014506415250370307,0.00043335930573443313
crop_proj_left_delta,11,-0.01877540644497753,0.020593642887060296,0.022695804616394616,0.006105112834668773
crop_proj_yield_delta,11,0.11671300165417162,0.11930498922959934,0.05570051244967909,0.012818070395652826
crop_root_in_top_30,11,0.024838175329628457,0.026695515820639747,0.020310553739877488,0.00570744735339997
crop_root_to_shoot_sp3,11,0.002887182554731285,0.007398309719636134,0.011186839164530183,0.0026101243707294885
crop_slope_sp3,11,-0.0004997064656201755,0.003096604712046169,0.004960437486354145,0.0012509882352871992
crop_root_to_shoot_sp10,11,0.021949884661739513,0.021949884661739513,0.013345208596207515,0.004471153801328255
crop_slope_sp10,11,0.03320771304286613,0.03320771304286613,0.023189275508659433,0.00739863496851359
cy0_to_ceq_multiplier,11,-0.03065312808701235,0.042602957627939975,0.16037961172482282,0.05401077142195892
litter_carbon,11,-0.03363933186975022,0.03363933186975022,0.016371306476221724,0.005505725836246512
litter_nitrogen,11,0.023840581492758278,0.023840581492758278,0.002622228051294056,0.0007248192172949309
mortality_fraction_branch_delta,11,-0.012542651405098568,0.015275877850936568,0.0189472285231831,0.004810778308605359
mortality_fraction_croot_delta,11,-0.002892256933364008,0.004192099276277279,0.004834148836473892,0.0011204475866164905
mortality_fraction_froot_delta,11,-0.0010982280859784782,0.0021009028154079096,0.003069218949847795,0.0007426224065030758
mortality_fraction_leaf_delta,11,-0.0015845266575900574,0.0033195042131168194,0.0048027600234159884,0.0010958742989809701
mortality_fraction_stem_delta,11,-0.018713122291220033,0.03240559519714935,0.053297608988185544,0.013133709422425604
pool_alloc_froot_sp1,11,-0.039862212625526736,0.09043115667333387,0.16763138574449812,0.04189514860402556
pool_alloc_leaf_sp1,11,-0.09185870112604877,0.17834830102727162,0.3095619528013717,0.07618618236342224
pool_alloc_stem_sp1,11,0.7374546753287057,1.1141156538073544,1.1835496008439779,0.23413599426985673
pool_turnover_branch_sp1,11,0.5077463655191318,0.5077463655191318,0.30401395265653725,0.07888675223425415
pool_turnover_croot_sp1,11,-0.2338104796073094,0.23672097735031078,0.21845780577099524,0.06453224473341028
pool_turnover_froot_sp1,11,-0.08160066691381146,0.08366309076418578,0.08611036129813125,0.026312874508928184
pool_turnover_leaf_sp1,11,-0.07689011215717471,0.08094302821315877,0.08372829575042633,0.021052330569365247
pool_turnover_stem_sp1,11,14.367491741285278,14.422413881001575,11.732517639328076,3.540347745720851
proj_cover,11,-2.6508296585652937,2.6534286448411954,4.91673618888224,1.4887249207896995
proj_fire_off,11,0.038276337181795406,0.038276337181795406,0.08866578947612395,0.02775101978732775
proj_fire_on,11,0.4374332528198305,0.4374332528198305,0.12311595308207654,0.03876994471278258
proj_mortality,11,0.5531521471776694,0.5539308403594754,0.425307079933952,0.12703407974659472
proj_thinning_delta,11,11.1419252802512,11.171745745863806,12.072510561290178,3.568761629539589
roth_c_cover_c,11,0.04270542620205905,0.05285239061473231,0.0849535617828892,0.026830633399740133
roth_c_dpm_frac_crop,11,-0.028365368589054012,0.02843355010418285,0.04309885949393196,0.014799973227135381
roth_c_dpm_frac_tree,11,0.018960731293069823,0.04257031790330317,0.058826102848135345,0.01393685132145203
roth_c_moisture_b_slope,11,-1.0209232999909594,1.1273901667694968,2.340433415009967,0.727322321319966
roth_c_temp_a1,11,0.4573885576599731,0.5204139568500737,0.7197684212207873,0.2023863207587323
roth_c_temp_a2,11,-0.5905686149595223,0.8558226119286158,1.3076031813871456,0.3922133236434351
thinning_fraction_branch_delta,11,-0.0957828310178405,0.0957828310178405,0.09754518116762823,0.02643779195050752
thinning_fraction_croot_delta,11,-0.03753221492398333,0.037737142728830414,0.03337771114784291,0.009655399639933114
thinning_fraction_froot_delta,11,-0.017082799943194095,0.017082799943194095,0.01834197155626892,0.004670249280603079
thinning_fraction_leaf_delta,11,-0.026375034175995377,0.026375034175995377,0.025675019622553245,0.008673798752276977
thinning_fraction_stem_delta,11,-0.1777937004488625,0.18472459443624195,0.2545585179136119,0.0826127194884502
tree_carbon_sp1,11,0.060505394683308934,1.0897847286086122,1.5548015759407707,0.3151725584546197
tree_nitrogen_branch_sp1,11,0.0020938171632237934,0.0020938171632237934,0.00045204718744767367,0.00013206964120395033
tree_nitrogen_croot_sp1,11,0.0011875087439003978,0.0011875087439003978,0.0009315749765468559,0.0002628646446547545
tree_nitrogen_froot_sp1,11,0.030643814032475875,0.030643814032475875,0.014711760731368288,0.004654609732985191
tree_nitrogen_leaf_sp1,11,0.047451998774436975,0.047451998774436975,0.023425364972122588,0.007002747902075989
tree_nitrogen_stem_sp1,11,0.004996915569850574,0.004996915569850574,0.0014129913698082914,0.00047444040762254685
tree_root_in_top_30,11,-0.10580352878083846,0.13384634785307603,0.17473060431643941,0.04596483872964421
tree_root_to_shoot_sp1,11,0.011809421992540408,0.1280363789278493,0.19421950741178667,0.038546174576145106
cy0,12,-0.29684162084354704,0.6203038876715256,1.3928343864904886,0.3549163138345882
clay,12,-0.7729616633261018,0.797078173658836,0.9263887478515118,0.28585725341300755
temp_ci_delta,12,0.5229666060696784,0.6366505374178193,0.75740947264202,0.19047345456925677
rain_ci_delta,12,2.0041700707544354,3.524232099709792,6.104252036654743,1.5483347350496344
evap_ci_delta,12,-1.095724610872193,1.2682605681760815,4.232031207137782,1.2134673405356255
ef_burn_crop_N2O_scale,12,-0.003638788124261326,0.0037515118740695783,0.002509270825381366,0.0005998161336372706
ef_burn_crop_CH4_scale,12,-0.01368907686013345,0.013890070420817687,0.009499423496897346,0.002588563420947304
ef_burn_tree_N2O_scale,12,0.007486867352754509,0.007486867352754509,0.005752230930922568,0.001652561332274803
ef_burn_tree_CH4_scale,12,0.029215146036788237,0.029215146036788237,0.022173994404397247,0.006878466940680329
ef_N_inputs,12,-0.05114476044202393,0.05953860491365719,0.04360179383231466,0.010938639786020232
combustion_factor_crop,12,-0.015907965509253115,0.01649480824505783,0.012651134309522583,0.00340324164691567
combustion_factor_tree,12,0.03921676960680402,0.03921676960680402,0.026730593274675328,0.007777933372988557
volatile_frac_organic_fertiliser,12,-0.002875425650973451,0.002875425650973451,0.00030556244209797596,8.220332913373735e-05
volatile_frac_synthetic_fertiliser,12,0.016297396888963013,0.016297396888963013,0.0016405654386363762,0.0005054828205225582
base_sf_qty_scale,12,-0.12981374696526463,0.12981374696526463,0.011684697112334181,0.0038287183019436646
proj_lit_qty_scale,12,-0.007931248319854086,0.01552019443665191,0.022068387466445842,0.006337733752458168
base_stand_density_scale,12,0.0,0.0,0.0,0.0
proj_stand_density_scale,12,0.362277444343138,1.0590801606113005,1.2265088753521172,0.2083754134490088
tree_wood_dens_sp1,12,0.4753102414485664,0.9866472224590659,1.0505380254006662,0.16692508591962602
base_cover,12,0.35856579949917544,0.35856579949917544,0.698825732219283,0.25243807770152354
base_fire_off,12,-0.02488531306065852,0.02488531306065852,0.0896922103141354,0.023475185917333708
base_fire_on,12,-0.03493285974000279,0.03493285974000279,0.005956144895642967,0.0018859905989436685
base_mortality,12,0.0,0.0,0.0,0.0
base_sf_n_delta,12,-0.1329016327182007,0.1329016327182007,0.013646164833617441,0.004551771405151925
base_thinning_delta,12,0.0,0.0,0.0,0.0
crop_base_left_delta,12,0.14361123077402957,0.14361123077402957,0.05945757612207171,0.017168501245107274
crop_base_yield_delta,12,0.060413004275682726,0.06495683360833474,0.06464622809867301,0.01759262512447237
crop_carbon_above_sp3,12,0.012416145416064495,0.014638837435557439,0.009829913705906065,0.0018220759693386324
crop_carbon_below_sp3,12,0.04261939398620938,0.04261939398620938,0.014631014496998836,0.004452124890994028
crop_intercept_sp3,12,-0.0009931842856989697,0.0024914336315486757,0.003913252199272754,0.0010613893293477835
crop_nitrogen_above_sp3,12,-0.002787944538039172,0.0029218895374227894,0.0021331911774847777,0.0006244334717796196
crop_nitrogen_below_sp3,12,-0.006290349959597499,0.006290349959597499,0.0010248475026809556,0.0003213931329965516
crop_carbon_above_sp10,12,0.05497693001248416,0.05497693001248416,0.024251822352949284,0.007368539443422454
crop_carbon_below_sp10,12,0.02302968644700914,0.02302968644700914,0.010991182829146745,0.003189615753048606
crop_intercept_sp10,12,0.012273743248570503,0.012325243623363704,0.008357567310492196,0.0023976402943907582
crop_nitrogen_above_sp10,12,-0.0070816779750791075,0.0070816779750791075,0.001432338465665651,0.00043741116246517886
crop_nitrogen_below_sp10,12,-0.004457407240105784,0.004457407240105784,0.0014506415250371274,0.00043335930573448837
crop_proj_left_delta,12,0.00285144470785791,0.013781912031607845,0.019228713055241,0.0038839546477128367
crop_proj_yield_delta,12,0.11783187163192663,0.11998388655347128,0.05560723890561495,0.01298094162851807
crop_root_in_top_30,12,0.05597595984893535,0.05597595984893535,0.022161074882579953,0.007118666031247935
crop_root_to_shoot_sp3,12,0.03562422410409932,0.03562422410409932,0.0115499735753974,0.0032169782248604156
crop_slope_sp3,12,0.011421648045303476,0.011421648045303476,0.00438769275853296,0.0013036633744721116
crop_root_to_shoot_sp10,12,0.01994457888688832,0.01994457888688832,0.012318972824540756,0.004098643007139305
crop_slope_sp10,12,0.028724435479630495,0.028724435479630495,0.02058819631639827,0.006585056702819018
cy0_to_ceq_multiplier,12,-0.027430978730550337,0.03685707344751554,0.14074240619815187,0.04738888340155311
litter_carbon,12,-0.03143984645201917,0.03143984645201917,0.014817220250389982,0.004951295600432865
litter_nitrogen,12,0.02384058149275802,0.02384058149275802,0.002622228051294321,0.0007248192172950265
mortality_fraction_branch_delta,12,-0.011269532980723081,0.013700327259661301,0.01697779635569159,0.004219716270410604
mortality_fraction_croot_delta,12,-0.0024899362662666306,0.0038502403818111612,0.004580147162995654,0.0010609172254528922
mortality_fraction_froot_delta,12,-0.0009424118706692838,0.0019064808563235267,0.002830239063153723,0.0006978236423091863
mortality_fraction_leaf_delta,12,-0.0014454955741064258,0.0031464740566251813,0.004448442781535509,0.0009866081882304908
mortality_fraction_stem_delta,12,-0.01783777878370158,0.030313860127101994,0.05261244677060306,0.013190400111274867
pool_alloc_froot_sp1,12,-0.02208464051162457,0.08452263984794717,0.16023316896007722,0.04007675167904021
pool_alloc_leaf_sp1,12,-0.06540231105974453,0.176036890257875,0.29870149030630666,0.07145703193672868
pool_alloc_stem_sp1,12,0.6517323333928972,1.003465333730869,1.1068696537583262,0.21593904144898798
pool_turnover_branch_sp1,12,0.4593736316299616,0.4605822665151262,0.33541043856074326,0.0855092550790157
pool_turnover_croot_sp1,12,-0.210489281205288,0.21413793631571024,0.19794648239538642,0.058567408768695546
pool_turnover_froot_sp1,12,-0.07175672359051224,0.07377237193331543,0.07612854655262369,0.022480338512510935
pool_turnover_leaf_sp1,12,-0.06806959861619657,0.07153551719109064,0.07224327815568461,0.01732965953615503
pool_turnover_stem_sp1,12,12.59110287914095,12.847921288589422,12.326240784809588,3.65820832122887
proj_cover,12,-2.1509022867228924,2.1539496178610547,4.401041308562879,1.3481803580150495
proj_fire_off,12,0.03588058569107102,0.03588058569107102,0.08438609015576848,0.02649264881855678
proj_fire_on,12,0.39979786914774473,0.39979786914774473,0.12912679635116897,0.04041821920006182
proj_mortality,12,0.5153757907179618,0.5214348439367107,0.47088707149304215,0.13791249095589278
proj_thinning_delta,12,12.96725156069281,12.96725156069281,12.336416456011417,3.6630957914668425
roth_c_cover_c,12,0.03304141523979557,0.04239646113431835,0.0730936785491436,0.022975104790569547
roth_c_dpm_frac_crop,12,-0.056589309585354894,0.056589309585354894,0.038541723911927804,0.013176222618887604
roth_c_dpm_frac_tree,12,-0.0036357934432593316,0.043556713400797704,0.05489587195150375,0.010064961142370406
roth_c_moisture_b_slope,12,-0.8500314677209347,0.9535297522351286,2.059609797744618,0.6416707202586631
roth_c_temp_a1,12,0.39122843751494535,0.46115284204975515,0.6755618640762908,0.1908704787876448
roth_c_temp_a2,12,-0.46075838449106693,0.749101004184916,1.1944468102966699,0.36710891961488284
thinning_fraction_branch_delta,12,0.04415580505732111,0.04415580505732111,0.04021077687989979,0.01211358420118613
thinning_fraction_croot_delta,12,0.021826701735919524,0.021826701735919524,0.01562876441618732,0.0045156568517739784
thinning_fraction_froot_delta,12,0.00925144737830488,0.00925144737830488,0.00864158961785396,0.0026774724816962855
thinning_fraction_leaf_delta,12,0.01719361204079039,0.01719361204079039,0.013306422607609255,0.004303214915772146
thinning_fraction_stem_delta,12,0.10847612686396017,0.10847612686396017,0.0832911937951308,0.02254334457741716
tree_carbon_sp1,12,0.26816962990839643,1.169719362697648,1.606691161233613,0.3286398579889346
tree_nitrogen_branch_sp1,12,0.0017632794332698072,0.0017632794332698072,0.000425496732935568,0.00011878974610546298
tree_nitrogen_croot_sp1,12,0.001081329275101256,0.001081329275101256,0.0009812296962410092,0.0002812701376477663
tree_nitrogen_froot_sp1,12,0.02955732845768664,0.02955732845768664,0.015681450368454357,0.0049570214908057466
tree_nitrogen_leaf_sp1,12,0.04599626171591632,0.04599626171591632,0.025266544981172503,0.007570040941410357
tree_nitrogen_stem_sp1,12,0.004318375284011394,0.004318375284011394,0.0014689545049498594,0.0004836696660015323
tree_root_in_top_30,12,-0.06136887204451227,0.11866003153858422,0.16391113032178292,0.037433587626824034
tree_root_to_shoot_sp1,12,0.03033813553252,0.14195402015848205,0.19986291192911912,0.03792320108019002
cy0,13,-0.2831038263079422,0.5727435174392577,1.298167490953459,0.3316917190356086
clay,13,-0.7004429895381652,0.7295965703663256,0.9136646962607331,0.2807902809414269
temp_ci_delta,13,0.4435878420164358,0.5598171792875152,0.6924986095308832,0.17509058745722572
rain_ci_delta,13,1.6718522664736883,3.290867812930587,5.8102253249596725,1.478975343534546
evap_ci_delta,13,-1.0140855949576406,1.1983638486140797,4.105306731009915,1.1854987136428243
ef_burn_crop_N2O_scale,13,-0.0036387881242611634,0.0037515118740694157,0.0025092708253813263,0.0005998161336373619
ef_burn_crop_CH4_scale,13,-0.013689076860133468,0.013890070420817704,0.00949942349689788,0.002588563420947448
ef_burn_tree_N2O_scale,13,0.007219225958120037,0.007219225958120037,0.0056820722452059136,0.0016413814693977762
ef_burn_tree_CH4_scale,13,0.028339857105355505,0.028339857105355505,0.021815405483136832,0.006706689429707838
ef_N_inputs,13,-0.052939666605848666,0.06272341881654933,0.04657866663769652,0.011327684447765501
combustion_factor_crop,13,-0.0159079655092526,0.016494808245057384,0.012651134309523283,0.0034032416469158937
combustion_factor_tree,13,0.038024736347832995,0.038024736347832995,0.02697176489860194,0.007800305300766747
volatile_frac_organic_fertiliser,13,-0.0028754256509734427,0.0028754256509734427,0.00030556244209789546,8.220332913374897e-05
volatile_frac_synthetic_fertiliser,13,0.01629739688896311,0.01629739688896311,0.001640565438636031,0.0005054828205224259
base_sf_qty_scale,13,-0.1298137469652647,0.1298137469652647,0.011684697112334191,0.003828718301943622
proj_lit_qty_scale,13,-0.005683045035150573,0.014757015268567037,0.02049272551167861,0.005573872280283228
base_stand_density_scale,13,0.0,0.0,0.0,0.0
proj_stand_density_scale,13,0.28352591819443074,0.9907598310707788,1.2013570569645255,0.21804612365298667
tree_wood_dens_sp1,13,0.4176909412710539,0.9333057612664672,1.020767097671534,0.16827214664573883
base_cover,13,0.3307532685996201,0.3307532685996201,0.6567976794626845,0.2373902104258145
base_fire_off,13,-0.024885313060658554,0.024885313060658554,0.08969221031413553,0.02347518591733375
base_fire_on,13,-0.03493285974000285,0.03493285974000285,0.005956144895643163,0.0018859905989437413
base_mortality,13,0.0,0.0,0.0,0.0
base_sf_n_delta,13,-0.1329016327182008,0.1329016327182008,0.013646164833617618,0.00455177140515185
base_thinning_delta,13,0.0,0.0,0.0,0.0
crop_base_left_delta,13,0.13704571192229978,0.13704571192229978,0.05683593223324923,0.016466999609270006
crop_base_yield_delta,13,0.053060642303370056,0.059351764096756444,0.062379652432734925,0.01660308950858391
crop_carbon_above_sp3,13,0.00779294382011376,0.01046195988334427,0.009245555701266077,0.0018390501356286054
crop_carbon_below_sp3,13,0.02868513418840471,0.029000460010267532,0.014055591201873698,0.004115788579826449
crop_intercept_sp3,13,-0.0009840905096533945,0.002378849955114669,0.0037373344989127,0.0010075681330416432
crop_nitrogen_above_sp3,13,-0.00278794453803836,0.002921889537422044,0.0021331911774848766,0.0006244334717796217
crop_nitrogen_below_sp3,13,-0.006290349959597583,0.006290349959597583,0.0010248475026810792,0.0003213931329965676
crop_carbon_above_sp10,13,0.05097330395112447,0.05097330395112447,0.022220190977633617,0.006733829360688954
crop_carbon_below_sp10,13,0.02135483299948613,0.02135483299948613,0.010117035666377028,0.0029502572174319184
crop_intercept_sp10,13,0.011221151032185952,0.011304750402763467,0.007969498509468962,0.0022776175499397704
crop_nitrogen_above_sp10,13,-0.007081677975079037,0.007081677975079037,0.00143233846566603,0.0004374111624652932
crop_nitrogen_below_sp10,13,-0.004457407240105493,0.004457407240105493,0.001450641525037176,0.0004333593057345034
crop_proj_left_delta,13,-0.00671925647239674,0.012667691966167783,0.01906547319981389,0.0045437156213202524
crop_proj_yield_delta,13,0.119524036922197,0.12122151247220306,0.055707544452314794,0.013190926477503317
crop_root_in_top_30,13,0.040437174172104004,0.040437174172104004,0.021596344533356463,0.006985294125238877
crop_root_to_shoot_sp3,13,0.02133439348894126,0.02135569462598573,0.011160939081856081,0.003113978134334429
crop_slope_sp3,13,0.005453919760485905,0.005596865914908812,0.004424064281283467,0.0012884410970938783
crop_root_to_shoot_sp10,13,0.018304304932280444,0.018304304932280444,0.011498083512082473,0.003799346151374026
crop_slope_sp10,13,0.025076963784870197,0.025076963784870197,0.018540259161684343,0.005941383207786081
cy0_to_ceq_multiplier,13,-0.024437445894627756,0.031963235394843234,0.12353575148174592,0.04159238881203383
litter_carbon,13,-0.02951254758788948,0.02951254758788948,0.013577787232133624,0.004507461860359015
litter_nitrogen,13,0.02384058149275798,0.02384058149275798,0.0026222280512936138,0.00072481921729481
mortality_fraction_branch_delta,13,-0.009840620540559319,0.012317473488051855,0.015562828243337915,0.0037726406600318246
mortality_fraction_croot_delta,13,-0.0020884492867823427,0.003593644123943482,0.004463358871031579,0.0010192394088907395
mortality_fraction_froot_delta,13,-0.0007532139466342458,0.0017727368193573788,0.002693632230482432,0.0006709049814868175
mortality_fraction_leaf_delta,13,-0.001237937556473076,0.002985182099950931,0.004214659540454297,0.000917253488303136
mortality_fraction_stem_delta,13,-0.016699208670545408,0.028609375624979637,0.052607496222185995,0.013312219521313116
pool_alloc_froot_sp1,13,-0.01838235327938323,0.07781889327073574,0.1540314865799106,0.039533243101866886
pool_alloc_leaf_sp1,13,-0.05785911692841393,0.16748875539684122,0.2880057429980373,0.06962982390480775
pool_alloc_stem_sp1,13,0.6038273331483042,0.9734179281404025,1.0938700940487887,0.20994207305048682
pool_turnover_branch_sp1,13,0.46072513792659253,0.4636774496711391,0.35443663273583487,0.09005282728787495
pool_turnover_croot_sp1,13,-0.1852312582576116,0.19120617675472804,0.1858062782610036,0.05383114400620795
pool_turnover_froot_sp1,13,-0.06096177891914909,0.06419837354904297,0.07029582291343459,0.019947151745067667
pool_turnover_leaf_sp1,13,-0.058390340819213626,0.062106547571430804,0.06565143498723863,0.015418984563802826
pool_turnover_stem_sp1,13,12.426150366899844,12.711327792594805,12.929368221649511,3.8380476443412106
proj_cover,13,-1.7623931703276472,1.833950636887915,4.072659696799191,1.2719905969022678
proj_fire_off,13,0.03588058569107115,0.03588058569107115,0.08438609015576885,0.02649264881855695
proj_fire_on,13,0.3894760356802963,0.3894760356802963,0.1385894745419263,0.04354001386560468
proj_mortality,13,0.5179274789939926,0.5249025257792729,0.506870714604546,0.1489543160169406
proj_thinning_delta,13,12.203501239658745,12.203501239658745,12.91523771945099,3.826938127710196
roth_c_cover_c,13,0.025895725202425453,0.03667235874398768,0.06421889744097019,0.01937700824783944
roth_c_dpm_frac_crop,13,-0.039789098069618986,0.039789098069618986,0.03929445534029726,0.013268531400311893
roth_c_dpm_frac_tree,13,-0.0048264059540397,0.03457699114020992,0.04685108379164922,0.009343555641396115
roth_c_moisture_b_slope,13,-0.7052546612332746,0.8053114935944358,1.844731287521727,0.5756522981642074
roth_c_temp_a1,13,0.34760477368739207,0.42520841275162,0.6358931422352231,0.17834654557755597
roth_c_temp_a2,13,-0.37295261974526633,0.6622670880453054,1.1169730106129443,0.35466588897177426
thinning_fraction_branch_delta,13,0.02386434738082058,0.02386434738082058,0.021649794398630195,0.006708151361784034
thinning_fraction_croot_delta,13,0.011563467533175312,0.011563467533175312,0.009403103780203923,0.0025909133915715658
thinning_fraction_froot_delta,13,0.0050621326948956605,0.0050621326948956605,0.004584265317070124,0.0013944927430840136
thinning_fraction_leaf_delta,13,0.009164679250240254,0.009164679250240254,0.007901147967944763,0.0023771462623227184
thinning_fraction_stem_delta,13,0.056914068184418944,0.056914068184418944,0.05096368157195613,0.014544671294621931
tree_carbon_sp1,13,0.18969832398132627,1.098665045219235,1.5949901107243856,0.34156346731644965
tree_nitrogen_branch_sp1,13,0.0017134479341330167,0.0017134479341330167,0.00045361432418727606,0.0001243855022466282
tree_nitrogen_croot_sp1,13,0.0010614398296093896,0.0010614398296093896,0.0010228462795705943,0.00029419337399175867
tree_nitrogen_froot_sp1,13,0.029001525441772584,0.029001525441772584,0.01659417019608362,0.005249020246698652
tree_nitrogen_leaf_sp1,13,0.04525390627029725,0.04525390627029725,0.02706191793876638,0.008108846083766504
tree_nitrogen_stem_sp1,13,0.0040892019982738045,0.0040892019982738045,0.001473666312066128,0.0004894452038610106
tree_root_in_top_30,13,-0.05903345586129164,0.10765966621197247,0.15335127259489165,0.035865883718925774
tree_root_to_shoot_sp1,13,0.020611350333411018,0.135327554054167,0.19958194072685986,0.039536124217415494
cy0,14,-0.2698960519319291,0.5273864890122558,1.207481466607434,0.30960247170694694
clay,14,-0.644517071657808,0.6857405542252082,0.9107829251991072,0.275891517393012
temp_ci_delta,14,0.4031175809784194,0.4929073289866809,0.6181969195830749,0.1594779521342718
rain_ci_delta,14,1.4903571572470224,3.09700394115801,5.561551670886317,1.4141269033591597
evap_ci_delta,14,-0.9470091432804386,1.1365020216640216,3.9782254552373733,1.1545138689931078
ef_burn_crop_N2O_scale,14,-0.003638788124261501,0.0037515118740697197,0.0025092708253811914,0.0005998161336373292
ef_burn_crop_CH4_scale,14,-0.0136890768601334,0.013890070420817704,0.00949942349689762,0.0025885634209473958
ef_burn_tree_N2O_scale,14,0.006982160655681993,0.006982160655681993,0.005640371310289211,0.001638125172589081
ef_burn_tree_CH4_scale,14,0.027563793454443618,0.027563793454443618,0.021562052807374544,0.0065752093407625825
ef_N_inputs,14,-0.054473460663976236,0.06569742727374285,0.04952885346345883,0.01169980060290465
combustion_factor_crop,14,-0.01590796550925295,0.016494808245057665,0.012651134309522874,0.0034032416469158017
combustion_factor_tree,14,0.03698222543419437,0.03698222543419437,0.02731650483421057,0.007864061710468578
volatile_frac_organic_fertiliser,14,-0.002875425650973734,0.002875425650973734,0.00030556244209785865,8.220332913375355e-05
volatile_frac_synthetic_fertiliser,14,0.01629739688896298,0.01629739688896298,0.0016405654386363775,0.0005054828205225313
base_sf_qty_scale,14,-0.1298137469652644,0.1298137469652644,0.011684697112334615,0.003828718301943809
proj_lit_qty_scale,14,-0.003705125821950113,0.01426048574954501,0.019193096032994742,0.004894524432797393
base_stand_density_scale,14,0.0,0.0,0.0,0.0
proj_stand_density_scale,14,0.2422113912956922,0.9525946417324768,1.184223561938039,0.22448271034253045
tree_wood_dens_sp1,14,0.3880244912219431,0.9023800376150675,1.003261768566919,0.1694879647193941
base_cover,14,0.30558939898441795,0.30558939898441795,0.6187266973497633,0.22370989184284434
base_fire_off,14,-0.02488531306065852,0.02488531306065852,0.08969221031413543,0.023475185917333725
base_fire_on,14,-0.03493285974000282,0.03493285974000282,0.005956144895643016,0.0018859905989436687
base_mortality,14,0.0,0.0,0.0,0.0
base_sf_n_delta,14,-0.1329016327182005,0.1329016327182005,0.013646164833617419,0.004551771405151944
base_thinning_delta,14,0.0,0.0,0.0,0.0
crop_base_left_delta,14,0.13106107714625254,0.13106107714625254,0.054698123178016284,0.015901923994109203
crop_base_yield_delta,14,0.04631507818368161,0.05481898746136127,0.06059607402832368,0.015669187875466846
crop_carbon_above_sp3,14,0.006081015257555023,0.008742021652384835,0.008716617597183037,0.0018343717819165417
crop_carbon_below_sp3,14,0.02330174060508843,0.023724895341577023,0.013453675240587453,0.003910890739858401
crop_intercept_sp3,14,-0.0009783133768177742,0.0022869151197963287,0.0035999853195184455,0.0009659320808409436
crop_nitrogen_above_sp3,14,-0.002787944538038681,0.002921889537422165,0.0021331911774847014,0.0006244334717797255
crop_nitrogen_below_sp3,14,-0.006290349959597645,0.006290349959597645,0.001024847502680958,0.0003213931329965073
crop_carbon_above_sp10,14,0.04756767809064495,0.04756767809064495,0.02058647450292175,0.006221184968043154
crop_carbon_below_sp10,14,0.019923225593780076,0.019923225593780076,0.009422628002784124,0.002764769467759379
crop_intercept_sp10,14,0.010321123826002938,0.010435994388601095,0.00767589222461987,0.002184225718553424
crop_nitrogen_above_sp10,14,-0.007081677975079024,0.007081677975079024,0.0014323384656657757,0.00043741116246520905
crop_nitrogen_below_sp10,14,-0.004457407240105481,0.004457407240105481,0.0014506415250370686,0.0004333593057344706
crop_proj_left_delta,14,-0.010168614423797823,0.014113708456213575,0.01919795806515456,0.004761905549833497
crop_proj_yield_delta,14,0.12145112171179702,0.12286980610050988,0.0559090664298915,0.0133443474812678
crop_root_in_top_30,14,0.03352191038033907,0.03361554530927304,0.020701175917473117,0.006637960398272172
crop_root_to_shoot_sp3,14,0.015859711901933936,0.016035520112320564,0.010965948327946676,0.0030274566345978074
crop_slope_sp3,14,0.003091058077268086,0.0036612011634289928,0.004371008071653154,0.0011833280615757705
crop_root_to_shoot_sp10,14,0.016909565592780774,0.016909565592780774,0.010842487778139604,0.0035596655472942256
crop_slope_sp10,14,0.022000602861899178,0.022070266538848228,0.01694199639784506,0.005395640065365167
cy0_to_ceq_multiplier,14,-0.021706490692576037,0.027789079067904038,0.10853082120349074,0.036539837347659435
litter_carbon,14,-0.027807506557227496,0.027807506557227496,0.012591804571667588,0.004153774734108086
litter_nitrogen,14,0.02384058149275809,0.02384058149275809,0.0026222280512941576,0.00072481921729496
mortality_fraction_branch_delta,14,-0.008490150305856458,0.011122159787234399,0.014495197902285754,0.003440551493119788
mortality_fraction_croot_delta,14,-0.0017405464828858686,0.0033822517619438498,0.004416403441191937,0.001003843950253492
mortality_fraction_froot_delta,14,-0.000578807400267542,0.0016674154389939105,0.002612818494474318,0.0006572651428156408
mortality_fraction_leaf_delta,14,-0.0010335839168428174,0.0028468129740490734,0.004048486502916033,0.0008718652186754718
mortality_fraction_stem_delta,14,-0.015691158356085446,0.0278206297687149,0.05300432036816835,0.013404899774473773
pool_alloc_froot_sp1,14,-0.013547667894928134,0.07285954260075618,0.1500862947410369,0.03935029003133746
pool_alloc_leaf_sp1,14,-0.04947791755753363,0.16174667640631096,0.2810469745448546,0.06851163742616309
pool_alloc_stem_sp1,14,0.5558577371572684,0.938922127300604,1.0769410677639137,0.2040109998422934
pool_turnover_branch_sp1,14,0.456295772675997,0.4621161870990983,0.37396222258602796,0.09448674504082384
pool_turnover_croot_sp1,14,-0.1619590108447418,0.16972592326028133,0.17784046733165157,0.05075301670984367
pool_turnover_froot_sp1,14,-0.050997312544759456,0.05637965838984158,0.06675954599814779,0.01818100020334369
pool_turnover_leaf_sp1,14,-0.04945667648536643,0.05496252500237625,0.061882673974261365,0.01423988906464109
pool_turnover_stem_sp1,14,12.158093659383393,12.48615147501724,13.508246309410438,4.007618245457134
proj_cover,14,-1.5292314800778883,1.677798631280376,3.87055107351851,1.2293514127980574
proj_fire_off,14,0.03588058569107089,0.03588058569107089,0.08438609015576824,0.026492648818556702
proj_fire_on,14,0.3803482051428541,0.3803482051428541,0.1477816529400948,0.04658124945867013
proj_mortality,14,0.5172894192302195,0.5259735837192344,0.5453417637284792,0.1606745756965463
proj_thinning_delta,14,11.757325041022515,11.785947974079251,13.406693855190786,3.9729265191336833
roth_c_cover_c,14,0.021141520409161674,0.03347493377179469,0.056699371043643844,0.016111061262073303
roth_c_dpm_frac_crop,14,-0.02884519727738642,0.02884519727738642,0.035323608275061716,0.011901931691855957
roth_c_dpm_frac_tree,14,-0.00587857733077436,0.030238789898609043,0.042236843510811736,0.0087781347026024
roth_c_moisture_b_slope,14,-0.5755969350361487,0.6690853430924215,1.6565725700543092,0.5173069569990526
roth_c_temp_a1,14,0.3305301371659827,0.3966336715653656,0.5866592517984571,0.16297017736095956
roth_c_temp_a2,14,-0.34219907947293066,0.6121472499130658,1.0395162370991073,0.3304358244815196
thinning_fraction_branch_delta,14,0.01651738968029932,0.01651738968029932,0.017687933135054727,0.005643889837126333
thinning_fraction_croot_delta,14,0.007456146691616409,0.007456146691616409,0.00818391311936389,0.002316918271035701
thinning_fraction_froot_delta,14,0.003423252823775899,0.003423252823775899,0.003284659432095817,0.0009889587137371062
thinning_fraction_leaf_delta,14,0.006164215769927673,0.006164215769927673,0.006740987373532755,0.0019422732482260664
thinning_fraction_stem_delta,14,0.03717970286843455,0.03717970286843455,0.04410347170509131,0.01320345139488118
tree_carbon_sp1,14,0.1434834021446954,1.0680917140073318,1.603320558894114,0.3514992400262319
tree_nitrogen_branch_sp1,14,0.0016661371994450363,0.0016661371994450363,0.00048388366106183147,0.00013128479116695683
tree_nitrogen_croot_sp1,14,0.001044680711780921,0.001044680711780921,0.0010675043502330025,0.00030801365318330073
tree_nitrogen_froot_sp1,14,0.028522974377022125,0.028522974377022125,0.01748331242743982,0.005533353795621886
tree_nitrogen_leaf_sp1,14,0.04462733763010669,0.04462733763010669,0.02885248472406724,0.008644555236655253
tree_nitrogen_stem_sp1,14,0.0038889148501039515,0.0038889148501039515,0.001488273418216015,0.0004966071372168408
tree_root_in_top_30,14,-0.05350859595160915,0.10035440560562936,0.14757100901839945,0.03468497733332634
tree_root_to_shoot_sp1,14,0.014023852710830665,0.1312891610828832,0.20098408355064276,0.041165662068172564
cy0,15,-0.25712509575428516,0.48493990537131193,1.1209815934775336,0.28849988148116024
clay,15,-0.5961192388277261,0.650077163963585,0.9129140337974734,0.27221452253591166
temp_ci_delta,15,0.3686715374861114,0.45032596144907977,0.5634396538404266,0.1432453542714494
rain_ci_delta,15,1.3880789579635755,2.936490516779233,5.352646816712291,1.3509774748509522
evap_ci_delta,15,-0.8903894866882395,1.0725415976270978,3.8646010984005077,1.12613778802156
ef_burn_crop_N2O_scale,15,-0.0036387881242615134,0.003751511874069799,0.002509270825381819,0.0005998161336374777
ef_burn_crop_CH4_scale,15,-0.013689076860133691,0.013890070420817996,0.009499423496897967,0.002588563420947492
ef_burn_tree_N2O_scale,15,0.006771531892663574,0.006771531892663574,0.00562264290558899,0.0016412709347499944
ef_burn_tree_CH4_scale,15,0.026874909485894875,0.026874909485894875,0.021401540871275385,0.00647941867496465
ef_N_inputs,15,-0.055778377255764997,0.06849217800263574,0.052472423985973106,0.012064776684816618
combustion_factor_crop,15,-0.015907965509252567,0.01649480824505735,0.012651134309523328,0.0034032416469159054
combustion_factor_tree,15,0.0360690660114759,0.0360690660114759,0.027743581457529996,0.007961378772655318
volatile_frac_organic_fertiliser,15,-0.0028754256509735177,0.0028754256509735177,0.00030556244209830756,8.220332913381963e-05
volatile_frac_synthetic_fertiliser,15,0.016297396888962912,0.016297396888962912,0.001640565438636379,0.0005054828205225955
base_sf_qty_scale,15,-0.12981374696526454,0.12981374696526454,0.011684697112334419,0.0038287183019437344
proj_lit_qty_scale,15,-0.0019522743323631242,0.013936590750084188,0.018121851133419797,0.004291108831280514
base_stand_density_scale,15,0.0,0.0,0.0,0.0
proj_stand_density_scale,15,1.075140750053192,1.348307421929237,1.0644812373611703,0.20460935516238082
tree_wood_dens_sp1,15,1.1205086282151604,1.5068885341689378,1.178646655341983,0.16942777806348575
base_cover,15,0.28280142774428435,0.28317540639057237,0.5841900988810093,0.21118922425343156
base_fire_off,15,-0.02488531306065852,0.02488531306065852,0.08969221031413543,0.023475185917333725
base_fire_on,15,-0.03493285974000275,0.03493285974000275,0.005956144895642784,0.0018859905989436104
base_mortality,15,0.0,0.0,0.0,0.0
base_sf_n_delta,15,-0.13290163271820082,0.13290163271820082,0.013646164833617445,0.004551771405151912
base_thinning_delta,15,0.0,0.0,0.0,0.0
crop_base_left_delta,15,0.12557562471945488,0.12557562471945488,0.052957191155801595,0.015446567272412011
crop_base_yield_delta,15,0.04007867862747803,0.05065864211591655,0.05919527082369159,0.014959946486964104
crop_carbon_above_sp3,15,0.0051516592522339675,0.007820489016622925,0.008333475119086445,0.0017806679816035704
crop_carbon_below_sp3,15,0.020249435612209314,0.020768470041164073,0.012819268318732965,0.00368759043472184
crop_intercept_sp3,15,-0.000974504733192369,0.0022107370459118676,0.0034913345315995777,0.0009334455705728736
crop_nitrogen_above_sp3,15,-0.002787944538039122,0.0029218895374225396,0.0021331911774842218,0.0006244334717795526
crop_nitrogen_below_sp3,15,-0.006290349959597758,0.006290349959597758,0.0010248475026810233,0.00032139313299659605
crop_carbon_above_sp10,15,0.044604801065529366,0.044604801065529366,0.019272528716403267,0.005806713024543897
crop_carbon_below_sp10,15,0.018674915591349223,0.018674915591349223,0.008873732832279274,0.0026216181550315592
crop_intercept_sp10,15,0.009525622172807165,0.009742904667285866,0.007458737496616038,0.0020823593928084505
crop_nitrogen_above_sp10,15,-0.007081677975078941,0.007081677975078941,0.0014323384656657722,0.00043741116246517604
crop_nitrogen_below_sp10,15,-0.004457407240105489,0.004457407240105489,0.0014506415250372477,0.0004333593057345254
crop_proj_left_delta,15,-0.011845272153851167,0.015153785012208437,0.01965957327707281,0.004954948329555738
crop_proj_yield_delta,15,0.12345990348344482,0.12463160482720996,0.05615975470461351,0.013500445544150533
crop_root_in_top_30,15,0.02917358220343621,0.02941249274840386,0.019541298974415075,0.006158059806376778
crop_root_to_shoot_sp3,15,0.012905627995636187,0.013329298785330217,0.010614781736745722,0.002890670292199168
crop_slope_sp3,15,0.0018227691552851837,0.003097680985729087,0.004268396671679699,0.001054326545118074
crop_root_to_shoot_sp10,15,0.0156945300083865,0.0156945300083865,0.010314142946334637,0.0033661612978392644
crop_slope_sp10,15,0.01934345324784367,0.019642259960747567,0.015698197021189565,0.004904810639237026
cy0_to_ceq_multiplier,15,-0.019244295973513938,0.024218992791546424,0.09547256728684622,0.03214309752202403
litter_carbon,15,-0.02628636970872169,0.02628636970872169,0.011809454907019526,0.003873179924819619
litter_nitrogen,15,0.023840581492757758,0.023840581492757758,0.0026222280512941598,0.0007248192172948849
mortality_fraction_branch_delta,15,-0.007277519725597087,0.010077125571226303,0.01367194750369543,0.003197604927413232
mortality_fraction_croot_delta,15,-0.001451171841100729,0.003217042497112854,0.004407368395083752,0.0010035928736658382
mortality_fraction_froot_delta,15,-0.00042967779766364125,0.001610860508186196,0.0025648062398454775,0.0006396577146432153
mortality_fraction_leaf_delta,15,-0.000851269246213529,0.002738852104523051,0.0039258866413856355,0.0008423755316682586
mortality_fraction_stem_delta,15,-0.014901791545359222,0.027623147147979376,0.053654924005494986,0.013577415615320818
pool_alloc_froot_sp1,15,0.004242854888061304,0.0725948460849236,0.1476952757784259,0.0381392973882329
pool_alloc_leaf_sp1,15,-0.03883961155326558,0.15823242695746484,0.2760656700924838,0.06757577219256082
pool_alloc_stem_sp1,15,0.38755713433688477,0.747019396014782,0.8647425432182619,0.1520770067218662
pool_turnover_branch_sp1,15,0.21095201981079245,0.28955997444978954,0.3837711086676054,0.0852173523804443
pool_turnover_croot_sp1,15,-0.2562745159623557,0.25678877428665653,0.22039247800455633,0.06630214841133591
pool_turnover_froot_sp1,15,-0.09407277220645423,0.0970937484662042,0.08668104513400747,0.024345016015425804
pool_turnover_leaf_sp1,15,-0.07835497147176598,0.07991581047775129,0.07383858975686773,0.019021100430867195
pool_turnover_stem_sp1,15,5.260565489090096,9.149791260539812,12.682847995791304,2.903717071441351
proj_cover,15,-1.3813961900678082,1.5781152769190325,3.7477811858767436,1.2037657560539792
proj_fire_off,15,0.03588058569107102,0.03588058569107102,0.08438609015576849,0.02649264881855679
proj_fire_on,15,0.3722554453006935,0.3722554453006935,0.15675099968908385,0.04955636335145675
proj_mortality,15,0.33119318198951286,0.40990558430252255,0.6070616348984742,0.16873506487053866
proj_thinning_delta,15,13.869322170452662,14.717208968523929,13.853008915371811,3.843189019556656
roth_c_cover_c,15,0.01739931881207369,0.03023363314734472,0.05134850656502453,0.01385212530421817
roth_c_dpm_frac_crop,15,-0.02227005879063835,0.022291876711480474,0.030737165440231112,0.010349297034144894
roth_c_dpm_frac_tree,15,-0.007316897501821046,0.028628584736745205,0.03946566326907427,0.008180510039426011
roth_c_moisture_b_slope,15,-0.46667714365998353,0.5628834410199858,1.5163116782224273,0.4739854737693819
roth_c_temp_a1,15,0.31441477642901716,0.3765251497644744,0.5500593327696468,0.14966203429889252
roth_c_temp_a2,15,-0.31874505550042487,0.5641776457380032,0.9897966295640539,0.31262455545393153
thinning_fraction_branch_delta,15,0.013502559440274748,0.013502559440274748,0.01695852501480067,0.005468361022102509
thinning_fraction_croot_delta,15,0.005651080869907454,0.005825802982263839,0.007696096044392536,0.0021972623589198823
thinning_fraction_froot_delta,15,0.002722164570181829,0.002722164570181829,0.0029079161410614533,0.000885782298897323
thinning_fraction_leaf_delta,15,0.004966882036787301,0.004966882036787301,0.006376556341745682,0.0018322257160361716
thinning_fraction_stem_delta,15,0.028578101895230947,0.030166402583838303,0.04096521687584064,0.012180627878655674
tree_carbon_sp1,15,0.8382720914060879,1.5975615693040315,1.7332769188518744,0.30419944684928546
tree_nitrogen_branch_sp1,15,0.001621292470493152,0.001621292470493152,0.0005147912428205637,0.0001389078325782892
tree_nitrogen_croot_sp1,15,0.0010307068625810545,0.0010307068625810545,0.0011149898245674684,0.0003226659633106894
tree_nitrogen_froot_sp1,15,0.028111469779026323,0.028111469779026323,0.018355061275091768,0.005812081508783762
tree_nitrogen_leaf_sp1,15,0.04410404278095231,0.04410404278095231,0.03064728338296089,0.009179739439047463
tree_nitrogen_stem_sp1,15,0.003713036983407314,0.003713036983407314,0.0015085832090776352,0.0005044174605148304
tree_root_in_top_30,15,-0.047684261717415626,0.09515108681538492,0.14451354842690908,0.03398230866748786
tree_root_to_shoot_sp1,15,0.12431167918478685,0.2076341651833264,0.23155778453034365,0.045602693724660436
cy0,16,-0.24473715122355513,0.44872513490977717,1.0387789639200293,0.26816901132155957
clay,16,-0.5857295543550214,0.6435196820627472,0.9235877672877588,0.27284381024430826
temp_ci_delta,16,0.3917535995555689,0.452687101749395,0.5323993784097697,0.13744741640377595
rain_ci_delta,16,1.4364211536698337,2.8344786666084234,5.203274758135306,1.3079576657626417
evap_ci_delta,16,-0.8700758564589502,1.0184456163341271,3.762805924675597,1.0989847524003857
ef_burn_crop_N2O_scale,16,-0.003638788124261326,0.00375151187406957,0.0025092708253815986,0.0005998161336374249
ef_burn_crop_CH4_scale,16,-0.013689076860133534,0.01389007042081777,0.009499423496897669,0.002588563420947434
ef_burn_tree_N2O_scale,16,0.007021229498644267,0.007021229498644267,0.00587888820924925,0.0016969164087492787
ef_burn_tree_CH4_scale,16,0.02758941716910352,0.02758941716910352,0.02176907346488583,0.006536947655316306
ef_N_inputs,16,-0.05680550780043305,0.07108522603709536,0.05546671601417812,0.012441590084092511
combustion_factor_crop,16,-0.015907965509252706,0.016494808245057387,0.012651134309523034,0.0034032416469158763
combustion_factor_tree,16,0.03732087591139527,0.03732087591139527,0.028837217927982554,0.008309372037644812
volatile_frac_organic_fertiliser,16,-0.002875425650973761,0.002875425650973761,0.00030556244209788125,8.220332913377419e-05
volatile_frac_synthetic_fertiliser,16,0.016297396888963027,0.016297396888963027,0.0016405654386367138,0.0005054828205226468
base_sf_qty_scale,16,-0.1298137469652647,0.1298137469652647,0.011684697112334332,0.003828718301943709
proj_lit_qty_scale,16,-0.000388284626806399,0.013768701526020038,0.017239714843018207,0.003768467332227773
base_stand_density_scale,16,0.0,0.0,0.0,0.0
proj_stand_density_scale,16,-0.014026831009656538,0.8455647644935598,1.2239599618802086,0.28654030563028804
tree_wood_dens_sp1,16,0.1411186682760779,0.7523898388527487,0.9835871574095062,0.20672626276313252
base_cover,16,0.26214058886911606,0.26326511198461794,0.5528291137282189,0.19958077597690477
base_fire_off,16,-0.024885313060658554,0.024885313060658554,0.08969221031413553,0.02347518591733375
base_fire_on,16,-0.03493285974000262,0.03493285974000262,0.005956144895643149,0.001885990598943732
base_mortality,16,0.0,0.0,0.0,0.0
base_sf_n_delta,16,-0.13290163271820082,0.13290163271820082,0.0136461648336175,0.004551771405151939
base_thinning_delta,16,0.0,0.0,0.0,0.0
crop_base_left_delta,16,0.12052241540913708,0.12052241540913708,0.05154287638226463,0.015080160164690068
crop_base_yield_delta,16,0.03427621208611277,0.04715336530002113,0.05809637356841832,0.014379276046822403
crop_carbon_above_sp3,16,0.004547109223531752,0.0073107824840852416,0.008052035443044796,0.001704351404962043
crop_carbon_below_sp3,16,0.018225707445121024,0.018995352664212022,0.012321608739268783,0.003429339999314499
crop_intercept_sp3,16,-0.0009728059873652092,0.002146654041547262,0.003405625213847588,0.0009087402612655399
crop_nitrogen_above_sp3,16,-0.0027879445380387057,0.0029218895374222564,0.002133191177484745,0.0006244334717796199
crop_nitrogen_below_sp3,16,-0.006290349959597807,0.006290349959597807,0.0010248475026810421,0.00032139313299658836
crop_carbon_above_sp10,16,0.04198675371285485,0.04198675371285485,0.018213897018069553,0.005470898157719406
crop_carbon_below_sp10,16,0.017570785140491395,0.017570785140491395,0.008439055926750776,0.0025104773232974015
crop_intercept_sp10,16,0.008809362258358811,0.009163506616319135,0.007302262295942847,0.0019803456436190865
crop_nitrogen_above_sp10,16,-0.007081677975079125,0.007081677975079125,0.0014323384656658934,0.0004374111624652007
crop_nitrogen_below_sp10,16,-0.004457407240105402,0.004457407240105402,0.001450641525037269,0.00043335930573452794
crop_proj_left_delta,16,-0.01273613522785104,0.015929318796299666,0.020186708309995083,0.005110295031898511
crop_proj_yield_delta,16,0.12547722883604387,0.12641415940310213,0.0564288638327328,0.013659947930008043
crop_root_in_top_30,16,0.026043101814602593,0.026416922287753258,0.018500553694583727,0.005725360800743578
crop_root_to_shoot_sp3,16,0.011022457331576491,0.011684797433568017,0.010282776684082607,0.002768304816540823
crop_slope_sp3,16,0.0010286752209981002,0.002920601082644349,0.004189726002650824,0.0009708542504912886
crop_root_to_shoot_sp10,16,0.014618611046312749,0.014618611046312749,0.009882355701746703,0.0032081567084232122
crop_slope_sp10,16,0.017009605569849574,0.017645979254834597,0.014731994386109256,0.004462755349536475
cy0_to_ceq_multiplier,16,-0.01704236264249158,0.021164530802568852,0.08411320650416358,0.028316542416048775
litter_carbon,16,-0.024919012615978377,0.024919012615978377,0.011190329619648665,0.003651575717991755
litter_nitrogen,16,0.02384058149275791,0.02384058149275791,0.0026222280512941767,0.0007248192172949304
mortality_fraction_branch_delta,16,-0.0027753635216231434,0.008947822004754304,0.012820457423188448,0.002582063238755384
mortality_fraction_croot_delta,16,9.202844885537048e-05,0.0027876594257016203,0.004183369948722609,0.0008799704708745325
mortality_fraction_froot_delta,16,0.00020443178370202624,0.0018628235908967187,0.002571696785041958,0.0005537510805520494
mortality_fraction_leaf_delta,16,0.00012298962879653125,0.0030378353872002315,0.003917410767662428,0.0007161617779166931
mortality_fraction_stem_delta,16,-0.007263302532403981,0.025857501679682992,0.04808474556266274,0.011472192501341408
pool_alloc_froot_sp1,16,0.0026069892692273887,0.06894201373809192,0.1459902196075876,0.03885665646902033
pool_alloc_leaf_sp1,16,-0.020478837256842224,0.1633287547766038,0.2758787390621253,0.06591734617172745
pool_alloc_stem_sp1,16,0.5008814783730513,0.9290523827463492,1.1020942817580959,0.212189199025332
pool_turnover_branch_sp1,16,0.49454066005789843,0.49870898130440305,0.41814265349375296,0.10737009197974776
pool_turnover_croot_sp1,16,-0.06912458129272615,0.10787835708010447,0.16897928366369191,0.045969397826240356
pool_turnover_froot_sp1,16,-0.009831874964515014,0.03558653616492894,0.060247466511978355,0.01374954205131186
pool_turnover_leaf_sp1,16,-0.010646159961503364,0.041108048494464276,0.059711997170311185,0.01274505696324664
pool_turnover_stem_sp1,16,13.094119073178993,13.319036683794433,14.982310457223566,4.512201761493434
proj_cover,16,-1.4310103973894714,1.6415937500747417,3.822428787599813,1.229772975221299
proj_fire_off,16,0.03588058569107096,0.03588058569107096,0.08438609015576833,0.026492648818556726
proj_fire_on,16,0.3922685263937568,0.3922685263937568,0.17906297590689674,0.0567448474087372
proj_mortality,16,0.5517852962730646,0.5582980709151207,0.6246015972368588,0.1871854667593233
proj_thinning_delta,16,10.079727144165364,10.33984495762288,14.988636573676358,4.390830627775207
roth_c_cover_c,16,0.01751108492607465,0.029832281468640552,0.05033358888816942,0.013167323302314562
roth_c_dpm_frac_crop,16,-0.01787208499672103,0.01797948395760486,0.026427231531568424,0.00886208754052511
roth_c_dpm_frac_tree,16,0.005813323593880945,0.027138388892151217,0.038643306646683875,0.009233855599780365
roth_c_moisture_b_slope,16,-0.40333561717735594,0.5065090455277288,1.4855912671752232,0.46660705028799154
roth_c_temp_a1,16,0.33975045773572055,0.3883821573855554,0.5322861190340368,0.1431922689663687
roth_c_temp_a2,16,-0.36575582771965365,0.5726130160776436,0.979128673407089,0.2978661515137572
thinning_fraction_branch_delta,16,-0.1655213047566777,0.1655213047566777,0.15226107889089344,0.043506508688350404
thinning_fraction_croot_delta,16,-0.05942379358853041,0.059532916478901,0.06212246651482372,0.017750237216749842
thinning_fraction_froot_delta,16,-0.030883339583341895,0.030883339583341895,0.03231246015448736,0.008543297930775701
thinning_fraction_leaf_delta,16,-0.040335061142312424,0.040335061142312424,0.04018354289627005,0.013730973618998537
thinning_fraction_stem_delta,16,-0.3207800857093107,0.32385960893038074,0.49234358330880434,0.16973081333557338
tree_carbon_sp1,16,-0.11866770536028506,0.9496176017470596,1.6256183124303094,0.3871297112856683
tree_nitrogen_branch_sp1,16,0.0019425968877285927,0.0019425968877285927,0.0006291746848650178,0.00017255366926998696
tree_nitrogen_croot_sp1,16,0.001114355791301125,0.001114355791301125,0.0011577481487427773,0.000329975070221138
tree_nitrogen_froot_sp1,16,0.027349905117335767,0.027349905117335767,0.01908764219808178,0.006024987457588676
tree_nitrogen_leaf_sp1,16,0.04282624596078403,0.04282624596078403,0.03206884476887364,0.009602763276774113
tree_nitrogen_stem_sp1,16,0.0040671707232307844,0.0040671707232307844,0.0017381002676374257,0.0005829152525997454
tree_root_in_top_30,16,-0.055124002132656766,0.09488401789801865,0.14349432269658077,0.03432711339623712
tree_root_to_shoot_sp1,16,-0.022408294519428124,0.10988735960079159,0.20294670055186348,0.047816157851047175
cy0,17,-0.23270356450900492,0.4149838202936598,0.9609100260926383,0.2489043530156634
clay,17,-0.5100714281387775,0.5985586217741973,0.929476869573827,0.26642044905860895
temp_ci_delta,17,0.28928792984945817,0.38005823147178563,0.507898933888505,0.12753054429165
rain_ci_delta,17,1.29212723368783,2.7059034335434027,5.068847124098425,1.2591915492072074
evap_ci_delta,17,-0.8012531995718589,0.961569510563353,3.6932049293374196,1.082205635256392
ef_burn_crop_N2O_scale,17,-0.0036387881242614883,0.003751511874069674,0.00250927082538117,0.0005998161336373183
ef_burn_crop_CH4_scale,17,-0.013689076860133575,0.01389007042081788,0.009499423496897703,0.002588563420947363
ef_burn_tree_N2O_scale,17,0.00619447759720283,0.00619447759720283,0.005529548577471979,0.0016386855475297314
ef_burn_tree_CH4_scale,17,0.025061269503262727,0.025061269503262727,0.021188595238700196,0.006348749887797843
ef_N_inputs,17,-0.060530052626612874,0.07487255869528628,0.05724715927189439,0.012974239351336115
combustion_factor_crop,17,-0.01590796550925305,0.016494808245057765,0.012651134309523079,0.003403241646915896
combustion_factor_tree,17,0.033573034656238836,0.033573034656238836,0.028652805636043093,0.008197651693712608
volatile_frac_organic_fertiliser,17,-0.002875425650973734,0.002875425650973734,0.0003055624420978237,8.220332913374384e-05
volatile_frac_synthetic_fertiliser,17,0.016297396888962788,0.016297396888962788,0.0016405654386360653,0.0005054828205224205
base_sf_qty_scale,17,-0.12981374696526446,0.12981374696526446,0.01168469711233449,0.0038287183019438107
proj_lit_qty_scale,17,0.0010161120852383936,0.013722570196154901,0.01651399049976975,0.0033179363856387983
base_stand_density_scale,17,0.0,0.0,0.0,0.0
proj_stand_density_scale,17,0.3570707899102338,0.9323146053030049,1.0576792100465906,0.19208067569533843
tree_wood_dens_sp1,17,0.4847949062915381,0.9526741700428414,0.968295146114942,0.14700059653089198
base_cover,17,0.2433839573576769,0.24614860989653656,0.5243336861867457,0.1888984854122985
base_fire_off,17,-0.02488531306065852,0.02488531306065852,0.0896922103141354,0.023475185917333708
base_fire_on,17,-0.034932859740002736,0.034932859740002736,0.005956144895642747,0.0018859905989436008
base_mortality,17,0.0,0.0,0.0,0.0
base_sf_n_delta,17,-0.13290163271820105,0.13290163271820105,0.013646164833617244,0.004551771405151753
base_thinning_delta,17,0.0,0.0,0.0,0.0
crop_base_left_delta,17,0.11584807401649617,0.11584807401649617,0.05039543852041159,0.014784742614435695
crop_base_yield_delta,17,0.02885280985202169,0.04433901488251214,0.05723433065097017,0.01392598716603427
crop_carbon_above_sp3,17,0.0040952272593418855,0.006940590253330189,0.0078428017201021,0.0016470691825588963
crop_carbon_below_sp3,17,0.016718283163880354,0.01776095300949516,0.011986791689736313,0.003198093903691267
crop_intercept_sp3,17,-0.0009717481620072383,0.0021021612241716196,0.0033362710078917108,0.0008899553275883331
crop_nitrogen_above_sp3,17,-0.002787944538039114,0.0029218895374226645,0.0021331911774849647,0.0006244334717797501
crop_nitrogen_below_sp3,17,-0.006290349959597608,0.006290349959597608,0.0010248475026810463,0.00032139313299657003
crop_carbon_above_sp10,17,0.039647273071068384,0.039647273071068384,0.017359414519486513,0.005198505998286036
crop_carbon_below_sp10,17,0.016584657793046048,0.016584657793046048,0.008093048021107196,0.0024238413543467186
crop_intercept_sp10,17,0.008155394862169646,0.008652239815491475,0.007192732039201949,0.0018998531611150579
crop_nitrogen_above_sp10,17,-0.007081677975079062,0.007081677975079062,0.0014323384656659052,0.0004374111624652097
crop_nitrogen_below_sp10,17,-0.004457407240105476,0.004457407240105476,0.0014506415250373854,0.0004333593057345382
crop_proj_left_delta,17,-0.013232621253019532,0.016386955157331677,0.020679753780683107,0.005253349824027538
crop_proj_yield_delta,17,0.12746615572651948,0.12818972455060285,0.05669834826408373,0.013813029489903627
crop_root_in_top_30,17,0.023576411953310065,0.024075522751467317,0.01766685525044851,0.005374595618237482
crop_root_to_shoot_sp3,17,0.00965166169218358,0.01051782973473793,0.010023092793311135,0.002677680750311518
crop_slope_sp3,17,0.00046088791948347975,0.002883137721306736,0.004147951732140144,0.0009409981007008041
crop_root_to_shoot_sp10,17,0.013655095569310128,0.013655095569310128,0.009524422851675205,0.003077831827822819
crop_slope_sp10,17,0.01493418243877077,0.016011813888403215,0.013980888920578067,0.004031483237184895
cy0_to_ceq_multiplier,17,-0.015082640361708793,0.018594855261998215,0.07422506209254456,0.024981763235893892
litter_carbon,17,-0.023681524599041277,0.023681524599041277,0.010701607973024194,0.0034773540315750444
litter_nitrogen,17,0.023840581492757775,0.023840581492757775,0.002622228051294057,0.0007248192172948489
mortality_fraction_branch_delta,17,-0.0032124260276063686,0.008237657568505901,0.01202627612196544,0.002563022603714459
mortality_fraction_croot_delta,17,-0.00019637143153713733,0.002806280399264596,0.004305627704380842,0.0009357261463693924
mortality_fraction_froot_delta,17,8.440554464503314e-05,0.001709595956144222,0.0025038712497044884,0.0005724831243341296
mortality_fraction_leaf_delta,17,-0.00012177470037148808,0.0027367446435242887,0.00375089876587803,0.0007386100742095833
mortality_fraction_stem_delta,17,-0.009405159155663312,0.02552392155092531,0.04982412268248037,0.012316083569175571
pool_alloc_froot_sp1,17,0.01646116583125722,0.07530161911015441,0.1462205375081391,0.037594303243509444
pool_alloc_leaf_sp1,17,-0.005227367753726358,0.16718865683293266,0.2757541301582575,0.06452647250569446
pool_alloc_stem_sp1,17,0.38619899932391766,0.7699630773069237,0.9584663686834247,0.18302852027794805
pool_turnover_branch_sp1,17,0.37448993180634144,0.39480550105434314,0.4193513109086752,0.10376432798045394
pool_turnover_croot_sp1,17,-0.07699470903993362,0.10993051032143378,0.16256625350726267,0.04447429023243667
pool_turnover_froot_sp1,17,-0.013566616291940076,0.03392563146498944,0.05874000477752757,0.014065862291122997
pool_turnover_leaf_sp1,17,-0.014716205266077554,0.0375720499937199,0.058021007192291155,0.013596166820980509
pool_turnover_stem_sp1,17,9.84829486372642,11.010603976857507,14.350110557654643,4.05600821280193
proj_cover,17,-1.2311749012312636,1.4762095832176128,3.674756057022055,1.1918367526186353
proj_fire_off,17,0.0358805856910709,0.0358805856910709,0.0843860901557683,0.02649264881855672
proj_fire_on,17,0.34633557341192683,0.34633557341192683,0.17136677822956803,0.05461124412244986
proj_mortality,17,0.4682187590909191,0.48641575206743254,0.6674184255906922,0.19810168551969695
proj_thinning_delta,17,11.312873128177047,11.561473780757915,13.823338710635237,4.0631053240239465
roth_c_cover_c,17,0.011173250343491068,0.02523816799939944,0.04566621377525266,0.011493193508882683
roth_c_dpm_frac_crop,17,-0.014677552579117209,0.014811677866903166,0.022640175136366375,0.0075897706951346625
roth_c_dpm_frac_tree,17,-0.02326198739092256,0.03927428047875381,0.03972346088089318,0.006748711290077338
roth_c_moisture_b_slope,17,-0.3065509468616244,0.4304191953295827,1.3713659213049643,0.42934032632008373
roth_c_temp_a1,17,0.26804550010491146,0.33315288949195826,0.5245826044027229,0.1373009415798934
roth_c_temp_a2,17,-0.25092589309876095,0.5179845374736972,0.9503810015585665,0.2872633868214192
thinning_fraction_branch_delta,17,0.08145835115185694,0.08145835115185694,0.06159862288050184,0.01936873627811308
thinning_fraction_croot_delta,17,0.0326884247208579,0.0326884247208579,0.027602209891812925,0.008112488143262485
thinning_fraction_froot_delta,17,0.015066409390333721,0.015066409390333721,0.012890514778028675,0.0034192748521962406
thinning_fraction_leaf_delta,17,0.025487985785565197,0.025487985785565197,0.020703784862395228,0.00689183868733087
thinning_fraction_stem_delta,17,0.15738227306209843,0.15738227306209843,0.14254601954004126,0.04098497445245693
tree_carbon_sp1,17,0.201728078487979,1.1258749053674824,1.6724986533370563,0.3677087651722651
tree_nitrogen_branch_sp1,17,0.0014780557394483474,0.0014780557394483474,0.0005834482926328678,0.00015759181311298707
tree_nitrogen_croot_sp1,17,0.000981125314770226,0.000981125314770226,0.0012151829733225016,0.0003567361708625736
tree_nitrogen_froot_sp1,17,0.026358585620321617,0.026358585620321617,0.01971627662720736,0.006200493109129526
tree_nitrogen_leaf_sp1,17,0.04156826522956948,0.04156826522956948,0.03358755841902569,0.01006249067656951
tree_nitrogen_stem_sp1,17,0.0033005899730676027,0.0033005899730676027,0.0015585948519828753,0.0005203144262010442
tree_root_in_top_30,17,-0.001653440854808813,0.10119979052435432,0.14814759252092832,0.030729113035465255
tree_root_to_shoot_sp1,17,0.013100729676162349,0.12774876431306798,0.20825805593421265,0.04480242404839692
cy0,18,-0.22100912998050237,0.3838872438863993,0.8873574183634846,0.23063949140608397
clay,18,-0.457378482380456,0.5690142980759656,0.9428318769105685,0.26508030904291496
temp_ci_delta,18,0.2110118679229851,0.3456346507174417,0.49264846061605805,0.11977311692598856
rain_ci_delta,18,1.1631760571516807,2.6608928056125167,4.989511861110349,1.2098269454729653
evap_ci_delta,18,-0.7330879667423211,0.928659263427782,3.6415958284848076,1.0681167893536068
ef_burn_crop_N2O_scale,18,-0.003638788124261197,0.003751511874069449,0.002509270825381361,0.0005998161336373913
ef_burn_crop_CH4_scale,18,-0.013689076860133325,0.01389007042081763,0.009499423496897632,0.002588563420947342
ef_burn_tree_N2O_scale,18,0.006055222280502886,0.006055222280502886,0.005574390436712575,0.0016569777010759235
ef_burn_tree_CH4_scale,18,0.02460681531934575,0.02460681531934575,0.021254114866469234,0.006340820863450016
ef_N_inputs,18,-0.06123011572480118,0.07715874379794684,0.060137499522287904,0.013316168104007807
combustion_factor_crop,18,-0.015907965509253007,0.016494808245057658,0.012651134309523072,0.003403241646915848
combustion_factor_tree,18,0.03300484572573002,0.03300484572573002,0.0292675453742557,0.008375909849222391
volatile_frac_organic_fertiliser,18,-0.0028754256509737675,0.0028754256509737675,0.00030556244209782124,8.220332913373054e-05
volatile_frac_synthetic_fertiliser,18,0.01629739688896298,0.01629739688896298,0.0016405654386364781,0.000505482820522565
base_sf_qty_scale,18,-0.12981374696526454,0.12981374696526454,0.011684697112334542,0.0038287183019438072
proj_lit_qty_scale,18,0.002284487107041935,0.013761207124529159,0.015917219155684403,0.0029353054202867794
base_stand_density_scale,18,0.0,0.0,0.0,0.0
proj_stand_density_scale,18,0.23749088380940356,0.8663677238984852,1.0773149129256385,0.2148679280597741
tree_wood_dens_sp1,18,0.3927763422890874,0.8831811692153645,0.9635843628325138,0.161859658172259
base_cover,18,0.22633329649175135,0.23096526994255157,0.49843347490250184,0.1790399872134186
base_fire_off,18,-0.024885313060658488,0.024885313060658488,0.0896922103141353,0.023475185917333687
base_fire_on,18,-0.034932859740002854,0.034932859740002854,0.0059561448956428845,0.0018859905989437014
base_mortality,18,0.0,0.0,0.0,0.0
base_sf_n_delta,18,-0.1329016327182006,0.1329016327182006,0.013646164833617561,0.004551771405151835
base_thinning_delta,18,0.0,0.0,0.0,0.0
crop_base_left_delta,18,0.11150889382323095,0.11150889382323095,0.04946576967605005,0.014546475320074031
crop_base_yield_delta,18,0.023762299017627213,0.042662853947445456,0.0565572422935764,0.01340677709751802
crop_carbon_above_sp3,18,0.003727234132715601,0.006650327105129533,0.007685992631409008,0.0016044727617173342
crop_carbon_below_sp3,18,0.015508375090503618,0.01682849063594822,0.011788243894104503,0.0030039586812591695
crop_intercept_sp3,18,-0.0009715239757521948,0.0020612657461377666,0.003279384530788318,0.0008754354918703242
crop_nitrogen_above_sp3,18,-0.0027879445380389637,0.0029218895374226476,0.002133191177484963,0.0006244334717796785
crop_nitrogen_below_sp3,18,-0.006290349959597532,0.006290349959597532,0.0010248475026809983,0.00032139313299657036
crop_carbon_above_sp10,18,0.03753873218849567,0.03753873218849567,0.016668646848551537,0.0049772889761333875
crop_carbon_below_sp10,18,0.015697088309332446,0.015697088309332446,0.007816161757222587,0.0023556441530238423
crop_intercept_sp10,18,0.007553874994027583,0.00823803420520616,0.00712002663714865,0.0018275448074166294
crop_nitrogen_above_sp10,18,-0.007081677975079137,0.007081677975079137,0.00143233846566586,0.0004374111624652035
crop_nitrogen_below_sp10,18,-0.0044574072401056845,0.0044574072401056845,0.0014506415250371712,0.0004333593057344675
crop_proj_left_delta,18,-0.01350629703286219,0.01664754816119025,0.021105276605392884,0.00537907556871306
crop_proj_yield_delta,18,0.1294073392119181,0.1300065178985562,0.05695748693166078,0.013927318564554304
crop_root_in_top_30,18,0.02152002210871637,0.022135670348576792,0.017032107372903445,0.005104478836475323
crop_root_to_shoot_sp3,18,0.008559186626159076,0.00970308950155092,0.009834916761478147,0.002567490214844892
crop_slope_sp3,18,1.4411826575283505e-05,0.002884804292165993,0.00413529292237936,0.0009365771942189615
crop_root_to_shoot_sp10,18,0.012783959445353201,0.012783959445353201,0.009222645518840573,0.002968317087415736
crop_slope_sp10,18,0.013069551816794112,0.014638242726928563,0.013398081412185056,0.0036415542283404346
cy0_to_ceq_multiplier,18,-0.013344511983000077,0.016381694189016964,0.06560502144944229,0.022072927303541778
litter_carbon,18,-0.02255463263707143,0.02255463263707143,0.010316739823305205,0.003341010791627165
litter_nitrogen,18,0.023840581492758185,0.023840581492758185,0.002622228051294144,0.0007248192172949302
mortality_fraction_branch_delta,18,-0.003030372606545967,0.007855578629391985,0.01155631281409299,0.0024854412196711256
mortality_fraction_croot_delta,18,-0.0002802776827389386,0.0027916889709429958,0.0043902749771885545,0.000981751031267784
mortality_fraction_froot_delta,18,7.213883058549142e-05,0.0016615231773256939,0.002484357864547125,0.0005820196831310592
mortality_fraction_leaf_delta,18,-0.0001681786158022669,0.0026080463076571248,0.00366815594822984,0.0007448664540062875
mortality_fraction_stem_delta,18,-0.010365104067363583,0.025647566292245218,0.05146719354618286,0.012919530482335982
pool_alloc_froot_sp1,18,0.011379838767219718,0.07052324062207214,0.14498808006717098,0.038162793758908596
pool_alloc_leaf_sp1,18,-0.012140281188214775,0.15887556994199442,0.2721157209875365,0.06559194542878491
pool_alloc_stem_sp1,18,0.365403327189093,0.7612753450055767,0.9648838828229371,0.18908831767573417
pool_turnover_branch_sp1,18,0.3894728232004808,0.407706984204533,0.432871618007532,0.10729897059371997
pool_turnover_croot_sp1,18,-0.0743597006589793,0.10673370041267578,0.15924107936960058,0.04366457676196871
pool_turnover_froot_sp1,18,-0.012579328071923718,0.03288290887154543,0.058395813150415664,0.01393431003047583
pool_turnover_leaf_sp1,18,-0.014302790985908035,0.036284072081481135,0.058174218549760334,0.014250435250626126
pool_turnover_stem_sp1,18,10.219684404128898,11.196498693839231,14.77577518572105,4.231154596396163
proj_cover,18,-1.0095899276429312,1.3333766136883851,3.509252289331396,1.1354027695359068
proj_fire_off,18,0.03588058569107096,0.03588058569107096,0.08438609015576835,0.026492648818556754
proj_fire_on,18,0.3409721747903792,0.3409721747903792,0.1796687699126239,0.057387354352338944
proj_mortality,18,0.4875427339663614,0.5041625566579927,0.7087481068200628,0.211858140916094
proj_thinning_delta,18,10.88269615249463,11.086063408474882,14.478168874870585,4.257678809810198
roth_c_cover_c,18,0.006590960983285913,0.023899137477456436,0.04250622697167161,0.010257530960313453
roth_c_dpm_frac_crop,18,-0.012230914704444332,0.012363164735190904,0.01939436855336031,0.00651395648744624
roth_c_dpm_frac_tree,18,-0.0192666756721226,0.03467504646905865,0.03863226337461234,0.0069548331396323835
roth_c_moisture_b_slope,18,-0.22821255534550153,0.3915654746377838,1.3054342263387333,0.40589455988265627
roth_c_temp_a1,18,0.21928726039069207,0.313304712095802,0.5200166692295524,0.12901823611498475
roth_c_temp_a2,18,-0.16026860851717714,0.5012472557901203,0.941170636106927,0.2806090327045349
thinning_fraction_branch_delta,18,0.042890462577706276,0.042890462577706276,0.030593353288726397,0.009373520555251164
thinning_fraction_croot_delta,18,0.016775310470853694,0.016775310470853694,0.012531155563674332,0.003546960535768788
thinning_fraction_froot_delta,18,0.008383871556771224,0.008383871556771224,0.006656107446225656,0.0017329863234933787
thinning_fraction_leaf_delta,18,0.01343147174788838,0.01343147174788838,0.011112885770835369,0.003560010367751043
thinning_fraction_stem_delta,18,0.08212948182119481,0.08212948182119481,0.06973738319142754,0.02069083253108993
tree_carbon_sp1,18,0.09371236646773957,1.0567571093363866,1.696255992013059,0.3899204660620624
tree_nitrogen_branch_sp1,18,0.0014425937232001918,0.0014425937232001918,0.000610672658726291,0.0001650759533846637
tree_nitrogen_croot_sp1,18,0.0009749534619745926,0.0009749534619745926,0.001270159602339218,0.0003735996037747283
tree_nitrogen_froot_sp1,18,0.02612701680863137,0.02612701680863137,0.020522668086216393,0.006459210615305678
tree_nitrogen_leaf_sp1,18,0.041334608786649546,0.041334608786649546,0.03537592404387858,0.010588760722110183
tree_nitrogen_stem_sp1,18,0.0031842123044339755,0.0031842123044339755,0.0015802752389707836,0.0005270676131353793
tree_root_in_top_30,18,-0.01309481082639526,0.09372287339480657,0.14611829335595575,0.03208267087197158
tree_root_to_shoot_sp1,18,0.0017368933242991325,0.12276978495723523,0.21149705676036543,0.047182130073598054
cy0,19,-0.20964875774593592,0.35499681587936704,0.8180650292004248,0.2133902298635709
clay,19,-0.42284658637514755,0.5487044025264785,0.9595653410776368,0.2669510425928002
temp_ci_delta,19,0.1934455724472944,0.3400989778663391,0.48040703818839964,0.11729268338836651
rain_ci_delta,19,1.1538072517763214,2.598598591286637,4.927945463445885,1.1800932814368321
evap_ci_delta,19,-0.6962061388617304,0.8910607168267115,3.5933509669294406,1.0579294166696327
ef_burn_crop_N2O_scale,19,-0.0036387881242614635,0.0037515118740696824,0.002509270825381281,0.0005998161336372983
ef_burn_crop_CH4_scale,19,-0.013689076860133476,0.013890070420817779,0.009499423496897587,0.002588563420947354
ef_burn_tree_N2O_scale,19,0.00593061874946121,0.00593061874946121,0.005632853489589889,0.0016786507046321333
ef_burn_tree_CH4_scale,19,0.02420399362809384,0.02420399362809384,0.0213809852978587,0.006356555352209209
ef_N_inputs,19,-0.061797025642770655,0.07935419754112372,0.06307492659435357,0.013681099573946401
combustion_factor_crop,19,-0.0159079655092528,0.016494808245057516,0.012651134309523226,0.003403241646915902
combustion_factor_tree,19,0.032508514132214374,0.032508514132214374,0.02992249238246122,0.00857017831322357
volatile_frac_organic_fertiliser,19,-0.0028754256509738174,0.0028754256509738174,0.00030556244209790597,8.220332913379879e-05
volatile_frac_synthetic_fertiliser,19,0.016297396888962846,0.016297396888962846,0.001640565438636124,0.000505482820522455
base_sf_qty_scale,19,-0.12981374696526465,0.12981374696526465,0.01168469711233437,0.003828718301943724
proj_lit_qty_scale,19,0.0034362946328696715,0.013874924619391157,0.015426509112822813,0.0026100038597510707
base_stand_density_scale,19,0.0,0.0,0.0,0.0
proj_stand_density_scale,19,0.1803731807009034,0.8315205002595049,1.0870220695194404,0.229579180968782
tree_wood_dens_sp1,19,0.3455830127317384,0.8453693494214679,0.9592972019221851,0.1692022092625274
base_cover,19,0.21081407871717844,0.21787523344611617,0.47488851948939653,0.169931553550397
base_fire_off,19,-0.024885313060658554,0.024885313060658554,0.08969221031413553,0.02347518591733375
base_fire_on,19,-0.0349328597400027,0.0349328597400027,0.005956144895642899,0.0018859905989436266
base_mortality,19,0.0,0.0,0.0,0.0
base_sf_n_delta,19,-0.13290163271820082,0.13290163271820082,0.013646164833617322,0.004551771405151736
base_thinning_delta,19,0.0,0.0,0.0,0.0
crop_base_left_delta,19,0.10746761838527501,0.10746761838527501,0.04871316105407189,0.014353501019357062
crop_base_yield_delta,19,0.018968526025829824,0.04162786718362735,0.056022325591361666,0.0128460357348212
crop_carbon_above_sp3,19,0.003409895483161865,0.006436764911558032,0.007567279627864211,0.0015677133670210174
crop_carbon_below_sp3,19,0.014491535756167146,0.016052379331325035,0.011689883835619157,0.0028733748373941867
crop_intercept_sp3,19,-0.0009710339856230821,0.0020259580218626337,0.0032324736001166083,0.0008638447382699971
crop_nitrogen_above_sp3,19,-0.002787944538039047,0.0029218895374225314,0.0021331911774848528,0.0006244334717796924
crop_nitrogen_below_sp3,19,-0.006290349959597483,0.006290349959597483,0.0010248475026809261,0.000321393132996558
crop_carbon_above_sp10,19,0.03562440300977824,0.03562440300977824,0.016109344600981408,0.00479775056382854
crop_carbon_below_sp10,19,0.014892723382031906,0.014892723382031906,0.007592813609837417,0.0023014228138327248
crop_intercept_sp10,19,0.0069972396355864,0.007880906824347628,0.0070746589481428595,0.0017590087838512225
crop_nitrogen_above_sp10,19,-0.00708167797507892,0.00708167797507892,0.0014323384656658338,0.0004374111624651828
crop_nitrogen_below_sp10,19,-0.004457407240105809,0.004457407240105809,0.001450641525037237,0.0004333593057344602
crop_proj_left_delta,19,-0.013640350555836761,0.01677772988117307,0.021456383838853642,0.005485759719543531
crop_proj_yield_delta,19,0.13129025438088235,0.13177189319530275,0.05720045770375463,0.014037726745050116
crop_root_in_top_30,19,0.019745628182104992,0.020469824098585575,0.016562371301425283,0.00490280514057218
crop_root_to_shoot_sp3,19,0.007638529790168972,0.009046437119312814,0.00970371397495248,0.0024812881557726733
crop_slope_sp3,19,-0.00036041096005493824,0.0029203041080957588,0.0041418229379665645,0.0009425353882549502
crop_root_to_shoot_sp10,19,0.011990221657460906,0.011990221657460906,0.008964930977672418,0.0028753565644762348
crop_slope_sp10,19,0.011380921514460327,0.0134716822823686,0.012945893829583997,0.0033016716106352255
cy0_to_ceq_multiplier,19,-0.011804888501256194,0.014477936703764804,0.05807797364579281,0.019526193786084733
litter_carbon,19,-0.021522773380307163,0.021522773380307163,0.010014237038427893,0.0032348046494185406
litter_nitrogen,19,0.023840581492758035,0.023840581492758035,0.002622228051293998,0.0007248192172948856
mortality_fraction_branch_delta,19,-0.002658830969335768,0.007530468756613629,0.01123897718976427,0.0024358946303620985
mortality_fraction_croot_delta,19,-0.00029498857856215114,0.0027710752478900995,0.0044521695052957555,0.0010171341689541862
mortality_fraction_froot_delta,19,8.945770861275293e-05,0.001643072002837706,0.002481451934825005,0.0005914820257249553
mortality_fraction_leaf_delta,19,-0.00015158353401356628,0.002564925642156235,0.00361941222489939,0.0007374310940686233
mortality_fraction_stem_delta,19,-0.010916287850045054,0.025783877104256354,0.053054516421907394,0.013422143942686409
pool_alloc_froot_sp1,19,0.01001777557525745,0.0686473475528762,0.14449208018121573,0.038416426134471555
pool_alloc_leaf_sp1,19,-0.014471703159431859,0.15495508532468527,0.270275181555963,0.06618607343874978
pool_alloc_stem_sp1,19,0.3379817751127334,0.743383309461755,0.9613255118482836,0.19247634579220357
pool_turnover_branch_sp1,19,0.3899752600508177,0.40875827658359193,0.4469909745890686,0.11073467807361542
pool_turnover_croot_sp1,19,-0.0685646064611726,0.10182496333599685,0.15677509983940494,0.04306035390470857
pool_turnover_froot_sp1,19,-0.010237775614950201,0.031932125611339277,0.0583389439276887,0.0136891548466738
pool_turnover_leaf_sp1,19,-0.012483097465967466,0.03609851926799757,0.05860254315050103,0.014408189975058033
pool_turnover_stem_sp1,19,10.2629882552119,11.232433202737855,15.167149422802215,4.355583689001474
proj_cover,19,-0.9317390925881786,1.3125345780564899,3.4546851595349417,1.105894796811887
proj_fire_off,19,0.035880585691070985,0.035880585691070985,0.0843860901557684,0.026492648818556754
proj_fire_on,19,0.3361854753903776,0.3361854753903776,0.18799145168571368,0.060168535215666244
proj_mortality,19,0.4962945670099991,0.5131595571417936,0.7532155800135119,0.22653167008143668
proj_thinning_delta,19,10.625671674866544,10.84079836737916,14.989542236248898,4.409388449240526
roth_c_cover_c,19,0.005293306199893394,0.02395888797964421,0.04109019750308335,0.009822799533393491
roth_c_dpm_frac_crop,19,-0.010296521764952025,0.01041351343582527,0.016637504484370996,0.00560599409449311
roth_c_dpm_frac_tree,19,-0.016023720691972977,0.03125914065163018,0.03792213749950033,0.00731806154940075
roth_c_moisture_b_slope,19,-0.1666127334086999,0.3751900318604575,1.2400799277826555,0.38088905814066826
roth_c_temp_a1,19,0.21087096313364487,0.3037070861513436,0.5050854154490442,0.12391499504586591
roth_c_temp_a2,19,-0.146148119712166,0.48768273537707474,0.9364242851123226,0.27359063427177077
thinning_fraction_branch_delta,19,0.028033301500807267,0.028033301500807267,0.02373616976028261,0.007049496111766856
thinning_fraction_croot_delta,19,0.010340124502132647,0.010340124502132647,0.008135820667581806,0.0022874163099491336
thinning_fraction_froot_delta,19,0.005605309153093841,0.005605309153093841,0.004707320951751667,0.0012771158266117683
thinning_fraction_leaf_delta,19,0.008724898821795137,0.008724898821795137,0.008584564798931495,0.0026752234066795295
thinning_fraction_stem_delta,19,0.05323388457780136,0.05323388457780136,0.04770222385565806,0.014850540398329655
tree_carbon_sp1,19,0.03399433070492436,1.027268681387732,1.7256666814505026,0.40700326135077414
tree_nitrogen_branch_sp1,19,0.001409046871201225,0.001409046871201225,0.0006367312186172429,0.00017238202358191006
tree_nitrogen_croot_sp1,19,0.0009705268124226118,0.0009705268124226118,0.0013273564199680593,0.00039110822080495845
tree_nitrogen_froot_sp1,19,0.025932839359562095,0.025932839359562095,0.021327075526842203,0.006717116521840391
tree_nitrogen_leaf_sp1,19,0.04116536795520324,0.04116536795520324,0.03718878045510012,0.011120639247399484
tree_nitrogen_stem_sp1,19,0.003080218150278935,0.003080218150278935,0.001603276046055027,0.0005339804516134148
tree_root_in_top_30,19,-0.016802782047991526,0.09111748978385195,0.1463448314516483,0.03304020854487213
tree_root_to_shoot_sp1,19,-0.004951057885755927,0.12011854246208016,0.21532513549566765,0.0491927167748037
cy0,20,-0.19861972485106016,0.32830862601756094,0.7529533044601302,0.1970397407535148
clay,20,-0.39525232766417917,0.5333184696557708,0.9781915750415436,0.2698784566561771
temp_ci_delta,20,0.18492593617803127,0.33767588499884343,0.4779598430216065,0.11890527168713182
rain_ci_delta,20,1.1822903787422006,2.5175976283279664,4.8865336536014015,1.1645592500815722
evap_ci_delta,20,-0.6746077740355185,0.8517513647519213,3.556181602886132,1.0509962492412468
ef_burn_crop_N2O_scale,20,-0.003638788124261205,0.0037515118740694244,0.0025092708253811997,0.0005998161336373757
ef_burn_crop_CH4_scale,20,-0.013689076860133617,0.013890070420817921,0.009499423496897738,0.0025885634209474213
ef_burn_tree_N2O_scale,20,0.005818984711506131,0.005818984711506131,0.005703650232556846,0.0017033790377759162
ef_burn_tree_CH4_scale,20,0.02384746480715037,0.02384746480715037,0.02156491627087628,0.006394209137007355
ef_N_inputs,20,-0.06224503183303718,0.0814705368716516,0.06606306927943247,0.01407336655174593
combustion_factor_crop,20,-0.015907965509253084,0.016494808245057665,0.012651134309522912,0.0034032416469158716
combustion_factor_tree,20,0.03207572969698758,0.03207572969698758,0.03061348603227616,0.008778645725571807
volatile_frac_organic_fertiliser,20,-0.0028754256509738174,0.0028754256509738174,0.0003055624420978166,8.220332913377537e-05
volatile_frac_synthetic_fertiliser,20,0.01629739688896296,0.01629739688896296,0.0016405654386364187,0.0005054828205225506
base_sf_qty_scale,20,-0.1298137469652644,0.1298137469652644,0.011684697112334332,0.0038287183019436767
proj_lit_qty_scale,20,0.004487527130762841,0.014015137871627854,0.015022684253199995,0.0023480538972622733
base_stand_density_scale,20,0.0,0.0,0.0,0.0
proj_stand_density_scale,20,0.14735912394501577,0.808126318405202,1.0906333355732103,0.23920508862633819
tree_wood_dens_sp1,20,0.3148281080059109,0.8188407966184357,0.9537140908711548,0.17313835116396104
base_cover,20,0.19667205982129177,0.20654094335907383,0.4534842498749918,0.16163632106249431
base_fire_off,20,-0.02488531306065852,0.02488531306065852,0.0896922103141354,0.023475185917333708
base_fire_on,20,-0.034932859740002556,0.034932859740002556,0.005956144895642819,0.001885990598943663
base_mortality,20,0.0,0.0,0.0,0.0
base_sf_n_delta,20,-0.13290163271820038,0.13290163271820038,0.013646164833617599,0.0045517714051519775
base_thinning_delta,20,0.0,0.0,0.0,0.0
crop_base_left_delta,20,0.10369314310790478,0.10369314310790478,0.048103647535082034,0.014196645248113779
crop_base_yield_delta,20,0.014443610246454405,0.04093525260530326,0.055595853031383535,0.01233167776986003
crop_carbon_above_sp3,20,0.0031288890176304042,0.006252637207056178,0.007476995009313835,0.001542558551874517
crop_carbon_below_sp3,20,0.013612467450372501,0.015382805156969593,0.011659552765125845,0.002791616630053699
crop_intercept_sp3,20,-0.000971669373310255,0.0019948731003025548,0.0031924355885385855,0.0008543543602326027
crop_nitrogen_above_sp3,20,-0.002787944538038968,0.0029218895374226186,0.002133191177484911,0.0006244334717796912
crop_nitrogen_below_sp3,20,-0.00629034995959755,0.00629034995959755,0.0010248475026808986,0.0003213931329965459
crop_carbon_above_sp10,20,0.03387584834585117,0.03387584834585117,0.01565587216450178,0.004651932462925976
crop_carbon_below_sp10,20,0.014159646301837556,0.014159646301837556,0.0074111181839325285,0.0022578595351815133
crop_intercept_sp10,20,0.006479858035921526,0.0075767512190895395,0.007051164790501127,0.0016921919270933181
crop_nitrogen_above_sp10,20,-0.0070816779750791535,0.0070816779750791535,0.0014323384656657254,0.00043741116246515853
crop_nitrogen_below_sp10,20,-0.0044574072401058675,0.0044574072401058675,0.0014506415250373035,0.0004333593057345362
crop_proj_left_delta,20,-0.01367967411714913,0.016816871384830786,0.021736708710896557,0.00557362980493448
crop_proj_yield_delta,20,0.13310946380772104,0.1334800561768355,0.05742424506796632,0.014142642852100111
crop_root_in_top_30,20,0.01817978066754156,0.019144622648183486,0.01622137796048201,0.00475890044109247
crop_root_to_shoot_sp3,20,0.006836371281168763,0.008471473709493105,0.00961414733189679,0.002425755133874761
crop_slope_sp3,20,-0.0006869415284843167,0.00297281417936682,0.004158666559233772,0.0009572962595792437
crop_root_to_shoot_sp10,20,0.011263181748587234,0.011263181748587234,0.008741302429860057,0.002795180764002239
crop_slope_sp10,20,0.009840379957474115,0.012512808285200655,0.012595918166379819,0.003020160124363546
cy0_to_ceq_multiplier,20,-0.010442483510479583,0.012858024380132616,0.051490571952893416,0.01728757736064339
litter_carbon,20,-0.020573173007894595,0.020573173007894595,0.00977679431070017,0.003152447401290387
litter_nitrogen,20,0.023840581492758268,0.023840581492758268,0.002622228051293766,0.000724819217294851
mortality_fraction_branch_delta,20,-0.0022434765445086434,0.007236683410465012,0.011008687965637157,0.002410049201233842
mortality_fraction_croot_delta,20,-0.0002854183730548937,0.002757670372195789,0.004505043959353899,0.001045876946197298
mortality_fraction_froot_delta,20,0.00011232948913931506,0.0016352887827456614,0.0024853546031554704,0.0006011769861369758
mortality_fraction_leaf_delta,20,-0.00011642091862160142,0.002541349172296853,0.003588362367613224,0.0007322073816666863
mortality_fraction_stem_delta,20,-0.011317062657587302,0.025904950907354847,0.05457893688636418,0.013876764258423891
pool_alloc_froot_sp1,20,0.00985723171491355,0.06782218265160019,0.14437989148483932,0.03856920177443755
pool_alloc_leaf_sp1,20,-0.015226321874127263,0.15283324265086945,0.2693195499615345,0.06660741477487646
pool_alloc_stem_sp1,20,0.30920797238192993,0.7217982240682084,0.953820656059365,0.195099626490259
pool_turnover_branch_sp1,20,0.385081229746957,0.40502530902462314,0.46077151021632795,0.11407848228248917
pool_turnover_croot_sp1,20,-0.06215797642729691,0.09673280339637891,0.15478163993643393,0.042581028015392534
pool_turnover_froot_sp1,20,-0.007641726006526878,0.03110859899974771,0.05840199804073967,0.013496053619813746
pool_turnover_leaf_sp1,20,-0.010315385060529841,0.0363171870435613,0.05905066870179376,0.014490050224196943
pool_turnover_stem_sp1,20,10.200231914095804,11.219403882717167,15.522923474506216,4.457302130056312
proj_cover,20,-0.9155749450206431,1.3120465529110221,3.456586049260507,1.1004876924039269
proj_fire_off,20,0.035880585691071006,0.035880585691071006,0.08438609015576841,0.026492648818556758
proj_fire_on,20,0.3319071202806649,0.3319071202806649,0.1963604867353982,0.06296255737621995
proj_mortality,20,0.5015554172420469,0.5191912303649306,0.7991863831366212,0.24169427570951887
proj_thinning_delta,20,10.442606136115016,10.684619229559754,15.424967607615837,4.5378868295980945
roth_c_cover_c,20,0.004659281676236457,0.023901941367142385,0.04067042078622377,0.00978936610802098
roth_c_dpm_frac_crop,20,-0.00873853694247424,0.008834372358021736,0.014301716696278636,0.00483861104555586
roth_c_dpm_frac_tree,20,-0.01438183975277498,0.02958070875645234,0.037363646973495535,0.007487415639267541
roth_c_moisture_b_slope,20,-0.1217147665521728,0.38048738527325726,1.197690754545271,0.36606869504268985
roth_c_temp_a1,20,0.20524362754085104,0.29508427803018644,0.49907612506394217,0.12210254194147967
roth_c_temp_a2,20,-0.14261798917488822,0.47749584156253955,0.9368762593287636,0.2698247021728387
thinning_fraction_branch_delta,20,0.021363253249151663,0.021363253249151663,0.021365030538415933,0.006336460961607885
thinning_fraction_croot_delta,20,0.007462936746692272,0.007462936746692272,0.006812595078729256,0.0019763000062541667
thinning_fraction_froot_delta,20,0.004279234523548403,0.004279234523548403,0.004063568818418351,0.0011521727177429073
thinning_fraction_leaf_delta,20,0.006697222563318263,0.006697222563318263,0.0076500612608998275,0.0023746307563581957
thinning_fraction_stem_delta,20,0.04009556500637215,0.04009556500637215,0.03900344842096684,0.012351286777053482
tree_carbon_sp1,20,-0.007017429926522078,1.0117568832952277,1.756231722341811,0.4219730609227063
tree_nitrogen_branch_sp1,20,0.0013773134249831288,0.0013773134249831288,0.0006616412423339308,0.000179477597731133
tree_nitrogen_croot_sp1,20,0.0009676845727778882,0.0009676845727778882,0.0013866520994093383,0.00040922935603898415
tree_nitrogen_froot_sp1,20,0.025771779976769455,0.025771779976769455,0.02213073969539934,0.00697460966042798
tree_nitrogen_leaf_sp1,20,0.04105448456037034,0.04105448456037034,0.03902711150097305,0.011658492327086987
tree_nitrogen_stem_sp1,20,0.0029869315116745733,0.0029869315116745733,0.0016274311147989958,0.0005410684073535367
tree_root_in_top_30,20,-0.01783069371222843,0.09016489784403467,0.1472931206172678,0.0337158697562318
tree_root_to_shoot_sp1,20,-0.009702817631491657,0.11833183556346469,0.21926593969488054,0.05097460899122332
cy0,21,-0.18792326182728142,0.302875560151335,0.6919280499584319,0.18174761563519465
clay,21,-0.3720549982548184,0.5230991242349139,0.9989035356469552,0.27468192545962855
temp_ci_delta,21,0.17549034395880594,0.33438536684669734,0.48049961202648184,0.12206400658537915
rain_ci_delta,21,1.2197688896689338,2.4363489615141645,4.871568321305241,1.1584158279167804
evap_ci_delta,21,-0.6605841689971074,0.8163705527254235,3.5317850624669367,1.0472343177027845
ef_burn_crop_N2O_scale,21,-0.0036387881242614635,0.003751511874069716,0.002509270825381418,0.0005998161336373512
ef_burn_crop_CH4_scale,21,-0.013689076860133325,0.013890070420817562,0.0094994234968975,0.002588563420947388
ef_burn_tree_N2O_scale,21,0.005718870925710548,0.005718870925710548,0.005785666678824647,0.0017308934888399768
ef_burn_tree_CH4_scale,21,0.023532546314714055,0.023532546314714055,0.021802012330891844,0.006452189093452816
ef_N_inputs,21,-0.06258678838656476,0.08351728634214517,0.06910330615222356,0.014496200858311796
combustion_factor_crop,21,-0.015907965509253132,0.016494808245057717,0.012651134309522801,0.0034032416469158178
combustion_factor_tree,21,0.03169931148350817,0.03169931148350817,0.0313371095555188,0.008999805823036148
volatile_frac_organic_fertiliser,21,-0.0028754256509738174,0.0028754256509738174,0.0003055624420978166,8.220332913377537e-05
volatile_frac_synthetic_fertiliser,21,0.01629739688896297,0.01629739688896297,0.0016405654386364064,0.0005054828205225506
base_sf_qty_scale,21,-0.1298137469652644,0.1298137469652644,0.01168469711233479,0.003828718301943906
proj_lit_qty_scale,21,0.0054513816015669845,0.014173809114164127,0.014689706757148131,0.0021453180541773334
base_stand_density_scale,21,0.0,0.0,0.0,0.0
proj_stand_density_scale,21,0.12461243328649825,0.7895137201697626,1.0915663835970153,0.24637278971058735
tree_wood_dens_sp1,21,0.2914935189539705,0.7975274929325825,0.9477805692286735,0.1756930209919377
base_cover,21,0.18377079773734775,0.1979606416085062,0.43402802062143553,0.1538077693107474
base_fire_off,21,-0.02488531306065852,0.02488531306065852,0.08969221031413546,0.023475185917333725
base_fire_on,21,-0.03493285974000265,0.03493285974000265,0.005956144895643086,0.001885990598943695
base_mortality,21,0.0,0.0,0.0,0.0
base_sf_n_delta,21,-0.13290163271820093,0.13290163271820093,0.01364616483361731,0.004551771405151755
base_thinning_delta,21,0.0,0.0,0.0,0.0
crop_base_left_delta,21,0.10016030997049356,0.10016030997049356,0.04760874934663791,0.014068137967247063
crop_base_yield_delta,21,0.01016219977280032,0.040816990049859364,0.05525037453368814,0.011727789781769424
crop_carbon_above_sp3,21,0.0028750028695936373,0.006090862828107316,0.007408567584158982,0.001526455997189846
crop_carbon_below_sp3,21,0.012838546512437252,0.014791937087872317,0.011673856189778304,0.0027467026655808562
crop_intercept_sp3,21,-0.0009713589575798598,0.0019652406986082117,0.0031579398674897456,0.0008468841865965594
crop_nitrogen_above_sp3,21,-0.0027879445380387933,0.0029218895374223106,0.0021331911774845717,0.0006244334717796296
crop_nitrogen_below_sp3,21,-0.006290349959597691,0.006290349959597691,0.0010248475026807503,0.0003213931329964599
crop_carbon_above_sp10,21,0.032271066694732294,0.032271066694732294,0.015287221577370684,0.004533470477525159
crop_carbon_below_sp10,21,0.013488509567112913,0.013488509567112913,0.00726159329889901,0.0022223064954521856
crop_intercept_sp10,21,0.005997586811365335,0.007307630735806425,0.0070431285850676454,0.001633114714278576
crop_nitrogen_above_sp10,21,-0.0070816779750791205,0.0070816779750791205,0.0014323384656657193,0.00043741116246512866
crop_nitrogen_below_sp10,21,-0.004457407240105576,0.004457407240105576,0.0014506415250372397,0.0004333593057345198
crop_proj_left_delta,21,-0.013651200373492938,0.016791988138238196,0.021953526439309052,0.005643347965771683
crop_proj_yield_delta,21,0.1348623575933278,0.13512805160316085,0.05762765031346334,0.014241222762439833
crop_root_in_top_30,21,0.01677733054308427,0.01800389447745574,0.015978119157538592,0.004665289008344701
crop_root_to_shoot_sp3,21,0.00612293857040819,0.00797402824560666,0.009553744773304604,0.002386091945397491
crop_slope_sp3,21,-0.000977383547238933,0.003068046338226929,0.004180093781742297,0.0009612341793579396
crop_root_to_shoot_sp10,21,0.010593088585715848,0.010593088585715848,0.008545055059142397,0.00272514140789955
crop_slope_sp10,21,0.00842846640996281,0.011700043421913043,0.012324286170569815,0.0027736186784994904
cy0_to_ceq_multiplier,21,-0.009236782944006091,0.011429726116533093,0.045713330219239144,0.015322708193412025
litter_carbon,21,-0.019695323590676057,0.019695323590676057,0.009590518902403297,0.0030888976920588583
litter_nitrogen,21,0.02384058149275812,0.02384058149275812,0.002622228051293995,0.000724819217294906
mortality_fraction_branch_delta,21,-0.001837118971326035,0.007032751357901735,0.01083429747533653,0.002386488882388304
mortality_fraction_croot_delta,21,-0.0002688558192471435,0.0027415265749695496,0.004555369812306911,0.001071811947172324
mortality_fraction_froot_delta,21,0.0001331684454008164,0.0016327860782948734,0.002492346719046699,0.0006099940392213959
mortality_fraction_leaf_delta,21,-7.805045093564889e-05,0.0025243977076602614,0.0035680055858200764,0.0007299089769528472
mortality_fraction_stem_delta,21,-0.0116650743092094,0.026019594967586056,0.05604568850707766,0.014304919870989334
pool_alloc_froot_sp1,21,0.010050853494850178,0.06738566331421539,0.1445485689071956,0.038739588162666413
pool_alloc_leaf_sp1,21,-0.015515032537266788,0.15160161201203642,0.2689551788109455,0.0670367636678066
pool_alloc_stem_sp1,21,0.28100351603238444,0.6987186472699408,0.9447587811926941,0.19760609636644869
pool_turnover_branch_sp1,21,0.37790537764757126,0.40043188807944824,0.4735845006523225,0.1165147476505682
pool_turnover_croot_sp1,21,-0.05603193793859264,0.09236584052333516,0.15318151120685036,0.042164487283253164
pool_turnover_froot_sp1,21,-0.0051632879461924325,0.030679301056178953,0.05853389239195645,0.013359474258996454
pool_turnover_leaf_sp1,21,-0.008181761790574527,0.036465443387685946,0.05949686450983394,0.014619806687522918
pool_turnover_stem_sp1,21,10.100387243687424,11.19551060605629,15.840624619134307,4.541043670518052
proj_cover,21,-0.921100209622318,1.3161720091938758,3.486802706520032,1.106782094712402
proj_fire_off,21,0.03588058569107097,0.03588058569107097,0.08438609015576834,0.02649264881855673
proj_fire_on,21,0.32807748955051386,0.32807748955051386,0.2047937142075552,0.06577472409711814
proj_mortality,21,0.5057082548229749,0.5247698386782504,0.8461724193726187,0.25711211242787346
proj_thinning_delta,21,10.301390750785355,10.586237044095933,15.820912763962028,4.6517976244560835
roth_c_cover_c,21,0.004159004710622943,0.023572080048082394,0.04058269573596185,0.009915528092243723
roth_c_dpm_frac_crop,21,-0.007467444075182783,0.007539976887441435,0.01232285133886154,0.0041882174056715755
roth_c_dpm_frac_tree,21,-0.013392828233108825,0.028425990514641203,0.03679971411791196,0.00755582338785814
roth_c_moisture_b_slope,21,-0.08925826811605042,0.38851815468589956,1.1717208624753284,0.3580116234328511
roth_c_temp_a1,21,0.1976019229517387,0.2861113713136534,0.5006367625411768,0.1226603629572065
roth_c_temp_a2,21,-0.13602748474366536,0.4697058836700073,0.9385237622038372,0.26899881281551513
thinning_fraction_branch_delta,21,0.017916400512674707,0.017916400512674707,0.019616641325401665,0.005842137429726655
thinning_fraction_croot_delta,21,0.006046924340875714,0.006148685788024244,0.006153082341827921,0.0017896784582982592
thinning_fraction_froot_delta,21,0.0035822095525671173,0.0035822095525671173,0.0037411341614598634,0.0010827768420771744
thinning_fraction_leaf_delta,21,0.005726534051181715,0.005726534051181715,0.007037309926752422,0.002192460419630901
thinning_fraction_stem_delta,21,0.033164335312839216,0.03365798141081743,0.034195149342470914,0.010759323488652698
tree_carbon_sp1,21,-0.03962363684081103,1.0014237049737924,1.7869255812405247,0.4359167696883792
tree_nitrogen_branch_sp1,21,0.0013472904397905494,0.0013472904397905494,0.0006854562353794208,0.0001863491199762141
tree_nitrogen_croot_sp1,21,0.0009662825396791863,0.0009662825396791863,0.0014479174858512188,0.0004279272946131751
tree_nitrogen_froot_sp1,21,0.025640102415680942,0.025640102415680942,0.022934348401188635,0.007231910232387496
tree_nitrogen_leaf_sp1,21,0.04099645486618398,0.04099645486618398,0.040890882491755626,0.012202398061557864
tree_nitrogen_stem_sp1,21,0.0029029422646961373,0.0029029422646961373,0.001652670591873717,0.0005483541659201486
tree_root_in_top_30,21,-0.01788129174174315,0.08990086989086468,0.14858196235173038,0.03427620578226082
tree_root_to_shoot_sp1,21,-0.013507968649893004,0.11695547217547894,0.22321009991174515,0.05261707870242812
cy0,22,-0.17756000916851655,0.2790268898906262,0.6348902628917105,0.1674539287126644
clay,22,-0.33192242063948774,0.5151203799062765,1.0182628883607052,0.27673891441836707
temp_ci_delta,22,0.14982975554924635,0.3250204345265295,0.48365395471148864,0.12464906679517693
rain_ci_delta,22,1.202251012111523,2.360009115454628,4.850650428283082,1.147896988755784
evap_ci_delta,22,-0.6438231251699807,0.7868344318578944,3.492080411455946,1.0385113837717284
ef_burn_crop_N2O_scale,22,-0.003949973246800109,0.004030217422208227,0.002500904991259111,0.0006045975340585312
ef_burn_crop_CH4_scale,22,-0.014834613573783106,0.014975786882222498,0.009501749994655473,0.0026422060556692893
ef_burn_tree_N2O_scale,22,0.005629020072573326,0.005629020072573326,0.005877904325017805,0.0017609596525505174
ef_burn_tree_CH4_scale,22,0.02325509827721845,0.02325509827721845,0.022088611668521854,0.006528997217308481
ef_N_inputs,22,-0.06736901349590149,0.08907401940875467,0.07209780709902658,0.014804822862237096
combustion_factor_crop,22,-0.017322292429776648,0.017762096117359343,0.012706216121059311,0.003488334907535167
combustion_factor_tree,22,0.03137300635857175,0.03137300635857175,0.03209039731716422,0.00923235403204588
volatile_frac_organic_fertiliser,22,-0.0028754256509739675,0.0028754256509739675,0.00030556244209784954,8.220332913380086e-05
volatile_frac_synthetic_fertiliser,22,0.016297396888962853,0.016297396888962853,0.001640565438636383,0.0005054828205225318
base_sf_qty_scale,22,-0.12981374696526485,0.12981374696526485,0.011684697112334212,0.0038287183019436325
proj_lit_qty_scale,22,0.0063389102381442965,0.014344614693206697,0.014414300082888274,0.001997565243186004
base_stand_density_scale,22,0.0,0.0,0.0,0.0
proj_stand_density_scale,22,0.10682639238090257,0.7736856813075635,1.0913442829248956,0.25216810022417824
tree_wood_dens_sp1,22,0.2721367156466446,0.778967505241879,0.9416929048408753,0.17758598926571717
base_cover,22,0.1719906347358825,0.1916121870999123,0.4163444412819779,0.14642493386835193
base_fire_off,22,-0.02488531306065852,0.02488531306065852,0.08969221031413543,0.023475185917333725
base_fire_on,22,-0.03493285974000289,0.03493285974000289,0.005956144895642937,0.0018859905989436836
base_mortality,22,0.0,0.0,0.0,0.0
base_sf_n_delta,22,-0.1329016327182006,0.1329016327182006,0.01364616483361737,0.0045517714051518995
base_thinning_delta,22,0.0,0.0,0.0,0.0
crop_base_left_delta,22,0.09684482130362398,0.09684482130362398,0.047205700686019765,0.0139617610794659
crop_base_yield_delta,22,0.006104239296771244,0.04117787084607206,0.05496433688079473,0.011060007015080408
crop_carbon_above_sp3,22,0.015048497981135497,0.015207063276123353,0.006867784326050614,0.0020192725323082456
crop_carbon_below_sp3,22,0.05032307562561058,0.05032307562561058,0.015092049038363864,0.004600308651433825
crop_intercept_sp3,22,-0.0009716908401792956,0.0019374346067246417,0.0031276320937483003,0.0008409227280026082
crop_nitrogen_above_sp3,22,-0.0041929041290594635,0.004202156345794086,0.00201337227842748,0.0006350256518790881
crop_nitrogen_below_sp3,22,-0.009395530786934187,0.009395530786934187,0.0013731474582257819,0.0004214654685625581
crop_carbon_above_sp10,22,0.030790994543978913,0.030790994543978913,0.014986375798500328,0.00443711577903931
crop_carbon_below_sp10,22,0.012871532469746733,0.012871532469746733,0.00713705417285628,0.002192772727434962
crop_intercept_sp10,22,0.0055465470678704,0.007100183419255968,0.007047042494852096,0.001569641606479138
crop_nitrogen_above_sp10,22,-0.007081677975079054,0.007081677975079054,0.0014323384656657054,0.0004374111624651803
crop_nitrogen_below_sp10,22,-0.004457407240105543,0.004457407240105543,0.001450641525037271,0.00043335930573448907
crop_proj_left_delta,22,0.009381093793964235,0.016810701499500237,0.017701253776953477,0.0031650715562963664
crop_proj_yield_delta,22,0.13654817280199474,0.13671478172734916,0.05781054411943348,0.014333044937674747
crop_root_in_top_30,22,0.04909957968222454,0.04909957968222454,0.019675189988707587,0.006178765867318993
crop_root_to_shoot_sp3,22,0.03845750977999467,0.03845750977999467,0.012047481457830541,0.0033333390187312377
crop_slope_sp3,22,0.010787063933541226,0.010787063933541226,0.00474704403455717,0.0014194650964461427
crop_root_to_shoot_sp10,22,0.009972589320858061,0.009972589320858061,0.008370770361357638,0.0026632284344620815
crop_slope_sp10,22,0.0071269321148235395,0.01095964347332953,0.01211394261170311,0.0025870438898898335
cy0_to_ceq_multiplier,22,-0.008168871502434847,0.010168255057170275,0.040634702194246114,0.01359381949892128
litter_carbon,22,-0.01888050102823387,0.01888050102823387,0.009444250229748903,0.0030400582575705
litter_nitrogen,22,0.023840581492757983,0.023840581492757983,0.002622228051293994,0.0007248192172948548
mortality_fraction_branch_delta,22,-0.0014571368177525967,0.006924440568858409,0.01069677213968412,0.002356700806676596
mortality_fraction_croot_delta,22,-0.00025181430486348466,0.0027206739099327583,0.004605659239205182,0.001097829750270805
mortality_fraction_froot_delta,22,0.00015001587529238914,0.0016339764612571333,0.002500724081225354,0.0006169693491165452
mortality_fraction_leaf_delta,22,-4.1576539582402484e-05,0.00251085852997143,0.00355451731084837,0.0007293714098362921
mortality_fraction_stem_delta,22,-0.011994243492022025,0.0261658013513473,0.05745783242387654,0.01470565599232898
pool_alloc_froot_sp1,22,0.010299080372256192,0.067451072097485,0.1449360791113084,0.03890454673659463
pool_alloc_leaf_sp1,22,-0.015757004140543835,0.1507999318944211,0.2690313585321226,0.06752195024311154
pool_alloc_stem_sp1,22,0.254159539230481,0.6751271710456364,0.9349164652667612,0.2000613039987526
pool_turnover_branch_sp1,22,0.3696196033275168,0.39477873261510565,0.4850964161914589,0.11861677279986149
pool_turnover_croot_sp1,22,-0.050458450938754354,0.08965964798365265,0.151935475629366,0.041483128123740255
pool_turnover_froot_sp1,22,-0.0029147584006405437,0.030259046530972018,0.05870886403932734,0.0133113861837968
pool_turnover_leaf_sp1,22,-0.0062055027146397075,0.03652023324332653,0.059947818951545453,0.014799663218555983
pool_turnover_stem_sp1,22,9.987812055967556,11.151534719046882,16.120620069328762,4.615162164337173
proj_cover,22,-0.889965629321862,1.3002510867128976,3.511313215747159,1.1110816802474226
proj_fire_off,22,0.03348483420034655,0.03348483420034655,0.08017837640439104,0.02525629079929045
proj_fire_on,22,0.3232485764291287,0.3232485764291287,0.21326357312534666,0.0685839704513595
proj_mortality,22,0.509606829018115,0.5314369173141394,0.8939294094418261,0.2725215866925782
proj_thinning_delta,22,10.186075536339244,10.527259025611631,16.190854019296093,4.754740532473225
roth_c_cover_c,22,0.0028225580572343754,0.02293467331464332,0.040632368926606675,0.010109824751561084
roth_c_dpm_frac_crop,22,-0.04017075774323286,0.04017075774323286,0.012951228876851014,0.004309621759560485
roth_c_dpm_frac_tree,22,-0.01265176170080665,0.0274794122888938,0.03622886950509216,0.007577951831904547
roth_c_moisture_b_slope,22,-0.05683956287769563,0.39407263605732673,1.1524069790416316,0.35194154009664996
roth_c_temp_a1,22,0.1768563905626709,0.2731070567353501,0.5067465702091115,0.12405275379728405
roth_c_temp_a2,22,-0.10104230387830897,0.4641146852122001,0.937316091497344,0.26660381703240743
thinning_fraction_branch_delta,22,0.015824683647647875,0.015824683647647875,0.018086725755276027,0.005399225222956192
thinning_fraction_croot_delta,22,0.005260398464354865,0.0054368925300822156,0.005672622326567515,0.0016290814771077165
thinning_fraction_froot_delta,22,0.0031679509930520296,0.0031679509930520296,0.003511204044580566,0.001025018315719494
thinning_fraction_leaf_delta,22,0.0051903254251545435,0.0051903254251545435,0.006539467522271525,0.0020479974494101412
thinning_fraction_stem_delta,22,0.028865340904407188,0.030319775120715632,0.031337960548431444,0.009618214744633735
tree_carbon_sp1,22,-0.06783922914304223,0.9936999798105159,1.8171130946476526,0.44910639090974813
tree_nitrogen_branch_sp1,22,0.0013188753954854748,0.0013188753954854748,0.0007082469905396806,0.00019299420246995163
tree_nitrogen_croot_sp1,22,0.0009661896314726581,0.0009661896314726581,0.0015110118210302375,0.00044716221318170083
tree_nitrogen_froot_sp1,22,0.02553450714218391,0.02553450714218391,0.023738113074565432,0.007489085446514377
tree_nitrogen_leaf_sp1,22,0.04098621027710293,0.04098621027710293,0.04277912003253048,0.012752167439085011
tree_nitrogen_stem_sp1,22,0.0028270586877519434,0.0028270586877519434,0.0016789694229622904,0.000555859623944425
tree_root_in_top_30,22,-0.017608352660462713,0.08989386536215327,0.150053466680357,0.03480706838503323
tree_root_to_shoot_sp1,22,-0.016777723366581714,0.11580110307176453,0.22708753393944084,0.05415508470977874
cy0,23,-0.16753005841509325,0.2570280593242961,0.5817415722825566,0.1541046708292991
clay,23,-0.3137892586119053,0.511860474164588,1.042217069816548,0.2822487557299516
temp_ci_delta,23,0.13909918209862565,0.3177955332808556,0.4870082121330573,0.1284051029733971
rain_ci_delta,23,1.2258615711224823,2.2972895527269928,4.873605133590627,1.1502657652046884
evap_ci_delta,23,-0.6375078365810608,0.7671496094390755,3.489725150259839,1.0397052255776364
ef_burn_crop_N2O_scale,23,-0.003949973246800259,0.004030217422208343,0.0025009049912593324,0.0006045975340585894
ef_burn_crop_CH4_scale,23,-0.01483461357378319,0.014975786882222581,0.00950174999465557,0.0026422060556694333
ef_burn_tree_N2O_scale,23,0.005548333141720127,0.005548333141720127,0.005979437816055797,0.0017933626431750078
ef_burn_tree_CH4_scale,23,0.023011428798133438,0.023011428798133438,0.022421166379471415,0.006623190269535219
ef_N_inputs,23,-0.06753137690438152,0.0910031983301171,0.07523808634423636,0.015262539291867279
combustion_factor_crop,23,-0.017322292429776457,0.017762096117359252,0.012706216121059027,0.0034883349075350086
combustion_factor_tree,23,0.03109132409237337,0.03109132409237337,0.03287063005562162,0.009475113742751085
volatile_frac_organic_fertiliser,23,-0.002875425650973851,0.002875425650973851,0.0003055624420978515,8.220332913379434e-05
volatile_frac_synthetic_fertiliser,23,0.016297396888962895,0.016297396888962895,0.0016405654386364263,0.000505482820522554
base_sf_qty_scale,23,-0.1298137469652648,0.1298137469652648,0.011684697112334197,0.0038287183019436364
proj_lit_qty_scale,23,0.007159345250629623,0.014522522741828636,0.01418544051668463,0.0018997906884080352
base_stand_density_scale,23,0.0,0.0,0.0,0.0
proj_stand_density_scale,23,0.09192109211438672,0.7597798901109376,1.090410883150496,0.25701695405790004
tree_wood_dens_sp1,23,0.25537090694251197,0.7620573183012133,0.935322245934571,0.1790350231610897
base_cover,23,0.1612244464244211,0.1855454605658593,0.400273968277622,0.13967339079819566
base_fire_off,23,-0.02488531306065852,0.02488531306065852,0.08969221031413543,0.023475185917333725
base_fire_on,23,-0.034932859740002806,0.034932859740002806,0.005956144895642663,0.0018859905989435488
base_mortality,23,0.0,0.0,0.0,0.0
base_sf_n_delta,23,-0.13290163271820057,0.13290163271820057,0.013646164833617445,0.004551771405151917
base_thinning_delta,23,0.0,0.0,0.0,0.0
crop_base_left_delta,23,0.09372873573604353,0.09372873573604353,0.04687556404248746,0.013872758842966555
crop_base_yield_delta,23,0.0022524758740396474,0.04159546018463551,0.05471991067308045,0.010510755644819722
crop_carbon_above_sp3,23,0.010187955663724138,0.010627835809539946,0.006824403185612763,0.0018755343845967126
crop_carbon_below_sp3,23,0.03590101099268522,0.03590101099268522,0.01510598094501088,0.004714718643206586
crop_intercept_sp3,23,-0.0009717624332146915,0.0019109067021984658,0.0031008444567325708,0.0008362467914775387
crop_nitrogen_above_sp3,23,-0.004192904129059513,0.004202156345794236,0.0020133722784275165,0.0006350256518790524
crop_nitrogen_below_sp3,23,-0.009395530786934328,0.009395530786934328,0.001373147458225661,0.0004214654685625079
crop_carbon_above_sp10,23,0.02942136954852171,0.02942136954852171,0.014739257859290212,0.004358521267589063
crop_carbon_below_sp10,23,0.01230197929648194,0.01230197929648194,0.007031638049276828,0.002167734325077811
crop_intercept_sp10,23,0.00512338414440878,0.0069213053247832255,0.007059873811421822,0.0015139385402663404
crop_nitrogen_above_sp10,23,-0.007081677975078996,0.007081677975078996,0.001432338465665659,0.0004374111624651023
crop_nitrogen_below_sp10,23,-0.00445740724010551,0.00445740724010551,0.0014506415250373056,0.00043335930573450875
crop_proj_left_delta,23,0.00048249214972370945,0.012919687683910244,0.017272448471526675,0.0029596702573951505
crop_proj_yield_delta,23,0.13816725779649622,0.13824027580498738,0.057973359739681395,0.014418001594980186
crop_root_in_top_30,23,0.03441648478052546,0.03441648478052546,0.02005395753561115,0.006357446864832296
crop_root_to_shoot_sp3,23,0.023809895014763903,0.023809895014763903,0.012365815086335344,0.0034675186990575806
crop_slope_sp3,23,0.004677079234672313,0.004815673257188427,0.004855530394070346,0.0014154203753331406
crop_root_to_shoot_sp10,23,0.0093961236883171,0.00941033703691788,0.008214351108418528,0.002605203652569604
crop_slope_sp10,23,0.005921702571408905,0.010349162691217651,0.01195019451951252,0.0024198195961867104
cy0_to_ceq_multiplier,23,-0.007221639832713031,0.009058808393141373,0.0361601673552394,0.012068933122189075
litter_carbon,23,-0.01812149775650445,0.01812149775650445,0.009329053412591638,0.0030026942015685242
litter_nitrogen,23,0.023840581492757983,0.023840581492757983,0.002622228051293933,0.0007248192172948578
mortality_fraction_branch_delta,23,-0.0011076514771713758,0.006854582377836369,0.010582808177688417,0.002330711255884036
mortality_fraction_croot_delta,23,-0.00023655431202284637,0.002695911095312281,0.004656626421459301,0.00112430716026016
mortality_fraction_froot_delta,23,0.00016275869210678057,0.001637375817654417,0.002509532077421097,0.0006230207465273334
mortality_fraction_leaf_delta,23,-8.471267086598844e-06,0.002504012591243723,0.0035453405779396763,0.0007273442999560676
mortality_fraction_stem_delta,23,-0.012314666276553657,0.0263404858461432,0.0588147430366206,0.015096233203971198
pool_alloc_froot_sp1,23,0.010501268783705876,0.06770597966834828,0.14549307966674951,0.03913147710194593
pool_alloc_leaf_sp1,23,-0.016091734380584744,0.15030390264720034,0.26944181716425447,0.06803044408327295
pool_alloc_stem_sp1,23,0.2289838485563423,0.6522674119469103,0.9243821598647568,0.20188879087125933
pool_turnover_branch_sp1,23,0.3606576640738648,0.38812419090104605,0.49506997426776017,0.12048175830728457
pool_turnover_croot_sp1,23,-0.045482418293418564,0.08742722004286475,0.15100509551242375,0.04090808785430964
pool_turnover_froot_sp1,23,-0.0009157831095433944,0.03002949872147382,0.05891083043711629,0.013321179637605651
pool_turnover_leaf_sp1,23,-0.004414146726026127,0.036488478064845106,0.06040581466944153,0.015021021871356092
pool_turnover_stem_sp1,23,9.87014277946098,11.091009973234895,16.362498510869738,4.679982817074459
proj_cover,23,-0.893778354273042,1.2933498225592799,3.5607753628231236,1.1267623031570921
proj_fire_off,23,0.033484834200346654,0.033484834200346654,0.0801783764043914,0.025256290799290617
proj_fire_on,23,0.3201650333665548,0.3201650333665548,0.22184987199042386,0.07143932635294348
proj_mortality,23,0.5135310968658854,0.5382598606555191,0.9422326534241351,0.2881476278787644
proj_thinning_delta,23,10.087182787394978,10.481967682854393,16.537516426970896,4.84923980115621
roth_c_cover_c,23,0.002517136925631852,0.022307072529190657,0.04051939623515927,0.010237438572912585
roth_c_dpm_frac_crop,23,-0.02662869593450084,0.02662869593450084,0.018399720184799448,0.0058517185651846175
roth_c_dpm_frac_tree,23,-0.011998133293815891,0.026626226363112532,0.035659348269284456,0.007580341951236577
roth_c_moisture_b_slope,23,-0.04260558251687231,0.39469486377072216,1.1461953481023086,0.3501436724128333
roth_c_temp_a1,23,0.1682672600768572,0.2734584514305411,0.5163440339817225,0.12623883887395274
roth_c_temp_a2,23,-0.08879177438327801,0.45773613061925494,0.9379110279696856,0.2670921450691271
thinning_fraction_branch_delta,23,0.014365170106528529,0.014365170106528529,0.016751847577293495,0.004999607027881352
thinning_fraction_croot_delta,23,0.00476529843911328,0.004978513965669812,0.005291218836866803,0.0014965398937905985
thinning_fraction_froot_delta,23,0.002889374025293162,0.002889374025293162,0.0033275453455662274,0.0009751899945698203
thinning_fraction_leaf_delta,23,0.004845857646605142,0.004845857646605142,0.0061240657206088804,0.0019277187256108745
thinning_fraction_stem_delta,23,0.0258196848359692,0.02801015479587135,0.029909741860384056,0.008994459245976822
tree_carbon_sp1,23,-0.09323389214412298,0.9876098521091798,1.8461992493483013,0.4615478194699119
tree_nitrogen_branch_sp1,23,0.001291967345409431,0.001291967345409431,0.0007300895413586642,0.00019941656719398926
tree_nitrogen_croot_sp1,23,0.000967285008346988,0.000967285008346988,0.0015757797904637895,0.0004668893709289968
tree_nitrogen_froot_sp1,23,0.02545205002997384,0.02545205002997384,0.024541833853739325,0.0077460708094788475
tree_nitrogen_leaf_sp1,23,0.04101901945000497,0.04101901945000497,0.044689976875235286,0.013307361349384357
tree_nitrogen_stem_sp1,23,0.002758268964163424,0.002758268964163424,0.0017063174224652812,0.000563601874379677
tree_root_in_top_30,23,-0.017261235399230912,0.09020139793793733,0.15161480733490953,0.03527213462158675
tree_root_to_shoot_sp1,23,-0.019686012826920545,0.11477557653260573,0.2308272393457876,0.05559526466859209
cy0,24,-0.15783324379992342,0.23599681667808828,0.5323909401492639,0.1417975335081779
clay,24,-0.2989934363972707,0.508877402078019,1.0683913117245694,0.28901753046591333
temp_ci_delta,24,0.13267255306210018,0.313745011973143,0.4923155692456758,0.13203540137368266
rain_ci_delta,24,1.2610694482340155,2.2458256219077493,4.917418165284745,1.1586641462646108
evap_ci_delta,24,-0.6326248862369311,0.7527821510517626,3.488727192255797,1.040472819130191
ef_burn_crop_N2O_scale,24,-0.003949973246800467,0.004030217422208551,0.002500904991259293,0.0006045975340585607
ef_burn_crop_CH4_scale,24,-0.014834613573782957,0.014975786882222314,0.009501749994655589,0.0026422060556694415
ef_burn_tree_N2O_scale,24,0.00547584191118414,0.00547584191118414,0.006089384174230839,0.0018278962860528234
ef_burn_tree_CH4_scale,24,0.02279821553387034,0.02279821553387034,0.022796154917051396,0.006733351421202528
ef_N_inputs,24,-0.0676187677444572,0.09288147158930907,0.07842272656221336,0.01575554606619636
combustion_factor_crop,24,-0.01732229242977619,0.017762096117358954,0.012706216121059054,0.0034883349075350146
combustion_factor_tree,24,0.0308494021682444,0.0308494021682444,0.033675192068971904,0.009726983929463417
volatile_frac_organic_fertiliser,24,-0.0028754256509739506,0.0028754256509739506,0.0003055624420978732,8.220332913381257e-05
volatile_frac_synthetic_fertiliser,24,0.016297396888963027,0.016297396888963027,0.0016405654386363793,0.0005054828205225479
base_sf_qty_scale,24,-0.1298137469652645,0.1298137469652645,0.011684697112334446,0.003828718301943748
proj_lit_qty_scale,24,0.007920422519072772,0.01470352461907683,0.013994003549900354,0.0018459016745832934
base_stand_density_scale,24,0.0,0.0,0.0,0.0
proj_stand_density_scale,24,0.07904752729269139,0.7466709154957976,1.088725022765024,0.26113812551743487
tree_wood_dens_sp1,24,0.24058420378668283,0.7462299924974254,0.9284595133650061,0.1800867195327735
base_cover,24,0.15137707800666975,0.18022414653357025,0.3856704723910279,0.13340381714565758
base_fire_off,24,-0.024885313060658505,0.024885313060658505,0.08969221031413536,0.023475185917333705
base_fire_on,24,-0.034932859740002355,0.034932859740002355,0.005956144895642594,0.0018859905989435661
base_mortality,24,0.0,0.0,0.0,0.0
base_sf_n_delta,24,-0.1329016327182006,0.1329016327182006,0.013646164833617499,0.0045517714051519186
base_thinning_delta,24,0.0,0.0,0.0,0.0
crop_base_left_delta,24,0.09079404563671752,0.09079404563671752,0.04660205813941362,0.013796720803788421
crop_base_yield_delta,24,-0.0014088720142566846,0.0421206835580937,0.054503995944986346,0.010103123618352073
crop_carbon_above_sp3,24,0.008273470854550583,0.008911215621212434,0.006718950037319972,0.0017864598179010312
crop_carbon_below_sp3,24,0.0300870310851295,0.0300870310851295,0.014904885094777713,0.004693749013651517
crop_intercept_sp3,24,-0.0009714445584059455,0.0018852437447798604,0.0030753223514545154,0.0008319624954965275
crop_nitrogen_above_sp3,24,-0.004192904129059163,0.004202156345793837,0.0020133722784273986,0.0006350256518790026
crop_nitrogen_below_sp3,24,-0.009395530786934028,0.009395530786934028,0.0013731474582260067,0.0004214654685626433
crop_carbon_above_sp10,24,0.028149171012409158,0.028149171012409158,0.014535155317665534,0.004294185296253734
crop_carbon_below_sp10,24,0.011773724044578032,0.011773724044578032,0.0069414178448341125,0.00214604972036342
crop_intercept_sp10,24,0.004726458994280711,0.0067942496447439965,0.007079272658164924,0.0014567529746616474
crop_nitrogen_above_sp10,24,-0.0070816779750791205,0.0070816779750791205,0.0014323384656657308,0.00043741116246514395
crop_nitrogen_below_sp10,24,-0.004457407240106043,0.004457407240106043,0.0014506415250371352,0.00043335930573443616
crop_proj_left_delta,24,-0.0026643674681562867,0.012022612474399102,0.017215911817402084,0.0032910078273268844
crop_proj_yield_delta,24,0.13972075649763277,0.13972075649763277,0.05811694173749944,0.014488217590157395
crop_root_in_top_30,24,0.02814795940195298,0.02814795940195298,0.01987256404833556,0.006320138254578949
crop_root_to_shoot_sp3,24,0.01801639471165468,0.01801639471165468,0.012468892648802424,0.003510980734555564
crop_slope_sp3,24,0.002187336709293869,0.003500705258648845,0.004839908988033432,0.0012188591474355396
crop_root_to_shoot_sp10,24,0.008857868950803382,0.008899315544533415,0.008072639123916429,0.002550616325416098
crop_slope_sp10,24,0.00480233468285404,0.009874293101816648,0.011821890756373412,0.0022729588309439662
cy0_to_ceq_multiplier,24,-0.00638083586109243,0.008070790985831435,0.03220896063891602,0.010721155566617659
litter_carbon,24,-0.017412226526465936,0.017412226526465936,0.009237792990828783,0.002974193037288713
litter_nitrogen,24,0.023840581492758067,0.023840581492758067,0.0026222280512941364,0.0007248192172949106
mortality_fraction_branch_delta,24,-0.0007878128804277296,0.0068272762089019445,0.01048204743171923,0.0023012778257374303
mortality_fraction_croot_delta,24,-0.00022355606433165087,0.0026730675926279284,0.0047078965786950195,0.0011514010763979455
mortality_fraction_froot_delta,24,0.00017181162238005392,0.0016387085766356433,0.0025181120157412315,0.0006288613634463135
mortality_fraction_leaf_delta,24,2.1111594334993765e-05,0.0025019072516096197,0.0035385148464051955,0.0007248336140454597
mortality_fraction_stem_delta,24,-0.012626951998546654,0.026567753600610377,0.06011281509267337,0.015489349738505723
pool_alloc_froot_sp1,24,0.010630401162684183,0.06793500859837931,0.14617605855154867,0.03939463885235796
pool_alloc_leaf_sp1,24,-0.01654720606492891,0.14981416101310122,0.27009797913878036,0.06860371728546348
pool_alloc_stem_sp1,24,0.20558146539660913,0.6337526560396451,0.9129825892166041,0.2023971550905842
pool_turnover_branch_sp1,24,0.35116935253409365,0.38105290287181026,0.5032954567265897,0.12199041206804133
pool_turnover_croot_sp1,24,-0.04107118604406658,0.08604107157540417,0.1503511477759728,0.040432107598534696
pool_turnover_froot_sp1,24,0.0008444873830709854,0.030090386529455077,0.059128996995642155,0.013393927377282967
pool_turnover_leaf_sp1,24,-0.0028005695004049342,0.03642512195925572,0.06086723970026423,0.015255634113860113
pool_turnover_stem_sp1,24,9.748686439376552,11.014702244626053,16.564935856914538,4.734882750647555
proj_cover,24,-0.9063392938748013,1.2913563986290586,3.6197852875727254,1.146229197463318
proj_fire_off,24,0.0334848342003467,0.0334848342003467,0.08017837640439145,0.02525629079929063
proj_fire_on,24,0.3173896670576018,0.3173896670576018,0.23050977049713806,0.0743150312089051
proj_mortality,24,0.5175447146997658,0.5452636800421031,0.9908248707112053,0.3040828292589997
proj_thinning_delta,24,9.998151692272469,10.451477116525975,16.859173985513305,4.929904422402908
roth_c_cover_c,24,0.002466723722726616,0.021824003920740388,0.040497509581297976,0.01037055441562956
roth_c_dpm_frac_crop,24,-0.01816378296129763,0.01816378296129763,0.017861321100869153,0.00564376283477822
roth_c_dpm_frac_tree,24,-0.011375005360848619,0.025933597059480597,0.035092673677854284,0.007539739472866088
roth_c_moisture_b_slope,24,-0.03166169679410931,0.39424690436173915,1.142361091571993,0.3489218053255536
roth_c_temp_a1,24,0.16387961712551574,0.2761174100025047,0.526491522831068,0.12879524140487258
roth_c_temp_a2,24,-0.08379040041489307,0.45289558866800084,0.9370430107864111,0.26705541004784467
thinning_fraction_branch_delta,24,0.013242289113521544,0.013242289113521544,0.015593247626344177,0.004642330142331966
thinning_fraction_croot_delta,24,0.004417906048363562,0.004653906053527645,0.004985615282203569,0.0013897229421626267
thinning_fraction_froot_delta,24,0.002682042467594942,0.002682042467594942,0.003175957476803062,0.0009325733221570326
thinning_fraction_leaf_delta,24,0.004594759332233353,0.004594759332233353,0.00577831376596875,0.001827082004446499
thinning_fraction_stem_delta,24,0.02346304006499539,0.027306850815448556,0.029511841484347847,0.008160878038949347
tree_carbon_sp1,24,-0.11641995457501615,0.9820221387761483,1.8735823930076176,0.473189558182372
tree_nitrogen_branch_sp1,24,0.0012664677177670087,0.0012664677177670087,0.0007510576202430188,0.00020562275614675657
tree_nitrogen_croot_sp1,24,0.000969455691522228,0.000969455691522228,0.0016420492675098316,0.00048705850492606245
tree_nitrogen_froot_sp1,24,0.025390076495022933,0.025390076495022933,0.025344954836621063,0.008002687897184852
tree_nitrogen_leaf_sp1,24,0.041090408424625864,0.041090408424625864,0.046620786442129435,0.013867304977988455
tree_nitrogen_stem_sp1,24,0.0026957098804275604,0.0026957098804275604,0.0017347024730657266,0.0005715914694589974
tree_root_in_top_30,24,-0.016930724581944064,0.09053967041365536,0.153197747018847,0.03572436950363481
tree_root_to_shoot_sp1,24,-0.022307927313330228,0.11382199665168669,0.2343539382152347,0.05693109714118771
cy0,25,-0.1484674530708629,0.21596333779073867,0.48675673881520104,0.13048007040565418
clay,25,-0.28608673228206716,0.5065745873661365,1.0955934810207661,0.2960042656524368
temp_ci_delta,25,0.1279864067400322,0.3114045430549553,0.49741561584167815,0.13465879611318562
rain_ci_delta,25,1.3007926755568473,2.202237777885453,4.981256312326985,1.1727645408530896
evap_ci_delta,25,-0.6301866924053855,0.7422228765311243,3.497527610302105,1.0437723049623047
ef_burn_crop_N2O_scale,25,-0.003949973246800268,0.004030217422208352,0.00250090499125926,0.000604597534058573
ef_burn_crop_CH4_scale,25,-0.014834613573782764,0.014975786882222156,0.009501749994655612,0.0026422060556693704
ef_burn_tree_N2O_scale,25,0.005410686389199007,0.005410686389199007,0.006206880631016071,0.001864355563639978
ef_burn_tree_CH4_scale,25,0.022612440794013762,0.022612440794013762,0.02321001983492083,0.006858071050877926
ef_N_inputs,25,-0.06764009392633519,0.09471244125746932,0.08164556087953474,0.016283053398099424
combustion_factor_crop,25,-0.01732229242977673,0.017762096117359495,0.012706216121058978,0.0034883349075350116
combustion_factor_tree,25,0.03064289488793952,0.03064289488793952,0.0345014723896631,0.00998690217156562
volatile_frac_organic_fertiliser,25,-0.0028754256509739007,0.0028754256509739007,0.0003055624420977837,8.220332913377698e-05
volatile_frac_synthetic_fertiliser,25,0.016297396888963037,0.016297396888963037,0.0016405654386361284,0.0005054828205224697
base_sf_qty_scale,25,-0.12981374696526435,0.12981374696526435,0.011684697112334667,0.003828718301943879
proj_lit_qty_scale,25,0.008628812636007954,0.014884592779087236,0.013832577436335352,0.0018289214112070234
base_stand_density_scale,25,0.0,0.0,0.0,0.0
proj_stand_density_scale,25,0.0678412607921894,0.7340452963217909,1.086050517263403,0.2645242585629693
tree_wood_dens_sp1,25,0.22746959545125836,0.731144536441421,0.920896552965137,0.18073319722113346
base_cover,25,0.1423641365224676,0.1759665034347006,0.37239956316447204,0.12747908437351405
base_fire_off,25,-0.02488531306065847,0.02488531306065847,0.08969221031413528,0.02347518591733368
base_fire_on,25,-0.03493285974000257,0.03493285974000257,0.005956144895642782,0.0018859905989436173
base_mortality,25,0.0,0.0,0.0,0.0
base_sf_n_delta,25,-0.13290163271820096,0.13290163271820096,0.013646164833617467,0.004551771405151797
base_thinning_delta,25,0.0,0.0,0.0,0.0
crop_base_left_delta,25,0.08802638296601006,0.08812649288631451,0.046372444482372606,0.013664993377068177
crop_base_yield_delta,25,-0.004892301050080039,0.04300156755202959,0.05430603915382038,0.009746429512133661
crop_carbon_above_sp3,25,0.007169966325852381,0.008058176923986967,0.0066327042120716,0.0016790232951117685
crop_carbon_below_sp3,25,0.02665293874650263,0.02665293874650263,0.014350050319332135,0.004524877716927133
crop_intercept_sp3,25,-0.0009710429855876223,0.0018603602165892185,0.003051859869505583,0.0008285122827412842
crop_nitrogen_above_sp3,25,-0.004192904129059297,0.004202156345793987,0.0020133722784276423,0.000635025651879119
crop_nitrogen_below_sp3,25,-0.009395530786934479,0.009395530786934479,0.001373147458225667,0.000421465468562538
crop_carbon_above_sp10,25,0.02696409286746579,0.02696409286746579,0.014364462614244978,0.004241159868815498
crop_carbon_below_sp10,25,0.011283050581162368,0.011283050581162368,0.006863117269139858,0.002127020594957994
crop_intercept_sp10,25,0.004352610408434465,0.0066849818713357765,0.007103140876114003,0.00140712816444092
crop_nitrogen_above_sp10,25,-0.007081677975079037,0.007081677975079037,0.0014323384656656233,0.00043741116246514113
crop_nitrogen_below_sp10,25,-0.00445740724010546,0.00445740724010546,0.0014506415250372705,0.0004333593057345022
crop_proj_left_delta,25,-0.004239011994865927,0.012041077717354864,0.017552224181454253,0.0035608117610306726
crop_proj_yield_delta,25,0.1412103530537979,0.1412103530537979,0.05824231938802581,0.014516298360618659
crop_root_in_top_30,25,0.024301936206955945,0.024301936206955945,0.019248352982010362,0.0061122736790111196
crop_root_to_shoot_sp3,25,0.014775820941353759,0.014775820941353759,0.012161429853999976,0.003436148992608808
crop_slope_sp3,25,0.0008023702081423583,0.0033122144848237085,0.004703472200317475,0.001030280524619499
crop_root_to_shoot_sp10,25,0.008354134151484578,0.00843147571444986,0.007943501475458475,0.002494598028412798
crop_slope_sp10,25,0.0037588273751802737,0.00959576575028186,0.011721325816139905,0.0021084974296737293
cy0_to_ceq_multiplier,25,-0.005632434631188515,0.0071884852606024455,0.028712133088982194,0.009527281875069193
litter_carbon,25,-0.01674737868922138,0.01674737868922138,0.009164884435625083,0.0029525074187587604
litter_nitrogen,25,0.023840581492758316,0.023840581492758316,0.002622228051294078,0.00072481921729493
mortality_fraction_branch_delta,25,-0.000495044460533517,0.0067904912162491445,0.010386198238954054,0.0022788395931371947
mortality_fraction_croot_delta,25,-0.000212677760008656,0.002648624257655613,0.004758785518437632,0.0011783675795670639
mortality_fraction_froot_delta,25,0.00017782995672896985,0.001642358144933742,0.002525938068758455,0.0006321011837532322
mortality_fraction_leaf_delta,25,4.748420939500869e-05,0.002497554289383043,0.0035324245768241186,0.0007235023902613757
mortality_fraction_stem_delta,25,-0.012928127631153735,0.026763447392902456,0.06134650354816112,0.01586951981544249
pool_alloc_froot_sp1,25,0.01068588381456862,0.06811696765515454,0.14694562818422927,0.039682011560631225
pool_alloc_leaf_sp1,25,-0.017109619845181757,0.14957365786497068,0.2709212724744529,0.06910808898304693
pool_alloc_stem_sp1,25,0.18397273956353027,0.6167096188063707,0.9004590988412995,0.20185974021896486
pool_turnover_branch_sp1,25,0.34119313225624237,0.373074993632703,0.5095704781938264,0.12313238633778043
pool_turnover_croot_sp1,25,-0.03716847671972657,0.08478358278162311,0.14993492346920753,0.04012226482455515
pool_turnover_froot_sp1,25,0.0023864763559334258,0.030371859484792447,0.059355524241750286,0.013454146358589093
pool_turnover_leaf_sp1,25,-0.0013475356077463363,0.03642444153679865,0.06132531358259295,0.015456063015183177
pool_turnover_stem_sp1,25,9.622333963705799,10.929210914300205,16.726040985185502,4.779278535398318
proj_cover,25,-0.92365141584906,1.2893691511339511,3.68601864208062,1.168816808297867
proj_fire_off,25,0.03348483420034667,0.03348483420034667,0.0801783764043914,0.025256290799290614
proj_fire_on,25,0.31488490242441625,0.31488490242441625,0.23923326679610923,0.07720774162690058
proj_mortality,25,0.5216243108196708,0.552463412684193,1.0394053110287964,0.32022806071677573
proj_thinning_delta,25,9.913912401853104,10.436986212083628,17.152321632937557,4.992959126704703
roth_c_cover_c,25,0.002543428229179465,0.0215472644844342,0.04039827957991924,0.010444451932558864
roth_c_dpm_frac_crop,25,-0.013529441590970318,0.013529441590970318,0.016021656098620222,0.005056685704569235
roth_c_dpm_frac_tree,25,-0.010763158803863327,0.025331848634476108,0.034528106108430205,0.007477869794450078
roth_c_moisture_b_slope,25,-0.026708967269639516,0.3920705425946364,1.141712374254982,0.3486640595636217
roth_c_temp_a1,25,0.16031472608597444,0.2780836725546064,0.5380536624735525,0.13190533441932242
roth_c_temp_a2,25,-0.0793693599702949,0.4512622850968409,0.9345281376294085,0.26642550452272473
thinning_fraction_branch_delta,25,0.012324831219951603,0.012324831219951603,0.014582452045853015,0.00432299631169158
thinning_fraction_croot_delta,25,0.004153308732520344,0.004406304501620906,0.004738893419056641,0.0013051987231601247
thinning_fraction_froot_delta,25,0.0025163000792008004,0.0025163000792008004,0.0030475093596725893,0.0008957594437648918
thinning_fraction_leaf_delta,25,0.004394838226466205,0.004394838226466205,0.005490354873362682,0.0017426105447909217
thinning_fraction_stem_delta,25,0.02154277045964747,0.026687313599904634,0.02975854142679629,0.007741232557465767
tree_carbon_sp1,25,-0.13762376970027712,0.9765254129852059,1.8986560263031043,0.48389769437544317
tree_nitrogen_branch_sp1,25,0.0012422808591331853,0.0012422808591331853,0.0007712180922017362,0.00021162002598217175
tree_nitrogen_croot_sp1,25,0.0009725946109794103,0.0009725946109794103,0.0017096296875493313,0.0005076134064011793
tree_nitrogen_froot_sp1,25,0.025346168216927385,0.025346168216927385,0.026146611348552593,0.008258659378749474
tree_nitrogen_leaf_sp1,25,0.04119609615199425,0.04119609615199425,0.04856811132712916,0.014431100742942068
tree_nitrogen_stem_sp1,25,0.002638641310194595,0.002638641310194595,0.0017641016284254802,0.0005798319429154526
tree_root_in_top_30,25,-0.016644044156923533,0.09083143899980617,0.15474632394550475,0.036166293244865824
tree_root_to_shoot_sp1,25,-0.024675880113220285,0.11289889199599117,0.23759015551010426,0.058150100904091
cy0,26,-0.13943008171086615,0.19714636118176138,0.4447738863430089,0.12001015631914048
clay,26,-0.27500228340766697,0.5041274199120969,1.1235912118663058,0.30356092036562354
temp_ci_delta,26,0.12409253408017788,0.3118550894518234,0.5019664202820376,0.13518210518230908
rain_ci_delta,26,1.3385934868686136,2.1649210925167695,5.0574548930306475,1.1904328374064248
evap_ci_delta,26,-0.6294364883099297,0.7346968494945814,3.5131971982602748,1.0489314460060137
ef_burn_crop_N2O_scale,26,-0.003949973246800242,0.004030217422208393,0.002500904991259505,0.0006045975340586006
ef_burn_crop_CH4_scale,26,-0.01483461357378294,0.014975786882222297,0.009501749994655433,0.002642206055669364
ef_burn_tree_N2O_scale,26,0.005352096322952404,0.005352096322952404,0.006331068955866075,0.0019025314610382328
ef_burn_tree_CH4_scale,26,0.0224513379852938,0.0224513379852938,0.023659125635973697,0.006995934478696647
ef_N_inputs,26,-0.06760376160823456,0.09649865534663782,0.0848988416438935,0.01684332148334241
combustion_factor_crop,26,-0.017322292429776863,0.017762096117359627,0.012706216121059,0.003488334907535055
combustion_factor_tree,26,0.030467882472153058,0.030467882472153058,0.03534679763059993,0.010253818878901309
volatile_frac_organic_fertiliser,26,-0.002875425650973884,0.002875425650973884,0.00030556244209776866,8.220332913376541e-05
volatile_frac_synthetic_fertiliser,26,0.016297396888962944,0.016297396888962944,0.0016405654386363582,0.0005054828205225342
base_sf_qty_scale,26,-0.12981374696526443,0.12981374696526443,0.011684697112334415,0.0038287183019437582
proj_lit_qty_scale,26,0.009290084403741804,0.015106282240891566,0.013695006321484562,0.00181730124967907
base_stand_density_scale,26,0.0,0.0,0.0,0.0
proj_stand_density_scale,26,0.05813652829703586,0.7216698341901929,1.0820869286576016,0.26712596207978706
tree_wood_dens_sp1,26,0.21584968582328093,0.7165651881926272,0.9124462401832508,0.1809511768426917
base_cover,26,0.13410903999411425,0.1724577862899247,0.3603383572216336,0.12196474734305186
base_fire_off,26,-0.024885313060658505,0.024885313060658505,0.08969221031413536,0.023475185917333705
base_fire_on,26,-0.0349328597400027,0.0349328597400027,0.005956144895642708,0.0018859905989435147
base_mortality,26,0.0,0.0,0.0,0.0
base_sf_n_delta,26,-0.1329016327182007,0.1329016327182007,0.013646164833617492,0.004551771405151934
base_thinning_delta,26,0.0,0.0,0.0,0.0
crop_base_left_delta,26,0.0854126377013217,0.08563209817058143,0.046176097039019086,0.01353157072738849
crop_base_yield_delta,26,-0.00821005227260967,0.0439218611835653,0.054117127603949156,0.0094798529192633
crop_carbon_above_sp3,26,0.006416349396004453,0.007603553441294833,0.00658866730342789,0.001571343516296297
crop_carbon_below_sp3,26,0.024288053182314903,0.024288053182314903,0.01381910542230067,0.004351181947699487
crop_intercept_sp3,26,-0.000970288253445331,0.0018364697827935289,0.0030297950995647575,0.0008254609423615941
crop_nitrogen_above_sp3,26,-0.004192904129059321,0.004202156345794028,0.0020133722784273756,0.0006350256518790068
crop_nitrogen_below_sp3,26,-0.009395530786933944,0.009395530786933944,0.00137314745822612,0.00042146546856270626
crop_carbon_above_sp10,26,0.025857443157128956,0.025857443157128956,0.014220028844780712,0.004197050550590343
crop_carbon_below_sp10,26,0.010825378121508186,0.010825378121508186,0.006793763174745267,0.002109954409514052
crop_intercept_sp10,26,0.00400094415167013,0.0066021344363981745,0.0071299674358182566,0.0013591060880646611
crop_nitrogen_above_sp10,26,-0.007081677975078996,0.007081677975078996,0.00143233846566589,0.00043741116246522196
crop_nitrogen_below_sp10,26,-0.004457407240105518,0.004457407240105518,0.001450641525037233,0.0004333593057345099
crop_proj_left_delta,26,-0.0051442565510079145,0.01229288791230852,0.017950621535728732,0.0037511424368832642
crop_proj_yield_delta,26,0.14263797142838316,0.14263797142838316,0.05835050741071557,0.014539884290819375
crop_root_in_top_30,26,0.02157146843697026,0.021627456307812164,0.018611820110486448,0.005865676307657374
crop_root_to_shoot_sp3,26,0.012635297335717388,0.012745796005163446,0.01179281089971247,0.003318875767544646
crop_slope_sp3,26,-9.685950814909138e-05,0.0033790825238000726,0.00456897994969024,0.0009187043001721795
crop_root_to_shoot_sp10,26,0.007881636587298837,0.008001591129419464,0.007824378608182336,0.0024377304742205304
crop_slope_sp10,26,0.0027833567843013165,0.00937729403301718,0.01164112793190222,0.001978219059815322
cy0_to_ceq_multiplier,26,-0.004965523050369095,0.0064047431089980485,0.02561156820098171,0.008467670462805197
litter_carbon,26,-0.016122767496383566,0.016122767496383566,0.009105687831983312,0.0029359506856976923
litter_nitrogen,26,0.023840581492758,0.023840581492758,0.0026222280512938666,0.0007248192172948736
mortality_fraction_branch_delta,26,-0.0002263152579915939,0.006794272094075515,0.01028843046467695,0.002261405362599339
mortality_fraction_croot_delta,26,-0.0002034778675479132,0.002627244745007701,0.00480829110240741,0.0012044292077029548
mortality_fraction_froot_delta,26,0.000181370821769794,0.001643093879646812,0.0025325322955185104,0.0006352975041392482
mortality_fraction_leaf_delta,26,7.112587184701924e-05,0.002490541821894002,0.0035256810272763445,0.0007228513024484912
mortality_fraction_stem_delta,26,-0.01321404610935617,0.026926942475055206,0.06250828093579246,0.01623390338234022
pool_alloc_froot_sp1,26,0.010677164410179773,0.06824403709387226,0.1477652856163603,0.03998211553795781
pool_alloc_leaf_sp1,26,-0.017750728676959024,0.14932670938461357,0.27184020777941537,0.06962499639357106
pool_alloc_stem_sp1,26,0.16414384550803546,0.5995223111123973,0.8865464777283207,0.20085935425013576
pool_turnover_branch_sp1,26,0.3307220120474441,0.36421976482625185,0.5136983065803746,0.123828482190633
pool_turnover_croot_sp1,26,-0.03371507913138803,0.08351696390084846,0.14971924959922225,0.039967091360732676
pool_turnover_froot_sp1,26,0.0037319267236821884,0.031069747768408394,0.05958449987085429,0.013447207179522315
pool_turnover_leaf_sp1,26,-3.522812061247105e-05,0.03652730750352654,0.06177174508380595,0.015605467098919721
pool_turnover_stem_sp1,26,9.489080696992222,10.826769729815183,16.843638324453213,4.8116916732648445
proj_cover,26,-0.940403685206151,1.2862557846965201,3.755107151137244,1.1924654368190402
proj_fire_off,26,0.03348483420034655,0.03348483420034655,0.08017837640439109,0.02525629079929045
proj_fire_on,26,0.3126165147964306,0.3126165147964306,0.2480046308705281,0.08011233117280565
proj_mortality,26,0.5257094137989894,0.5593065805122255,1.0876330457664107,0.33632329836762415
proj_thinning_delta,26,9.830254398294132,10.421867559229131,17.412763561324613,5.047275393844444
roth_c_cover_c,26,0.0026757925967972247,0.021540128705485988,0.04022827628693384,0.010430033980866152
roth_c_dpm_frac_crop,26,-0.010676171740362653,0.010676171740362653,0.013961745339754856,0.004412312024504969
roth_c_dpm_frac_tree,26,-0.010161478238515783,0.024731320195371807,0.03396348734291701,0.00742044162997054
roth_c_moisture_b_slope,26,-0.02611117473516954,0.3885912037888564,1.1429855085239766,0.3490364877806707
roth_c_temp_a1,26,0.1569862873675998,0.2798304427740225,0.5504419652567448,0.13508901324930292
roth_c_temp_a2,26,-0.07432152315108073,0.44761365773061723,0.9310631139607165,0.2660238706796235
thinning_fraction_branch_delta,26,0.011548094382595187,0.011548094382595187,0.013691633306222351,0.004036258368064071
thinning_fraction_croot_delta,26,0.003939887655934299,0.004206805626629101,0.004536531006114376,0.001238767957164744
thinning_fraction_froot_delta,26,0.0023775118125124563,0.0023775118125124563,0.002935236267310574,0.0008631689564845006
thinning_fraction_leaf_delta,26,0.004226524152727762,0.004226524152727762,0.005249101383761997,0.0016712610140385835
thinning_fraction_stem_delta,26,0.01993160616552823,0.02611619861467825,0.030337436357526174,0.007603118203186816
tree_carbon_sp1,26,-0.15690933014293978,0.9708239007232626,1.9208176738288354,0.49352196780857466
tree_nitrogen_branch_sp1,26,0.0012193143899458358,0.0012193143899458358,0.0007906283791930087,0.00021741504050960461
tree_nitrogen_croot_sp1,26,0.000976599026186528,0.000976599026186528,0.0017783110248801727,0.0005284916690521629
tree_nitrogen_froot_sp1,26,0.025318100184904168,0.025318100184904168,0.026945671016840516,0.008513621971362954
tree_nitrogen_leaf_sp1,26,0.041331943394239776,0.041331943394239776,0.05052778961576146,0.014997640821192901
tree_nitrogen_stem_sp1,26,0.002586425364297773,0.002586425364297773,0.0017944769112998647,0.0005883199946075507
tree_root_in_top_30,26,-0.016402452312385893,0.09105459650016207,0.1562120301326969,0.036587707361982566
tree_root_to_shoot_sp1,26,-0.02680294347211426,0.1119724960281713,0.24045832458214098,0.05923715905683598
cy0,27,-0.1307180561677012,0.18099576259886116,0.4063933994739863,0.10996095453837006
clay,27,-0.26554429807744306,0.5016391106952118,1.1521193566556507,0.31150675704965936
temp_ci_delta,27,0.12096195698075958,0.3126617034691123,0.5060286057157557,0.1357387287075016
rain_ci_delta,27,1.3727492183344974,2.1328847881887856,5.140731901732383,1.2102064462393374
evap_ci_delta,27,-0.6299300646785285,0.729592696031625,3.5335045559326486,1.055375083257947
ef_burn_crop_N2O_scale,27,-0.003949973246800067,0.004030217422208218,0.002500904991259122,0.0006045975340585119
ef_burn_crop_CH4_scale,27,-0.014834613573783049,0.014975786882222406,0.00950174999465544,0.002642206055669396
ef_burn_tree_N2O_scale,27,0.005299376062089053,0.005299376062089053,0.0064610847940581514,0.0019422076172226476
ef_burn_tree_CH4_scale,27,0.022312347661147133,0.022312347661147133,0.02413973283004541,0.007145514948369181
ef_N_inputs,27,-0.06751778254158422,0.09824173218993162,0.08817335388081399,0.017433754348495
combustion_factor_crop,27,-0.017322292429776547,0.01776209611735931,0.012706216121058826,0.0034883349075349704
combustion_factor_tree,27,0.03032079673191342,0.03032079673191342,0.03620838809267454,0.01052667978416419
volatile_frac_organic_fertiliser,27,-0.002875425650973884,0.002875425650973884,0.0003055624420978039,8.220332913378298e-05
volatile_frac_synthetic_fertiliser,27,0.016297396888963228,0.016297396888963228,0.001640565438636466,0.0005054828205225683
base_sf_qty_scale,27,-0.1298137469652642,0.1298137469652642,0.011684697112334465,0.003828718301943759
proj_lit_qty_scale,27,0.009909066213528328,0.01533275481804216,0.013576302128111752,0.001825205344001684
base_stand_density_scale,27,0.0,0.0,0.0,0.0
proj_stand_density_scale,27,0.0498533588939295,0.7093540110788067,1.0765262681525043,0.2688815150010655
tree_wood_dens_sp1,27,0.2056072715729694,0.7023114145525412,0.902946062731308,0.18071561381673945
base_cover,27,0.12654464773686583,0.16899901311652682,0.3493727321922017,0.11693434740186115
base_fire_off,27,-0.024885313060658536,0.024885313060658536,0.08969221031413546,0.02347518591733373
base_fire_on,27,-0.034932859740002764,0.034932859740002764,0.005956144895642844,0.0018859905989435564
base_mortality,27,0.0,0.0,0.0,0.0
base_sf_n_delta,27,-0.13290163271820082,0.13290163271820082,0.013646164833617164,0.0045517714051517165
base_thinning_delta,27,0.0,0.0,0.0,0.0
crop_base_left_delta,27,0.08294110910157695,0.08327300301404499,0.04600458460684927,0.013411536787186228
crop_base_yield_delta,27,-0.011372512171597751,0.04503162755047484,0.053931358738181716,0.009287131511354938
crop_carbon_above_sp3,27,0.0058367064465199205,0.0072782185545771285,0.006579032185170496,0.0014945279374486344
crop_carbon_below_sp3,27,0.02247497107420418,0.02247497107420418,0.013407974266339252,0.004211589766883954
crop_intercept_sp3,27,-0.0009696811068508809,0.001813163372206042,0.00300823651415509,0.0008225785026099534
crop_nitrogen_above_sp3,27,-0.004192904129059363,0.004202156345794053,0.0020133722784276224,0.0006350256518791094
crop_nitrogen_below_sp3,27,-0.009395530786934187,0.009395530786934187,0.0013731474582258597,0.0004214654685626014
crop_carbon_above_sp10,27,0.024821694804227835,0.024821694804227835,0.014096041995745162,0.004160087398240488
crop_carbon_below_sp10,27,0.010397408255274621,0.010397408255274621,0.0067314481266811145,0.0020940994438899876
crop_intercept_sp10,27,0.0036693388580450207,0.006558875020982927,0.00715918322060732,0.0013060708208907043
crop_nitrogen_above_sp10,27,-0.00708167797507907,0.00708167797507907,0.0014323384656657774,0.00043741116246518764
crop_nitrogen_below_sp10,27,-0.004457407240105451,0.004457407240105451,0.00145064152503727,0.00043335930573450956
crop_proj_left_delta,27,-0.005726468397036092,0.012529786017054064,0.018309288573295352,0.0038970450324543305
crop_proj_yield_delta,27,0.1440059441423752,0.1440059441423752,0.058442630163019565,0.01455922322489208
crop_root_in_top_30,27,0.019428008347645437,0.019635221332969237,0.01807716324819578,0.005615228909593277
crop_root_to_shoot_sp3,27,0.011032003528339867,0.011428205921164197,0.011467574978406347,0.003179483238186491
crop_slope_sp3,27,-0.0007604848109361878,0.003492210598158532,0.004466934500138774,0.0008629181063977938
crop_root_to_shoot_sp10,27,0.0074370326776981455,0.007595958300276699,0.007714108747525812,0.0023863376514481377
crop_slope_sp10,27,0.0018695460577040995,0.009263659328309007,0.011575944016962186,0.0018920200383496135
cy0_to_ceq_multiplier,27,-0.004369672600239782,0.005698971796291414,0.02285769668380435,0.007525786421454316
litter_carbon,27,-0.015534518177419562,0.015534518177419562,0.009056696124904952,0.0029232239074338667
litter_nitrogen,27,0.023840581492757876,0.023840581492757876,0.0026222280512941047,0.0007248192172948646
mortality_fraction_branch_delta,27,2.1456429650729138e-05,0.006801052040640137,0.010183055843896654,0.002244685795043368
mortality_fraction_croot_delta,27,-0.0001954338240123088,0.002608359329077675,0.00485527089905769,0.0012281871668685012
mortality_fraction_froot_delta,27,0.0001829959897925587,0.0016420781254494836,0.002537459004831286,0.000637774543502127
mortality_fraction_leaf_delta,27,9.252487581711266e-05,0.002480651044766957,0.0035170402764367003,0.0007223833784464134
mortality_fraction_stem_delta,27,-0.013480073933400926,0.027057406067131827,0.06358969820834837,0.016579427618810982
pool_alloc_froot_sp1,27,0.010616338139281386,0.06831256107249728,0.14860136493515053,0.040284143863167206
pool_alloc_leaf_sp1,27,-0.018438793928460945,0.14899338229453402,0.27278949159310456,0.07016124741470345
pool_alloc_stem_sp1,27,0.14606584000712583,0.5834312915814637,0.8710106639747441,0.19872490070557236
pool_turnover_branch_sp1,27,0.3197314792739702,0.3548770683332353,0.5154932419513272,0.12393631554325552
pool_turnover_croot_sp1,27,-0.0306553889741344,0.08239546431643367,0.149668677761045,0.0398858787724913
pool_turnover_froot_sp1,27,0.004901516743717682,0.03166504751261878,0.059811078873186097,0.01345196234954307
pool_turnover_leaf_sp1,27,0.001154955123444576,0.036659478210568655,0.06219777490582052,0.01574929282968354
pool_turnover_stem_sp1,27,9.346648022458814,10.726390090752359,16.915470363899594,4.826852168094542
proj_cover,27,-0.9550675334214936,1.281419913760491,3.824665177473519,1.2163251536595636
proj_fire_off,27,0.0334848342003465,0.0334848342003465,0.08017837640439107,0.02525629079929045
proj_fire_on,27,0.31055307304308694,0.31055307304308694,0.2568029321634312,0.08302204654771907
proj_mortality,27,0.5297214510711714,0.5663654303791543,1.135132061086683,0.352064240487246
proj_thinning_delta,27,9.743525129565004,10.395692852376554,17.636073639280557,5.09239411886582
roth_c_cover_c,27,0.0028480764783610337,0.021473618618804285,0.040005706424911545,0.010394497467586453
roth_c_dpm_frac_crop,27,-0.008725627168546435,0.008725627168546435,0.012039228234384058,0.0038157344312879566
roth_c_dpm_frac_tree,27,-0.009572035122287333,0.024131756402292308,0.03339652043588935,0.007365465476900503
roth_c_moisture_b_slope,27,-0.028624141647141426,0.3841478667103047,1.145247887650756,0.34978319211277165
roth_c_temp_a1,27,0.15403352694079894,0.2811570552557704,0.5631636309126488,0.1383760807825341
roth_c_temp_a2,27,-0.0691057750829577,0.44142673461132365,0.9271263335956069,0.2659604525486928
thinning_fraction_branch_delta,27,0.010875980036818533,0.010875980036818533,0.01289805371810719,0.003777351846383181
thinning_fraction_croot_delta,27,0.003760920195026962,0.004039557967348806,0.004367025503075179,0.0011864474061195791
thinning_fraction_froot_delta,27,0.0022577922151905626,0.0022577922151905626,0.002833958323165425,0.0008334862476243344
thinning_fraction_leaf_delta,27,0.0040797852848842965,0.0040797852848842965,0.005045001109840218,0.0016104642607236814
thinning_fraction_stem_delta,27,0.01855622114158887,0.025576282542699624,0.031033288998522472,0.007633341155528288
tree_carbon_sp1,27,-0.17426899270555252,0.9646756187061625,1.9394771074876698,0.5019085438836429
tree_nitrogen_branch_sp1,27,0.0011974794261473715,0.0011974794261473715,0.0008093352321176488,0.0002230131047573603
tree_nitrogen_croot_sp1,27,0.0009813692759862215,0.0009813692759862215,0.0018478633694882338,0.0005496246093186523
tree_nitrogen_froot_sp1,27,0.025303806266023243,0.025303806266023243,0.02774077025502425,0.008767137900139605
tree_nitrogen_leaf_sp1,27,0.0414939134182221,0.0414939134182221,0.05249498235348261,0.015565620178480729
tree_nitrogen_stem_sp1,27,0.0025385093156605866,0.0025385093156605866,0.001825773853543693,0.0005970459943488616
tree_root_in_top_30,27,-0.016196623036400952,0.09131895177750106,0.157551589288498,0.036974200820982725
tree_root_to_shoot_sp1,27,-0.02869298343754396,0.11101341806259143,0.24288214565040026,0.060176097509024765
cy0,28,-0.12232587431124528,0.16878862572440506,0.37158452418187926,0.10006039780561886
clay,28,-0.2574975082203198,0.5006779301527537,1.1808876960276167,0.3196139655130159
temp_ci_delta,28,0.11860533514285146,0.312452235126652,0.5097238635583469,0.13665954633311642
rain_ci_delta,28,1.4029041137521987,2.105312674328025,5.227185562848402,1.2310065489786022
evap_ci_delta,28,-0.6313569234321068,0.7264590417144335,3.5569311212574406,1.0626805021315155
ef_burn_crop_N2O_scale,28,-0.003949973246800001,0.004030217422208151,0.002500904991259181,0.0006045975340584963
ef_burn_crop_CH4_scale,28,-0.01483461357378304,0.01497578688222243,0.00950174999465552,0.002642206055669352
ef_burn_tree_N2O_scale,28,0.005251892208382003,0.005251892208382003,0.006596050966116651,0.0019831583707650645
ef_burn_tree_CH4_scale,28,0.022193081784246317,0.022193081784246317,0.024647985273974247,0.0073053706060642355
ef_N_inputs,28,-0.06738985591582158,0.09994247159963814,0.0914585358188241,0.01805100455329689
combustion_factor_crop,28,-0.017322292429776488,0.017762096117359287,0.012706216121059023,0.0034883349075350107
combustion_factor_tree,28,0.030198360573846905,0.030198360573846905,0.037083331407540415,0.010804414656865841
volatile_frac_organic_fertiliser,28,-0.0028754256509738174,0.0028754256509738174,0.00030556244209778687,8.220332913377384e-05
volatile_frac_synthetic_fertiliser,28,0.016297396888962888,0.016297396888962888,0.001640565438636456,0.0005054828205225808
base_sf_qty_scale,28,-0.12981374696526465,0.12981374696526465,0.011684697112334412,0.003828718301943742
proj_lit_qty_scale,28,0.010489919733602299,0.015552118143086264,0.013472408199198602,0.0018533633577484164
base_stand_density_scale,28,0.0,0.0,0.0,0.0
proj_stand_density_scale,28,0.04295115656378572,0.6969359014291916,1.0690783669457653,0.2697293931772629
tree_wood_dens_sp1,28,0.19665658542929432,0.688236372647925,0.8922574797532078,0.18000443831520133
base_cover,28,0.1196089273983755,0.16556930539219147,0.33939896860155755,0.1123543996289654
base_fire_off,28,-0.024885313060658477,0.024885313060658477,0.0896922103141353,0.023475185917333687
base_fire_on,28,-0.034932859740002785,0.034932859740002785,0.005956144895642779,0.0018859905989435579
base_mortality,28,0.0,0.0,0.0,0.0
base_sf_n_delta,28,-0.13290163271820057,0.13290163271820057,0.013646164833617233,0.004551771405151846
base_thinning_delta,28,0.0,0.0,0.0,0.0
crop_base_left_delta,28,0.08060099049340404,0.08103881795238763,0.0458508434958361,0.013302332097947265
crop_base_yield_delta,28,-0.014388888328230051,0.04619513104618414,0.053744192869283135,0.009146009595883051
crop_carbon_above_sp3,28,0.0053576991670047066,0.007016251286443662,0.006589793029054185,0.001441710183816049
crop_carbon_below_sp3,28,0.020990720266175565,0.020990720266175565,0.01311568222818433,0.004108897334628291
crop_intercept_sp3,28,-0.000968421074895269,0.0017909374228481114,0.002987314243740744,0.0008196087321962219
crop_nitrogen_above_sp3,28,-0.0041929041290591305,0.00420215634579382,0.002013372278427255,0.0006350256518789541
crop_nitrogen_below_sp3,28,-0.009395530786933923,0.009395530786933923,0.0013731474582258803,0.0004214654685626781
crop_carbon_above_sp10,28,0.023849931157699462,0.023849931157699462,0.013987591338248583,0.004128519989752237
crop_carbon_below_sp10,28,0.009996649856961744,0.009996649856961744,0.006674523839683068,0.0020793857106896053
crop_intercept_sp10,28,0.0033559335672866397,0.006535305539690245,0.0071894460994578685,0.001254936957117323
crop_nitrogen_above_sp10,28,-0.007081677975078966,0.007081677975078966,0.0014323384656657803,0.00043741116246520824
crop_nitrogen_below_sp10,28,-0.004457407240105735,0.004457407240105735,0.001450641525037139,0.00043335930573444267
crop_proj_left_delta,28,-0.006131338665968392,0.012717030649102826,0.01860254984905147,0.004011386564024618
crop_proj_yield_delta,28,0.14531642722716331,0.14531642722716331,0.05851987715597991,0.014574537539935364
crop_root_in_top_30,28,0.017636999676989333,0.018205743866036146,0.01765671288093336,0.005406227174401251
crop_root_to_shoot_sp3,28,0.009728908668498118,0.010442509022846328,0.011203477479320385,0.003037028697432348
crop_slope_sp3,28,-0.001294777969637853,0.0036849088511389434,0.004395609538795374,0.0008162101379244388
crop_root_to_shoot_sp10,28,0.007017557983414055,0.007212166999060507,0.007611455846080694,0.0023394853278834488
crop_slope_sp10,28,0.0010111887463282287,0.009186627899772936,0.011522290148206374,0.0018463831323433512
cy0_to_ceq_multiplier,28,-0.00383589629565603,0.0051131305756099725,0.020408413942096283,0.006693612986490508
litter_carbon,28,-0.014979423720430369,0.014979423720430369,0.009015022660639032,0.0029132961265643745
litter_nitrogen,28,0.023840581492758393,0.023840581492758393,0.0026222280512938284,0.0007248192172949243
mortality_fraction_branch_delta,28,0.00025115715998512975,0.006794159321363421,0.010065389154463675,0.002226138126563328
mortality_fraction_croot_delta,28,-0.00018800599263507078,0.002590253695408229,0.004898494431833524,0.0012493740053923614
mortality_fraction_froot_delta,28,0.00018318896433227317,0.0016405437859216693,0.002540269813879295,0.0006388410784160205
mortality_fraction_leaf_delta,28,0.00011226275605980274,0.0024687129933336966,0.0035054411112679317,0.0007216020994305442
mortality_fraction_stem_delta,28,-0.013721831088057659,0.027153096365916663,0.064581299834234,0.01690285760273341
pool_alloc_froot_sp1,28,0.010515873685444882,0.06832033191302886,0.1494227263443854,0.040578062374662764
pool_alloc_leaf_sp1,28,-0.019143164030183662,0.14856369099353522,0.27370923662194224,0.07069652224776318
pool_alloc_stem_sp1,28,0.12970276129538832,0.5674990798144013,0.8536713824200814,0.19564172426260498
pool_turnover_branch_sp1,28,0.30819191129892076,0.344820849343897,0.5147900902029323,0.12344521039356321
pool_turnover_croot_sp1,28,-0.027939956534805244,0.08136463085747317,0.1497490855736419,0.03987338598675049
pool_turnover_froot_sp1,28,0.005913547860643786,0.032184134069455216,0.060031291318467885,0.013466295205944572
pool_turnover_leaf_sp1,28,0.002239842802476488,0.036713832461324744,0.06259477667089416,0.01590005177089025
pool_turnover_stem_sp1,28,9.192754856811643,10.634810944041908,16.93934798366707,4.820680024294632
proj_cover,28,-0.9673344695847454,1.2746116111820305,3.8931160552258364,1.2399214883331868
proj_fire_off,28,0.0334848342003468,0.0334848342003468,0.08017837640439178,0.02525629079929079
proj_fire_on,28,0.30866549548129785,0.30866549548129785,0.2656025792405178,0.08592866771819307
proj_mortality,28,0.5335720359138112,0.5729504042032871,1.181497590068819,0.36747758386928453
proj_thinning_delta,28,9.650476815064138,10.356128086787537,17.817820370647684,5.126827204333248
roth_c_cover_c,28,0.0030496900525197575,0.021355665665291377,0.03974879437369842,0.010347308318048387
roth_c_dpm_frac_crop,28,-0.007288474571429779,0.007288474571429779,0.01035121612536022,0.0032933605189713637
roth_c_dpm_frac_tree,28,-0.008999782487762004,0.023535234693054914,0.032824798608869006,0.007310350307202271
roth_c_moisture_b_slope,28,-0.03329148339655435,0.37898731790439305,1.14779614944954,0.3507011555877388
roth_c_temp_a1,28,0.15154756269274056,0.2820719601082683,0.5758637742482199,0.1417131011638451
roth_c_temp_a2,28,-0.0641554236677194,0.43425675589840057,0.9230521008931178,0.2659794242165716
thinning_fraction_branch_delta,28,0.01028581087264876,0.01028581087264876,0.012184351473824302,0.0035424383662744996
thinning_fraction_croot_delta,28,0.0036066596876766694,0.0039025376589896217,0.004221684541930188,0.0011433068052983952
thinning_fraction_froot_delta,28,0.002152442380635225,0.002152442380635225,0.0027400952523319064,0.0008057586457701417
thinning_fraction_leaf_delta,28,0.003948892515956801,0.003948892515956801,0.004870304844361646,0.0015581322023774525
thinning_fraction_stem_delta,28,0.01736882731989459,0.025057103620381882,0.03171363318002207,0.007748362145381943
tree_carbon_sp1,28,-0.1896632079213752,0.9578682211235655,1.954064599255163,0.5089064487006851
tree_nitrogen_branch_sp1,28,0.0011766907086094348,0.0011766907086094348,0.0008273744242347636,0.00022841776956401147
tree_nitrogen_croot_sp1,28,0.0009868078227122795,0.0009868078227122795,0.0019180371136993271,0.000570937363013983
tree_nitrogen_froot_sp1,28,0.02530135185186889,0.02530135185186889,0.02853034751823886,0.009018705333849108
tree_nitrogen_leaf_sp1,28,0.041678043234835954,0.041678043234835954,0.0544642249598337,0.016133550873103225
tree_nitrogen_stem_sp1,28,0.002494411588042317,0.002494411588042317,0.001857921599516924,0.0006059946136135548
tree_root_in_top_30,28,-0.016012659084577788,0.09167299864286974,0.15872590848009716,0.03732194807138118
tree_root_to_shoot_sp1,28,-0.030345456392641235,0.10999565697800498,0.2447881916160436,0.06095074373882705
cy0,29,-0.11424793065717534,0.15700154783748535,0.34033457452004584,0.09146910936999152
clay,29,-0.25065964202605967,0.5006203554016736,1.2095882891358671,0.3277364369171653
temp_ci_delta,29,0.11694946708243799,0.31142385425170305,0.5131254526768272,0.13786199266608923
rain_ci_delta,29,1.4290638545270915,2.08149400737086,5.313700083012541,1.2519770503961911
evap_ci_delta,29,-0.6334676777216549,0.724854100756019,3.582390698696044,1.070556822678607
ef_burn_crop_N2O_scale,29,-0.0039499732468002546,0.004030217422208372,0.0025009049912591793,0.000604597534058555
ef_burn_crop_CH4_scale,29,-0.014834613573782907,0.014975786882222297,0.009501749994655537,0.0026422060556692984
ef_burn_tree_N2O_scale,29,0.005209063595067997,0.005209063595067997,0.006735073989796674,0.002025147914383295
ef_burn_tree_CH4_scale,29,0.022091295075793754,0.022091295075793754,0.025179908595530737,0.007474044578965452
ef_N_inputs,29,-0.06722742777836768,0.10162442649404649,0.09474261083125501,0.018681350769554496
combustion_factor_crop,29,-0.017322292429777057,0.017762096117359818,0.01270621612105904,0.0034883349075350593
combustion_factor_tree,29,0.030097539139096408,0.030097539139096408,0.03796856981344621,0.011085930816639047
volatile_frac_organic_fertiliser,29,-0.002875425650973859,0.002875425650973859,0.00030556244209781045,8.220332913377594e-05
volatile_frac_synthetic_fertiliser,29,0.016297396888962996,0.016297396888962996,0.0016405654386364794,0.0005054828205225824
base_sf_qty_scale,29,-0.12981374696526432,0.12981374696526432,0.011684697112334398,0.0038287183019437327
proj_lit_qty_scale,29,0.011036251615102211,0.01576350822660605,0.01338002008740579,0.0018968342157125353
base_stand_density_scale,29,0.0,0.0,0.0,0.0
proj_stand_density_scale,29,0.037407372650426755,0.6842758076624399,1.059482195291301,0.2696136712669139
tree_wood_dens_sp1,29,0.18893001878194265,0.6742170504099292,0.8802658786860348,0.1788006976558248
base_cover,29,0.1132470889051997,0.16265317489911543,0.33031996143796744,0.10804871719770044
base_fire_off,29,-0.024885313060658505,0.024885313060658505,0.08969221031413536,0.023475185917333705
base_fire_on,29,-0.0349328597400025,0.0349328597400025,0.005956144895642644,0.0018859905989435561
base_mortality,29,0.0,0.0,0.0,0.0
base_sf_n_delta,29,-0.13290163271820088,0.13290163271820088,0.013646164833617276,0.0045517714051517425
base_thinning_delta,29,0.0,0.0,0.0,0.0
crop_base_left_delta,29,0.07838335985676433,0.07892094622684069,0.04570913776618287,0.01320206125013326
crop_base_yield_delta,29,-0.017268232232453284,0.0473503341269185,0.05355195030202988,0.009020119639426425
crop_carbon_above_sp3,29,0.004944761896323621,0.0067981832463859275,0.006610771481849076,0.001402858270664644
crop_carbon_below_sp3,29,0.01972590218470029,0.019821471668023876,0.01291695466500035,0.003991051815579671
crop_intercept_sp3,29,-0.0009669923333742225,0.0017698588537691019,0.002966935346435559,0.0008166613240547766
crop_nitrogen_above_sp3,29,-0.004192904129059471,0.004202156345794128,0.0020133722784271297,0.0006350256518789338
crop_nitrogen_below_sp3,29,-0.00939553078693411,0.00939553078693411,0.001373147458225855,0.0004214654685626189
crop_carbon_above_sp10,29,0.022936500003084788,0.022936500003084788,0.013891176592462466,0.004101199151975537
crop_carbon_below_sp10,29,0.009620170916768329,0.009620170916768329,0.006621512734366963,0.00206523176197297
crop_intercept_sp10,29,0.0030598392477396764,0.006513524028781403,0.007219701660673953,0.0012130739386532145
crop_nitrogen_above_sp10,29,-0.007081677975079037,0.007081677975079037,0.001432338465665833,0.00043741116246521046
crop_nitrogen_below_sp10,29,-0.004457407240105573,0.004457407240105573,0.0014506415250372326,0.000433359305734494
crop_proj_left_delta,29,-0.006426016411615448,0.012853406716113425,0.01882952066949542,0.004101515024737126
crop_proj_yield_delta,29,0.1465718922672335,0.1465718922672335,0.05858296109716693,0.014586030949143979
crop_root_in_top_30,29,0.016081795129368325,0.017059804625449124,0.017333418672060796,0.005232491094862677
crop_root_to_shoot_sp3,29,0.008616319441054407,0.009605054152507278,0.010992838231279185,0.002929739400531383
crop_slope_sp3,29,-0.0017494161310843415,0.0038769582175465387,0.004347092076747456,0.0007897796804363781
crop_root_to_shoot_sp10,29,0.00662172899715877,0.006849037630461373,0.0075149007040894895,0.0022966264596278345
crop_slope_sp10,29,0.0002035177934926552,0.009280801203484092,0.011476579737156207,0.0017660511138615088
cy0_to_ceq_multiplier,29,-0.003356897226694677,0.004595289935882813,0.018227912808909744,0.005952834982893897
litter_carbon,29,-0.014454658130062914,0.014454658130062914,0.008978444038440331,0.002905312231470379
litter_nitrogen,29,0.023840581492758067,0.023840581492758067,0.0026222280512939043,0.0007248192172948544
mortality_fraction_branch_delta,29,0.0004655036531748272,0.006770341456645866,0.009931370473805106,0.002204175823222535
mortality_fraction_croot_delta,29,-0.00018067405039871864,0.0025693894930723963,0.0049366888877438436,0.0012686612231208817
mortality_fraction_froot_delta,29,0.00018237105019578703,0.0016365258523263176,0.0025405734146741817,0.0006393833830686178
mortality_fraction_leaf_delta,29,0.0001307423789177961,0.002458211650228255,0.003489840205637447,0.000719867597289802
mortality_fraction_stem_delta,29,-0.013934864908120025,0.02721206518274919,0.06547310551742032,0.017200856506300842
pool_alloc_froot_sp1,29,0.010387797513111719,0.06834503877547496,0.15020059594794355,0.040824957867820415
pool_alloc_leaf_sp1,29,-0.019835571258969,0.14802790691306492,0.27454483510672295,0.07121240434688442
pool_alloc_stem_sp1,29,0.11501323863271293,0.5506775410988819,0.8344176106228646,0.1919347960154112
pool_turnover_branch_sp1,29,0.2960751168044157,0.33482496834683545,0.5114534667867554,0.12231973994188204
pool_turnover_croot_sp1,29,-0.02552464469252458,0.08051619776731216,0.14992765609975683,0.03989784344840961
pool_turnover_froot_sp1,29,0.006784815401009092,0.032804454387957274,0.06024172786023605,0.013448215562951164
pool_turnover_leaf_sp1,29,0.003234125303604213,0.03673684601440967,0.06295413203911503,0.016041127046687878
pool_turnover_stem_sp1,29,9.025249719669294,10.520962977481961,16.913277554631232,4.799588101061788
proj_cover,29,-0.977246713659406,1.266236023905258,3.9592139963584287,1.2627915701316492
proj_fire_off,29,0.03348483420034655,0.03348483420034655,0.08017837640439109,0.02525629079929045
proj_fire_on,29,0.30692670202870476,0.30692670202870476,0.27437387770687055,0.08882267480723152
proj_mortality,29,0.5371663078715605,0.5789393212159141,1.2263031291056878,0.38242588939021477
proj_thinning_delta,29,9.548189504262622,10.302572716624958,17.953707104336377,5.149328558750054
roth_c_cover_c,29,0.0032700642111853,0.021193235559592773,0.03947232621923547,0.010295818273740702
roth_c_dpm_frac_crop,29,-0.006178482022276066,0.006178482022276066,0.008904703294635795,0.002845315926390076
roth_c_dpm_frac_tree,29,-0.008448901746240738,0.022942136672355357,0.03224554538121175,0.007253026608696522
roth_c_moisture_b_slope,29,-0.03936464384316464,0.37328682671141733,1.1500504038339423,0.3516106620774863
roth_c_temp_a1,29,0.14951410198068987,0.28261736079351574,0.5882739003241497,0.1450087081908345
roth_c_temp_a2,29,-0.05966755537668682,0.42665911636631504,0.9190434648993424,0.2660224243124178
thinning_fraction_branch_delta,29,0.009761994190435741,0.009761994190435741,0.011537707289287755,0.0033285719895818078
thinning_fraction_croot_delta,29,0.003470963367997709,0.003776090196858389,0.004094087606097076,0.001109411318268796
thinning_fraction_froot_delta,29,0.0020583777683880478,0.0020583777683880478,0.002651318337516808,0.0007793547729676452
thinning_fraction_leaf_delta,29,0.0038302410908237993,0.0038302410908237993,0.004718887989370247,0.0015125985999266808
thinning_fraction_stem_delta,29,0.016335553170565852,0.024551395868661553,0.032303701430380805,0.007893199441521427
tree_carbon_sp1,29,-0.2030379933196834,0.9502112817512417,1.9640401753838101,0.5143716629645443
tree_nitrogen_branch_sp1,29,0.0011568666719170202,0.0011568666719170202,0.0008447710780785135,0.00023363069131949403
tree_nitrogen_croot_sp1,29,0.0009928185620751927,0.0009928185620751927,0.00198856376231645,0.0005923491639725192
tree_nitrogen_froot_sp1,29,0.025308912418347634,0.025308912418347634,0.029312674433347872,0.009267768169931506
tree_nitrogen_leaf_sp1,29,0.041880424365282734,0.041880424365282734,0.05642948483448436,0.01669977825260068
tree_nitrogen_stem_sp1,29,0.002453710239836593,0.002453710239836593,0.0018908338714078415,0.0006151454839343077
tree_root_in_top_30,29,-0.015835325406960275,0.09190785527380231,0.15969944891507706,0.03761962415994534
tree_root_to_shoot_sp1,29,-0.031757530780537356,0.10889555694647686,0.24610665509638208,0.061545252618587155
cy0,30,-0.10647831140557522,0.14563144663855537,0.31264504048719505,0.08420044952234923
clay,30,-0.24484681329965358,0.501100172868153,1.237899754877175,0.3358533817192203
temp_ci_delta,30,0.11586708764161799,0.3097265068903784,0.5162470610587675,0.1392557007404484
rain_ci_delta,30,1.4513078473239005,2.060388274544361,5.397633312365828,1.2724347332641535
evap_ci_delta,30,-0.6360549563403715,0.7253543207124415,3.609054376592631,1.078659547919711
ef_burn_crop_N2O_scale,30,-0.0039499732468002095,0.0040302174222082935,0.002500904991259294,0.0006045975340585877
ef_burn_crop_CH4_scale,30,-0.014834613573782972,0.014975786882222364,0.009501749994655497,0.0026422060556693747
ef_burn_tree_N2O_scale,30,0.005170353226264526,0.005170353226264526,0.006877243295464991,0.002067930356889116
ef_burn_tree_CH4_scale,30,0.022004862526915525,0.022004862526915525,0.025731418034282763,0.007650067529361339
ef_N_inputs,30,-0.06703773060307709,0.10330450563302765,0.09801273413910534,0.01931343597994004
combustion_factor_crop,30,-0.017322292429776905,0.017762096117359703,0.012706216121058897,0.0034883349075350103
combustion_factor_tree,30,0.030015500791957528,0.030015500791957528,0.03886089838130393,0.01137011045123575
volatile_frac_organic_fertiliser,30,-0.0028754256509738257,0.0028754256509738257,0.0003055624420978234,8.220332913377667e-05
volatile_frac_synthetic_fertiliser,30,0.016297396888962888,0.016297396888962888,0.0016405654386363816,0.0005054828205225498
base_sf_qty_scale,30,-0.1298137469652648,0.1298137469652648,0.011684697112334193,0.00382871830194364
proj_lit_qty_scale,30,0.011551168994098781,0.01596627899136639,0.013296443508060005,0.0019515354642209355
base_stand_density_scale,30,0.0,0.0,0.0,0.0
proj_stand_density_scale,30,0.0332077462870705,0.6712539270992195,1.047512166374156,0.2684870187506826
tree_wood_dens_sp1,30,0.18237098333583387,0.6601490782137688,0.8668807791539759,0.1770937025544586
base_cover,30,0.10740931939828857,0.15985602358926726,0.3220478543289857,0.10408745907837852
base_fire_off,30,-0.024885313060658505,0.024885313060658505,0.08969221031413536,0.023475185917333705
base_fire_on,30,-0.03493285974000275,0.03493285974000275,0.0059561448956427536,0.001885990598943548
base_mortality,30,0.0,0.0,0.0,0.0
base_sf_n_delta,30,-0.13290163271820057,0.13290163271820057,0.01364616483361718,0.004551771405151847
base_thinning_delta,30,0.0,0.0,0.0,0.0
crop_base_left_delta,30,0.07627942680845398,0.07691097663120514,0.04557493143982457,0.013108847657351055
crop_base_yield_delta,30,-0.020018548330331346,0.04855175721631324,0.05335130298204645,0.008856330453350608
crop_carbon_above_sp3,30,0.004580970373564938,0.006631441074524971,0.006635026620571718,0.0013655906321412
crop_carbon_below_sp3,30,0.0186224700352394,0.018815552665319278,0.012785141112115166,0.003896869349004788
crop_intercept_sp3,30,-0.0009660214158670882,0.0017486872636881452,0.00294650124698805,0.0008137606692933906
crop_nitrogen_above_sp3,30,-0.0041929041290595295,0.00420215634579422,0.0020133722784273543,0.0006350256518789931
crop_nitrogen_below_sp3,30,-0.009395530786934215,0.009395530786934215,0.0013731474582258211,0.0004214654685626194
crop_carbon_above_sp10,30,0.022076621775815146,0.022076621775815146,0.013802995623779669,0.004076997572280403
crop_carbon_below_sp10,30,0.00926604250550058,0.009274133629346967,0.00657203117723895,0.0020459911468407844
crop_intercept_sp10,30,0.0027799970905678234,0.006494119147972691,0.007250418687564595,0.0011798550568316937
crop_nitrogen_above_sp10,30,-0.007081677975079179,0.007081677975079179,0.0014323384656656328,0.0004374111624651379
crop_nitrogen_below_sp10,30,-0.004457407240105518,0.004457407240105518,0.00145064152503727,0.0004333593057345099
crop_proj_left_delta,30,-0.006644902604472725,0.012943095512320096,0.01899680264539157,0.004172040444067242
crop_proj_yield_delta,30,0.14777475741632823,0.14777475741632823,0.058633072398051,0.01459395984213379
crop_root_in_top_30,30,0.01469992993835074,0.01610665481869654,0.01708589477992683,0.005083683314338708
crop_root_to_shoot_sp3,30,0.007638772833136872,0.008893391452280255,0.010823811633863065,0.002840373410579027
crop_slope_sp3,30,-0.002149454442777224,0.004050395079284633,0.0043142222320789805,0.0007881089279413873
crop_root_to_shoot_sp10,30,0.006246867327185107,0.0065153304702500305,0.007424094042855418,0.002252360479890839
crop_slope_sp10,30,-0.0005574854068559371,0.009398245186902307,0.011436576919316837,0.0017148584293525933
cy0_to_ceq_multiplier,30,-0.002925966226977464,0.004127168688262925,0.016286163393869863,0.005291611821802571
litter_carbon,30,-0.013957725529954283,0.013957725529954283,0.008945219264025996,0.002898663610114089
litter_nitrogen,30,0.023840581492758025,0.023840581492758025,0.0026222280512937578,0.0007248192172948048
mortality_fraction_branch_delta,30,0.0006667334283405102,0.0067304511696115125,0.009777912159534795,0.0021774047996197684
mortality_fraction_croot_delta,30,-0.00017294741247201874,0.0025475280442054772,0.004968575067076889,0.0012852184125395998
mortality_fraction_froot_delta,30,0.00018092482198542315,0.0016301268932370383,0.002537974312485598,0.0006392289022699317
mortality_fraction_leaf_delta,30,0.0001484559929424506,0.002444201982894409,0.0034693662226189612,0.0007171783108372025
mortality_fraction_stem_delta,30,-0.014114988772516157,0.027232046724740028,0.06625484649946264,0.01747009036887101
pool_alloc_froot_sp1,30,0.01024307653510168,0.0683082254286215,0.1509086458924443,0.041044739929227136
pool_alloc_leaf_sp1,30,-0.020490547283031856,0.14737614548317168,0.27524662548349565,0.07169222005493411
pool_alloc_stem_sp1,30,0.101950751404086,0.5343391523732619,0.8132180857894706,0.18780168279798137
pool_turnover_branch_sp1,30,0.28335838450321293,0.3242753391672888,0.5053887629569296,0.12048502186642139
pool_turnover_croot_sp1,30,-0.023370768979478658,0.07967655830130041,0.15017220267525294,0.039976832784154905
pool_turnover_froot_sp1,30,0.007530192226607868,0.03331447388872562,0.06043930540498683,0.01343953483911747
pool_turnover_leaf_sp1,30,0.004151106761896922,0.036856944353021046,0.06326765583979346,0.01609873523743891
pool_turnover_stem_sp1,30,8.84218563233824,10.381846294850174,16.835574812403944,4.763661847511586
proj_cover,30,-0.9849124443301571,1.257017441670288,4.021848980078147,1.2845512242841692
proj_fire_off,30,0.033484834200346536,0.033484834200346536,0.08017837640439104,0.025256290799290437
proj_fire_on,30,0.30531134883636796,0.30531134883636796,0.28308361287128075,0.09169342433198724
proj_mortality,30,0.5404068167103404,0.5842534109739324,1.2691083857655385,0.3967561782481404
proj_thinning_delta,30,9.43403622201507,10.239376824482282,18.039684294208868,5.159261713556476
roth_c_cover_c,30,0.0034984607723442308,0.020992076361626606,0.03918633343258367,0.010244927785020862
roth_c_dpm_frac_crop,30,-0.005295378497771916,0.005295378497771916,0.007677813882170916,0.0024636873810357836
roth_c_dpm_frac_tree,30,-0.00792399044926747,0.022354032239770068,0.03165652406441812,0.007191360744014952
roth_c_moisture_b_slope,30,-0.046257355494776296,0.36723355598247875,1.151501318676371,0.3523321712311902
roth_c_temp_a1,30,0.14785674603983714,0.28275076564621704,0.60017286877432,0.14820356564842452
roth_c_temp_a2,30,-0.055673820999533455,0.41962248316878226,0.9152056987971733,0.2659275415467669
thinning_fraction_branch_delta,30,0.009292967553323784,0.009292967553323784,0.010948468602430749,0.0031334109298479015
thinning_fraction_croot_delta,30,0.0033497151553208452,0.0036574551089998213,0.003979506003323856,0.0010824057002686424
thinning_fraction_froot_delta,30,0.0019734440530940313,0.0019734440530940313,0.0025662341858054324,0.0007538985382456986
thinning_fraction_leaf_delta,30,0.0037212640201346515,0.0037212640201346515,0.004585875304645316,0.0014725106143545932
thinning_fraction_stem_delta,30,0.015430624936678248,0.02405328095835949,0.03276483542928811,0.00803448713038554
tree_carbon_sp1,30,-0.21433567657122046,0.9415325639222163,1.9689025476309732,0.518170386736021
tree_nitrogen_branch_sp1,30,0.0011379294759515102,0.0011379294759515102,0.000861540426813538,0.00023865166784063716
tree_nitrogen_croot_sp1,30,0.0009993063746962876,0.0009993063746962876,0.002059157375470811,0.000613773808983805
tree_nitrogen_froot_sp1,30,0.025324757048416236,0.025324757048416236,0.03008588565197733,0.009513725451954835
tree_nitrogen_leaf_sp1,30,0.04209719226106715,0.04209719226106715,0.05838422682557445,0.017262499502377807
tree_nitrogen_stem_sp1,30,0.0024160334865975853,0.0024160334865975853,0.001924410386967998,0.0006244738334541775
tree_root_in_top_30,30,-0.015649050500736228,0.09201537103618904,0.16043989199546135,0.037857984995021986
tree_root_to_shoot_sp1,30,-0.03292532532649721,0.10769224562228479,0.24677292263894673,0.061944793334954645
cy0,31,-0.0990095879099046,0.1376074340479191,0.2885221566039397,0.07798407997155254
clay,31,-0.23989149316623223,0.5012421750028865,1.265492693127538,0.3438774728930526
temp_ci_delta,31,0.11521361517756686,0.307471266231906,0.5190546596365673,0.14074957441938077
rain_ci_delta,31,1.4697073871706068,2.041302831706169,5.476657839879854,1.2917479067716933
evap_ci_delta,31,-0.6389425756383096,0.7283812278806274,3.6362467564298897,1.0867079459254785
ef_burn_crop_N2O_scale,31,-0.00394997324680023,0.004030217422208347,0.002500904991259355,0.0006045975340586019
ef_burn_crop_CH4_scale,31,-0.01483461357378309,0.014975786882222447,0.009501749994655523,0.002642206055669388
ef_burn_tree_N2O_scale,31,0.005135261873670557,0.005135261873670557,0.00702163274146427,0.0021112505453486216
ef_burn_tree_CH4_scale,31,0.021931762295665798,0.021931762295665798,0.02629833439879993,0.007831962256659915
ef_N_inputs,31,-0.06682780525639156,0.1049371923915465,0.10125515649050103,0.019960935917814643
combustion_factor_crop,31,-0.01732229242977659,0.017762096117359384,0.01270621612105898,0.0034883349075350003
combustion_factor_tree,31,0.0299495864936992,0.0299495864936992,0.03975697230036125,0.011655811030379794
volatile_frac_organic_fertiliser,31,-0.0028754256509738924,0.0028754256509738924,0.00030556244209782265,8.220332913378793e-05
volatile_frac_synthetic_fertiliser,31,0.016297396888962902,0.016297396888962902,0.0016405654386364144,0.0005054828205225705
base_sf_qty_scale,31,-0.1298137469652645,0.1298137469652645,0.011684697112334549,0.0038287183019438007
proj_lit_qty_scale,31,0.012037468673300456,0.01616007073436595,0.013219561824157065,0.0020142448147385146
base_stand_density_scale,31,0.0,0.0,0.0,0.0
proj_stand_density_scale,31,0.030340341457394903,0.6577685013104083,1.0329818408161269,0.26631260427697717
tree_wood_dens_sp1,31,0.17693080062455535,0.645944670270996,0.8520361888609064,0.17487963028958683
base_cover,31,0.10205031943248657,0.1570661524506163,0.31450171966273394,0.10048278128905495
base_fire_off,31,-0.024885313060658505,0.024885313060658505,0.08969221031413536,0.023475185917333705
base_fire_on,31,-0.03493285974000256,0.03493285974000256,0.005956144895642733,0.0018859905989436346
base_mortality,31,0.0,0.0,0.0,0.0
base_sf_n_delta,31,-0.13290163271820093,0.13290163271820093,0.013646164833617275,0.004551771405151722
base_thinning_delta,31,0.0,0.0,0.0,0.0
crop_base_left_delta,31,0.07428177402466296,0.07500182600498247,0.04544474388275115,0.013021209561961
crop_base_yield_delta,31,-0.022646688718235605,0.04967552570614584,0.05314113750968163,0.008764112605387621
crop_carbon_above_sp3,31,0.00425533422138181,0.006476547700737431,0.006658777060237115,0.0013416510022413789
crop_carbon_below_sp3,31,0.017644423850787842,0.01802191811306765,0.01269867957735502,0.0037910445935418194
crop_intercept_sp3,31,-0.0009639779977162089,0.0017281183280547009,0.002926000556878274,0.0008107335625891203
crop_nitrogen_above_sp3,31,-0.004192904129059522,0.004202156345794211,0.0020133722784275564,0.0006350256518791038
crop_nitrogen_below_sp3,31,-0.00939553078693425,0.00939553078693425,0.001373147458225828,0.0004214654685625907
crop_carbon_above_sp10,31,0.02126610157483179,0.02126610157483179,0.013721646426605883,0.004055289787115804
crop_carbon_below_sp10,31,0.008932342964205597,0.008961605877027167,0.006524728212092291,0.0020181338582438793
crop_intercept_sp10,31,0.0025153645608793156,0.006497309059039816,0.007280622423758964,0.0011438148550438122
crop_nitrogen_above_sp10,31,-0.007081677975079037,0.007081677975079037,0.0014323384656657267,0.0004374111624651453
crop_nitrogen_below_sp10,31,-0.004457407240105918,0.004457407240105918,0.0014506415250371194,0.00043335930573443497
crop_proj_left_delta,31,-0.006807733660360443,0.012999593370013735,0.019112693614533688,0.004226593664950162
crop_proj_yield_delta,31,0.14892734889023998,0.14892734889023998,0.05867107218008714,0.014598576334771083
crop_root_in_top_30,31,0.01345342275762024,0.015319626616682739,0.016894686400989123,0.0049428555378724605
crop_root_to_shoot_sp3,31,0.00676446051736501,0.008266373634468381,0.01068512720720747,0.0027690805165521996
crop_slope_sp3,31,-0.002508535127839226,0.004224801263345027,0.004290135602780005,0.0007942929984482334
crop_root_to_shoot_sp10,31,0.0058916150818599106,0.006235525614416796,0.0073378195957439505,0.002196061618855558
crop_slope_sp10,31,-0.0012762905721211471,0.009536060203303831,0.011400029335754094,0.0016882766778102292
cy0_to_ceq_multiplier,31,-0.0025371236908392795,0.0037175743190988237,0.014557476900233884,0.004700723028488833
litter_carbon,31,-0.013486504999606347,0.013486504999606347,0.008913914171540433,0.0028927895361795727
litter_nitrogen,31,0.02384058149275825,0.02384058149275825,0.0026222280512939724,0.000724819217294976
mortality_fraction_branch_delta,31,0.0008570578709402755,0.006675052406396903,0.009602417890080319,0.002144820432821641
mortality_fraction_croot_delta,31,-0.00016437129222182656,0.0025330874777113655,0.004992898693877408,0.0012969919759601692
mortality_fraction_froot_delta,31,0.00017918773986267956,0.0016243882320900905,0.0025321157450833077,0.0006368617449161077
mortality_fraction_leaf_delta,31,0.00016583130305083266,0.0024266168695673287,0.003443212437216507,0.0007132211580826944
mortality_fraction_stem_delta,31,-0.014258384427867648,0.027217072585496677,0.06691620179671451,0.017708396689426188
pool_alloc_froot_sp1,31,0.010091479613976013,0.06820221068439855,0.15152284831211085,0.04123204229178464
pool_alloc_leaf_sp1,31,-0.021085311050998472,0.1465987995002707,0.2757700739316438,0.07212111380504449
pool_alloc_stem_sp1,31,0.09046272534258734,0.5178336366635905,0.7901301589216936,0.18301424746314
pool_turnover_branch_sp1,31,0.2700274715311012,0.3133104340654138,0.4965526166116796,0.11784294318590643
pool_turnover_croot_sp1,31,-0.021443572467511923,0.0787979405037313,0.15045133639994307,0.04010200675428697
pool_turnover_froot_sp1,31,0.008163195996046762,0.0337592218267831,0.060621305346887706,0.013432578153391654
pool_turnover_leaf_sp1,31,0.005002196055328168,0.03700256795994198,0.06352736572754857,0.016059727040530308
pool_turnover_stem_sp1,31,8.641868468784656,10.216805326568055,16.704971611942565,4.712385080124489
proj_cover,31,-0.9904217408558518,1.2482548680214796,4.079972277605722,1.3049614456881435
proj_fire_off,31,0.033484834200346536,0.033484834200346536,0.08017837640439104,0.025256290799290444
proj_fire_on,31,0.30379563365572676,0.30379563365572676,0.2916956621860363,0.09452933669522072
proj_mortality,31,0.5431941617385628,0.588858374639257,1.3094680466535793,0.4103156243170274
proj_thinning_delta,31,9.305671235413305,10.157521238576397,18.072054657775634,5.15448039978467
roth_c_cover_c,31,0.003725017259098623,0.02076864577616972,0.038896600559027335,0.010192164934236697
roth_c_dpm_frac_crop,31,-0.004580653602009802,0.004580653602009802,0.006640950847615597,0.00213914397678191
roth_c_dpm_frac_tree,31,-0.007427708331387839,0.021770251815067795,0.031054731722587162,0.007123707093406185
roth_c_moisture_b_slope,31,-0.05350852303867247,0.360830660458462,1.151685849826131,0.35272090361319736
roth_c_temp_a1,31,0.14647545486070293,0.28287537783749506,0.611366629583198,0.15130039365906742
roth_c_temp_a2,31,-0.05212638804913491,0.41212216792674977,0.9115768181811228,0.2659708529346384
thinning_fraction_branch_delta,31,0.008869851283195992,0.008869851283195992,0.01040934946299462,0.002955095460068824
thinning_fraction_croot_delta,31,0.0032399914600121926,0.0035460296768692113,0.0038743980865049337,0.0010601458282597828
thinning_fraction_froot_delta,31,0.0018960156678400064,0.0018960156678400064,0.0024840389872094457,0.0007291693640442333
thinning_fraction_leaf_delta,31,0.003620132854828198,0.003620132854828198,0.004467494569156311,0.001436804289872813
thinning_fraction_stem_delta,31,0.014634019974551526,0.023558082690445716,0.033079876456223484,0.008153207680225366
tree_carbon_sp1,31,-0.2235007600866031,0.9316781746556698,1.9681990221344827,0.5201822373094388
tree_nitrogen_branch_sp1,31,0.00111980501709861,0.00111980501709861,0.0008776888682349733,0.00024347879512485006
tree_nitrogen_croot_sp1,31,0.0010061768976814072,0.0010061768976814072,0.002129516642589524,0.0006351203098330877
tree_nitrogen_froot_sp1,31,0.025347236132184016,0.025347236132184016,0.030848008029914505,0.00975594061979637
tree_nitrogen_leaf_sp1,31,0.042324523579780116,0.042324523579780116,0.06032148762689476,0.017819784835793502
tree_nitrogen_stem_sp1,31,0.0023810518949966856,0.0023810518949966856,0.0019585384972745116,0.0006339510830091239
tree_root_in_top_30,31,-0.01543849168515237,0.0919885669196446,0.1609182640802169,0.03802860291471092
tree_root_to_shoot_sp1,31,-0.033844678979183994,0.10636686587917729,0.24672851698210208,0.06213582567408019
cy0,32,-0.0918346741317376,0.13099529972720286,0.26796636581043165,0.07276232703829337
clay,32,-0.18320173651637361,0.5160296813084523,1.2886159352279372,0.3487978423197644
temp_ci_delta,32,0.07303792227763965,0.3111243951715086,0.521631439309042,0.13701130805478987
rain_ci_delta,32,1.3339652758887155,2.0234752210638467,5.483218798138247,1.2905929201418738
evap_ci_delta,32,-0.6101884402503084,0.7150947060183613,3.562934333281114,1.065775981228301
ef_burn_crop_N2O_scale,32,-0.0052650886213579445,0.005280373647966125,0.0031715425661115685,0.0007929160788464263
ef_burn_crop_CH4_scale,32,-0.019646628497269777,0.019668161301219407,0.01192662628981938,0.003358149983668408
ef_burn_tree_N2O_scale,32,0.005103323078510569,0.005103323078510569,0.007167304116447609,0.002154845532786003
ef_burn_tree_CH4_scale,32,0.021870063317766704,0.021870063317766704,0.026876407065561814,0.008018250047025043
ef_N_inputs,32,-0.07944262433897326,0.11640548172436142,0.10419137949458755,0.019725745361177882
combustion_factor_crop,32,-0.023108582373567794,0.02313439661124031,0.015554308587243859,0.004563672827451572
combustion_factor_tree,32,0.029897286338765632,0.029897286338765632,0.040653321822384576,0.011941868290058352
volatile_frac_organic_fertiliser,32,-0.0028754256509738673,0.0028754256509738673,0.0003055624420978451,8.220332913378042e-05
volatile_frac_synthetic_fertiliser,32,0.016297396888963228,0.016297396888963228,0.001640565438636508,0.0005054828205226012
base_sf_qty_scale,32,-0.1298137469652644,0.1298137469652644,0.01168469711233467,0.0038287183019438654
proj_lit_qty_scale,32,0.012497523977826488,0.01634459748764689,0.013147579806629523,0.0020824482927233653
base_stand_density_scale,32,0.0,0.0,0.0,0.0
proj_stand_density_scale,32,0.028792621374092286,0.6437358264714088,1.015747353047792,0.26306551779628967
tree_wood_dens_sp1,32,0.17256458970140284,0.6315299349556058,0.8356915714805002,0.17216259891096267
base_cover,32,0.09712918263044573,0.15426907840054288,0.30760714917888926,0.09721331555063163
base_fire_off,32,-0.024885313060658505,0.024885313060658505,0.08969221031413536,0.023475185917333705
base_fire_on,32,-0.034932859740002674,0.034932859740002674,0.005956144895642847,0.00188599059894359
base_mortality,32,0.0,0.0,0.0,0.0
base_sf_n_delta,32,-0.1329016327182008,0.1329016327182008,0.013646164833617084,0.004551771405151666
base_thinning_delta,32,0.0,0.0,0.0,0.0
crop_base_left_delta,32,0.07238341099627241,0.07318682065618695,0.045315293807836686,0.012938047362484106
crop_base_yield_delta,32,-0.02515946685870473,0.050880188725605915,0.05291972471642069,0.008616400588490168
crop_carbon_above_sp3,32,0.06155764344754262,0.06155764344754262,0.033575379119500884,0.009708192816665764
crop_carbon_below_sp3,32,0.09932748258990336,0.09932748258990336,0.02544529499095747,0.007654682318065926
crop_intercept_sp3,32,0.029049587520620042,0.030895638099165363,0.032081238715765334,0.011411481736690026
crop_nitrogen_above_sp3,32,-0.011008484110479893,0.011008484110479893,0.004182521244883877,0.0012498817122695148
crop_nitrogen_below_sp3,32,-0.01608103543472079,0.01608103543472079,0.002230587608651499,0.0006893207916086294
crop_carbon_above_sp10,32,0.020500289607904613,0.020500289607904613,0.01364435754152923,0.00403525863269272
crop_carbon_below_sp10,32,0.008617072070784122,0.008665767003370245,0.006478679990455988,0.001992009011219006
crop_intercept_sp10,32,0.0022643881948007398,0.006501824609816328,0.007309857794636997,0.0011143047803218132
crop_nitrogen_above_sp10,32,-0.007081677975078929,0.007081677975078929,0.0014323384656654231,0.00043741116246505006
crop_nitrogen_below_sp10,32,-0.0044574072401054685,0.0044574072401054685,0.0014506415250372484,0.0004333593057345047
crop_proj_left_delta,32,0.0878102312779049,0.0878102312779049,0.058080726163539056,0.018498555953675253
crop_proj_yield_delta,32,-0.3249388439519575,0.3249388439519575,0.19189670898406289,0.05212939937824839
crop_root_in_top_30,32,0.08504242415651267,0.08504242415651267,0.02883858759649016,0.009001568228433244
crop_root_to_shoot_sp3,32,0.07798058352047335,0.07798058352047335,0.020460920686697623,0.006220164947667077
crop_slope_sp3,32,0.020396618608501175,0.020396618608501175,0.007770046800737536,0.0025644474291956765
crop_root_to_shoot_sp10,32,0.005554235782393224,0.005971677714220807,0.0072558512242769675,0.0021430284103470345
crop_slope_sp10,32,-0.0019557655637494455,0.009696386025923598,0.011366597379533999,0.0016716597650585302
cy0_to_ceq_multiplier,32,-0.002185901847507249,0.0033437002091551925,0.0130210301351341,0.004173674325412846
litter_carbon,32,-0.01303908012470546,0.01303908012470546,0.008883464358087957,0.0028872995352729434
litter_nitrogen,32,0.02384058149275809,0.02384058149275809,0.002622228051294163,0.0007248192172949247
mortality_fraction_branch_delta,32,0.001038331247458235,0.00660476190200725,0.009402975786646693,0.002105694237911628
mortality_fraction_croot_delta,32,-0.00015453268705202804,0.0025148219382203517,0.005008461939596171,0.0013058215914955127
mortality_fraction_froot_delta,32,0.00017745949247230662,0.001616923224677927,0.0025226821498589122,0.0006332683596941308
mortality_fraction_leaf_delta,32,0.00018325287962440707,0.0024053978207112746,0.003410666650343233,0.0007077251462433658
mortality_fraction_stem_delta,32,-0.014361339563823317,0.02716881348862086,0.06744714655619923,0.01791339640268941
pool_alloc_froot_sp1,32,0.009942117234586722,0.06802649901775767,0.15202168469804125,0.041379705697315555
pool_alloc_leaf_sp1,32,-0.021599670313016257,0.1456864185338743,0.2760755778083896,0.07248596027385695
pool_alloc_stem_sp1,32,0.08048905158201723,0.5018911237328052,0.7653044832595389,0.1772969324050114
pool_turnover_branch_sp1,32,0.25607862102024875,0.30206945572359245,0.48496359966956065,0.11443963763623745
pool_turnover_croot_sp1,32,-0.019712472974218364,0.07797988578905063,0.1507339198332924,0.04026191361822679
pool_turnover_froot_sp1,32,0.008696131933332841,0.03418523195478275,0.060785225698013576,0.013420266912199972
pool_turnover_leaf_sp1,32,0.00579771538076968,0.03734177377242927,0.06372579030692452,0.015974171272610447
pool_turnover_stem_sp1,32,8.422893227279314,10.049328258147748,16.520715219210476,4.6377251382297855
proj_cover,32,-0.867761192325385,1.188788002087986,4.051798557699047,1.2901102282084906
proj_fire_off,32,0.023394939539442595,0.023394939539442595,0.0719613383296417,0.02342570071968813
proj_fire_on,32,0.29620773564600716,0.29620773564600716,0.30077214822908194,0.09762854392834654
proj_mortality,32,0.5454300119458282,0.5933349873596212,1.346941476718667,0.4229956791368353
proj_thinning_delta,32,9.16103317000144,10.056640614504431,18.047575449897106,5.133738434357056
roth_c_cover_c,32,0.0013406088342154954,0.02085482215205813,0.03880501399200502,0.009980423536571371
roth_c_dpm_frac_crop,32,-0.09758919948634867,0.09758919948634867,0.030052617817968526,0.007932184797695023
roth_c_dpm_frac_tree,32,-0.00696260605373424,0.021190644267338337,0.030437277895732785,0.007048217807302326
roth_c_moisture_b_slope,32,-0.028415489108172615,0.3611689928295635,1.1394599323334846,0.34841071511179106
roth_c_temp_a1,32,0.1104229596377028,0.2916413480249173,0.6234281921089204,0.1498965064740822
roth_c_temp_a2,32,0.018849891808511883,0.43236539000317115,0.9016793319116547,0.2585307617857291
thinning_fraction_branch_delta,32,0.008485603373186554,0.008485603373186554,0.009914674961854112,0.0027920834715158757
thinning_fraction_croot_delta,32,0.003139641828842338,0.0034475423997613885,0.0037760824648411765,0.0010396075712403583
thinning_fraction_froot_delta,32,0.0018248479588006516,0.0018248479588006516,0.0024043284981696204,0.000705058297064085
thinning_fraction_leaf_delta,32,0.0035254199528153506,0.0035254199528153506,0.00436070698039769,0.0014045819299079911
thinning_fraction_stem_delta,32,0.013929871452145803,0.02306200719453194,0.033243885792205705,0.00823925253569779
tree_carbon_sp1,32,-0.23048453394356141,0.9205133415397094,1.9615353197534813,0.5203031081969505
tree_nitrogen_branch_sp1,32,0.0011024229305052757,0.0011024229305052757,0.0008932152066770208,0.00024810870526931363
tree_nitrogen_croot_sp1,32,0.0010133364955924318,0.0010133364955924318,0.002199327569675746,0.0006562937281449439
tree_nitrogen_froot_sp1,32,0.02537477258387094,0.02537477258387094,0.03159698950744564,0.009993750717222177
tree_nitrogen_leaf_sp1,32,0.042558640536745705,0.042558640536745705,0.06223395953959621,0.01836960143691097
tree_nitrogen_stem_sp1,32,0.0023484719514183404,0.0023484719514183404,0.001993094917820751,0.0006435453992262715
tree_root_in_top_30,32,-0.015189389085057334,0.0918208779958556,0.16110877443454952,0.03812413459148455
tree_root_to_shoot_sp1,32,-0.03451181975208703,0.10490319404992081,0.2459226008190728,0.06210656912526642
cy0,33,-0.08494579476093057,0.12449114256108355,0.2509514325399667,0.0686000148211257
clay,33,-0.1768905933652456,0.5181979511737175,1.3132095606162644,0.3562365589100207
temp_ci_delta,33,0.07019382305653751,0.30679973146941353,0.5203646646964831,0.13786575917641894
rain_ci_delta,33,1.3092098233839153,2.006355089027214,5.5292754130824,1.3024359759171218
evap_ci_delta,33,-0.6109647338358213,0.7200480670856557,3.594537760755404,1.075323527274857
ef_burn_crop_N2O_scale,33,-0.005265088621357995,0.005280373647966075,0.003171542566111606,0.0007929160788464962
ef_burn_crop_CH4_scale,33,-0.01964662849726986,0.01966816130121949,0.011926626289819308,0.003358149983668357
ef_burn_tree_N2O_scale,33,0.00507409934470259,0.00507409934470259,0.007313312355036495,0.0021984465936388596
ef_burn_tree_CH4_scale,33,0.02181791702874708,0.02181791702874708,0.027461343053149692,0.008207458538393166
ef_N_inputs,33,-0.0792126174552359,0.1178847254861147,0.1073394271539109,0.020368881188296974
combustion_factor_crop,33,-0.023108582373568002,0.023134396611240518,0.015554308587243604,0.004563672827451494
combustion_factor_tree,33,0.029856222210351602,0.029856222210351602,0.041546373738780756,0.012227101371862613
volatile_frac_organic_fertiliser,33,-0.002875425650973859,0.002875425650973859,0.0003055624420977565,8.2203329133758e-05
volatile_frac_synthetic_fertiliser,33,0.01629739688896297,0.01629739688896297,0.0016405654386364892,0.0005054828205225968
base_sf_qty_scale,33,-0.12981374696526454,0.12981374696526454,0.011684697112334408,0.0038287183019437335
proj_lit_qty_scale,33,0.012933464378179913,0.01651974431860465,0.013079128280810131,0.0021542980708663295
base_stand_density_scale,33,0.0,0.0,0.0,0.0
proj_stand_density_scale,33,0.028547951381479163,0.6290888762202618,0.9957099945464495,0.258734298059721
tree_wood_dens_sp1,33,0.16923073160133478,0.616845345020854,0.8178331244626736,0.16895485882869685
base_cover,33,0.09260887650151173,0.1514710096200166,0.3012968110104986,0.09425163136911127
base_fire_off,33,-0.024885313060658488,0.024885313060658488,0.08969221031413531,0.023475185917333694
base_fire_on,33,-0.034932859740002556,0.034932859740002556,0.00595614489564278,0.001885990598943614
base_mortality,33,0.0,0.0,0.0,0.0
base_sf_n_delta,33,-0.13290163271820105,0.13290163271820105,0.013646164833617419,0.004551771405151786
base_thinning_delta,33,0.0,0.0,0.0,0.0
crop_base_left_delta,33,0.07057779681937482,0.07145971952240951,0.04518469425952837,0.012858229274961537
crop_base_yield_delta,33,-0.027563161472031694,0.05211409525930233,0.05268640926579419,0.008449106846233885
crop_carbon_above_sp3,33,0.040045392236633254,0.040045392236633254,0.024893769910081586,0.007304627325059571
crop_carbon_below_sp3,33,0.06853762147132489,0.06853762147132489,0.02567861279968759,0.008032208053571872
crop_intercept_sp3,33,0.014648779411740786,0.016486058282479933,0.018841795884549956,0.00643084209574669
crop_nitrogen_above_sp3,33,-0.011008484110479343,0.011008484110479343,0.004182521244884148,0.0012498817122696397
crop_nitrogen_below_sp3,33,-0.016081035434720784,0.016081035434720784,0.0022305876086515667,0.0006893207916086448
crop_carbon_above_sp10,33,0.019776502182957047,0.019776502182957047,0.013570359511718996,0.004016517184621328
crop_carbon_below_sp10,33,0.008318993287101197,0.008385531300903273,0.006434174731074216,0.0019674909988941685
crop_intercept_sp10,33,0.002026467109334379,0.006506997340982606,0.007338426549620385,0.001091354624992801
crop_nitrogen_above_sp10,33,-0.007081677975079191,0.007081677975079191,0.0014323384656656489,0.00043741116246514823
crop_nitrogen_below_sp10,33,-0.004457407240105626,0.004457407240105626,0.0014506415250371127,0.00043335930573447807
crop_proj_left_delta,33,0.04973865069013252,0.05080106477189543,0.03865284372562404,0.011760501925329528
crop_proj_yield_delta,33,-0.09594419735715527,0.15551297881756684,0.19545700322437107,0.04339613495169165
crop_root_in_top_30,33,0.05472070594655822,0.05472070594655822,0.029602137569812358,0.009389920633358136
crop_root_to_shoot_sp3,33,0.04662977000454094,0.04662977000454094,0.021065798767142915,0.006292711454597903
crop_slope_sp3,33,0.00880083978343488,0.00890829245204183,0.007667597024514032,0.00246977811448994
crop_root_to_shoot_sp10,33,0.005234071366107344,0.005726592027426512,0.007177365178396164,0.00209264940543045
crop_slope_sp10,33,-0.002598710103911164,0.00988080160937255,0.01133394586025072,0.001657535813899018
cy0_to_ceq_multiplier,33,-0.0018672147383060693,0.003001362761917739,0.011659203916826177,0.0037046143295971588
litter_carbon,33,-0.012613728888234399,0.012613728888234399,0.008853044021752743,0.00288188965402644
litter_nitrogen,33,0.023840581492758067,0.023840581492758067,0.00262222805129404,0.0007248192172949402
mortality_fraction_branch_delta,33,0.001212174702045564,0.006520190075824407,0.009178296119011366,0.0020595709503541
mortality_fraction_croot_delta,33,-0.000143057514046796,0.002492682504695698,0.005014138400366272,0.0013113684317479315
mortality_fraction_froot_delta,33,0.00017599771241315899,0.0016071037324702415,0.0025093993760739587,0.0006286517920289338
mortality_fraction_leaf_delta,33,0.00020105789737929203,0.002380524562532882,0.0033711475950841145,0.0007004593383433913
mortality_fraction_stem_delta,33,-0.014420668302565356,0.02707283837057895,0.06783820647818085,0.01808009949091256
pool_alloc_froot_sp1,33,0.00980307346868221,0.06778006706185037,0.15238562077413415,0.04148116232977096
pool_alloc_leaf_sp1,33,-0.02201621327853303,0.14462993592774512,0.2761287051607469,0.0727753490117446
pool_alloc_stem_sp1,33,0.07196194149887451,0.485184251183707,0.7389864945761985,0.17102608071072323
pool_turnover_branch_sp1,33,0.24152009654431916,0.29088065450323575,0.4707112506279313,0.11026524479466439
pool_turnover_croot_sp1,33,-0.018150000221014456,0.077523020754905,0.15098962785801998,0.04044909674396653
pool_turnover_froot_sp1,33,0.00914008346414603,0.034514866027546956,0.06092862648698697,0.013417277993526698
pool_turnover_leaf_sp1,33,0.006546742575797371,0.03765902766576882,0.06385596737525945,0.015870425821885255
pool_turnover_stem_sp1,33,8.184172556635792,9.889152383297047,16.282657621965296,4.536706775217312
proj_cover,33,-0.8400521725534942,1.1721361529832302,4.077665466851697,1.2979871694456708
proj_fire_off,33,0.023394939539442595,0.023394939539442595,0.0719613383296417,0.02342570071968813
proj_fire_on,33,0.2948254361633841,0.2948254361633841,0.30907720117780274,0.10035822313002145
proj_mortality,33,0.5470176409294008,0.5972850789691145,1.3811017478023013,0.4345446890564581
proj_thinning_delta,33,8.998355891744191,9.937000383792885,17.963558107320967,5.095034070437358
roth_c_cover_c,33,0.0014273809342022713,0.02058769069971943,0.03830214140243686,0.009816559893477387
roth_c_dpm_frac_crop,33,-0.06125010213110749,0.06125010213110749,0.0375203058255115,0.010288791455538444
roth_c_dpm_frac_tree,33,-0.006530979358754354,0.0206151457617612,0.02980191278032765,0.006963662827223724
roth_c_moisture_b_slope,33,-0.03831271649886427,0.35258500047081753,1.1387038905750149,0.349122477819153
roth_c_temp_a1,33,0.10687844368971047,0.2931342895965986,0.6327877829499257,0.1523082323236536
roth_c_temp_a2,33,0.02776760044214751,0.43604336678531086,0.9045403000250766,0.2600435083803956
thinning_fraction_branch_delta,33,0.008134576064286369,0.008134576064286369,0.00945993587831002,0.0026430680344509505
thinning_fraction_croot_delta,33,0.003047061152208616,0.00335475558544914,0.003682521340396156,0.0010210134555479792
thinning_fraction_froot_delta,33,0.0017589543364269432,0.0017589543364269432,0.002326934838590319,0.0006815223802108486
thinning_fraction_leaf_delta,33,0.0034360089257428478,0.0034360089257428478,0.004263159684119757,0.001375146089243671
thinning_fraction_stem_delta,33,0.01330530649364812,0.022561899487486173,0.033258550352833774,0.008287776628428115
tree_carbon_sp1,33,-0.23524875394021505,0.9079240282804282,1.9485854766368185,0.518448102532522
tree_nitrogen_branch_sp1,33,0.0010857165903993909,0.0010857165903993909,0.0009081120021661673,0.0002525368560149685
tree_nitrogen_croot_sp1,33,0.0010206924098399351,0.0010206924098399351,0.002268266741668619,0.0006771961823138494
tree_nitrogen_froot_sp1,33,0.02540585600907746,0.02540585600907746,0.03233072785529383,0.010226475613138313
tree_nitrogen_leaf_sp1,33,0.042795821525885056,0.042795821525885056,0.06411408338500858,0.01890984008263004
tree_nitrogen_stem_sp1,33,0.0023180307643066124,0.0023180307643066124,0.0020279474874867268,0.0006532222099197465
tree_root_in_top_30,33,-0.014888397724269156,0.09150667430840256,0.1609893137970503,0.03813839602161659
tree_root_to_shoot_sp1,33,-0.03492394048199513,0.10328761470348638,0.24431316734865685,0.061847342068153566
cy0,34,-0.0783344879428338,0.11810570692289565,0.23740374952998292,0.06545924539992046
clay,34,-0.17425171738432413,0.5192232986506026,1.336862047978488,0.3636769307089913
temp_ci_delta,34,0.07459018621006834,0.3036818537538972,0.5239733828855128,0.1395190549719554
rain_ci_delta,34,1.315603371082173,1.9926532389219953,5.571709872671809,1.31400657262111
evap_ci_delta,34,-0.611517264929309,0.7187145994754104,3.604729209222928,1.0789110124366068
ef_burn_crop_N2O_scale,34,-0.005265088621358011,0.005280373647966092,0.0031715425661116552,0.0007929160788465036
ef_burn_crop_CH4_scale,34,-0.0196466284972699,0.019668161301219532,0.011926626289819291,0.003358149983668445
ef_burn_tree_N2O_scale,34,0.005047179337362717,0.005047179337362717,0.007458712203227967,0.0022417816951087704
ef_burn_tree_CH4_scale,34,0.021773552637505036,0.021773552637505036,0.028048841219766526,0.008398130889574069
ef_N_inputs,34,-0.07898235405379747,0.11931462298612305,0.11041494881387535,0.021013777913989364
combustion_factor_crop,34,-0.023108582373567985,0.0231343966112405,0.015554308587243743,0.004563672827451539
combustion_factor_tree,34,0.02982413564351155,0.02982413564351155,0.04243247839170153,0.012510319760410652
volatile_frac_organic_fertiliser,34,-0.002875425650973926,0.002875425650973926,0.00030556244209781815,8.220332913377488e-05
volatile_frac_synthetic_fertiliser,34,0.01629739688896296,0.01629739688896296,0.0016405654386364313,0.000505482820522574
base_sf_qty_scale,34,-0.12981374696526476,0.12981374696526476,0.011684697112334127,0.0038287183019436095
proj_lit_qty_scale,34,0.01334723658143874,0.01668556068744461,0.013013094430401656,0.002228388869789522
base_stand_density_scale,34,0.0,0.0,0.0,0.0
proj_stand_density_scale,34,0.029585045116862014,0.613934037190932,0.972818750802243,0.25326393715522827
tree_wood_dens_sp1,34,0.1668883068207394,0.6018437923246864,0.7984735570038547,0.1652776555115743
base_cover,34,0.08845545845602001,0.14867746771858398,0.29550869293075793,0.09157158282400552
base_fire_off,34,-0.024885313060658488,0.024885313060658488,0.08969221031413531,0.023475185917333694
base_fire_on,34,-0.034932859740002487,0.034932859740002487,0.005956144895642736,0.0018859905989436318
base_mortality,34,0.0,0.0,0.0,0.0
base_sf_n_delta,34,-0.13290163271820057,0.13290163271820057,0.013646164833617221,0.004551771405151854
base_thinning_delta,34,0.0,0.0,0.0,0.0
crop_base_left_delta,34,0.06885951566405475,0.06981538763559998,0.045050832355679936,0.012780971460170995
crop_base_yield_delta,34,-0.029863980930694034,0.05329103870355909,0.05244091740157282,0.008317549633284219
crop_carbon_above_sp3,34,0.03178329447710081,0.03178329447710081,0.02144740364336045,0.006353534797903145
crop_carbon_below_sp3,34,0.05639523126281022,0.05639523126281022,0.02528907187670385,0.008046932203040069
crop_intercept_sp3,34,0.009040000844257509,0.010868170783370708,0.014222492180205432,0.004653707297564645
crop_nitrogen_above_sp3,34,-0.011008484110479777,0.011008484110479777,0.004182521244883942,0.001249881712269511
crop_nitrogen_below_sp3,34,-0.016081035434720982,0.016081035434720982,0.002230587608651475,0.0006893207916085981
crop_carbon_above_sp10,34,0.019091436060722874,0.019091436060722874,0.01349783259587901,0.00399851026532603
crop_carbon_below_sp10,34,0.008036759811295539,0.008119687517159073,0.00639046466607638,0.0019442775589541342
crop_intercept_sp10,34,0.0018013268063703485,0.006512400091025447,0.00736598241995272,0.0010744473238419431
crop_nitrogen_above_sp10,34,-0.007081677975078987,0.007081677975078987,0.0014323384656658154,0.00043741116246520277
crop_nitrogen_below_sp10,34,-0.004457407240105493,0.004457407240105493,0.0014506415250371838,0.00043335930573447823
crop_proj_left_delta,34,0.03573793123815409,0.037501630430497875,0.03147316642749364,0.009169326453793055
crop_proj_yield_delta,34,-0.009918710064475103,0.15404906116577652,0.19579202616343738,0.03636415988686124
crop_root_in_top_30,34,0.042478026757080525,0.042478026757080525,0.029299349123929692,0.009394252924082639
crop_root_to_shoot_sp3,34,0.03452365268399762,0.03452365268399762,0.021284390188880405,0.006308369691420377
crop_slope_sp3,34,0.004158288876933461,0.005793930211820994,0.007503633394469646,0.0021188270387004922
crop_root_to_shoot_sp10,34,0.004929506217335858,0.005494701852361558,0.007101962355744084,0.0020455489553377984
crop_slope_sp10,34,-0.0032084167746244327,0.010069767228272051,0.011302274942662848,0.0016531758200073116
cy0_to_ceq_multiplier,34,-0.0015779114273840294,0.002714169041213363,0.010457907243354053,0.003291089422798935
litter_carbon,34,-0.01220893814192138,0.01220893814192138,0.008822009331281508,0.0028763024710634507
litter_nitrogen,34,0.02384058149275805,0.02384058149275805,0.0026222280512939286,0.0007248192172948355
mortality_fraction_branch_delta,34,0.001379985006575546,0.006421989914658843,0.008927732749806109,0.002006256919196477
mortality_fraction_croot_delta,34,-0.0001296157370298423,0.0024794509597701464,0.005008918301684051,0.001313539901256652
mortality_fraction_froot_delta,34,0.00017502460268505325,0.0015949879193900784,0.002492058175255973,0.0006229218316303012
mortality_fraction_leaf_delta,34,0.00021961889698989266,0.0023519054784833402,0.0033240512727549546,0.0006912447360179212
mortality_fraction_stem_delta,34,-0.014433345200113764,0.026974933052529116,0.06808051519811602,0.01818738891596924
pool_alloc_froot_sp1,34,0.00968125883558174,0.06758014622778988,0.15259817163284803,0.04154768402476899
pool_alloc_leaf_sp1,34,-0.022319118714880744,0.14342106338656507,0.27589986181658893,0.07297948066096689
pool_alloc_stem_sp1,34,0.06480469460128715,0.4676243251015572,0.711514790327415,0.164328834365401
pool_turnover_branch_sp1,34,0.22637455818575117,0.2803392667396228,0.45396745684802586,0.1053663775572406
pool_turnover_croot_sp1,34,-0.016730930924204114,0.077030298746219,0.15118768671719238,0.04063078742358513
pool_turnover_froot_sp1,34,0.009505651600249927,0.034756616708644446,0.061049016209367056,0.013421924721217051
pool_turnover_leaf_sp1,34,0.007257520615325164,0.03791138476306334,0.0639113650248013,0.01575479725604467
pool_turnover_stem_sp1,34,7.924958587870802,9.70954762378319,15.991333676277483,4.421150623948356
proj_cover,34,-0.8374269576016447,1.161657844122811,4.109266312725056,1.3089662798484973
proj_fire_off,34,0.023394939539442328,0.023394939539442328,0.07196133832964094,0.02342570071968775
proj_fire_on,34,0.2934795221269867,0.2934795221269867,0.31716460960868237,0.10301457818294214
proj_mortality,34,0.547865712604691,0.6004578784919746,1.4115483256302226,0.4447812165752158
proj_thinning_delta,34,8.816184653055908,9.798496482313727,17.817961898900027,5.037972878098356
roth_c_cover_c,34,0.001856520179209059,0.02023962778778645,0.037999134183959095,0.009797029385168061
roth_c_dpm_frac_crop,34,-0.039293235891504893,0.039293235891504893,0.03638392312879069,0.010363202280359076
roth_c_dpm_frac_tree,34,-0.006133907774720192,0.02004301591640859,0.029146325911478362,0.006868780558344035
roth_c_moisture_b_slope,34,-0.03756598275179545,0.34695927411384986,1.1293675377555303,0.346402210880146
roth_c_temp_a1,34,0.11214848841490954,0.29090685365126834,0.63792443438679,0.1549277698902419
roth_c_temp_a2,34,0.017651776459417862,0.4284969525069077,0.9020452716808961,0.260399314868984
thinning_fraction_branch_delta,34,0.007812147175149086,0.007812147175149086,0.009041408748724028,0.002506903580085234
thinning_fraction_croot_delta,34,0.0029610132718659947,0.0032664165713511355,0.003592153214837224,0.0010036166231796285
thinning_fraction_froot_delta,34,0.0016975491476599713,0.0016975491476599713,0.002251825915028306,0.000658557069783649
thinning_fraction_leaf_delta,34,0.0033509776000567038,0.0033509776000567038,0.004172895313821427,0.0013478896609992795
thinning_fraction_stem_delta,34,0.012749948099092264,0.02205521285195011,0.03312908494578426,0.008297023693475932
tree_carbon_sp1,34,-0.2377687626264903,0.893817572141886,1.929100148197443,0.5145540196007838
tree_nitrogen_branch_sp1,34,0.0010696231119181388,0.0010696231119181388,0.0009223669620636917,0.00025675784908319664
tree_nitrogen_croot_sp1,34,0.0010281530643018733,0.0010281530643018733,0.0023360050988275156,0.0006977280086806411
tree_nitrogen_froot_sp1,34,0.02543903932610942,0.02543903932610942,0.033047099263471054,0.010453427232041583
tree_nitrogen_leaf_sp1,34,0.043032417144607545,0.043032417144607545,0.06595414970451229,0.01943834418534561
tree_nitrogen_stem_sp1,34,0.0022894917037149186,0.0022894917037149186,0.0020629569236987,0.0006629446899375353
tree_root_in_top_30,34,-0.014523309923102717,0.09104123586650534,0.1605417414481879,0.03806653629076981
tree_root_to_shoot_sp1,34,-0.035079243677481386,0.10150884731175207,0.2418678969323329,0.061350840361393155
cy0,35,-0.07199296721687204,0.11230065631469419,0.22718062515222495,0.06321205261124582
clay,35,-0.1718483660687637,0.5187256902760844,1.3581821835602497,0.37062157535473345
temp_ci_delta,35,0.07955172972425048,0.30075350817372765,0.527129919493426,0.14112082460626313
rain_ci_delta,35,1.337101869558278,1.9784524697587074,5.614233325842641,1.324949270955498
evap_ci_delta,35,-0.6154860210834879,0.719072902441235,3.6256335468588055,1.0854677635042487
ef_burn_crop_N2O_scale,35,-0.005265088621357705,0.005280373647965919,0.003171542566111453,0.0007929160788463849
ef_burn_crop_CH4_scale,35,-0.019646628497269426,0.01966816130121899,0.011926626289819425,0.0033581499836687293
ef_burn_tree_N2O_scale,35,0.005022175921383837,0.005022175921383837,0.007602566060775553,0.0022845783313707704
ef_burn_tree_CH4_scale,35,0.021735275413733407,0.021735275413733407,0.028634630578023956,0.008588836028855655
ef_N_inputs,35,-0.07875804775787495,0.1206928747773556,0.113402567942227,0.021654555394739986
combustion_factor_crop,35,-0.02310858237356766,0.023134396611240178,0.015554308587244572,0.004563672827451817
combustion_factor_tree,35,0.029798880078079282,0.029798880078079282,0.04330794124759832,0.012790331685473362
volatile_frac_organic_fertiliser,35,-0.002875425650974267,0.002875425650974267,0.0003055624420979381,8.220332913386014e-05
volatile_frac_synthetic_fertiliser,35,0.016297396888963245,0.016297396888963245,0.0016405654386365636,0.0005054828205227028
base_sf_qty_scale,35,-0.1298137469652654,0.1298137469652654,0.011684697112334212,0.003828718301943591
proj_lit_qty_scale,35,0.013740454563932764,0.016842053732444767,0.01294855152149088,0.00230368724512103
base_stand_density_scale,35,0.0,0.0,0.0,0.0
proj_stand_density_scale,35,3.071872174421852,3.071872174421852,3.655832451049499,1.2659315517807581
tree_wood_dens_sp1,35,2.526533187155114,2.526533187155114,2.6424880365577805,0.7855646576017854
base_cover,35,0.0846382327849126,0.14589407697021714,0.29018730592834796,0.08914875231053639
base_fire_off,35,-0.02488531306065847,0.02488531306065847,0.08969221031413525,0.023475185917333673
base_fire_on,35,-0.03493285974000234,0.03493285974000234,0.0059561448956420475,0.0018859905989434037
base_mortality,35,0.0,0.0,0.0,0.0
base_sf_n_delta,35,-0.13290163271820082,0.13290163271820082,0.01364616483361754,0.004551771405152021
base_thinning_delta,35,0.0,0.0,0.0,0.0
crop_base_left_delta,35,0.0672231025067666,0.06824862611539358,0.04491254839465943,0.012705530600939883
crop_base_yield_delta,35,-0.03206680151968766,0.054392966366252835,0.05218298957848361,0.008234027373710612
crop_carbon_above_sp3,35,0.027182133640310448,0.027182133640310448,0.018705823766732344,0.00558112967747679
crop_carbon_below_sp3,35,0.04941815660540848,0.04941815660540848,0.023652508445578795,0.007577607227697401
crop_intercept_sp3,35,0.0060853546412106855,0.00797512040056583,0.011505483839532198,0.0036161178100427393
crop_nitrogen_above_sp3,35,-0.011008484110480735,0.011008484110480735,0.004182521244883706,0.0012498817122693182
crop_nitrogen_below_sp3,35,-0.01608103543472051,0.01608103543472051,0.0022305876086512943,0.0006893207916085662
crop_carbon_above_sp10,35,0.018442172779266266,0.018442172779266266,0.01342634587012153,0.003980963297543827
crop_carbon_below_sp10,35,0.007769524877345099,0.007867510898336058,0.006346886919075358,0.0019220727841313193
crop_intercept_sp10,35,0.0015874395140017482,0.006517621108122512,0.007392260361396286,0.0010629978799104837
crop_nitrogen_above_sp10,35,-0.007081677975078813,0.007081677975078813,0.00143233846566662,0.0004374111624654472
crop_nitrogen_below_sp10,35,-0.004457407240105677,0.004457407240105677,0.0014506415250371142,0.0004333593057345065
crop_proj_left_delta,35,0.028494993208215125,0.031006722456170078,0.02749921427257804,0.007716618122897351
crop_proj_yield_delta,35,0.036088588500096316,0.16315067684957427,0.18476062607456203,0.02873503537588809
crop_root_in_top_30,35,0.03537705363383142,0.03537705363383142,0.027782479657474383,0.008939689642502007
crop_root_to_shoot_sp3,35,0.02791738030889156,0.02791738030889156,0.02025578070229262,0.00596676339085579
crop_slope_sp3,35,0.0016237306091858416,0.004958468603272375,0.006995640044944151,0.0017187466851770917
crop_root_to_shoot_sp10,35,0.004638956657019253,0.005289761146785135,0.007029435009856362,0.0019976246440297544
crop_slope_sp10,35,-0.0037866776199087402,0.01026515816721003,0.011270517022453862,0.0016526556287547328
cy0_to_ceq_multiplier,35,-0.0013142723452233968,0.002461919434210044,0.009405776515661102,0.0029275380080235544
litter_carbon,35,-0.011823325143371519,0.011823325143371519,0.008789897754923122,0.0028703642153350565
litter_nitrogen,35,0.0238405814927587,0.0238405814927587,0.0026222280512947058,0.0007248192172952738
mortality_fraction_branch_delta,35,0.0015429235708161182,0.006310823706569041,0.00865127387340512,0.0019458237147566748
mortality_fraction_croot_delta,35,-0.00011393590806674514,0.0024661290791521766,0.004991917157449829,0.0013112554323467457
mortality_fraction_froot_delta,35,0.0001747299606550956,0.0015806257995094053,0.0024705073665718287,0.000616012777798463
mortality_fraction_leaf_delta,35,0.00023914853763749023,0.0023196132262905513,0.003269114898606194,0.0006799366077883174
mortality_fraction_stem_delta,35,-0.014396959211803815,0.026832062220949804,0.06816641307624037,0.018248372043532687
pool_alloc_froot_sp1,35,0.051444745414064186,0.08525923666957096,0.12255567590041822,0.029819846364824574
pool_alloc_leaf_sp1,35,-0.010195628229348701,0.13732919969130358,0.25913707325805907,0.06752048314033042
pool_alloc_stem_sp1,35,-0.644598274895966,2.0774502819274536,2.9406436495648998,0.6911794943267658
pool_turnover_branch_sp1,35,-1.2041919384263933,1.2041919384263933,0.9499512183801622,0.25507361479641477
pool_turnover_croot_sp1,35,-0.33916162529833144,0.3465811031613485,0.6394324822920335,0.19479887708778942
pool_turnover_froot_sp1,35,-0.1462528483167596,0.15032459380237725,0.2491467590649038,0.07478142876660442
pool_turnover_leaf_sp1,35,-0.1143673325199348,0.11801807267001396,0.21011791951746914,0.06624455906553138
pool_turnover_stem_sp1,35,-32.49058417494698,32.49058417494698,35.04777449321964,10.863641337356853
proj_cover,35,-0.8500976485988551,1.154237868895415,4.146969427201592,1.3229875546710075
proj_fire_off,35,0.023394939539442626,0.023394939539442626,0.07196133832964183,0.02342570071968813
proj_fire_on,35,0.29215148326985096,0.29215148326985096,0.3249934189872755,0.10558442034773712
proj_mortality,35,-1.2013980365735064,1.2013980365735064,1.1630388540316563,0.3682896706324336
proj_thinning_delta,35,-25.725859610161883,30.214736539351712,44.64180663796376,13.157406728770246
roth_c_cover_c,35,0.0022996513382272598,0.019874267409436663,0.03773800910822166,0.009788598881100391
roth_c_dpm_frac_crop,35,-0.027824398466663625,0.027824398466663625,0.032382898243759006,0.00935142474123892
roth_c_dpm_frac_tree,35,-0.005772795955478813,0.019473515297018705,0.028468197101245242,0.00676263853016038
roth_c_moisture_b_slope,35,-0.04016884943795997,0.34055900307694753,1.1178102232745193,0.3428003496537425
roth_c_temp_a1,35,0.11650343936351693,0.2888219721511627,0.642908604675173,0.1570478241501179
roth_c_temp_a2,35,0.008345044324283724,0.4191678533686861,0.8978062105220068,0.26041812206455156
thinning_fraction_branch_delta,35,0.007514519700783331,0.007514519700783331,0.008655989873236422,0.0023825689037040862
thinning_fraction_croot_delta,35,0.0028805306887566716,0.0031815588101168192,0.003503783814520127,0.0009868556586112862
thinning_fraction_froot_delta,35,0.001640006632558022,0.001640006632558022,0.0021790524677323753,0.000636182933924456
thinning_fraction_leaf_delta,35,0.003269610383979385,0.003269610383979385,0.004088393722502267,0.0013223317339186708
thinning_fraction_stem_delta,35,0.012255367468352504,0.021540060021133033,0.03286254228190366,0.008267064854298161
tree_carbon_sp1,35,2.463218182052885,2.463218182052885,3.040284341640336,0.9356759981914538
tree_nitrogen_branch_sp1,35,0.001054083355060073,0.001054083355060073,0.0009359643213943507,0.00026076575899091416
tree_nitrogen_croot_sp1,35,0.0010356285030822144,0.0010356285030822144,0.002402212142036322,0.0007177890516364545
tree_nitrogen_froot_sp1,35,0.025472937397706112,0.025472937397706112,0.03374398658914992,0.01067391873677994
tree_nitrogen_leaf_sp1,35,0.04326487068049901,0.04326487068049901,0.06774640675449385,0.019952940817776387
tree_nitrogen_stem_sp1,35,0.002262640816726788,0.002262640816726788,0.002097978558887161,0.0006726742256094044
tree_root_in_top_30,35,-0.014083140586292741,0.09042079900761817,0.15975219917474265,0.03790513225870938
tree_root_to_shoot_sp1,35,0.41016667773118065,0.41016667773118065,0.4312753688149559,0.14506395359710858
cy0,36,-0.06591257393598274,0.11280680731425971,0.22005997826204032,0.05997773361351183
clay,36,-0.2570380426061352,0.5849498854910897,1.7009228420830182,0.4675322420711312
temp_ci_delta,36,0.3128029643961086,0.4746195272277355,0.9280098243521744,0.2773232694964091
rain_ci_delta,36,2.2305972398348666,2.764990265364733,7.889526090653739,1.8601260082016995
evap_ci_delta,36,-0.8190855799675709,0.932126644454387,4.496365204151745,1.336616700537699
ef_burn_crop_N2O_scale,36,-0.005265088621357897,0.005280373647966144,0.0031715425661117836,0.0007929160788464635
ef_burn_crop_CH4_scale,36,-0.019646628497270075,0.019668161301219705,0.01192662628981945,0.0033581499836684322
ef_burn_tree_N2O_scale,36,0.00643848716623162,0.00643848716623162,0.010189034293033205,0.0030556237990327206
ef_burn_tree_CH4_scale,36,0.028197479484995798,0.028197479484995798,0.040056440951212774,0.012123692586149367
ef_N_inputs,36,-0.07822023117060288,0.12216665484404868,0.1169616114480804,0.022509288558736223
combustion_factor_crop,36,-0.023108582373568852,0.023134396611241368,0.01555430858724346,0.004563672827451515
combustion_factor_tree,36,0.038288920107816975,0.038288920107816975,0.0576594374800938,0.017211154217245433
volatile_frac_organic_fertiliser,36,-0.00287542565097358,0.00287542565097358,0.0003055624420981753,8.220332913384278e-05
volatile_frac_synthetic_fertiliser,36,0.016297396888962735,0.016297396888962735,0.0016405654386361483,0.0005054828205224724
base_sf_qty_scale,36,-0.1298137469652645,0.1298137469652645,0.011684697112334524,0.003828718301943798
proj_lit_qty_scale,36,0.01411469712871546,0.016989439507398636,0.0128848497369453,0.00237948024595763
base_stand_density_scale,36,0.0,0.0,0.0,0.0
proj_stand_density_scale,36,-0.6440150995463115,0.8410428379238091,1.7847989148148207,0.5749046277432449
tree_wood_dens_sp1,36,-0.40392418158192395,0.6370920733062114,1.362431559296845,0.39091735961875884
base_cover,36,0.08112899842222111,0.14312539284583162,0.28528151739362173,0.08695988854645957
base_fire_off,36,-0.024885313060658505,0.024885313060658505,0.08969221031413536,0.023475185917333705
base_fire_on,36,-0.03493285974000247,0.03493285974000247,0.0059561448956429305,0.001885990598943669
base_mortality,36,0.0,0.0,0.0,0.0
base_sf_n_delta,36,-0.13290163271820082,0.13290163271820082,0.013646164833616997,0.004551771405151645
base_thinning_delta,36,0.0,0.0,0.0,0.0
crop_base_left_delta,36,0.06566307476945185,0.06675420133446305,0.044768600660893165,0.012631328863580829
crop_base_yield_delta,36,-0.03417688438799193,0.055423432858021385,0.051912428535545924,0.008195265466160152
crop_carbon_above_sp3,36,0.024177518007790152,0.024177518007790152,0.01651152450593966,0.004957483341451741
crop_carbon_below_sp3,36,0.044735653882885765,0.044735653882885765,0.021896039740453854,0.007035355112556602
crop_intercept_sp3,36,0.004287987568058633,0.00632148861552752,0.009600503855901296,0.0028743790123194933
crop_nitrogen_above_sp3,36,-0.011008484110478986,0.011008484110478986,0.004182521244884383,0.0012498817122697716
crop_nitrogen_below_sp3,36,-0.016081035434720555,0.016081035434720555,0.002230587608651836,0.0006893207916087595
crop_carbon_above_sp10,36,0.017826317724758088,0.017826317724758088,0.013354779531812662,0.003963624220438807
crop_carbon_below_sp10,36,0.007515236526243059,0.00762705949936104,0.0063038138915064565,0.0019008006859336664
crop_intercept_sp10,36,0.0013845998144828813,0.006522756206327094,0.007417145660417219,0.0010562487089635193
crop_nitrogen_above_sp10,36,-0.007081677975078954,0.007081677975078954,0.0014323384656655096,0.0004374111624650597
crop_nitrogen_below_sp10,36,-0.004457407240106043,0.004457407240106043,0.0014506415250371033,0.00043335930573446067
crop_proj_left_delta,36,0.024073989588414932,0.027398986747448707,0.02500509390934823,0.006693727218608864
crop_proj_yield_delta,36,0.06504305151995005,0.16449957196409642,0.17180160639293182,0.0252913545536474
crop_root_in_top_30,36,0.030603462067138938,0.030676752514519606,0.02613807821088506,0.008377252432683217
crop_root_to_shoot_sp3,36,0.02366604330859625,0.02366604330859625,0.019009904586951502,0.005560630290279217
crop_slope_sp3,36,1.2131771105634848e-05,0.005012593709913547,0.006469366757612276,0.0013110702729033385
crop_root_to_shoot_sp10,36,0.004362428593822461,0.005123432820554915,0.006959155549581095,0.0019458297392194268
crop_slope_sp10,36,-0.0043360137966221525,0.010468421609368771,0.011237891906444893,0.0016539012792524046
cy0_to_ceq_multiplier,36,-0.0010740710358959238,0.002228821122032493,0.00849399229470843,0.00261031379763406
litter_carbon,36,-0.011455642871587101,0.011455642871587101,0.008756353773631745,0.002863933347642932
litter_nitrogen,36,0.02384058149275805,0.02384058149275805,0.0026222280512940553,0.0007248192172948921
mortality_fraction_branch_delta,36,0.011148568968714105,0.011148568968714105,0.005884600747132202,0.0016289555161588466
mortality_fraction_croot_delta,36,0.0037598876950365213,0.0038021604694577138,0.0021311392698588377,0.0005917956533794264
mortality_fraction_froot_delta,36,0.0018774520828473515,0.001968991215365111,0.0011474279849284681,0.00026799657692199325
mortality_fraction_leaf_delta,36,0.0033665121562672443,0.0033665121562672443,0.001863925001217258,0.0005924711535129524
mortality_fraction_stem_delta,36,0.014663690538774074,0.020103129267437934,0.023868047306849483,0.005963944584467015
pool_alloc_froot_sp1,36,0.033153867872220154,0.07168655523950307,0.12851405824750925,0.031282415872065136
pool_alloc_leaf_sp1,36,0.04059691414676716,0.12690083848427755,0.21150137696182572,0.05246529213026303
pool_alloc_stem_sp1,36,0.2742553133040321,0.8131734454277113,1.2224552073415298,0.28370157817553104
pool_turnover_branch_sp1,36,0.5317966330705677,0.5411321886086261,0.7547882260119402,0.1926830950142808
pool_turnover_croot_sp1,36,0.13360933064281982,0.13678556713903256,0.11093296097495613,0.034655443795538775
pool_turnover_froot_sp1,36,0.07840610483292196,0.07840610483292196,0.0658494543112561,0.023218271107693145
pool_turnover_leaf_sp1,36,0.08762900655021737,0.08827215366035993,0.06864364576098175,0.019468624275617383
pool_turnover_stem_sp1,36,16.20903306855606,16.533880651285624,24.564552158281266,7.267721954781525
proj_cover,36,-1.5362877376436077,1.7166872191509384,6.249182022741545,2.037492335725567
proj_fire_off,36,0.023394939539442352,0.023394939539442352,0.071961338329641,0.023425700719687765
proj_fire_on,36,0.387727636654065,0.387727636654065,0.4835694504539994,0.15660387580319163
proj_mortality,36,0.9091135428214677,0.9177926951290294,1.9104974245023754,0.6029223890133184
proj_thinning_delta,36,15.867749192204204,16.08615012010215,28.532603782398233,8.386180974940395
roth_c_cover_c,36,0.014528823823184855,0.029112816873309483,0.05881649618006171,0.01681212449187301
roth_c_dpm_frac_crop,36,-0.02110902869919029,0.02110902869919029,0.02777808094765302,0.008063829817787574
roth_c_dpm_frac_tree,36,0.052212820031470784,0.05793867963639523,0.10627737092779412,0.036863328969785586
roth_c_moisture_b_slope,36,-0.15397706294808722,0.4049606880873607,1.4147590999220454,0.43420484009348076
roth_c_temp_a1,36,0.27367711159295127,0.38462483340002707,0.7949452529595339,0.20424360401081346
roth_c_temp_a2,36,-0.21952651072670432,0.5227307636740981,1.2031673932465567,0.34466185335002086
thinning_fraction_branch_delta,36,-0.6576298440453697,0.657968892956638,0.698228243718306,0.2079352073159611
thinning_fraction_croot_delta,36,-0.17635804210727868,0.17645585034248848,0.28424969077365103,0.08020956777788787
thinning_fraction_froot_delta,36,-0.14349605425656092,0.1435754100194973,0.22133211303776307,0.06899664613961967
thinning_fraction_leaf_delta,36,-0.13323730378561413,0.13343623575577962,0.19848294502544156,0.06167627245383588
thinning_fraction_stem_delta,36,-1.3636532763597422,1.3662798379853907,2.7472704021593604,0.9672464181349328
tree_carbon_sp1,36,-0.9022509811113256,1.1093220727760058,2.9274423402085845,0.8609190255622601
tree_nitrogen_branch_sp1,36,0.0021125952009012293,0.0021125952009012293,0.0018614072148319413,0.0005245355875975191
tree_nitrogen_croot_sp1,36,0.001446367790471921,0.001446367790471921,0.003027719821629324,0.0009141185160831069
tree_nitrogen_froot_sp1,36,0.024065763651846307,0.024065763651846307,0.03250862553457496,0.010282519380829127
tree_nitrogen_leaf_sp1,36,0.04027127349151059,0.04027127349151059,0.06475448911215764,0.01905826613680429
tree_nitrogen_stem_sp1,36,0.004444039909804506,0.004444039909804506,0.006215755597878045,0.0018117089836936862
tree_root_in_top_30,36,-0.05715497520985807,0.10392418104921827,0.2108492203036066,0.0536221058480298
tree_root_to_shoot_sp1,36,-0.12615255206083076,0.13829284241018247,0.34946706921378595,0.09755785386988167
cy0,37,-0.06008520294547929,0.11330500160987904,0.21574063667643656,0.05746754972196086
clay,37,-0.14952088590742418,0.5197320833617587,1.4222152436245754,0.392942353342915
temp_ci_delta,37,0.061799841133460306,0.29753947282300763,0.535954727387224,0.14255042388322878
rain_ci_delta,37,1.5620853493944398,2.156002807076826,6.54438458754074,1.5457404978900178
evap_ci_delta,37,-0.6741526049428697,0.7818252708132809,3.9576927548886247,1.1822927411487407
ef_burn_crop_N2O_scale,37,-0.005265088621358055,0.005280373647966202,0.0031715425661116175,0.0007929160788464871
ef_burn_crop_CH4_scale,37,-0.019646628497270037,0.01966816130121967,0.011926626289819213,0.003358149983668317
ef_burn_tree_N2O_scale,37,0.004377510206089274,0.004377510206089274,0.007057965709244375,0.0021214159068496633
ef_burn_tree_CH4_scale,37,0.019051674078970057,0.019051674078970057,0.026289273765319535,0.00790523043797378
ef_N_inputs,37,-0.08858444733606446,0.1232468983665169,0.10324219531264214,0.01895089456401955
combustion_factor_crop,37,-0.023108582373568044,0.023134396611240525,0.015554308587243632,0.0045636728274515235
combustion_factor_tree,37,0.026356086265758895,0.026356086265758895,0.04052960094944149,0.012059431575476849
volatile_frac_organic_fertiliser,37,-0.0028754256509737923,0.0028754256509737923,0.00030556244209785464,8.220332913379728e-05
volatile_frac_synthetic_fertiliser,37,0.01629739688896277,0.01629739688896277,0.0016405654386363118,0.000505482820522511
base_sf_qty_scale,37,-0.12981374696526465,0.12981374696526465,0.011684697112334339,0.0038287183019437353
proj_lit_qty_scale,37,0.014471286830887603,0.01712788251374872,0.012821401893539346,0.002455214293711884
base_stand_density_scale,37,0.0,0.0,0.0,0.0
proj_stand_density_scale,37,0.6917276656590405,0.7029164453270492,0.44045657711044034,0.1321382988619206
tree_wood_dens_sp1,37,0.6750058260184911,0.7061720745889356,0.44602521899076375,0.10881085674045923
base_cover,37,0.07790211615232574,0.1403765179982522,0.28074577839973325,0.08498310583594278
base_fire_off,37,-0.024885313060658495,0.024885313060658495,0.08969221031413534,0.023475185917333698
base_fire_on,37,-0.034932859740002695,0.034932859740002695,0.00595614489564277,0.001885990598943603
base_mortality,37,0.0,0.0,0.0,0.0
base_sf_n_delta,37,-0.13290163271820066,0.13290163271820066,0.013646164833617315,0.00455177140515181
base_thinning_delta,37,0.0,0.0,0.0,0.0
crop_base_left_delta,37,0.06417540308966732,0.06532831988701976,0.0446183399542505,0.012557854292964419
crop_base_yield_delta,37,-0.03619895397053808,0.056386700918488006,0.051629937264892393,0.008197303349890236
crop_carbon_above_sp3,37,0.021968797520693643,0.021968797520693643,0.014791063054849821,0.004465520935486322
crop_carbon_below_sp3,37,0.04121970734765564,0.04121970734765564,0.0203688678354637,0.0065522474862393055
crop_intercept_sp3,37,0.00304784525098748,0.005272773814341036,0.00817637370780724,0.0023347484395317007
crop_nitrogen_above_sp3,37,-0.011008484110479552,0.011008484110479552,0.004182521244883902,0.0012498817122695318
crop_nitrogen_below_sp3,37,-0.016081035434720933,0.016081035434720933,0.002230587608651728,0.0006893207916087069
crop_carbon_above_sp10,37,0.01724117784224215,0.01724117784224215,0.013283104326842392,0.0039464330218706095
crop_carbon_below_sp10,37,0.007274065422663607,0.007398603301406416,0.006260577025930228,0.0018803081834638771
crop_intercept_sp10,37,0.001192111297443768,0.00652789176312876,0.007440990641731006,0.0010537214569469205
crop_nitrogen_above_sp10,37,-0.007081677975079087,0.007081677975079087,0.0014323384656657898,0.0004374111624651609
crop_nitrogen_below_sp10,37,-0.00445740724010556,0.00445740724010556,0.0014506415250371918,0.000433359305734476
crop_proj_left_delta,37,0.020981414631797222,0.025178572691373968,0.023328833949944464,0.005883035229405683
crop_proj_yield_delta,37,0.08583543832542684,0.16319363387580862,0.15990819338745837,0.024513778326849076
crop_root_in_top_30,37,0.02702306308939335,0.027235960951876435,0.024687482098728716,0.007835063685188395
crop_root_to_shoot_sp3,37,0.020553676546935837,0.020553676546935837,0.01787477510823793,0.005188926993948701
crop_slope_sp3,37,-0.0011533791634676493,0.005089244438687923,0.006022740653476276,0.0010585335439020178
crop_root_to_shoot_sp10,37,0.004098390788863112,0.004987023896599954,0.006891120090178199,0.0018968121735225057
crop_slope_sp10,37,-0.00485830438728684,0.010658257563637443,0.011204597156087346,0.001669688912351489
cy0_to_ceq_multiplier,37,-0.0008540488091955095,0.002110108915230094,0.007715646105499387,0.002358294606944388
litter_carbon,37,-0.011104798534551643,0.011104798534551643,0.008721125667689974,0.002856899569580083
litter_nitrogen,37,0.0238405814927578,0.0238405814927578,0.0026222280512942435,0.0007248192172949508
mortality_fraction_branch_delta,37,0.007797935522114513,0.008022971241244875,0.0047953809321645445,0.0013275593055484868
mortality_fraction_croot_delta,37,0.002152808486803273,0.0028626576493833737,0.0024952151090650966,0.0004632542093034217
mortality_fraction_froot_delta,37,0.0011880037657306581,0.001541104167896687,0.0012488856119349447,0.00021738455366117755
mortality_fraction_leaf_delta,37,0.002039090943853991,0.0022691090000460075,0.0014667769356181057,0.00034142352792227945
mortality_fraction_stem_delta,37,0.00572697358368493,0.016153139835705037,0.027249498142243152,0.006510340060954651
pool_alloc_froot_sp1,37,0.06298311470620949,0.09059827954088431,0.10713735309048981,0.0249110288967303
pool_alloc_leaf_sp1,37,0.08683428835153376,0.1395052803368774,0.16910147626516814,0.03884336691505227
pool_alloc_stem_sp1,37,-0.1648051730656649,0.43498785630664677,0.5360997607647705,0.11067617459601133
pool_turnover_branch_sp1,37,-0.13666113706247457,0.18169246353978527,0.16925333969718498,0.03508025672659932
pool_turnover_croot_sp1,37,0.07634866123097177,0.09112289074895552,0.06631537681029377,0.013457775997552462
pool_turnover_froot_sp1,37,0.05049411290162313,0.05326248729282039,0.03613532162566074,0.011577594333385018
pool_turnover_leaf_sp1,37,0.05715931578955704,0.06108619538964142,0.04119793062690221,0.010295175495869335
pool_turnover_stem_sp1,37,-1.6156365833412156,5.3598087099576235,7.352668918995231,1.4348544480368375
proj_cover,37,-1.0205480544312515,1.2792438251148586,4.740759345075616,1.524163258328756
proj_fire_off,37,0.023394939539442394,0.023394939539442394,0.07196133832964118,0.02342570071968789
proj_fire_on,37,0.25137552644003697,0.25137552644003697,0.2991309152222393,0.09767226643545757
proj_mortality,37,0.11525731106053105,0.3769670635602008,0.8811605886462488,0.27723206534594064
proj_thinning_delta,37,0.2126890556400399,6.011827613195823,10.46990502876024,2.514834637462918
roth_c_cover_c,37,0.0017759185517407905,0.020706137082110786,0.04038684351694839,0.01057670303321657
roth_c_dpm_frac_crop,37,-0.01671672470030342,0.01671672470030342,0.023458262045022393,0.006827354281046528
roth_c_dpm_frac_tree,37,-0.05526103888408622,0.05526103888408622,0.05662619064121021,0.018298617827332282
roth_c_moisture_b_slope,37,-0.07008340503926484,0.3380395476721265,1.1731465807755568,0.3606707609345781
roth_c_temp_a1,37,0.1105132503327138,0.3231287525159966,0.7145234566869931,0.17488907916783605
roth_c_temp_a2,37,0.04967552960407352,0.42374329823601686,0.8770234508883077,0.25422148621210733
thinning_fraction_branch_delta,37,0.27068911011070174,0.27068911011070174,0.30697139668924184,0.09962626180190685
thinning_fraction_croot_delta,37,0.08052865721916777,0.08052865721916777,0.13292877752660898,0.03818826424254623
thinning_fraction_froot_delta,37,0.054574774069190736,0.054574774069190736,0.06996690645261956,0.022235868127118297
thinning_fraction_leaf_delta,37,0.06879376408357535,0.06879376408357535,0.09514993797146439,0.029925039607744338
thinning_fraction_stem_delta,37,0.46249442689528486,0.46249442689528486,0.7261062775543121,0.2342014812897807
tree_carbon_sp1,37,0.36555346016882684,0.7282754018563753,1.0851713769788025,0.2511559626392019
tree_nitrogen_branch_sp1,37,0.0008724955563491815,0.0008724955563491815,0.0008479109964750837,0.0002354421886157896
tree_nitrogen_croot_sp1,37,0.0009117145245363361,0.0009117145245363361,0.0022576159297962553,0.000678247515124072
tree_nitrogen_froot_sp1,37,0.021586520860637913,0.021586520860637913,0.029970561185293797,0.009422554087160962
tree_nitrogen_leaf_sp1,37,0.0370880477321222,0.0370880477321222,0.06155539163949836,0.018094857189217748
tree_nitrogen_stem_sp1,37,0.001885107034813513,0.001885107034813513,0.0018607107421524706,0.0005936467694632867
tree_root_in_top_30,37,0.12141648535304835,0.12838783299993262,0.10496294783209235,0.02970817694084365
tree_root_to_shoot_sp1,37,0.02972236732015606,0.08419542571620893,0.14791038761538927,0.03457999191647567
cy0,38,-0.05450245503434794,0.11352084094672887,0.21386000601185057,0.055762016298427655
clay,38,-0.12937990080489695,0.5373407789771677,1.291087937049707,0.34410475893634546
temp_ci_delta,38,-0.15884961757136923,0.240141012229757,0.2383364019051617,0.04319601166834199
rain_ci_delta,38,0.6836936941544137,1.7152818764083075,4.553401712770242,1.032989057156707
evap_ci_delta,38,-0.4907383156742238,0.6583200497348833,3.267374361542105,0.9776669687489045
ef_burn_crop_N2O_scale,38,-0.005265088621357913,0.005280373647965961,0.0031715425661116687,0.0007929160788465194
ef_burn_crop_CH4_scale,38,-0.019646628497269843,0.019668161301219456,0.011926626289819199,0.0033581499836683624
ef_burn_tree_N2O_scale,38,0.004362883613721983,0.004362883613721983,0.007179892236889825,0.002157372382849587
ef_burn_tree_CH4_scale,38,0.019033006118105218,0.019033006118105218,0.02676637655235518,0.00806217316516381
ef_N_inputs,38,-0.0884162531816626,0.12423888657213855,0.10555445746009856,0.01944933719306716
combustion_factor_crop,38,-0.023108582373568085,0.0231343966112406,0.015554308587243782,0.004563672827451547
combustion_factor_tree,38,0.026360572243868185,0.026360572243868185,0.04126482681356312,0.012295405468303554
volatile_frac_organic_fertiliser,38,-0.0028754256509738174,0.0028754256509738174,0.00030556244209797064,8.220332913381832e-05
volatile_frac_synthetic_fertiliser,38,0.016297396888962902,0.016297396888962902,0.0016405654386363686,0.0005054828205225574
base_sf_qty_scale,38,-0.1298137469652647,0.1298137469652647,0.011684697112334252,0.003828718301943661
proj_lit_qty_scale,38,0.014811450538686741,0.017273693902466778,0.012757795642509095,0.002527766631547002
base_stand_density_scale,38,0.0,0.0,0.0,0.0
proj_stand_density_scale,38,0.3742632525829748,0.48280313281074977,0.3916529770143221,0.07990950212638467
tree_wood_dens_sp1,38,0.41881248610407606,0.5473531935803431,0.4530026220200982,0.07802101478746126
base_cover,38,0.07493426474791542,0.1376512722765873,0.276538905864591,0.08319816605108396
base_fire_off,38,-0.024885313060658488,0.024885313060658488,0.08969221031413531,0.023475185917333694
base_fire_on,38,-0.03493285974000263,0.03493285974000263,0.005956144895642792,0.0018859905989436212
base_mortality,38,0.0,0.0,0.0,0.0
base_sf_n_delta,38,-0.13290163271820074,0.13290163271820074,0.013646164833617382,0.004551771405151904
base_thinning_delta,38,0.0,0.0,0.0,0.0
crop_base_left_delta,38,0.06275600725095576,0.06396712229620885,0.04446155696551372,0.012484867086422222
crop_base_yield_delta,38,-0.03813750601881269,0.057285832344575224,0.05133544128099658,0.008236180330454675
crop_carbon_above_sp3,38,0.020214497393208186,0.020214497393208186,0.013456716970563984,0.004081565079722229
crop_carbon_below_sp3,38,0.03838475889626587,0.03838475889626587,0.01913504576611435,0.006156856535735531
crop_intercept_sp3,38,0.0021067195712760806,0.004481855121582115,0.007088735574506869,0.001937415476040163
crop_nitrogen_above_sp3,38,-0.011008484110479435,0.011008484110479435,0.004182521244884008,0.0012498817122695912
crop_nitrogen_below_sp3,38,-0.0160810354347208,0.0160810354347208,0.0022305876086516625,0.0006893207916086924
crop_carbon_above_sp10,38,0.016685312403707624,0.016685312403707624,0.013210445410165781,0.00392895660817623
crop_carbon_below_sp10,38,0.007044439648132983,0.007180660382797121,0.00621707564057306,0.0018603312533632013
crop_intercept_sp10,38,0.0010089924639998416,0.00653529070346468,0.007463263970099762,0.0010525900573210535
crop_nitrogen_above_sp10,38,-0.007081677975079095,0.007081677975079095,0.0014323384656658004,0.0004374111624651809
crop_nitrogen_below_sp10,38,-0.004457407240105585,0.004457407240105585,0.0014506415250371083,0.00043335930573447135
crop_proj_left_delta,38,0.01859924678918485,0.023688267866786145,0.022142196374225064,0.0051999810243772305
crop_proj_yield_delta,38,0.10218018055501314,0.16436100569978235,0.1497897985601271,0.023156467613591563
crop_root_in_top_30,38,0.024134690008472636,0.024520720246945293,0.02349130830902991,0.007369001802969921
crop_root_to_shoot_sp3,38,0.01806945616443311,0.01809835507120298,0.01692393621236104,0.004863010532171284
crop_slope_sp3,38,-0.0020767992403201456,0.005243341078520527,0.005669267509480227,0.0008975735830399525
crop_root_to_shoot_sp10,38,0.0038464713579163604,0.004866455342336469,0.00682491133136336,0.0018519010440820227
crop_slope_sp10,38,-0.00535506170987487,0.010835480030147688,0.011170455044752017,0.0016976032519039424
cy0_to_ceq_multiplier,38,-0.000652638930774796,0.002121224836566238,0.0070651675773707005,0.002176020804220528
litter_carbon,38,-0.010769717739091708,0.010769717739091708,0.008684053139101382,0.0028491998194862377
litter_nitrogen,38,0.023840581492758067,0.023840581492758067,0.0026222280512941923,0.0007248192172949353
mortality_fraction_branch_delta,38,0.006250812938952341,0.006690240471908257,0.0046860185691810765,0.0012381207311528467
mortality_fraction_croot_delta,38,0.0014373153177413057,0.002798252779098531,0.0033227060684365155,0.0006989148189972277
mortality_fraction_froot_delta,38,0.0008791813078917132,0.0014532933811624404,0.0014773988593517562,0.00026272666591176206
mortality_fraction_leaf_delta,38,0.0014577384899172624,0.002034370240481301,0.0017918319857222278,0.00030902707572471954
mortality_fraction_stem_delta,38,0.0013003582587090474,0.01699063529635774,0.03217076490805489,0.007772895774733254
pool_alloc_froot_sp1,38,0.0419026360114636,0.07344185710772103,0.1072460492186537,0.02453478623894475
pool_alloc_leaf_sp1,38,0.04889391708323971,0.1144979811443424,0.17169754005709512,0.0404573579285711
pool_alloc_stem_sp1,38,-0.08170282157320634,0.32611614386293714,0.4231419287247364,0.0816618973910537
pool_turnover_branch_sp1,38,-0.002235651484214979,0.1455092508098517,0.2046577465023684,0.03903080416084774
pool_turnover_croot_sp1,38,0.05084747794277419,0.07703181966543117,0.0786745656073226,0.016187038375645748
pool_turnover_froot_sp1,38,0.03816875825237291,0.04322802643792984,0.030956218701709136,0.008033494056184877
pool_turnover_leaf_sp1,38,0.04262717806615258,0.04940055564636235,0.0381802777867113,0.00886738227010438
pool_turnover_stem_sp1,38,1.8883297819681997,5.630934819535872,8.95168207688136,2.0297975811448405
proj_cover,38,-0.2892692117439313,0.8552544455256884,2.594513865179965,0.7846938838731449
proj_fire_off,38,0.02339493953944246,0.02339493953944246,0.07196133832964131,0.02342570071968794
proj_fire_on,38,0.250340988184217,0.250340988184217,0.305274177454727,0.09968868197879234
proj_mortality,38,0.3018749541831488,0.4298663072611644,1.1176421054636723,0.3551243317619312
proj_thinning_delta,38,3.0958902263075303,5.783003382119668,10.516655937072645,2.639552488701178
roth_c_cover_c,38,-0.00826520522249601,0.018560595512473212,0.027656905012746116,0.006157021113081408
roth_c_dpm_frac_crop,38,-0.013592714755125551,0.013592714755125551,0.019689300814546062,0.005742848131776314
roth_c_dpm_frac_tree,38,-0.03803653638313598,0.03803653638313598,0.029860950618212468,0.009739039675863481
roth_c_moisture_b_slope,38,-0.00401037743441672,0.3125999275085563,1.0439094850048782,0.32022524475765946
roth_c_temp_a1,38,-0.007390137394995611,0.318543576309708,0.654265028636198,0.1607872792781965
roth_c_temp_a2,38,0.2383401613090555,0.47249928017127923,0.8420533045914513,0.2449394809752823
thinning_fraction_branch_delta,38,0.12648189586476008,0.12648189586476008,0.1310687624075614,0.042394370844877634
thinning_fraction_croot_delta,38,0.03730774629256099,0.03730774629256099,0.05609144729700985,0.015913593318765025
thinning_fraction_froot_delta,38,0.027801132713735723,0.027801132713735723,0.03630322431189281,0.011480414923768115
thinning_fraction_leaf_delta,38,0.032043406160216815,0.032043406160216815,0.04382999354783089,0.013621656022314375
thinning_fraction_stem_delta,38,0.23733204570462146,0.23733204570462146,0.39360059546988857,0.13133991936714118
tree_carbon_sp1,38,0.11191484022168463,0.6836301591854368,1.1857916831490034,0.28345708658803115
tree_nitrogen_branch_sp1,38,0.0008609800563454922,0.0008609800563454922,0.0008579953871867617,0.00023832812630926426
tree_nitrogen_croot_sp1,38,0.0009183612556397964,0.0009183612556397964,0.0023109755308682346,0.0006943679394780965
tree_nitrogen_froot_sp1,38,0.021619520695725522,0.021619520695725522,0.030503693358398417,0.00958977339800422
tree_nitrogen_leaf_sp1,38,0.037279661371829295,0.037279661371829295,0.06295577258060095,0.018496708838396464
tree_nitrogen_stem_sp1,38,0.0018663346521743478,0.0018663346521743478,0.00188899885709341,0.0006014426741903239
tree_root_in_top_30,38,0.06559269577491103,0.08582861868940925,0.07590083567714948,0.0162890629335289
tree_root_to_shoot_sp1,38,0.002498564322449856,0.07401395479622822,0.15511846051567119,0.037630731492107314
cy0,39,-0.04915583516237845,0.11348119807270188,0.21402250049486504,0.05478571972671636
clay,39,-0.11479041605906637,0.5349407489119915,1.2572944947860734,0.3328420280669032
temp_ci_delta,39,-0.13919122043333831,0.21262767403437172,0.2212073239802805,0.042505892449247205
rain_ci_delta,39,0.4499785328372766,1.5099670480048002,3.7639885273545866,0.8426890882872448
evap_ci_delta,39,-0.40418778643570985,0.5768305930383059,2.8710769257350712,0.8619539773406666
ef_burn_crop_N2O_scale,39,-0.005265088621357763,0.005280373647965844,0.0031715425661116743,0.0007929160788464862
ef_burn_crop_CH4_scale,39,-0.019646628497269863,0.019668161301219476,0.011926626289819265,0.0033581499836683897
ef_burn_tree_N2O_scale,39,0.0043485847448505475,0.0043485847448505475,0.007297122031638192,0.0021918868327924883
ef_burn_tree_CH4_scale,39,0.01901402622539732,0.01901402622539732,0.02722855715530348,0.008214750531130416
ef_N_inputs,39,-0.08827234868804905,0.12518114589238494,0.10774239096709001,0.019930993223640663
combustion_factor_crop,39,-0.023108582373568033,0.023134396611240553,0.0155543085872438,0.004563672827451544
combustion_factor_tree,39,0.026363647705204763,0.026363647705204763,0.041977444309293434,0.01252431642164711
volatile_frac_organic_fertiliser,39,-0.002875425650973801,0.002875425650973801,0.00030556244209803906,8.220332913382326e-05
volatile_frac_synthetic_fertiliser,39,0.016297396888963138,0.016297396888963138,0.0016405654386364903,0.0005054828205225892
base_sf_qty_scale,39,-0.12981374696526454,0.12981374696526454,0.01168469711233438,0.0038287183019437405
proj_lit_qty_scale,39,0.01513631384064879,0.017416296565111906,0.01269371569793458,0.002599082343838448
base_stand_density_scale,39,0.0,0.0,0.0,0.0
proj_stand_density_scale,39,0.24540353211176477,0.45099557039328,0.4941316472421507,0.10604720979038985
tree_wood_dens_sp1,39,0.3144958123013948,0.5071712706670632,0.5195445619882195,0.09717687281614255
base_cover,39,0.07220385136918869,0.13500615777507827,0.2726234450283154,0.08157455444282437
base_fire_off,39,-0.024885313060658495,0.024885313060658495,0.08969221031413534,0.023475185917333698
base_fire_on,39,-0.034932859740002785,0.034932859740002785,0.005956144895643026,0.0018859905989436886
base_mortality,39,0.0,0.0,0.0,0.0
base_sf_n_delta,39,-0.13290163271820093,0.13290163271820093,0.013646164833617119,0.004551771405151692
base_thinning_delta,39,0.0,0.0,0.0,0.0
crop_base_left_delta,39,0.061400626946465496,0.06266655749279507,0.04429749667861981,0.012411916710396936
crop_base_yield_delta,39,-0.03999650445959152,0.05812484192277125,0.05103013940039047,0.008307770337081665
crop_carbon_above_sp3,39,0.018755210312238816,0.018759249446021257,0.012423813054894843,0.0037791974140623944
crop_carbon_below_sp3,39,0.035997435915813655,0.035997435915813655,0.018168041576547736,0.005844341890192175
crop_intercept_sp3,39,0.0013452270172047032,0.003963018256729861,0.006255138360758835,0.0016368676017315027
crop_nitrogen_above_sp3,39,-0.011008484110479552,0.011008484110479552,0.004182521244884017,0.0012498817122695964
crop_nitrogen_below_sp3,39,-0.016081035434720933,0.016081035434720933,0.002230587608651698,0.0006893207916087057
crop_carbon_above_sp10,39,0.016156668016074908,0.016156668016074908,0.013136628556305764,0.003911252702650319
crop_carbon_below_sp10,39,0.0068257469697094175,0.006972699822186329,0.00617381816735596,0.0018411101056019707
crop_intercept_sp10,39,0.0008351990739416393,0.0065551995791749305,0.007484691398012275,0.0010446275836841579
crop_nitrogen_above_sp10,39,-0.00708167797507892,0.00708167797507892,0.0014323384656658555,0.00043741116246521827
crop_nitrogen_below_sp10,39,-0.004457407240105493,0.004457407240105493,0.0014506415250371946,0.0004333593057344896
crop_proj_left_delta,39,0.016648777309537663,0.022464324356628748,0.021259027526665756,0.004678329136287153
crop_proj_yield_delta,39,0.11576460074411483,0.16519547626286765,0.14141626887485187,0.02327501958444904
crop_root_in_top_30,39,0.021695161609943985,0.022452419086305447,0.022529114325648282,0.0069244752928911925
crop_root_to_shoot_sp3,39,0.01597913122959255,0.016056200484085993,0.016150074117446008,0.004588212990002816
crop_slope_sp3,39,-0.0028527087081267415,0.005448781525863619,0.005396924882079448,0.0007970210282790428
crop_root_to_shoot_sp10,39,0.0036055355059727927,0.0047486182647197926,0.006760345709240983,0.001810882575965383
crop_slope_sp10,39,-0.005828239913139774,0.011000265189722044,0.011135168762778985,0.0017356103866759376
cy0_to_ceq_multiplier,39,-0.0004678609501719749,0.002126301583942683,0.006537310921417994,0.00203331067252952
litter_carbon,39,-0.010449504414440567,0.010449504414440567,0.008645025240125356,0.0028407829219901245
litter_nitrogen,39,0.023840581492758035,0.023840581492758035,0.002622228051294063,0.000724819217294905
mortality_fraction_branch_delta,39,0.00543561830475861,0.006089274438378528,0.004620776911376876,0.0011507945384680973
mortality_fraction_croot_delta,39,0.001087420455355484,0.0027181165383992427,0.003664043820770313,0.0008211154744214011
mortality_fraction_froot_delta,39,0.0007194467571761592,0.0014160790697023945,0.0015995384223203924,0.00030462244814671976
mortality_fraction_leaf_delta,39,0.0011774465661149535,0.0019475558843261354,0.00199351351214848,0.0003675982247139406
mortality_fraction_stem_delta,39,-0.0012234588133715556,0.01782220027107873,0.03608516615452108,0.00892985848005769
pool_alloc_froot_sp1,39,0.032664114061348115,0.0688214034392014,0.11041226687892422,0.026325657204125233
pool_alloc_leaf_sp1,39,0.03033941581263603,0.1132376825315233,0.18191240089687474,0.04386007620801252
pool_alloc_stem_sp1,39,-0.04575470395325555,0.29723525237468884,0.4229162982618333,0.08751907262908759
pool_turnover_branch_sp1,39,0.04139124714897261,0.1473994689671993,0.2244982178122604,0.04649022494163893
pool_turnover_croot_sp1,39,0.03824897068581544,0.07460516037974813,0.09045945604976244,0.019682460398973693
pool_turnover_froot_sp1,39,0.031823007485860144,0.03941250046886648,0.03302155610417551,0.007314925581947413
pool_turnover_leaf_sp1,39,0.03500728125123085,0.04461382219740596,0.040768383269021234,0.008692306856391977
pool_turnover_stem_sp1,39,3.0945624125350295,6.061709860569217,9.785897329780454,2.3298665848854325
proj_cover,39,-0.07214012899625108,0.733441113295539,1.874695858030774,0.538325846953833
proj_fire_off,39,0.02339493953944246,0.02339493953944246,0.07196133832964131,0.02342570071968794
proj_fire_on,39,0.2492667592289401,0.2492667592289401,0.3110627389021819,0.10158778879350451
proj_mortality,39,0.3773430390546727,0.468782127758505,1.2291762578249215,0.38990570147735015
proj_thinning_delta,39,4.197085005223413,6.253520436845027,11.0933068983715,2.868436276508502
roth_c_cover_c,39,-0.007381393162805126,0.015756546285110702,0.023191283276735312,0.005124726151461361
roth_c_dpm_frac_crop,39,-0.011244465628898784,0.011244465628898784,0.016502239032503464,0.004825982888554808
roth_c_dpm_frac_tree,39,-0.0245571947275177,0.0245571947275177,0.021975800649774523,0.006502033459927038
roth_c_moisture_b_slope,39,0.04229319309794116,0.28005354313502134,0.8448988840325523,0.2573508539333575
roth_c_temp_a1,39,-0.00938010773716961,0.26726399875501483,0.5776100594148839,0.14395789494349676
roth_c_temp_a2,39,0.19703899656542606,0.4236607593283782,0.7949830888518,0.2391345951562576
thinning_fraction_branch_delta,39,0.06855677570515417,0.06855677570515417,0.061993733982712226,0.019251361065567768
thinning_fraction_croot_delta,39,0.019781165493087977,0.019781165493087977,0.025394728506357836,0.007154914119083595
thinning_fraction_froot_delta,39,0.016443470128031896,0.016443470128031896,0.023230493057935685,0.007248110025289103
thinning_fraction_leaf_delta,39,0.01681605792172964,0.01681605792172964,0.02107761161852548,0.006562730759319689
thinning_fraction_stem_delta,39,0.14774392832866545,0.14774392832866545,0.2712056230250522,0.09401958306934229
tree_carbon_sp1,39,0.005821547180238801,0.6781490713320805,1.241678173307276,0.3061034134508874
tree_nitrogen_branch_sp1,39,0.0008497407482171149,0.0008497407482171149,0.000867496527125458,0.00024102767743215575
tree_nitrogen_croot_sp1,39,0.0009247018907059979,0.0009247018907059979,0.002361833375096105,0.0007097254338060975
tree_nitrogen_froot_sp1,39,0.02164877281928719,0.02164877281928719,0.0310146135675842,0.0097496294747851
tree_nitrogen_leaf_sp1,39,0.03745627076904083,0.03745627076904083,0.06429031620622494,0.01887969420907099
tree_nitrogen_stem_sp1,39,0.001848375246549766,0.001848375246549766,0.001916838457037146,0.0006091249262687688
tree_root_in_top_30,39,0.04039419647987375,0.07977951452749607,0.09334243529983652,0.019084332668010545
tree_root_to_shoot_sp1,39,-0.008882168769499519,0.07246626481157296,0.15787176970807404,0.03891012219484481
cy0,40,-0.04403727754815852,0.1132095273575826,0.21582975071832963,0.054445649942492395
clay,40,-0.09656685882757995,0.5200868473569171,1.2273909550519742,0.32618833811774584
temp_ci_delta,40,-0.08201252469232534,0.210035037116637,0.28005160586586214,0.06049281216021476
rain_ci_delta,40,0.4639274976264808,1.4058123863982974,3.56372485327852,0.8004515007712855
evap_ci_delta,40,-0.37887582817798016,0.5456845322327697,2.71740120062819,0.8149405629938544
ef_burn_crop_N2O_scale,40,-0.005265088621357855,0.0052803736479660026,0.003171542566111548,0.000792916078846443
ef_burn_crop_CH4_scale,40,-0.019646628497269874,0.01966816130121949,0.011926626289819213,0.0033581499836683733
ef_burn_tree_N2O_scale,40,0.004334377389418997,0.004334377389418997,0.007408983221168801,0.0022247574298512804
ef_burn_tree_CH4_scale,40,0.018993657135463905,0.018993657135463905,0.027672794944782548,0.00836197913612149
ef_N_inputs,40,-0.08815648989861027,0.126071932405541,0.10979501990536968,0.020391304449415098
combustion_factor_crop,40,-0.023108582373568026,0.023134396611240525,0.01555430858724377,0.004563672827451539
combustion_factor_tree,40,0.026363939808863333,0.026363939808863333,0.042664477528353645,0.012745241085792215
volatile_frac_organic_fertiliser,40,-0.0028754256509737008,0.0028754256509737008,0.000305562442098013,8.22033291338143e-05
volatile_frac_synthetic_fertiliser,40,0.01629739688896285,0.01629739688896285,0.0016405654386364116,0.0005054828205225693
base_sf_qty_scale,40,-0.12981374696526457,0.12981374696526457,0.0116846971123344,0.0038287183019437327
proj_lit_qty_scale,40,0.015446896671931425,0.0175504331808587,0.01262892928756041,0.0026699223089670936
base_stand_density_scale,40,0.0,0.0,0.0,0.0
proj_stand_density_scale,40,0.1905537848447752,0.43772923708566003,0.5361086964496828,0.12078904920574605
tree_wood_dens_sp1,40,0.26736459748619074,0.48482586745502276,0.538403446703466,0.10503448738859288
base_cover,40,0.06969143477332838,0.13239410363577794,0.26896661572950126,0.08010586552334831
base_fire_off,40,-0.024885313060658505,0.024885313060658505,0.08969221031413536,0.023475185917333705
base_fire_on,40,-0.03493285974000283,0.03493285974000283,0.005956144895642977,0.0018859905989436637
base_mortality,40,0.0,0.0,0.0,0.0
base_sf_n_delta,40,-0.13290163271820066,0.13290163271820066,0.013646164833617257,0.004551771405151875
base_thinning_delta,40,0.0,0.0,0.0,0.0
crop_base_left_delta,40,0.06010581781227224,0.0614233771348359,0.04412631463156723,0.012338799769697312
crop_base_yield_delta,40,-0.04178027598285916,0.058980420259525046,0.05071397966835869,0.008355747173790132
crop_carbon_above_sp3,40,0.017506169339325164,0.017566622799356814,0.01162114168762581,0.003502866539104192
crop_carbon_below_sp3,40,0.033934216665642516,0.033934216665642516,0.01741835885404899,0.005600387420918969
crop_intercept_sp3,40,0.0007035510525410279,0.0035718984136308323,0.00561891746036704,0.0014170865024966796
crop_nitrogen_above_sp3,40,-0.011008484110479836,0.011008484110479836,0.004182521244884068,0.0012498817122695652
crop_nitrogen_below_sp3,40,-0.01608103543472079,0.01608103543472079,0.0022305876086516404,0.0006893207916086784
crop_carbon_above_sp10,40,0.01565309606015233,0.01565309606015233,0.013061565256766243,0.0038932284428828128
crop_carbon_below_sp10,40,0.006617864789955572,0.006774673489818003,0.006129839661425848,0.001822189525000764
crop_intercept_sp10,40,0.000669857795420456,0.006574218520966599,0.00750471133570813,0.001039578059672126
crop_nitrogen_above_sp10,40,-0.007081677975079062,0.007081677975079062,0.0014323384656656903,0.0004374111624651514
crop_nitrogen_below_sp10,40,-0.004457407240105768,0.004457407240105768,0.0014506415250371092,0.00043335930573447666
crop_proj_left_delta,40,0.014991720568877912,0.02143133568362663,0.02056744575509857,0.004255342449146716
crop_proj_yield_delta,40,0.12743753034649657,0.16653749108742275,0.13455269450883536,0.023927886225661384
crop_root_in_top_30,40,0.019573476264097563,0.020725415506232574,0.021760241346883,0.006550819982401314
crop_root_to_shoot_sp3,40,0.01416358695885055,0.014290295476056748,0.015524931827055255,0.004365372920093037
crop_slope_sp3,40,-0.0035280738522585815,0.005634934953095941,0.00518861327433777,0.0007837261816521854
crop_root_to_shoot_sp10,40,0.003375328049101195,0.004641718703406558,0.006697073829634264,0.0017722110581075432
crop_slope_sp10,40,-0.006279008807124656,0.011153144969244258,0.011098320822494305,0.001781514306624503
cy0_to_ceq_multiplier,40,-0.0002977351575583598,0.002126267016721306,0.006126543280629708,0.0019276100007214524
litter_carbon,40,-0.010143248979175411,0.010143248979175411,0.008604020738091302,0.002831630256929471
litter_nitrogen,40,0.02384058149275805,0.02384058149275805,0.0026222280512939672,0.000724819217294856
mortality_fraction_branch_delta,40,0.004960515844525923,0.00578727963896247,0.004521401418846666,0.0010656032791614702
mortality_fraction_croot_delta,40,0.0009011209826370409,0.002632398684453066,0.0037612419191842823,0.0008656240679969832
mortality_fraction_froot_delta,40,0.0006255280475359574,0.001387313489395299,0.0016558568765507346,0.0003269816746779317
mortality_fraction_leaf_delta,40,0.001031021082281522,0.0019185738967718385,0.0020641873861688633,0.00037856097093828947
mortality_fraction_stem_delta,40,-0.0027764368865743514,0.018295777264960643,0.03893038409029332,0.00982530485662533
pool_alloc_froot_sp1,40,0.027891561617881432,0.06607762461641913,0.11275381146205014,0.02757564490815851
pool_alloc_leaf_sp1,40,0.020163808299728067,0.11334083778786064,0.1897599771120052,0.04678926133757168
pool_alloc_stem_sp1,40,-0.02625979250840057,0.28773295566406365,0.4255664846354304,0.0913903550773835
pool_turnover_branch_sp1,40,0.05221786597487062,0.1461708816744492,0.22802773914338972,0.04943469456973749
pool_turnover_croot_sp1,40,0.031311632914292675,0.07312411301179786,0.09690485647301476,0.02195053135672478
pool_turnover_froot_sp1,40,0.028026383609656758,0.037990588108835245,0.03613180561335177,0.007435317721992969
pool_turnover_leaf_sp1,40,0.030666677967644863,0.042811709775948684,0.043262265120437814,0.008527302194107998
pool_turnover_stem_sp1,40,3.4629479708639748,6.1180229626261315,9.951686745968921,2.4146212398425355
proj_cover,40,-0.07874810359352717,0.6958774735499431,1.790358340949418,0.510916100927189
proj_fire_off,40,0.02339493953944246,0.02339493953944246,0.07196133832964131,0.02342570071968794
proj_fire_on,40,0.24814287691657938,0.24814287691657938,0.3164680269192266,0.10336024671042032
proj_mortality,40,0.4082769254948797,0.48739236600752867,1.2791544382630264,0.40598606972431567
proj_thinning_delta,40,4.588957025841242,6.401786164875131,11.315885134562672,2.976286766715117
roth_c_cover_c,40,-0.005087473276489884,0.015117217565627793,0.022362081059544982,0.004772155312624064
roth_c_dpm_frac_crop,40,-0.009417611886396381,0.009417611886396381,0.013846509951059864,0.004062746085098038
roth_c_dpm_frac_tree,40,-0.01757078910807583,0.019259524503393806,0.02190078233910017,0.005867578674910075
roth_c_moisture_b_slope,40,0.06657227266388517,0.2536446942697909,0.6991378968951509,0.21183197187329914
roth_c_temp_a1,40,0.00378911653814793,0.23877486893021346,0.5328207198732902,0.13187373107879602
roth_c_temp_a2,40,0.1386592566364735,0.38228380973671877,0.7621032322903405,0.23505845484263158
thinning_fraction_branch_delta,40,0.04289555510859988,0.04289555510859988,0.03630015371024079,0.010629799722148007
thinning_fraction_croot_delta,40,0.012112359902800008,0.012112359902800008,0.012821758305395132,0.0036884835204585163
thinning_fraction_froot_delta,40,0.010911255805792427,0.010911255805792427,0.01728783843235229,0.0053527969875063275
thinning_fraction_leaf_delta,40,0.010175247022362898,0.010175247022362898,0.01118925252816393,0.0035736933689764568
thinning_fraction_stem_delta,40,0.10415566057316346,0.10415566057316346,0.2100969301140571,0.07359013916048945
tree_carbon_sp1,40,-0.04210076937227647,0.6677719257489529,1.2571786975862298,0.31565464219418116
tree_nitrogen_branch_sp1,40,0.0008387447497492318,0.0008387447497492318,0.0008763965754594492,0.00024353588930766784
tree_nitrogen_croot_sp1,40,0.0009306730831823956,0.0009306730831823956,0.0024099482268393705,0.0007242468554051071
tree_nitrogen_froot_sp1,40,0.02167339721253487,0.02167339721253487,0.0315018656445408,0.009901654655106076
tree_nitrogen_leaf_sp1,40,0.037615567230858404,0.037615567230858404,0.0655534646228322,0.019242237903414738
tree_nitrogen_stem_sp1,40,0.0018311156347159906,0.0018311156347159906,0.0019440974224647347,0.0006166566902677357
tree_root_in_top_30,40,0.027834587098583285,0.07955733222755304,0.10467002997277189,0.021994284031423852
tree_root_to_shoot_sp1,40,-0.013839166619195913,0.07133826688019575,0.15785586912827484,0.039299472452320364
cy0,41,-0.03913892106554804,0.1127288794787876,0.21890678260556312,0.05463874443461364
clay,41,-0.08037552635317015,0.5029539686276105,1.2052988775005822,0.3229348673266483
temp_ci_delta,41,-0.0378813705020241,0.23278623744485477,0.3545354664681975,0.08189908152612764
rain_ci_delta,41,0.5429080303684739,1.374684702793208,3.5839058083718793,0.811014184562184
evap_ci_delta,41,-0.380556532248524,0.5268991500009991,2.6832681275945047,0.8069077187196567
ef_burn_crop_N2O_scale,41,-0.005265088621357971,0.005280373647966102,0.0031715425661116648,0.0007929160788464836
ef_burn_crop_CH4_scale,41,-0.01964662849727001,0.019668161301219622,0.011926626289819251,0.003358149983668367
ef_burn_tree_N2O_scale,41,0.0043200445100058295,0.0043200445100058295,0.00751485857152354,0.0022557987247539294
ef_burn_tree_CH4_scale,41,0.018970906198520772,0.018970906198520772,0.0280963084309138,0.008502955223205261
ef_N_inputs,41,-0.08807202884362837,0.12690973965554328,0.11170248906340421,0.020826151454768835
combustion_factor_crop,41,-0.023108582373568044,0.02313439661124056,0.015554308587243723,0.0045636728274515165
combustion_factor_tree,41,0.026360176522613753,0.026360176522613753,0.043323109293362236,0.012957309033232499
volatile_frac_organic_fertiliser,41,-0.0028754256509737177,0.0028754256509737177,0.0003055624420978614,8.220332913375531e-05
volatile_frac_synthetic_fertiliser,41,0.01629739688896331,0.01629739688896331,0.0016405654386364757,0.0005054828205225849
base_sf_qty_scale,41,-0.12981374696526465,0.12981374696526465,0.011684697112334292,0.0038287183019436776
proj_lit_qty_scale,41,0.015744047881371067,0.017682783787747843,0.012563201715224862,0.0027362813327012135
base_stand_density_scale,41,0.0,0.0,0.0,0.0
proj_stand_density_scale,41,0.16701786772963517,0.4227836717648337,0.5393886479078306,0.12438244115337946
tree_wood_dens_sp1,41,0.24392464129266012,0.46448877339087663,0.5322104341811758,0.10608116115271198
base_cover,41,0.06737881950901564,0.1298114033704735,0.2655384116922987,0.07877709648263125
base_fire_off,41,-0.024885313060658512,0.024885313060658512,0.08969221031413539,0.023475185917333708
base_fire_on,41,-0.034932859740002764,0.034932859740002764,0.0059561448956428845,0.0018859905989436379
base_mortality,41,0.0,0.0,0.0,0.0
base_sf_n_delta,41,-0.13290163271820082,0.13290163271820082,0.01364616483361719,0.00455177140515171
base_thinning_delta,41,0.0,0.0,0.0,0.0
crop_base_left_delta,41,0.058868387005873477,0.060234574412454514,0.043947653252339715,0.012265365901036792
crop_base_yield_delta,41,-0.04349218436829358,0.05982443884561508,0.05038757336938943,0.008398872642203525
crop_carbon_above_sp3,41,0.016417661636059653,0.016528040473693186,0.01099250913858874,0.0032803928443859752
crop_carbon_below_sp3,41,0.0321199772979358,0.0321199772979358,0.016838211716968046,0.005410663739783058
crop_intercept_sp3,41,0.00014822612344068397,0.003328270500418243,0.005140023819899579,0.0012426676142746524
crop_nitrogen_above_sp3,41,-0.011008484110479852,0.011008484110479852,0.004182521244883691,0.0012498817122694017
crop_nitrogen_below_sp3,41,-0.016081035434720857,0.016081035434720857,0.0022305876086517466,0.0006893207916087019
crop_carbon_above_sp10,41,0.015173460497794744,0.015173460497794744,0.012985185598950228,0.003874801981144301
crop_carbon_below_sp10,41,0.006419210107792167,0.006585065356815217,0.006085611571626955,0.001803705666744337
crop_intercept_sp10,41,0.0005127085200520021,0.0065963750455729775,0.007523388620979922,0.0010346276207112862
crop_nitrogen_above_sp10,41,-0.00708167797507917,0.00708167797507917,0.0014323384656657024,0.0004374111624651454
crop_nitrogen_below_sp10,41,-0.004457407240105485,0.004457407240105485,0.0014506415250371896,0.00043335930573449455
crop_proj_left_delta,41,0.013551908508162808,0.020571378703483075,0.0199987504121357,0.003879201557788091
crop_proj_yield_delta,41,0.1376770082986976,0.16905565342247356,0.1289388005176229,0.024284125297180385
crop_root_in_top_30,41,0.017692216884882806,0.019362170691018886,0.02114487324103842,0.006195730833791272
crop_root_to_shoot_sp3,41,0.012554611906541713,0.012814165095327923,0.015018950671168669,0.004155744511122588
crop_slope_sp3,41,-0.004129084027738747,0.005810174687547911,0.005028050751302118,0.0008303170655799399
crop_root_to_shoot_sp10,41,0.0031550478821391974,0.004588191029081376,0.006635322980548707,0.0017306998818882415
crop_slope_sp10,41,-0.006709201031702347,0.011296929796937447,0.011060290964304366,0.0018323371806661945
cy0_to_ceq_multiplier,41,-0.00014107163942013722,0.002121334083897053,0.005825421977149955,0.0018556426578350729
litter_carbon,41,-0.009850200239961335,0.009850200239961335,0.008560989996291653,0.0028217154055187946
litter_nitrogen,41,0.023840581492757765,0.023840581492757765,0.002622228051294152,0.0007248192172948413
mortality_fraction_branch_delta,41,0.004659102545495125,0.0055570115797865475,0.004396182873544329,0.0010042064786635958
mortality_fraction_croot_delta,41,0.0007934784129651678,0.0025478052480877008,0.003747224713129675,0.0008734939364845065
mortality_fraction_froot_delta,41,0.0005639258914375861,0.0013593563660384473,0.0016770793639636285,0.0003380964226205754
mortality_fraction_leaf_delta,41,0.0009487683088934384,0.0018773285768065528,0.0020587050688592257,0.0003784570264375839
mortality_fraction_stem_delta,41,-0.0037787600194999506,0.018505818033433447,0.04093670191112904,0.010485723563255764
pool_alloc_froot_sp1,41,0.02500780450215507,0.06407208131531905,0.11428201422054703,0.028391439099366686
pool_alloc_leaf_sp1,41,0.014070274267714195,0.11241200325862515,0.19493230393588964,0.048939751816479755
pool_alloc_stem_sp1,41,-0.013878637850596887,0.28529508188835395,0.42281480755638134,0.09133032444483485
pool_turnover_branch_sp1,41,0.050124948514339594,0.14408394670775976,0.22466274460492328,0.048665764566673195
pool_turnover_croot_sp1,41,0.027010226721363183,0.07179839216018921,0.1002463946084153,0.023289254567032684
pool_turnover_froot_sp1,41,0.02543233794022375,0.03724523250490965,0.03892726012827074,0.007834224369210033
pool_turnover_leaf_sp1,41,0.02797780665959388,0.0415452491760693,0.04499008881464458,0.00868939281092169
pool_turnover_stem_sp1,41,3.485639548283334,5.995752334559143,9.786227844006737,2.389029281762971
proj_cover,41,-0.1533014809021303,0.7065629425440301,1.9227632799880607,0.5588769865447809
proj_fire_off,41,0.02339493953944246,0.02339493953944246,0.07196133832964131,0.02342570071968794
proj_fire_on,41,0.24696066160565908,0.24696066160565908,0.32146476841461435,0.10499777646643868
proj_mortality,41,0.4199333719209358,0.4944787444691297,1.2983576767866294,0.412507666730048
proj_thinning_delta,41,4.659127088775417,6.390033256635147,11.255072353104788,2.9704870037074387
roth_c_cover_c,41,-0.003413614546535537,0.015268301365595715,0.02389749344201079,0.0054308946454332645
roth_c_dpm_frac_crop,41,-0.007965986283336616,0.007965986283336616,0.011649100960554905,0.003431634172338207
roth_c_dpm_frac_tree,41,-0.013679638625294446,0.01721335733420453,0.02208683991406057,0.005621464617601181
roth_c_moisture_b_slope,41,0.07933979706169689,0.23475465006953544,0.5960282658558902,0.1796710939140608
roth_c_temp_a1,41,0.01160910205217001,0.22667527750965494,0.5085602165037675,0.1252724871580898
roth_c_temp_a2,41,0.10292355012121417,0.37986457972622223,0.749821861838819,0.22293722961743484
thinning_fraction_branch_delta,41,0.03063393222200317,0.03063393222200317,0.026715108316133572,0.0076079391337760816
thinning_fraction_croot_delta,41,0.008520109285675087,0.008520109285675087,0.00759258325935389,0.002285119513481722
thinning_fraction_froot_delta,41,0.007992605553880464,0.007992605553880464,0.013857663885945158,0.00427912228803662
thinning_fraction_leaf_delta,41,0.007145766517747525,0.007145766517747525,0.007210633394336143,0.0023866402136911236
thinning_fraction_stem_delta,41,0.08021681869935636,0.08021681869935636,0.16995813823284736,0.05942635206145178
tree_carbon_sp1,41,-0.06320920603534733,0.6521218937223325,1.2450521647940356,0.31597839836723185
tree_nitrogen_branch_sp1,41,0.0008279620667700965,0.0008279620667700965,0.0008846794995774977,0.0002458485568389769
tree_nitrogen_croot_sp1,41,0.0009362163027052964,0.0009362163027052964,0.0024551020117696896,0.0007378660867341819
tree_nitrogen_froot_sp1,41,0.02169257509698758,0.02169257509698758,0.03196410720751753,0.01004541894861384
tree_nitrogen_leaf_sp1,41,0.037755451488622326,0.037755451488622326,0.06674018302391145,0.019582911559914814
tree_nitrogen_stem_sp1,41,0.0018144521041082106,0.0018144521041082106,0.001970647890837523,0.0006240019340574707
tree_root_in_top_30,41,0.02108392080781126,0.07859845918890726,0.10970115993553066,0.023602164791293904
tree_root_to_shoot_sp1,41,-0.015796933411798452,0.06980945987727812,0.1554914205872481,0.03893586886389448
cy0,42,-0.03445227888064035,0.11205974931062859,0.22292009052876688,0.0552609571392183
clay,42,-0.06815980073926728,0.4876908020806776,1.1914348593693096,0.3219430162085309
temp_ci_delta,42,-0.010719677509508923,0.24850909273778665,0.4051864677096349,0.09765725969852107
rain_ci_delta,42,0.6265555099791168,1.3660144137797305,3.671971795504485,0.8384465784631995
evap_ci_delta,42,-0.3931532558463304,0.515009329526449,2.7039519232746883,0.8168649076065388
ef_burn_crop_N2O_scale,42,-0.005265088621357955,0.0052803736479660355,0.0031715425661116695,0.0007929160788465027
ef_burn_crop_CH4_scale,42,-0.01964662849726997,0.019668161301219587,0.011926626289819177,0.003358149983668369
ef_burn_tree_N2O_scale,42,0.004305388634619353,0.004305388634619353,0.007614191921439849,0.0022848438079707384
ef_burn_tree_CH4_scale,42,0.01894486992288364,0.01894486992288364,0.02849658306394412,0.008636862198335635
ef_N_inputs,42,-0.08802188538909914,0.12769334245016611,0.11345621082797615,0.02123189666316321
combustion_factor_crop,42,-0.023108582373568103,0.0231343966112406,0.015554308587243685,0.004563672827451527
combustion_factor_tree,42,0.026351190982204904,0.026351190982204904,0.043950710498335196,0.013159710999816466
volatile_frac_organic_fertiliser,42,-0.0028754256509736925,0.0028754256509736925,0.0003055624420978511,8.220332913375732e-05
volatile_frac_synthetic_fertiliser,42,0.016297396888963016,0.016297396888963016,0.0016405654386364304,0.000505482820522565
base_sf_qty_scale,42,-0.12981374696526454,0.12981374696526454,0.011684697112334542,0.0038287183019438
proj_lit_qty_scale,42,0.0160286737563915,0.017815301361122658,0.012496499225849939,0.002797188365947906
base_stand_density_scale,42,0.0,0.0,0.0,0.0
proj_stand_density_scale,42,0.15747032590235316,0.4063391480760199,0.523599400332454,0.1217991794794044
tree_wood_dens_sp1,42,0.23114535253591742,0.4431389664118705,0.5150548249040116,0.10447138439468621
base_cover,42,0.06524970776369214,0.12726125430619356,0.26231234087707683,0.07757305231066224
base_fire_off,42,-0.024885313060658495,0.024885313060658495,0.08969221031413534,0.023475185917333698
base_fire_on,42,-0.03493285974000258,0.03493285974000258,0.005956144895642621,0.0018859905989435887
base_mortality,42,0.0,0.0,0.0,0.0
base_sf_n_delta,42,-0.13290163271820074,0.13290163271820074,0.013646164833617332,0.004551771405151823
base_thinning_delta,42,0.0,0.0,0.0,0.0
crop_base_left_delta,42,0.05768481437406368,0.05909680210245536,0.04376190958055714,0.012191386748979708
crop_base_yield_delta,42,-0.04513583764877401,0.060615870155408626,0.05005219703134333,0.008465908710187738
crop_carbon_above_sp3,42,0.015456358489452085,0.015610945044385519,0.010494654090945297,0.0030996834578187575
crop_carbon_below_sp3,42,0.030505101197465228,0.030505101197465228,0.016387163598478947,0.005262539183920478
crop_intercept_sp3,42,-0.0003411753156368685,0.0032129949929921324,0.00478772665583441,0.0011326597994631212
crop_nitrogen_above_sp3,42,-0.011008484110479536,0.011008484110479536,0.004182521244883996,0.0012498817122695695
crop_nitrogen_below_sp3,42,-0.01608103543472076,0.01608103543472076,0.002230587608651562,0.0006893207916086568
crop_carbon_above_sp10,42,0.01471625438871113,0.01471625438871113,0.0129072159204337,0.0038558814965954907
crop_carbon_below_sp10,42,0.006229554559468786,0.006403708965637312,0.006040833507364386,0.0017854726683548263
crop_intercept_sp10,42,0.0003629995288100804,0.006622821697419086,0.007540714612990974,0.0010286370987838773
crop_nitrogen_above_sp10,42,-0.007081677975079062,0.007081677975079062,0.0014323384656656517,0.00043741116246513614
crop_nitrogen_below_sp10,42,-0.004457407240105668,0.004457407240105668,0.0014506415250371673,0.00043335930573445687
crop_proj_left_delta,42,0.012282737794603404,0.01978356374662795,0.01951045971716055,0.0035781945053341177
crop_proj_yield_delta,42,0.14678371725559933,0.17188294770716545,0.12434243347156591,0.0247021491917648
crop_root_in_top_30,42,0.016002260353192237,0.018162971942099013,0.020648569746073982,0.005899141181128126
crop_root_to_shoot_sp3,42,0.011109964165182711,0.011570260961632278,0.014606278719209484,0.003972841716221809
crop_slope_sp3,42,-0.00467140324076164,0.006034159875016038,0.004902893287090516,0.0008729220950276621
crop_root_to_shoot_sp10,42,0.002943876936088641,0.00455675725899235,0.006574729299028844,0.0016898356111506132
crop_slope_sp10,42,-0.007119997453963733,0.011444305053506704,0.011020659510170257,0.0018772682557106435
cy0_to_ceq_multiplier,42,3.258956189702844e-06,0.00211176054378365,0.0056247686643658016,0.0018135117701063312
litter_carbon,42,-0.009569620582699159,0.009569620582699159,0.008515961635523019,0.0028110417288328437
litter_nitrogen,42,0.02384058149275806,0.02384058149275806,0.002622228051294114,0.0007248192172949036
mortality_fraction_branch_delta,42,0.004457003868455311,0.005360004636549421,0.004251992537100777,0.0009561477784879343
mortality_fraction_croot_delta,42,0.0007276358298293955,0.002467112671727964,0.003680693633995175,0.000863456294238425
mortality_fraction_froot_delta,42,0.0005204617117869542,0.0013303412841724842,0.0016782194874850702,0.0003430103436258264
mortality_fraction_leaf_delta,42,0.0009002823992996373,0.001827773249391354,0.002011993562296382,0.0003706238273886282
mortality_fraction_stem_delta,42,-0.004430676206463718,0.01852354982543138,0.04227822240780828,0.010951726277858426
pool_alloc_froot_sp1,42,0.023024772932104375,0.062392921410628764,0.115251200735318,0.028933238972490696
pool_alloc_leaf_sp1,42,0.010166512003350767,0.11080494758256462,0.19815472955007127,0.050473603866308156
pool_alloc_stem_sp1,42,-0.004921812324703253,0.28389345361335394,0.417362587091245,0.0901278595058844
pool_turnover_branch_sp1,42,0.04271065171343462,0.14041462268953347,0.21938948247748838,0.047685879374680246
pool_turnover_croot_sp1,42,0.024054872454248956,0.0705521353761436,0.10198386766142692,0.024109469800875815
pool_turnover_froot_sp1,42,0.023487179598421802,0.036728085866437436,0.04118327928699669,0.008261680023696658
pool_turnover_leaf_sp1,42,0.02619280545120965,0.040492565909301496,0.046082055036555256,0.008888448548779139
pool_turnover_stem_sp1,42,3.3545029639183688,5.786479591777215,9.466939560209157,2.3150428735110715
proj_cover,42,-0.23712414404326845,0.729125632738592,2.114926762990483,0.6265175821400056
proj_fire_off,42,0.023394939539442428,0.023394939539442428,0.07196133832964123,0.02342570071968791
proj_fire_on,42,0.2457127455989228,0.2457127455989228,0.32603137435419394,0.10649328922997738
proj_mortality,42,0.4226676549013179,0.495677229872418,1.3011844073757157,0.4137571032213841
proj_thinning_delta,42,4.5731522445354535,6.2692398843236,11.022938613848853,2.9036908076430477
roth_c_cover_c,42,-0.002397953950044149,0.015439010295848241,0.025693982733974313,0.006248587257766963
roth_c_dpm_frac_crop,42,-0.006797276205394295,0.006797276205394295,0.009836335790525995,0.002910457909293514
roth_c_dpm_frac_tree,42,-0.011285941807915086,0.01638004456594124,0.02170546162301091,0.005311845413899713
roth_c_moisture_b_slope,42,0.08485773821754286,0.21757236686734954,0.5221120478412579,0.15670558276050425
roth_c_temp_a1,42,0.014454623946016107,0.22224638191518437,0.4939035078306458,0.12135629760432919
roth_c_temp_a2,42,0.08610698046641796,0.37786119378768357,0.7396278947903452,0.21561735234754292
thinning_fraction_branch_delta,42,0.024125980197537186,0.024125980197537186,0.02201843180583291,0.00625333376729452
thinning_fraction_croot_delta,42,0.006673099545556395,0.006673099545556395,0.005302048928926656,0.0016584054036346686
thinning_fraction_froot_delta,42,0.006290955423193904,0.006290955423193904,0.011389491947495979,0.0035105360851308376
thinning_fraction_leaf_delta,42,0.0056576928836127496,0.0056576928836127496,0.005644581895244304,0.0019033551144657678
thinning_fraction_stem_delta,42,0.06525702177982384,0.06525702177982384,0.139036796277302,0.04839745198927881
tree_carbon_sp1,42,-0.0708523857881754,0.6324876861602298,1.2153623299920315,0.31037995006120367
tree_nitrogen_branch_sp1,42,0.0008173655490697415,0.0008173655490697415,0.0008923314512797043,0.0002479623181136249
tree_nitrogen_croot_sp1,42,0.0009412783505134623,0.0009412783505134623,0.0024971029336074667,0.0007505249906657885
tree_nitrogen_froot_sp1,42,0.021705551660499648,0.021705551660499648,0.032400121568810794,0.01018053420970544
tree_nitrogen_leaf_sp1,42,0.03787405215137797,0.03787405215137797,0.06784603058375487,0.019900454317889466
tree_nitrogen_stem_sp1,42,0.0017982896967338319,0.0017982896967338319,0.0019963673486724912,0.0006311257451190631
tree_root_in_top_30,42,0.017197799644209363,0.0768468122117071,0.11129126455287375,0.024380182589048244
tree_root_to_shoot_sp1,42,-0.016256889658176295,0.06771263575479336,0.15139286031736382,0.038023115245723216
cy0,43,-0.029970390295911576,0.11122107688597307,0.22758495084189898,0.056214148876188356
clay,43,-0.05969752002941274,0.4756865819870611,1.1820663016684125,0.3215262125712654
temp_ci_delta,43,0.0045923442006132855,0.25587483397662336,0.43168672758472354,0.10627211292281313
rain_ci_delta,43,0.6968875983739403,1.3726554080989415,3.7637183575958955,0.8659917483204266
evap_ci_delta,43,-0.40922198182408903,0.5193119598723921,2.7470085872096117,0.830012961124906
ef_burn_crop_N2O_scale,43,-0.005265088621357872,0.005280373647965969,0.0031715425661115503,0.0007929160788464482
ef_burn_crop_CH4_scale,43,-0.019646628497270013,0.01966816130121963,0.011926626289819229,0.0033581499836683923
ef_burn_tree_N2O_scale,43,0.004290232167793813,0.004290232167793813,0.007706493435621105,0.002311746070826828
ef_burn_tree_CH4_scale,43,0.018914737768848645,0.018914737768848645,0.02887139386713185,0.008762976685236816
ef_N_inputs,43,-0.08800852549772277,0.12842183204184096,0.11504898391353882,0.021605415903167023
combustion_factor_crop,43,-0.02310858237356806,0.023134396611240577,0.015554308587243796,0.004563672827451553
combustion_factor_tree,43,0.02633592541687115,0.02633592541687115,0.044544865883604914,0.01335170606686346
volatile_frac_organic_fertiliser,43,-0.0028754256509738174,0.0028754256509738174,0.0003055624420978735,8.220332913376743e-05
volatile_frac_synthetic_fertiliser,43,0.01629739688896309,0.01629739688896309,0.0016405654386364077,0.0005054828205225715
base_sf_qty_scale,43,-0.12981374696526463,0.12981374696526463,0.01168469711233443,0.0038287183019437626
proj_lit_qty_scale,43,0.01630155692508196,0.017939962971190236,0.012428719600667371,0.0028574729277394107
base_stand_density_scale,43,0.0,0.0,0.0,0.0
proj_stand_density_scale,43,0.15471009309084732,0.3889938981051812,0.498715643323443,0.11623600124519852
tree_wood_dens_sp1,43,0.22377948131569053,0.42186709398385613,0.4932755243725972,0.10166687841901763
base_cover,43,0.06328889446611902,0.12474607054767384,0.25926446684611093,0.07647967722152109
base_fire_off,43,-0.024885313060658505,0.024885313060658505,0.08969221031413536,0.023475185917333705
base_fire_on,43,-0.03493285974000275,0.03493285974000275,0.0059561448956428386,0.001885990598943646
base_mortality,43,0.0,0.0,0.0,0.0
base_sf_n_delta,43,-0.13290163271820088,0.13290163271820088,0.013646164833617223,0.004551771405151723
base_thinning_delta,43,0.0,0.0,0.0,0.0
crop_base_left_delta,43,0.056552319001573204,0.05800746745225673,0.04356882918976814,0.012116777289409394
crop_base_yield_delta,43,-0.04671455043684306,0.061356877349245484,0.049707675273195466,0.008554218876766325
crop_carbon_above_sp3,43,0.014599493678218198,0.01479310650643945,0.010095388054818464,0.0029516549102554406
crop_carbon_below_sp3,43,0.029054448611523998,0.029054448611523998,0.01603362077699213,0.005146245216978342
crop_intercept_sp3,43,-0.0007781699580065527,0.00316994761389503,0.004537379289005651,0.0010704478790019175
crop_nitrogen_above_sp3,43,-0.01100848411047961,0.01100848411047961,0.004182521244883969,0.0012498817122695632
crop_nitrogen_below_sp3,43,-0.016081035434720857,0.016081035434720857,0.0022305876086516534,0.0006893207916086951
crop_carbon_above_sp10,43,0.014279794473181711,0.014279794473181711,0.012827546158906878,0.003836432721989734
crop_carbon_below_sp10,43,0.006048442344297661,0.006230210422235432,0.005995922833721765,0.0017676500839629709
crop_intercept_sp10,43,0.0002208639964366918,0.006648121532569408,0.007556892295564976,0.0010246061694969874
crop_nitrogen_above_sp10,43,-0.007081677975079021,0.007081677975079021,0.0014323384656657159,0.00043741116246515956
crop_nitrogen_below_sp10,43,-0.004457407240105668,0.004457407240105668,0.0014506415250371614,0.0004333593057344619
crop_proj_left_delta,43,0.011152942611875659,0.019053523947534134,0.019076088416046508,0.0033363510749807894
crop_proj_yield_delta,43,0.15496429725731545,0.1745820789266062,0.1205705193245579,0.025388506291158998
crop_root_in_top_30,43,0.014468140088853576,0.01710658620209187,0.020244286899457807,0.005660230303316667
crop_root_to_shoot_sp3,43,0.009800659189985125,0.01062358230361032,0.014266621134588214,0.003812549799895812
crop_slope_sp3,43,-0.005165894353040332,0.006306248277516765,0.004803576939927391,0.0009009932321632319
crop_root_to_shoot_sp10,43,0.0027418514136935608,0.004526860568328114,0.00651511418655777,0.0016508255274616044
crop_slope_sp10,43,-0.007511913658592761,0.01159676763393198,0.010980011038423252,0.001919637447162574
cy0_to_ceq_multiplier,43,0.00013670102246177984,0.002098341608122903,0.005513016566357886,0.0017967768246151797
litter_carbon,43,-0.009300752391063668,0.009300752391063668,0.008469019591686935,0.002799637503265892
litter_nitrogen,43,0.023840581492758126,0.023840581492758126,0.0026222280512940865,0.0007248192172948877
mortality_fraction_branch_delta,43,0.004318250817462677,0.005186861064630182,0.0040926677230710955,0.0009142205722689775
mortality_fraction_croot_delta,43,0.0006866653273796791,0.0023907794766724693,0.0035868361487137444,0.000843592621469257
mortality_fraction_froot_delta,43,0.0004886101362187228,0.0012999524747687146,0.0016665426731169277,0.00034414009875829787
mortality_fraction_leaf_delta,43,0.0008715376228813534,0.0017731782286503918,0.0019425825480065848,0.00035825257606785757
mortality_fraction_stem_delta,43,-0.0048361765161174545,0.018398377784409822,0.04307438130912406,0.011254863311009736
pool_alloc_froot_sp1,43,0.021545009575293025,0.06087659223565407,0.1157932305653564,0.02928073642831695
pool_alloc_leaf_sp1,43,0.007579553282824472,0.10874780261121106,0.19995527344635083,0.05153553031960529
pool_alloc_stem_sp1,43,0.0021441837210774556,0.28218370330670356,0.41127153976783315,0.08889357280240616
pool_turnover_branch_sp1,43,0.03298512030567248,0.13622602155600022,0.21473889593635956,0.04750219251597983
pool_turnover_croot_sp1,43,0.021872192496761644,0.06936830283975122,0.10284825494985084,0.02463722448679801
pool_turnover_froot_sp1,43,0.02194427030742487,0.0362765750812618,0.04291649254932286,0.008640193737812248
pool_turnover_leaf_sp1,43,0.024950677877286203,0.03955915614889509,0.046702483423695366,0.009045441975397169
pool_turnover_stem_sp1,43,3.146931377971989,5.530306597886983,9.075335094282947,2.2217204132145687
proj_cover,43,-0.31029457734790644,0.7527447496808859,2.3013629480516617,0.6914170560808806
proj_fire_off,43,0.02339493953944246,0.02339493953944246,0.07196133832964131,0.02342570071968794
proj_fire_on,43,0.24439308696310785,0.24439308696310785,0.33015023513171393,0.10784098724398129
proj_mortality,43,0.4208023246365363,0.493643077897184,1.294252229055239,0.4117807932633512
proj_thinning_delta,43,4.403219637448017,6.086338654406775,10.682215252717441,2.801432734832299
roth_c_cover_c,43,-0.0018001248780605147,0.015424899865726233,0.02693004363458769,0.006835143138370092
roth_c_dpm_frac_crop,43,-0.0058470668575319375,0.0058470668575319375,0.008342878729518634,0.0024799859783250105
roth_c_dpm_frac_tree,43,-0.009668137951890487,0.015566733540257874,0.02098370337921335,0.005070481997470521
roth_c_moisture_b_slope,43,0.08537891588868561,0.20420578748546073,0.4673962851627188,0.13938777458405419
roth_c_temp_a1,43,0.014879477589625361,0.2201202056247181,0.48305873308483926,0.11837239857257043
roth_c_temp_a2,43,0.07989538801202747,0.37452661435403645,0.7266509057742471,0.20987382737498128
thinning_fraction_branch_delta,43,0.02022837624911722,0.02022837624911722,0.018791510786009505,0.005337796078955006
thinning_fraction_croot_delta,43,0.005615062414410371,0.005615062414410371,0.0041807110271543,0.0013310245615412448
thinning_fraction_froot_delta,43,0.00519272625521495,0.00519272625521495,0.009429372849174068,0.002898492093856616
thinning_fraction_leaf_delta,43,0.004848032561857804,0.004848032561857804,0.004906372094149325,0.001659915732676692
thinning_fraction_stem_delta,43,0.0548392288073001,0.0548392288073001,0.11398278602507059,0.03949050048046543
tree_carbon_sp1,43,-0.07093899629186085,0.610056030325946,1.1737663543235455,0.30074937996368295
tree_nitrogen_branch_sp1,43,0.0008069308261363206,0.0008069308261363206,0.0008993410143068517,0.0002498747143085975
tree_nitrogen_croot_sp1,43,0.000945811792337739,0.000945811792337739,0.002535787997312115,0.0007621741846577337
tree_nitrogen_froot_sp1,43,0.021711638470550652,0.021711638470550652,0.032808827076034885,0.010306657470670817
tree_nitrogen_leaf_sp1,43,0.03796974069827082,0.03796974069827082,0.06886721811558376,0.020193789467487445
tree_nitrogen_stem_sp1,43,0.0017825416139399767,0.0017825416139399767,0.002021139621721054,0.0006379946261835783
tree_root_in_top_30,43,0.01486405508634282,0.07471436133302203,0.11102790957697209,0.024673580089154584
tree_root_to_shoot_sp1,43,-0.015890109619313742,0.06526690588923773,0.1459838880075937,0.03670664362667392
cy0,44,-0.025684879368945635,0.11023095344350617,0.23266601905848686,0.057410618850957704
clay,44,-0.05405373713639413,0.4662744464466762,1.1736812976857,0.3206738062389234
temp_ci_delta,44,0.01289955850227793,0.25819660015280854,0.4416469333814489,0.10969526671108445
rain_ci_delta,44,0.7501005868980636,1.3851390305599205,3.8337048874640103,0.8873280136949411
evap_ci_delta,44,-0.4253167200203355,0.5281926785224889,2.7961808391644856,0.8441649080759211
ef_burn_crop_N2O_scale,44,-0.00526508862135783,0.005280373647966061,0.003171542566111737,0.0007929160788464563
ef_burn_crop_CH4_scale,44,-0.019646628497269895,0.019668161301219508,0.011926626289819268,0.0033581499836683685
ef_burn_tree_N2O_scale,44,0.004274417567799231,0.004274417567799231,0.007791343512508988,0.002336380514193958
ef_burn_tree_CH4_scale,44,0.018879794939281064,0.018879794939281064,0.029218822225757876,0.008880672912327218
ef_N_inputs,44,-0.08803394691372686,0.1290946420150506,0.11647508065252728,0.021944118625696823
combustion_factor_crop,44,-0.023108582373568002,0.023134396611240518,0.015554308587243597,0.00456367282745149
combustion_factor_tree,44,0.026313434328938973,0.026313434328938973,0.045103395614619575,0.013532627602348149
volatile_frac_organic_fertiliser,44,-0.002875425650973734,0.002875425650973734,0.0003055624420978687,8.220332913375488e-05
volatile_frac_synthetic_fertiliser,44,0.01629739688896295,0.01629739688896295,0.0016405654386364077,0.0005054828205225548
base_sf_qty_scale,44,-0.1298137469652644,0.1298137469652644,0.011684697112334368,0.0038287183019437214
proj_lit_qty_scale,44,0.016563347204557724,0.01805708145505305,0.012359783061539984,0.002917037643859854
base_stand_density_scale,44,0.0,0.0,0.0,0.0
proj_stand_density_scale,44,0.1556039312879244,0.3756403630506859,0.46959858200060917,0.10797989101250359
tree_wood_dens_sp1,44,0.21956890971453732,0.40576593044366216,0.4696805319231486,0.09649365786755908
base_cover,44,0.061482521603961705,0.12226889393814933,0.25637426009823683,0.0754843752217063
base_fire_off,44,-0.024885313060658505,0.024885313060658505,0.08969221031413538,0.023475185917333708
base_fire_on,44,-0.03493285974000266,0.03493285974000266,0.005956144895642784,0.0018859905989436021
base_mortality,44,0.0,0.0,0.0,0.0
base_sf_n_delta,44,-0.13290163271820052,0.13290163271820052,0.0136461648336175,0.004551771405151956
base_thinning_delta,44,0.0,0.0,0.0,0.0
crop_base_left_delta,44,0.05546811529562431,0.05696391052300111,0.04336913709731363,0.01204154484357319
crop_base_yield_delta,44,-0.04823125669478353,0.06205054569642238,0.04935524721988174,0.008660992308399198
crop_carbon_above_sp3,44,0.013829323452272061,0.014059843486230364,0.009770116632197859,0.0028280616295673125
crop_carbon_below_sp3,44,0.02774128368227518,0.02774128368227518,0.015753006932674767,0.005053929508766727
crop_intercept_sp3,44,-0.0011723145995680057,0.0031744907212719027,0.004369555977658118,0.0010456726428553203
crop_nitrogen_above_sp3,44,-0.011008484110479635,0.011008484110479635,0.004182521244884032,0.001249881712269575
crop_nitrogen_below_sp3,44,-0.016081035434720933,0.016081035434720933,0.002230587608651534,0.0006893207916086393
crop_carbon_above_sp10,44,0.01386316974899624,0.01386316974899624,0.012746355393303842,0.0038165037428730983
crop_carbon_below_sp10,44,0.005875445514313901,0.006064177795810141,0.005950183711729881,0.0017499668189604974
crop_intercept_sp10,44,8.529392158065224e-05,0.006672212713132232,0.0075719814331251705,0.001022384999313482
crop_nitrogen_above_sp10,44,-0.007081677975078987,0.007081677975078987,0.0014323384656658464,0.00043741116246520716
crop_nitrogen_below_sp10,44,-0.004457407240105589,0.004457407240105589,0.001450641525037161,0.00043335930573446105
crop_proj_left_delta,44,0.010139909947882728,0.01837204121693,0.018679101824066804,0.003141679661077141
crop_proj_yield_delta,44,0.1623706833864555,0.17737006570219732,0.11746604184784336,0.02611947149562628
crop_root_in_top_30,44,0.013064917039186694,0.016300871139819838,0.019910437174944087,0.005456210358416269
crop_root_to_shoot_sp3,44,0.008604688294628134,0.009935847215750306,0.013984051049920083,0.0036567154404000624
crop_slope_sp3,44,-0.005619777656423047,0.006568609027865801,0.004723513144163585,0.0009426750289439842
crop_root_to_shoot_sp10,44,0.0025480913632794392,0.004505549160818115,0.00645648495665035,0.0016111130862892455
crop_slope_sp10,44,-0.007886670762448172,0.011742737660827457,0.010938200318506987,0.0019636116331649732
cy0_to_ceq_multiplier,44,0.0002600263706106831,0.0020812112409187176,0.005477072180832327,0.001800851657999164
litter_carbon,44,-0.00904306820004368,0.00904306820004368,0.008420178574766384,0.0027874812295113336
litter_nitrogen,44,0.023840581492757973,0.023840581492757973,0.0026222280512939555,0.0007248192172948499
mortality_fraction_branch_delta,44,0.004223372181390907,0.0050508936182619936,0.003922339271813678,0.0008681421970361735
mortality_fraction_croot_delta,44,0.0006622644940909694,0.002318349358640881,0.003476561848294585,0.0008174661478201925
mortality_fraction_froot_delta,44,0.0004650704561241753,0.0012683204242186635,0.0016459812930041866,0.00034273098301911665
mortality_fraction_leaf_delta,44,0.0008556568344426793,0.001715576270419765,0.001860147493365802,0.00034338307183879885
mortality_fraction_stem_delta,44,-0.0050548676959171574,0.01816538847700068,0.04341284837876786,0.011419422950920126
pool_alloc_froot_sp1,44,0.020394976156618998,0.05944863635549128,0.11596783593956088,0.029471790439422867
pool_alloc_leaf_sp1,44,0.005876278831293871,0.10637814447116045,0.2006645154762872,0.05222145945501369
pool_alloc_stem_sp1,44,0.008007664695802533,0.2804046806938971,0.40558961263326165,0.0878711170679107
pool_turnover_branch_sp1,44,0.022229136764230696,0.1349161382165665,0.2120817333989544,0.046696881068877476
pool_turnover_croot_sp1,44,0.020191307437879173,0.06823367284873012,0.10317005059872345,0.024978483966678837
pool_turnover_froot_sp1,44,0.02068139340826654,0.035834976237781375,0.04419452106365463,0.00894820215426757
pool_turnover_leaf_sp1,44,0.024065324202042403,0.03870067829946847,0.046969646399903496,0.009150050106997949
pool_turnover_stem_sp1,44,2.8962031446332452,5.245578687066456,8.650262795091658,2.1233651347898195
proj_cover,44,-0.3676687529067405,0.7732382990414127,2.456760688130114,0.7451987712035395
proj_fire_off,44,0.02339493953944246,0.02339493953944246,0.07196133832964131,0.02342570071968794
proj_fire_on,44,0.24299696589979752,0.24299696589979752,0.33380791928013864,0.10903643295358594
proj_mortality,44,0.41620856724439115,0.489816868118427,1.2806735107009788,0.4075780292420028
proj_thinning_delta,44,4.1824537789802525,5.866537280700042,10.266012595561879,2.6769295616146818
roth_c_cover_c,44,-0.0014361744704317046,0.015203720876299351,0.027547878945018908,0.007190418601712038
roth_c_dpm_frac_crop,44,-0.005069499499629301,0.005069499499629301,0.007112705052173049,0.0021238915776643228
roth_c_dpm_frac_tree,44,-0.008494533083878718,0.014713549139697715,0.020111625151665667,0.004856524313676817
roth_c_moisture_b_slope,44,0.08250048635662158,0.1922878838249786,0.4252114594671345,0.12594161659948197
roth_c_temp_a1,44,0.014500055165324113,0.21868589884307288,0.4735795324202126,0.11555608028276353
roth_c_temp_a2,44,0.07867036435796425,0.3698564971280634,0.7119570365908778,0.20491560469345915
thinning_fraction_branch_delta,44,0.017608649862520753,0.017608649862520753,0.016208943139931407,0.0045934081394221875
thinning_fraction_croot_delta,44,0.004939678480527647,0.004939678480527647,0.003555804703489209,0.001136215841032304
thinning_fraction_froot_delta,44,0.004419513906564509,0.004419513906564509,0.007827512313933731,0.0023964450012256525
thinning_fraction_leaf_delta,44,0.0043504934454769535,0.0043504934454769535,0.004445315645746893,0.0015017852139595758
thinning_fraction_stem_delta,44,0.047017275124694946,0.047017275124694946,0.09349984569771032,0.03224413508047269
tree_carbon_sp1,44,-0.06626464793756584,0.5856562177498982,1.1234958605738958,0.28817834490165894
tree_nitrogen_branch_sp1,44,0.0007966362222672927,0.0007966362222672927,0.0009056993338085669,0.00025158421589130056
tree_nitrogen_croot_sp1,44,0.0009497752931277318,0.0009497752931277318,0.002571024862845972,0.0007727736107362585
tree_nitrogen_froot_sp1,44,0.021710215448273628,0.021710215448273628,0.033189283813337786,0.010423493397122582
tree_nitrogen_leaf_sp1,44,0.038041142459193204,0.038041142459193204,0.06980065094264958,0.020462036840479512
tree_nitrogen_stem_sp1,44,0.0017671287137973723,0.0017671287137973723,0.002044855747363863,0.0006445767651677172
tree_root_in_top_30,44,0.013465622579367901,0.07240471730578317,0.10968820073180904,0.02467486972738166
tree_root_to_shoot_sp1,44,-0.015011131723315424,0.06258984844144914,0.1395450913624622,0.03508152545357725
cy0,45,-0.021588816513158242,0.11074151805651233,0.237974910977011,0.05885613350014584
clay,45,-0.050256287858632454,0.4582632029898555,1.1640917377364888,0.31890256211005846
temp_ci_delta,45,0.01733686119372583,0.25776990460073695,0.4416122793431622,0.1099899393059026
rain_ci_delta,45,0.7869153775157482,1.3938700160652788,3.873534231961053,0.9003904052893218
evap_ci_delta,45,-0.4398890806773384,0.5404327063177745,2.843401930908327,0.8571012488074836
ef_burn_crop_N2O_scale,45,-0.005265088621357922,0.0052803736479660026,0.0031715425661115884,0.0007929160788464805
ef_burn_crop_CH4_scale,45,-0.019646628497269916,0.019668161301219532,0.011926626289819256,0.0033581499836683815
ef_burn_tree_N2O_scale,45,0.004257807351450579,0.004257807351450579,0.007868395245198515,0.0023586445742665566
ef_burn_tree_CH4_scale,45,0.018839423978951022,0.018839423978951022,0.02953726640454544,0.008989425300476684
ef_N_inputs,45,-0.08809967292449637,0.12971156452002677,0.11773030080922821,0.02224595700942929
combustion_factor_crop,45,-0.02310858237356801,0.023134396611240525,0.015554308587243677,0.004563672827451508
combustion_factor_tree,45,0.026282886682288377,0.026282886682288377,0.045624372222391546,0.013701887836115418
volatile_frac_organic_fertiliser,45,-0.002875425650973784,0.002875425650973784,0.0003055624420978747,8.220332913376904e-05
volatile_frac_synthetic_fertiliser,45,0.016297396888962912,0.016297396888962912,0.0016405654386363604,0.0005054828205225421
base_sf_qty_scale,45,-0.12981374696526454,0.12981374696526454,0.011684697112334335,0.0038287183019437027
proj_lit_qty_scale,45,0.01681473137960122,0.018181030028014113,0.0122897347177606,0.002967491866262627
base_stand_density_scale,45,0.0,0.0,0.0,0.0
proj_stand_density_scale,45,0.14892863875099516,0.36696527542837865,0.4430973865168486,0.09745782102399533
tree_wood_dens_sp1,45,0.22138771328092885,0.3957581460122585,0.44469554574797826,0.09099617689317473
base_cover,45,0.05981774669590286,0.11983118703443489,0.2536226121625976,0.07457545746527362
base_fire_off,45,-0.024885313060658505,0.024885313060658505,0.08969221031413536,0.023475185917333705
base_fire_on,45,-0.03493285974000269,0.03493285974000269,0.005956144895642841,0.001885990598943624
base_mortality,45,0.0,0.0,0.0,0.0
base_sf_n_delta,45,-0.1329016327182008,0.1329016327182008,0.013646164833617335,0.004551771405151822
base_thinning_delta,45,0.0,0.0,0.0,0.0
crop_base_left_delta,45,0.05442964116462425,0.05596365049400975,0.043162349840605796,0.011965510886905758
crop_base_yield_delta,45,-0.04968924195016936,0.06272532600940668,0.04899563624165816,0.00876936099032225
crop_carbon_above_sp3,45,0.013132043571373386,0.013423707260025463,0.009501018754035423,0.0027126455082555007
crop_carbon_below_sp3,45,0.02654461286657181,0.02654461286657181,0.0155268046283302,0.004979648572186023
crop_intercept_sp3,45,-0.0015306137530555805,0.0031972927060244837,0.00426780953171151,0.0010523244226895458
crop_nitrogen_above_sp3,45,-0.011008484110479819,0.011008484110479819,0.004182521244883812,0.0012498817122694684
crop_nitrogen_below_sp3,45,-0.01608103543472079,0.01608103543472079,0.002230587608651601,0.0006893207916086661
crop_carbon_above_sp10,45,0.01346495030680626,0.01346495030680626,0.012663710197584326,0.003796100895728443
crop_carbon_below_sp10,45,0.005710081748656707,0.005905151088988395,0.005904347758611136,0.0017325513286403367
crop_intercept_sp10,45,-4.351383345019971e-05,0.006695178536457892,0.007585979797301269,0.0010215939288993412
crop_nitrogen_above_sp10,45,-0.0070816779750791205,0.0070816779750791205,0.001432338465665651,0.0004374111624651286
crop_nitrogen_below_sp10,45,-0.004457407240105585,0.004457407240105585,0.0014506415250372727,0.0004333593057344988
crop_proj_left_delta,45,0.009226379188294949,0.017732650144118164,0.01830908950953087,0.00298490646227845
crop_proj_yield_delta,45,0.16911961967791483,0.18034844868586566,0.11490231435866943,0.026784687428945596
crop_root_in_top_30,45,0.011772610696131013,0.015734867357853916,0.019630669934325086,0.005241952853440565
crop_root_to_shoot_sp3,45,0.0075062774316398614,0.009453222255555326,0.013746111642798507,0.003512436879529885
crop_slope_sp3,45,-0.006038968801055533,0.006816035196580306,0.004656873900255024,0.0009941056889527186
crop_root_to_shoot_sp10,45,0.002362306775724031,0.004489462309303376,0.006398724669461984,0.0015701790816939844
crop_slope_sp10,45,-0.008244989928781416,0.011876936732785554,0.01089485396737744,0.002010783950897604
cy0_to_ceq_multiplier,45,0.0003740887225451295,0.0020608455022380124,0.0055031133162017805,0.0018212089041413457
litter_carbon,45,-0.008795858958754963,0.008795858958754963,0.008369569388000566,0.002774623768410479
litter_nitrogen,45,0.023840581492757966,0.023840581492757966,0.002622228051294067,0.0007248192172948799
mortality_fraction_branch_delta,45,0.004160663067626871,0.004922855859585781,0.003746573327031653,0.0008280417201672241
mortality_fraction_croot_delta,45,0.0006498463604128216,0.0022489990529860906,0.0033548461437397795,0.0007867851942606049
mortality_fraction_froot_delta,45,0.0004478680367979215,0.0012355730501435846,0.0016189730922875143,0.00033957403680059
mortality_fraction_leaf_delta,45,0.000848974653647741,0.001656063505547703,0.0017700047932707216,0.0003274006533861472
mortality_fraction_stem_delta,45,-0.005124964148020587,0.017832525205759196,0.04336297447623382,0.011467392146441359
pool_alloc_froot_sp1,45,0.019504237701480194,0.058085525682589303,0.1158054999007714,0.029526484703449294
pool_alloc_leaf_sp1,45,0.004835660345513687,0.1037936191443396,0.20050031701887863,0.052595257487580364
pool_alloc_stem_sp1,45,0.011087750958853693,0.28011094791465424,0.4011826744692766,0.08681370048402035
pool_turnover_branch_sp1,45,0.00969941508256197,0.13941606805797097,0.21243741279549383,0.04367543597654674
pool_turnover_croot_sp1,45,0.01887222757695465,0.06713153753420938,0.10309699941250666,0.02518226424812096
pool_turnover_froot_sp1,45,0.01959979644106757,0.03535684957536201,0.04509874103413022,0.00919221129070272
pool_turnover_leaf_sp1,45,0.02343330890492674,0.03789321040916817,0.04696578601540414,0.009208771809394728
pool_turnover_stem_sp1,45,2.596671876197057,4.963002323486104,8.2214312060557,2.0274834526002867
proj_cover,45,-0.4094215097048698,0.7892372657259183,2.5740264833275806,0.7856768172915242
proj_fire_off,45,0.02339493953944246,0.02339493953944246,0.07196133832964131,0.02342570071968794
proj_fire_on,45,0.24152096237694268,0.24152096237694268,0.33699527188754297,0.1100765852652475
proj_mortality,45,0.4097415277431214,0.484811110029443,1.262003093887522,0.40158996395349467
proj_thinning_delta,45,3.927414477455401,5.616365548837982,9.793953672292513,2.5367517167753495
roth_c_cover_c,45,-0.001200019973502882,0.014880450144578918,0.02770379946889882,0.007365486176105972
roth_c_dpm_frac_crop,45,-0.004429760749265867,0.004429760749265867,0.006099210223423798,0.0018287824188943905
roth_c_dpm_frac_tree,45,-0.007603224508342062,0.013865606291864263,0.019185360121785622,0.004652159377758846
roth_c_moisture_b_slope,45,0.07748300454502652,0.1814258186134347,0.3913174754977414,0.1150059999590427
roth_c_temp_a1,45,0.014029012806286928,0.21735213717087903,0.46452713458597444,0.11267459904346301
roth_c_temp_a2,45,0.0794438119606599,0.36435629970275407,0.6971524153215609,0.20063536654964786
thinning_fraction_branch_delta,45,0.01567716335837282,0.01567716335837282,0.014063371830617864,0.003968049296495414
thinning_fraction_croot_delta,45,0.004466027967204691,0.004466027967204691,0.003170766286235677,0.0010111862520065461
thinning_fraction_froot_delta,45,0.00383866943207358,0.00383866943207358,0.006511813009708458,0.001982915970871229
thinning_fraction_leaf_delta,45,0.004005672304579491,0.004005672304579491,0.00409991794278263,0.0013822645193337433
thinning_fraction_stem_delta,45,0.04086758013448995,0.04086758013448995,0.07679279463838547,0.02635660557804857
tree_carbon_sp1,45,-0.05463627951875936,0.5634863055580194,1.0673245888547225,0.2719974033415667
tree_nitrogen_branch_sp1,45,0.0007864626516300141,0.0007864626516300141,0.0009114001427666525,0.0002530902184813864
tree_nitrogen_croot_sp1,45,0.0009531338428078434,0.0009531338428078434,0.002602712982897621,0.0007822928870625392
tree_nitrogen_froot_sp1,45,0.021700732307937808,0.021700732307937808,0.033540697687907635,0.010530795859341215
tree_nitrogen_leaf_sp1,45,0.038087143215153114,0.038087143215153114,0.07064395603415684,0.020704520672477456
tree_nitrogen_stem_sp1,45,0.0017519790776863553,0.0017519790776863553,0.002067414717029595,0.0006508422751178375
tree_root_in_top_30,45,0.012690497419001379,0.07001242670446337,0.1076651278333652,0.024488612302645953
tree_root_to_shoot_sp1,45,-0.013778809503006462,0.05974665440841287,0.13227816780597612,0.03321295546260749
cy0,46,-0.01767482474712332,0.11379521928867871,0.2433626228489362,0.0598085567712375
clay,46,-0.047520074870913365,0.4510285456160969,1.152161564680422,0.3160338555323842
temp_ci_delta,46,0.019673610985205446,0.25550616427176764,0.43587900776725896,0.10854491082491961
rain_ci_delta,46,0.8095105496906013,1.4011415130361444,3.8820844980073343,0.9033825948289573
evap_ci_delta,46,-0.45245066741606577,0.5521204057251015,2.8847622873626677,0.86825630204882
ef_burn_crop_N2O_scale,46,-0.00526508862135783,0.005280373647965994,0.0031715425661116774,0.0007929160788464706
ef_burn_crop_CH4_scale,46,-0.01964662849726997,0.019668161301219587,0.01192662628981922,0.003358149983668367
ef_burn_tree_N2O_scale,46,0.004240171715662105,0.004240171715662105,0.00793743443811585,0.002378460861860753
ef_burn_tree_CH4_scale,46,0.0187834173745328,0.0187834173745328,0.029830072203960206,0.009088910982456113
ef_N_inputs,46,-0.0882067544748047,0.1302727568334489,0.11881199122400428,0.022509424370098435
combustion_factor_crop,46,-0.02310858237356801,0.023134396611240525,0.015554308587243618,0.004563672827451506
combustion_factor_tree,46,0.0262435669249186,0.0262435669249186,0.04610613266581637,0.0138589810045554
volatile_frac_organic_fertiliser,46,-0.002875425650973726,0.002875425650973726,0.00030556244209787084,8.220332913375508e-05
volatile_frac_synthetic_fertiliser,46,0.016297396888963003,0.016297396888963003,0.0016405654386364092,0.0005054828205225663
base_sf_qty_scale,46,-0.12981374696526454,0.12981374696526454,0.011684697112334448,0.0038287183019437673
proj_lit_qty_scale,46,0.017056280418362966,0.01832802946418918,0.012218539511439079,0.002997754113724292
base_stand_density_scale,46,0.0,0.0,0.0,0.0
proj_stand_density_scale,46,-0.08918644315426731,0.5982461701089399,1.3195906475142656,0.3791671726488012
tree_wood_dens_sp1,46,0.24192530666030812,0.403514782935796,0.45289292054703606,0.090032199200316
base_cover,46,0.058283084429364605,0.11743506330530748,0.25099320420981097,0.0737424038611858
base_fire_off,46,-0.024885313060658512,0.024885313060658512,0.08969221031413542,0.023475185917333715
base_fire_on,46,-0.0349328597400027,0.0349328597400027,0.005956144895642757,0.001885990598943591
base_mortality,46,0.0,0.0,0.0,0.0
base_sf_n_delta,46,-0.13290163271820088,0.13290163271820088,0.013646164833617176,0.004551771405151708
base_thinning_delta,46,0.0,0.0,0.0,0.0
crop_base_left_delta,46,0.05343452630459785,0.05500457131993556,0.04294946514100555,0.011888774444401107
crop_base_yield_delta,46,-0.051090866370308574,0.06343639326907799,0.04862876433428911,0.00884807351083656
crop_carbon_above_sp3,46,0.012497275546652064,0.012842577827989771,0.009274258173910527,0.0026150689326676275
crop_carbon_below_sp3,46,0.02544792828112776,0.02544792828112776,0.015341058244623897,0.004918917862459719
crop_intercept_sp3,46,-0.0018587843029745517,0.0032818578134898566,0.004217918482900189,0.0010697366685587433
crop_nitrogen_above_sp3,46,-0.011008484110479444,0.011008484110479444,0.00418252124488407,0.0012498817122696025
crop_nitrogen_below_sp3,46,-0.016081035434720843,0.016081035434720843,0.0022305876086515255,0.000689320791608628
crop_carbon_above_sp10,46,0.013084744511687812,0.013084744511687812,0.012579625130620907,0.0037751886040652215
crop_carbon_below_sp10,46,0.0055517833066469815,0.005752714428156789,0.005858059802461769,0.0017153251697276687
crop_intercept_sp10,46,-0.00016635255786508207,0.006717020628430345,0.007598885377937841,0.0010221036639658256
crop_nitrogen_above_sp10,46,-0.007081677975079195,0.007081677975079195,0.0014323384656656597,0.0004374111624651358
crop_nitrogen_below_sp10,46,-0.004457407240105735,0.004457407240105735,0.001450641525037091,0.00043335930573444505
crop_proj_left_delta,46,0.00839857931776072,0.017130636552909723,0.017959519365405414,0.002858685108620195
crop_proj_yield_delta,46,0.17530355886824595,0.18411762685766936,0.11277708141570607,0.026896819149513577
crop_root_in_top_30,46,0.010576339608616623,0.015256036051318093,0.01939219007127785,0.005049020549680539
crop_root_to_shoot_sp3,46,0.0064924584926701195,0.009144324836364468,0.0135435687188917,0.0033595616223968143
crop_slope_sp3,46,-0.006428009823494546,0.007061850381537999,0.004600624338928246,0.0010422376985096884
crop_root_to_shoot_sp10,46,0.0021839146358776486,0.0044790992917120185,0.006341754761795083,0.0015279748291842398
crop_slope_sp10,46,-0.008588030810660254,0.012000613545649722,0.010850464110510914,0.002060447773359725
cy0_to_ceq_multiplier,46,0.00047999956648010214,0.002037475460630797,0.005578118990303358,0.0018539853382765201
litter_carbon,46,-0.008558704232926059,0.008558704232926059,0.008317195980105834,0.00276109063673802
litter_nitrogen,46,0.02384058149275817,0.02384058149275817,0.002622228051294124,0.0007248192172948868
mortality_fraction_branch_delta,46,0.00412610456958473,0.004803765561342314,0.00356910463739647,0.0007948174154275696
mortality_fraction_croot_delta,46,0.0006474816209948275,0.002182738499037862,0.003224074606626056,0.0007520968666132605
mortality_fraction_froot_delta,46,0.0004361259945347473,0.0012022542785371903,0.0015872440561751876,0.00033518577477521317
mortality_fraction_leaf_delta,46,0.0008527315363752827,0.0015986187051137731,0.0016746495412240153,0.0003108844647750275
mortality_fraction_stem_delta,46,-0.005042640948641519,0.01744811908003826,0.04298849490918567,0.011416690436631627
pool_alloc_froot_sp1,46,0.019286201362980305,0.05722665982989774,0.11542189732370661,0.029356496705502888
pool_alloc_leaf_sp1,46,0.004640427077238496,0.10136906451085496,0.19966817615379334,0.05268459372185143
pool_alloc_stem_sp1,46,0.036424408496261426,0.29455176600608135,0.42083795761614723,0.09532968662332311
pool_turnover_branch_sp1,46,-0.00897116472820354,0.1496397622410973,0.21877491777231006,0.0412888985072129
pool_turnover_croot_sp1,46,0.016643502042356668,0.06485539117824715,0.10262636872041443,0.025576257427409037
pool_turnover_froot_sp1,46,0.016700147015539502,0.035297486892721365,0.04674468481477271,0.009236318080705448
pool_turnover_leaf_sp1,46,0.022725190227753832,0.03688761858340571,0.04685673143881818,0.009263133969557214
pool_turnover_stem_sp1,46,2.127979086171732,4.821443919815196,7.967966583923835,1.9761307730880584
proj_cover,46,-0.4373723357710958,0.8004394635733558,2.6537566459967374,0.8131809205694216
proj_fire_off,46,0.023394939539442494,0.023394939539442494,0.07196133832964141,0.02342570071968797
proj_fire_on,46,0.2399629147783661,0.2399629147783661,0.3397074131600468,0.11095980293200687
proj_mortality,46,0.41249107278261193,0.49926105130995524,1.2383033145893063,0.3919513086609604
proj_thinning_delta,46,3.6507905463813146,5.34394731563513,9.278012868732258,2.3871804193296935
roth_c_cover_c,46,-0.0010615245959006009,0.014524334651556467,0.027608377724934307,0.007433625225391584
roth_c_dpm_frac_crop,46,-0.0039006204778336538,0.0039006204778336538,0.005264120379418602,0.0015839537466315206
roth_c_dpm_frac_tree,46,-0.0069161793602129885,0.01305210584053321,0.018245521406306843,0.004451162896381696
roth_c_moisture_b_slope,46,0.07131776066405045,0.17145128682641603,0.36304690129558764,0.10578387612809531
roth_c_temp_a1,46,0.013460077716481009,0.21669610452025853,0.45554037230781635,0.10950156214379363
roth_c_temp_a2,46,0.08081809124844105,0.35838623007737463,0.6831720628886566,0.19700176469742983
thinning_fraction_branch_delta,46,0.014183250227661176,0.014183250227661176,0.012257014837070021,0.003441921408470263
thinning_fraction_croot_delta,46,0.004112140671387899,0.004112140671387899,0.0029130082968269445,0.0009253767829497182
thinning_fraction_froot_delta,46,0.0033940573794754487,0.0033940573794754487,0.005428380181957707,0.0016404031114539246
thinning_fraction_leaf_delta,46,0.0037641788425407845,0.0037641788425407845,0.0038158951012903118,0.0012817778405974792
thinning_fraction_stem_delta,46,0.035911596496843876,0.035911596496843876,0.06322785640124153,0.021588625030443974
tree_carbon_sp1,46,-0.016352303787617633,0.5644774620214006,1.024145887909533,0.2603867246719249
tree_nitrogen_branch_sp1,46,0.0007756398478633658,0.0007756398478633658,0.0009170856977774113,0.0002544896103823494
tree_nitrogen_croot_sp1,46,0.0009557930482729127,0.0009557930482729127,0.002630808502188339,0.0007907234501924194
tree_nitrogen_froot_sp1,46,0.0216819923558463,0.0216819923558463,0.0338628926066587,0.010628563284458253
tree_nitrogen_leaf_sp1,46,0.03810586755976403,0.03810586755976403,0.07139605318665594,0.020920893353765856
tree_nitrogen_stem_sp1,46,0.0017368992532442757,0.0017368992532442757,0.0020888334077916845,0.0006567880960464097
tree_root_in_top_30,46,0.012411619397761812,0.06762539909828044,0.10517780038040102,0.02417342602726805
tree_root_to_shoot_sp1,46,-0.011246146268605577,0.057815264474462245,0.12474178126101705,0.031095071225458862
cy0,47,-0.013936091655330893,0.11678405472550668,0.2487151527001497,0.060768766808713126
clay,47,-0.044275769557339265,0.44538787145437164,1.137805949934508,0.3121787772195507
temp_ci_delta,47,0.020834363560978217,0.2527206136980683,0.42698953468327,0.10597200905603733
rain_ci_delta,47,0.8179987946989862,1.40388087312565,3.8616991765987514,0.898985505980436
evap_ci_delta,47,-0.4625324596189119,0.5621856346010227,2.9185126626802576,0.8772118208781686
ef_burn_crop_N2O_scale,47,-0.005265088621357822,0.005280373647966086,0.0031715425661117866,0.0007929160788464572
ef_burn_crop_CH4_scale,47,-0.019646628497269867,0.01966816130121948,0.01192662628981921,0.003358149983668347
ef_burn_tree_N2O_scale,47,0.004204810249816541,0.004204810249816541,0.0080041478990691,0.0024029306145481534
ef_burn_tree_CH4_scale,47,0.01872420405182091,0.01872420405182091,0.030090843166182154,0.00917966183515026
ef_N_inputs,47,-0.08846790131413969,0.1308908593471329,0.11978876819429904,0.022756137227507484
combustion_factor_crop,47,-0.023108582373568103,0.02313439661124062,0.015554308587243685,0.004563672827451544
combustion_factor_tree,47,0.02617753686717365,0.02617753686717365,0.046555746101903016,0.014007167953086768
volatile_frac_organic_fertiliser,47,-0.0028754256509738755,0.0028754256509738755,0.00030556244209789144,8.220332913377e-05
volatile_frac_synthetic_fertiliser,47,0.01629739688896306,0.01629739688896306,0.0016405654386364343,0.0005054828205225685
base_sf_qty_scale,47,-0.12981374696526463,0.12981374696526463,0.011684697112334354,0.0038287183019437097
proj_lit_qty_scale,47,0.017288596245421933,0.018480740542185604,0.01214626954666029,0.0030184274864469545
base_stand_density_scale,47,0.0,0.0,0.0,0.0
proj_stand_density_scale,47,0.24652579176300451,0.762048427634054,1.7466080751860618,0.4805533758905567
tree_wood_dens_sp1,47,0.23973617451540563,0.38781959101255714,0.4217789686144391,0.07946825145905068
base_cover,47,0.05686750566090186,0.11576301363029215,0.2484714120091689,0.07299454044064185
base_fire_off,47,-0.024885313060658505,0.024885313060658505,0.08969221031413536,0.023475185917333705
base_fire_on,47,-0.03493285974000283,0.03493285974000283,0.005956144895642902,0.001885990598943647
base_mortality,47,0.0,0.0,0.0,0.0
base_sf_n_delta,47,-0.13290163271820088,0.13290163271820088,0.013646164833617214,0.00455177140515172
base_thinning_delta,47,0.0,0.0,0.0,0.0
crop_base_left_delta,47,0.05248039381665106,0.05408447204808875,0.04273045169866507,0.011811202805840625
crop_base_yield_delta,47,-0.052439041789400884,0.06410530787564012,0.04825621843442623,0.008942363985888985
crop_carbon_above_sp3,47,0.011916077203028385,0.012308505126788997,0.0090801926437822,0.002532005069371238
crop_carbon_below_sp3,47,0.02443813685880862,0.02443813685880862,0.01518537222065514,0.0048683463286096785
crop_intercept_sp3,47,-0.002160823865283311,0.0033785692928538598,0.004208752315448049,0.0011030622289054733
crop_nitrogen_above_sp3,47,-0.011008484110479694,0.011008484110479694,0.0041825212448839515,0.0012498817122695478
crop_nitrogen_below_sp3,47,-0.016081035434720732,0.016081035434720732,0.002230587608651541,0.0006893207916086496
crop_carbon_above_sp10,47,0.012720686044488273,0.012720686044488273,0.012493850547277805,0.0037536634680280937
crop_carbon_below_sp10,47,0.005400113534375477,0.005606339059880998,0.005811503537227559,0.0016983307358930419
crop_intercept_sp10,47,-0.00028353466258003587,0.006737779537250392,0.007610801821205231,0.0010237153626789664
crop_nitrogen_above_sp10,47,-0.0070816779750791,0.0070816779750791,0.001432338465665689,0.000437411162465158
crop_nitrogen_below_sp10,47,-0.004457407240105718,0.004457407240105718,0.0014506415250371322,0.00043335930573445503
crop_proj_left_delta,47,0.007645652802524677,0.01656207083422389,0.017626038112628525,0.002757231937103712
crop_proj_yield_delta,47,0.180997294808293,0.18804184661207507,0.11100767390597509,0.02692065529205078
crop_root_in_top_30,47,0.009463667318514528,0.014845628248752758,0.01918519487760575,0.004879267494536048
crop_root_to_shoot_sp3,47,0.005552552599807506,0.008973821053590023,0.013368720025385973,0.0032195691375879686
crop_slope_sp3,47,-0.006790196504349593,0.007317139115060345,0.004552045917982124,0.0010761542088778295
crop_root_to_shoot_sp10,47,0.0020127097113774002,0.004471290764527952,0.006285631056189626,0.001486192252690481
crop_slope_sp10,47,-0.008916418521767324,0.012114091381081469,0.010805145599425154,0.0021120149978519583
cy0_to_ceq_multiplier,47,0.0005780834097697807,0.0020115887807761025,0.0056901449022139896,0.0018956629461233524
litter_carbon,47,-0.00833100549764424,0.00833100549764424,0.008263223688701854,0.00274690220565116
litter_nitrogen,47,0.023840581492758202,0.023840581492758202,0.00262222805129426,0.0007248192172949659
mortality_fraction_branch_delta,47,0.004172377580936038,0.004750473929499288,0.003384512846984449,0.0007637568842160244
mortality_fraction_croot_delta,47,0.0006885984895469114,0.0021542128680663757,0.0030962010187389278,0.000704795977571127
mortality_fraction_froot_delta,47,0.0004279945114261566,0.001167573632771414,0.0015523746271723534,0.0003302529116264972
mortality_fraction_leaf_delta,47,0.0008864867629844702,0.0015645021952283317,0.0015884109549260117,0.0002897656306838973
mortality_fraction_stem_delta,47,-0.004652692281076428,0.01720155357599371,0.04243014845861854,0.011236189904840243
pool_alloc_froot_sp1,47,0.018839713014734784,0.05598857035362649,0.11468158652731904,0.029166307782037916
pool_alloc_leaf_sp1,47,0.005618306515721205,0.09955916783279264,0.19853176023792143,0.05264574510691868
pool_alloc_stem_sp1,47,0.013579873385061628,0.2790704911540632,0.39635023905940775,0.08508874632418531
pool_turnover_branch_sp1,47,-0.014259811892486613,0.14621503559870136,0.2208593345726425,0.043882590427980504
pool_turnover_croot_sp1,47,0.011327318113332195,0.06691446397953624,0.10399143860251202,0.02515685868568723
pool_turnover_froot_sp1,47,0.01749218801854594,0.03572348869252861,0.0471414268423057,0.009146702392905548
pool_turnover_leaf_sp1,47,0.021865948886896577,0.03604992270882733,0.04664330922100029,0.009282944581026003
pool_turnover_stem_sp1,47,1.6244481663514236,4.74744466183346,7.6340798811846335,1.823581459853709
proj_cover,47,-0.4533658839281916,0.8073851178104705,2.699552134905086,0.8289501678988507
proj_fire_off,47,0.02339493953944246,0.02339493953944246,0.07196133832964131,0.02342570071968794
proj_fire_on,47,0.23786668852254217,0.23786668852254217,0.34222056979969917,0.11182078194443225
proj_mortality,47,0.7460184845599611,0.8446938624185852,1.9458304413773115,0.5839992716471036
proj_thinning_delta,47,3.773127775612237,5.357663847353321,9.117996101433647,2.4000165623575485
roth_c_cover_c,47,-0.0009725027565022151,0.014127117302224471,0.02730882406302659,0.00742755982056752
roth_c_dpm_frac_crop,47,-0.0034607871883657352,0.0034607871883657352,0.004575957704703869,0.001380618263313507
roth_c_dpm_frac_tree,47,-0.006622587383016264,0.012522083513808482,0.017337366192133417,0.004290631506300641
roth_c_moisture_b_slope,47,0.06475533638993006,0.1621494586036753,0.3386759286452235,0.09778278803464806
roth_c_temp_a1,47,0.013117485658017644,0.21574552828110677,0.4462858629080392,0.10622706094285642
roth_c_temp_a2,47,0.08221499220047082,0.3521656654426321,0.6703601239869892,0.19394511406971654
thinning_fraction_branch_delta,47,0.013084294382288735,0.013084294382288735,0.010839200646040792,0.0030569282651745815
thinning_fraction_croot_delta,47,0.004032345139749686,0.004032345139749686,0.0031151227976772807,0.0009620890143853142
thinning_fraction_froot_delta,47,0.0031345462290908316,0.0031345462290908316,0.004619454745495218,0.0014004024914759576
thinning_fraction_leaf_delta,47,0.003533501079756926,0.003533501079756926,0.0035834839440692444,0.0012028518594441892
thinning_fraction_stem_delta,47,0.03300919715440694,0.03300919715440694,0.05328304944301571,0.018057114223483987
tree_carbon_sp1,47,-0.032538207193629536,0.5083470659178941,0.939289084368435,0.23849553583014677
tree_nitrogen_branch_sp1,47,0.0007650890417528241,0.0007650890417528241,0.000921930324451892,0.00025569409601310827
tree_nitrogen_croot_sp1,47,0.0009556264888106486,0.0009556264888106486,0.002656013140846267,0.0007984512295300232
tree_nitrogen_froot_sp1,47,0.02162457815944436,0.02162457815944436,0.034173676660530755,0.010718397724028366
tree_nitrogen_leaf_sp1,47,0.03803029535869045,0.03803029535869045,0.0720910903737033,0.02112455327348799
tree_nitrogen_stem_sp1,47,0.0017197774132869576,0.0017197774132869576,0.002110700011356567,0.0006632233602846661
tree_root_in_top_30,47,0.013490837043839115,0.06622908770607466,0.10301439495087646,0.023848166185385048
tree_root_to_shoot_sp1,47,-0.009983262959507721,0.05431205634286611,0.11602079313455994,0.028740540264776925
cy0,48,-0.010365776010696305,0.11943685321398498,0.2539459991839564,0.06179179954221647
clay,48,-0.04173779165142808,0.4390392876854844,1.1201334625021042,0.3071533788228224
temp_ci_delta,48,0.019670747810721693,0.25073547781192806,0.4172035601226237,0.10320084528997374
rain_ci_delta,48,0.8205640264780456,1.4031083207346424,3.81454914188589,0.8890165498742775
evap_ci_delta,48,-0.4707621778612808,0.5709490666899872,2.9439962609877663,0.8839332699677952
ef_burn_crop_N2O_scale,48,-0.00526508862135783,0.005280373647965994,0.003171542566111654,0.0007929160788464545
ef_burn_crop_CH4_scale,48,-0.0196466284972699,0.019668161301219518,0.011926626289819229,0.0033581499836684075
ef_burn_tree_N2O_scale,48,0.004168316305970006,0.004168316305970006,0.008061901769075678,0.002424122345498251
ef_burn_tree_CH4_scale,48,0.018637764752721157,0.018637764752721157,0.030330003485157006,0.00926201390459302
ef_N_inputs,48,-0.08874429141690375,0.13142777531322736,0.12055165046771514,0.022938263064367012
combustion_factor_crop,48,-0.023108582373568144,0.02313439661124066,0.015554308587243782,0.004563672827451547
combustion_factor_tree,48,0.026081527487365606,0.026081527487365606,0.04697181199208003,0.014132312823889638
volatile_frac_organic_fertiliser,48,-0.0028754256509738426,0.0028754256509738426,0.00030556244209799385,8.220332913378818e-05
volatile_frac_synthetic_fertiliser,48,0.016297396888963003,0.016297396888963003,0.0016405654386363762,0.0005054828205225421
base_sf_qty_scale,48,-0.12981374696526454,0.12981374696526454,0.011684697112334398,0.0038287183019437257
proj_lit_qty_scale,48,0.017512140123566916,0.018626409642627673,0.012072920985251456,0.003039108141487723
base_stand_density_scale,48,0.0,0.0,0.0,0.0
proj_stand_density_scale,48,0.3689457280168192,0.5208281338904486,1.1601194917745508,0.3423634819899955
tree_wood_dens_sp1,48,0.2386463236928167,0.3731859969899306,0.40125255828159284,0.08255004844242954
base_cover,48,0.055561434438673465,0.11430586755115213,0.2460440327115492,0.0723050703538522
base_fire_off,48,-0.024885313060658495,0.024885313060658495,0.08969221031413534,0.023475185917333698
base_fire_on,48,-0.03493285974000274,0.03493285974000274,0.005956144895642844,0.0018859905989436134
base_mortality,48,0.0,0.0,0.0,0.0
base_sf_n_delta,48,-0.1329016327182006,0.1329016327182006,0.013646164833617448,0.0045517714051518665
base_thinning_delta,48,0.0,0.0,0.0,0.0
crop_base_left_delta,48,0.05156532190900163,0.05320136237214488,0.04250550935178658,0.011732855282349264
crop_base_yield_delta,48,-0.05373646252825034,0.06473423729376712,0.047878287429351886,0.009050386906801704
crop_carbon_above_sp3,48,0.011381605013374024,0.011815444557891984,0.008911030217457469,0.002460448615596138
crop_carbon_below_sp3,48,0.023503918230106457,0.023503918230106457,0.015051934826982355,0.004825389003219151
crop_intercept_sp3,48,-0.002440489332054824,0.003475547988935812,0.004230438478560504,0.0011469572337662072
crop_nitrogen_above_sp3,48,-0.01100848411047939,0.01100848411047939,0.004182521244884074,0.001249881712269603
crop_nitrogen_below_sp3,48,-0.0160810354347209,0.0160810354347209,0.0022305876086516204,0.0006893207916086751
crop_carbon_above_sp10,48,0.012372293547480831,0.012372293547480831,0.012406888778681336,0.0037317575034236635
crop_carbon_below_sp10,48,0.005254872361153117,0.005465975038769842,0.005764293412796394,0.001681384831775595
crop_intercept_sp10,48,-0.0003950274956647182,0.006757187517931934,0.007621407751462498,0.0010261855203673185
crop_nitrogen_above_sp10,48,-0.007081677975079128,0.007081677975079128,0.0014323384656658353,0.0004374111624651899
crop_nitrogen_below_sp10,48,-0.00445740724010561,0.00445740724010561,0.0014506415250372183,0.0004333593057344826
crop_proj_left_delta,48,0.00695820502702382,0.016024143109915154,0.01730609832770908,0.0026756981095600735
crop_proj_yield_delta,48,0.18626188070369548,0.19194783773850282,0.10952654794449702,0.026870367022897277
crop_root_in_top_30,48,0.008424921906778331,0.014495310416036394,0.01900215850253626,0.004722792515520172
crop_root_to_shoot_sp3,48,0.004678135696132094,0.008863358453710566,0.01321599022179303,0.0031100314221607895
crop_slope_sp3,48,-0.007128844883293778,0.007583205290808454,0.00450929713476219,0.0010956053227565556
crop_root_to_shoot_sp10,48,0.0018483393328377119,0.004464607916284971,0.006229907566521468,0.0014460725203738554
crop_slope_sp10,48,-0.009230993427518788,0.012218061940689858,0.010758876748951008,0.002164979032573087
cy0_to_ceq_multiplier,48,0.000669178229876656,0.001983295962283137,0.005828953160058674,0.001943498269325665
litter_carbon,48,-0.0081122466912308,0.0081122466912308,0.00820775924292214,0.00273208754203713
litter_nitrogen,48,0.02384058149275821,0.02384058149275821,0.002622228051294155,0.0007248192172949096
mortality_fraction_branch_delta,48,0.00421631658780687,0.00474316023255075,0.0032196280575039807,0.0007161871133489632
mortality_fraction_croot_delta,48,0.0007309875705042976,0.0021219433605903547,0.0029696890486944267,0.0006697905283836393
mortality_fraction_froot_delta,48,0.00042594614509921245,0.0011347974986724268,0.0015153090521163016,0.00032383095275948453
mortality_fraction_leaf_delta,48,0.000879309324577128,0.0014839707425221686,0.0014843491356129907,0.00028036147776566267
mortality_fraction_stem_delta,48,-0.004215166838314982,0.016871087839922166,0.041603180416741894,0.010959168753849058
pool_alloc_froot_sp1,48,0.018784862088850975,0.055006206591268925,0.11370365697772013,0.02900686107680213
pool_alloc_leaf_sp1,48,0.006188506697811996,0.09687240982790264,0.19663655810714042,0.052199924334206116
pool_alloc_stem_sp1,48,0.05464802085219983,0.2983038929128302,0.4269338593858785,0.09738397650048544
pool_turnover_branch_sp1,48,-0.021962241825125794,0.1455107081448924,0.22791706272440726,0.04623813312599719
pool_turnover_croot_sp1,48,0.015990490226874373,0.06751671395274417,0.10357192344403722,0.02515636327085369
pool_turnover_froot_sp1,48,0.017194248053654243,0.03478838547913659,0.046688067918084726,0.009203898808322583
pool_turnover_leaf_sp1,48,0.021225044407749888,0.03631329791948681,0.04684426283358977,0.009236359113526939
pool_turnover_stem_sp1,48,1.6771189365322043,4.0997544381660145,6.9524898322519615,1.7334873309604606
proj_cover,48,-0.4591097580024034,0.8110562890430838,2.7157342925672476,0.8346005704832614
proj_fire_off,48,0.02339493953944246,0.02339493953944246,0.07196133832964131,0.02342570071968794
proj_fire_on,48,0.23605418512882842,0.23605418512882842,0.34403521995072134,0.11243978243015389
proj_mortality,48,-0.0021340680012321756,0.8475104879760785,2.0868177631596683,0.5844453619794685
proj_thinning_delta,48,3.28880181219924,4.950642823237963,8.539478570474031,2.184937535558603
roth_c_cover_c,48,-0.0008863565940745069,0.013720505104150854,0.026871887404160723,0.007384299698723974
roth_c_dpm_frac_crop,48,-0.0030937022230608916,0.0030937022230608916,0.004009017777000686,0.001211674053935308
roth_c_dpm_frac_tree,48,-0.00649731009587246,0.012084486019174709,0.016470156793764946,0.004033223328962613
roth_c_moisture_b_slope,48,0.05843185286401812,0.15344911733162728,0.3170166819902382,0.09064905096830982
roth_c_temp_a1,48,0.011888169592732391,0.2153147908466709,0.4368568720118905,0.10281070693095509
roth_c_temp_a2,48,0.08632359449517282,0.34869835847482755,0.659833308287768,0.19071174123216572
thinning_fraction_branch_delta,48,0.011965961880846554,0.011965961880846554,0.009569079946628326,0.002676838869972795
thinning_fraction_croot_delta,48,0.0038163771782074194,0.0038163771782074194,0.002946522291561576,0.0009666980281771908
thinning_fraction_froot_delta,48,0.002762506117292035,0.002762506117292035,0.003845945041916198,0.0011495622672526703
thinning_fraction_leaf_delta,48,0.003590279538496459,0.003590279538496459,0.0037529125865534115,0.0012477826712479526
thinning_fraction_stem_delta,48,0.030950836979802377,0.030950836979802377,0.04559520600541737,0.014993555051714917
tree_carbon_sp1,48,0.001798886249882184,0.5007296565943167,0.8932392733147196,0.22362600116796086
tree_nitrogen_branch_sp1,48,0.0007535449083079793,0.0007535449083079793,0.000926950425024664,0.0002570863507436557
tree_nitrogen_croot_sp1,48,0.0009562889871723601,0.0009562889871723601,0.002677036184896339,0.0008049051804871753
tree_nitrogen_froot_sp1,48,0.021524827840839224,0.021524827840839224,0.03447404870963432,0.010810108953974187
tree_nitrogen_leaf_sp1,48,0.037890167720461096,0.037890167720461096,0.07271207540895858,0.021323264042725335
tree_nitrogen_stem_sp1,48,0.0017015957978572943,0.0017015957978572943,0.0021319529951768254,0.0006694822081001037
tree_root_in_top_30,48,0.014446723403807543,0.06442229161449411,0.10021629406144265,0.023265896182587172
tree_root_to_shoot_sp1,48,-0.0027319198517229844,0.0565611642762992,0.11212881139471208,0.02712230629958314
cy0,49,-0.0069574658523085834,0.12177716780001764,0.25899080024101456,0.06284825136395168
clay,49,-0.03882998876834311,0.4326106126270809,1.0994552024232618,0.3011167330611684
temp_ci_delta,49,0.018084702778930185,0.2485603784282528,0.40649080502818274,0.09986660737840398
rain_ci_delta,49,0.8222770216211284,1.4019890620201267,3.7450029427855274,0.8729509877469983
evap_ci_delta,49,-0.476504390049869,0.5775591380137353,2.9609932747292693,0.8882264993891359
ef_burn_crop_N2O_scale,49,-0.0052650886213579055,0.005280373647966102,0.0031715425661116865,0.000792916078846466
ef_burn_crop_CH4_scale,49,-0.019646628497269916,0.019668161301219532,0.011926626289819246,0.003358149983668405
ef_burn_tree_N2O_scale,49,0.004150792171876497,0.004150792171876497,0.008104602434947185,0.002434997550375249
ef_burn_tree_CH4_scale,49,0.018521233735626735,0.018521233735626735,0.03054644307782446,0.009333238268875565
ef_N_inputs,49,-0.08895797125102906,0.13180702659175117,0.12110166438598145,0.023080178921032618
combustion_factor_crop,49,-0.023108582373568033,0.023134396611240553,0.015554308587243769,0.00456367282745155
combustion_factor_tree,49,0.025949081343153085,0.025949081343153085,0.04735646559306012,0.014250828003213633
volatile_frac_organic_fertiliser,49,-0.0028754256509737758,0.0028754256509737758,0.00030556244209794235,8.220332913378438e-05
volatile_frac_synthetic_fertiliser,49,0.016297396888962954,0.016297396888962954,0.0016405654386363725,0.0005054828205225486
base_sf_qty_scale,49,-0.12981374696526451,0.12981374696526451,0.011684697112334446,0.0038287183019437496
proj_lit_qty_scale,49,0.017727437693952165,0.018765411853573687,0.011998589956519557,0.003059775348461267
base_stand_density_scale,49,0.0,0.0,0.0,0.0
proj_stand_density_scale,49,0.2009324941253489,0.3336826831876223,0.33370524864012535,0.06936407447118502
tree_wood_dens_sp1,49,0.22028699489376927,0.3410782395862606,0.35461064025321143,0.07052790387553082
base_cover,49,0.054355430608157916,0.1128406663103136,0.24369992194823167,0.07166097532784137
base_fire_off,49,-0.024885313060658505,0.024885313060658505,0.08969221031413538,0.023475185917333708
base_fire_on,49,-0.034932859740002715,0.034932859740002715,0.005956144895642846,0.0018859905989436312
base_mortality,49,0.0,0.0,0.0,0.0
base_sf_n_delta,49,-0.13290163271820066,0.13290163271820066,0.0136461648336174,0.004551771405151902
base_thinning_delta,49,0.0,0.0,0.0,0.0
crop_base_left_delta,49,0.05068728508514876,0.052353414761189376,0.042275211017298524,0.011653812634070507
crop_base_yield_delta,49,-0.05498482990630697,0.06532479648842134,0.04749557989857923,0.009170446202837296
crop_carbon_above_sp3,49,0.010887523621290194,0.01135779235075111,0.00876081705190048,0.0023980455934784458
crop_carbon_below_sp3,49,0.022636109504029774,0.022636109504029774,0.014934671432301394,0.004787950023399971
crop_intercept_sp3,49,-0.0027002924737423357,0.0035761093821706754,0.004275604743696112,0.0011959865399893558
crop_nitrogen_above_sp3,49,-0.01100848411047954,0.01100848411047954,0.004182521244883917,0.0012498817122695493
crop_nitrogen_below_sp3,49,-0.016081035434720885,0.016081035434720885,0.002230587608651592,0.0006893207916086456
crop_carbon_above_sp10,49,0.01203843720272303,0.01203843720272303,0.012318717504740631,0.003709345310073375
crop_carbon_below_sp10,49,0.005115465006965461,0.005330980958287471,0.005716922911051552,0.0016645828626972096
crop_intercept_sp10,49,-0.0005015339986353701,0.00677604227333157,0.007631580779117821,0.0010294945673424616
crop_nitrogen_above_sp10,49,-0.007081677975078987,0.007081677975078987,0.0014323384656656983,0.00043741116246514324
crop_nitrogen_below_sp10,49,-0.004457407240105805,0.004457407240105805,0.001450641525037139,0.0004333593057344602
crop_proj_left_delta,49,0.006328656405820717,0.015514229004787411,0.016997866840551375,0.0026102788229449996
crop_proj_yield_delta,49,0.19114871418344193,0.19581988187083688,0.10827971115825491,0.02674599794661529
crop_root_in_top_30,49,0.007451109142747246,0.014225072307151476,0.01883714049730812,0.004571509311746576
crop_root_to_shoot_sp3,49,0.0038620546565512476,0.008808061226462757,0.013080822099255153,0.003015001813962332
crop_slope_sp3,49,-0.007446153328041108,0.007835749005851636,0.004470811491174613,0.00111562223865829
crop_root_to_shoot_sp10,49,0.0016901351313969692,0.004473012285428651,0.006175027374200568,0.001406604381498697
crop_slope_sp10,49,-0.009532580604326546,0.012330829651229442,0.010711434111089787,0.0022098462302572812
cy0_to_ceq_multiplier,49,0.0007538132848002255,0.001953069937786067,0.005986031029290417,0.001995179290684298
litter_carbon,49,-0.00790207124461831,0.00790207124461831,0.008150841892384256,0.002716680539691394
litter_nitrogen,49,0.023840581492758178,0.023840581492758178,0.0026222280512939494,0.0007248192172948702
mortality_fraction_branch_delta,49,0.004148400921658718,0.0046403134863795105,0.0031140960938159865,0.0007069040704585796
mortality_fraction_croot_delta,49,0.0007112234529843442,0.002023616056683297,0.002804039192298413,0.0006283735126190014
mortality_fraction_froot_delta,49,0.0004708150405621725,0.0011454760576094902,0.0015005434857711941,0.0003272370947086949
mortality_fraction_leaf_delta,49,0.0009380227369430616,0.0014759349275422385,0.0014302069862113448,0.0002720836665588568
mortality_fraction_stem_delta,49,-0.004187331617890445,0.016014909127918496,0.04038280719835304,0.010749810436288766
pool_alloc_froot_sp1,49,0.01863756383807622,0.05380854649576923,0.11248572453771313,0.028678668943870302
pool_alloc_leaf_sp1,49,0.005536953354290421,0.09422876012768672,0.19382870597000101,0.05179570226792859
pool_alloc_stem_sp1,49,0.026626172437755204,0.26106444330047923,0.39034684674472564,0.09061610563934148
pool_turnover_branch_sp1,49,-0.032055391502615924,0.14703504906827464,0.23692027162399912,0.04975023458874625
pool_turnover_croot_sp1,49,0.020115080405992147,0.06715808690041127,0.10310348579230602,0.02566169886222996
pool_turnover_froot_sp1,49,0.01826599595932015,0.03495773963908256,0.0466495578890182,0.009809607966200118
pool_turnover_leaf_sp1,49,0.02407865345188949,0.03719861229747883,0.04564322707036604,0.008948930626422035
pool_turnover_stem_sp1,49,1.3840336058808569,3.7859520567679597,6.563421334258367,1.660769837513396
proj_cover,49,-0.4579589078230918,0.8100295945133544,2.7062842920783927,0.8315188340068711
proj_fire_off,49,0.02339493953944246,0.02339493953944246,0.07196133832964131,0.02342570071968794
proj_fire_on,49,0.2343030665832578,0.2343030665832578,0.34529727254567594,0.11283655056196593
proj_mortality,49,0.3421842041324386,0.48283710838845495,1.1689626944911977,0.36560880298125864
proj_thinning_delta,49,2.7111663463386235,4.463829721108858,7.599447836982601,1.8948227856457567
roth_c_cover_c,49,-0.0008103243706516578,0.013322950175246404,0.026382950741007334,0.007324340669061199
roth_c_dpm_frac_crop,49,-0.002785664921869145,0.002785664921869145,0.0035424380645185404,0.001071456960985622
roth_c_dpm_frac_tree,49,-0.005877870948042448,0.011100268303465284,0.015552849580613193,0.0038350183804337075
roth_c_moisture_b_slope,49,0.052552256978803266,0.1450518169489361,0.2972521759275931,0.08417320243742088
roth_c_temp_a1,49,0.010073388768022435,0.21478401549120538,0.4270094414953883,0.09900982381996273
roth_c_temp_a2,49,0.09038105890721657,0.3453105998739134,0.6503547645686211,0.1886352097815631
thinning_fraction_branch_delta,49,0.011190701207854885,0.011190701207854885,0.008725496163624464,0.002437704322052722
thinning_fraction_croot_delta,49,0.00348736001348382,0.00348736001348382,0.00261425386535894,0.0008449143329496767
thinning_fraction_froot_delta,49,0.0024744235198568636,0.0024744235198568636,0.003250417858577409,0.0009568647711637524
thinning_fraction_leaf_delta,49,0.003454537015908038,0.003454537015908038,0.0039453120756192325,0.001259529282485694
thinning_fraction_stem_delta,49,0.02672625803679215,0.02672625803679215,0.037320336139741235,0.01233111112032449
tree_carbon_sp1,49,-0.006785437502905204,0.44870617274578734,0.7999554941834192,0.20065066251431637
tree_nitrogen_branch_sp1,49,0.000742337208292379,0.000742337208292379,0.0009310422144427276,0.00025874667924699477
tree_nitrogen_croot_sp1,49,0.0009550855601982461,0.0009550855601982461,0.002694821691849248,0.0008104873138844379
tree_nitrogen_froot_sp1,49,0.021488129541663827,0.021488129541663827,0.03469827219497077,0.010876223528182266
tree_nitrogen_leaf_sp1,49,0.037845476282136,0.037845476282136,0.07317635085483881,0.02145517540134979
tree_nitrogen_stem_sp1,49,0.0016838144944138905,0.0016838144944138905,0.0021513609859339375,0.0006749648054224671
tree_root_in_top_30,49,0.013915477392289783,0.0608948110308372,0.09646969084232941,0.022850734568926157
tree_root_to_shoot_sp1,49,-0.00686708789191994,0.047242305626757394,0.09785082997481556,0.024233171633556674
cy0,50,-0.00370465671336863,0.1238261692281106,0.2638024632538802,0.06391439390402522
clay,50,-0.03607273823945494,0.425310679913801,1.0756860880081174,0.2941325421167605
temp_ci_delta,50,0.018553658584104342,0.24360581629407124,0.3940202450588496,0.09619789611978105
rain_ci_delta,50,0.8115602517409327,1.39065169432361,3.656082650511595,0.8517242255974882
evap_ci_delta,50,-0.47981427984908126,0.5818525685517794,2.9695771513595517,0.8900411758617042
ef_burn_crop_N2O_scale,50,-0.005265088621357888,0.005280373647966052,0.003171542566111708,0.0007929160788464842
ef_burn_crop_CH4_scale,50,-0.019646628497269912,0.01966816130121953,0.011926626289819208,0.003358149983668344
ef_burn_tree_N2O_scale,50,0.004131795385046136,0.004131795385046136,0.00813894712893921,0.0024434381655144065
ef_burn_tree_CH4_scale,50,0.018456954715314732,0.018456954715314732,0.030702215048511144,0.009392222446334983
ef_N_inputs,50,-0.0892144942010433,0.13213633484115053,0.12148326854882296,0.023183091055479752
combustion_factor_crop,50,-0.023108582373568075,0.023134396611240594,0.01555430858724372,0.004563672827451533
combustion_factor_tree,50,0.025881351202969888,0.025881351202969888,0.04766470902578917,0.014356032391512162
volatile_frac_organic_fertiliser,50,-0.0028754256509737593,0.0028754256509737593,0.0003055624420979428,8.220332913376717e-05
volatile_frac_synthetic_fertiliser,50,0.016297396888963103,0.016297396888963103,0.0016405654386364276,0.0005054828205225676
base_sf_qty_scale,50,-0.12981374696526454,0.12981374696526454,0.011684697112334419,0.0038287183019437353
proj_lit_qty_scale,50,0.01793492517026863,0.01889805288959524,0.011923334060447517,0.003080436261281795
base_stand_density_scale,50,0.0,0.0,0.0,0.0
proj_stand_density_scale,50,0.19441606559964622,0.3076185869023739,0.29824109292444,0.06074879728520527
tree_wood_dens_sp1,50,0.22142365562644956,0.3280518671929102,0.3341532923675582,0.06721008580952988
base_cover,50,0.05324147789662731,0.1113706057284353,0.24142900472502005,0.07105661121456952
base_fire_off,50,-0.024885313060658495,0.024885313060658495,0.08969221031413534,0.023475185917333698
base_fire_on,50,-0.03493285974000263,0.03493285974000263,0.0059561448956428065,0.0018859905989436214
base_mortality,50,0.0,0.0,0.0,0.0
base_sf_n_delta,50,-0.13290163271820066,0.13290163271820066,0.013646164833617294,0.0045517714051518075
base_thinning_delta,50,0.0,0.0,0.0,0.0
crop_base_left_delta,50,0.049844143255500004,0.051538626652604114,0.04203977973076169,0.011574017297395415
crop_base_yield_delta,50,-0.05618706795943072,0.06594571859485654,0.04710826349665973,0.00928225436472341
crop_carbon_above_sp3,50,0.010429442606478195,0.010931784029766894,0.008625843086619142,0.002343295417656877
crop_carbon_below_sp3,50,0.02182716491239804,0.02182716491239804,0.014829085925136086,0.004754584469700739
crop_intercept_sp3,50,-0.0029430805059208337,0.003700589293680487,0.004337970572881014,0.0012398793648113705
crop_nitrogen_above_sp3,50,-0.01100848411047954,0.01100848411047954,0.004182521244883961,0.0012498817122695842
crop_nitrogen_below_sp3,50,-0.01608103543472085,0.01608103543472085,0.0022305876086515905,0.0006893207916086499
crop_carbon_above_sp10,50,0.0117186301231434,0.0117186301231434,0.012229257063164772,0.0036864965318734568
crop_carbon_below_sp10,50,0.004981819324858183,0.005201237280903858,0.005668974123769925,0.0016479182582090112
crop_intercept_sp10,50,-0.0006028475070471634,0.006793685930007756,0.00764073443877879,0.0010334477459760082
crop_nitrogen_above_sp10,50,-0.007081677975079008,0.007081677975079008,0.0014323384656657694,0.0004374111624651608
crop_nitrogen_below_sp10,50,-0.0044574072401056975,0.0044574072401056975,0.0014506415250372191,0.0004333593057344789
crop_proj_left_delta,50,0.0057505527941641476,0.0150302039540442,0.016700161190077004,0.002557822164110102
crop_proj_yield_delta,50,0.1956999220446895,0.19945721365846542,0.10722202726800352,0.026686429292213116
crop_root_in_top_30,50,0.0065359887280898145,0.014013017920338105,0.01868573218209012,0.00443266718802913
crop_root_to_shoot_sp3,50,0.0030983481405976536,0.008894302722875022,0.012959549919390934,0.0028958196106417446
crop_slope_sp3,50,-0.0077444741695648234,0.008096251483003873,0.004435639691404245,0.001118618971620399
crop_root_to_shoot_sp10,50,0.0015381911975878375,0.004485148566397914,0.006120610786331631,0.0013693306395082686
crop_slope_sp10,50,-0.00982168289475636,0.012458360045546965,0.010663460071260338,0.0022419463321755977
cy0_to_ceq_multiplier,50,0.0008324873507026445,0.001921002766704681,0.00615458469031238,0.002048947981041854
litter_carbon,50,-0.007699986006601832,0.007699986006601832,0.008092609461330155,0.002700721548853528
litter_nitrogen,50,0.02384058149275802,0.02384058149275802,0.0026222280512939546,0.000724819217294843
mortality_fraction_branch_delta,50,0.0041324402704631235,0.0045864529316428215,0.0030345978900719606,0.0007036504767410263
mortality_fraction_croot_delta,50,0.0007142871941195464,0.0019443523693642786,0.002644763068089234,0.0005863738252076781
mortality_fraction_froot_delta,50,0.0004461335771146893,0.0010836917637423852,0.0014487730985648273,0.00031752011660059925
mortality_fraction_leaf_delta,50,0.000928778920021546,0.0013985753265221682,0.0013233881382006302,0.00025338263655925455
mortality_fraction_stem_delta,50,-0.0039317938243987795,0.015289249459022288,0.03907382158034042,0.010453918515671881
pool_alloc_froot_sp1,50,0.017716248256526974,0.051726539642690125,0.11078859043114744,0.028230029744479936
pool_alloc_leaf_sp1,50,0.005843536479886703,0.0922289817451867,0.19089766549638654,0.05124239487570885
pool_alloc_stem_sp1,50,0.027667399735868688,0.2536044458868644,0.38888301413790116,0.09259445084173754
pool_turnover_branch_sp1,50,-0.04201495438382634,0.14853401732530855,0.24670238354331114,0.05396700462317268
pool_turnover_croot_sp1,50,0.018457679889335568,0.06473160141274134,0.10040966578147348,0.02510807290070274
pool_turnover_froot_sp1,50,0.017362008758929147,0.03403301136205004,0.04610928353950709,0.009657941925414493
pool_turnover_leaf_sp1,50,0.02317540605134346,0.03592873136292768,0.044625630726068746,0.00874002512126259
pool_turnover_stem_sp1,50,1.0701864001030752,3.486009828592524,6.219384970220202,1.606034723972394
proj_cover,50,-0.451159484120134,0.804873375412523,2.6752928317680515,0.8210562709958218
proj_fire_off,50,0.02339493953944246,0.02339493953944246,0.07196133832964131,0.02342570071968794
proj_fire_on,50,0.2324673171364769,0.2324673171364769,0.3461080855485653,0.11308477106982387
proj_mortality,50,0.3514460280247223,0.45184462599474867,1.1195232701761786,0.35342187836452404
proj_thinning_delta,50,2.3509275770108555,4.131794611704221,7.006510597272462,1.7268083472385167
roth_c_cover_c,50,-0.0007625251283289045,0.01292288401392136,0.025880293465440882,0.007252027676333641
roth_c_dpm_frac_crop,50,-0.002526088784053812,0.002526088784053812,0.003158689332175264,0.0009552324371434743
roth_c_dpm_frac_tree,50,-0.0054502380998878676,0.010269775253033851,0.014684163178512536,0.0036580430010927294
roth_c_moisture_b_slope,50,0.04734768447004386,0.13685373891053845,0.2787746790173137,0.07817498514804813
roth_c_temp_a1,50,0.009928906931644629,0.21177775590280482,0.41565414082611224,0.09544781287771421
roth_c_temp_a2,50,0.09010586861686273,0.33771259341457077,0.6400070410793389,0.1870300582059432
thinning_fraction_branch_delta,50,0.010270921508175464,0.010270921508175464,0.007759167606314604,0.0021493035696174573
thinning_fraction_croot_delta,50,0.003262998259351756,0.003262998259351756,0.0024581174812943235,0.0007878727434633051
thinning_fraction_froot_delta,50,0.0022476407772342847,0.0022476407772342847,0.0027734880999520785,0.0008041323988894392
thinning_fraction_leaf_delta,50,0.003184179745669512,0.003184179745669512,0.003498783777321761,0.0011291643063642358
thinning_fraction_stem_delta,50,0.023788472950545637,0.023788472950545637,0.031307072813551974,0.01032125111672674
tree_carbon_sp1,50,0.007694242138763849,0.41871681789710974,0.7278889618515618,0.18079980251818772
tree_nitrogen_branch_sp1,50,0.0007330341422472936,0.0007330341422472936,0.0009330337634069726,0.00025906354892099906
tree_nitrogen_croot_sp1,50,0.0009555934265116541,0.0009555934265116541,0.0027081918748786214,0.000814374943085928
tree_nitrogen_froot_sp1,50,0.02144089979854945,0.02144089979854945,0.03489220742076834,0.010932449758272903
tree_nitrogen_leaf_sp1,50,0.03777219149579465,0.03777219149579465,0.073550194454967,0.021561407526611055
tree_nitrogen_stem_sp1,50,0.0016699864081300198,0.0016699864081300198,0.002166187263401522,0.0006789994879281738
tree_root_in_top_30,50,0.014191685566408535,0.05798469264856461,0.09305878292316042,0.022436951042339084
tree_root_to_shoot_sp1,50,-0.005074151310758087,0.04371800050034084,0.08843959500453996,0.021794391222135574
cy0,total,-9.644339400123036,17.313839812763796,39.526901926599436,10.177662842246468
clay,total,-20.093836234078346,22.4367160862368,46.65898309665701,13.62646861768919
temp_ci_delta,total,15.327931099961926,15.340959415227962,17.68398496792677,5.568343901221962
rain_ci_delta,total,100.06285426337425,131.41774690685583,245.45095862577503,57.653158864204855
evap_ci_delta,total,-35.51543401864792,44.97783784015694,176.06063016564724,50.74778050089717
ef_burn_crop_N2O_scale,total,-0.19713604760796435,0.201954350853831,0.1322533144663937,0.03169868998284379
ef_burn_crop_CH4_scale,total,-0.7413217587046901,0.7496681025326242,0.4975241980153395,0.13634347590658644
ef_burn_tree_N2O_scale,total,0.2990691896113761,0.2990691896113761,0.29609839811114724,0.08774626478644676
ef_burn_tree_CH4_scale,total,1.210833325972285,1.210833325972285,1.1113478562293535,0.3307777007663152
ef_N_inputs,total,-3.307138131697363,4.507747229207466,3.7212365324089456,0.7217486849318736
combustion_factor_crop,total,-0.8645835394304795,0.8867712853161238,0.6577616562307673,0.1810780383796573
combustion_factor_tree,total,1.6572077298019614,1.6572077298019614,1.6077668057887846,0.4694996977425015
volatile_frac_organic_fertiliser,total,-0.14377128254870572,0.14377128254870572,0.015278122104900227,0.004110166456693685
volatile_frac_synthetic_fertiliser,total,0.8148698444481303,0.8148698444481303,0.08202827193180952,0.025274141026128554
base_sf_qty_scale,total,-6.490687348263234,6.490687348263234,0.5842348556167194,0.19143591509718866
proj_lit_qty_scale,total,-0.1870166495400331,0.762741689789181,0.9767567580348587,0.2263427055534107
base_stand_density_scale,total,0.0,0.0,0.0,0.0
proj_stand_density_scale,total,-25.827156183451187,25.956205505631527,38.974432494718705,13.173403717839493
tree_wood_dens_sp1,total,-22.396466703204226,22.554811121723112,34.747568771865474,10.795020705645818
base_cover,total,13.043431015510333,13.043431015510333,26.083846340507407,9.338047149656706
base_fire_off,total,-1.2442656530329228,1.2442656530329228,4.484610515706759,1.1737592958666834
base_fire_on,total,-1.746642987000126,1.746642987000126,0.2978072447821477,0.09429952994718227
base_mortality,total,0.0,0.0,0.0,0.0
base_sf_n_delta,total,-6.645081635910022,6.645081635910022,0.6823082416808857,0.2275885702576015
base_thinning_delta,total,0.0,0.0,0.0,0.0
crop_base_left_delta,total,6.01220742651621,6.01220742651621,2.791797608915077,0.8135789605227585
crop_base_yield_delta,total,1.7561347873054913,2.4234217100577813,3.177655928766045,0.8229797641002432
crop_carbon_above_sp3,total,0.5268559135520567,0.5949028788742842,0.46665399894850557,0.11203831677025035
crop_carbon_below_sp3,total,1.319560063889993,1.3232397261096214,0.7728688835867453,0.23592965800769367
crop_intercept_sp3,total,0.02102116303463388,0.14581449718800918,0.22942836013358173,0.05441370930635277
crop_nitrogen_above_sp3,total,-0.2941825191872713,0.2941825191872713,0.1281311424965785,0.03963820166610693
crop_nitrogen_below_sp3,total,-0.49743534117989474,0.49743534117989474,0.07289807588211492,0.022757456419717565
crop_carbon_above_sp10,total,1.5287730708816043,1.5287730708816043,0.8318094651988904,0.2526397139037269
crop_carbon_below_sp10,total,0.6536569511930586,0.6557302518416114,0.40608807242041106,0.12603637131284998
crop_intercept_sp10,total,0.28569319685845546,0.3396091042681682,0.3382660530156798,0.08067735642268971
crop_nitrogen_above_sp10,total,-0.31982048300015065,0.31982048300015065,0.07109842267679162,0.021345672430883696
crop_nitrogen_below_sp10,total,-0.20100538024451536,0.20100538024451536,0.07033832876425955,0.020942363784690228
crop_proj_left_delta,total,-1.3488287754024086,1.3991904798250487,1.498405414408875,0.4524449195980013
crop_proj_yield_delta,total,3.564814210409761,5.396190889535898,4.837648533831095,0.7874243020112488
crop_root_in_top_30,total,1.311384019699918,1.3470983710056126,1.0538007752227962,0.3193558058148234
crop_root_to_shoot_sp3,total,0.7306133458976486,0.7605697801605598,0.6508866498723274,0.17713246932533652
crop_slope_sp3,total,0.03132848231042673,0.19476703260800715,0.29823706115208803,0.06371988283939059
crop_root_to_shoot_sp10,total,0.561150682020917,0.561150682020917,0.5161977398381065,0.16114882693488355
crop_slope_sp10,total,0.4685818628190851,0.5894289674800796,0.6497068003807617,0.16843944483260687
cy0_to_ceq_multiplier,total,-0.28710594466691014,0.3894295128567289,1.4228508568896934,0.4808834968374096
litter_carbon,total,-1.4044841497085692,1.4044841497085692,0.6943841494013254,0.23047640545708306
litter_nitrogen,total,1.1920290746379136,1.1920290746379136,0.13111140256469192,0.03624096086474632
mortality_fraction_branch_delta,total,-0.35687377747364274,0.35809260486575145,0.466413272450967,0.132363451849281
mortality_fraction_croot_delta,total,-0.1384323923362787,0.1384323923362787,0.16571228527071855,0.050521731099012895
mortality_fraction_froot_delta,total,-0.05536208351802028,0.05726704649457339,0.09947082594505584,0.031713827005504985
mortality_fraction_leaf_delta,total,-0.07707051942257373,0.08471566948101339,0.14188898394241992,0.039670626806556857
mortality_fraction_stem_delta,total,-1.0856629030574676,1.0897924540801758,2.3801092097865726,0.6862478747001565
pool_alloc_froot_sp1,total,-2.416864905922994,2.4686432830665237,6.501261337622986,1.9156214583438913
pool_alloc_leaf_sp1,total,-4.9505840782275055,5.264078823791503,11.7279886469729,3.4631901189011924
pool_alloc_stem_sp1,total,9.918311815261145,21.14410560696912,28.938754919511442,6.346315854207022
pool_turnover_branch_sp1,total,11.678935803031553,11.688225823261575,13.33145793316542,3.3858016974549514
pool_turnover_croot_sp1,total,-4.512760013825161,4.512760013825161,6.383532783270483,1.9688742684801928
pool_turnover_froot_sp1,total,-1.054873524282411,1.3295989147417464,2.7423618045790543,0.705940595037215
pool_turnover_leaf_sp1,total,-1.4399015962038315,1.6539102614589694,2.628690370916087,0.6679960473252474
pool_turnover_stem_sp1,total,383.07879789542454,383.1829768148775,516.1073332467632,151.43144648490977
proj_cover,total,-90.72617209858898,90.72617209858898,183.93865784471467,57.90775359981291
proj_fire_off,total,1.6664870602033084,1.6664870602033084,4.059700114861169,1.284654260483541
proj_fire_on,total,16.51491316849092,16.51491316849092,10.572471461140319,3.405374431142506
proj_mortality,total,22.127155867794688,22.13006943234341,41.31559564022711,13.03749693916442
proj_thinning_delta,total,420.39121867070514,420.39121867070514,554.8773357763138,163.24668989410893
roth_c_cover_c,total,1.0636837722932646,1.1881835873328759,1.7871280161757157,0.5397529789158996
roth_c_dpm_frac_crop,total,-1.15326425485422,1.15326425485422,1.0491593152442429,0.34736252558393665
roth_c_dpm_frac_tree,total,0.7949330740915082,0.7949330740915082,1.0933291262254694,0.38824821240396823
roth_c_moisture_b_slope,total,-15.497590732009225,19.339527893785693,50.39934233731934,15.74808918418423
roth_c_temp_a1,total,13.372003364618632,13.57446250788657,22.094771189021806,6.090152273618401
roth_c_temp_a2,total,-17.70899509121726,18.602563792336852,33.824290841294804,11.31128724647002
thinning_fraction_branch_delta,total,-0.25483252063538187,0.2659240465165749,0.3773428913787248,0.09245041749086283
thinning_fraction_croot_delta,total,-0.10374733124151762,0.10374733124151762,0.1267989083814708,0.03869772245320503
thinning_fraction_froot_delta,total,-0.03332649948993831,0.04171705821040881,0.07167590298146742,0.019333627155244375
thinning_fraction_leaf_delta,total,-0.026559020935230482,0.046595136029873266,0.09072854678410472,0.027539952980655702
thinning_fraction_stem_delta,total,-0.6085982968453926,0.6284156524357989,1.4874142448818803,0.5268738750326684
tree_carbon_sp1,total,-34.280304624649226,34.280304624649226,70.46564925875184,21.34847400476047
tree_nitrogen_branch_sp1,total,0.0653941702755159,0.0653941702755159,0.030500840960412844,0.00839641837289606
tree_nitrogen_croot_sp1,total,0.05071773004929514,0.05071773004929514,0.08270571456371827,0.024284566847963398
tree_nitrogen_froot_sp1,total,1.280719098934062,1.280719098934062,1.1472733772086992,0.3633014206054096
tree_nitrogen_leaf_sp1,total,2.0816047018918487,2.0816047018918487,2.220358745401032,0.6550362792316685
tree_nitrogen_stem_sp1,total,0.1609694530584512,0.1609694530584512,0.067147691121056,0.022453823777999725
tree_root_in_top_30,total,-3.855990380590009,3.8867027649327808,6.080186364864539,1.759897030128819
tree_root_to_shoot_sp1,total,-4.346051813941736,4.346051813941736,9.12030868637568,2.600958539740617
