parameter,year,mu,mu_star,sigma,mu_star_conf
cy0,1,-1.1034854218621526,7.310218178042291,11.82672901193894,3.016475535062048
clay,1,0.6221586943451008,1.9331229641835166,4.417241377304699,1.3083020801966037
temp_ci_delta,1,-0.1120826165243507,0.29356390992684567,0.667658651206677,0.16513632667903072
rain_ci_delta,1,2.282286525775137,5.863811483671153,11.099650791907887,2.9663909337928436
evap_ci_delta,1,0.1430085629895057,2.633035165577927,6.59323819441249,1.9136947451674375
ef_burn_crop_N2O_scale,1,-0.00024922641624378625,0.0014020530064119186,0.0018444832649727161,0.0003714329167183694
ef_burn_crop_CH4_scale,1,-0.001507534407702238,0.004823479065056447,0.006501911200415196,0.0014668917888617209
ef_burn_tree_N2O_scale,1,0.0006301347932406998,0.0006301347932406998,0.00045272340229274397,0.00012180565484459007
ef_burn_tree_CH4_scale,1,0.0022801317798915475,0.0022801317798915475,0.0015874279873321036,0.0005076551026955753
ef_N_inputs,1,-0.11243416633856462,0.11243416633856462,0.014814660061962212,0.004647920991970836
combustion_factor_crop,1,-0.0012512126819984814,0.007176639844419697,0.010253720701599588,0.002312065614396493
combustion_factor_tree,1,0.003292818548671761,0.003292818548671761,0.0019931044342618017,0.0006493433778093855
volatile_frac_organic_fertiliser,1,-0.002875425650969987,0.002875425650969987,0.0003055624420968266,8.22033291339001e-05
volatile_frac_synthetic_fertiliser,1,0.01629739688896521,0.01629739688896521,0.0016405654386386023,0.0005054828205238223
base_sf_qty_scale,1,-0.12981374696526088,0.12981374696526088,0.011684697112333334,0.003828718301943846
proj_lit_qty_scale,1,-0.1958873386935526,0.1958873386935526,0.03481198383896351,0.011550748326822407
base_stand_density_scale,1,0.0,0.0,0.0,0.0
proj_stand_density_scale,1,-38.21263235867647,38.21263235867647,3.33465666822224,1.2044831124599775
tree_wood_dens_sp1,1,-38.7756643337693,38.7756643337693,3.7483761980447903,1.1103892732014693
base_cover,1,7.040083589916556,7.040083589916556,9.43745388301006,3.107356953555679
base_fire_off,1,-0.024885313060656954,0.024885313060656954,0.08969221031413037,0.023475185917332383
base_fire_on,1,-0.03493285974000528,0.03493285974000528,0.005956144895641054,0.0018859905989431235
base_mortality,1,0.0,0.0,0.0,0.0
base_sf_n_delta,1,-0.13290163271819785,0.13290163271819785,0.013646164833617535,0.004551771405152228
base_thinning_delta,1,0.0,0.0,0.0,0.0
crop_base_left_delta,1,0.7879700972179347,0.7879700972179347,0.48925629139271176,0.1467406607246179
crop_base_yield_delta,1,0.9383667842782962,0.9383667842782962,0.6986253096635662,0.21005389498699606
crop_carbon_above_sp3,1,0.018175413591688994,0.03775216239661461,0.058351210103825976,0.014252929239791955
crop_carbon_below_sp3,1,0.054749862743573276,0.0670530493997358,0.1012409616350601,0.031175141679390415
crop_intercept_sp3,1,0.0013093853483741925,0.016906235818037275,0.027934918081878125,0.00632999035961835
crop_nitrogen_above_sp3,1,-0.0013829849470191392,0.0020823640549878066,0.0022678518451468162,0.0005020846647997705
crop_nitrogen_below_sp3,1,-0.0031851691322700047,0.0031851691322700047,0.0007438279445829716,0.00023880611581184464
crop_carbon_above_sp10,1,0.01390705193836439,0.09209526289400358,0.1686925617294277,0.04564665839787978
crop_carbon_below_sp10,1,0.011143325006653982,0.04052860746580791,0.07836005872541583,0.022609498529775444
crop_intercept_sp10,1,0.010694865666323139,0.02919974978743305,0.07509712238488282,0.02189757355527994
crop_nitrogen_above_sp10,1,-0.00022899482430602803,0.0015789172150270758,0.0018849667345599032,0.000330620093882639
crop_nitrogen_below_sp10,1,-8.441088794555184e-05,0.0008590760851021173,0.0011558114040053841,0.00026372450582357726
crop_proj_left_delta,1,-0.6953649428362845,0.6953649428362845,0.14236694886364878,0.04448645018110645
crop_proj_yield_delta,1,-0.789786121704853,0.789786121704853,0.20021817680756537,0.05812074700664882
crop_root_in_top_30,1,0.04415190564637683,0.06537135873545807,0.0947922288583122,0.02986023136170553
crop_root_to_shoot_sp3,1,0.029596885348293255,0.040449911091808136,0.038206506257579084,0.007919157794653443
crop_slope_sp3,1,0.020119348075503397,0.028484600397901617,0.06928736248793185,0.01824922676719513
crop_root_to_shoot_sp10,1,0.03496292947579462,0.05112782954039972,0.14050704428287156,0.04316130447183995
crop_slope_sp10,1,-0.010146883170355636,0.061306262852264835,0.07447511212340095,0.012502300717169327
cy0_to_ceq_multiplier,1,0.3321063993605847,0.7051670830800951,1.7089245809553615,0.4703325717650473
litter_carbon,1,-0.22277213665375478,0.22277213665375478,0.032783427551334066,0.01045281298027614
litter_nitrogen,1,0.023840581492760648,0.023840581492760648,0.002622228051291743,0.000724819217294073
mortality_fraction_branch_delta,1,0.0,0.0,0.0,0.0
mortality_fraction_croot_delta,1,0.0,0.0,0.0,0.0
mortality_fraction_froot_delta,1,0.0,0.0,0.0,0.0
mortality_fraction_leaf_delta,1,0.0,0.0,0.0,0.0
mortality_fraction_stem_delta,1,0.0,0.0,0.0,0.0
pool_alloc_froot_sp1,1,-2.699853116710977,2.699853116710977,0.2943329341113938,0.08594135712122626
pool_alloc_leaf_sp1,1,-2.6804966618752215,2.6804966618752215,0.251719661328959,0.07295259287395052
pool_alloc_stem_sp1,1,-4.9416002722590875,4.9416002722590875,0.6024926366083759,0.2007283257699467
pool_turnover_branch_sp1,1,0.0,0.0,0.0,0.0
pool_turnover_croot_sp1,1,0.0,0.0,0.0,0.0
pool_turnover_froot_sp1,1,0.0,0.0,0.0,0.0
pool_turnover_leaf_sp1,1,0.0,0.0,0.0,0.0
pool_turnover_stem_sp1,1,0.0,0.0,0.0,0.0
proj_cover,1,-8.182431579910133,8.182431579910133,13.86839290819251,4.26724678838528
proj_fire_off,1,0.05973419738979189,0.05973419738979189,0.12463274165293116,0.03769705162639058
proj_fire_on,1,0.06644873313502941,0.06644873313502941,0.007857763630849363,0.0025470416054079385
proj_mortality,1,0.0,0.0,0.0,0.0
proj_thinning_delta,1,0.0,0.0,0.0,0.0
roth_c_cover_c,1,0.044118242763278206,0.12606675860368668,0.25900295737505047,0.07414750255090267
roth_c_dpm_frac_crop,1,-0.04955061978200419,0.11491610314346161,0.31949157689723656,0.09343287291151393
roth_c_dpm_frac_tree,1,0.07043387237882684,0.07064206482591473,0.3247134720666037,0.09967275529762945
roth_c_moisture_b_slope,1,-0.17218087425316356,0.9533901871270934,1.9445731878360029,0.5015221797746525
roth_c_temp_a1,1,-0.0769966953771295,0.4268246066970868,0.8398243361738524,0.21983670510693573
roth_c_temp_a2,1,0.158282590321069,0.6047364452929642,1.402845753061676,0.35976557232329415
thinning_fraction_branch_delta,1,0.0,0.0,0.0,0.0
thinning_fraction_croot_delta,1,0.0,0.0,0.0,0.0
thinning_fraction_froot_delta,1,0.0,0.0,0.0,0.0
thinning_fraction_leaf_delta,1,0.0,0.0,0.0,0.0
thinning_fraction_stem_delta,1,0.0,0.0,0.0,0.0
tree_carbon_sp1,1,-38.27817189409821,38.27817189409821,3.33495695868266,0.9832780530952039
tree_nitrogen_branch_sp1,1,0.0,0.0,0.0,0.0
tree_nitrogen_croot_sp1,1,0.0,0.0,0.0,0.0
tree_nitrogen_froot_sp1,1,0.0,0.0,0.0,0.0
tree_nitrogen_leaf_sp1,1,0.0,0.0,0.0,0.0
tree_nitrogen_stem_sp1,1,0.0,0.0,0.0,0.0
tree_root_in_top_30,1,0.0,0.0,0.0,0.0
tree_root_to_shoot_sp1,1,-4.9386933086210245,4.9386933086210245,0.6746286989763062,0.2040751006644948
cy0,2,-0.6055602733686023,4.176920505494897,6.434787765453426,1.5756639753809947
clay,2,0.17785478982808461,0.7176867586948967,1.7060472613084579,0.4895721238286925
temp_ci_delta,2,-0.00904377030374488,0.13492405807313,0.2983939879557579,0.07404603215167276
rain_ci_delta,2,1.8602391901316835,3.9614084365733477,7.04769063649014,1.8722059735554824
evap_ci_delta,2,0.06848527133849758,1.8764649659681265,4.515210606388644,1.2819198706234316
ef_burn_crop_N2O_scale,2,-0.0002492264162413882,0.0014020530064119186,0.0018444832649696314,0.00037143291671640823
ef_burn_crop_CH4_scale,2,-0.0015075344077016383,0.004823479065053182,0.006501911200413209,0.0014668917888622317
ef_burn_tree_N2O_scale,2,0.0006301347932365697,0.0006301347932365697,0.0004527234022886512,0.00012180565484336479
ef_burn_tree_CH4_scale,2,0.002280131779891681,0.002280131779891681,0.0015874279873305428,0.000507655102695706
ef_N_inputs,2,-0.11243416633855943,0.11243416633855943,0.014814660061965194,0.004647920991971948
combustion_factor_crop,2,-0.0012512126820002135,0.007176639844418764,0.010253720701596252,0.0023120656143937987
combustion_factor_tree,2,0.003292818548671761,0.003292818548671761,0.0019931044342591004,0.0006493433778103234
volatile_frac_organic_fertiliser,2,-0.0028754256509725185,0.0028754256509725185,0.0003055624420980957,8.220332913385374e-05
volatile_frac_synthetic_fertiliser,2,0.01629739688896308,0.01629739688896308,0.001640565438635799,0.00050548282052237
base_sf_qty_scale,2,-0.12981374696526388,0.12981374696526388,0.011684697112334308,0.0038287183019436372
proj_lit_qty_scale,2,-0.12488775322216492,0.12488775322216492,0.058638633440000545,0.01986634296933285
base_stand_density_scale,2,0.0,0.0,0.0,0.0
proj_stand_density_scale,2,6.594121990493456,6.594121990493456,1.871028455655268,0.6412661176752263
tree_wood_dens_sp1,2,6.870296829868984,6.870296829868984,1.637582194800494,0.5004108184349488
base_cover,2,4.259948934120614,4.259948934120614,5.600291391044898,1.789540916491714
base_fire_off,2,-0.024885313060658686,0.024885313060658686,0.0896922103141359,0.023475185917333826
base_fire_on,2,-0.03493285974000142,0.03493285974000142,0.005956144895641894,0.0018859905989431919
base_mortality,2,0.0,0.0,0.0,0.0
base_sf_n_delta,2,-0.13290163271820085,0.13290163271820085,0.013646164833617839,0.004551771405151953
base_thinning_delta,2,0.0,0.0,0.0,0.0
crop_base_left_delta,2,0.4972224661978644,0.4972224661978644,0.23109328331831067,0.0713433854279228
crop_base_yield_delta,2,0.5231154493390331,0.5231154493390331,0.31000365839224964,0.09218912068510922
crop_carbon_above_sp3,2,0.008160335084803938,0.02921717105877204,0.03915272871137029,0.008007843436471556
crop_carbon_below_sp3,2,0.023053778855580707,0.0466697720833561,0.05543629434892962,0.012810491264361531
crop_intercept_sp3,2,-0.0005522480026023402,0.014843700822218775,0.022657015366785316,0.0048533688055327415
crop_nitrogen_above_sp3,2,-0.0013829849470195388,0.002082364054989805,0.002267851845147709,0.0005020846648000638
crop_nitrogen_below_sp3,2,-0.0031851691322619447,0.0031851691322619447,0.0007438279445794076,0.00023880611581129753
crop_carbon_above_sp10,2,-0.0023391643397689286,0.06440627285938423,0.09555045524636185,0.023368885937685022
crop_carbon_below_sp10,2,0.0004751146349617708,0.03135040471579316,0.047834164218818406,0.011572299798690237
crop_intercept_sp10,2,0.0016285411135193995,0.018089386363037297,0.033144631841677354,0.008899074180182726
crop_nitrogen_above_sp10,2,-0.00022899482431668617,0.0015789172150294738,0.0018849667345630446,0.0003306200938848239
crop_nitrogen_below_sp10,2,-8.441088795494434e-05,0.0008590760851009849,0.0011558114040079988,0.0002637245058244564
crop_proj_left_delta,2,-0.48317178844695174,0.48317178844695174,0.14971956565171307,0.04678859465203613
crop_proj_yield_delta,2,-0.4907733612059939,0.4907733612059939,0.2062850308479925,0.060996107488315986
crop_root_in_top_30,2,0.022549715083522503,0.05255676596735972,0.06821985529953,0.017751910227306898
crop_root_to_shoot_sp3,2,0.014799297229929764,0.03472617813550769,0.04056711605848158,0.0074339398275386605
crop_slope_sp3,2,0.008458855922849718,0.01847105405225531,0.03342333066724284,0.008071935922242783
crop_root_to_shoot_sp10,2,0.012188839693904852,0.026881543844745746,0.05684328396289041,0.01625316305353337
crop_slope_sp10,2,-0.006935380506829914,0.043680551941000755,0.05673877525507,0.011236478863545974
cy0_to_ceq_multiplier,2,-0.01128993389290569,0.12708207995280346,0.3105045115512473,0.08354561136818364
litter_carbon,2,-0.15533526992130203,0.15533526992130203,0.054237482002420276,0.016823122470344485
litter_nitrogen,2,0.02384058149275665,0.02384058149275665,0.0026222280512915434,0.0007248192172946094
mortality_fraction_branch_delta,2,0.0,0.0,0.0,0.0
mortality_fraction_croot_delta,2,0.0,0.0,0.0,0.0
mortality_fraction_froot_delta,2,0.0,0.0,0.0,0.0
mortality_fraction_leaf_delta,2,0.0,0.0,0.0,0.0
mortality_fraction_stem_delta,2,0.0,0.0,0.0,0.0
pool_alloc_froot_sp1,2,2.1199974922866316,2.1199974922866316,0.25082925673158046,0.07361611803938063
pool_alloc_leaf_sp1,2,2.5450419190402007,2.5450419190402007,0.25471390667259947,0.07374634994322812
pool_alloc_stem_sp1,2,1.4753839938343538,1.5985455945512326,1.3149549920660477,0.3311562948770636
pool_turnover_branch_sp1,2,0.4348779451977872,0.4348779451977872,0.07450899966363528,0.020506001885275082
pool_turnover_croot_sp1,2,5.155840806581617,5.155840806581617,0.7765314003002866,0.2514031181354087
pool_turnover_froot_sp1,2,2.2585306380447174,2.2585306380447174,0.2817066973199182,0.10408418439127343
pool_turnover_leaf_sp1,2,1.4873073634937262,1.4873073634937262,0.20434246338343343,0.06344925713717896
pool_turnover_stem_sp1,2,19.23518178804216,19.23518178804216,2.860617693550886,0.927260426977779
proj_cover,2,-4.888586895431053,4.888586895431053,7.337492042211665,2.2763453411467065
proj_fire_off,2,0.059734197389792555,0.059734197389792555,0.12463274165293224,0.037697051626390775
proj_fire_on,2,0.06644873313502649,0.06644873313502649,0.007857763630846823,0.002547041605407403
proj_mortality,2,0.6352066967824498,0.6352066967824498,0.0735539192873065,0.021492544105818
proj_thinning_delta,2,15.948003965303382,15.948003965303382,10.76200245997578,3.3028694233148763
roth_c_cover_c,2,0.01612155487672573,0.052839335141647535,0.07502964648469813,0.015129279404002943
roth_c_dpm_frac_crop,2,0.00032635213628959823,0.11882648311588598,0.19899012120034942,0.049840275698975
roth_c_dpm_frac_tree,2,0.02708207430371621,0.027180959999274012,0.08109620755020348,0.025084070377501395
roth_c_moisture_b_slope,2,-0.2286028266532459,0.7039217790925115,1.3723754391590042,0.35672883919685155
roth_c_temp_a1,2,0.0553466544673354,0.20643449310617212,0.3958871032424451,0.10155319229925827
roth_c_temp_a2,2,-0.07429217900256453,0.34501761240717876,0.661488896894735,0.15368051453128226
thinning_fraction_branch_delta,2,0.0,0.0,0.0,0.0
thinning_fraction_croot_delta,2,0.0,0.0,0.0,0.0
thinning_fraction_froot_delta,2,0.0,0.0,0.0,0.0
thinning_fraction_leaf_delta,2,0.0,0.0,0.0,0.0
thinning_fraction_stem_delta,2,0.0,0.0,0.0,0.0
tree_carbon_sp1,2,6.992913235873582,6.992913235873582,1.873764504524656,0.6144777272714016
tree_nitrogen_branch_sp1,2,0.0,0.0,0.0,0.0
tree_nitrogen_croot_sp1,2,0.0,0.0,0.0,0.0
tree_nitrogen_froot_sp1,2,0.0,0.0,0.0,0.0
tree_nitrogen_leaf_sp1,2,0.0,0.0,0.0,0.0
tree_nitrogen_stem_sp1,2,0.0,0.0,0.0,0.0
tree_root_in_top_30,2,0.0,0.0,0.0,0.0
tree_root_to_shoot_sp1,2,0.3453801204563784,0.397072416324013,0.3565114042380768,0.09517857806881788
cy0,3,-0.41722664864680237,3.0746302984898732,4.780748292906456,1.1304500890965201
clay,3,-0.8206130922370745,1.3625399418813051,2.093654966844235,0.6047126445750267
temp_ci_delta,3,0.7914681781687382,0.8101679081790445,0.483315013218285,0.12991267843842805
rain_ci_delta,3,6.95111977593902,8.255364144369151,11.148902142516214,2.9701840601837772
evap_ci_delta,3,-2.483446053779622,3.6448832551173274,6.90366588936524,1.8616173949026646
ef_burn_crop_N2O_scale,3,-0.0002492264162413882,0.0014020530064117853,0.0018444832649696056,0.00037143291671644965
ef_burn_crop_CH4_scale,3,-0.0015075344077006391,0.0048234790650561795,0.006501911200415394,0.001466891788862161
ef_burn_tree_N2O_scale,3,0.013293291154786035,0.013293291154786035,0.0103668735308864,0.003048327430142082
ef_burn_tree_CH4_scale,3,0.04713246210367068,0.04713246210367068,0.03695249442516303,0.012580466850797795
ef_N_inputs,3,0.009110621983096057,0.016527276277984348,0.01831932546521353,0.00361875015757546
combustion_factor_crop,3,-0.001251212681999031,0.0071766398444182145,0.010253720701595791,0.0023120656143937575
combustion_factor_tree,3,0.06629465483626891,0.06629465483626891,0.042707467499705457,0.013878439903570131
volatile_frac_organic_fertiliser,3,-0.002875425650973651,0.002875425650973651,0.00030556244209754585,8.220332913378892e-05
volatile_frac_synthetic_fertiliser,3,0.01629739688896188,0.01629739688896188,0.0016405654386361167,0.0005054828205225437
base_sf_qty_scale,3,-0.12981374696526463,0.12981374696526463,0.011684697112334394,0.003828718301943657
proj_lit_qty_scale,3,-0.08992242458757793,0.08992242458757793,0.06272874674868927,0.021628988050855804
base_stand_density_scale,3,0.0,0.0,0.0,0.0
proj_stand_density_scale,3,-4.151370292115885,4.151370292115885,1.3746116953886731,0.45996185853844085
tree_wood_dens_sp1,3,-4.045268691147584,4.045268691147584,1.3123124833615998,0.37269889441648846
base_cover,3,3.2259923572631153,3.2259923572631153,4.096907991893762,1.2916309958503016
base_fire_off,3,-0.024885313060658488,0.024885313060658488,0.08969221031413531,0.0234751859173337
base_fire_on,3,-0.03493285974000169,0.03493285974000169,0.005956144895643031,0.001885990598943583
base_mortality,3,0.0,0.0,0.0,0.0
base_sf_n_delta,3,-0.13290163271820052,0.13290163271820052,0.013646164833617656,0.004551771405152035
base_thinning_delta,3,0.0,0.0,0.0,0.0
crop_base_left_delta,3,0.38887105515767795,0.38887105515767795,0.1680455760084815,0.053473478206299226
crop_base_yield_delta,3,0.3664269586817685,0.3664269586817685,0.21373800936410817,0.06380190859992656
crop_carbon_above_sp3,3,0.004369878882275069,0.026226159510875657,0.03487225208086814,0.007051543089370205
crop_carbon_below_sp3,3,0.013113616298987602,0.0396517251136626,0.04929839084917033,0.010824507914595188
crop_intercept_sp3,3,-0.0011799889876431102,0.013596027537051114,0.02074736453911434,0.004516277571341609
crop_nitrogen_above_sp3,3,-0.0013829849470182731,0.002082364054988672,0.00226785184514667,0.0005020846647994598
crop_nitrogen_below_sp3,3,-0.003185169132260379,0.003185169132260379,0.0007438279445784608,0.00023880611581085986
crop_carbon_above_sp10,3,-0.007686581313325802,0.05354500439168375,0.07242885293334665,0.01688997329403567
crop_carbon_below_sp10,3,-0.0028946611853645663,0.0277809081136297,0.03882020200451085,0.00813442734859234
crop_intercept_sp10,3,-0.001419058819447616,0.014140212943987086,0.02222846933417567,0.00540107611372213
crop_nitrogen_above_sp10,3,-0.00022899482431636974,0.0015789172150287578,0.001884966734562699,0.00033062009388518663
crop_nitrogen_below_sp10,3,-8.441088795444474e-05,0.0008590760851016843,0.0011558114040099373,0.00026372450582534576
crop_proj_left_delta,3,-0.4013076385212129,0.4013076385212129,0.15474263684633552,0.04799394959907075
crop_proj_yield_delta,3,-0.371267689780152,0.371267689780152,0.2091620630218129,0.06119781770425106
crop_root_in_top_30,3,0.015110193765518597,0.047767141872817644,0.06646479387827973,0.01651760940568377
crop_root_to_shoot_sp3,3,0.009792867257445059,0.03173424045455906,0.041019869828583744,0.008128704633310663
crop_slope_sp3,3,0.0037029637920561686,0.014463802156519767,0.021418974158309265,0.004603659582288033
crop_root_to_shoot_sp10,3,0.004000063733516024,0.018007379124804945,0.030997376818388492,0.007761550330010435
crop_slope_sp10,3,-0.004468108376846258,0.03636537693134696,0.04987492371364141,0.010498966651896594
cy0_to_ceq_multiplier,3,-0.08043982896104492,0.17554766029407443,0.4595144601276489,0.1238027839534089
litter_carbon,3,-0.12071836328893362,0.12071836328893362,0.05876683338121868,0.018094282739936064
litter_nitrogen,3,0.02384058149275865,0.02384058149275865,0.002622228051294353,0.0007248192172950126
mortality_fraction_branch_delta,3,-0.12774738378089676,0.12774738378089676,0.03260554379353575,0.0091423540560275
mortality_fraction_croot_delta,3,-0.053800787824874206,0.053800787824874206,0.013213169931696208,0.004439175115008558
mortality_fraction_froot_delta,3,-0.027595547116938863,0.027595547116938863,0.006615386005577836,0.0019133971396322587
mortality_fraction_leaf_delta,3,-0.04116917348161986,0.04116917348161986,0.008257164421353803,0.002562183401557323
mortality_fraction_stem_delta,3,-0.29644560671160536,0.29644560671160536,0.0598034316279589,0.019114086888402118
pool_alloc_froot_sp1,3,-1.0871349300536033,1.0871349300536033,0.2117691821371029,0.06298246472324402
pool_alloc_leaf_sp1,3,-1.886712859635887,1.886712859635887,0.3431051603200565,0.090415211417298
pool_alloc_stem_sp1,3,0.3676278348800476,0.7101739380545202,0.7606098193831003,0.13254623150049197
pool_turnover_branch_sp1,3,0.1974518049456017,0.1974518049456017,0.06991240170637937,0.019913287790277033
pool_turnover_croot_sp1,3,-2.8616614714941524,2.8616614714941524,0.6073020896204536,0.20750161318141258
pool_turnover_froot_sp1,3,-1.2115611344075154,1.2115611344075154,0.28497299436269485,0.09926647156540727
pool_turnover_leaf_sp1,3,-1.0778968472958688,1.0778968472958688,0.2606487917864432,0.08086208131252609
pool_turnover_stem_sp1,3,6.481967476769903,6.481967476769903,3.078659539067408,0.961523067404551
proj_cover,3,-9.416339395319888,9.416339395319888,11.179701237957502,3.501520367606753
proj_fire_off,3,0.05973419738979189,0.05973419738979189,0.12463274165293102,0.03769705162639049
proj_fire_on,3,0.6475645031282166,0.6475645031282166,0.14050719787481192,0.044390347122801634
proj_mortality,3,0.42174815686884204,0.42174815686884204,0.09085149882324965,0.025223809827277087
proj_thinning_delta,3,10.149137508415917,10.149137508415917,6.988970740200965,2.1239076465401987
roth_c_cover_c,3,0.07048001510184673,0.08773421013724422,0.09395214409519163,0.023988624154000483
roth_c_dpm_frac_crop,3,0.01450981639547988,0.09893966517898758,0.15825171222631476,0.03867216197829063
roth_c_dpm_frac_tree,3,0.4480806241881325,0.4480806241881325,0.08747067933985625,0.029762919823626884
roth_c_moisture_b_slope,3,-1.7915617266649408,2.055564881376794,2.1042886160269116,0.5330416326909175
roth_c_temp_a1,3,1.1487069667716727,1.158114783354129,0.7007399770031761,0.19644752443987532
roth_c_temp_a2,3,-2.853146932721617,2.8583041798056836,1.2964914271948864,0.35503445247271237
thinning_fraction_branch_delta,3,-0.15978041678177043,0.15978041678177043,0.2225886935342945,0.06470533410178746
thinning_fraction_croot_delta,3,-0.08329023255833248,0.08329023255833248,0.09542516017028485,0.027739195712550038
thinning_fraction_froot_delta,3,-0.03688952193438767,0.03688952193438767,0.049422747062705,0.016069954969752158
thinning_fraction_leaf_delta,3,-0.06904747822542087,0.06904747822542087,0.08077780347207249,0.02553654986989784
thinning_fraction_stem_delta,3,-0.5109649182386355,0.5109649182386355,0.5547056635280593,0.17719180791946315
tree_carbon_sp1,3,-4.282867079000178,4.282867079000178,1.416371431642394,0.43154071546288264
tree_nitrogen_branch_sp1,3,0.0024393833516129283,0.0024393833516129283,0.0008579119572877282,0.0002770384534086022
tree_nitrogen_croot_sp1,3,0.0015719293501062382,0.0015719293501062382,0.0008704991604277557,0.00025164951513583975
tree_nitrogen_froot_sp1,3,0.04366133064559603,0.04366133064559603,0.007290529734585055,0.001990302588106113
tree_nitrogen_leaf_sp1,3,0.06509850938188336,0.06509850938188336,0.00824097015400635,0.00256582023965301
tree_nitrogen_stem_sp1,3,0.009647438875351527,0.009647438875351527,0.004681056326653862,0.0012434564072154536
tree_root_in_top_30,3,-1.4730937926184373,1.4730937926184373,0.31933833458823996,0.10065345945987617
tree_root_to_shoot_sp1,3,-0.1515808335473599,0.24560721307892544,0.2870902948213004,0.06300881267020939
cy0,4,-0.33768349752560717,2.6512643139446133,4.174360275653542,0.9644601674751063
clay,4,-1.2142846895473625,1.9580696078324835,2.8644853312634986,0.8004171722007378
temp_ci_delta,4,1.2226781987572888,1.2235947057512355,0.5511913449071894,0.164963918099781
rain_ci_delta,4,10.659897642420747,11.63025104735937,15.200250134448996,4.1986617425337105
evap_ci_delta,4,-4.086262634222996,4.940707464624796,9.34600168466648,2.521283054506277
ef_burn_crop_N2O_scale,4,-0.0002492264162412633,0.0014020530064103615,0.0018444832649685,0.0003714329167164818
ef_burn_crop_CH4_scale,4,-0.0015075344077004143,0.0048234790650553555,0.006501911200415127,0.0014668917888623733
ef_burn_tree_N2O_scale,4,0.012259106892419883,0.012259106892419883,0.009231360157454927,0.00267419768814069
ef_burn_tree_CH4_scale,4,0.04403582320694434,0.04403582320694434,0.03348700859669411,0.01130489680778042
ef_N_inputs,4,0.0012140625878021964,0.013101602352478347,0.017285588184055428,0.003434590750915517
combustion_factor_crop,4,-0.0012512126820000634,0.007176639844417815,0.010253720701595696,0.002312065614393835
combustion_factor_tree,4,0.06140047690925119,0.06140047690925119,0.037800153791282425,0.01222046825047901
volatile_frac_organic_fertiliser,4,-0.0028754256509745334,0.0028754256509745334,0.00030556244209824766,8.220332913395415e-05
volatile_frac_synthetic_fertiliser,4,0.016297396888963058,0.016297396888963058,0.0016405654386366009,0.0005054828205226135
base_sf_qty_scale,4,-0.1298137469652642,0.1298137469652642,0.011684697112335543,0.003828718301944126
proj_lit_qty_scale,4,-0.06938830412564392,0.0699120298259025,0.059000580274053624,0.020388507502071506
base_stand_density_scale,4,0.0,0.0,0.0,0.0
proj_stand_density_scale,4,-2.2613228570311277,2.570230732445119,2.0473964822766066,0.5217773446352403
tree_wood_dens_sp1,4,-2.036967860372069,2.2173423714527782,1.901104905697199,0.5318842059317872
base_cover,4,2.7313741912459935,2.7313741912459935,3.3997774218970878,1.0720279963026296
base_fire_off,4,-0.024885313060658488,0.024885313060658488,0.08969221031413531,0.0234751859173337
base_fire_on,4,-0.03493285974000253,0.03493285974000253,0.005956144895642773,0.0018859905989435793
base_mortality,4,0.0,0.0,0.0,0.0
base_sf_n_delta,4,-0.13290163271820005,0.13290163271820005,0.013646164833617247,0.004551771405151727
base_thinning_delta,4,0.0,0.0,0.0,0.0
crop_base_left_delta,4,0.330445846159012,0.330445846159012,0.1446666295292959,0.04654805537546174
crop_base_yield_delta,4,0.28483183988731786,0.28483183988731786,0.18002313272568524,0.05468168559760643
crop_carbon_above_sp3,4,0.002880028780168839,0.023087955546138357,0.031180208945731078,0.006425673444323766
crop_carbon_below_sp3,4,0.009555401020431958,0.034238788383011406,0.04468093545269364,0.01006357394088851
crop_intercept_sp3,4,-0.0012972209204520108,0.011948768135203671,0.018398036063631558,0.0040566889343697475
crop_nitrogen_above_sp3,4,-0.0013829849470189475,0.00208236405498968,0.0022678518451473965,0.0005020846647996811
crop_nitrogen_below_sp3,4,-0.0031851691322605956,0.0031851691322605956,0.0007438279445779469,0.00023880611581081213
crop_carbon_above_sp10,4,-0.00867780851408757,0.04541917551329522,0.060069549808815716,0.01388747556781436
crop_carbon_below_sp10,4,-0.00361733444833246,0.024226998438154606,0.033299466426893964,0.006634057959438975
crop_intercept_sp10,4,-0.002235500470126145,0.011770643170733425,0.01843268052164679,0.004330926641110271
crop_nitrogen_above_sp10,4,-0.0002289948243160783,0.0015789172150286828,0.0018849667345621414,0.0003306200938847436
crop_nitrogen_below_sp10,4,-8.4410887953279e-05,0.0008590760851022505,0.0011558114040097138,0.0002637245058249367
crop_proj_left_delta,4,-0.34837183281446527,0.34837183281446527,0.1464850188382795,0.045129570348194196
crop_proj_yield_delta,4,-0.2998886097853943,0.2998886097853943,0.1951799601459595,0.05650044970751745
crop_root_in_top_30,4,0.01176643306488552,0.04230059020560232,0.061465935909246205,0.015088631447979525
crop_root_to_shoot_sp3,4,0.007729751999527806,0.027830321097154213,0.03751129509455006,0.007791354388580361
crop_slope_sp3,4,0.0015805760297998351,0.011693515554156781,0.016578956192926972,0.0034187733038347767
crop_root_to_shoot_sp10,4,0.0011245862231173936,0.013710915609164783,0.02279077981895281,0.005320385793362249
crop_slope_sp10,4,-0.0028281700085344085,0.03077017346801671,0.04338194642321227,0.009258290329651994
cy0_to_ceq_multiplier,4,-0.07645288463631125,0.19357733878904834,0.4645718609746326,0.12281925130331714
litter_carbon,4,-0.0996705596169741,0.0996705596169741,0.05591469769332698,0.017129667993149283
litter_nitrogen,4,0.023840581492757883,0.023840581492757883,0.0026222280512939373,0.0007248192172949874
mortality_fraction_branch_delta,4,-0.08582011936746736,0.08582011936746736,0.038348570398625145,0.011282998680430593
mortality_fraction_croot_delta,4,-0.03666398091062084,0.03666398091062084,0.015683034416288853,0.00512720084696767
mortality_fraction_froot_delta,4,-0.017052914854692344,0.017052914854692344,0.008284731161191142,0.0025451616387906413
mortality_fraction_leaf_delta,4,-0.02685970773399044,0.02685970773399044,0.011746769918508624,0.0035133272134471607
mortality_fraction_stem_delta,4,-0.19749151706643336,0.19749151706643336,0.08367278996007838,0.027360058804610267
pool_alloc_froot_sp1,4,-0.7029155042958342,0.7029155042958342,0.29130482802209384,0.09000788683344577
pool_alloc_leaf_sp1,4,-1.2296699084259948,1.2296699084259948,0.4787899873365778,0.1245734202369722
pool_alloc_stem_sp1,4,0.8363303541698187,1.18107511342388,1.1930468723478405,0.25862788147663784
pool_turnover_branch_sp1,4,0.3527125170983433,0.3527125170983433,0.1128107460798734,0.031902797634342964
pool_turnover_croot_sp1,4,-1.8761448155185214,1.8761448155185214,0.6436065104427217,0.21163261915050496
pool_turnover_froot_sp1,4,-0.7981578448981899,0.7981578448981899,0.3229632117758278,0.11128049968770591
pool_turnover_leaf_sp1,4,-0.6981420794383666,0.6981420794383666,0.3254996590639589,0.0956214215935914
pool_turnover_stem_sp1,4,12.795763519349176,12.795763519349176,4.486409611885059,1.4212086478583532
proj_cover,4,-12.776055710734484,12.776055710734484,14.791493852604292,4.646825944120861
proj_fire_off,4,0.05973419738979182,0.05973419738979182,0.1246327416529311,0.037697051626390476
proj_fire_on,4,0.6085826698574,0.6085826698574,0.1061005066209297,0.033525868319620934
proj_mortality,4,0.5331045877488171,0.5331045877488171,0.1267253897279033,0.0360514540358231
proj_thinning_delta,4,12.745263545531403,12.745263545531403,8.761288189255449,2.663828170553442
roth_c_cover_c,4,0.11277408672856457,0.12238969935560569,0.11730568755991694,0.03238963223165078
roth_c_dpm_frac_crop,4,0.016584733369712272,0.08183742364264002,0.1367270419397145,0.034205840949003447
roth_c_dpm_frac_tree,4,0.3374765429210028,0.3374765429210028,0.15661044897330365,0.04414137020888984
roth_c_moisture_b_slope,4,-2.9868802788498803,3.1326880607840497,3.0600991780035693,0.8304072187416167
roth_c_temp_a1,4,1.6479816346179015,1.6479816346179015,0.6539599327089429,0.19937809063430612
roth_c_temp_a2,4,-4.110166782024712,4.110166782024712,1.3435527535006158,0.3893856163024288
thinning_fraction_branch_delta,4,-0.10070613068020598,0.10070613068020598,0.14313367509156108,0.041523839655258805
thinning_fraction_croot_delta,4,-0.04922298077642102,0.04922298077642102,0.06101101560466026,0.01893589229470149
thinning_fraction_froot_delta,4,-0.022939707630857044,0.022939707630857044,0.03112955114646642,0.009716959860718443
thinning_fraction_leaf_delta,4,-0.040757001987695864,0.040757001987695864,0.04820300881375148,0.015585222936672246
thinning_fraction_stem_delta,4,-0.2715876826776633,0.2715876826776633,0.3074772131641736,0.09670466172712587
tree_carbon_sp1,4,-2.3570476448712627,2.5672160152966015,2.124544862235199,0.571941905677249
tree_nitrogen_branch_sp1,4,0.0023696211023144413,0.0023696211023144413,0.0007374321479795315,0.00023995508850581187
tree_nitrogen_croot_sp1,4,0.0014863850396866275,0.0014863850396866275,0.0008441136118705404,0.00024110996790084114
tree_nitrogen_froot_sp1,4,0.041178479624556036,0.041178479624556036,0.007173532261097934,0.002103410627303977
tree_nitrogen_leaf_sp1,4,0.06189218955512173,0.06189218955512173,0.009233849900006433,0.0027808453264144897
tree_nitrogen_stem_sp1,4,0.008615249175906076,0.008615249175906076,0.003698150162511405,0.0009874939803498478
tree_root_in_top_30,4,-0.9995613340883013,0.9995613340883013,0.4041158689773049,0.13147042169711445
tree_root_to_shoot_sp1,4,-0.07502446443637915,0.20203719798443115,0.27570225397742837,0.06344923612790915
cy0,5,-0.29652775659334346,2.4462099095808885,3.8534188211438787,0.8771476750134777
clay,5,-1.3185745403005824,1.9871908659595328,2.818839122063119,0.7697545887641187
temp_ci_delta,5,1.2049283347088529,1.2049283347088529,0.35321384556835095,0.10250992386859176
rain_ci_delta,5,10.907828858140414,11.746420545900634,15.237007747809356,4.338952528109703
evap_ci_delta,5,-3.6999646413415745,4.564756964766292,8.60270185471307,2.294720025512942
ef_burn_crop_N2O_scale,5,-0.00024922641624124456,0.0014020530064107924,0.001844483264968768,0.0003714329167165141
ef_burn_crop_CH4_scale,5,-0.0015075344077001937,0.004823479065055851,0.006501911200415242,0.001466891788862186
ef_burn_tree_N2O_scale,5,0.011379703030475162,0.011379703030475162,0.008353828626436348,0.002389606487795447
ef_burn_tree_CH4_scale,5,0.04136667880102639,0.04136667880102639,0.030752620790612896,0.010282564406722176
ef_N_inputs,5,-0.005481580090078117,0.01511269277845261,0.019324095011678546,0.004330340280406441
combustion_factor_crop,5,-0.001251212681999843,0.007176639844418327,0.010253720701595958,0.0023120656143938946
combustion_factor_tree,5,0.057250940815687865,0.057250940815687865,0.034168323868645836,0.010951783832797907
volatile_frac_organic_fertiliser,5,-0.0028754256509743907,0.0028754256509743907,0.0003055624420976915,8.220332913380983e-05
volatile_frac_synthetic_fertiliser,5,0.01629739688896272,0.01629739688896272,0.0016405654386363563,0.0005054828205226843
base_sf_qty_scale,5,-0.1298137469652645,0.1298137469652645,0.011684697112334797,0.0038287183019438654
proj_lit_qty_scale,5,-0.055757071095692654,0.05730852620144159,0.053221340263473464,0.01820761629107114
base_stand_density_scale,5,0.0,0.0,0.0,0.0
proj_stand_density_scale,5,-1.3412665665970065,1.9899766675220494,2.200393502109936,0.4852527619684184
tree_wood_dens_sp1,5,-1.0974351656842978,1.7753437155591154,2.007870561844191,0.47679658255887997
base_cover,5,2.4434172057037404,2.4434172057037404,3.0294428233510846,0.9583421362436039
base_fire_off,5,-0.024885313060658453,0.024885313060658453,0.08969221031413518,0.02347518591733366
base_fire_on,5,-0.03493285974000258,0.03493285974000258,0.0059561448956427995,0.0018859905989435574
base_mortality,5,0.0,0.0,0.0,0.0
base_sf_n_delta,5,-0.13290163271820016,0.13290163271820016,0.013646164833617297,0.00455177140515186
base_thinning_delta,5,0.0,0.0,0.0,0.0
crop_base_left_delta,5,0.29356354329365875,0.29356354329365875,0.1296766681009523,0.04187316034949074
crop_base_yield_delta,5,0.23574761864326438,0.23574761864326438,0.15922579982251775,0.04884582732680924
crop_carbon_above_sp3,5,0.002291553031355789,0.020298964079199247,0.027705341808362996,0.005746483936055201
crop_carbon_below_sp3,5,0.008139202853954763,0.029977812863221542,0.03993684154210277,0.009110803951610472
crop_intercept_sp3,5,-0.0012420784437579449,0.010423471419637844,0.016122732809510067,0.003567404103646063
crop_nitrogen_above_sp3,5,-0.001382984947018856,0.0020823640549886557,0.002267851845146942,0.0005020846647997957
crop_nitrogen_below_sp3,5,-0.0031851691322600214,0.0031851691322600214,0.000743827944578551,0.00023880611581100197
crop_carbon_above_sp10,5,-0.008202525740006435,0.039273990622480416,0.05176247258849112,0.01195264902354471
crop_carbon_below_sp10,5,-0.003474264999199028,0.021153164497869748,0.0290517768957824,0.005721459003843289
crop_intercept_sp10,5,-0.002291755590854255,0.010160518668351498,0.01611197476857632,0.0037498931601639826
crop_nitrogen_above_sp10,5,-0.00022899482431628648,0.001578917215028608,0.0018849667345624068,0.00033062009388511935
crop_nitrogen_below_sp10,5,-8.441088795448637e-05,0.0008590760851030748,0.0011558114040104788,0.00026372450582481
crop_proj_left_delta,5,-0.3103405730214359,0.3103405730214359,0.13477350852390935,0.04132834932793473
crop_proj_yield_delta,5,-0.2520968884285205,0.2520968884285205,0.1774755769843382,0.050899405955363713
crop_root_in_top_30,5,0.00998934647573392,0.03726221147643266,0.05541749271187814,0.013490260878553104
crop_root_to_shoot_sp3,5,0.006654287719382958,0.024227281663027157,0.03327282155010618,0.007097534041589617
crop_slope_sp3,5,0.0005914589285656788,0.009770386481340309,0.013966513232053529,0.0028754485719062394
crop_root_to_shoot_sp10,5,0.0002496299643352295,0.011337846797177042,0.019319844157866178,0.004487431704538454
crop_slope_sp10,5,-0.0018657128258556075,0.026503502777083594,0.03773796404309122,0.008020691871687708
cy0_to_ceq_multiplier,5,-0.05903506726756497,0.17477033226250419,0.40674269961796505,0.10721375007393022
litter_carbon,5,-0.08544732673621575,0.08544732673621575,0.05093145577375628,0.015542481119470939
litter_nitrogen,5,0.023840581492757383,0.023840581492757383,0.002622228051294297,0.000724819217294965
mortality_fraction_branch_delta,5,-0.06352895300751295,0.06352895300751295,0.039175044304905114,0.01162306639997729
mortality_fraction_croot_delta,5,-0.027262145011820015,0.027262145011820015,0.015895972891300722,0.00509483549729333
mortality_fraction_froot_delta,5,-0.011771641399126908,0.011794310366191194,0.008346458935429263,0.0026514732513385647
mortality_fraction_leaf_delta,5,-0.019487224495904187,0.019487224495904187,0.01263632803452842,0.0036891623199050458
mortality_fraction_stem_delta,5,-0.14329736337260646,0.14329736337260646,0.09011129645583574,0.029542551684294042
pool_alloc_froot_sp1,5,-0.4938632628290992,0.4938632628290992,0.30596657552491596,0.09649847302621603
pool_alloc_leaf_sp1,5,-0.8661816031799134,0.8661816031799134,0.5037722522869158,0.13086219371340815
pool_alloc_stem_sp1,5,0.9965592352735699,1.3580344976929912,1.313891731373636,0.2841836724162141
pool_turnover_branch_sp1,5,0.4345486302151295,0.4345486302151295,0.13524329975806446,0.03658354608073141
pool_turnover_croot_sp1,5,-1.3416339960233947,1.3416339960233947,0.6103579802531589,0.19385656387058234
pool_turnover_froot_sp1,5,-0.578124907326291,0.578124907326291,0.3125632556878338,0.10646296090693239
pool_turnover_leaf_sp1,5,-0.5059500733636464,0.5059500733636464,0.33071395767690354,0.09495325575182649
pool_turnover_stem_sp1,5,15.432444611207965,15.432444611207965,5.205075648635331,1.6039243289124812
proj_cover,5,-12.331820397429007,12.331820397429007,14.360731221732964,4.515154897473194
proj_fire_off,5,0.05973419738979171,0.05973419738979171,0.12463274165293084,0.037697051626390365
proj_fire_on,5,0.5753064970594599,0.5753064970594599,0.08518469450389404,0.026895085523671185
proj_mortality,5,0.5806014282577285,0.5806014282577285,0.1716744681932219,0.049616188737607675
proj_thinning_delta,5,14.002814720873744,14.002814720873744,9.856261516855822,2.9784213002069695
roth_c_cover_c,5,0.12555799160289152,0.1341825231894877,0.12706456713633377,0.03561862468861333
roth_c_dpm_frac_crop,5,0.014937326090030678,0.06770840908963552,0.11759157344033326,0.0298703275398115
roth_c_dpm_frac_tree,5,0.23173274527896792,0.2372098626024412,0.17004411306356915,0.045352441066111734
roth_c_moisture_b_slope,5,-3.765111360716044,3.908721131573948,3.8976657218558186,1.066335943906092
roth_c_temp_a1,5,1.539901375490606,1.539901375490606,0.4114781916065948,0.12111447405924439
roth_c_temp_a2,5,-3.62587677630289,3.62587677630289,0.9075743196514447,0.2718318730970584
thinning_fraction_branch_delta,5,-0.06906234129100051,0.06906234129100051,0.10298608556748524,0.029711798926557727
thinning_fraction_croot_delta,5,-0.03169053584206094,0.03169053584206094,0.0449265043459313,0.01462334940400167
thinning_fraction_froot_delta,5,-0.015390796845933707,0.015390796845933707,0.022359260899709736,0.006686480075629198
thinning_fraction_leaf_delta,5,-0.02622849664481402,0.02622849664481402,0.034512411391092235,0.01121688282809782
thinning_fraction_stem_delta,5,-0.15354881589066682,0.15354881589066682,0.19698557872524053,0.05839176665885807
tree_carbon_sp1,5,-1.4275318969312316,2.0585963828369573,2.270525301218435,0.49522191053025805
tree_nitrogen_branch_sp1,5,0.0022988867561380896,0.0022988867561380896,0.000632673143111716,0.00020730495905176333
tree_nitrogen_croot_sp1,5,0.001413064721307794,0.001413064721307794,0.0008326944865080846,0.00023591895047969777
tree_nitrogen_froot_sp1,5,0.03908360354700898,0.03908360354700898,0.007921626867947264,0.0024386599167529523
tree_nitrogen_leaf_sp1,5,0.05914747568011498,0.05914747568011498,0.011171186794702215,0.003316508835921374
tree_nitrogen_stem_sp1,5,0.007754648951460774,0.007754648951460774,0.002954838033814326,0.0007983333102084111
tree_root_in_top_30,5,-0.7384612215350561,0.7384612215350561,0.42383381468729475,0.13725839697948203
tree_root_to_shoot_sp1,5,-0.03695544464893398,0.18850600490065034,0.2650182745756094,0.05813992127953258
cy0,6,-0.27009240193490464,2.3049844749501207,3.6172038498559806,0.8173295486207569
clay,6,-1.2175193434326075,1.7371641083990799,2.412990221668731,0.6480873131082915
temp_ci_delta,6,1.0279213436287238,1.0279213436287238,0.4510392653262172,0.112989281048193
rain_ci_delta,6,9.427439242054742,10.220812417614024,13.280197820259604,3.859627540039988
evap_ci_delta,6,-2.6761167977871585,3.5950877836257704,6.808811872567861,1.7972279842957326
ef_burn_crop_N2O_scale,6,-0.0033276030017226404,0.003472806325930799,0.002519203577197678,0.000598092866308641
ef_burn_crop_CH4_scale,6,-0.012543540146484632,0.012839927987752475,0.009503528698989152,0.0025326410642440038
ef_burn_tree_N2O_scale,6,0.010627822187916025,0.010627822187916025,0.0076778223499432766,0.0021756288745255095
ef_burn_tree_CH4_scale,6,0.03905567522512728,0.03905567522512728,0.02858886424330071,0.009459435396209465
ef_N_inputs,6,-0.022622145138645453,0.02608863531705711,0.022723946749806444,0.006356750376151154
combustion_factor_crop,6,-0.014493638588728503,0.015388645910984638,0.012609924446931231,0.003294075996257303
combustion_factor_tree,6,0.053716061980399785,0.053716061980399785,0.03154576511050112,0.009994734226877286
volatile_frac_organic_fertiliser,6,-0.0028754256509737506,0.0028754256509737506,0.0003055624420981152,8.220332913389898e-05
volatile_frac_synthetic_fertiliser,6,0.016297396888962853,0.016297396888962853,0.0016405654386367945,0.0005054828205227618
base_sf_qty_scale,6,-0.1298137469652639,0.1298137469652639,0.01168469711233454,0.0038287183019437214
proj_lit_qty_scale,6,-0.04580729772732282,0.04813542119205512,0.047404070227668835,0.01604251872417339
base_stand_density_scale,6,0.0,0.0,0.0,0.0
proj_stand_density_scale,6,-0.829639078954105,1.7620519739191027,2.157967435280575,0.434773352238276
tree_wood_dens_sp1,6,-0.5901935059124248,1.5313079747988605,1.9250468980642312,0.4312146001543391
base_cover,6,2.2417972469706298,2.2417972469706298,2.7960433716102244,0.8865332331046192
base_fire_off,6,-0.024885313060658554,0.024885313060658554,0.08969221031413553,0.02347518591733375
base_fire_on,6,-0.03493285974000225,0.03493285974000225,0.005956144895643334,0.0018859905989437634
base_mortality,6,0.0,0.0,0.0,0.0
base_sf_n_delta,6,-0.13290163271820024,0.13290163271820024,0.013646164833617015,0.0045517714051516054
base_thinning_delta,6,0.0,0.0,0.0,0.0
crop_base_left_delta,6,0.26718790407109677,0.26718790407109677,0.11796842955556111,0.03810320179109573
crop_base_yield_delta,6,0.20230357055132892,0.20230357055132892,0.14334072546168483,0.04408954054867336
crop_carbon_above_sp3,6,0.0020589869024363245,0.017963819273233154,0.024653397956975003,0.005105694329903615
crop_carbon_below_sp3,6,0.007454905840610376,0.02661036408752971,0.03557752342935001,0.008138399735383075
crop_intercept_sp3,6,-0.0011402367156190681,0.009137064398329538,0.014138621523728212,0.0031193842163770957
crop_nitrogen_above_sp3,6,-0.0013829849470188894,0.002082364054989222,0.002267851845147141,0.0005020846647997672
crop_nitrogen_below_sp3,6,-0.003185169132261695,0.003185169132261695,0.0007438279445778216,0.00023880611581067387
crop_carbon_above_sp10,6,0.21580353033451546,0.21580353033451546,0.04364748515181741,0.011857226440384923
crop_carbon_below_sp10,6,0.08587895975400084,0.08587895975400084,0.02435679765999518,0.007523383043268459
crop_intercept_sp10,6,0.06851507105357106,0.06851507105357106,0.017976565050377445,0.005345136714758593
crop_nitrogen_above_sp10,6,-0.007081677975079461,0.007081677975079461,0.0014323384656658503,0.0004374111624652575
crop_nitrogen_below_sp10,6,-0.004457407240105476,0.004457407240105476,0.001450641525037421,0.0004333593057345967
crop_proj_left_delta,6,0.14465183480232352,0.14604987822150362,0.07878197636990272,0.022548643478070462
crop_proj_yield_delta,6,0.25659389756287343,0.25659389756287343,0.10597405828084001,0.02894623091989915
crop_root_in_top_30,6,0.0892210163022564,0.09063420666015312,0.046312215565355516,0.012971014708959549
crop_root_to_shoot_sp3,6,0.005922810982121537,0.021219033702752396,0.029351232914393573,0.006345968491179764
crop_slope_sp3,6,9.950028039107939e-05,0.008391693954453267,0.012163068985703,0.0025141119157073666
crop_root_to_shoot_sp10,6,0.08390159635311221,0.08390159635311221,0.019290935322548365,0.006403648692612937
crop_slope_sp10,6,0.1728701013077443,0.1728701013077443,0.03973416723462732,0.011690836954117184
cy0_to_ceq_multiplier,6,-0.04335755314868877,0.1486992755224741,0.34383627934676697,0.09097998268088661
litter_carbon,6,-0.07502045990761944,0.07502045990761944,0.04572828152161493,0.01391605460233338
litter_nitrogen,6,0.023840581492757355,0.023840581492757355,0.0026222280512940093,0.0007248192172948446
mortality_fraction_branch_delta,6,-0.049724973801330674,0.049724973801330674,0.03653249375830437,0.010737531841210462
mortality_fraction_croot_delta,6,-0.02116182030390621,0.021283885743866592,0.01489764909457966,0.0046566920619459246
mortality_fraction_froot_delta,6,-0.008670046132547763,0.008809158566984169,0.0076511990876560795,0.002427357848436793
mortality_fraction_leaf_delta,6,-0.014955998666059418,0.014958174462909308,0.012282539409342576,0.003546598734944191
mortality_fraction_stem_delta,6,-0.10872788713442243,0.10880756044744362,0.0889069585769013,0.029012958759097183
pool_alloc_froot_sp1,6,-0.36174162280742816,0.3655609615880212,0.28779728612385486,0.09046353498910178
pool_alloc_leaf_sp1,6,-0.6336632607164304,0.6341713563155793,0.4821771175891246,0.1254054509291307
pool_alloc_stem_sp1,6,1.0313843269090714,1.4011254588073137,1.3311809769525225,0.2804555227717095
pool_turnover_branch_sp1,6,0.48405640481195633,0.48405640481195633,0.15967319124470486,0.04194639877073466
pool_turnover_croot_sp1,6,-1.0098302336911786,1.0098302336911786,0.5331696710382703,0.1664878132260877
pool_turnover_froot_sp1,6,-0.4413788758937695,0.4413788758937695,0.2777983144466614,0.09410445434912675
pool_turnover_leaf_sp1,6,-0.391468179442996,0.391468179442996,0.3068778638209308,0.08673661172616053
pool_turnover_stem_sp1,6,16.548469534935656,16.548469534935656,6.168208054804408,1.854433644746238
proj_cover,6,-10.294734965850413,10.294734965850413,12.17538291455554,3.80915654940099
proj_fire_off,6,0.03827633718179524,0.03827633718179524,0.0886657894761239,0.027751019787327795
proj_fire_on,6,0.5241814395732621,0.5241814395732621,0.0767236753093306,0.024004944042455654
proj_mortality,6,0.6018039972487339,0.6018039972487339,0.22637687126883413,0.06583675234019454
proj_thinning_delta,6,14.636526801089932,14.636526801089932,10.719959372498435,3.218786969125314
roth_c_cover_c,6,0.11819640869604098,0.1266568499865674,0.12386725828583915,0.03538881949438489
roth_c_dpm_frac_crop,6,-0.18840789577151823,0.1925958114569549,0.09250666720789166,0.027449406461170518
roth_c_dpm_frac_tree,6,0.1657877419066415,0.18238385693010545,0.15952655553172884,0.039503738817672725
roth_c_moisture_b_slope,6,-3.9529970894109665,4.11262875340726,4.192010420822787,1.1437051161249594
roth_c_temp_a1,6,1.2888333536509404,1.2888333536509404,0.6374188508914091,0.17461308676056028
roth_c_temp_a2,6,-2.7703636942293395,2.772084143708248,1.3871262186324598,0.3953456934976503
thinning_fraction_branch_delta,6,-0.04900678668086071,0.04900678668086071,0.0759124687687831,0.021628529097292827
thinning_fraction_croot_delta,6,-0.021297807084203414,0.02186165184827633,0.034510087560621995,0.011301107647209967
thinning_fraction_froot_delta,6,-0.010590679703382285,0.010590679703382285,0.0165275097442979,0.0047850208285207425
thinning_fraction_leaf_delta,6,-0.017587587683342,0.01802876663997054,0.026656671608897484,0.008600087630038049
thinning_fraction_stem_delta,6,-0.0890241211743777,0.09761313281698183,0.13991432847606583,0.03892927577798382
tree_carbon_sp1,6,-0.8972038537917296,1.8057240139391237,2.2185130899729084,0.4454454647670333
tree_nitrogen_branch_sp1,6,0.0022284478291520484,0.0022284478291520484,0.0005450897283968648,0.00017929261484302697
tree_nitrogen_croot_sp1,6,0.0013500901560317747,0.0013500901560317747,0.0008332011893966242,0.0002349601466958972
tree_nitrogen_froot_sp1,6,0.0373082002789175,0.0373082002789175,0.009038009297137542,0.0028434433568731527
tree_nitrogen_leaf_sp1,6,0.05679052737792965,0.05679052737792965,0.013357258628980314,0.003953443321578113
tree_nitrogen_stem_sp1,6,0.00703339350088523,0.00703339350088523,0.0024046378185419723,0.0006636578664299862
tree_root_in_top_30,6,-0.5686717935375789,0.5687891926857611,0.409052998453324,0.13182328567839516
tree_root_to_shoot_sp1,6,-0.01519409299296629,0.18348069539995387,0.2537380110093594,0.051567742711359596
cy0,7,-0.2500355047975706,2.1782358854822026,3.406241539448947,0.768471413724623
clay,7,-1.1774045727464084,1.5969704426704112,2.0442205803081586,0.5400662968904197
temp_ci_delta,7,0.9113686141538786,0.9298966586181242,0.6080293168294155,0.1493039305157491
rain_ci_delta,7,7.870278645105254,8.647190687603977,11.290947486182873,3.333396446088178
evap_ci_delta,7,-1.7935259089105728,2.735523156607219,5.2717061853342235,1.384318364734863
ef_burn_crop_N2O_scale,7,-0.003327603001722751,0.003472806325930905,0.0025192035771978826,0.0005980928663087136
ef_burn_crop_CH4_scale,7,-0.012543540146483744,0.012839927987751654,0.009503528698989006,0.002532641064243859
ef_burn_tree_N2O_scale,7,0.009981537667372174,0.009981537667372174,0.007158692757587448,0.0020167859885571178
ef_burn_tree_CH4_scale,7,0.03704627188258679,0.03704627188258679,0.026872257178209475,0.0087938839988776
ef_N_inputs,7,-0.02748789392473868,0.031823792176267865,0.0264615371319905,0.007226805136289839
combustion_factor_crop,7,-0.01449363858872924,0.015388645910985243,0.012609924446931313,0.0032940759962572477
combustion_factor_tree,7,0.050691067272455294,0.050691067272455294,0.029711236975542843,0.009285948431618072
volatile_frac_organic_fertiliser,7,-0.002875425650973984,0.002875425650973984,0.00030556244209802973,8.220332913386086e-05
volatile_frac_synthetic_fertiliser,7,0.01629739688896302,0.01629739688896302,0.0016405654386362953,0.000505482820522504
base_sf_qty_scale,7,-0.12981374696526454,0.12981374696526454,0.011684697112334136,0.0038287183019436333
proj_lit_qty_scale,7,-0.03807454375726996,0.04099005229276678,0.04217024325922699,0.014103078289253496
base_stand_density_scale,7,0.0,0.0,0.0,0.0
proj_stand_density_scale,7,0.0775469821297106,1.8225716465867627,2.1919868013149766,0.34763842870545275
tree_wood_dens_sp1,7,0.3322239129968687,1.5447506763209229,1.9199295246566561,0.38302671908844893
base_cover,7,2.0809031075205153,2.0809031075205153,2.621547769216233,0.8318102925833306
base_fire_off,7,-0.02488531306065852,0.02488531306065852,0.08969221031413543,0.023475185917333725
base_fire_on,7,-0.034932859740002445,0.034932859740002445,0.005956144895642405,0.0018859905989434618
base_mortality,7,0.0,0.0,0.0,0.0
base_sf_n_delta,7,-0.132901632718201,0.132901632718201,0.013646164833617556,0.004551771405151819
base_thinning_delta,7,0.0,0.0,0.0,0.0
crop_base_left_delta,7,0.24666831314472598,0.24666831314472598,0.10841574389569532,0.03496009602458474
crop_base_yield_delta,7,0.17731444071235036,0.17731444071235036,0.13074432784784012,0.04015348174436062
crop_carbon_above_sp3,7,0.001963035033863106,0.016057177399023223,0.022084780899982927,0.004552545411617892
crop_carbon_below_sp3,7,0.0070292620631820235,0.023941976176410324,0.03183346423501743,0.0072621027169727966
crop_intercept_sp3,7,-0.0010372078890101804,0.00808869199689404,0.012488913920816426,0.0027379742921609406
crop_nitrogen_above_sp3,7,-0.001382984947019089,0.0020823640549893553,0.0022678518451474056,0.0005020846647998167
crop_nitrogen_below_sp3,7,-0.0031851691322609538,0.0031851691322609538,0.0007438279445780679,0.00023880611581070493
crop_carbon_above_sp10,7,0.14465871537630762,0.14465871537630762,0.04237646165394976,0.011187690454748198
crop_carbon_below_sp10,7,0.05807160020752126,0.05807160020752126,0.02138536418513713,0.006639408273557502
crop_intercept_sp10,7,0.04502974055514082,0.04502974055514082,0.01633646935037251,0.004619846435039767
crop_nitrogen_above_sp10,7,-0.007081677975079029,0.007081677975079029,0.001432338465665348,0.0004374111624648707
crop_nitrogen_below_sp10,7,-0.004457407240105743,0.004457407240105743,0.0014506415250371983,0.0004333593057345022
crop_proj_left_delta,7,0.0401053764166299,0.0557156978700246,0.05137726196532003,0.009540567968028013
crop_proj_yield_delta,7,0.1569153200128325,0.15921731135021164,0.07943423292721133,0.020549568621964123
crop_root_in_top_30,7,0.059810414705093996,0.062160455782721155,0.041575276705503574,0.011576777443027163
crop_root_to_shoot_sp3,7,0.005323270516056589,0.018794605097120165,0.026013109292292926,0.005644905655149025
crop_slope_sp3,7,-0.00017155829381952924,0.00738823626232864,0.010794092564737266,0.0022378187920608634
crop_root_to_shoot_sp10,7,0.05465266529728434,0.05465266529728434,0.019263896199825055,0.006331140432158148
crop_slope_sp10,7,0.10652866095724237,0.10652866095724237,0.0409979461263353,0.012010092785900395
cy0_to_ceq_multiplier,7,-0.03187841212755664,0.12460903011987665,0.2890361720625513,0.07704394510387386
litter_carbon,7,-0.06693928098202599,0.06693928098202599,0.040940721311861265,0.012438984868104812
litter_nitrogen,7,0.02384058149275806,0.02384058149275806,0.0026222280512937885,0.0007248192172947606
mortality_fraction_branch_delta,7,-0.04030764329461326,0.04049930958689226,0.03289685921174548,0.009450915944352007
mortality_fraction_croot_delta,7,-0.016891020643452166,0.017129858680223837,0.013729331243686482,0.004206478693938174
mortality_fraction_froot_delta,7,-0.006650132145037446,0.006934104725441514,0.0068574121280633865,0.002125565903483107
mortality_fraction_leaf_delta,7,-0.011889326447525644,0.011999133521023058,0.011677816913007915,0.003315256762789938
mortality_fraction_stem_delta,7,-0.08518046659560313,0.0871189767310043,0.08621313690829711,0.02720705748505524
pool_alloc_froot_sp1,7,-0.2612925205723572,0.2726790671737832,0.2638976122951599,0.08229928905998149
pool_alloc_leaf_sp1,7,-0.4724765535224476,0.47661138119214164,0.45328676779231164,0.11842877560647078
pool_alloc_stem_sp1,7,0.9905993874101255,1.2507136260063056,1.1673119887560683,0.25091515638166134
pool_turnover_branch_sp1,7,0.44604636779362455,0.44604636779362455,0.20827404949264422,0.053036060939667
pool_turnover_croot_sp1,7,-0.8796229671255172,0.8796229671255172,0.444004300667052,0.14032250791504644
pool_turnover_froot_sp1,7,-0.38999394623664163,0.38999394623664163,0.24459688032785254,0.08102222929316058
pool_turnover_leaf_sp1,7,-0.34204531994785353,0.34204531994785353,0.27634637474652723,0.0777590164840156
pool_turnover_stem_sp1,7,14.480286392211042,14.480286392211042,7.632871995601285,2.213676964101428
proj_cover,7,-8.392979845956,8.392979845956,10.161021275161373,3.146668066006077
proj_fire_off,7,0.038276337181795406,0.038276337181795406,0.08866578947612411,0.027751019787327802
proj_fire_on,7,0.49957771468168327,0.49957771468168327,0.07863265310629074,0.024502726031010835
proj_mortality,7,0.5519311215056224,0.5519311215056224,0.30664193789603567,0.08785187797397925
proj_thinning_delta,7,20.80240788741079,20.80240788741079,9.98010515412917,2.9594102782784155
roth_c_cover_c,7,0.10871854390450855,0.11752945815146851,0.11872142651122182,0.034114392401491556
roth_c_dpm_frac_crop,7,-0.14926559822789282,0.14926559822789282,0.08582375435366268,0.029156587780792612
roth_c_dpm_frac_tree,7,0.1213944266862729,0.1455173207301162,0.14266893243979034,0.03383693896857097
roth_c_moisture_b_slope,7,-4.001178933450866,4.171051425349407,4.3349885706543425,1.1785311949278099
roth_c_temp_a1,7,1.1435252934871152,1.1628299491355005,0.815853257675155,0.22342246739567528
roth_c_temp_a2,7,-2.2089812371782136,2.259245585808872,1.720415675392755,0.4620475613886772
thinning_fraction_branch_delta,7,-0.03503118490405884,0.03503118490405884,0.05608474050448507,0.01563902069134061
thinning_fraction_croot_delta,7,-0.014581397221642686,0.015958245742365127,0.027062528882726738,0.008724652433493818
thinning_fraction_froot_delta,7,-0.007276444734001098,0.007642211842745483,0.012267697564534738,0.0033873356251915843
thinning_fraction_leaf_delta,7,-0.011976718760665996,0.012944858556252783,0.02129411538246327,0.006798205591466051
thinning_fraction_stem_delta,7,-0.05144433597641864,0.06987142784331794,0.10949393226277049,0.029562777922903283
tree_carbon_sp1,7,0.033089425068912603,1.849016613909462,2.3240663091749365,0.42027194031391735
tree_nitrogen_branch_sp1,7,0.002159221200873174,0.002159221200873174,0.0004763254112198806,0.0001561674652713451
tree_nitrogen_croot_sp1,7,0.0012959147350832035,0.0012959147350832035,0.0008432287466774801,0.00023733271563964144
tree_nitrogen_froot_sp1,7,0.035797320016622204,0.035797320016622204,0.010251859451338994,0.00325266881759989
tree_nitrogen_leaf_sp1,7,0.05476160605203593,0.05476160605203593,0.015540939808392783,0.0046031109865758224
tree_nitrogen_stem_sp1,7,0.006425751997454665,0.006425751997454665,0.0020114257583671654,0.0005731403734033934
tree_root_in_top_30,7,-0.4501433717395079,0.4524364829857571,0.3872548748493256,0.12364633351596992
tree_root_to_shoot_sp1,7,0.08319205694570272,0.23906493995170433,0.2744688780431003,0.04266060608823453
cy0,8,-0.23310476217533296,2.0521757653581894,3.20226949603161,0.7241203927171556
clay,8,-1.1461814992298411,1.4807611344808176,1.786888968383477,0.46781617401838305
temp_ci_delta,8,0.8375207496767411,0.8666469860006638,0.6717419179551191,0.16698360800575032
rain_ci_delta,8,6.52341694792135,7.2753442207979315,9.628687303569084,2.877108063410813
evap_ci_delta,8,-1.1849124307057608,2.101365932917499,4.152062283606091,1.0956307604140259
ef_burn_crop_N2O_scale,8,-0.0033276030017226716,0.0034728063259308927,0.0025192035771979273,0.0005980928663086874
ef_burn_crop_CH4_scale,8,-0.012543540146484056,0.01283992798775203,0.009503528698989077,0.0025326410642438056
ef_burn_tree_N2O_scale,8,0.009809197557292555,0.009809197557292555,0.007024457240463083,0.0019579211943324872
ef_burn_tree_CH4_scale,8,0.036380489565427554,0.036380489565427554,0.02595678339195539,0.008390025125300822
ef_N_inputs,8,-0.03161714038541909,0.03699653610881841,0.030241405953492565,0.00803583429070963
combustion_factor_crop,8,-0.01449363858872891,0.01538864591098478,0.012609924446931067,0.003294075996257276
combustion_factor_tree,8,0.04994553627358479,0.04994553627358479,0.02951820539281465,0.009232198223560636
volatile_frac_organic_fertiliser,8,-0.002875425650973926,0.002875425650973926,0.00030556244209795633,8.22033291338384e-05
volatile_frac_synthetic_fertiliser,8,0.016297396888962704,0.016297396888962704,0.0016405654386358341,0.0005054828205223951
base_sf_qty_scale,8,-0.12981374696526454,0.12981374696526454,0.011684697112334247,0.0038287183019436698
proj_lit_qty_scale,8,-0.03182827627814948,0.03530213602190863,0.03764833275562187,0.012386901931657035
base_stand_density_scale,8,0.0,0.0,0.0,0.0
proj_stand_density_scale,8,-0.508873970716164,1.5033643269891184,1.942320238316666,0.410961675368249
tree_wood_dens_sp1,8,-0.2881400836496444,1.272316117844569,1.6773257929637673,0.3732930632597384
base_cover,8,1.9424078796510866,1.9424078796510866,2.473572990261783,0.7843859517180318
base_fire_off,8,-0.02488531306065852,0.02488531306065852,0.0896922103141354,0.023475185917333708
base_fire_on,8,-0.03493285974000252,0.03493285974000252,0.00595614489564276,0.0018859905989435906
base_mortality,8,0.0,0.0,0.0,0.0
base_sf_n_delta,8,-0.1329016327182007,0.1329016327182007,0.013646164833617644,0.004551771405151999
base_thinning_delta,8,0.0,0.0,0.0,0.0
crop_base_left_delta,8,0.2298550686064927,0.2298550686064927,0.10049676028763102,0.032317655477092165
crop_base_yield_delta,8,0.1574557569290803,0.15771719013596125,0.12065577496279754,0.036762534753098465
crop_carbon_above_sp3,8,0.0019144107254431802,0.014515500041464494,0.01996689989354001,0.00409486398794793
crop_carbon_below_sp3,8,0.006703419050501397,0.021822291049661748,0.0287255729591096,0.006515513284007281
crop_intercept_sp3,8,-0.0009480165244651576,0.007246765983746335,0.011148932292304178,0.0024265934693949386
crop_nitrogen_above_sp3,8,-0.0013829849470185895,0.0020823640549890556,0.0022678518451472226,0.000502084664799678
crop_nitrogen_below_sp3,8,-0.0031851691322604707,0.0031851691322604707,0.0007438279445785711,0.00023880611581087626
crop_carbon_above_sp10,8,0.11744795106626733,0.11744795106626733,0.04354638845113142,0.011645127623012272
crop_carbon_below_sp10,8,0.0474780461070376,0.0474780461070376,0.02047291473165451,0.00636295550717514
crop_intercept_sp10,8,0.03596621993675847,0.03596621993675847,0.01616734781750598,0.004472057462768416
crop_nitrogen_above_sp10,8,-0.007081677975079187,0.007081677975079187,0.0014323384656658605,0.0004374111624652242
crop_nitrogen_below_sp10,8,-0.00445740724010561,0.00445740724010561,0.0014506415250375168,0.0004333593057345801
crop_proj_left_delta,8,0.010069691314594774,0.0306538163149927,0.0365164334955732,0.005855153950246984
crop_proj_yield_delta,8,0.12808497303173424,0.13103608519297164,0.06487332677432704,0.016234909819152557
crop_root_in_top_30,8,0.04841837989469686,0.050854932840070345,0.03835476046488247,0.010785764537230957
crop_root_to_shoot_sp3,8,0.004787191972327012,0.01686407689571542,0.023267139984956574,0.005029093488369988
crop_slope_sp3,8,-0.0003444426951323201,0.006641994317837095,0.009731216890348096,0.0020229334853551087
crop_root_to_shoot_sp10,8,0.043518962588459734,0.043518962588459734,0.019328612896517536,0.006325089606567515
crop_slope_sp10,8,0.08049207906316842,0.08049207906316842,0.04171295953795401,0.01237007474175204
cy0_to_ceq_multiplier,8,-0.02394309494284433,0.10429891466933192,0.24370329261289123,0.06559680799065067
litter_carbon,8,-0.06044466372667094,0.06044466372667094,0.03673429379282921,0.011154836394092793
litter_nitrogen,8,0.023840581492758167,0.023840581492758167,0.002622228051294146,0.0007248192172948018
mortality_fraction_branch_delta,8,-0.030767944646884406,0.03177834109572365,0.029577373523138994,0.007987426993890651
mortality_fraction_croot_delta,8,-0.012704045585687145,0.013173896882691776,0.012768455601266807,0.003812261499797161
mortality_fraction_froot_delta,8,-0.0047349924313871625,0.005335179198941585,0.006223017975365872,0.0017930116713679425
mortality_fraction_leaf_delta,8,-0.00898631460192994,0.009308362686023492,0.011362455827010492,0.003215502319693625
mortality_fraction_stem_delta,8,-0.06317493512669439,0.06863881733379844,0.08367017839079417,0.02537688825822537
pool_alloc_froot_sp1,8,-0.20076548033368913,0.2166123564484852,0.23987736824879352,0.07446198818780152
pool_alloc_leaf_sp1,8,-0.346516068820051,0.36257518122754095,0.43081743012626106,0.11117138328350593
pool_alloc_stem_sp1,8,0.9687667319731297,1.3693466518839092,1.3217030689391847,0.26096378568202844
pool_turnover_branch_sp1,8,0.5512013433250498,0.5512013433250498,0.22017610789218092,0.058216004959530825
pool_turnover_croot_sp1,8,-0.5779182871059331,0.5779182871059331,0.40163062150997836,0.12306245971292028
pool_turnover_froot_sp1,8,-0.25814897050633834,0.2584955875519472,0.20569449039815438,0.06950005898672826
pool_turnover_leaf_sp1,8,-0.24146365406815512,0.24202292126716815,0.25258376818560246,0.06919075286185399
pool_turnover_stem_sp1,8,17.423304186607478,17.423304186607478,8.529134847911383,2.5326549348270277
proj_cover,8,-6.952949216743194,6.952949216743194,8.654403973471513,2.634696994317749
proj_fire_off,8,0.038276337181795274,0.038276337181795274,0.08866578947612393,0.02775101978732773
proj_fire_on,8,0.4973096868589292,0.4973096868589292,0.088901448170555,0.028221549629750962
proj_mortality,8,0.6237805378716846,0.6237805378716846,0.342371392220937,0.10034109906789905
proj_thinning_delta,8,12.945091704694951,12.945091704694951,12.458926163508279,3.727417910041949
roth_c_cover_c,8,0.09736242888419255,0.10657797099915944,0.11139238824893859,0.03191295531343488
roth_c_dpm_frac_crop,8,-0.11083815999739363,0.11083815999739363,0.08321023143497502,0.027680993000230733
roth_c_dpm_frac_tree,8,0.10072959871359691,0.12163945522188288,0.12721016117413494,0.031044100373706505
roth_c_moisture_b_slope,8,-3.8603774307101966,4.030898976339779,4.271509782967562,1.1563281536416699
roth_c_temp_a1,8,1.0598185249294485,1.0945597953350394,0.8581532559537528,0.23355538031641151
roth_c_temp_a2,8,-1.874320335476726,1.9572451672900109,1.7479872551759243,0.46142485482509743
thinning_fraction_branch_delta,8,-0.14915453928992742,0.14915453928992742,0.1372577502282129,0.03696827625402639
thinning_fraction_croot_delta,8,-0.06453956573738698,0.06453956573738698,0.0514553598300034,0.016014519355221194
thinning_fraction_froot_delta,8,-0.03043425511683303,0.03043425511683303,0.028322646653778587,0.0075424832124792035
thinning_fraction_leaf_delta,8,-0.04940276393625357,0.04940276393625357,0.043076241353699106,0.014517432887689493
thinning_fraction_stem_delta,8,-0.2952364426370989,0.2962972025697502,0.29947285941071755,0.09212419421862601
tree_carbon_sp1,8,-0.5435415170413089,1.4883264683680748,2.0033017223380187,0.41701105213735057
tree_nitrogen_branch_sp1,8,0.002371896966230935,0.002371896966230935,0.0005654671728753195,0.00018037910937775408
tree_nitrogen_croot_sp1,8,0.001327763601901935,0.001327763601901935,0.0008425580048493631,0.0002362994257411508
tree_nitrogen_froot_sp1,8,0.03419624936839239,0.03419624936839239,0.011458727720680378,0.003632497402458616
tree_nitrogen_leaf_sp1,8,0.05241695598061417,0.05241695598061417,0.017626412703886627,0.005233729992398366
tree_nitrogen_stem_sp1,8,0.006310340185997609,0.006310340185997609,0.0016662018159443112,0.0005165091523339913
tree_root_in_top_30,8,-0.37438669209676395,0.3770134469802865,0.36652750188390537,0.11697237624284382
tree_root_to_shoot_sp1,8,-0.01913825656088979,0.16011117665915284,0.2287233800817462,0.0470995591994958
cy0,9,-0.21787043888868834,1.9245475736515023,3.0008747381009995,0.6817578771789421
clay,9,-1.062986670805507,1.3231645072479048,1.5760479419535776,0.4149897520025807
temp_ci_delta,9,0.7376074570483999,0.8172141283754998,0.7057431674208735,0.16122394238077006
rain_ci_delta,9,5.194732540610841,5.925048980054332,7.992760250631101,2.3973002907228853
evap_ci_delta,9,-0.6809806895159032,1.6126760578123924,3.348520662917572,0.8915590280087506
ef_burn_crop_N2O_scale,9,-0.0033276030017223013,0.0034728063259304885,0.002519203577197774,0.0005980928663086847
ef_burn_crop_CH4_scale,9,-0.012543540146483323,0.012839927987751298,0.009503528698988795,0.002532641064243739
ef_burn_tree_N2O_scale,9,0.008729086103203382,0.008729086103203382,0.006325661690449279,0.001786252265484245
ef_burn_tree_CH4_scale,9,0.033162176879270505,0.033162176879270505,0.024231985822965173,0.007755078305731741
ef_N_inputs,9,-0.037271878983867926,0.04329702475031501,0.03403923124182459,0.009035647024997496
combustion_factor_crop,9,-0.014493638588729468,0.015388645910985339,0.012609924446931231,0.0032940759962573883
combustion_factor_tree,9,0.04488324054354426,0.04488324054354426,0.027327416567194555,0.008239688240380141
volatile_frac_organic_fertiliser,9,-0.002875425650973851,0.002875425650973851,0.00030556244209785436,8.220332913383572e-05
volatile_frac_synthetic_fertiliser,9,0.016297396888963023,0.016297396888963023,0.0016405654386361654,0.0005054828205224826
base_sf_qty_scale,9,-0.1298137469652646,0.1298137469652646,0.011684697112334504,0.003828718301943782
proj_lit_qty_scale,9,-0.02666015204324792,0.03077956869183509,0.033803982404003834,0.010868901367979529
base_stand_density_scale,9,0.0,0.0,0.0,0.0
proj_stand_density_scale,9,-0.08857658470081058,1.5327586954025771,1.9062987011828998,0.3422284111306732
tree_wood_dens_sp1,9,0.1442899332637459,1.2531099288109755,1.6206756357398129,0.3352501503136403
base_cover,9,1.8183751920556293,1.8183751920556293,2.33874641685464,0.7404273038289472
base_fire_off,9,-0.02488531306065852,0.02488531306065852,0.08969221031413543,0.023475185917333725
base_fire_on,9,-0.034932859740002646,0.034932859740002646,0.005956144895642916,0.0018859905989436856
base_mortality,9,0.0,0.0,0.0,0.0
base_sf_n_delta,9,-0.13290163271820063,0.13290163271820063,0.013646164833617174,0.004551771405151822
base_thinning_delta,9,0.0,0.0,0.0,0.0
crop_base_left_delta,9,0.21563811351783596,0.21563811351783596,0.09385656318780637,0.03008548797393947
crop_base_yield_delta,9,0.14103151326161295,0.14160487744532063,0.11250183652982845,0.03393596012042848
crop_carbon_above_sp3,9,0.0018765788069203884,0.013273391384300087,0.01823650514702014,0.003723126622311815
crop_carbon_below_sp3,9,0.006423525665484953,0.020135585630468366,0.026195307071539116,0.005897803229589703
crop_intercept_sp3,9,-0.0008763162072354308,0.006572158068360081,0.010073638124976367,0.002177769277995359
crop_nitrogen_above_sp3,9,-0.001382984947018473,0.002082364054988939,0.0022678518451472495,0.0005020846647996807
crop_nitrogen_below_sp3,9,-0.003185169132260837,0.003185169132260837,0.0007438279445780679,0.00023880611581080584
crop_carbon_above_sp10,9,0.10068999524722666,0.10068999524722666,0.04156392185932226,0.011145976295127544
crop_carbon_below_sp10,9,0.04084594871009569,0.04084594871009569,0.01928589149098179,0.0059909862909635165
crop_intercept_sp10,9,0.030341993155086955,0.030341993155086955,0.01517204329543127,0.004157607135070936
crop_nitrogen_above_sp10,9,-0.007081677975079312,0.007081677975079312,0.0014323384656654327,0.00043741116246505006
crop_nitrogen_below_sp10,9,-0.004457407240105518,0.004457407240105518,0.0014506415250372514,0.0004333593057344928
crop_proj_left_delta,9,-0.005439238463085775,0.022344402500628663,0.029676324010410905,0.005550965651030386
crop_proj_yield_delta,9,0.11566071529472614,0.11933187923393695,0.05960199281694248,0.01425405289268042
crop_root_in_top_30,9,0.0414929052648355,0.043974903221710805,0.03549789878679879,0.009983693808151119
crop_root_to_shoot_sp3,9,0.004291745326207294,0.01532934956791406,0.021046441040513463,0.004505635862286068
crop_slope_sp3,9,-0.0004726941389358169,0.00607882340626543,0.00890380340797392,0.0018579790649838489
crop_root_to_shoot_sp10,9,0.03683486430344193,0.03683486430344193,0.018220491672036203,0.005966847202371898
crop_slope_sp10,9,0.06508583034506692,0.06508583034506692,0.03913422006775202,0.0116728489489342
cy0_to_ceq_multiplier,9,-0.018473603443282978,0.08761169315269808,0.20666049838499292,0.056269231943304465
litter_carbon,9,-0.055098406212158293,0.055098406212158293,0.03310684740973325,0.010056455307650234
litter_nitrogen,9,0.023840581492758223,0.023840581492758223,0.002622228051293706,0.000724819217294846
mortality_fraction_branch_delta,9,-0.02631754954667768,0.027372211812616416,0.026012424718518435,0.006791826680571433
mortality_fraction_croot_delta,9,-0.010639726918387705,0.011078950429675794,0.011969556575699727,0.0035675291664944123
mortality_fraction_froot_delta,9,-0.003877571356065229,0.004517134128576744,0.005639393647604846,0.0016104887522272121
mortality_fraction_leaf_delta,9,-0.007592743956238457,0.008108551199174797,0.010785422138733328,0.003004303825433565
mortality_fraction_stem_delta,9,-0.05281836720636024,0.05984235987628901,0.08138103651206653,0.024064564832926946
pool_alloc_froot_sp1,9,-0.1425985581464982,0.17235699364310017,0.22098129968195865,0.06570040272504556
pool_alloc_leaf_sp1,9,-0.25235453553194576,0.2879691733289801,0.4146371890020377,0.10560324457421398
pool_alloc_stem_sp1,9,0.89170067827494,1.2530605598860962,1.2339617606372768,0.2427339654813947
pool_turnover_branch_sp1,9,0.531200201169623,0.531200201169623,0.26162596674205557,0.06885291893227712
pool_turnover_croot_sp1,9,-0.4785757746130743,0.47889835050240864,0.34854977470478715,0.10775261587664359
pool_turnover_froot_sp1,9,-0.21440639383812815,0.21507655236494264,0.1781716221852849,0.05954259773593724
pool_turnover_leaf_sp1,9,-0.206510199508768,0.20747050048885676,0.22964027751897004,0.06268163204986478
pool_turnover_stem_sp1,9,16.03898068991414,16.03898068991414,9.75478802151569,2.8580570856691394
proj_cover,9,-5.518763890623506,5.541552703722353,7.220831220646929,2.1630332958567973
proj_fire_off,9,0.038276337181795336,0.038276337181795336,0.08866578947612411,0.027751019787327823
proj_fire_on,9,0.45039853720940437,0.45039853720940437,0.0979672745634579,0.030368438292224915
proj_mortality,9,0.5992800514898107,0.5992800514898107,0.40990703618540214,0.11977906620869223
proj_thinning_delta,9,15.985982236269113,15.985982236269113,12.324005043408215,3.6590208908236987
roth_c_cover_c,9,0.08374122159880301,0.09304790872577161,0.10441769979202903,0.030026686407155858
roth_c_dpm_frac_crop,9,-0.08706561759272743,0.08706561759272743,0.07652790421100764,0.02504794609994215
roth_c_dpm_frac_tree,9,0.05654073431236008,0.09582033923730204,0.11659708579674968,0.02670835936252829
roth_c_moisture_b_slope,9,-3.5692488514991263,3.7406728126842816,4.087277150690179,1.1005400090119664
roth_c_temp_a1,9,0.938200391928057,1.0079596072656378,0.8736620699542241,0.2309506273775615
roth_c_temp_a2,9,-1.518996880129733,1.6698009633145205,1.6837970583193373,0.4405963611242037
thinning_fraction_branch_delta,9,0.024505068279488385,0.033089165279014995,0.04384927331897571,0.011683780635889205
thinning_fraction_croot_delta,9,0.012862533612530192,0.01721009356101194,0.020969355109774993,0.005422053655998587
thinning_fraction_froot_delta,9,0.004171648824044143,0.005844830214529061,0.008353139541050056,0.00206843230157418
thinning_fraction_leaf_delta,9,0.008465312116363921,0.013521427763308825,0.016982062291371672,0.004057405793811647
thinning_fraction_stem_delta,9,0.08283236912997452,0.09681541723811402,0.09450335512910502,0.023305586083720586
tree_carbon_sp1,9,-0.09661284078405408,1.542446026335107,2.027755882219109,0.38743480581692163
tree_nitrogen_branch_sp1,9,0.001976302586814743,0.001976302586814743,0.0003889730866305046,0.00012123946945401655
tree_nitrogen_croot_sp1,9,0.001186224345366535,0.001186224345366535,0.0008810024950239043,0.00024902074390864684
tree_nitrogen_froot_sp1,9,0.032596142292292025,0.032596142292292025,0.012651440410409552,0.0040075597043469175
tree_nitrogen_leaf_sp1,9,0.05026576315464557,0.05026576315464557,0.01967972452445847,0.005868767651777136
tree_nitrogen_stem_sp1,9,0.005354184570632465,0.005354184570632465,0.0015874045618164629,0.0004890847316945415
tree_root_in_top_30,9,-0.2691921188114176,0.2917341378773809,0.35517010871760407,0.10788678030086304
tree_root_to_shoot_sp1,9,0.01513735913210506,0.17044075774499276,0.23152555815193945,0.04232732519463904
cy0,10,-0.20364524646290683,1.7964137592764053,2.8022581496331385,0.6405426585355152
clay,10,-0.9956583586081645,1.1946373048597816,1.4252066386633322,0.3816484064827085
temp_ci_delta,10,0.6519171313947534,0.7680251932959148,0.7121953967770256,0.15854303194921965
rain_ci_delta,10,4.0606263481782605,4.790918421713636,6.6254389540564445,1.9761240906154922
evap_ci_delta,10,-0.3179802971999316,1.3514504372832699,2.813211884045795,0.7545707854511877
ef_burn_crop_N2O_scale,10,-0.003327603001722772,0.0034728063259308593,0.0025192035771977846,0.0005980928663087702
ef_burn_crop_CH4_scale,10,-0.012543540146483978,0.012839927987751886,0.0095035286989893,0.0025326410642438693
ef_burn_tree_N2O_scale,10,0.008321110426029302,0.008321110426029302,0.00611182885300284,0.0017313892185207205
ef_burn_tree_CH4_scale,10,0.031852609080232616,0.031852609080232616,0.023409232661747336,0.007409668268267061
ef_N_inputs,10,-0.040225672053512934,0.04750411753442867,0.03737732323632905,0.009609186906674113
combustion_factor_crop,10,-0.014493638588729294,0.01538864591098503,0.012609924446930886,0.003294075996257241
combustion_factor_tree,10,0.04300950715339884,0.04300950715339884,0.026968862563388124,0.008032036577291369
volatile_frac_organic_fertiliser,10,-0.0028754256509736344,0.0028754256509736344,0.0003055624420982204,8.220332913387712e-05
volatile_frac_synthetic_fertiliser,10,0.01629739688896292,0.01629739688896292,0.0016405654386364534,0.0005054828205225381
base_sf_qty_scale,10,-0.12981374696526485,0.12981374696526485,0.011684697112334148,0.003828718301943635
proj_lit_qty_scale,10,-0.02231564976143471,0.027185830414949652,0.030557477417873735,0.00956957978351477
base_stand_density_scale,10,0.0,0.0,0.0,0.0
proj_stand_density_scale,10,0.43996281615452004,1.6002093017437482,1.889323416600184,0.3279585547975867
tree_wood_dens_sp1,10,0.6819894104933361,1.4485144981378362,1.6371994076147085,0.31387525769821045
base_cover,10,1.7050231828252336,1.7050231828252336,2.2116856291492226,0.6985070536335376
base_fire_off,10,-0.02488531306065852,0.02488531306065852,0.08969221031413543,0.023475185917333725
base_fire_on,10,-0.03493285974000272,0.03493285974000272,0.005956144895642669,0.0018859905989435863
base_mortality,10,0.0,0.0,0.0,0.0
base_sf_n_delta,10,-0.13290163271820082,0.13290163271820082,0.013646164833617268,0.004551771405151756
base_thinning_delta,10,0.0,0.0,0.0,0.0
crop_base_left_delta,10,0.20337276210212757,0.20337276210212757,0.08823455712705072,0.02819204756936236
crop_base_yield_delta,10,0.12708156827385714,0.12798851411280868,0.10584672113796233,0.03159575960981895
crop_carbon_above_sp3,10,0.0018355927186941901,0.012273986920343549,0.01682763457567364,0.0034230116757675987
crop_carbon_below_sp3,10,0.006172117213189313,0.01879139197462232,0.024162337611832996,0.005396500691859357
crop_intercept_sp3,10,-0.0008208452908912922,0.006031080568388603,0.009215555728240022,0.001981534847896632
crop_nitrogen_above_sp3,10,-0.0013829849470189727,0.0020823640549893054,0.0022678518451472833,0.0005020846647996467
crop_nitrogen_below_sp3,10,-0.0031851691322610704,0.0031851691322610704,0.0007438279445777386,0.0002388061158106595
crop_carbon_above_sp10,10,0.08905179126319133,0.08905179126319133,0.03871693766091828,0.010382234934441887
crop_carbon_below_sp10,10,0.036182873860988646,0.036182873860988646,0.018034493983072764,0.005586297562129393
crop_intercept_sp10,10,0.026430333588505706,0.026430333588505706,0.013966708821784175,0.0038091477309659485
crop_nitrogen_above_sp10,10,-0.007081677975079287,0.007081677975079287,0.0014323384656657824,0.00043741116246516287
crop_nitrogen_below_sp10,10,-0.004457407240105635,0.004457407240105635,0.001450641525037402,0.00043335930573458226
crop_proj_left_delta,10,-0.014375838150033344,0.020720190744079547,0.026014808324447514,0.005916583068604197
crop_proj_yield_delta,10,0.11041948548790917,0.11432896574318445,0.05782587025444983,0.013541330601378302
crop_root_in_top_30,10,0.03666714132868871,0.03919271904589024,0.03297417221492133,0.009244201283440927
crop_root_to_shoot_sp3,10,0.0038298464299100082,0.014106396762780058,0.019269304881072386,0.004071190706497154
crop_slope_sp3,10,-0.0005818947184905429,0.005637893907745538,0.008261596381452206,0.0017366052498470972
crop_root_to_shoot_sp10,10,0.032275309735497165,0.032275309735497165,0.016847059725819447,0.005527763387524136
crop_slope_sp10,10,0.05474201892546675,0.05474201892546675,0.03575744485621784,0.01069968757975369
cy0_to_ceq_multiplier,10,-0.014607009554670546,0.0739954257323041,0.1764143269713367,0.04864369221118844
litter_carbon,10,-0.050623309856073676,0.050623309856073676,0.03000192908271941,0.009121520532326607
litter_nitrogen,10,0.02384058149275801,0.02384058149275801,0.0026222280512940184,0.0007248192172947931
mortality_fraction_branch_delta,10,-0.02249609289561243,0.02378276959716419,0.023223742759514207,0.005824645089805434
mortality_fraction_croot_delta,10,-0.0089650672584657,0.009440796811085264,0.011476869087651984,0.0034285451062691123
mortality_fraction_froot_delta,10,-0.00316972873313538,0.0038411798981957566,0.005256628258620519,0.0014927407325480843
mortality_fraction_leaf_delta,10,-0.0064575286220813185,0.007317398868283517,0.01038105103009432,0.0028309940201683725
mortality_fraction_stem_delta,10,-0.04480185494632808,0.054073963001899095,0.08006000863470797,0.022730774903761033
pool_alloc_froot_sp1,10,-0.10340879580426314,0.1415426794931587,0.20675023897377798,0.06028024998596338
pool_alloc_leaf_sp1,10,-0.19776279135153588,0.25035535781547014,0.39963314194236776,0.10179311455224874
pool_alloc_stem_sp1,10,0.7911241403528083,1.0580687548524739,1.0835199770678554,0.22204157054020596
pool_turnover_branch_sp1,10,0.45267327385200745,0.45286048459568046,0.3158492662618552,0.08170865223518518
pool_turnover_croot_sp1,10,-0.47323027102949256,0.47323027102949256,0.30924008367297373,0.09792705664796872
pool_turnover_froot_sp1,10,-0.21241488405760817,0.21241488405760817,0.16333270203912528,0.053671275673159886
pool_turnover_leaf_sp1,10,-0.19930613485142812,0.19967559739002583,0.2119455569513594,0.05818109932813751
pool_turnover_stem_sp1,10,12.91660536686384,12.997024814563124,10.732709013594576,3.0446795556925705
proj_cover,10,-4.312502523029492,4.35878389023412,6.068490993011012,1.7879223021730117
proj_fire_off,10,0.038276337181795406,0.038276337181795406,0.08866578947612411,0.027751019787327802
proj_fire_on,10,0.43472397960018244,0.43472397960018244,0.10848791948850048,0.03377297608235437
proj_mortality,10,0.5319471021207828,0.5354611581361295,0.4900309786541139,0.14061795753030187
proj_thinning_delta,10,19.773973938892695,19.773973938892695,12.442558281027793,3.6557747200001924
roth_c_cover_c,10,0.07106933546382707,0.07976413978745057,0.09883863713496877,0.0287526133242598
roth_c_dpm_frac_crop,10,-0.07080883985574854,0.07080883985574854,0.0685588380568506,0.0221651379998475
roth_c_dpm_frac_tree,10,0.04000351183803966,0.0776324322807702,0.10364293363410366,0.024936449469743313
roth_c_moisture_b_slope,10,-3.241468751759831,3.4105103477240726,3.8849079224378107,1.04068326347694
roth_c_temp_a1,10,0.8327017572026566,0.9298258222814967,0.8605963705827913,0.2242488856932079
roth_c_temp_a2,10,-1.2275134390770768,1.443035480085634,1.588255703213927,0.41782070374769886
thinning_fraction_branch_delta,10,0.011570962142208745,0.019113321588395377,0.025045645123509905,0.006228468114429779
thinning_fraction_croot_delta,10,0.00606463862869282,0.009893354584977743,0.01453297223830096,0.003740141258411646
thinning_fraction_froot_delta,10,0.002575990650343091,0.0040039350871830135,0.005537841586205165,0.0014040426557267688
thinning_fraction_leaf_delta,10,0.004427496029478617,0.008803212645091752,0.011901286174176422,0.002879428866151722
thinning_fraction_stem_delta,10,0.04631039710014206,0.06105240137422021,0.07090593668667715,0.01851337128604191
tree_carbon_sp1,10,0.4168491657159761,1.6994670707089692,2.1212692380853424,0.40515567542870673
tree_nitrogen_branch_sp1,10,0.0019164574242165999,0.0019164574242165999,0.0003867063681290102,0.0001157941181005843
tree_nitrogen_croot_sp1,10,0.0011529291723899992,0.0011529291723899992,0.000910874004243498,0.00025824371424027273
tree_nitrogen_froot_sp1,10,0.03168574475114802,0.03168574475114802,0.013714485840451348,0.004348338037796337
tree_nitrogen_leaf_sp1,10,0.049020826709330695,0.049020826709330695,0.0216053758984642,0.006450551233195904
tree_nitrogen_stem_sp1,10,0.004990043168331168,0.004990043168331168,0.0015001464275393901,0.00047727355421012593
tree_root_in_top_30,10,-0.22930175590357066,0.2590149295248156,0.33973999646439484,0.09945699927445366
tree_root_to_shoot_sp1,10,0.08294793369247985,0.21815889613117276,0.2503064719069988,0.03971951183975105
cy0,11,-0.19008729298503396,1.669444283042116,2.607856923458254,0.6003193692661232
clay,11,-0.948761388238724,1.1066553898477536,1.339761453019877,0.36506164341956043
temp_ci_delta,11,0.608071027041177,0.7028787018501753,0.6811698229859796,0.16404975214945003
rain_ci_delta,11,3.295772110136825,4.052518746455564,5.748083331112299,1.6932889658914156
evap_ci_delta,11,-0.14667745157914808,1.1720248375808535,2.4545730268163934,0.6728338616587682
ef_burn_crop_N2O_scale,11,-0.003327603001722389,0.0034728063259306676,0.0025192035771976823,0.0005980928663086449
ef_burn_crop_CH4_scale,11,-0.0125435401464842,0.012839927987752176,0.009503528698989454,0.0025326410642439834
ef_burn_tree_N2O_scale,11,0.008274553717754578,0.008274553717754578,0.006137639975632792,0.0017299353433513605
ef_burn_tree_CH4_scale,11,0.03158383323257461,0.03158383323257461,0.023031971822482306,0.007210860588932573
ef_N_inputs,11,-0.04272088415102232,0.051324250553616724,0.04063880411453433,0.010139034903217199
combustion_factor_crop,11,-0.014493638588728977,0.015388645910984647,0.012609924446930466,0.0032940759962572113
combustion_factor_tree,11,0.04286283604311976,0.04286283604311976,0.027481647234151925,0.008194339408106677
volatile_frac_organic_fertiliser,11,-0.002875425650973407,0.002875425650973407,0.00030556244209786266,8.220332913370354e-05
volatile_frac_synthetic_fertiliser,11,0.016297396888963016,0.016297396888963016,0.0016405654386362491,0.0005054828205225236
base_sf_qty_scale,11,-0.12981374696526454,0.12981374696526454,0.011684697112334184,0.0038287183019436372
proj_lit_qty_scale,11,-0.018621103444150782,0.024257736721225914,0.02782442682235339,0.008441120847797018
base_stand_density_scale,11,0.0,0.0,0.0,0.0
proj_stand_density_scale,11,-0.1864854326259749,1.314850523326863,1.7420503192633447,0.3608429253444408
tree_wood_dens_sp1,11,0.04512988772034225,1.0780620310605613,1.4692605413568967,0.32725769797744686
base_cover,11,1.6003275762648677,1.6003275762648677,2.090360231969411,0.658164588702697
base_fire_off,11,-0.024885313060658488,0.024885313060658488,0.0896922103141353,0.023475185917333687
base_fire_on,11,-0.03493285974000263,0.03493285974000263,0.005956144895642915,0.0018859905989436505
base_mortality,11,0.0,0.0,0.0,0.0
base_sf_n_delta,11,-0.13290163271820085,0.13290163271820085,0.013646164833617185,0.00455177140515171
base_thinning_delta,11,0.0,0.0,0.0,0.0
crop_base_left_delta,11,0.19264342952684094,0.19264342952684094,0.08343610473987083,0.026579807568346162
crop_base_yield_delta,11,0.11500764246390505,0.11647308228764501,0.10036356593550302,0.02959044715734473
crop_carbon_above_sp3,11,0.0017874868601855999,0.011466712478974178,0.015681199297028305,0.003181052670269177
crop_carbon_below_sp3,11,0.005941159926813844,0.017719688563264547,0.022548629028462174,0.004996675506015911
crop_intercept_sp3,11,-0.0007799622930426409,0.00559677609368644,0.00853271590359684,0.0018280772795548179
crop_nitrogen_above_sp3,11,-0.001382984947018981,0.0020823640549892134,0.00226785184514724,0.0005020846647998467
crop_nitrogen_below_sp3,11,-0.0031851691322612743,0.0031851691322612743,0.0007438279445780651,0.00023880611581068468
crop_carbon_above_sp10,11,0.08029249579577612,0.08029249579577612,0.03592983489997386,0.009634131406000947
crop_carbon_below_sp10,11,0.03263766698352771,0.03263766698352771,0.016882412105807713,0.005205753268042294
crop_intercept_sp10,11,0.023490005019626538,0.02349420939885917,0.01283680445748213,0.0034898175839685477
crop_nitrogen_above_sp10,11,-0.0070816779750791665,0.0070816779750791665,0.0014323384656657612,0.00043741116246517165
crop_nitrogen_below_sp10,11,-0.0044574072401059265,0.0044574072401059265,0.0014506415250372016,0.00043335930573446256
crop_proj_left_delta,11,-0.019949715320510302,0.022457622025907103,0.02411608804128313,0.006312862975074984
crop_proj_yield_delta,11,0.10854598266443805,0.11263418000433507,0.05748098554019771,0.013284774947919475
crop_root_in_top_30,11,0.03297578919534348,0.03555092813588852,0.03080724109104285,0.008603172598546132
crop_root_to_shoot_sp3,11,0.003398176455037065,0.013128158344531998,0.017859517889336565,0.0037184576114616666
crop_slope_sp3,11,-0.0006823250563361777,0.0052972277366618,0.007764936948927866,0.0016488461593200843
crop_root_to_shoot_sp10,11,0.028870142354459487,0.028870142354459487,0.015573967799826869,0.005118006552751173
crop_slope_sp10,11,0.04712801904047151,0.04712801904047151,0.032500771709015566,0.00974124687986599
cy0_to_ceq_multiplier,11,-0.011757969854645384,0.06294966773519892,0.15161783680693147,0.04235503935208793
litter_carbon,11,-0.0468302386114948,0.0468302386114948,0.027351247965224396,0.00832567978675036
litter_nitrogen,11,0.023840581492758077,0.023840581492758077,0.002622228051293997,0.0007248192172948589
mortality_fraction_branch_delta,11,-0.017037917952065558,0.019559203183723846,0.02132231358833434,0.004999603593731925
mortality_fraction_croot_delta,11,-0.006777127755977842,0.007682745025736816,0.011271716000076919,0.003312613251212573
mortality_fraction_froot_delta,11,-0.002210561948002329,0.003260860382618633,0.00506675092919363,0.0013826841953020503
mortality_fraction_leaf_delta,11,-0.004997410195949903,0.006742361841810185,0.010290482216875082,0.0027222541896814918
mortality_fraction_stem_delta,11,-0.03442460987700006,0.049703930656760056,0.07866000913994652,0.021025979307861226
pool_alloc_froot_sp1,11,-0.08179109615521994,0.12598479454763348,0.1957840287826243,0.056939730453913824
pool_alloc_leaf_sp1,11,-0.14677745390314412,0.23484513711432448,0.39283929925856387,0.09873792736441439
pool_alloc_stem_sp1,11,0.7837806723054472,1.1925474937818055,1.2289236648126003,0.23293658097035166
pool_turnover_branch_sp1,11,0.5702461622410103,0.5702461622410103,0.3214242130308653,0.08590760918537575
pool_turnover_croot_sp1,11,-0.2950864512803999,0.30141130084846757,0.2990676241572202,0.09209962384073661
pool_turnover_froot_sp1,11,-0.13089480798043024,0.1352282353946337,0.14354910578397279,0.04646195004098359
pool_turnover_leaf_sp1,11,-0.13648786804178023,0.1403757967180785,0.2037186151288796,0.05648146444362539
pool_turnover_stem_sp1,11,16.17664769283526,16.17664769283526,11.689274091776069,3.4272826389702407
proj_cover,11,-3.628583882953324,3.6715989532652147,5.455145112261471,1.5839596511437655
proj_fire_off,11,0.03827633718179544,0.03827633718179544,0.08866578947612394,0.02775101978732775
proj_fire_on,11,0.43743325281983053,0.43743325281983053,0.1231159530820766,0.038769944712782535
proj_mortality,11,0.6221143340718422,0.6226152355248453,0.5217184556580896,0.15418478882414136
proj_thinning_delta,11,13.464837215580365,13.464837215580365,13.884890505243053,4.124567333362439
roth_c_cover_c,11,0.0612470428259446,0.06896841136690435,0.09432757554614137,0.027662111078129374
roth_c_dpm_frac_crop,11,-0.05874954659043915,0.05874954659043915,0.060796549834899176,0.019465857659755666
roth_c_dpm_frac_tree,11,0.03794696603706725,0.06674259438072869,0.0954307635264333,0.024728862345800528
roth_c_moisture_b_slope,11,-2.9372789748016435,3.0947676443711924,3.7035728926213536,0.9868790906217552
roth_c_temp_a1,11,0.7782568096965559,0.8494567896337311,0.8089097577591726,0.2191595103817365
roth_c_temp_a2,11,-1.0705701846698148,1.2525053829425679,1.44796206708058,0.3956755785189856
thinning_fraction_branch_delta,11,-0.09935372096001661,0.09935372096001661,0.0983762775768688,0.02620172651924599
thinning_fraction_croot_delta,11,-0.041541514803329196,0.04174081043977462,0.038242250489499974,0.011675126488230938
thinning_fraction_froot_delta,11,-0.019088263704400154,0.019088263704400154,0.019932920904611094,0.005082051182371792
thinning_fraction_leaf_delta,11,-0.03093176978967156,0.031074327250173582,0.0313317303061794,0.010493396056254881
thinning_fraction_stem_delta,11,-0.18900307266766112,0.19814186676845322,0.2694603933448707,0.08557607935836258
tree_carbon_sp1,11,-0.1767968321878368,1.3393901225789808,1.8935200863884518,0.39586984583497764
tree_nitrogen_branch_sp1,11,0.0020938171632240267,0.0020938171632240267,0.0004520471874476216,0.00013206964120393198
tree_nitrogen_croot_sp1,11,0.0011875087439002896,0.0011875087439002896,0.0009315749765468658,0.00026286464465482656
tree_nitrogen_froot_sp1,11,0.03064381403247553,0.03064381403247553,0.014711760731367894,0.004654609732985106
tree_nitrogen_leaf_sp1,11,0.04745199877443691,0.04745199877443691,0.023425364972122144,0.007002747902075812
tree_nitrogen_stem_sp1,11,0.004996915569850507,0.004996915569850507,0.0014129913698082777,0.000474440407622454
tree_root_in_top_30,11,-0.20483259090500328,0.23858893325203576,0.32827077319022546,0.09381683559707499
tree_root_to_shoot_sp1,11,-0.009080853345053758,0.14479300482804933,0.2178836714248506,0.04460544591810382
cy0,12,-0.1770333235598363,1.5451111955547039,2.419160168651474,0.5611797985373511
clay,12,-0.8521820806370372,0.9843236445253372,1.2559146733530442,0.34817981320677177
temp_ci_delta,12,0.526221715607959,0.6283570189030541,0.6626580722442785,0.16593483013518162
rain_ci_delta,12,2.500435139075502,3.398915337829071,4.849228242005872,1.3444272152123198
evap_ci_delta,12,0.03633691026112189,1.0454904548224815,2.1964215997408445,0.6165049733540054
ef_burn_crop_N2O_scale,12,-0.0036387881242614718,0.0037515118740696573,0.0025092708253812365,0.0005998161336372468
ef_burn_crop_CH4_scale,12,-0.013689076860133351,0.013890070420817722,0.009499423496897492,0.002588563420947314
ef_burn_tree_N2O_scale,12,0.007486867352754667,0.007486867352754667,0.0057522309309227726,0.0016525613322749078
ef_burn_tree_CH4_scale,12,0.02921514603678817,0.02921514603678817,0.02217399440439719,0.006878466940680303
ef_N_inputs,12,-0.05114476044202423,0.05953860491365696,0.04360179383231393,0.010938639786020088
combustion_factor_crop,12,-0.015907965509252858,0.01649480824505751,0.012651134309522964,0.0034032416469157788
combustion_factor_tree,12,0.03921676960680408,0.03921676960680408,0.026730593274675557,0.007777933372988594
volatile_frac_organic_fertiliser,12,-0.0028754256509733677,0.0028754256509733677,0.00030556244209792066,8.220332913373491e-05
volatile_frac_synthetic_fertiliser,12,0.016297396888962878,0.016297396888962878,0.0016405654386364057,0.0005054828205225466
base_sf_qty_scale,12,-0.12981374696526457,0.12981374696526457,0.011684697112334101,0.0038287183019435882
proj_lit_qty_scale,12,-0.015450054844517516,0.021886642456117624,0.025528258079034777,0.007453705408942478
base_stand_density_scale,12,0.0,0.0,0.0,0.0
proj_stand_density_scale,12,0.07771348621736274,1.3161568791765648,1.706564133842789,0.3292745164978521
tree_wood_dens_sp1,12,0.320187819835699,1.139307258153394,1.453915063260544,0.3072527424000106
base_cover,12,1.5030575497862118,1.5030575497862118,1.9741133938549158,0.6193117152629558
base_fire_off,12,-0.024885313060658453,0.024885313060658453,0.08969221031413516,0.023475185917333646
base_fire_on,12,-0.03493285974000261,0.03493285974000261,0.005956144895642618,0.001885990598943543
base_mortality,12,0.0,0.0,0.0,0.0
base_sf_n_delta,12,-0.1329016327182007,0.1329016327182007,0.013646164833617335,0.004551771405151875
base_thinning_delta,12,0.0,0.0,0.0,0.0
crop_base_left_delta,12,0.1831595731981273,0.1831595731981273,0.07931380537073923,0.025202196838024906
crop_base_yield_delta,12,0.10440778550790704,0.1063959975683734,0.09580713534965385,0.02793144642942877
crop_carbon_above_sp3,12,0.015258868222827562,0.017499158163682707,0.013765895018348562,0.003527419690384724
crop_carbon_below_sp3,12,0.04680000844345276,0.04680000844345276,0.018619214339881507,0.006488558705713791
crop_intercept_sp3,12,-0.0007505678986829675,0.005246929697170414,0.00798926014759684,0.0017087479847772836
crop_nitrogen_above_sp3,12,-0.0027879445380390388,0.0029218895374227226,0.0021331911774846533,0.0006244334717795307
crop_nitrogen_below_sp3,12,-0.006290349959597241,0.006290349959597241,0.0010248475026809803,0.00032139313299656597
crop_carbon_above_sp10,12,0.07335060433304143,0.07335060433304143,0.03345840376373467,0.008975336655588828
crop_carbon_below_sp10,12,0.02980357224104415,0.02980357224104415,0.01587517502746928,0.004868466094727039
crop_intercept_sp10,12,0.021163350934585653,0.021207600607292317,0.011862404336349447,0.0032006366601006636
crop_nitrogen_above_sp10,12,-0.0070816779750791535,0.0070816779750791535,0.001432338465665377,0.000437411162465012
crop_nitrogen_below_sp10,12,-0.004457407240105568,0.004457407240105568,0.001450641525037217,0.00043335930573450073
crop_proj_left_delta,12,0.002533986615887504,0.014856822500792668,0.020213755954863303,0.003980363549472212
crop_proj_yield_delta,12,0.10834536296580417,0.11247459452868705,0.05774798396089642,0.013296615536508842
crop_root_in_top_30,12,0.06583402198223323,0.06583402198223323,0.03132826394688029,0.009572321457800917
crop_root_to_shoot_sp3,12,0.040432520971589066,0.040432520971589066,0.01876009213658324,0.005377100566067459
crop_slope_sp3,12,0.013071473225457587,0.013223569454772632,0.006858751205509852,0.0019126553286871366
crop_root_to_shoot_sp10,12,0.026171567185236284,0.026171567185236284,0.014492223555133257,0.004766676912686735
crop_slope_sp10,12,0.041163270462739904,0.041163270462739904,0.029622334696028114,0.00888062557205098
cy0_to_ceq_multiplier,12,-0.009559365760701608,0.05389085421098642,0.13115398510851142,0.03712675011863634
litter_carbon,12,-0.043582622433610996,0.043582622433610996,0.025089805101805734,0.007646978389079734
litter_nitrogen,12,0.02384058149275766,0.02384058149275766,0.0026222280512942877,0.0007248192172949096
mortality_fraction_branch_delta,12,-0.015083975937172884,0.017297882838491967,0.019268244392716207,0.004465662818393428
mortality_fraction_croot_delta,12,-0.005980434734558576,0.0070205539475405475,0.01105353230618997,0.0032573608190027393
mortality_fraction_froot_delta,12,-0.0019076973631400706,0.002957475057601977,0.004866537285041276,0.001365902244505414
mortality_fraction_leaf_delta,12,-0.004494964822022699,0.006449969887190201,0.009970902647362539,0.0025758879179401777
mortality_fraction_stem_delta,12,-0.03134771660537373,0.04742283186587114,0.07800139844638035,0.02063973193505361
pool_alloc_froot_sp1,12,-0.053919281839455144,0.11755844469966337,0.18899662170917378,0.053083890389353905
pool_alloc_leaf_sp1,12,-0.10644683636079078,0.2296835922991966,0.38905303394557555,0.095303704944804
pool_alloc_stem_sp1,12,0.6945923598330774,1.0787403108003706,1.149412898448393,0.21584354019090032
pool_turnover_branch_sp1,12,0.5280512250203971,0.5280512250203971,0.3606559103528516,0.0953580021437712
pool_turnover_croot_sp1,12,-0.2585957425776987,0.27070223120898695,0.2791078647439018,0.08496782148127928
pool_turnover_froot_sp1,12,-0.11319271898082102,0.11879033501127886,0.1330068915096206,0.04251798210411289
pool_turnover_leaf_sp1,12,-0.12188322257273891,0.12707271058483394,0.19372317887083168,0.05508333133812846
pool_turnover_stem_sp1,12,14.409551527768262,14.455101203651523,12.44412682129123,3.5917523606389774
proj_cover,12,-2.841186022358056,2.890112339838686,4.785685053354867,1.3767665613591102
proj_fire_off,12,0.03588058569107092,0.03588058569107092,0.0843860901557682,0.02649264881855669
proj_fire_on,12,0.39979786914774484,0.39979786914774484,0.12912679635116878,0.04041821920006176
proj_mortality,12,0.5915317888010305,0.5943768973683363,0.5892960596916179,0.17309375587111012
proj_thinning_delta,12,15.465203705054417,15.465203705054417,14.016846860365634,4.143861203858982
roth_c_cover_c,12,0.050333332162940156,0.058318483580276234,0.09003516755025222,0.02632414969799627
roth_c_dpm_frac_crop,12,-0.08449828562773096,0.08449828562773096,0.05440182924125826,0.017143165884182972
roth_c_dpm_frac_tree,12,0.012008997062794333,0.06279727960737692,0.0931092463138924,0.022134680638201273
roth_c_moisture_b_slope,12,-2.568694381179968,2.7217532796775514,3.4867137523722245,0.9263202991944924
roth_c_temp_a1,12,0.6708223813502272,0.7538037602434124,0.777776543309947,0.21047827030930968
roth_c_temp_a2,12,-0.8263670968913199,1.037967831731257,1.3474632242124425,0.37443109024796645
thinning_fraction_branch_delta,12,0.04342576829564441,0.04342576829564441,0.041012884086951265,0.012664657952873611
thinning_fraction_croot_delta,12,0.019503732529095562,0.020778208513282093,0.01630997110482569,0.004383258278745696
thinning_fraction_froot_delta,12,0.008374816571674682,0.008374816571674682,0.007931440138391808,0.0025352934124169145
thinning_fraction_leaf_delta,12,0.01447651481430277,0.014627678795825822,0.013267184176520761,0.004110374753075468
thinning_fraction_stem_delta,12,0.10512601063017382,0.10512601063017382,0.08371154467113519,0.024241164080787626
tree_carbon_sp1,12,0.08414018965949369,1.3936994246982652,1.9450108213909476,0.4023355311765713
tree_nitrogen_branch_sp1,12,0.001763279433269907,0.001763279433269907,0.0004254967329356354,0.00011878974610546324
tree_nitrogen_croot_sp1,12,0.001081329275101231,0.001081329275101231,0.0009812296962411894,0.0002812701376478077
tree_nitrogen_froot_sp1,12,0.029557328457686723,0.029557328457686723,0.015681450368454395,0.004957021490805754
tree_nitrogen_leaf_sp1,12,0.045996261715916434,0.045996261715916434,0.025266544981172468,0.007570040941410344
tree_nitrogen_stem_sp1,12,0.004318375284011594,0.004318375284011594,0.0014689545049505247,0.00048366966600185934
tree_root_in_top_30,12,-0.146070559780327,0.21578599358063127,0.3283268278111993,0.08644495696309355
tree_root_to_shoot_sp1,12,0.01344085752329868,0.15726091559083513,0.22249525629944333,0.04249182307100248
cy0,13,-0.1644137645262501,1.4245113355761014,2.2373500852035315,0.5232784755364505
clay,13,-0.7922512478957622,0.909082871707079,1.2044302200636872,0.3355037789779847
temp_ci_delta,13,0.46135300161498505,0.5660202620052655,0.6522782941840406,0.17117509525939476
rain_ci_delta,13,1.8781430668522252,2.864195887605051,4.166958445441259,1.0890877507911785
evap_ci_delta,13,0.15558765346461612,0.9462096540836116,2.018740450927206,0.5783072942249663
ef_burn_crop_N2O_scale,13,-0.003638788124261072,0.003751511874069258,0.002509270825381171,0.0005998161336373476
ef_burn_crop_CH4_scale,13,-0.013689076860133476,0.013890070420817713,0.009499423496897908,0.0025885634209475736
ef_burn_tree_N2O_scale,13,0.007219225958119996,0.007219225958119996,0.005682072245206053,0.001641381469397798
ef_burn_tree_CH4_scale,13,0.028339857105355505,0.028339857105355505,0.021815405483136867,0.006706689429707862
ef_N_inputs,13,-0.0529396666058488,0.06272341881654961,0.04657866663769665,0.011327684447765532
combustion_factor_crop,13,-0.015907965509252775,0.016494808245057557,0.012651134309523141,0.0034032416469158256
combustion_factor_tree,13,0.038024736347833134,0.038024736347833134,0.026971764898601903,0.007800305300766735
volatile_frac_organic_fertiliser,13,-0.0028754256509735177,0.0028754256509735177,0.00030556244209801976,8.22033291337645e-05
volatile_frac_synthetic_fertiliser,13,0.016297396888962846,0.016297396888962846,0.0016405654386363962,0.0005054828205225549
base_sf_qty_scale,13,-0.1298137469652647,0.1298137469652647,0.011684697112334158,0.003828718301943615
proj_lit_qty_scale,13,-0.012706601719342916,0.019914137099265698,0.023602509221664052,0.006621003091523793
base_stand_density_scale,13,0.0,0.0,0.0,0.0
proj_stand_density_scale,13,0.03808776876720334,1.2368295320329412,1.6590166774405453,0.3365130892254255
tree_wood_dens_sp1,13,0.2839323690456042,1.0897345969976713,1.4183788079319954,0.3028558914680885
base_cover,13,1.4123710115680876,1.4123710115680876,1.8628184619326131,0.581988448665095
base_fire_off,13,-0.024885313060658488,0.024885313060658488,0.0896922103141353,0.023475185917333687
base_fire_on,13,-0.034932859740002764,0.034932859740002764,0.005956144895643185,0.0018859905989437335
base_mortality,13,0.0,0.0,0.0,0.0
base_sf_n_delta,13,-0.13290163271820066,0.13290163271820066,0.013646164833617276,0.004551771405151854
base_thinning_delta,13,0.0,0.0,0.0,0.0
crop_base_left_delta,13,0.17470478048454718,0.17470478048454718,0.075754958098718,0.024021645807990877
crop_base_yield_delta,13,0.09499425969757448,0.09765891250609313,0.09199287369176982,0.02649326312971257
crop_carbon_above_sp3,13,0.010763076808849739,0.013652614585637648,0.012908049227581177,0.0032024583667247743
crop_carbon_below_sp3,13,0.03335035816710401,0.033617075739086386,0.017389717519596986,0.005925087899225286
crop_intercept_sp3,13,-0.0007305131253339508,0.004964145501709668,0.007556326219871784,0.0016162951103866042
crop_nitrogen_above_sp3,13,-0.0027879445380387556,0.0029218895374225062,0.0021331911774849503,0.0006244334717795848
crop_nitrogen_below_sp3,13,-0.006290349959597532,0.006290349959597532,0.0010248475026809415,0.00032139313299651496
crop_carbon_above_sp10,13,0.06766409846681182,0.06766409846681182,0.031330153987983805,0.008410913717857673
crop_carbon_below_sp10,13,0.027463224580187424,0.027463224580187424,0.015011643664718868,0.004577255228255118
crop_intercept_sp10,13,0.019259300598969777,0.019336218397010975,0.01104825948064521,0.0029631464808044725
crop_nitrogen_above_sp10,13,-0.0070816779750791205,0.0070816779750791205,0.0014323384656655448,0.0004374111624650551
crop_nitrogen_below_sp10,13,-0.00445740724010586,0.00445740724010586,0.001450641525037166,0.0004333593057344451
crop_proj_left_delta,13,-0.008277666553087154,0.013417717423035675,0.01953699512550958,0.004749174009390099
crop_proj_yield_delta,13,0.10902033445448411,0.11327579878863547,0.058268597196778155,0.013365743510386597
crop_root_in_top_30,13,0.04997962126892753,0.04997962126892753,0.030044468025351313,0.009265137133451068
crop_root_to_shoot_sp3,13,0.026931186910697576,0.02732414724216809,0.01778988343546706,0.004826827206888598
crop_slope_sp3,13,0.007414011262358039,0.008155265602780754,0.006568498921104111,0.001679692135711099
crop_root_to_shoot_sp10,13,0.023949808342968414,0.023949808342968414,0.013599043638668956,0.004474522874344868
crop_slope_sp10,13,0.036294833960530806,0.036294833960530806,0.0271541489178554,0.008131625685969274
cy0_to_ceq_multiplier,13,-0.007787070402193563,0.046364356947236854,0.11412096467171137,0.03273575428634335
litter_carbon,13,-0.04077788889654261,0.04077788889654261,0.023160360408205995,0.007066891444337598
litter_nitrogen,13,0.02384058149275766,0.02384058149275766,0.0026222280512939317,0.0007248192172947829
mortality_fraction_branch_delta,13,-0.013187255591499575,0.01538540878156815,0.01779493639302836,0.0040732081056043465
mortality_fraction_croot_delta,13,-0.005286558472858316,0.006623935829786254,0.010975763700322296,0.003190653344321806
mortality_fraction_froot_delta,13,-0.0016219271488114196,0.00272353629381874,0.004766622408544629,0.0013644190406892388
mortality_fraction_leaf_delta,13,-0.004040949088970019,0.006191090127219662,0.009764903171002369,0.002476177149448669
mortality_fraction_stem_delta,13,-0.028805669642986337,0.045473655770475144,0.07781345699758954,0.02049191792142414
pool_alloc_froot_sp1,13,-0.04310270043310894,0.1101200546572522,0.18300337762360663,0.05183996596460219
pool_alloc_leaf_sp1,13,-0.08992173376315152,0.2209158750081186,0.38351403786303,0.0940292147310634
pool_alloc_stem_sp1,13,0.6404533186264747,1.045059529197066,1.1418665244843669,0.2129678342921236
pool_turnover_branch_sp1,13,0.5332101723799985,0.5336626040418329,0.3879902548765563,0.10247367875867557
pool_turnover_croot_sp1,13,-0.22541880716194718,0.2432306569463699,0.26693157863899286,0.07953674612034213
pool_turnover_froot_sp1,13,-0.09707241498456332,0.10361309982907263,0.1267405792312956,0.040330241423174526
pool_turnover_leaf_sp1,13,-0.10793173364868672,0.1149064222608706,0.1871360726391856,0.05441904528439283
pool_turnover_stem_sp1,13,14.196230306700482,14.289098123344711,13.171619577677664,3.7896523375693016
proj_cover,13,-2.2127630717120907,2.365337682231019,4.270237276201625,1.2150858923379089
proj_fire_off,13,0.03588058569107109,0.03588058569107109,0.08438609015576867,0.026492648818556893
proj_fire_on,13,0.3894760356802963,0.3894760356802963,0.1385894745419262,0.04354001386560462
proj_mortality,13,0.6008247695975192,0.6046493187688751,0.6467849755344734,0.19117045256979004
proj_thinning_delta,13,14.847237953167419,14.847237953167419,14.692075549476325,4.342307159995856
roth_c_cover_c,13,0.04178131711911992,0.05279152206450484,0.08707499297919373,0.024942724624962807
roth_c_dpm_frac_crop,13,-0.0699771947628405,0.0699771947628405,0.05585104829491645,0.01721557863268907
roth_c_dpm_frac_tree,13,0.005973767830412638,0.05606233463345667,0.08845255160514325,0.02233720865863562
roth_c_moisture_b_slope,13,-2.2559423482509464,2.405198327193589,3.3367197593383477,0.8853582206752605
roth_c_temp_a1,13,0.5859915331297678,0.6765374126628995,0.7526781471441786,0.2038941152047568
roth_c_temp_a2,13,-0.63777707328678,0.9010250193164226,1.2821826037363626,0.3571354225380744
thinning_fraction_branch_delta,13,0.02734534227615355,0.02742079659744264,0.027852584395067156,0.008569634679730662
thinning_fraction_croot_delta,13,0.011621127353701086,0.01272451514502885,0.01091836206615476,0.002846756286128887
thinning_fraction_froot_delta,13,0.00603915224967258,0.00603915224967258,0.005994603389698817,0.0019275058878695265
thinning_fraction_leaf_delta,13,0.00953558519355846,0.009805786828441737,0.009445904475546777,0.002966692648051894
thinning_fraction_stem_delta,13,0.06525552962649779,0.06571321697930455,0.059854729997477284,0.018959617959186284
tree_carbon_sp1,13,0.04539601636618369,1.3283802846023796,1.92639404365678,0.4120366435071678
tree_nitrogen_branch_sp1,13,0.0017134479341328,0.0017134479341328,0.0004536143241875018,0.0001243855022467113
tree_nitrogen_croot_sp1,13,0.0010614398296093647,0.0010614398296093647,0.0010228462795706164,0.00029419337399177114
tree_nitrogen_froot_sp1,13,0.029001525441772886,0.029001525441772886,0.01659417019608378,0.005249020246698691
tree_nitrogen_leaf_sp1,13,0.045253906270297295,0.045253906270297295,0.027061917938766698,0.008108846083766589
tree_nitrogen_stem_sp1,13,0.0040892019982736545,0.0040892019982736545,0.001473666312066119,0.0004894452038609362
tree_root_in_top_30,13,-0.1332409241107066,0.2023807279446023,0.3218939485210346,0.08408035493918996
tree_root_to_shoot_sp1,13,0.007082119153654179,0.15100350755175224,0.22116631872182785,0.04377434738030629
cy0,14,-0.15220927961773972,1.3083940730334054,2.0632534061312935,0.48676050540904786
clay,14,-0.7422936988967027,0.856979741237811,1.1791105086396856,0.32584218714125196
temp_ci_delta,14,0.4140644775948427,0.5018251373082957,0.6319815169648343,0.17573717455660726
rain_ci_delta,14,1.447161320015383,2.478267802019127,3.717063726686156,0.9320675557143459
evap_ci_delta,14,0.19177129588135897,0.8682544583154804,1.8715459781213164,0.5395066265057749
ef_burn_crop_N2O_scale,14,-0.0036387881242613716,0.003751511874069624,0.0025092708253812864,0.0005998161336373035
ef_burn_crop_CH4_scale,14,-0.013689076860133325,0.013890070420817562,0.009499423496897646,0.002588563420947517
ef_burn_tree_N2O_scale,14,0.006982160655681901,0.006982160655681901,0.005640371310288935,0.0016381251725889829
ef_burn_tree_CH4_scale,14,0.02756379345444369,0.02756379345444369,0.021562052807374662,0.006575209340762613
ef_N_inputs,14,-0.05447346066397616,0.06569742727374331,0.04952885346345947,0.011699800602904709
combustion_factor_crop,14,-0.015907965509253216,0.016494808245057932,0.012651134309522777,0.003403241646915766
combustion_factor_tree,14,0.03698222543419414,0.03698222543419414,0.027316504834210095,0.007864061710468403
volatile_frac_organic_fertiliser,14,-0.0028754256509734093,0.0028754256509734093,0.0003055624420978819,8.2203329133698e-05
volatile_frac_synthetic_fertiliser,14,0.016297396888962985,0.016297396888962985,0.001640565438636376,0.0005054828205225305
base_sf_qty_scale,14,-0.1298137469652644,0.1298137469652644,0.011684697112334386,0.003828718301943769
proj_lit_qty_scale,14,-0.01031577119509618,0.018418209953627175,0.021990605687204682,0.005851023181971855
base_stand_density_scale,14,0.0,0.0,0.0,0.0
proj_stand_density_scale,14,0.01779853578415304,1.179124460511517,1.6253428039521625,0.34242701411616044
tree_wood_dens_sp1,14,0.26780223069540127,1.0606796381763968,1.3961637620790028,0.29816879569173166
base_cover,14,1.3276334420531763,1.3276334420531763,1.7565215084211427,0.5462637482006392
base_fire_off,14,-0.02488531306065852,0.02488531306065852,0.0896922103141354,0.023475185917333708
base_fire_on,14,-0.03493285974000262,0.03493285974000262,0.0059561448956428585,0.001885990598943662
base_mortality,14,0.0,0.0,0.0,0.0
base_sf_n_delta,14,-0.13290163271820088,0.13290163271820088,0.013646164833617205,0.004551771405151728
base_thinning_delta,14,0.0,0.0,0.0,0.0
crop_base_left_delta,14,0.167113602233902,0.167113602233902,0.07267081779150736,0.023007357718173988
crop_base_yield_delta,14,0.08655392847085042,0.09005715309596336,0.08877901366248195,0.02522601794716717
crop_carbon_above_sp3,14,0.009025920442619104,0.012051594163025467,0.012237884888373553,0.0030260163116064783
crop_carbon_below_sp3,14,0.027965439223675233,0.02844171064170497,0.01668454219255083,0.0055485640946872665
crop_intercept_sp3,14,-0.0007171477979451689,0.004734823173344679,0.007209886327221043,0.0015444181920745547
crop_nitrogen_above_sp3,14,-0.002787944538038939,0.002921889537422423,0.0021331911774848953,0.0006244334717798067
crop_nitrogen_below_sp3,14,-0.00629034995959712,0.00629034995959712,0.001024847502681042,0.0003213931329965957
crop_carbon_above_sp10,14,0.06289968831596107,0.06289968831596107,0.029509540766318475,0.007928414156057736
crop_carbon_below_sp10,14,0.025488666478322524,0.025488666478322524,0.014274891818883284,0.0043281205034038225
crop_intercept_sp10,14,0.0176669473027734,0.017772065024048017,0.010374199464577365,0.0027686290706662228
crop_nitrogen_above_sp10,14,-0.007081677975079012,0.007081677975079012,0.001432338465665875,0.00043741116246521686
crop_nitrogen_below_sp10,14,-0.004457407240105573,0.004457407240105573,0.0014506415250371309,0.00043335930573446105
crop_proj_left_delta,14,-0.01318895736859146,0.01588466349320996,0.019195480908671177,0.004977440324882026
crop_proj_yield_delta,14,0.11017283328816094,0.1144864724975958,0.05887745833470774,0.013501384891157575
crop_root_in_top_30,14,0.04280992629050759,0.04292891393728239,0.029035655046379505,0.008919462607618103
crop_root_to_shoot_sp3,14,0.02150867915763923,0.021995477160718202,0.01730472920348627,0.004668255332000313
crop_slope_sp3,14,0.00513192658829017,0.006284132147983757,0.006413870830953421,0.0015698570135158514
crop_root_to_shoot_sp10,14,0.02207645181364581,0.02207645181364581,0.012865257835083624,0.0042339274732852705
crop_slope_sp10,14,0.0322114723427287,0.032228730154706245,0.0250607344575714,0.007481145273188414
cy0_to_ceq_multiplier,14,-0.006307840271161935,0.04005711025275925,0.09980830946670194,0.029006196065967348
litter_carbon,14,-0.038336824654890835,0.038336824654890835,0.021514030589831024,0.006570173499180201
litter_nitrogen,14,0.023840581492757792,0.023840581492757792,0.0026222280512942986,0.0007248192172948097
mortality_fraction_branch_delta,14,-0.011484271727066895,0.013790617879535772,0.016703026811869512,0.003791938640824581
mortality_fraction_croot_delta,14,-0.0047206820755301155,0.0063085934038464644,0.010980568317121794,0.0031583593330127982
mortality_fraction_froot_delta,14,-0.0013802541543278478,0.002541287752391791,0.004726623084711172,0.0013713821163865343
mortality_fraction_leaf_delta,14,-0.003664463327874223,0.005957650874956056,0.009630810786450393,0.002415617577797159
mortality_fraction_stem_delta,14,-0.026904212341375345,0.04446545398706527,0.07791560360806403,0.020423897495732615
pool_alloc_froot_sp1,14,-0.033628454793066365,0.10402973369300203,0.1792230299205498,0.051195158672436035
pool_alloc_leaf_sp1,14,-0.07632780607592292,0.2155047765662,0.38073793309622456,0.09354779146384705
pool_alloc_stem_sp1,14,0.5868548462467219,1.008373945298628,1.1320132349732777,0.2108361911217381
pool_turnover_branch_sp1,14,0.5330724871227325,0.5343955939431577,0.4156156827571934,0.1096113573658165
pool_turnover_croot_sp1,14,-0.1972495576877296,0.21941803897706916,0.25877907314691373,0.07574842055827538
pool_turnover_froot_sp1,14,-0.0833389116398511,0.09228544572422068,0.12316887961802833,0.03897536504829343
pool_turnover_leaf_sp1,14,-0.09568656531729881,0.10519072956404832,0.18246239135937667,0.05381467992781974
pool_turnover_stem_sp1,14,13.896595300958614,14.057019022622962,13.86231772132002,3.9795783569516723
proj_cover,14,-1.8284580669384483,2.0904508141282756,3.9447677415056273,1.1125206559222072
proj_fire_off,14,0.035880585691070985,0.035880585691070985,0.08438609015576835,0.026492648818556744
proj_fire_on,14,0.38034820514285406,0.38034820514285406,0.1477816529400948,0.046581249458670114
proj_mortality,14,0.607638743154188,0.6130457124941499,0.7069396045081285,0.2100030492914687
proj_thinning_delta,14,14.440694475537722,14.46168426164808,15.290333103570804,4.520620596816207
roth_c_cover_c,14,0.03494917248302675,0.049093455243950826,0.08390963519419066,0.023329417482127662
roth_c_dpm_frac_crop,14,-0.05675095659119187,0.05675095659119187,0.05177654672567755,0.015820064685636407
roth_c_dpm_frac_tree,14,0.002552983640564299,0.05252302475273487,0.08571262306516243,0.02238208075715292
roth_c_moisture_b_slope,14,-1.9687191194560356,2.1492496177872153,3.2025396692419013,0.8388133518212179
roth_c_temp_a1,14,0.5245566392817352,0.6059540864776046,0.7137168007518325,0.1936573376233471
roth_c_temp_a2,14,-0.5135447932355237,0.819127679868154,1.2074250238707598,0.334812743533481
thinning_fraction_branch_delta,14,0.021040114321984625,0.021040114321984625,0.025572291766284554,0.007831901368295403
thinning_fraction_croot_delta,14,0.008313008408420381,0.009050166553206479,0.009509070044072424,0.00262958352381099
thinning_fraction_froot_delta,14,0.005090564503935431,0.005090564503935431,0.005518732881220413,0.001744769965325926
thinning_fraction_leaf_delta,14,0.007554552403725223,0.007716413791310206,0.008429872553958129,0.002667354940237796
thinning_fraction_stem_delta,14,0.04753845570558184,0.04759988801364269,0.053733758396489875,0.01790599345160118
tree_carbon_sp1,14,0.02094153679600867,1.2895241102963653,1.9262515145971504,0.422010911844218
tree_nitrogen_branch_sp1,14,0.001666137199445003,0.001666137199445003,0.00048388366106187907,0.0001312847911669718
tree_nitrogen_croot_sp1,14,0.0010446807117810001,0.0010446807117810001,0.0010675043502329255,0.00030801365318320077
tree_nitrogen_froot_sp1,14,0.028522974377022402,0.028522974377022402,0.01748331242743977,0.005533353795621943
tree_nitrogen_leaf_sp1,14,0.04462733763010647,0.04462733763010647,0.028852484724066596,0.008644555236654963
tree_nitrogen_stem_sp1,14,0.0038889148501039515,0.0038889148501039515,0.001488273418216061,0.0004966071372168439
tree_root_in_top_30,14,-0.12130557049877837,0.19227445999143009,0.31905285637302405,0.08263830694802722
tree_root_to_shoot_sp1,14,0.002191122715880689,0.14695602643887745,0.2214557062725837,0.04511200142650538
cy0,15,-0.14042485897572982,1.1972293127789864,1.8973875147256496,0.45173957476212107
clay,15,-0.6970729060256126,0.8187225308363507,1.1696686381502661,0.31974239546762456
temp_ci_delta,15,0.3754870580055935,0.46078440170172785,0.6184986413771307,0.17366685566042425
rain_ci_delta,15,1.1467862254505414,2.2521653905099788,3.407314379577649,0.8230450909556146
evap_ci_delta,15,0.19371939890532547,0.8157766676696742,1.748945514731065,0.5019345422283986
ef_burn_crop_N2O_scale,15,-0.003638788124261122,0.0037515118740695406,0.0025092708253815267,0.0005998161336374122
ef_burn_crop_CH4_scale,15,-0.013689076860133858,0.013890070420818162,0.009499423496897592,0.0025885634209474755
ef_burn_tree_N2O_scale,15,0.00677153189266354,0.00677153189266354,0.005622642905589137,0.001641270934750088
ef_burn_tree_CH4_scale,15,0.026874909485895004,0.026874909485895004,0.021401540871275448,0.006479418674964702
ef_N_inputs,15,-0.055778377255765024,0.06849217800263618,0.052472423985973536,0.012064776684816604
combustion_factor_crop,15,-0.01590796550925271,0.01649480824505749,0.01265113430952335,0.0034032416469158976
combustion_factor_tree,15,0.036069066011475824,0.036069066011475824,0.027743581457529868,0.007961378772655247
volatile_frac_organic_fertiliser,15,-0.0028754256509736175,0.0028754256509736175,0.00030556244209808915,8.220332913383706e-05
volatile_frac_synthetic_fertiliser,15,0.016297396888962663,0.016297396888962663,0.001640565438636248,0.0005054828205225514
base_sf_qty_scale,15,-0.12981374696526435,0.12981374696526435,0.011684697112333893,0.0038287183019435353
proj_lit_qty_scale,15,-0.008218274020802538,0.017260208600954084,0.020643928820661312,0.005163300814532267
base_stand_density_scale,15,0.0,0.0,0.0,0.0
proj_stand_density_scale,15,0.8631645708549696,1.445034648020181,1.4989541427617565,0.292942315249163
tree_wood_dens_sp1,15,1.0095775972574441,1.6453208850097454,1.5650839674672525,0.2535608952013413
base_cover,15,1.2483326753158681,1.2483326753158681,1.6552933141722992,0.5121979209709692
base_fire_off,15,-0.024885313060658554,0.024885313060658554,0.08969221031413553,0.02347518591733375
base_fire_on,15,-0.034932859740002535,0.034932859740002535,0.005956144895642726,0.00188599059894362
base_mortality,15,0.0,0.0,0.0,0.0
base_sf_n_delta,15,-0.1329016327182006,0.1329016327182006,0.01364616483361756,0.004551771405151949
base_thinning_delta,15,0.0,0.0,0.0,0.0
crop_base_left_delta,15,0.16025429937767174,0.16025429937767174,0.06999046098294287,0.022133943822919545
crop_base_yield_delta,15,0.07892355585102447,0.08407717924971451,0.08605561291538205,0.02396120326761574
crop_carbon_above_sp3,15,0.007935798734720606,0.01107939106447003,0.011776369548212234,0.0028866836087922372
crop_carbon_below_sp3,15,0.024581871446861886,0.025295649301349515,0.016282424902593913,0.00527347933405096
crop_intercept_sp3,15,-0.0007100952315333475,0.004547512828494115,0.00693207558260268,0.0014890183157226745
crop_nitrogen_above_sp3,15,-0.0027879445380388683,0.0029218895374224186,0.002133191177484411,0.000624433471779514
crop_nitrogen_below_sp3,15,-0.006290349959597624,0.006290349959597624,0.0010248475026809543,0.00032139313299657003
crop_carbon_above_sp10,15,0.058843323505841594,0.058843323505841594,0.02794916447882821,0.007513315531259025
crop_carbon_below_sp10,15,0.0237970527546046,0.0237970527546046,0.013647060283369204,0.004115683310277296
crop_intercept_sp10,15,0.016311166450175715,0.016442387420239155,0.009821101041228842,0.0026099698430897328
crop_nitrogen_above_sp10,15,-0.007081677975078954,0.007081677975078954,0.0014323384656658475,0.00043741116246515674
crop_nitrogen_below_sp10,15,-0.004457407240105543,0.004457407240105543,0.0014506415250371356,0.00043335930573446777
crop_proj_left_delta,15,-0.016432057064449217,0.018364911220719198,0.019340385232238817,0.005166175607165244
crop_proj_yield_delta,15,0.11159167486677088,0.11591474972951529,0.05949604896320853,0.013665856462995282
crop_root_in_top_30,15,0.03798156509031351,0.03823708791939547,0.027829775342154178,0.008499197465145776
crop_root_to_shoot_sp3,15,0.01800904796333676,0.018818851623152093,0.016728148420499838,0.004504782697463489
crop_slope_sp3,15,0.0037025916811498304,0.005467468923320768,0.006278588506575601,0.0014210796014938812
crop_root_to_shoot_sp10,15,0.020469718850028365,0.020469718850028365,0.012260338750655218,0.004035968877539831
crop_slope_sp10,15,0.028721427839631875,0.028844344209110438,0.02329107838025463,0.006896150053239538
cy0_to_ceq_multiplier,15,-0.005041568753555453,0.0347255985475695,0.08766442162867252,0.02580448843895594
litter_carbon,15,-0.03619704160338556,0.03619704160338556,0.020109469960574996,0.006144339823874227
litter_nitrogen,15,0.023840581492757633,0.023840581492757633,0.002622228051294307,0.0007248192172948601
mortality_fraction_branch_delta,15,-0.00999085755362541,0.012446362956719682,0.015880687092297143,0.0036024568712576754
mortality_fraction_croot_delta,15,-0.0042695997251155585,0.0060838553001395955,0.011041211525201175,0.003146674502907165
mortality_fraction_froot_delta,15,-0.0011840507741473327,0.002431621941270573,0.004726765436023176,0.0013779372097795356
mortality_fraction_leaf_delta,15,-0.003362701340781918,0.005762581357598931,0.009550972918858074,0.0023860137229365103
mortality_fraction_stem_delta,15,-0.025561637823808624,0.04384892322717153,0.07823267651250773,0.020482332471587438
pool_alloc_froot_sp1,15,-0.012724632162133414,0.10067715301985855,0.17561011931639361,0.04934497540301128
pool_alloc_leaf_sp1,15,-0.06282579948396348,0.21307823286434555,0.3798502580758732,0.0933529575019091
pool_alloc_stem_sp1,15,0.4131566858778564,0.7649653724643048,0.8963766519437196,0.17240705027191344
pool_turnover_branch_sp1,15,0.2917619127055513,0.3463046323175988,0.4310287810984079,0.09929817428212255
pool_turnover_croot_sp1,15,-0.28854458702068286,0.2995283031193564,0.29017440951289475,0.08726144570242046
pool_turnover_froot_sp1,15,-0.12369640256876994,0.12743507385787872,0.1350014874726182,0.042575526709454664
pool_turnover_leaf_sp1,15,-0.12196353221130547,0.12762989469773642,0.18527539492570463,0.055387689361541176
pool_turnover_stem_sp1,15,6.966382353792909,9.528614045389721,13.300767407822983,3.1680400111120446
proj_cover,15,-1.5839122039249944,1.9434136846337076,3.7298291045131213,1.035437874539765
proj_fire_off,15,0.035880585691071054,0.035880585691071054,0.08438609015576859,0.026492648818556834
proj_fire_on,15,0.3722554453006935,0.3722554453006935,0.15675099968908382,0.04955636335145677
proj_mortality,15,0.4291597697056906,0.5051734692212179,0.7855332491658684,0.22602827728318683
proj_thinning_delta,15,16.545465245611872,17.117160435526408,14.714673173682085,4.051006072244769
roth_c_cover_c,15,0.029666387488282264,0.04527274116604586,0.08104443876875751,0.022277530753669565
roth_c_dpm_frac_crop,15,-0.04714894681381453,0.04714894681381453,0.046801744762715175,0.014218108914572461
roth_c_dpm_frac_tree,15,-0.00026937673078673006,0.05100903158772914,0.08396814828185412,0.022096684473214792
roth_c_moisture_b_slope,15,-1.7243704402326596,1.9469549748106068,3.105482931883984,0.8002096027010086
roth_c_temp_a1,15,0.472314438492604,0.5444928767535399,0.6845907509498651,0.18549377180648177
roth_c_temp_a2,15,-0.4182137047531091,0.7726791253199525,1.1519805310730418,0.31590979898997484
thinning_fraction_branch_delta,15,0.017965257093186093,0.01804247878035802,0.024833586216963757,0.00757652432507772
thinning_fraction_croot_delta,15,0.006711003396631959,0.007346034587537781,0.008915831656360075,0.0025691455309226068
thinning_fraction_froot_delta,15,0.004530921737442806,0.004530921737442806,0.005280132419957545,0.0016545069736810154
thinning_fraction_leaf_delta,15,0.006528875589244976,0.006686228056494858,0.008011090038044743,0.0025067301725253312
thinning_fraction_stem_delta,15,0.03797127703380675,0.03892566530562637,0.05090728033718595,0.016739125127448986
tree_carbon_sp1,15,0.7275284573103595,1.7617427185535548,1.984968191676851,0.3465586016141842
tree_nitrogen_branch_sp1,15,0.0016212924704928355,0.0016212924704928355,0.0005147912428205021,0.00013890783257829753
tree_nitrogen_croot_sp1,15,0.0010307068625812043,0.0010307068625812043,0.0011149898245673253,0.0003226659633106492
tree_nitrogen_froot_sp1,15,0.028111469779026177,0.028111469779026177,0.018355061275091514,0.005812081508783721
tree_nitrogen_leaf_sp1,15,0.044104042780952264,0.044104042780952264,0.03064728338296082,0.00917973943904744
tree_nitrogen_stem_sp1,15,0.0037130369834070683,0.0037130369834070683,0.0015085832090776334,0.0005044174605149295
tree_root_in_top_30,15,-0.11158720511423596,0.18491625559273225,0.3184986069950651,0.08219059327920326
tree_root_to_shoot_sp1,15,0.1132794498316694,0.21552932789867651,0.24444202539688104,0.044779915827128744
cy0,16,-0.12907383229421238,1.0913848758318005,1.7400286045239506,0.41828208981705994
clay,16,-0.6794339393097718,0.811873827222126,1.1853397294915493,0.3209795959200777
temp_ci_delta,16,0.36956339823950435,0.44814456286116755,0.6106672563727433,0.1733778723764833
rain_ci_delta,16,1.0799394595115768,2.182745416435748,3.3322292183667717,0.7998300275642402
evap_ci_delta,16,0.1335434818863926,0.7590607222705135,1.6561339292154884,0.47219126799998495
ef_burn_crop_N2O_scale,16,-0.0036387881242613885,0.003751511874069574,0.002509270825381442,0.0005998161336373535
ef_burn_crop_CH4_scale,16,-0.013689076860133709,0.013890070420818013,0.009499423496897795,0.002588563420947462
ef_burn_tree_N2O_scale,16,0.007021229498644296,0.007021229498644296,0.005878888209249215,0.00169691640874927
ef_burn_tree_CH4_scale,16,0.027589417169103552,0.027589417169103552,0.021769073464885887,0.006536947655316285
ef_N_inputs,16,-0.056805507800433405,0.07108522603709518,0.05546671601417726,0.012441590084092463
combustion_factor_crop,16,-0.015907965509253216,0.016494808245057866,0.012651134309523143,0.0034032416469159305
combustion_factor_tree,16,0.03732087591139517,0.03732087591139517,0.028837217927982602,0.008309372037644817
volatile_frac_organic_fertiliser,16,-0.0028754256509737923,0.0028754256509737923,0.0003055624420978408,8.22033291337414e-05
volatile_frac_synthetic_fertiliser,16,0.016297396888963204,0.016297396888963204,0.0016405654386366865,0.0005054828205226463
base_sf_qty_scale,16,-0.1298137469652641,0.1298137469652641,0.011684697112334374,0.0038287183019437327
proj_lit_qty_scale,16,-0.006366183346433936,0.016364761368067103,0.019521203620746854,0.004541005341345426
base_stand_density_scale,16,0.0,0.0,0.0,0.0
proj_stand_density_scale,16,-0.2421185780271511,1.0808226244227659,1.6468486009505274,0.40268725646628667
tree_wood_dens_sp1,16,0.03269593961132285,0.904569437201366,1.3549878444164163,0.3245804329017945
base_cover,16,1.1740375626536266,1.1743543920484176,1.5591776074222794,0.4797005100844209
base_fire_off,16,-0.024885313060658554,0.024885313060658554,0.08969221031413553,0.02347518591733375
base_fire_on,16,-0.03493285974000304,0.03493285974000304,0.005956144895643138,0.0018859905989436945
base_mortality,16,0.0,0.0,0.0,0.0
base_sf_n_delta,16,-0.13290163271820093,0.13290163271820093,0.01364616483361712,0.004551771405151683
base_thinning_delta,16,0.0,0.0,0.0,0.0
crop_base_left_delta,16,0.15402172031762712,0.15402172031762712,0.06765634930028604,0.021380454392745444
crop_base_yield_delta,16,0.07197528525886251,0.0789028815449505,0.08373582087507538,0.022806540576987017
crop_carbon_above_sp3,16,0.007151443621791695,0.01046998899093551,0.011446478662736924,0.0027665042534670845
crop_carbon_below_sp3,16,0.022191742024008823,0.023292261449807276,0.016057490103053514,0.004971058110077384
crop_intercept_sp3,16,-0.0007070133258187839,0.004398348772353583,0.006708664596840231,0.0014457507059285168
crop_nitrogen_above_sp3,16,-0.002787944538038539,0.00292188953742209,0.0021331911774848103,0.0006244334717796399
crop_nitrogen_below_sp3,16,-0.006290349959597691,0.006290349959597691,0.0010248475026812976,0.00032139313299662554
crop_carbon_above_sp10,16,0.05534423838534371,0.05534423838534371,0.02660783391635237,0.007153826162434216
crop_carbon_below_sp10,16,0.022332412815468012,0.022332412815468012,0.013109566149123718,0.003934313902245329
crop_intercept_sp10,16,0.015143102962951988,0.015341724437592501,0.009368093543297257,0.002461538998848833
crop_nitrogen_above_sp10,16,-0.007081677975079045,0.007081677975079045,0.0014323384656657417,0.00043741116246515956
crop_nitrogen_below_sp10,16,-0.004457407240105626,0.004457407240105626,0.0014506415250372254,0.0004333593057344938
crop_proj_left_delta,16,-0.018704402945393883,0.020596163099154484,0.019709294492301563,0.0052613034158926816
crop_proj_yield_delta,16,0.11315797121241582,0.11745479988016627,0.060087675649318974,0.013839319433253507
crop_root_in_top_30,16,0.03432284632360653,0.034826099497041775,0.02668646225056018,0.008082629679082744
crop_root_to_shoot_sp3,16,0.01547377560143411,0.01724651157016302,0.016178927467055976,0.004101568829742283
crop_slope_sp3,16,0.0026985206727994523,0.005013897742233607,0.006168377814598702,0.0012957598883974245
crop_root_to_shoot_sp10,16,0.019072718313059032,0.019072718313059032,0.011759118062552592,0.003873085528352006
crop_slope_sp10,16,0.02569561043155283,0.025917635425704532,0.02179662937920345,0.006398644502814647
cy0_to_ceq_multiplier,16,-0.003940668841984654,0.03017844919561612,0.077265580664641,0.023030370266094884
litter_carbon,16,-0.034308757805679664,0.034308757805679664,0.01891168038851892,0.005779090105993132
litter_nitrogen,16,0.02384058149275755,0.02384058149275755,0.002622228051294112,0.0007248192172948426
mortality_fraction_branch_delta,16,-0.004997925704809694,0.011033140247749826,0.015133303478881982,0.003075281180075709
mortality_fraction_croot_delta,16,-0.0024963621829181006,0.005520518212078619,0.010898716100113419,0.002950104354363005
mortality_fraction_froot_delta,16,-0.00048310520397217146,0.0025874506703559576,0.004848796996918642,0.0013486673682149663
mortality_fraction_leaf_delta,16,-0.00222297054931396,0.005777203546028101,0.00958556527596883,0.0022727768961630142
mortality_fraction_stem_delta,16,-0.01700888458021855,0.04107691897015232,0.07350853165464426,0.018284722599062078
pool_alloc_froot_sp1,16,-0.011506078158630773,0.09730548098750144,0.17429165131053928,0.04954632470877399
pool_alloc_leaf_sp1,16,-0.04189231005950801,0.21803125274069224,0.38406240277623127,0.09329522609498025
pool_alloc_stem_sp1,16,0.5259314166634941,1.0094411031840196,1.1830186801245035,0.22752225351837016
pool_turnover_branch_sp1,16,0.5861674547334206,0.5869760896518229,0.47733123578592757,0.12714186897955745
pool_turnover_croot_sp1,16,-0.09600771297000096,0.1587952096826192,0.24876497506222295,0.06789710916837043
pool_turnover_froot_sp1,16,-0.03526935867937746,0.06159705521077299,0.11923605166565754,0.03665797656446137
pool_turnover_leaf_sp1,16,-0.050522450431910504,0.0834840756945193,0.17518755853301174,0.051627692395159706
pool_turnover_stem_sp1,16,14.908071610304741,15.01633101031949,15.490943364251674,4.5118879663093
proj_cover,16,-1.6504973874351196,2.0132066083090656,3.8543228564945573,1.06650341102589
proj_fire_off,16,0.035880585691070985,0.035880585691070985,0.0843860901557684,0.02649264881855675
proj_fire_on,16,0.39226852639375664,0.39226852639375664,0.17906297590689593,0.05674484740873697
proj_mortality,16,0.6611644791675112,0.6652352961953706,0.8339010184501857,0.25157491188646375
proj_thinning_delta,16,12.679882724924102,12.878208786038968,17.303771131040506,5.108725330624814
roth_c_cover_c,16,0.027480212623680517,0.04338152647772909,0.0795610720513754,0.021901919466367575
roth_c_dpm_frac_crop,16,-0.039744982578236054,0.039744982578236054,0.04190256349295554,0.012681695474121176
roth_c_dpm_frac_tree,16,0.012751355111068794,0.048303988127325045,0.08510038019800786,0.023638776627652725
roth_c_moisture_b_slope,16,-1.584938927328433,1.828299379521305,3.108914618480437,0.7920955326753273
roth_c_temp_a1,16,0.4632499653003247,0.5161851005942021,0.664184184740506,0.18115328392017138
roth_c_temp_a2,16,-0.4088644398389906,0.7674284057941747,1.1178553815250258,0.30239325085985963
thinning_fraction_branch_delta,16,-0.17456256442028398,0.17587832992325586,0.15916609085866354,0.044306753476738486
thinning_fraction_croot_delta,16,-0.0636024912358715,0.06367791091544503,0.06752092979095224,0.019432679400447534
thinning_fraction_froot_delta,16,-0.03338063862998332,0.033555528668048305,0.03558808286758579,0.009607352875597984
thinning_fraction_leaf_delta,16,-0.04560389841583316,0.045733582169178486,0.04906021723968842,0.016596772053862036
thinning_fraction_stem_delta,16,-0.34187021046853383,0.35116609761090006,0.5135218699735228,0.17465244226560386
tree_carbon_sp1,16,-0.24036852485260604,1.1784279334984844,1.9558879674284013,0.46813277155317623
tree_nitrogen_branch_sp1,16,0.0019425968877285302,0.0019425968877285302,0.0006291746848648725,0.00017255366926993332
tree_nitrogen_croot_sp1,16,0.0011143557913008751,0.0011143557913008751,0.0011577481487428326,0.0003299750702211498
tree_nitrogen_froot_sp1,16,0.02734990511733574,0.02734990511733574,0.01908764219808204,0.006024987457588805
tree_nitrogen_leaf_sp1,16,0.04282624596078396,0.04282624596078396,0.03206884476887352,0.00960276327677401
tree_nitrogen_stem_sp1,16,0.004067170723230834,0.004067170723230834,0.0017381002676367795,0.0005829152525994758
tree_root_in_top_30,16,-0.11801379957432809,0.18348649577429868,0.32093133096556337,0.08379749684652668
tree_root_to_shoot_sp1,16,-0.03585963841385998,0.12622627710482107,0.22396726364254252,0.05331748240445385
cy0,17,-0.11817226460967153,0.9927962841758214,1.5912785788141983,0.38604789892633745
clay,17,-0.6167994018796582,0.7597142529716174,1.1832323639931903,0.31794254838222535
temp_ci_delta,17,0.3116574287953101,0.4190205564722742,0.6150425668466177,0.17098055948277702
rain_ci_delta,17,0.7835873392925802,1.9264731276376401,3.000380853278808,0.7087890130937895
evap_ci_delta,17,0.17363094830553108,0.7283678919285039,1.5518700253172355,0.44173131003799593
ef_burn_crop_N2O_scale,17,-0.00363878812426133,0.003751511874069516,0.002509270825381428,0.000599816133637372
ef_burn_crop_CH4_scale,17,-0.013689076860133476,0.013890070420817779,0.009499423496897903,0.002588563420947525
ef_burn_tree_N2O_scale,17,0.006194477597202905,0.006194477597202905,0.005529548577472193,0.001638685547529821
ef_burn_tree_CH4_scale,17,0.025061269503262353,0.025061269503262353,0.02118859523869985,0.0063487498877978065
ef_N_inputs,17,-0.06053005262661274,0.07487255869528611,0.057247159271894284,0.012974239351336106
combustion_factor_crop,17,-0.01590796550925249,0.01649480824505714,0.012651134309523185,0.003403241646915882
combustion_factor_tree,17,0.033573034656239106,0.033573034656239106,0.0286528056360439,0.008197651693712836
volatile_frac_organic_fertiliser,17,-0.0028754256509735177,0.0028754256509735177,0.0003055624420978996,8.220332913371312e-05
volatile_frac_synthetic_fertiliser,17,0.01629739688896302,0.01629739688896302,0.0016405654386364699,0.0005054828205225718
base_sf_qty_scale,17,-0.12981374696526435,0.12981374696526435,0.011684697112334766,0.0038287183019438866
proj_lit_qty_scale,17,-0.004720791579502309,0.015637154180868678,0.018586860040173497,0.004016877181468209
base_stand_density_scale,17,0.0,0.0,0.0,0.0
proj_stand_density_scale,17,0.15624871191742198,1.0767413429833697,1.4903402905467864,0.3201820022621572
tree_wood_dens_sp1,17,0.3865877453263288,1.0976661894836757,1.3603994812282958,0.27101262019604566
base_cover,17,1.1043734602585062,1.1053340580423243,1.4681778499486282,0.44879408928815373
base_fire_off,17,-0.024885313060658554,0.024885313060658554,0.08969221031413553,0.02347518591733375
base_fire_on,17,-0.034932859740002854,0.034932859740002854,0.005956144895642761,0.0018859905989436012
base_mortality,17,0.0,0.0,0.0,0.0
base_sf_n_delta,17,-0.1329016327182006,0.1329016327182006,0.01364616483361731,0.004551771405151907
base_thinning_delta,17,0.0,0.0,0.0,0.0
crop_base_left_delta,17,0.1483299131081077,0.1483299131081077,0.06562040111237913,0.020729335248777035
crop_base_yield_delta,17,0.06560785153265256,0.07448274851300793,0.08174997487946058,0.021826633628587937
crop_carbon_above_sp3,17,0.0065359703651563196,0.010067674756737258,0.011203924430508513,0.0026501766887402187
crop_carbon_below_sp3,17,0.02036266796650372,0.021893046606371945,0.015958441802589898,0.004723303261594363
crop_intercept_sp3,17,-0.0007072872733988586,0.004283127690795456,0.0065275342004230165,0.001411402253270911
crop_nitrogen_above_sp3,17,-0.0027879445380391554,0.002921889537422706,0.00213319117748504,0.0006244334717798117
crop_nitrogen_below_sp3,17,-0.006290349959597691,0.006290349959597691,0.001024847502681115,0.00032139313299661665
crop_carbon_above_sp10,17,0.05229327270102285,0.05229327270102285,0.02545033330454224,0.006840614401229046
crop_carbon_below_sp10,17,0.021051366096300136,0.021051366096300136,0.012648392517823934,0.0037793942032179114
crop_intercept_sp10,17,0.014125830219821662,0.01440103014815472,0.008997567535455615,0.002331148519905485
crop_nitrogen_above_sp10,17,-0.007081677975078896,0.007081677975078896,0.0014323384656656556,0.00043741116246511847
crop_nitrogen_below_sp10,17,-0.004457407240105809,0.004457407240105809,0.0014506415250371827,0.00043335930573442776
crop_proj_left_delta,17,-0.02034287641122947,0.02223449419622003,0.020150183711048222,0.005378955012876313
crop_proj_yield_delta,17,0.11480130984213557,0.11907848481789589,0.060636141132853025,0.01399177834716061
crop_root_in_top_30,17,0.0313461432579224,0.03217471512126361,0.025691489015343398,0.007692950497663525
crop_root_to_shoot_sp3,17,0.013498625790243598,0.01618545928243018,0.015707246114876634,0.003727855692251156
crop_slope_sp3,17,0.0019340236744882582,0.004764749256420717,0.006086105269872858,0.0012191988664653926
crop_root_to_shoot_sp10,17,0.01784646034142497,0.01784646034142497,0.011339996184530543,0.0037381912349671656
crop_slope_sp10,17,0.023043526537520707,0.023418951338036727,0.020535221512583388,0.0059583929390424634
cy0_to_ceq_multiplier,17,-0.002973694793649698,0.02630014415061003,0.06828673297092008,0.02059694266350226
litter_carbon,17,-0.03263177942999344,0.03263177942999344,0.01789093456033434,0.005465849728617503
litter_nitrogen,17,0.023840581492758018,0.023840581492758018,0.002622228051293932,0.0007248192172948019
mortality_fraction_branch_delta,17,-0.005072634672812293,0.010278681535490563,0.014362654026402405,0.003020936060825808
mortality_fraction_croot_delta,17,-0.0026183822324490234,0.005423015673582621,0.011011149720428404,0.0030120645920598313
mortality_fraction_froot_delta,17,-0.000564891776628515,0.002450562962317568,0.004848927160641998,0.0013801274643345733
mortality_fraction_leaf_delta,17,-0.0023672194168514156,0.005476076835227092,0.009487125463053818,0.0023151374373276213
mortality_fraction_stem_delta,17,-0.01858143206590857,0.04038299515193884,0.07448259635865226,0.019035050358359194
pool_alloc_froot_sp1,17,0.005848276335754017,0.09885219906872379,0.17311211090441017,0.04775750123818714
pool_alloc_leaf_sp1,17,-0.02421680296281149,0.22361959735583187,0.38881956901213754,0.09296558641317978
pool_alloc_stem_sp1,17,0.4028727629737072,0.8390833487798556,1.035371450212095,0.19967786398571258
pool_turnover_branch_sp1,17,0.46409039495525783,0.47413741883932375,0.4849628415891079,0.12510097452181743
pool_turnover_croot_sp1,17,-0.10071770483936948,0.1587047261709012,0.24290794678785343,0.06632169352679101
pool_turnover_froot_sp1,17,-0.03621100093234343,0.058205901392200846,0.11913644345413461,0.03682809607459199
pool_turnover_leaf_sp1,17,-0.05179128981754753,0.07776484450904622,0.17163188466468832,0.052077544516262265
pool_turnover_stem_sp1,17,11.506273911118223,12.303690965020902,15.037207376221103,4.167434265400861
proj_cover,17,-1.3444531717936319,1.7991990366947785,3.5790116369900735,0.9808969392408343
proj_fire_off,17,0.035880585691071123,0.035880585691071123,0.08438609015576874,0.026492648818556917
proj_fire_on,17,0.34633557341192683,0.34633557341192683,0.17136677822956825,0.05461124412244993
proj_mortality,17,0.5821219635348188,0.5989021575810397,0.898086952832166,0.2692199168109347
proj_thinning_delta,17,13.914121604353818,14.14239828746033,15.796962921376322,4.604610656541101
roth_c_cover_c,17,0.022486513670912384,0.039644695195074145,0.07630057045617926,0.021023624511756475
roth_c_dpm_frac_crop,17,-0.0338081163332024,0.0338081163332024,0.03739803154866388,0.011291765778740534
roth_c_dpm_frac_tree,17,-0.01518580048739826,0.05850182068533878,0.08405618949729941,0.02041356705174518
roth_c_moisture_b_slope,17,-1.3624025980486723,1.6484515257516517,3.0165206573061534,0.7661819363044081
roth_c_temp_a1,17,0.3827679203310824,0.4831348388158256,0.6650521524547116,0.17071781906026853
roth_c_temp_a2,17,-0.26761512429230605,0.7142944577516531,1.0884095271047156,0.2925087648693158
thinning_fraction_branch_delta,17,0.07679863825451547,0.07679863825451547,0.06091406952590971,0.019740167814826418
thinning_fraction_croot_delta,17,0.030431192826767588,0.030431192826767588,0.02529063206502921,0.007598665627475187
thinning_fraction_froot_delta,17,0.013398151219281873,0.013398151219281873,0.011430421304682973,0.0031571551780088763
thinning_fraction_leaf_delta,17,0.02200733362031079,0.02200733362031079,0.0168790274991216,0.005602215739068141
thinning_fraction_stem_delta,17,0.14619507882324598,0.14619507882324598,0.12848788776872405,0.03526265866068282
tree_carbon_sp1,17,0.09776783602234038,1.2929021153539666,1.9639303901050962,0.44027109234545864
tree_nitrogen_branch_sp1,17,0.0014780557394486137,0.0014780557394486137,0.0005834482926326658,0.00015759181311297035
tree_nitrogen_croot_sp1,17,0.000981125314769926,0.000981125314769926,0.0012151829733224445,0.00035673617086257286
tree_nitrogen_froot_sp1,17,0.026358585620321607,0.026358585620321607,0.019716276627207433,0.006200493109129551
tree_nitrogen_leaf_sp1,17,0.041568265229569724,0.041568265229569724,0.033587558419026185,0.010062490676569653
tree_nitrogen_stem_sp1,17,0.003300589973068002,0.003300589973068002,0.0015585948519830422,0.0005203144262011008
tree_root_in_top_30,17,-0.059339322070501924,0.1817777558044452,0.32253220144591094,0.07876358528876617
tree_root_to_shoot_sp1,17,0.0013358270031629648,0.1425117009471019,0.22565225582150159,0.04782872481326891
cy0,18,-0.10773334430082762,0.9020601318648014,1.4511162259639212,0.3546989301366932
clay,18,-0.5792914525289061,0.7162987520726133,1.183960476120436,0.31837814365804235
temp_ci_delta,18,0.26168273146110455,0.4043841846226105,0.6241647535257995,0.1701761633087492
rain_ci_delta,18,0.4927930967087179,1.6886900288110058,2.6978241600628743,0.638700464555836
evap_ci_delta,18,0.21667034717810787,0.6957935887593335,1.454489816066394,0.41418796467151364
ef_burn_crop_N2O_scale,18,-0.0036387881242612137,0.003751511874069499,0.0025092708253812717,0.0005998161336373431
ef_burn_crop_CH4_scale,18,-0.013689076860133409,0.013890070420817713,0.009499423496897752,0.0025885634209473524
ef_burn_tree_N2O_scale,18,0.00605522228050302,0.00605522228050302,0.005574390436712494,0.0016569777010758567
ef_burn_tree_CH4_scale,18,0.02460681531934569,0.02460681531934569,0.021254114866469248,0.006340820863450009
ef_N_inputs,18,-0.06123011572480077,0.07715874379794696,0.06013749952228874,0.013316168104008047
combustion_factor_crop,18,-0.015907965509252858,0.01649480824505751,0.012651134309523051,0.0034032416469158945
combustion_factor_tree,18,0.03300484572573003,0.03300484572573003,0.029267545374255487,0.008375909849222379
volatile_frac_organic_fertiliser,18,-0.0028754256509735177,0.0028754256509735177,0.00030556244209782894,8.220332913370813e-05
volatile_frac_synthetic_fertiliser,18,0.01629739688896293,0.01629739688896293,0.0016405654386361813,0.0005054828205224617
base_sf_qty_scale,18,-0.12981374696526465,0.12981374696526465,0.011684697112334304,0.003828718301943639
proj_lit_qty_scale,18,-0.003250396868860825,0.01511562564128329,0.017810468033006673,0.003549836804498045
base_stand_density_scale,18,0.0,0.0,0.0,0.0
proj_stand_density_scale,18,0.06649982452827767,1.0171175365495289,1.484843781857904,0.33484369156363497
tree_wood_dens_sp1,18,0.30090783043761765,1.0269629614790179,1.3461623003120022,0.28136007315051315
base_cover,18,1.0390074490138494,1.04071121819092,1.3822532247272734,0.41967105976326813
base_fire_off,18,-0.024885313060658554,0.024885313060658554,0.08969221031413553,0.02347518591733375
base_fire_on,18,-0.03493285974000266,0.03493285974000266,0.005956144895642669,0.0018859905989435841
base_mortality,18,0.0,0.0,0.0,0.0
base_sf_n_delta,18,-0.13290163271820057,0.13290163271820057,0.013646164833617334,0.004551771405151895
base_thinning_delta,18,0.0,0.0,0.0,0.0
crop_base_left_delta,18,0.14310684578822017,0.14310684578822017,0.06384336715233312,0.020166035788787107
crop_base_yield_delta,18,0.05974010794944273,0.07107476534659118,0.08004128597177096,0.02069876984794547
crop_carbon_above_sp3,18,0.006028128871099643,0.009795810656973323,0.011020736133495702,0.0025398802706641634
crop_carbon_below_sp3,18,0.01889014592073553,0.020829332761278047,0.015946031013175554,0.004541042998009633
crop_intercept_sp3,18,-0.0007097817083935601,0.004188166642560805,0.0063798789822078735,0.001384658594595738
crop_nitrogen_above_sp3,18,-0.002787944538038997,0.0029218895374226147,0.0021331911774848306,0.0006244334717796444
crop_nitrogen_below_sp3,18,-0.006290349959597499,0.006290349959597499,0.0010248475026810562,0.0003213931329965924
crop_carbon_above_sp10,18,0.0496077001078344,0.0496077001078344,0.024448280593421648,0.006566473249343934
crop_carbon_below_sp10,18,0.01992212121451322,0.01992212121451322,0.012251168762392423,0.0036467854426681314
crop_intercept_sp10,18,0.013231670918656308,0.013578646808915146,0.008695979768578197,0.002224653247900181
crop_nitrogen_above_sp10,18,-0.007081677975078887,0.007081677975078887,0.0014323384656655287,0.00043741116246508486
crop_nitrogen_below_sp10,18,-0.0044574072401056515,0.0044574072401056515,0.001450641525037207,0.00043335930573447964
crop_proj_left_delta,18,-0.021536332106037236,0.023443170752284713,0.020585484959003315,0.005494620515458383
crop_proj_yield_delta,18,0.11647795050999384,0.12076774010249333,0.061135643855740975,0.014107871226111044
crop_root_in_top_30,18,0.028820752988299187,0.02997438377151354,0.024853702079930855,0.007351747233029302
crop_root_to_shoot_sp3,18,0.011888513034662854,0.015317391076746904,0.015316236056380533,0.00344485363001842
crop_slope_sp3,18,0.001317076644858653,0.004592464496333495,0.006028470915245764,0.0011764190155514886
crop_root_to_shoot_sp10,18,0.016760172690347,0.016760172690347,0.010987043550712833,0.0036262750901593366
crop_slope_sp10,18,0.02069828878430331,0.021247130706529505,0.019470141731201606,0.005577564130629605
cy0_to_ceq_multiplier,18,-0.0021213608800244033,0.022968178876687416,0.0604793124571435,0.018448718962503934
litter_carbon,18,-0.031133443008341765,0.031133443008341765,0.017021792702545915,0.005197367225574724
litter_nitrogen,18,0.023840581492757685,0.023840581492757685,0.0026222280512939074,0.0007248192172947674
mortality_fraction_branch_delta,18,-0.0047466766874814156,0.009789575366240815,0.013910815452276687,0.0029622447918405217
mortality_fraction_croot_delta,18,-0.0026322139301358126,0.005376709743149249,0.011174897694856228,0.003069959300866673
mortality_fraction_froot_delta,18,-0.0005727404787108897,0.002401918772221437,0.004898018788439122,0.0014095751862996922
mortality_fraction_leaf_delta,18,-0.002394074612956493,0.005308467718220272,0.009477021354460751,0.0023460113575156185
mortality_fraction_stem_delta,18,-0.01948423218586359,0.039999454935247966,0.07555244476754785,0.019613514369050383
pool_alloc_froot_sp1,18,0.0025763952028977966,0.09511504590781136,0.17240159879339023,0.04841405450825918
pool_alloc_leaf_sp1,18,-0.030765748573399497,0.21665364521703837,0.3894724119170371,0.09477073688200498
pool_alloc_stem_sp1,18,0.37190552865978405,0.8245660359423145,1.0479531286134305,0.2100440196687007
pool_turnover_branch_sp1,18,0.47450008309055186,0.48526692300998553,0.504688352502853,0.12906235761303234
pool_turnover_croot_sp1,18,-0.09820002916335692,0.1542233506396518,0.2402726775952127,0.06585576009031356
pool_turnover_froot_sp1,18,-0.03436247299768415,0.05613556704545321,0.12066236725217454,0.037197386584937514
pool_turnover_leaf_sp1,18,-0.05000183695608832,0.07528950957492833,0.1696992126537185,0.05190527865841806
pool_turnover_stem_sp1,18,11.68817570303961,12.401875607784802,15.539162691960625,4.338570575800055
proj_cover,18,-0.9967330559399363,1.6154347140539769,3.2309104583096873,0.8725871897726575
proj_fire_off,18,0.03588058569107102,0.03588058569107102,0.08438609015576841,0.02649264881855677
proj_fire_on,18,0.34097217479037917,0.34097217479037917,0.17966876991262304,0.057387354352338694
proj_mortality,18,0.6054511738674988,0.6218803675487792,0.9610772037278933,0.29016209449349206
proj_thinning_delta,18,13.499542359677267,13.69917838729786,16.52233631990942,4.839573201362292
roth_c_cover_c,18,0.018478754789720102,0.036954798354500655,0.07420646504866647,0.020374350728073844
roth_c_dpm_frac_crop,18,-0.02893900273801988,0.02893900273801988,0.03336009029061956,0.010059549165367752
roth_c_dpm_frac_tree,18,-0.015321654767309439,0.05603437099054842,0.08193927790877237,0.01991511834885396
roth_c_moisture_b_slope,18,-1.1751847241975475,1.5265698484413865,2.9550798378315424,0.7490232235473997
roth_c_temp_a1,18,0.3159779355619053,0.4723047151875841,0.6678605755827154,0.15866171060367384
roth_c_temp_a2,18,-0.1442325013321227,0.6882484459748113,1.0700238879960888,0.28772197729167764
thinning_fraction_branch_delta,18,0.0470480486018405,0.0470480486018405,0.034947758815450994,0.010967279777615179
thinning_fraction_croot_delta,18,0.018074761415425262,0.018074761415425262,0.013260071780578869,0.0039475064279175165
thinning_fraction_froot_delta,18,0.00931234716827275,0.00931234716827275,0.007586145225384619,0.00215875355872447
thinning_fraction_leaf_delta,18,0.01443912855892962,0.01443912855892962,0.011193233887160195,0.0037621522638108212
thinning_fraction_stem_delta,18,0.09035742278600152,0.09035742278600152,0.07376483394034002,0.02068982659082754
tree_carbon_sp1,18,0.00771576735532345,1.2330029865084025,1.9758984732025848,0.45854923473719
tree_nitrogen_branch_sp1,18,0.0014425937232002083,0.0014425937232002083,0.0006106726587262577,0.00016507595338466225
tree_nitrogen_croot_sp1,18,0.0009749534619742761,0.0009749534619742761,0.00127015960233908,0.0003735996037746924
tree_nitrogen_froot_sp1,18,0.02612701680863142,0.02612701680863142,0.020522668086216736,0.006459210615305825
tree_nitrogen_leaf_sp1,18,0.041334608786649775,0.041334608786649775,0.03537592404387913,0.010588760722110372
tree_nitrogen_stem_sp1,18,0.0031842123044340588,0.0031842123044340588,0.001580275238970728,0.0005270676131352517
tree_root_in_top_30,18,-0.0670114137268389,0.17503094237728703,0.3241333350326032,0.08169069010336945
tree_root_to_shoot_sp1,18,-0.007586515551979961,0.13703341625064133,0.22762213263495126,0.050073643884209706
cy0,19,-0.09776686317238008,0.8163748610005308,1.3194395593704429,0.3251294771168332
clay,19,-0.5503835595124339,0.6932655237053991,1.1980445968415814,0.3204274762068145
temp_ci_delta,19,0.23491409252135026,0.3882326841210319,0.6242358543918295,0.17078959977349417
rain_ci_delta,19,0.3513863557584061,1.570259363053053,2.5392250993224557,0.6074604000751682
evap_ci_delta,19,0.1994044104343842,0.6544727307441446,1.3692659729682866,0.38823997630473395
ef_burn_crop_N2O_scale,19,-0.0036387881242612137,0.003751511874069366,0.002509270825380894,0.0005998161336372966
ef_burn_crop_CH4_scale,19,-0.013689076860133459,0.013890070420817763,0.009499423496897494,0.0025885634209473754
ef_burn_tree_N2O_scale,19,0.005930618749461522,0.005930618749461522,0.005632853489589873,0.001678650704632098
ef_burn_tree_CH4_scale,19,0.024203993628093882,0.024203993628093882,0.021380985297858753,0.006356555352209187
ef_N_inputs,19,-0.061797025642771244,0.07935419754112337,0.06307492659435247,0.01368109957394644
combustion_factor_crop,19,-0.015907965509252334,0.01649480824505698,0.012651134309523152,0.0034032416469158325
combustion_factor_tree,19,0.03250851413221424,0.03250851413221424,0.029922492382460805,0.008570178313223422
volatile_frac_organic_fertiliser,19,-0.0028754256509735676,0.0028754256509735676,0.0003055624420978028,8.220332913372985e-05
volatile_frac_synthetic_fertiliser,19,0.016297396888963277,0.016297396888963277,0.0016405654386365378,0.0005054828205225934
base_sf_qty_scale,19,-0.12981374696526457,0.12981374696526457,0.011684697112334342,0.0038287183019437
proj_lit_qty_scale,19,-0.0019289650539792036,0.014716671007803939,0.017165956417788404,0.0031487178828353227
base_stand_density_scale,19,0.0,0.0,0.0,0.0
proj_stand_density_scale,19,0.017447203725438027,0.9815259791106105,1.482147108407718,0.3454741591271029
tree_wood_dens_sp1,19,0.25412842486593334,0.9876510503401607,1.3390272631026425,0.2871716111214548
base_cover,19,0.9776415774493683,0.981653925194333,1.3013300189890984,0.39232681613225234
base_fire_off,19,-0.024885313060658554,0.024885313060658554,0.08969221031413553,0.02347518591733375
base_fire_on,19,-0.0349328597400027,0.0349328597400027,0.005956144895643113,0.001885990598943724
base_mortality,19,0.0,0.0,0.0,0.0
base_sf_n_delta,19,-0.13290163271820096,0.13290163271820096,0.013646164833617228,0.004551771405151719
base_thinning_delta,19,0.0,0.0,0.0,0.0
crop_base_left_delta,19,0.13829438326571558,0.13829438326571558,0.06228976741066415,0.019677749692997085
crop_base_yield_delta,19,0.05430516716141307,0.06842065162287814,0.07856390271611995,0.0195123360464916
crop_carbon_above_sp3,19,0.005595089246082154,0.009572337820326942,0.010880197958138726,0.0024522508135167475
crop_carbon_below_sp3,19,0.017664394839303307,0.019965426751336144,0.01599145905385758,0.004418449040854352
crop_intercept_sp3,19,-0.0007143144004191221,0.004108733694326868,0.006259353069745962,0.0013643003147637725
crop_nitrogen_above_sp3,19,-0.0027879445380391095,0.002921889537422594,0.0021331911774847456,0.0006244334717797039
crop_nitrogen_below_sp3,19,-0.006290349959597624,0.006290349959597624,0.001024847502681161,0.00032139313299660554
crop_carbon_above_sp10,19,0.04722417143646313,0.04722417143646313,0.023578449688711884,0.006325801763794915
crop_carbon_below_sp10,19,0.018919883025260046,0.018919883025260046,0.011907290200951789,0.003532856258007341
crop_intercept_sp10,19,0.012439194203738405,0.012854089553852801,0.008451468753067928,0.002138058698656732
crop_nitrogen_above_sp10,19,-0.007081677975079146,0.007081677975079146,0.0014323384656655157,0.0004374111624650826
crop_nitrogen_below_sp10,19,-0.004457407240105618,0.004457407240105618,0.0014506415250373783,0.00043335930573454285
crop_proj_left_delta,19,-0.022402176277541673,0.024329891918433256,0.020980154485244176,0.005597770965001696
crop_proj_yield_delta,19,0.1181598798510878,0.12244304706872482,0.06158563851021801,0.014218658379231478
crop_root_in_top_30,19,0.026624735920055757,0.02813833236249342,0.024157393283452348,0.007066018769317476
crop_root_to_shoot_sp3,19,0.0105392261600433,0.014584455994960851,0.014994904691385383,0.0032305978221968206
crop_slope_sp3,19,0.000800389830505821,0.004472499556369258,0.005987764547203262,0.0011578754664987748
crop_root_to_shoot_sp10,19,0.01579071536597326,0.01579071536597326,0.010687085880409224,0.003532449085310215
crop_slope_sp10,19,0.01860726787441914,0.019345164302989114,0.018571330252485082,0.0052476449977346355
cy0_to_ceq_multiplier,19,-0.00136902567697563,0.02006276661077242,0.05365122234247142,0.016551388555088725
litter_carbon,19,-0.02978697960105691,0.02978697960105691,0.01628239474679685,0.004967451466216492
litter_nitrogen,19,0.023840581492758205,0.023840581492758205,0.002622228051294123,0.0007248192172949037
mortality_fraction_branch_delta,19,-0.00430888408482471,0.009410477203944107,0.013614440500765166,0.0029198875444451096
mortality_fraction_croot_delta,19,-0.002627400504497357,0.005349987180423277,0.011371470366196021,0.003133671712980436
mortality_fraction_froot_delta,19,-0.0005622559926373643,0.002390480211853477,0.004971295021355994,0.0014405942482615805
mortality_fraction_leaf_delta,19,-0.0023905852046693598,0.005202753533247906,0.009519820666525222,0.00237926983094083
mortality_fraction_stem_delta,19,-0.02020043133212001,0.03982659330261077,0.07673600605278101,0.02011281738179541
pool_alloc_froot_sp1,19,0.0013512278464166167,0.09317084195068308,0.17260954536730855,0.048926351946138355
pool_alloc_leaf_sp1,19,-0.034447045211718555,0.2125969706189812,0.3918780002164585,0.09647091055297309
pool_alloc_stem_sp1,19,0.3381258472850286,0.8075651395884286,1.0534068393007425,0.2173294190741019
pool_turnover_branch_sp1,19,0.47492194029752516,0.4875391847042524,0.5252019743036062,0.13341097208295497
pool_turnover_croot_sp1,19,-0.09354713378485749,0.14830209092640806,0.2389305141471679,0.06586025985903733
pool_turnover_froot_sp1,19,-0.03190697641892425,0.05537309554291332,0.12299712332603478,0.0379883742753042
pool_turnover_leaf_sp1,19,-0.0474401471583472,0.0739615729154309,0.1685565272912758,0.05159754782161592
pool_turnover_stem_sp1,19,11.653267586272289,12.395982799720654,16.009679015806498,4.4761925456941265
proj_cover,19,-0.8537252696434503,1.5324077952524657,3.0300493231025225,0.8149809694228151
proj_fire_off,19,0.035880585691070985,0.035880585691070985,0.08438609015576834,0.026492648818556747
proj_fire_on,19,0.33618547539037774,0.33618547539037774,0.18799145168571385,0.06016853521566628
proj_mortality,19,0.6211028449551799,0.6383889874119147,1.0284936971522634,0.312231139430017
proj_thinning_delta,19,13.230949090571198,13.42752127359877,17.116046078641794,5.023568937902908
roth_c_cover_c,19,0.015850645453672953,0.03487938110591294,0.07168768729437505,0.019690152127831848
roth_c_dpm_frac_crop,19,-0.024894543216890018,0.024894543216890018,0.029772081106398566,0.008972995384978642
roth_c_dpm_frac_tree,19,-0.01279118545180675,0.053336278507391824,0.08126571186976866,0.020168067725262837
roth_c_moisture_b_slope,19,-1.0211164935337227,1.4722290442214196,2.893575356449408,0.7219584838065775
roth_c_temp_a1,19,0.2814485195071317,0.4551214542841029,0.6556320462797839,0.15169344837088825
roth_c_temp_a2,19,-0.09373304561999848,0.6620502437562593,1.051135782614264,0.28151316132300463
thinning_fraction_branch_delta,19,0.03415915480859019,0.03415915480859019,0.028263730609609593,0.008482311162383068
thinning_fraction_croot_delta,19,0.012513340646922102,0.012513340646922102,0.009538282488721966,0.0027809487795406734
thinning_fraction_froot_delta,19,0.00750267639836692,0.00750267639836692,0.006251446946689605,0.001809081612465658
thinning_fraction_leaf_delta,19,0.01111019122321752,0.01111019122321752,0.00951178641435725,0.003154953646901818
thinning_fraction_stem_delta,19,0.06512359171790605,0.06512359171790605,0.052626601959396745,0.015377637083133985
tree_carbon_sp1,19,-0.050033523152963666,1.202850006715421,1.9979732366924927,0.4747627180582495
tree_nitrogen_branch_sp1,19,0.0014090468712011418,0.0014090468712011418,0.0006367312186174346,0.00017238202358194524
tree_nitrogen_croot_sp1,19,0.0009705268124224869,0.0009705268124224869,0.001327356419967996,0.0003911082208049146
tree_nitrogen_froot_sp1,19,0.025932839359561942,0.025932839359561942,0.02132707552684176,0.006717116521840253
tree_nitrogen_leaf_sp1,19,0.041165367955202946,0.041165367955202946,0.0371887804550995,0.01112063924739932
tree_nitrogen_stem_sp1,19,0.003080218150278785,0.003080218150278785,0.001603276046054948,0.0005339804516133643
tree_root_in_top_30,19,-0.07051388434394015,0.17200380898281273,0.32795024936645545,0.08425983308055247
tree_root_to_shoot_sp1,19,-0.013681105522642203,0.1338417363468369,0.23051713402395876,0.05201962420437542
cy0,20,-0.08827622732914915,0.7363325110915664,1.1960999833156993,0.29714050829215766
clay,20,-0.5244905738251732,0.679171382352375,1.2190942681048695,0.32400292007905745
temp_ci_delta,20,0.21799995241701878,0.37664638341616746,0.6262742103192162,0.17187368634064787
rain_ci_delta,20,0.28919834168472,1.4883102090394353,2.4319949936004965,0.5861208770621219
evap_ci_delta,20,0.16740013095675846,0.6161402884584929,1.2958329807123694,0.3653722385014809
ef_burn_crop_N2O_scale,20,-0.003638788124260964,0.0037515118740692162,0.002509270825381244,0.0005998161336373402
ef_burn_crop_CH4_scale,20,-0.013689076860133525,0.01389007042081783,0.009499423496897638,0.0025885634209473585
ef_burn_tree_N2O_scale,20,0.005818984711506064,0.005818984711506064,0.005703650232556872,0.0017033790377759136
ef_burn_tree_CH4_scale,20,0.02384746480715031,0.02384746480715031,0.02156491627087632,0.006394209137007342
ef_N_inputs,20,-0.062245031833037,0.08147053687165198,0.06606306927943323,0.014073366551745918
combustion_factor_crop,20,-0.015907965509252976,0.016494808245057623,0.012651134309523093,0.003403241646915894
combustion_factor_tree,20,0.03207572969698772,0.03207572969698772,0.030613486032276385,0.008778645725571852
volatile_frac_organic_fertiliser,20,-0.002875425650973784,0.002875425650973784,0.00030556244209776427,8.220332913371831e-05
volatile_frac_synthetic_fertiliser,20,0.01629739688896302,0.01629739688896302,0.001640565438636311,0.0005054828205225163
base_sf_qty_scale,20,-0.12981374696526413,0.12981374696526413,0.011684697112334795,0.0038287183019438923
proj_lit_qty_scale,20,-0.0007350060139968611,0.014396211489837388,0.016631062208019676,0.0028284064954643556
base_stand_density_scale,20,0.0,0.0,0.0,0.0
proj_stand_density_scale,20,-0.015664482645469074,0.9568500604306482,1.4805251393141885,0.3535224682671975
tree_wood_dens_sp1,20,0.2223011066127548,0.9606788937802324,1.333201896125298,0.29048345765316275
base_cover,20,0.9200050671878411,0.9269516821945534,1.2253066242271125,0.36638885088671164
base_fire_off,20,-0.024885313060658554,0.024885313060658554,0.08969221031413553,0.02347518591733375
base_fire_on,20,-0.03493285974000301,0.03493285974000301,0.005956144895643022,0.001885990598943644
base_mortality,20,0.0,0.0,0.0,0.0
base_sf_n_delta,20,-0.13290163271820088,0.13290163271820088,0.013646164833617221,0.004551771405151711
base_thinning_delta,20,0.0,0.0,0.0,0.0
crop_base_left_delta,20,0.13384311323824052,0.13384311323824052,0.0609302537202733,0.01925380031694657
crop_base_yield_delta,20,0.04924954737282974,0.06626137385491773,0.07727899896279264,0.018370503529143826
crop_carbon_above_sp3,20,0.005218551010408271,0.009383155882683838,0.010770266103697806,0.002382172687064736
crop_carbon_below_sp3,20,0.016622106022868406,0.019362048613052303,0.016073550025801284,0.004283942114255649
crop_intercept_sp3,20,-0.0007201617940850253,0.004041095802500736,0.006159463883411232,0.0013485554449664911
crop_nitrogen_above_sp3,20,-0.00278794453803851,0.002921889537422127,0.0021331911774847144,0.0006244334717795824
crop_nitrogen_below_sp3,20,-0.006290349959597508,0.006290349959597508,0.0010248475026809387,0.00032139313299656515
crop_carbon_above_sp10,20,0.04509219602669101,0.04509219602669101,0.022821537810822707,0.006114073249214404
crop_carbon_below_sp10,20,0.018023974077919218,0.018023974077919218,0.011608344976323915,0.003434675851071716
crop_intercept_sp10,20,0.011731558804895657,0.012238201727765284,0.008254007405765505,0.002051729871865788
crop_nitrogen_above_sp10,20,-0.007081677975078975,0.007081677975078975,0.0014323384656657902,0.0004374111624651884
crop_nitrogen_below_sp10,20,-0.004457407240105568,0.004457407240105568,0.0014506415250372044,0.00043335930573450116
crop_proj_left_delta,20,-0.023019563113168367,0.024969916211556316,0.02132089229762033,0.005684680755485943
crop_proj_yield_delta,20,0.11982875206612062,0.12409041854930654,0.06198819248314377,0.014322485583432567
crop_root_in_top_30,20,0.02468522676559564,0.026592696896653296,0.023581772360047874,0.006825825224461208
crop_root_to_shoot_sp3,20,0.009386883109235352,0.0139534714403682,0.014731161937574086,0.0030697133569455174
crop_slope_sp3,20,0.00035729013800203934,0.004399400562854286,0.005958294346913836,0.0011531858893591934
crop_root_to_shoot_sp10,20,0.01491901366959851,0.01491901366959851,0.010430584601583569,0.0034537096023603536
crop_slope_sp10,20,0.016731287427042038,0.017798106225640882,0.01781262112650678,0.004965031524267442
cy0_to_ceq_multiplier,20,-0.0007056309769944092,0.017561011148219702,0.04765380936318055,0.014861564977034466
litter_carbon,20,-0.02857034726964991,0.02857034726964991,0.015653850240055837,0.004770751843802345
litter_nitrogen,20,0.023840581492757994,0.023840581492757994,0.002622228051294009,0.0007248192172948225
mortality_fraction_branch_delta,20,-0.0038517495649905086,0.009120971802253913,0.01340324727113974,0.0028837327843975625
mortality_fraction_croot_delta,20,-0.002624995056800419,0.005351788215398526,0.011589439085009059,0.003201355156030408
mortality_fraction_froot_delta,20,-0.0005506143522406692,0.002390108418103948,0.005059389227261246,0.0014744082108326853
mortality_fraction_leaf_delta,20,-0.002383330472785994,0.005148632494140115,0.009597971123998001,0.0024141727927751663
mortality_fraction_stem_delta,20,-0.020853970567857413,0.039820903628232096,0.07798577795585646,0.020545188318611466
pool_alloc_froot_sp1,20,0.0007433678297875709,0.09187934816351465,0.17331409271474274,0.04944857395805305
pool_alloc_leaf_sp1,20,-0.03723027871884354,0.20971792821934296,0.39538982113626137,0.09827977796783945
pool_alloc_stem_sp1,20,0.30474239929418256,0.7887572234020336,1.0556718359268769,0.22365693266786843
pool_turnover_branch_sp1,20,0.471633305999569,0.4867629678346863,0.5454293592456748,0.13775887362407183
pool_turnover_croot_sp1,20,-0.08849047065256123,0.14216574622194078,0.2383087056236873,0.06610396054133005
pool_turnover_froot_sp1,20,-0.02949393920352434,0.054896590935146185,0.12582084116485323,0.039001984332103404
pool_turnover_leaf_sp1,20,-0.04482454371757235,0.07348509045079366,0.1678616272756795,0.05121158628969548
pool_turnover_stem_sp1,20,11.553402447513582,12.383836959309102,16.442019189378538,4.587091144419035
proj_cover,20,-0.8066245848632771,1.4777176460872599,2.9149775878360478,0.7859914573758847
proj_fire_off,20,0.03588058569107096,0.03588058569107096,0.08438609015576842,0.026492648818556765
proj_fire_on,20,0.3319071202806647,0.3319071202806647,0.1963604867353981,0.06296255737621992
proj_mortality,20,0.6343534317898906,0.6526923664899353,1.0990038855663398,0.3352792146024853
proj_thinning_delta,20,13.02488560738755,13.22838392872849,17.636094563735647,5.181109507278334
roth_c_cover_c,20,0.014156515592534622,0.03362012068464514,0.0694236173381881,0.019058912571327885
roth_c_dpm_frac_crop,20,-0.021506945795314304,0.021506945795314304,0.02659318400193839,0.00801545474740139
roth_c_dpm_frac_tree,20,-0.010975465393265582,0.051523764907878224,0.08095072164533078,0.02041106245000996
roth_c_moisture_b_slope,20,-0.9072566246289349,1.439575438470445,2.8563143200813856,0.7023084690270113
roth_c_temp_a1,20,0.2574167245685757,0.43992882184321525,0.6486122350397516,0.14761519138288642
roth_c_temp_a2,20,-0.06708081457820544,0.6541981189796847,1.0371942808215395,0.27465060152827186
thinning_fraction_branch_delta,20,0.027184944088933526,0.027184944088933526,0.025454946380783983,0.007529273897265719
thinning_fraction_croot_delta,20,0.009612114180677691,0.009612114180677691,0.008452297187924743,0.0024213660645305466
thinning_fraction_froot_delta,20,0.006340035694007951,0.006340035694007951,0.005525283222142297,0.001617235379597422
thinning_fraction_leaf_delta,20,0.009199637596461174,0.009199637596461174,0.008579439592046777,0.002805400089405418
thinning_fraction_stem_delta,20,0.05076687681491223,0.05076687681491223,0.04294847663747768,0.012716393660322756
tree_carbon_sp1,20,-0.09563207369439802,1.1840809305121713,2.0248996374669224,0.4905478057733642
tree_nitrogen_branch_sp1,20,0.0013773134249827957,0.0013773134249827957,0.0006616412423336407,0.00017947759773110383
tree_nitrogen_croot_sp1,20,0.00096768457277783,0.00096768457277783,0.0013866520994091764,0.00040922935603894273
tree_nitrogen_froot_sp1,20,0.025771779976769587,0.025771779976769587,0.022130739695399873,0.006974609660428179
tree_nitrogen_leaf_sp1,20,0.041054484560370134,0.041054484560370134,0.039027111500972725,0.011658492327086925
tree_nitrogen_stem_sp1,20,0.0029869315116746982,0.0029869315116746982,0.001627431114799001,0.0005410684073535685
tree_root_in_top_30,20,-0.07290725693970336,0.17059269300516866,0.3330746251014364,0.0868407523301432
tree_root_to_shoot_sp1,20,-0.01867177325156493,0.13166449817635067,0.23388445399446123,0.053851507041691504
cy0,21,-0.07926099008073309,0.6606408624449968,1.080928617030073,0.2709981256856452
clay,21,-0.5020363900021193,0.6753807790988002,1.2442197911875676,0.3282059330286394
temp_ci_delta,21,0.20542176283136998,0.3684472476206652,0.6311430915339333,0.17442626613677534
rain_ci_delta,21,0.26397834866391523,1.43215156218654,2.3423482401460727,0.5620469735195194
evap_ci_delta,21,0.13668245605993593,0.5822149678154062,1.2320436162348394,0.34563416261551066
ef_burn_crop_N2O_scale,21,-0.0036387881242613217,0.0037515118740695406,0.00250927082538121,0.0005998161336373255
ef_burn_crop_CH4_scale,21,-0.013689076860133159,0.013890070420817463,0.009499423496897943,0.0025885634209474027
ef_burn_tree_N2O_scale,21,0.005718870925710498,0.005718870925710498,0.005785666678824656,0.0017308934888399397
ef_burn_tree_CH4_scale,21,0.023532546314713847,0.023532546314713847,0.0218020123308916,0.006452189093452752
ef_N_inputs,21,-0.06258678838656498,0.08351728634214524,0.06910330615222349,0.014496200858311846
combustion_factor_crop,21,-0.015907965509252876,0.016494808245057457,0.012651134309522897,0.003403241646915832
combustion_factor_tree,21,0.031699311483508394,0.031699311483508394,0.031337109555519466,0.00899980582303633
volatile_frac_organic_fertiliser,21,-0.0028754256509736925,0.0028754256509736925,0.00030556244209775153,8.220332913371795e-05
volatile_frac_synthetic_fertiliser,21,0.016297396888962846,0.016297396888962846,0.0016405654386360891,0.0005054828205224261
base_sf_qty_scale,21,-0.12981374696526485,0.12981374696526485,0.0116846971123343,0.003828718301943645
proj_lit_qty_scale,21,0.00034935014351823447,0.014139074825939946,0.01618691054924497,0.0025844387387162315
base_stand_density_scale,21,0.0,0.0,0.0,0.0
proj_stand_density_scale,21,-0.04087095380692658,0.9367775047864904,1.4793507449444192,0.3601324582359286
tree_wood_dens_sp1,21,0.1975078680740468,0.9380867034638071,1.3280360990374929,0.293364894953563
base_cover,21,0.86585147947321,0.8753451089891332,1.1540601296513076,0.34217206407210027
base_fire_off,21,-0.02488531306065852,0.02488531306065852,0.0896922103141354,0.023475185917333708
base_fire_on,21,-0.03493285974000255,0.03493285974000255,0.005956144895642881,0.0018859905989436479
base_mortality,21,0.0,0.0,0.0,0.0
base_sf_n_delta,21,-0.1329016327182008,0.1329016327182008,0.01364616483361721,0.0045517714051516965
base_thinning_delta,21,0.0,0.0,0.0,0.0
crop_base_left_delta,21,0.12971123147571886,0.12971123147571886,0.05973927587056156,0.0188851637922752
crop_base_yield_delta,21,0.04452729557018626,0.06490081603215656,0.07615515563156995,0.01723583575241936
crop_carbon_above_sp3,21,0.004886845662919842,0.009219873208380363,0.010683200286397458,0.002325867567741549
crop_carbon_below_sp3,21,0.015721932825707295,0.018897410153253833,0.016177443683488037,0.00416298172325752
crop_intercept_sp3,21,-0.0007266526133691137,0.0039832484550706895,0.006076224868014817,0.0013364274330093149
crop_nitrogen_above_sp3,21,-0.002787944538039297,0.002921889537422781,0.0021331911774846815,0.0006244334717796763
crop_nitrogen_below_sp3,21,-0.006290349959597083,0.006290349959597083,0.0010248475026808086,0.0003213931329965594
crop_carbon_above_sp10,21,0.04317216509090151,0.04317216509090151,0.02216127078605793,0.00592742783014515
crop_carbon_below_sp10,21,0.017219340219470376,0.017219340219470376,0.01134661203191144,0.0033496351576500615
crop_intercept_sp10,21,0.011095597280201716,0.011690754807242562,0.008095267898548702,0.0019798893934037257
crop_nitrogen_above_sp10,21,-0.007081677975079003,0.007081677975079003,0.0014323384656655623,0.00043741116246511527
crop_nitrogen_below_sp10,21,-0.004457407240105743,0.004457407240105743,0.0014506415250372484,0.0004333593057345437
crop_proj_left_delta,21,-0.02344488413526332,0.025419618413630142,0.021605187820549474,0.005754356905424557
crop_proj_yield_delta,21,0.12147239176730254,0.1257010812454292,0.06234646304596882,0.014418609494667405
crop_root_in_top_30,21,0.02295385566060809,0.025259949839528638,0.023107086475460212,0.006600858837402542
crop_root_to_shoot_sp3,21,0.008389199457717553,0.013402486679544575,0.014513567489668772,0.002951030234402802
crop_slope_sp3,21,-3.0516876932160097e-05,0.004377608065957342,0.0059363166736347926,0.001147755210043592
crop_root_to_shoot_sp10,21,0.014130246035188657,0.014130246035188657,0.010209601134373117,0.003386947657153122
crop_slope_sp10,21,0.015038023590429082,0.016525736569646596,0.017171864042599006,0.004697937933573228
cy0_to_ceq_multiplier,21,-0.0001218348145483411,0.015348224398514007,0.042370400174061636,0.013360363468697432
litter_carbon,21,-0.027465268650940282,0.027465268650940282,0.015119833326488403,0.004602625353939783
litter_nitrogen,21,0.023840581492757883,0.023840581492757883,0.00262222805129417,0.0007248192172948706
mortality_fraction_branch_delta,21,-0.0034116861297332933,0.008854098212880978,0.013243181302401714,0.0028668482846244954
mortality_fraction_croot_delta,21,-0.002631471961273829,0.005360984780396688,0.011822883475569106,0.0032762055763084306
mortality_fraction_froot_delta,21,-0.0005434936800882528,0.002394732383716519,0.005157503586377497,0.0015108687347233911
mortality_fraction_leaf_delta,21,-0.0023813152383743903,0.005117145214067162,0.00970175966125131,0.0024545828941987514
mortality_fraction_stem_delta,21,-0.02148867125705202,0.039831397080518575,0.07928011389038538,0.02097522709714172
pool_alloc_froot_sp1,21,0.00030017540427028366,0.09083140818747745,0.17434265223638173,0.05001898390358787
pool_alloc_leaf_sp1,21,-0.03977286734025052,0.2074625413973398,0.39976235557603823,0.10025002176030758
pool_alloc_stem_sp1,21,0.27266031901014887,0.7688146087565311,1.0562447485315143,0.22964211293897008
pool_turnover_branch_sp1,21,0.46645654625864863,0.4851863624435264,0.5645637339554473,0.1414184197974578
pool_turnover_croot_sp1,21,-0.0836793659526396,0.13641210029892964,0.23821535453690457,0.06650212630057606
pool_turnover_froot_sp1,21,-0.027342831912195796,0.05473007196546772,0.12898801730956178,0.04012147416179086
pool_turnover_leaf_sp1,21,-0.042408512541027434,0.07317252925742307,0.1674760313437983,0.05090040825942235
pool_turnover_stem_sp1,21,11.429293018655642,12.361767336318938,16.831873100028822,4.682189240689154
proj_cover,21,-0.7966157565382257,1.437507345217513,2.8470126138118528,0.7715140184579705
proj_fire_off,21,0.03588058569107097,0.03588058569107097,0.08438609015576834,0.02649264881855673
proj_fire_on,21,0.3280774895505138,0.3280774895505138,0.20479371420755527,0.06577472409711815
proj_mortality,21,0.6468832942221268,0.6662765307330801,1.1718026598752582,0.35910756421209367
proj_thinning_delta,21,12.85892213015272,13.094466059295138,18.1099920432634,5.318847792458943
roth_c_cover_c,21,0.01303740054593896,0.03242349523652853,0.06747002524574985,0.018595599214524097
roth_c_dpm_frac_crop,21,-0.018654251912969547,0.018654251912969547,0.023776704644299686,0.007170060990377368
roth_c_dpm_frac_tree,21,-0.009478054995018765,0.050138432193067815,0.0808320289200592,0.02066411941414258
roth_c_moisture_b_slope,21,-0.8243021816316259,1.4123925122899934,2.8374624425137602,0.6924481904826362
roth_c_temp_a1,21,0.23773221989744683,0.4275809648181884,0.647582576295106,0.14545232241929
roth_c_temp_a2,21,-0.04790857563309399,0.6512344976773812,1.0272334658220326,0.269471394235665
thinning_fraction_branch_delta,21,0.022934380043654612,0.022934380043654612,0.02335454186354304,0.0068965210426563586
thinning_fraction_croot_delta,21,0.007965217908445251,0.008050852903858461,0.007935931128080373,0.002256945057969051
thinning_fraction_froot_delta,21,0.005513639007071819,0.005513639007071819,0.00499577521230101,0.0014735910711354094
thinning_fraction_leaf_delta,21,0.007967196829882636,0.007967196829882636,0.007885799880886212,0.002556485767020391
thinning_fraction_stem_delta,21,0.04174487203823958,0.04174487203823958,0.03812392989919729,0.01141006565206228
tree_carbon_sp1,21,-0.13497245191624924,1.1706276042844588,2.0538882149223294,0.5059132904317508
tree_nitrogen_branch_sp1,21,0.0013472904397908657,0.0013472904397908657,0.000685456235379839,0.00018634911997632273
tree_nitrogen_croot_sp1,21,0.0009662825396794278,0.0009662825396794278,0.0014479174858513157,0.0004279272946132404
tree_nitrogen_froot_sp1,21,0.02564010241568101,0.02564010241568101,0.022934348401188607,0.0072319102323874715
tree_nitrogen_leaf_sp1,21,0.04099645486618416,0.04099645486618416,0.040890882491755584,0.012202398061557868
tree_nitrogen_stem_sp1,21,0.0029029422646960957,0.0029029422646960957,0.001652670591873938,0.0005483541659202816
tree_root_in_top_30,21,-0.07494079935038675,0.16996767478896682,0.3390215611513956,0.0894935940764348
tree_root_to_shoot_sp1,21,-0.023001239852867655,0.13001475224210288,0.23745592517742717,0.0555984274645624
cy0,22,-0.07071754004703426,0.5891710002335646,0.9737584446277358,0.24667662209570282
clay,22,-0.46345677736477703,0.6715971957807867,1.2661838257782176,0.32932190444143056
temp_ci_delta,22,0.1860328636764337,0.36172686216676914,0.6377988864763758,0.17682461610839834
rain_ci_delta,22,0.19831781407873222,1.3658582358739562,2.2503342148870744,0.5383127677345486
evap_ci_delta,22,0.1344985625762321,0.5518353870661603,1.1684238966982583,0.3272369315883719
ef_burn_crop_N2O_scale,22,-0.0039499732468001505,0.004030217422208401,0.0025009049912595926,0.0006045975340586307
ef_burn_crop_CH4_scale,22,-0.01483461357378274,0.01497578688222213,0.009501749994655391,0.002642206055669291
ef_burn_tree_N2O_scale,22,0.005629020072573335,0.005629020072573335,0.005877904325017524,0.0017609596525504066
ef_burn_tree_CH4_scale,22,0.023255098277218358,0.023255098277218358,0.022088611668521812,0.006528997217308441
ef_N_inputs,22,-0.06736901349590213,0.08907401940875424,0.07209780709902469,0.014804822862236687
combustion_factor_crop,22,-0.017322292429777047,0.017762096117359745,0.012706216121059386,0.0034883349075352076
combustion_factor_tree,22,0.03137300635857186,0.03137300635857186,0.032090397317164544,0.009232354032045996
volatile_frac_organic_fertiliser,22,-0.002875425650973576,0.002875425650973576,0.00030556244209778807,8.220332913373628e-05
volatile_frac_synthetic_fertiliser,22,0.01629739688896298,0.01629739688896298,0.0016405654386363372,0.0005054828205225228
base_sf_qty_scale,22,-0.1298137469652644,0.1298137469652644,0.011684697112334823,0.003828718301943918
proj_lit_qty_scale,22,0.0013390012687734987,0.01393287744849787,0.015817550025512273,0.0024117253734852935
base_stand_density_scale,22,0.0,0.0,0.0,0.0
proj_stand_density_scale,22,-0.06159505635884762,0.9193513523145216,1.4785088179685717,0.3658507838976356
tree_wood_dens_sp1,22,0.17645962044476113,0.918910116697036,1.3233708450183392,0.29621413527002927
base_cover,22,0.8149539703020456,0.8266450796723708,1.0874560162298388,0.3196355777043143
base_fire_off,22,-0.024885313060658554,0.024885313060658554,0.08969221031413553,0.02347518591733375
base_fire_on,22,-0.034932859740002764,0.034932859740002764,0.005956144895642613,0.0018859905989435303
base_mortality,22,0.0,0.0,0.0,0.0
base_sf_n_delta,22,-0.13290163271820088,0.13290163271820088,0.013646164833617318,0.0045517714051517486
base_thinning_delta,22,0.0,0.0,0.0,0.0
crop_base_left_delta,22,0.1258630666285799,0.1258630666285799,0.05869407562156038,0.01856375764796423
crop_base_yield_delta,22,0.04010178224487472,0.06385246342258258,0.07516519725316179,0.016206546885558504
crop_carbon_above_sp3,22,0.01811989996442521,0.01828380571713738,0.010129524531701722,0.0033758448172712036
crop_carbon_below_sp3,22,0.056006263799797805,0.056006263799797805,0.01575557433602922,0.005462592877699309
crop_intercept_sp3,22,-0.0007337373492984245,0.00393275894058584,0.00600628799460676,0.0013273652547084237
crop_nitrogen_above_sp3,22,-0.004192904129059571,0.004202156345794195,0.0020133722784275126,0.0006350256518791343
crop_nitrogen_below_sp3,22,-0.009395530786934236,0.009395530786934236,0.0013731474582255863,0.0004214654685624763
crop_carbon_above_sp10,22,0.04143169901709936,0.04143169901709936,0.021583754305845023,0.005762722503618264
crop_carbon_below_sp10,22,0.01649110923873557,0.01649110923873557,0.011117053935659989,0.0032758391568633543
crop_intercept_sp10,22,0.010520918677287217,0.011212005717150798,0.007967868779121229,0.0019131541960551038
crop_nitrogen_above_sp10,22,-0.007081677975078721,0.007081677975078721,0.0014323384656659557,0.00043741116246525557
crop_nitrogen_below_sp10,22,-0.0044574072401054685,0.0044574072401054685,0.0014506415250374828,0.00043335930573456795
crop_proj_left_delta,22,0.0024331096273400494,0.013785893007638725,0.01792955215858832,0.003221031414591747
crop_proj_yield_delta,22,0.12308277412406025,0.12726967119344804,0.0626640870073217,0.014506877409147351
crop_root_in_top_30,22,0.05725283993081078,0.05725283993081078,0.025600686891153617,0.007927145759043372
crop_root_to_shoot_sp3,22,0.04495392845003487,0.04495392845003487,0.018253485006695484,0.004944733599949772
crop_slope_sp3,22,0.013476748047569575,0.013476748047569575,0.006476060156116644,0.0018550771047463434
crop_root_to_shoot_sp10,22,0.013412681158809617,0.013412681158809617,0.010017424820513968,0.003329904747440999
crop_slope_sp10,22,0.013500698869447807,0.015477115805342606,0.016630691135946982,0.004429734818886285
cy0_to_ceq_multiplier,22,0.00039031670136188413,0.013424515999545947,0.0377093931301897,0.012005782832984825
litter_carbon,22,-0.026456565048870707,0.026456565048870707,0.01466616610318849,0.00445900275402056
litter_nitrogen,22,0.02384058149275806,0.02384058149275806,0.002622228051293898,0.0007248192172948341
mortality_fraction_branch_delta,22,-0.0030014546226505012,0.008668990889623284,0.013114938619975668,0.0028460442625113176
mortality_fraction_croot_delta,22,-0.0026478189771325738,0.005369284235570956,0.01206784702219593,0.003355859551512671
mortality_fraction_froot_delta,22,-0.0005421396380055288,0.0023997513192891952,0.00526250082983078,0.0015494936732555918
mortality_fraction_leaf_delta,22,-0.0023867234266897546,0.0050955915260907396,0.009824781206659647,0.0025009615682203396
mortality_fraction_stem_delta,22,-0.02211663846639631,0.03985144472994531,0.08060511665604345,0.021405411387972004
pool_alloc_froot_sp1,22,-0.00014663396022542295,0.0898727822111424,0.1756020517751185,0.05064065522180339
pool_alloc_leaf_sp1,22,-0.04231340840474375,0.2058478225481004,0.40481327542934303,0.10240299356833284
pool_alloc_stem_sp1,22,0.24229191123005825,0.7482327646293313,1.0557243997670067,0.23539335840367887
pool_turnover_branch_sp1,22,0.46014224206800913,0.4826547402522433,0.5822148935678454,0.14457951048681147
pool_turnover_croot_sp1,22,-0.07932232723077128,0.1324205981900291,0.2385614955811329,0.06662971068655621
pool_turnover_froot_sp1,22,-0.025505004635229266,0.05478577634184408,0.13241294421824706,0.04140966318909479
pool_turnover_leaf_sp1,22,-0.04026078094219247,0.07289643133892462,0.1673316699191272,0.05068177949482725
pool_turnover_stem_sp1,22,11.29683319872021,12.317906233322272,17.179638822707638,4.768745963547463
proj_cover,22,-0.7360620792268302,1.394315462969236,2.795782387427011,0.7573606435003165
proj_fire_off,22,0.033484834200346536,0.033484834200346536,0.08017837640439102,0.025256290799290444
proj_fire_on,22,0.32324857642912874,0.32324857642912874,0.21326357312534658,0.06858397045135949
proj_mortality,22,0.6593521910777109,0.6821469160889626,1.24644674174521,0.383527952975636
proj_thinning_delta,22,12.721286711288482,12.992903806214958,18.550624844886336,5.445180933948325
roth_c_cover_c,22,0.011503321657040355,0.031178383970452916,0.06557141137761373,0.01812473318933207
roth_c_dpm_frac_crop,22,-0.0514096322396705,0.0514096322396705,0.021798798924196193,0.006531486120369015
roth_c_dpm_frac_tree,22,-0.00810862103309883,0.04896224665632011,0.08085718550333294,0.020944506851312248
roth_c_moisture_b_slope,22,-0.7411698441963714,1.3983969413827666,2.823136159676102,0.6828426187993264
roth_c_temp_a1,22,0.20901266461546428,0.42050917944411487,0.6506266788441991,0.14310298656048254
roth_c_temp_a2,22,-0.004023209081414225,0.6458231499540723,1.0178012377541394,0.26498662743539486
thinning_fraction_branch_delta,22,0.020051888858425043,0.020051888858425043,0.021507998469465526,0.00635874136417117
thinning_fraction_croot_delta,22,0.006936655960522242,0.007170547875185762,0.007538786178063493,0.002144412785536122
thinning_fraction_froot_delta,22,0.004881419448366583,0.004881419448366583,0.004568539749862096,0.0013560600351759933
thinning_fraction_leaf_delta,22,0.007092960501651055,0.007092960501651055,0.007332999232409089,0.0023676184457488867
thinning_fraction_stem_delta,22,0.03555418367822382,0.036929728899505625,0.035632537883101285,0.010531516327299406
tree_carbon_sp1,22,-0.17044480771719198,1.1598711153892238,2.083422182536403,0.5207686293194067
tree_nitrogen_branch_sp1,22,0.0013188753954852083,0.0013188753954852083,0.0007082469905393494,0.00019299420246987167
tree_nitrogen_croot_sp1,22,0.0009661896314724583,0.0009661896314724583,0.0015110118210301298,0.0004471622131816327
tree_nitrogen_froot_sp1,22,0.025534507142184477,0.025534507142184477,0.023738113074566174,0.0074890854465146164
tree_nitrogen_leaf_sp1,22,0.04098621027710301,0.04098621027710301,0.04277912003253095,0.012752167439085077
tree_nitrogen_stem_sp1,22,0.00282705868775181,0.00282705868775181,0.0016789694229624615,0.0005558596239445244
tree_root_in_top_30,22,-0.07688799236342045,0.1698227547052825,0.3455124166267789,0.09220217080686209
tree_root_to_shoot_sp1,22,-0.026864154865314554,0.12867812695994799,0.24106982946042307,0.05725775946118532
cy0,23,-0.06263703905676532,0.5217741919198033,0.8744431080862348,0.22415269447535377
clay,23,-0.44578200675044366,0.6718915960257338,1.292190178607409,0.33491243313629127
temp_ci_delta,23,0.1785137028268371,0.35664105262588686,0.6468045930265675,0.18103563763084352
rain_ci_delta,23,0.1876708339105717,1.308558002984389,2.1652673915877734,0.5174169995732442
evap_ci_delta,23,0.12158708203575766,0.5238511484312264,1.1113545579365112,0.31023348429374736
ef_burn_crop_N2O_scale,23,-0.003949973246800168,0.004030217422208185,0.0025009049912592977,0.0006045975340586107
ef_burn_crop_CH4_scale,23,-0.01483461357378304,0.01497578688222243,0.009501749994655539,0.0026422060556693942
ef_burn_tree_N2O_scale,23,0.00554833314172006,0.00554833314172006,0.005979437816055785,0.0017933626431749943
ef_burn_tree_CH4_scale,23,0.02301142879813347,0.02301142879813347,0.02242116637947147,0.006623190269535243
ef_N_inputs,23,-0.06753137690438174,0.0910031983301172,0.07523808634423634,0.01526253929186732
combustion_factor_crop,23,-0.017322292429776422,0.017762096117359186,0.012706216121058997,0.0034883349075350914
combustion_factor_tree,23,0.03109132409237329,0.03109132409237329,0.03287063005562135,0.009475113742750979
volatile_frac_organic_fertiliser,23,-0.0028754256509736175,0.0028754256509736175,0.00030556244209785106,8.220332913374235e-05
volatile_frac_synthetic_fertiliser,23,0.016297396888963044,0.016297396888963044,0.0016405654386364053,0.0005054828205225321
base_sf_qty_scale,23,-0.12981374696526463,0.12981374696526463,0.011684697112334047,0.0038287183019435635
proj_lit_qty_scale,23,0.0022464205455527075,0.01379944551257487,0.01550956368663954,0.002286003904907711
base_stand_density_scale,23,0.0,0.0,0.0,0.0
proj_stand_density_scale,23,-0.07934351919214296,0.9036724114460479,1.4778358386525317,0.3709162033559614
tree_wood_dens_sp1,23,0.15777316984001485,0.9012640761581988,1.3190325347526406,0.2989865136341371
base_cover,23,0.7671042045049645,0.7806771120328535,1.0253478633913524,0.2987347776590629
base_fire_off,23,-0.02488531306065852,0.02488531306065852,0.08969221031413546,0.023475185917333725
base_fire_on,23,-0.03493285974000288,0.03493285974000288,0.005956144895643184,0.0018859905989437506
base_mortality,23,0.0,0.0,0.0,0.0
base_sf_n_delta,23,-0.13290163271820102,0.13290163271820102,0.013646164833617453,0.004551771405151793
base_thinning_delta,23,0.0,0.0,0.0,0.0
crop_base_left_delta,23,0.12226914329333147,0.12226914329333147,0.05777455759331773,0.018282740742480666
crop_base_yield_delta,23,0.03594021527802753,0.06288396446242195,0.07428723302144574,0.015310281183160435
crop_carbon_above_sp3,23,0.01342226747496969,0.013977329444627368,0.00995582458252299,0.0031469276762768296
crop_carbon_below_sp3,23,0.04205929101618594,0.04205929101618594,0.015626509633096967,0.005429593804826484
crop_intercept_sp3,23,-0.0007412233306442653,0.0038886557570789,0.005946335991628948,0.0013202329831821474
crop_nitrogen_above_sp3,23,-0.004192904129059438,0.004202156345794128,0.002013372278427371,0.0006350256518789827
crop_nitrogen_below_sp3,23,-0.009395530786934387,0.009395530786934387,0.0013731474582258485,0.0004214654685625968
crop_carbon_above_sp10,23,0.03984514501019768,0.03984514501019768,0.02107706317778461,0.005617114591501512
crop_carbon_below_sp10,23,0.015829686110524918,0.015838394249453082,0.010914043670781692,0.0032085550980651776
crop_intercept_sp10,23,0.009997428518975799,0.010798768242224916,0.00786742983993473,0.0018456919169752503
crop_nitrogen_above_sp10,23,-0.00708167797507922,0.00708167797507922,0.0014323384656656482,0.000437411162465099
crop_nitrogen_below_sp10,23,-0.004457407240105677,0.004457407240105677,0.0014506415250371463,0.00043335930573447807
crop_proj_left_delta,23,-0.006042961928947527,0.013738299385364522,0.01740531105978624,0.0036344780398390145
crop_proj_yield_delta,23,0.1246547075066552,0.1287930810357733,0.06294463033570732,0.014587406262123572
crop_root_in_top_30,23,0.04251517569132094,0.04251517569132094,0.025440373889031434,0.007931838202395208
crop_root_to_shoot_sp3,23,0.031058431685283005,0.031058431685283005,0.018131340977258083,0.004929033798517617
crop_slope_sp3,23,0.007607042564309552,0.007611487661721572,0.006421817198758072,0.0018559809062050328
crop_root_to_shoot_sp10,23,0.012756323146132429,0.012756323146132429,0.009849457826215652,0.00328093935967
crop_slope_sp10,23,0.01209857539101925,0.01456142848490038,0.016173150104403126,0.00418905266201681
cy0_to_ceq_multiplier,23,0.0008382708388929739,0.012186052872905617,0.03359816468391619,0.010602985216261341
litter_carbon,23,-0.02553151095233298,0.02553151095233298,0.014280618304271733,0.004336355879154893
litter_nitrogen,23,0.023840581492757834,0.023840581492757834,0.002622228051294112,0.0007248192172948599
mortality_fraction_branch_delta,23,-0.0026240426929283966,0.008543252362833676,0.013005959812449503,0.0028292025503428705
mortality_fraction_croot_delta,23,-0.002672924115822542,0.005376635496532537,0.012321019612218504,0.0034389768658322126
mortality_fraction_froot_delta,23,-0.0005461807294887585,0.0024042135844589848,0.005371906107713038,0.001589600517952549
mortality_fraction_leaf_delta,23,-0.0023993843362886567,0.005080853694012355,0.00996203078707707,0.002551924289757213
mortality_fraction_stem_delta,23,-0.022737634370192522,0.03988331025702513,0.08194829155675495,0.021834425124337316
pool_alloc_froot_sp1,23,-0.0006480937386455693,0.08913591337030632,0.17702744303409076,0.05131687768893542
pool_alloc_leaf_sp1,23,-0.04491347101835077,0.20484305005749875,0.41037576540146137,0.10468234518306083
pool_alloc_stem_sp1,23,0.21381683796120604,0.7273000415034416,1.054215590874389,0.24082262108304717
pool_turnover_branch_sp1,23,0.4530028893908652,0.4787690853805894,0.5981313888306332,0.14750218158908157
pool_turnover_croot_sp1,23,-0.07545271535280682,0.12926974911973108,0.23928238152700254,0.0667885962888691
pool_turnover_froot_sp1,23,-0.023969009219297975,0.05511382853928263,0.13603303140990614,0.04276198227602282
pool_turnover_leaf_sp1,23,-0.03837993068098839,0.07263262359346198,0.1673843827340727,0.050548871526000544
pool_turnover_stem_sp1,23,11.161414584658257,12.25564316604165,17.485670938036407,4.846541278689104
proj_cover,23,-0.728566486405659,1.3557704012976162,2.7723376543336706,0.7548549266361784
proj_fire_off,23,0.0334848342003467,0.0334848342003467,0.0801783764043915,0.025256290799290645
proj_fire_on,23,0.32016503336655466,0.32016503336655466,0.2218498719904229,0.07143932635294316
proj_mortality,23,0.6719953744178181,0.6982977586185148,1.3226067050468928,0.4085386577153719
proj_thinning_delta,23,12.604257270643469,12.91223190383749,18.96282255259968,5.56128116798662
roth_c_cover_c,23,0.01104708152714245,0.030187856875658465,0.06427048790495746,0.017906428918582008
roth_c_dpm_frac_crop,23,-0.04242223045615362,0.04242223045615362,0.028021125041625093,0.008180990727839002
roth_c_dpm_frac_tree,23,-0.006793604624957966,0.04789868705611643,0.08099339731535062,0.021253747320050153
roth_c_moisture_b_slope,23,-0.7038310223117035,1.3891992817031527,2.829667949781671,0.6836662910199334
roth_c_temp_a1,23,0.1956455585838963,0.41681130859539356,0.6570914748359877,0.14343875479797383
roth_c_temp_a2,23,0.010061609955187395,0.6373112623566222,1.012050853861856,0.2642160789085947
thinning_fraction_branch_delta,23,0.017931112838563624,0.017931112838563624,0.01985607052980102,0.005876090192927758
thinning_fraction_croot_delta,23,0.006233747016724095,0.006542192359520221,0.007199762269057087,0.002057969677263721
thinning_fraction_froot_delta,23,0.004374415988917082,0.004374415988917082,0.004215170348025708,0.0012581288519524143
thinning_fraction_leaf_delta,23,0.006430423657518641,0.006430423657518641,0.006882361354097614,0.002219482806010651
thinning_fraction_stem_delta,23,0.031008617029774983,0.033525938116953265,0.03443619128875111,0.010017982299757474
tree_carbon_sp1,23,-0.20300678048816806,1.1512496163505666,2.112494420053679,0.5346791580105004
tree_nitrogen_branch_sp1,23,0.0012919673454094894,0.0012919673454094894,0.0007300895413591673,0.00019941656719414308
tree_nitrogen_croot_sp1,23,0.0009672850083470464,0.0009672850083470464,0.0015757797904639088,0.00046688937092902643
tree_nitrogen_froot_sp1,23,0.02545205002997376,0.02545205002997376,0.02454183385373896,0.007746070809478722
tree_nitrogen_leaf_sp1,23,0.04101901945000497,0.04101901945000497,0.044689976875235314,0.013307361349384362
tree_nitrogen_stem_sp1,23,0.0027582689641632075,0.0027582689641632075,0.0017063174224653985,0.0005636018743797698
tree_root_in_top_30,23,-0.0788365241130911,0.1704541262428692,0.35235356948964824,0.09490364799851739
tree_root_to_shoot_sp1,23,-0.030351635796136617,0.1275230655690564,0.24460898170579448,0.05882176070912575
cy0,24,-0.05500923220977487,0.4588442338838953,0.7828774952738271,0.20329811435197095
clay,24,-0.4332135960332576,0.6749068051186705,1.322897919971688,0.34247775425012217
temp_ci_delta,24,0.17310682938623254,0.3534389521483286,0.6552268500956231,0.18482540307959655
rain_ci_delta,24,0.19005506559009372,1.2575959621336457,2.0909080769192565,0.499370164735936
evap_ci_delta,24,0.10443967538983187,0.49791681782784425,1.0591973454016064,0.29429458540885745
ef_burn_crop_N2O_scale,24,-0.003949973246800159,0.004030217422208276,0.002500904991259106,0.000604597534058516
ef_burn_crop_CH4_scale,24,-0.014834613573783031,0.014975786882222421,0.009501749994655443,0.0026422060556692776
ef_burn_tree_N2O_scale,24,0.0054758419111841814,0.0054758419111841814,0.006089384174230667,0.0018278962860527514
ef_burn_tree_CH4_scale,24,0.0227982155338703,0.0227982155338703,0.022796154917051493,0.0067333514212025505
ef_N_inputs,24,-0.06761876774445727,0.09288147158930903,0.07842272656221295,0.015755546066196214
combustion_factor_crop,24,-0.017322292429776433,0.017762096117359193,0.012706216121059022,0.003488334907535037
combustion_factor_tree,24,0.030849402168244177,0.030849402168244177,0.03367519206897151,0.009726983929463274
volatile_frac_organic_fertiliser,24,-0.0028754256509736843,0.0028754256509736843,0.00030556244209772144,8.220332913371887e-05
volatile_frac_synthetic_fertiliser,24,0.016297396888962788,0.016297396888962788,0.0016405654386360473,0.0005054828205224003
base_sf_qty_scale,24,-0.12981374696526454,0.12981374696526454,0.011684697112334552,0.003828718301943791
proj_lit_qty_scale,24,0.0030821318036525326,0.013730362300526466,0.0152517768150614,0.002197287343942623
base_stand_density_scale,24,0.0,0.0,0.0,0.0
proj_stand_density_scale,24,-0.09481391690861479,0.8892269506651929,1.4770639052567205,0.37540033973801173
tree_wood_dens_sp1,24,0.1408532944624429,0.8845399176221548,1.3147992654128111,0.30163406308216023
base_cover,24,0.7221095458122595,0.737280111441651,0.9675852925021555,0.2794239601849305
base_fire_off,24,-0.02488531306065852,0.02488531306065852,0.08969221031413543,0.023475185917333725
base_fire_on,24,-0.03493285974000266,0.03493285974000266,0.005956144895642659,0.0018859905989435776
base_mortality,24,0.0,0.0,0.0,0.0
base_sf_n_delta,24,-0.13290163271820074,0.13290163271820074,0.013646164833617145,0.004551771405151683
base_thinning_delta,24,0.0,0.0,0.0,0.0
crop_base_left_delta,24,0.1189029427372188,0.1189029427372188,0.056963949667885726,0.018036327498005173
crop_base_yield_delta,24,0.032016642023388275,0.06198003673502657,0.07350230284064373,0.014540537550057254
crop_carbon_above_sp3,24,0.011514325911034526,0.012381624311683551,0.009858143373081607,0.003000053295243014
crop_carbon_below_sp3,24,0.036239753063330944,0.036239753063330944,0.015767130300887385,0.005463122089640252
crop_intercept_sp3,24,-0.0007486993529736239,0.0038499230580685702,0.005894823763136776,0.0013148632541001262
crop_nitrogen_above_sp3,24,-0.004192904129059263,0.004202156345793953,0.0020133722784273977,0.0006350256518790067
crop_nitrogen_below_sp3,24,-0.009395530786934512,0.009395530786934512,0.001373147458225615,0.00042146546856249164
crop_carbon_above_sp10,24,0.038390860129854064,0.038390860129854064,0.0206311138093284,0.00548825920160369
crop_carbon_below_sp10,24,0.015226039113843359,0.015251578563924496,0.010733056017818307,0.003146695907798303
crop_intercept_sp10,24,0.0095194289615661,0.010424181529522946,0.007787805074063806,0.001789554865400252
crop_nitrogen_above_sp10,24,-0.007081677975079104,0.007081677975079104,0.0014323384656653472,0.0004374111624649925
crop_nitrogen_below_sp10,24,-0.0044574072401053514,0.0044574072401053514,0.0014506415250372603,0.00043335930573452523
crop_proj_left_delta,24,-0.009303790549102884,0.014560248823649789,0.017322516017009217,0.00400688524530829
crop_proj_yield_delta,24,0.12618490182344183,0.13026965499857057,0.06319154708867661,0.014660518642134766
crop_root_in_top_30,24,0.03624080737529227,0.03624080737529227,0.02545680671003145,0.00793302785798677
crop_root_to_shoot_sp3,24,0.025302015226479402,0.025302015226479402,0.018182082377611746,0.004971223189723473
crop_slope_sp3,24,0.005141154101015763,0.005895738381458002,0.006482589371125101,0.0016620316808517708
crop_root_to_shoot_sp10,24,0.012152645562680378,0.01215885790134407,0.009701635734847594,0.003235178691601848
crop_slope_sp10,24,0.0108142653253815,0.01382137400038098,0.015785492084562605,0.003981510389432718
cy0_to_ceq_multiplier,24,0.00122824487497131,0.011077590716727651,0.029978242036293946,0.00936313491611018
litter_carbon,24,-0.024679435380265013,0.024679435380265013,0.013952605334139915,0.004231571181805223
litter_nitrogen,24,0.023840581492758035,0.023840581492758035,0.0026222280512941476,0.0007248192172949465
mortality_fraction_branch_delta,24,-0.002278269903668126,0.00843318939149242,0.012907166414645633,0.0028223401638206654
mortality_fraction_croot_delta,24,-0.0027050560527863477,0.005382978485736723,0.012579205464284638,0.0035242324961742167
mortality_fraction_froot_delta,24,-0.000554712113040147,0.0024077169609764484,0.0054835348829720765,0.001630486465817496
mortality_fraction_leaf_delta,24,-0.0024181185435729947,0.005075620122506669,0.010109280545856312,0.0026043499358736843
mortality_fraction_stem_delta,24,-0.02334685065448005,0.03993102019252599,0.0832966681880567,0.022259311266139597
pool_alloc_froot_sp1,24,-0.001208831687281206,0.08856698261472479,0.178564850182846,0.05202956494375894
pool_alloc_leaf_sp1,24,-0.047564246873547475,0.20399810497415358,0.41628786938941725,0.1070411460036723
pool_alloc_stem_sp1,24,0.18730561917538052,0.7080625182689595,1.051592936602196,0.24539113348838384
pool_turnover_branch_sp1,24,0.44516623046876297,0.4741976554022876,0.6121023446358511,0.15005260940563872
pool_turnover_croot_sp1,24,-0.07203828848499665,0.12730469708637565,0.24031748117290258,0.06705513319094263
pool_turnover_froot_sp1,24,-0.022702593627966245,0.05548278737799513,0.13979527220738902,0.044175083062777905
pool_turnover_leaf_sp1,24,-0.0367403137196392,0.07237043333833032,0.16759816123523094,0.05049119339165627
pool_turnover_stem_sp1,24,11.023902779805216,12.176299206867451,17.749448311216625,4.914751223237879
proj_cover,24,-0.7333087214649184,1.3215310724231562,2.7603725641469326,0.7570178113641098
proj_fire_off,24,0.03348483420034687,0.03348483420034687,0.08017837640439197,0.025256290799290832
proj_fire_on,24,0.31738966705760197,0.31738966705760197,0.23050977049713817,0.07431503120890515
proj_mortality,24,0.684866923502358,0.714676229149303,1.399963319789599,0.43398394489082087
proj_thinning_delta,24,12.501806213566429,12.854651511996007,19.347191411258542,5.665148267089753
roth_c_cover_c,24,0.010696498612377014,0.02928125256256201,0.06301056619281382,0.017687559740272196
roth_c_dpm_frac_crop,24,-0.033661815400519365,0.033661815400519365,0.027558515164990482,0.008005816441131306
roth_c_dpm_frac_tree,24,-0.005510828504090517,0.04690571050587146,0.08121226973899148,0.02158539542217995
roth_c_moisture_b_slope,24,-0.6733786287448538,1.379783234964669,2.838324003432644,0.6862007494444977
roth_c_temp_a1,24,0.18543465830248718,0.413800069630261,0.6630187563549209,0.14426654170097084
roth_c_temp_a2,24,0.016973678719641706,0.629297743711968,1.0081512157686472,0.26403437803482105
thinning_fraction_branch_delta,24,0.01627918775210243,0.01627918775210243,0.01838060172951477,0.005439160879837878
thinning_fraction_croot_delta,24,0.005716409438469422,0.006065609805213706,0.006912593685961762,0.0019923676549923656
thinning_fraction_froot_delta,24,0.003956128305597792,0.003956128305597792,0.003919587270670152,0.0011756190742683275
thinning_fraction_leaf_delta,24,0.0059063626628365505,0.0059063626628365505,0.006507816632211569,0.002099705904103794
thinning_fraction_stem_delta,24,0.027506584772045577,0.03193851802067581,0.03400674401405049,0.009056981423300652
tree_carbon_sp1,24,-0.2330314247902921,1.1435051696516434,2.140305393518784,0.5477877769421295
tree_nitrogen_branch_sp1,24,0.0012664677177668588,0.0012664677177668588,0.0007510576202431034,0.00020562275614680864
tree_nitrogen_croot_sp1,24,0.0009694556915223029,0.0009694556915223029,0.0016420492675097373,0.0004870585049260461
tree_nitrogen_froot_sp1,24,0.02539007649502325,0.02539007649502325,0.025344954836621546,0.008002687897185001
tree_nitrogen_leaf_sp1,24,0.041090408424626045,0.041090408424626045,0.04662078644213006,0.013867304977988616
tree_nitrogen_stem_sp1,24,0.002695709880427344,0.002695709880427344,0.0017347024730654677,0.0005715914694589778
tree_root_in_top_30,24,-0.08080116549661942,0.17117075953454036,0.3593883687334976,0.09761159135084635
tree_root_to_shoot_sp1,24,-0.033509523257039764,0.12647758846773732,0.24797553110795845,0.06027627978471545
cy0,25,-0.04782084588261692,0.40186466115237557,0.6990171971063205,0.18389613622667167
clay,25,-0.42317316793433346,0.6816886203092617,1.354835605873017,0.35009828771187607
temp_ci_delta,25,0.17027671822923826,0.35170284657017437,0.664157435178866,0.18864658156472977
rain_ci_delta,25,0.20423715052321295,1.209890694962302,2.020040133667843,0.4826103418741166
evap_ci_delta,25,0.08781322585853504,0.4742920041878998,1.010993881321034,0.27948977806139985
ef_burn_crop_N2O_scale,25,-0.003949973246800059,0.0040302174222081434,0.0025009049912593164,0.0006045975340585474
ef_burn_crop_CH4_scale,25,-0.01483461357378274,0.01497578688222213,0.00950174999465564,0.002642206055669349
ef_burn_tree_N2O_scale,25,0.005410686389199311,0.005410686389199311,0.006206880631016663,0.001864355563640115
ef_burn_tree_CH4_scale,25,0.022612440794013693,0.022612440794013693,0.02321001983492082,0.006858071050877919
ef_N_inputs,25,-0.06764009392633505,0.09471244125746972,0.08164556087953558,0.01628305339809952
combustion_factor_crop,25,-0.01732229242977704,0.0177620961173598,0.012706216121059207,0.003488334907535128
combustion_factor_tree,25,0.030642894887939587,0.030642894887939587,0.03450147238966312,0.009986902171565639
volatile_frac_organic_fertiliser,25,-0.0028754256509737008,0.0028754256509737008,0.000305562442097759,8.22033291337213e-05
volatile_frac_synthetic_fertiliser,25,0.01629739688896298,0.01629739688896298,0.0016405654386364191,0.0005054828205225658
base_sf_qty_scale,25,-0.12981374696526427,0.12981374696526427,0.011684697112334948,0.0038287183019439903
proj_lit_qty_scale,25,0.0038549789637690344,0.013688241361963676,0.015034840022238347,0.0021543932248108155
base_stand_density_scale,25,0.0,0.0,0.0,0.0
proj_stand_density_scale,25,-0.1083485017148276,0.8756539987125784,1.4758620382424823,0.3792925300775482
tree_wood_dens_sp1,25,0.12543586142858065,0.8692456975956787,1.310428665979567,0.30377610035780767
base_cover,25,0.679790703954416,0.7003172339544925,0.9140112557425185,0.26098911808819114
base_fire_off,25,-0.02488531306065852,0.02488531306065852,0.0896922103141354,0.023475185917333708
base_fire_on,25,-0.034932859740002487,0.034932859740002487,0.005956144895642704,0.0018859905989436266
base_mortality,25,0.0,0.0,0.0,0.0
base_sf_n_delta,25,-0.1329016327182006,0.1329016327182006,0.013646164833617382,0.004551771405151907
base_thinning_delta,25,0.0,0.0,0.0,0.0
crop_base_left_delta,25,0.11574247310622907,0.11574247310622907,0.05624640388831182,0.0178192167998796
crop_base_yield_delta,25,0.028307850461009632,0.061127471237649146,0.0727942322075982,0.013891297604541417
crop_carbon_above_sp3,25,0.010278074087904748,0.011521610502884116,0.00981286225317892,0.0028377471183937196
crop_carbon_below_sp3,25,0.03247257917020728,0.03247257917020728,0.01577629047985718,0.005463850437121912
crop_intercept_sp3,25,-0.000756319911457952,0.0038150341206729375,0.0058497392756002645,0.0013107625789885462
crop_nitrogen_above_sp3,25,-0.0041929041290593135,0.004202156345794003,0.0020133722784276002,0.0006350256518791428
crop_nitrogen_below_sp3,25,-0.009395530786934577,0.009395530786934577,0.0013731474582257034,0.0004214654685625409
crop_carbon_above_sp10,25,0.03705127525272109,0.03705127525272109,0.020237059684970124,0.005373948336544284
crop_carbon_below_sp10,25,0.014671963242117766,0.014712512927179646,0.010571024142695637,0.003092317034089313
crop_intercept_sp10,25,0.0090800222583241,0.010101890076885838,0.007725471827494094,0.0017356838730837073
crop_nitrogen_above_sp10,25,-0.007081677975078795,0.007081677975078795,0.0014323384656658208,0.000437411162465187
crop_nitrogen_below_sp10,25,-0.004457407240105677,0.004457407240105677,0.0014506415250372603,0.0004333593057344931
crop_proj_left_delta,25,-0.011364186493475453,0.01576317594982894,0.017656302729616612,0.004233768903829799
crop_proj_yield_delta,25,0.12767157897932385,0.13169889751992908,0.06340788787850257,0.01472655289678823
crop_root_in_top_30,25,0.032148007269680735,0.03225909084541128,0.02507291199457063,0.007773091759090784
crop_root_to_shoot_sp3,25,0.02151728757603945,0.02151728757603945,0.01780179832809565,0.004902984517694416
crop_slope_sp3,25,0.0035518380518410136,0.005150948720569512,0.0064078198176682755,0.001484998008098309
crop_root_to_shoot_sp10,25,0.0115955549577916,0.01164827127726388,0.009570185821280412,0.003180803366532971
crop_slope_sp10,25,0.009632654957960793,0.013194166491706735,0.015456399089881273,0.0037961889698143792
cy0_to_ceq_multiplier,25,0.0015660176613650628,0.010081037608167817,0.02680479297045341,0.008275251815282504
litter_carbon,25,-0.023891329983352756,0.023891329983352756,0.01367302979928951,0.004141959184491236
litter_nitrogen,25,0.023840581492757935,0.023840581492757935,0.002622228051294159,0.000724819217294875
mortality_fraction_branch_delta,25,-0.001961413694843939,0.008337666906093843,0.012811525578345397,0.0028158503137486637
mortality_fraction_croot_delta,25,-0.0027423193598887703,0.005391712409681318,0.012839156220862083,0.003609850072674766
mortality_fraction_froot_delta,25,-0.0005667406373541072,0.00241001299107963,0.00559533460485207,0.001671461961933653
mortality_fraction_leaf_delta,25,-0.0024415561077188244,0.005073745629668981,0.010262669551774028,0.002658673545377538
mortality_fraction_stem_delta,25,-0.02393802275356094,0.03997581581045476,0.08463645922942105,0.022678481711164832
pool_alloc_froot_sp1,25,-0.0018160368920201494,0.08796821334354496,0.1801648809290764,0.05274891992024229
pool_alloc_leaf_sp1,25,-0.05023035578305527,0.20325343931908985,0.4223904065106227,0.10943231379848978
pool_alloc_stem_sp1,25,0.16277602544937536,0.6910161369859402,1.047641220219514,0.24878317543840534
pool_turnover_branch_sp1,25,0.4366771639525573,0.4685024531967977,0.6239276816692445,0.15222469491746973
pool_turnover_croot_sp1,25,-0.0690256837106513,0.1257518552638966,0.24160738304063026,0.06743042069345763
pool_turnover_froot_sp1,25,-0.021668369791610215,0.055820379044218146,0.143650615794884,0.04563535319195698
pool_turnover_leaf_sp1,25,-0.03530962531557737,0.07229028999629881,0.16794017883681792,0.05045857547387055
pool_turnover_stem_sp1,25,10.883172829147243,12.092806332693142,17.969695477530127,4.9691439776036646
proj_cover,25,-0.7453681919718739,1.2878756971085157,2.7572236330831648,0.762189479581363
proj_fire_off,25,0.0334848342003465,0.0334848342003465,0.080178376404391,0.025256290799290433
proj_fire_on,25,0.31488490242441614,0.31488490242441614,0.23923326679610915,0.07720774162690056
proj_mortality,25,0.6979404699969889,0.7308458074745978,1.478167440105314,0.4597960569031426
proj_thinning_delta,25,12.408759372892508,12.808824894607984,19.702079726628636,5.758594599601072
roth_c_cover_c,25,0.01059521828196824,0.02866138804192282,0.06192085897027561,0.017471663690560066
roth_c_dpm_frac_crop,25,-0.02770958743502729,0.02770958743502729,0.025583035706180788,0.0074160780307488666
roth_c_dpm_frac_tree,25,-0.004258916800060394,0.0459640663554122,0.08148636212454216,0.02192961815332334
roth_c_moisture_b_slope,25,-0.6576975732971844,1.3821681212149923,2.852429448068595,0.6869476760851908
roth_c_temp_a1,25,0.17834061770887316,0.4116568861521797,0.6703445157033535,0.14588990575888738
roth_c_temp_a2,25,0.020044916875474876,0.6175395049808632,1.0044420697815526,0.2647223557853288
thinning_fraction_branch_delta,25,0.014941534379061677,0.014941534379061677,0.017063957073233226,0.005043319723059505
thinning_fraction_croot_delta,25,0.005313761869407113,0.005687787286587792,0.0066714188632466505,0.0019427550112045098
thinning_fraction_froot_delta,25,0.0036050299646376073,0.0036050299646376073,0.003669209546244016,0.0011050640578027932
thinning_fraction_leaf_delta,25,0.005480187011446991,0.005480187011446991,0.0061903349957910985,0.002000045394608282
thinning_fraction_stem_delta,25,0.0247177160329533,0.030602881302407476,0.034018478773764495,0.008492432877345274
tree_carbon_sp1,25,-0.2606495555509084,1.1361796755653215,2.1661445796543357,0.5599532367196137
tree_nitrogen_branch_sp1,25,0.0012422808591328355,0.0012422808591328355,0.0007712180922017781,0.0002116200259822065
tree_nitrogen_croot_sp1,25,0.0009725946109796519,0.0009725946109796519,0.0017096296875494877,0.0005076134064012557
tree_nitrogen_froot_sp1,25,0.025346168216927506,0.025346168216927506,0.026146611348552534,0.008258659378749474
tree_nitrogen_leaf_sp1,25,0.04119609615199392,0.04119609615199392,0.0485681113271286,0.014431100742941875
tree_nitrogen_stem_sp1,25,0.0026386413101944033,0.0026386413101944033,0.001764101628425205,0.0005798319429154172
tree_root_in_top_30,25,-0.08276757292973672,0.17192252241262135,0.36647741176817383,0.1002888283818109
tree_root_to_shoot_sp1,25,-0.03636238930437831,0.12550291196388308,0.25108097110159483,0.06160390204275982
cy0,26,-0.041057029150477986,0.34989050420248813,0.6228959013573566,0.16599137734734237
clay,26,-0.41543127976859673,0.6880243160793064,1.387620987565296,0.358315230668247
temp_ci_delta,26,0.16914360119340804,0.3498991918880598,0.6736638618680302,0.19280462999954343
rain_ci_delta,26,0.22217016737376705,1.1636948332736106,1.9511331126736224,0.46682652899294375
evap_ci_delta,26,0.07416628731045012,0.4520909706247579,0.9655340179308286,0.265813634152928
ef_burn_crop_N2O_scale,26,-0.003949973246800342,0.004030217422208426,0.002500904991259403,0.000604597534058628
ef_burn_crop_CH4_scale,26,-0.01483461357378294,0.014975786882222264,0.009501749994655476,0.0026422060556693886
ef_burn_tree_N2O_scale,26,0.005352096322952633,0.005352096322952633,0.0063310689558664715,0.0019025314610383458
ef_burn_tree_CH4_scale,26,0.02245133798529386,0.02245133798529386,0.023659125635973624,0.006995934478696633
ef_N_inputs,26,-0.06760376160823448,0.09649865534663774,0.08489884164389362,0.016843321483342596
combustion_factor_crop,26,-0.017322292429776672,0.017762096117359436,0.012706216121058697,0.0034883349075349956
combustion_factor_tree,26,0.030467882472153002,0.030467882472153002,0.03534679763059968,0.010253818878901269
volatile_frac_organic_fertiliser,26,-0.0028754256509736344,0.0028754256509736344,0.00030556244209784255,8.220332913374414e-05
volatile_frac_synthetic_fertiliser,26,0.016297396888962954,0.016297396888962954,0.0016405654386364911,0.0005054828205225819
base_sf_qty_scale,26,-0.1298137469652642,0.1298137469652642,0.01168469711233435,0.0038287183019437
proj_lit_qty_scale,26,0.004572487810620074,0.01368824752504214,0.014851018514635403,0.0021420124960100503
base_stand_density_scale,26,0.0,0.0,0.0,0.0
proj_stand_density_scale,26,-0.12012514239102164,0.8626638071139123,1.473876044970326,0.3825442659375165
tree_wood_dens_sp1,26,0.11139825227688427,0.8545484227849499,1.3056799889008606,0.30563571137927287
base_cover,26,0.6399817798699827,0.665382513306578,0.864469395008037,0.24395767783669087
base_fire_off,26,-0.024885313060658488,0.024885313060658488,0.0896922103141353,0.023475185917333687
base_fire_on,26,-0.03493285974000274,0.03493285974000274,0.005956144895643039,0.001885990598943717
base_mortality,26,0.0,0.0,0.0,0.0
base_sf_n_delta,26,-0.13290163271820066,0.13290163271820066,0.013646164833617677,0.004551771405152041
base_thinning_delta,26,0.0,0.0,0.0,0.0
crop_base_left_delta,26,0.11276794109616362,0.11277032311145596,0.055609017833483786,0.017625277733733635
crop_base_yield_delta,26,0.024794252484868252,0.06031598566182646,0.07214970383618746,0.013356571907446706
crop_carbon_above_sp3,26,0.009369422887687471,0.010982114781288651,0.009802726295415688,0.0026922635759047756
crop_carbon_below_sp3,26,0.029740706420202368,0.029740706420202368,0.01577516362071861,0.005461321350515297
crop_intercept_sp3,26,-0.0007636113798424424,0.003782621752264774,0.005809203470799514,0.001307528729939555
crop_nitrogen_above_sp3,26,-0.004192904129059596,0.004202156345794303,0.0020133722784271045,0.0006350256518789029
crop_nitrogen_below_sp3,26,-0.009395530786934128,0.009395530786934128,0.0013731474582259356,0.0004214654685626418
crop_carbon_above_sp10,26,0.03581260726680039,0.03581260726680039,0.01988675914158082,0.005272369215068495
crop_carbon_below_sp10,26,0.014161943079330783,0.01421600751937507,0.010424907084130748,0.003044141168050842
crop_intercept_sp10,26,0.008674512999866928,0.009839207780023033,0.007677102353353287,0.0016748733215551906
crop_nitrogen_above_sp10,26,-0.00708167797507917,0.00708167797507917,0.001432338465665406,0.00043741116246506274
crop_nitrogen_below_sp10,26,-0.00445740724010576,0.00445740724010576,0.0014506415250371855,0.0004333593057344394
crop_proj_left_delta,26,-0.012785512064356474,0.016860790504699907,0.018070649857544002,0.004378163472524824
crop_proj_yield_delta,26,0.12911384176967827,0.13308091818778264,0.06359648010559006,0.014785934528270312
crop_root_in_top_30,26,0.029101357442927744,0.02949939500890981,0.024593604009900582,0.0075145972431048995
crop_root_to_shoot_sp3,26,0.01873529300065778,0.01890366505534717,0.017316706250571228,0.0047861052371523235
crop_slope_sp3,26,0.0024088215138855645,0.0049259476525091135,0.006297747356756223,0.0013080966152575603
crop_root_to_shoot_sp10,26,0.01107912885871025,0.01118461720100937,0.009452698215172334,0.003131796514344579
crop_slope_sp10,26,0.008541855071713367,0.012642697149160553,0.015175813085237945,0.003634598066150258
cy0_to_ceq_multiplier,26,0.0018577659090176918,0.00917280524689614,0.024040619094829282,0.007331079212025328
litter_carbon,26,-0.023159593463955137,0.023159593463955137,0.013434055393763902,0.004065162398851584
litter_nitrogen,26,0.023840581492757983,0.023840581492757983,0.0026222280512940388,0.0007248192172949133
mortality_fraction_branch_delta,26,-0.001670178403476799,0.008329536960456265,0.012713397324863039,0.0027960957009291105
mortality_fraction_croot_delta,26,-0.0027828674199058684,0.0054018276374562715,0.013097509889650097,0.003694723792923201
mortality_fraction_froot_delta,26,-0.0005812663356487363,0.002415942031328769,0.005705335591480375,0.0017102182802822814
mortality_fraction_leaf_delta,26,-0.002468265739760861,0.005073916231458348,0.010418596686023088,0.0027137113685887985
mortality_fraction_stem_delta,26,-0.02450465948206143,0.04001467245440608,0.08595312144801465,0.023088169162393098
pool_alloc_froot_sp1,26,-0.002451944964206054,0.0873418069195304,0.1817803260208426,0.05346014066785503
pool_alloc_leaf_sp1,26,-0.05286866366188152,0.20257107960432785,0.42852688643688075,0.11180854607862269
pool_alloc_stem_sp1,26,0.14021923567135924,0.673365555345357,1.0421282449696565,0.2516140907884769
pool_turnover_branch_sp1,26,0.4275403072162791,0.4616664206992677,0.633413286165336,0.1539524040320756
pool_turnover_croot_sp1,26,-0.06635828664370794,0.12423482093103329,0.24309405263012143,0.06791832799638665
pool_turnover_froot_sp1,26,-0.020830217652942483,0.05635281356113466,0.1475511563672294,0.047042937132465504
pool_turnover_leaf_sp1,26,-0.03405605359276193,0.07230209622533809,0.16837909306556398,0.05045369880444027
pool_turnover_stem_sp1,26,10.737225151211035,12.010370343133577,18.14464858890834,5.0073969590954235
proj_cover,26,-0.7566607295157564,1.2578197282198873,2.7591550114191867,0.7680463869886949
proj_fire_off,26,0.03348483420034652,0.03348483420034652,0.08017837640439102,0.02525629079929043
proj_fire_on,26,0.3126165147964306,0.3126165147964306,0.248004630870528,0.08011233117280561
proj_mortality,26,0.7111490729515858,0.7467600140433095,1.556825621069142,0.4858302345658295
proj_thinning_delta,26,12.3204807003257,12.760860246533383,20.024584328253358,5.843039112413905
roth_c_cover_c,26,0.010648920586449584,0.0280370960579705,0.06100230384536449,0.01735000637105667
roth_c_dpm_frac_crop,26,-0.023315349516430887,0.023315349516430887,0.02322701665832962,0.006729781565713122
roth_c_dpm_frac_tree,26,-0.003044155106649732,0.045063290429404164,0.0817883634655127,0.022275748003861624
roth_c_moisture_b_slope,26,-0.6531861182498666,1.383321983341643,2.8704991952506496,0.6904497200239685
roth_c_temp_a1,26,0.17334447671958492,0.4129954889542006,0.6787341278302863,0.14779207742635875
roth_c_temp_a2,26,0.021487301077594573,0.6070163695619613,1.0010096119436132,0.2650439349722524
thinning_fraction_branch_delta,26,0.01382863024798155,0.01382863024798155,0.015888304731337642,0.00468483213774452
thinning_fraction_croot_delta,26,0.004987435885695784,0.005378292981554761,0.0064677057303299595,0.0019043919499420457
thinning_fraction_froot_delta,26,0.0033069934209967065,0.0033069934209967065,0.003453959689059271,0.00104368660324883
thinning_fraction_leaf_delta,26,0.005127015934963788,0.005127015934963788,0.0059163142389894305,0.0019150696828177953
thinning_fraction_stem_delta,26,0.022445405092741837,0.02945379691898404,0.034256029875023096,0.008204661652626266
tree_carbon_sp1,26,-0.28588862681351823,1.128969642078768,2.189344943784053,0.5710069078191744
tree_nitrogen_branch_sp1,26,0.0012193143899459024,0.0012193143899459024,0.0007906283791929685,0.00021741504050961887
tree_nitrogen_croot_sp1,26,0.0009765990261865365,0.0009765990261865365,0.001778311024880094,0.0005284916690521399
tree_nitrogen_froot_sp1,26,0.02531810018490393,0.02531810018490393,0.026945671016840207,0.008513621971362875
tree_nitrogen_leaf_sp1,26,0.04133194339423933,0.04133194339423933,0.050527789615760085,0.014997640821192478
tree_nitrogen_stem_sp1,26,0.0025864253642978565,0.0025864253642978565,0.0017944769113002275,0.0005883199946076843
tree_root_in_top_30,26,-0.08471007331498533,0.1726702880361585,0.373490112654595,0.1028989213151134
tree_root_to_shoot_sp1,26,-0.038923740712312305,0.12455134401966758,0.25384225211383105,0.06279043427629552
cy0,27,-0.034701630010778514,0.3097587378942782,0.5546471982787406,0.14766288427652663
clay,27,-0.409705602883456,0.69353979155684,1.4211574315040347,0.3670676538637889
temp_ci_delta,27,0.16929547473018405,0.3482115308356764,0.6836014081372055,0.19708274412126042
rain_ci_delta,27,0.2405240697890144,1.1185933818971252,1.8843093725289257,0.45206365746819566
evap_ci_delta,27,0.06368330634361383,0.4310874994225264,0.9222837268482215,0.25304867709051104
ef_burn_crop_N2O_scale,27,-0.0039499732468000846,0.0040302174222082016,0.0025009049912593003,0.0006045975340586006
ef_burn_crop_CH4_scale,27,-0.014834613573782999,0.014975786882222389,0.009501749994655534,0.0026422060556693773
ef_burn_tree_N2O_scale,27,0.00529937606208907,0.00529937606208907,0.006461084794058205,0.0019422076172226565
ef_burn_tree_CH4_scale,27,0.02231234766114711,0.02231234766114711,0.024139732830045453,0.007145514948369192
ef_N_inputs,27,-0.0675177825415842,0.09824173218993157,0.088173353880814,0.01743375434849502
combustion_factor_crop,27,-0.017322292429776613,0.017762096117359377,0.012706216121058577,0.003488334907534897
combustion_factor_tree,27,0.03032079673191333,0.03032079673191333,0.036208388092674654,0.010526679784164288
volatile_frac_organic_fertiliser,27,-0.002875425650973809,0.002875425650973809,0.00030556244209773917,8.220332913374649e-05
volatile_frac_synthetic_fertiliser,27,0.016297396888962846,0.016297396888962846,0.001640565438636302,0.0005054828205225142
base_sf_qty_scale,27,-0.129813746965264,0.129813746965264,0.011684697112334767,0.0038287183019438966
proj_lit_qty_scale,27,0.005241058554791162,0.01370142272866522,0.014693919610222891,0.002160868559275796
base_stand_density_scale,27,0.0,0.0,0.0,0.0
proj_stand_density_scale,27,-0.13024107595690532,0.8500091720856264,1.4707562737063258,0.385092422606028
tree_wood_dens_sp1,27,0.09867896584575495,0.8402100892703173,1.300326400941195,0.3071861376137304
base_cover,27,0.6025278676932866,0.6322183297306154,0.8188001091294153,0.22838817189709293
base_fire_off,27,-0.024885313060658488,0.024885313060658488,0.0896922103141353,0.023475185917333687
base_fire_on,27,-0.034932859740002806,0.034932859740002806,0.005956144895643032,0.0018859905989436947
base_mortality,27,0.0,0.0,0.0,0.0
base_sf_n_delta,27,-0.13290163271820082,0.13290163271820082,0.013646164833617448,0.004551771405151952
base_thinning_delta,27,0.0,0.0,0.0,0.0
crop_base_left_delta,27,0.10996297313659684,0.11008196495978381,0.055039405434162476,0.017365273492915508
crop_base_yield_delta,27,0.021458560081140103,0.06000389411737861,0.07155722819369376,0.012718480693481726
crop_carbon_above_sp3,27,0.008647634747059115,0.010626154187287882,0.009812174766254518,0.002556983006347731
crop_carbon_below_sp3,27,0.027606592442955803,0.027606592442955803,0.015803657411521913,0.005465911295283322
crop_intercept_sp3,27,-0.0007709597017287933,0.003752622879350173,0.00577239141603032,0.0013049196199245111
crop_nitrogen_above_sp3,27,-0.00419290412905928,0.004202156345793987,0.0020133722784274476,0.0006350256518790375
crop_nitrogen_below_sp3,27,-0.009395530786934286,0.009395530786934286,0.0013731474582259176,0.0004214654685626141
crop_carbon_above_sp10,27,0.03466204240063599,0.03466204240063599,0.019574094233404258,0.00518179029834941
crop_carbon_below_sp10,27,0.01369024440885667,0.013756426296278493,0.010291997580145214,0.0030010158830273866
crop_intercept_sp10,27,0.008298549783380177,0.00959860260920135,0.007640144866682679,0.0016227537715734163
crop_nitrogen_above_sp10,27,-0.007081677975079174,0.007081677975079174,0.0014323384656654901,0.0004374111624650307
crop_nitrogen_below_sp10,27,-0.00445740724010561,0.00445740724010561,0.0014506415250373056,0.0004333593057345278
crop_proj_left_delta,27,-0.013814677313604468,0.017736917795470302,0.018454835003678387,0.004482837959406976
crop_proj_yield_delta,27,0.13051161449411705,0.13441643171829337,0.06375989391782313,0.014839089381334006
crop_root_in_top_30,27,0.026639508331379486,0.02741483989911196,0.024135714351172233,0.007277283548894319
crop_root_to_shoot_sp3,27,0.016544583211527766,0.017493692753593672,0.016849861959490064,0.004481429642536607
crop_slope_sp3,27,0.0015208741105233125,0.004848194015333385,0.006192984736497813,0.0011689894359056111
crop_root_to_shoot_sp10,27,0.010598090531732442,0.010751214300925606,0.00934719422422403,0.0030891012786048925
crop_slope_sp10,27,0.007531077068358779,0.012143269276595928,0.01493590663083313,0.0035019140690604605
cy0_to_ceq_multiplier,27,0.0021076822280987617,0.008341235882582737,0.021656528294823764,0.006524173526064469
litter_carbon,27,-0.02247769876282617,0.02247769876282617,0.013229041496911863,0.003999183334972639
litter_nitrogen,27,0.023840581492758084,0.023840581492758084,0.0026222280512943484,0.000724819217294976
mortality_fraction_branch_delta,27,-0.0014012533911292647,0.008304891611558497,0.012608110364474451,0.0027800649182123057
mortality_fraction_croot_delta,27,-0.002824966457602808,0.005418835320119676,0.013350789771344705,0.003777194688123915
mortality_fraction_froot_delta,27,-0.0005974047148099376,0.00242172396745928,0.005811604840616701,0.0017476122228409937
mortality_fraction_leaf_delta,27,-0.002496910324010962,0.0050749335402759084,0.010573605262021302,0.002768351967751013
mortality_fraction_stem_delta,27,-0.025040463062894203,0.04004357600670967,0.08723158231510708,0.023484391529362634
pool_alloc_froot_sp1,27,-0.003098044242948683,0.08668902793217746,0.18336553728303157,0.05414879552827393
pool_alloc_leaf_sp1,27,-0.05543560004625164,0.2019149964522294,0.4345438982244482,0.11412427698175942
pool_alloc_stem_sp1,27,0.11961188227013982,0.656534526774164,1.0348436723643135,0.25309467393108154
pool_turnover_branch_sp1,27,0.41774003610682975,0.45371786585966234,0.6403763626711653,0.15516718107734134
pool_turnover_croot_sp1,27,-0.0639830668514095,0.12286869461817602,0.24472203374732557,0.06845966181972803
pool_turnover_froot_sp1,27,-0.020154889985713815,0.05687327462895371,0.15144869289872748,0.04845284157746674
pool_turnover_leaf_sp1,27,-0.03295007307143106,0.07228052312846199,0.1688847479158982,0.0504904244324083
pool_turnover_stem_sp1,27,10.583709779151821,11.90693317770194,18.272293370152457,5.033648175106573
proj_cover,27,-0.7647099053975179,1.2269925071154995,2.763699132507804,0.7744434128828036
proj_fire_off,27,0.033484834200346536,0.033484834200346536,0.08017837640439114,0.02525629079929046
proj_fire_on,27,0.3105530730430873,0.3105530730430873,0.2568029321634317,0.08302204654771927
proj_mortality,27,0.7244025853779972,0.7623541403167273,1.6354969948533884,0.5119282720664982
proj_thinning_delta,27,12.232741996723682,12.70941605913264,20.31109853133157,5.917303691618527
roth_c_cover_c,27,0.010797931323027305,0.02740552426777592,0.06023228201804775,0.017293322443744506
roth_c_dpm_frac_crop,27,-0.019874054199136824,0.019874054199136824,0.020910151034593216,0.00606262281640874
roth_c_dpm_frac_tree,27,-0.001874395507678986,0.044196379731281675,0.08209112617639908,0.022613100308548597
roth_c_moisture_b_slope,27,-0.6568862943535562,1.3829045092086023,2.891153496445209,0.6961162885422832
roth_c_temp_a1,27,0.17002570178705445,0.4138271608896812,0.6877534203396706,0.150040139616683
roth_c_temp_a2,27,0.021714916673860336,0.5982016403122515,0.9979961127791018,0.2650553302243918
thinning_fraction_branch_delta,27,0.012884225443914876,0.012884225443914876,0.014837120454468772,0.004360324572505075
thinning_fraction_croot_delta,27,0.004715054488460974,0.005118232946788132,0.0062926766553826705,0.0018733805748008148
thinning_fraction_froot_delta,27,0.0030519139243446736,0.0030519139243446736,0.0032660639581269966,0.0009893867373022853
thinning_fraction_leaf_delta,27,0.004830255684701937,0.004830255684701937,0.0056761533076700585,0.0018412017514810996
thinning_fraction_stem_delta,27,0.020563614077622673,0.028448484122631467,0.034578624430040394,0.008095016072044865
tree_carbon_sp1,27,-0.3087299939440006,1.1216119856425986,2.2092682442081424,0.5807848221397683
tree_nitrogen_branch_sp1,27,0.0011974794261474964,0.0011974794261474964,0.000809335232118192,0.00022301310475750756
tree_nitrogen_croot_sp1,27,0.0009813692759859049,0.0009813692759859049,0.0018478633694882973,0.0005496246093186465
tree_nitrogen_froot_sp1,27,0.02530380626602317,0.02530380626602317,0.027740770255023913,0.008767137900139462
tree_nitrogen_leaf_sp1,27,0.04149391341822241,0.04149391341822241,0.05249498235348269,0.015565620178480765
tree_nitrogen_stem_sp1,27,0.002538509315660603,0.002538509315660603,0.0018257738535436936,0.0005970459943486952
tree_root_in_top_30,27,-0.08659858958228726,0.17340070936118576,0.38030103298856044,0.10540704061648332
tree_root_to_shoot_sp1,27,-0.04120081160432228,0.12358808353925883,0.25618046162734076,0.0638204296702391
cy0,28,-0.028738204979666487,0.2800467376323005,0.49451863407497537,0.1309978674502369
clay,28,-0.40573240854490306,0.6983903407933437,1.4554377807332786,0.3762767947550531
temp_ci_delta,28,0.1704563772003537,0.3493262550162424,0.6938166924433837,0.2002764403597818
rain_ci_delta,28,0.25788485906224734,1.0745720466697006,1.820005909081062,0.43840416371103685
evap_ci_delta,28,0.055957631690977075,0.41113764980132705,0.8810473667107694,0.24108086822346153
ef_burn_crop_N2O_scale,28,-0.003949973246800009,0.004030217422208127,0.0025009049912591667,0.0006045975340585181
ef_burn_crop_CH4_scale,28,-0.014834613573783115,0.014975786882222505,0.009501749994655556,0.002642206055669382
ef_burn_tree_N2O_scale,28,0.005251892208382086,0.005251892208382086,0.006596050966116429,0.001983158370764995
ef_burn_tree_CH4_scale,28,0.02219308178424633,0.02219308178424633,0.024647985273974188,0.0073053706060642295
ef_N_inputs,28,-0.06738985591582092,0.09994247159963868,0.09145853581882607,0.018051004553297112
combustion_factor_crop,28,-0.017322292429776613,0.017762096117359377,0.01270621612105931,0.0034883349075350983
combustion_factor_tree,28,0.030198360573846877,0.030198360573846877,0.03708333140754039,0.010804414656865836
volatile_frac_organic_fertiliser,28,-0.002875425650973709,0.002875425650973709,0.00030556244209775153,8.220332913374028e-05
volatile_frac_synthetic_fertiliser,28,0.016297396888962853,0.016297396888962853,0.0016405654386363307,0.000505482820522531
base_sf_qty_scale,28,-0.1298137469652645,0.1298137469652645,0.011684697112334498,0.003828718301943785
proj_lit_qty_scale,28,0.005866171573687235,0.013724322001007322,0.01455829151394161,0.0022035657242106483
base_stand_density_scale,28,0.0,0.0,0.0,0.0
proj_stand_density_scale,28,-0.13875134087138308,0.8374745253089172,1.4661736672085064,0.38687115330650024
tree_wood_dens_sp1,28,0.08724355551616422,0.8260896416544101,1.2941612943854395,0.3083723297841525
base_cover,28,0.5672856366812906,0.6007315079368345,0.7768433410229532,0.21423497939696903
base_fire_off,28,-0.024885313060658488,0.024885313060658488,0.0896922103141353,0.023475185917333687
base_fire_on,28,-0.03493285974000316,0.03493285974000316,0.005956144895643293,0.0018859905989437322
base_mortality,28,0.0,0.0,0.0,0.0
base_sf_n_delta,28,-0.1329016327182007,0.1329016327182007,0.013646164833617252,0.004551771405151865
base_thinning_delta,28,0.0,0.0,0.0,0.0
crop_base_left_delta,28,0.1073123664436327,0.1075415960361203,0.054527573907486644,0.01713014002027014
crop_base_yield_delta,28,0.01828610055345504,0.05980813473887181,0.07100746023903728,0.01213516324956093
crop_carbon_above_sp3,28,0.008046648301817307,0.010357556666223946,0.009829380375988458,0.002442826675286347
crop_carbon_below_sp3,28,0.02585805596220695,0.0258594293836374,0.01586050520030217,0.005476717941672642
crop_intercept_sp3,28,-0.0007779754413977616,0.0037238186281405806,0.005738369918801184,0.0013029095328424651
crop_nitrogen_above_sp3,28,-0.004192904129059255,0.0042021563457939615,0.002013372278427467,0.0006350256518790574
crop_nitrogen_below_sp3,28,-0.00939553078693425,0.00939553078693425,0.001373147458225592,0.00042146546856255127
crop_carbon_above_sp10,28,0.033589754852206714,0.033589754852206714,0.01929338117918954,0.005100923743272923
crop_carbon_below_sp10,28,0.013252290277091277,0.013329325737334991,0.010170556983104833,0.0029623119915581446
crop_intercept_sp10,28,0.007948908363175093,0.009376960123314097,0.00761205711668706,0.0015783971899589458
crop_nitrogen_above_sp10,28,-0.007081677975079054,0.007081677975079054,0.0014323384656658377,0.00043741116246522076
crop_nitrogen_below_sp10,28,-0.004457407240105893,0.004457407240105893,0.0014506415250372198,0.0004333593057344561
crop_proj_left_delta,28,-0.014578199035106817,0.0184113130067146,0.01877715472794688,0.004563563668449572
crop_proj_yield_delta,28,0.13186523154297394,0.1357063928835259,0.06390030026598104,0.014886399702306527
crop_root_in_top_30,28,0.02455121244332554,0.025816683795969398,0.02373079418774735,0.00706876660600968
crop_root_to_shoot_sp3,28,0.014745798034743147,0.01637982338909008,0.016432267264916645,0.004221520701950855
crop_slope_sp3,28,0.0007950977588366631,0.004841326949756067,0.0061032896212021275,0.0010700370830504227
crop_root_to_shoot_sp10,28,0.010149094882536869,0.01035875310869725,0.00925135382561685,0.0030426768029545863
crop_slope_sp10,28,0.0065921699070196575,0.011747949580622502,0.014729317368315075,0.003369214431465149
cy0_to_ceq_multiplier,28,0.0023203228397743166,0.007606173470167824,0.0196291346871681,0.0058432944434499475
litter_carbon,28,-0.021840126899901172,0.021840126899901172,0.013052276690788489,0.003942261207884841
litter_nitrogen,28,0.023840581492758067,0.023840581492758067,0.002622228051293961,0.0007248192172948652
mortality_fraction_branch_delta,28,-0.0011513932340488364,0.00826306948077198,0.012491817215026237,0.0027655370094076637
mortality_fraction_croot_delta,28,-0.0028670078825288646,0.00544431514011993,0.013595429070861524,0.0038553269125006437
mortality_fraction_froot_delta,28,-0.0006143494117079179,0.0024272498913894686,0.005912248569306682,0.0017831307839190644
mortality_fraction_leaf_delta,28,-0.00252625405866473,0.00507568736910657,0.010724355177973337,0.00282154569496546
mortality_fraction_stem_delta,28,-0.025539505786764737,0.04005780592463841,0.08845645503325637,0.023863053888307544
pool_alloc_froot_sp1,28,-0.0037372976870143986,0.08600914963505926,0.1848763065103994,0.054800994600070374
pool_alloc_leaf_sp1,28,-0.057889857463958326,0.20124970514476354,0.44029160198476014,0.11633599785451519
pool_alloc_stem_sp1,28,0.10092134131756174,0.6419552599597661,1.0256216722385303,0.25261092998592327
pool_turnover_branch_sp1,28,0.4072508847287161,0.4449022047181437,0.6446540293807062,0.15581613093482075
pool_turnover_croot_sp1,28,-0.06185282685274403,0.12164807541240066,0.24643873868835095,0.0690310183160601
pool_turnover_froot_sp1,28,-0.019612571007683648,0.05745995557576633,0.15529395797124182,0.04983746790868712
pool_turnover_leaf_sp1,28,-0.0319658773795425,0.07222090687591405,0.169427925415597,0.05055726560767418
pool_turnover_stem_sp1,28,10.42019307366002,11.797389256469927,18.350558368123355,5.042760920078803
proj_cover,28,-0.7689794739743692,1.1958082454418972,2.7690343727094677,0.7807389337933162
proj_fire_off,28,0.03348483420034652,0.03348483420034652,0.08017837640439102,0.02525629079929043
proj_fire_on,28,0.30866549548129785,0.30866549548129785,0.2656025792405178,0.08592866771819309
proj_mortality,28,0.7375958927526897,0.7775799334173848,1.7136954131217432,0.5379111806231295
proj_thinning_delta,28,12.141662697241678,12.649912707227442,20.55764216867237,5.980110955027602
roth_c_cover_c,28,0.011003779439524597,0.026769352149593577,0.05958987846871506,0.01728005526593355
roth_c_dpm_frac_crop,28,-0.017085079055066944,0.017085079055066944,0.018771063418792942,0.005450754203202191
roth_c_dpm_frac_tree,28,-0.0007587242078028217,0.04335767499160674,0.08236722203898722,0.02293120094635512
roth_c_moisture_b_slope,28,-0.6664974670902073,1.3812043894212986,2.9132636403724983,0.7032799552430692
roth_c_temp_a1,28,0.1680740740457816,0.41397204252896647,0.6970556643382251,0.15257643692245765
roth_c_temp_a2,28,0.0208554905514928,0.5874140161890687,0.9954740723539782,0.26572321413461436
thinning_fraction_branch_delta,28,0.012070634819251086,0.012070634819251086,0.013895920227018056,0.004066775879866104
thinning_fraction_croot_delta,28,0.00448266613177351,0.004895148265300514,0.006138702461416293,0.0018468080223280198
thinning_fraction_froot_delta,28,0.002832117261733941,0.002832117261733941,0.003099700115565802,0.0009406325090751478
thinning_fraction_leaf_delta,28,0.00457810392892138,0.00457810392892138,0.005463040582164728,0.0017760435460810503
thinning_fraction_stem_delta,28,0.018986452000520466,0.027555710774062582,0.03489753348640499,0.008088511442094689
tree_carbon_sp1,28,-0.32913416585884103,1.1138649065900406,2.225303725987385,0.5891296210570325
tree_nitrogen_branch_sp1,28,0.0011766907086092683,0.0011766907086092683,0.0008273744242343077,0.00022841776956386442
tree_nitrogen_croot_sp1,28,0.0009868078227121464,0.0009868078227121464,0.0019180371136991935,0.0005709373630139201
tree_nitrogen_froot_sp1,28,0.02530135185186887,0.02530135185186887,0.028530347518238727,0.00901870533384904
tree_nitrogen_leaf_sp1,28,0.04167804323483648,0.04167804323483648,0.05446422495983508,0.01613355087310364
tree_nitrogen_stem_sp1,28,0.002494411588042375,0.002494411588042375,0.001857921599516966,0.0006059946136135547
tree_root_in_top_30,28,-0.08840183315568281,0.174161034084767,0.3867883019676297,0.10778140556203301
tree_root_to_shoot_sp1,28,-0.04319702209292904,0.12258256085326083,0.2580207234659955,0.0646787391123466
cy0,29,-0.02314948134131724,0.25591382536042084,0.44286728775251455,0.11530603396886743
clay,29,-0.4032864355759907,0.7036908584759817,1.4904748891399058,0.385794558861024
temp_ci_delta,29,0.17239015369756766,0.350204064434077,0.7041589446668716,0.20361489173397043
rain_ci_delta,29,0.2736385587278631,1.0317150399379735,1.7586369625762375,0.42590453966360386
evap_ci_delta,29,0.05050203559838764,0.3921489846324345,0.8417668213068543,0.22985260022819637
ef_burn_crop_N2O_scale,29,-0.003949973246800296,0.004030217422208347,0.0025009049912591845,0.0006045975340585573
ef_burn_crop_CH4_scale,29,-0.01483461357378304,0.01497578688222243,0.009501749994655532,0.0026422060556692433
ef_burn_tree_N2O_scale,29,0.005209063595068247,0.005209063595068247,0.006735073989796786,0.0020251479143833157
ef_burn_tree_CH4_scale,29,0.022091295075793688,0.022091295075793688,0.025179908595530653,0.0074740445789654095
ef_N_inputs,29,-0.06722742777836796,0.10162442649404657,0.09474261083125501,0.01868135076955452
combustion_factor_crop,29,-0.01732229242977689,0.01776209611735965,0.012706216121058947,0.0034883349075350107
combustion_factor_tree,29,0.030097539139096095,0.030097539139096095,0.03796856981344503,0.011085930816638691
volatile_frac_organic_fertiliser,29,-0.0028754256509738174,0.0028754256509738174,0.00030556244209779495,8.220332913377018e-05
volatile_frac_synthetic_fertiliser,29,0.016297396888962846,0.016297396888962846,0.0016405654386361503,0.0005054828205224579
base_sf_qty_scale,29,-0.1298137469652645,0.1298137469652645,0.011684697112334563,0.0038287183019437973
proj_lit_qty_scale,29,0.006452524209799004,0.01375412132955638,0.014439785227483128,0.0022637506378939748
base_stand_density_scale,29,0.0,0.0,0.0,0.0
proj_stand_density_scale,29,-0.14568845628563498,0.8248706879588614,1.4598290521694988,0.3878184623305651
tree_wood_dens_sp1,29,0.07706843935912887,0.8120643323806125,1.2870009941466636,0.30914452696669326
base_cover,29,0.534119743939365,0.5713486982461575,0.7384376825324184,0.20142549030402207
base_fire_off,29,-0.024885313060658488,0.024885313060658488,0.0896922103141353,0.023475185917333687
base_fire_on,29,-0.03493285974000242,0.03493285974000242,0.0059561448956426495,0.0018859905989435865
base_mortality,29,0.0,0.0,0.0,0.0
base_sf_n_delta,29,-0.13290163271820044,0.13290163271820044,0.013646164833617096,0.0045517714051517884
base_thinning_delta,29,0.0,0.0,0.0,0.0
crop_base_left_delta,29,0.10480337192941021,0.10513691819600032,0.05406444062983048,0.016916529625577714
crop_base_yield_delta,29,0.015263804582650916,0.05970192572872759,0.07049191795014575,0.011626380028979852
crop_carbon_above_sp3,29,0.007532931156356229,0.01015590205571941,0.009846461240729886,0.0023409174952373265
crop_carbon_below_sp3,29,0.024382818012019157,0.024490660491108217,0.01593353345866316,0.0054178304200418435
crop_intercept_sp3,29,-0.000784671002000395,0.003696571829306913,0.005706379920376138,0.0013010230283924697
crop_nitrogen_above_sp3,29,-0.004192904129059621,0.0042021563457942945,0.002013372278427417,0.0006350256518791142
crop_nitrogen_below_sp3,29,-0.009395530786933646,0.009395530786933646,0.0013731474582260518,0.00042146546856275765
crop_carbon_above_sp10,29,0.03258634321495658,0.03258634321495658,0.01903979274599837,0.00502830266055579
crop_carbon_below_sp10,29,0.012844694009332181,0.012931565138264083,0.010058495002650972,0.002927175669060303
crop_intercept_sp10,29,0.0076225177048789144,0.00917147275711779,0.007591156709444044,0.0015410518691995152
crop_nitrogen_above_sp10,29,-0.007081677975079146,0.007081677975079146,0.0014323384656657133,0.00043741116246519474
crop_nitrogen_below_sp10,29,-0.0044574072401054095,0.0044574072401054095,0.0014506415250373052,0.00043335930573451433
crop_proj_left_delta,29,-0.01514900435674663,0.018918230355041952,0.019033695849906506,0.00462666180105981
crop_proj_yield_delta,29,0.13317542468299212,0.13695202008479995,0.06401968165092055,0.014928259855546269
crop_root_in_top_30,29,0.022728406170588144,0.024408828045464376,0.023381338837670754,0.00690889397923882
crop_root_to_shoot_sp3,29,0.013228835572214048,0.01550991502786811,0.016066584158079912,0.003985482850349079
crop_slope_sp3,29,0.0001823352207928175,0.004887355003810989,0.006027233383187938,0.0009967988512783197
crop_root_to_shoot_sp10,29,0.009728650709369615,0.009996210292959865,0.009163607459261662,0.0029971240576661595
crop_slope_sp10,29,0.005716825893894134,0.011443672648147657,0.01455075783606602,0.0032393670528925757
cy0_to_ceq_multiplier,29,0.0025004256626924596,0.006932821123459235,0.017937283900615747,0.005289358064565079
litter_carbon,29,-0.021242129725235537,0.021242129725235537,0.012898942458411486,0.0038928877963877524
litter_nitrogen,29,0.023840581492757668,0.023840581492757668,0.0026222280512941125,0.0007248192172948231
mortality_fraction_branch_delta,29,-0.0009177979346722279,0.008209896561579279,0.01236125332944119,0.002747325722615966
mortality_fraction_croot_delta,29,-0.0029075142149277977,0.005466419560745983,0.01382780406063028,0.00392923961912704
mortality_fraction_froot_delta,29,-0.0006313783098780528,0.0024304416232684618,0.006005412175853088,0.0018163572806860382
mortality_fraction_leaf_delta,29,-0.0025551077457662565,0.005075192785814249,0.010867628154632606,0.002872288185445101
mortality_fraction_stem_delta,29,-0.025996235364165083,0.04005218929632667,0.08961226617995173,0.0242200072010019
pool_alloc_froot_sp1,29,-0.004354304096274258,0.08537403569266892,0.18627012198069773,0.05537569397687636
pool_alloc_leaf_sp1,29,-0.06019323706235108,0.20054010914505058,0.4456245004799057,0.1184022156558926
pool_alloc_stem_sp1,29,0.08410779940257052,0.6270786423590182,1.0143547650344567,0.25135470513588326
pool_turnover_branch_sp1,29,0.3960442183596069,0.43540127801940454,0.6461139281371091,0.15586476231547366
pool_turnover_croot_sp1,29,-0.05992610927070021,0.12042078056278727,0.24819454196906574,0.06964340859737453
pool_turnover_froot_sp1,29,-0.01917627356950058,0.058091052284793165,0.1590363720677978,0.05117721195877317
pool_turnover_leaf_sp1,29,-0.03108017298534847,0.07211869953268463,0.1699806527669243,0.05064318001652458
pool_turnover_stem_sp1,29,10.244309490536809,11.677627763515487,18.37747389621756,5.034980925320989
proj_cover,29,-0.769566961400005,1.166205078684609,2.7737199391804497,0.7864295525814323
proj_fire_off,29,0.03348483420034652,0.03348483420034652,0.08017837640439102,0.02525629079929043
proj_fire_on,29,0.30692670202870476,0.30692670202870476,0.2743738777068706,0.08882267480723151
proj_mortality,29,0.7506124299131799,0.7929377524985555,1.7908948880967648,0.5634436032287086
proj_thinning_delta,29,12.043680305397219,12.580877594850365,20.7600888408684,6.029875725637625
roth_c_cover_c,29,0.011240519443020075,0.026138900411612025,0.05905583606875947,0.017297102853649812
roth_c_dpm_frac_crop,29,-0.014779781713468654,0.014779781713468654,0.01684322658353996,0.004901219045924692
roth_c_dpm_frac_tree,29,0.0002954445692303964,0.04254122181380028,0.08258963141871294,0.023220145110427626
roth_c_moisture_b_slope,29,-0.6802039624140356,1.378399025045898,2.9358662696596354,0.7114125487369042
roth_c_temp_a1,29,0.1672009321273337,0.414882744376733,0.7063651388140372,0.15480663735210032
roth_c_temp_a2,29,0.0190699421006374,0.5753126216866411,0.9934192589119454,0.2668830114326015
thinning_fraction_branch_delta,29,0.011361158983586866,0.011361158983586866,0.01305211729215502,0.0038014526661956194
thinning_fraction_croot_delta,29,0.004280912777627344,0.004700287937261316,0.005999680270893803,0.001822641320805646
thinning_fraction_froot_delta,29,0.0026415613438934837,0.0026415613438934837,0.002950580636338586,0.0008963235389090452
thinning_fraction_leaf_delta,29,0.004361792956123506,0.004361792956123506,0.0052720737479926725,0.0017179374477362015
thinning_fraction_stem_delta,29,0.01765243165048425,0.02675117417698525,0.03515933608106785,0.008132734299931109
tree_carbon_sp1,29,-0.34705261779244695,1.1055023106383992,2.236873266915734,0.5958926578171188
tree_nitrogen_branch_sp1,29,0.0011568666719168868,0.0011568666719168868,0.0008447710780783382,0.00023363069131944675
tree_nitrogen_croot_sp1,29,0.0009928185620751095,0.0009928185620751095,0.0019885637623163225,0.0005923491639724877
tree_nitrogen_froot_sp1,29,0.025308912418347623,0.025308912418347623,0.029312674433347827,0.009267768169931493
tree_nitrogen_leaf_sp1,29,0.041880424365282484,0.041880424365282484,0.056429484834483644,0.016699778252600477
tree_nitrogen_stem_sp1,29,0.0024537102398362763,0.0024537102398362763,0.0018908338714077439,0.0006151454839344345
tree_root_in_top_30,29,-0.09008836242130823,0.1748170184870898,0.39283338133071216,0.10998438560991
tree_root_to_shoot_sp1,29,-0.04491334381501,0.12154202231928171,0.25929275428414916,0.06534530894750587
cy0,30,-0.017917318778829617,0.2337106544350879,0.40012109448247657,0.10206778368835892
clay,30,-0.40217563760815755,0.7092047118849075,1.5262730249213854,0.39552681399181194
temp_ci_delta,30,0.17488102095737765,0.35155626550275887,0.7144723441042506,0.20672645209722854
rain_ci_delta,30,0.28752689185669833,0.9901077332529269,1.700508046890487,0.41458349949776835
evap_ci_delta,30,0.04688714943199916,0.3740565897926385,0.8044280201932615,0.21933183760782002
ef_burn_crop_N2O_scale,30,-0.003949973246799976,0.00403021742220806,0.0025009049912591494,0.0006045975340585115
ef_burn_crop_CH4_scale,30,-0.014834613573783129,0.014975786882222519,0.009501749994655738,0.0026422060556695556
ef_burn_tree_N2O_scale,30,0.005170353226264602,0.005170353226264602,0.006877243295465276,0.002067930356889195
ef_burn_tree_CH4_scale,30,0.022004862526915508,0.022004862526915508,0.02573141803428293,0.007650067529361406
ef_N_inputs,30,-0.06703773060307662,0.10330450563302795,0.09801273413910655,0.019313435979940237
combustion_factor_crop,30,-0.017322292429777123,0.017762096117359884,0.012706216121059105,0.0034883349075350207
combustion_factor_tree,30,0.030015500791957715,0.030015500791957715,0.03886089838130393,0.011370110451235748
volatile_frac_organic_fertiliser,30,-0.0028754256509737758,0.0028754256509737758,0.0003055624420978204,8.220332913377682e-05
volatile_frac_synthetic_fertiliser,30,0.016297396888963003,0.016297396888963003,0.0016405654386363938,0.000505482820522533
base_sf_qty_scale,30,-0.1298137469652642,0.1298137469652642,0.011684697112334975,0.003828718301944001
proj_lit_qty_scale,30,0.007004142651323192,0.013788498280636802,0.014334862475937129,0.0023363368714123373
base_stand_density_scale,30,0.0,0.0,0.0,0.0
proj_stand_density_scale,30,-0.15107262563813056,0.8120327237851754,1.4514591469275218,0.38787998562775466
tree_wood_dens_sp1,30,0.06813427632099264,0.7980260698685232,1.278686383556047,0.309460139168778
base_cover,30,0.5029054128626271,0.5445170749233683,0.7034181706379949,0.18956884554972583
base_fire_off,30,-0.024885313060658477,0.024885313060658477,0.0896922103141353,0.023475185917333687
base_fire_on,30,-0.034932859740002466,0.034932859740002466,0.005956144895642694,0.0018859905989435973
base_mortality,30,0.0,0.0,0.0,0.0
base_sf_n_delta,30,-0.13290163271820093,0.13290163271820093,0.013646164833617141,0.004551771405151693
base_thinning_delta,30,0.0,0.0,0.0,0.0
crop_base_left_delta,30,0.10242440137929724,0.1028566075605745,0.0536420151779178,0.01672144089767487
crop_base_yield_delta,30,0.012379671047441167,0.05977076529803764,0.07000433985064068,0.011080582725351725
crop_carbon_above_sp3,30,0.007086072267868273,0.009973022719613553,0.009859403931530359,0.0022614456212909414
crop_carbon_below_sp3,30,0.02311267825088744,0.023401478827562716,0.01601168532384662,0.0053403968883463096
crop_intercept_sp3,30,-0.0007905808282509211,0.0036698340340147614,0.005675914084300005,0.0012994438889243766
crop_nitrogen_above_sp3,30,-0.004192904129059355,0.004202156345794061,0.002013372278427322,0.0006350256518790081
crop_nitrogen_below_sp3,30,-0.009395530786934215,0.009395530786934215,0.0013731474582257782,0.00042146546856261036
crop_carbon_above_sp10,30,0.03164529323678679,0.03164529323678679,0.01880935908645299,0.004963019339304019
crop_carbon_below_sp10,30,0.012463523385114795,0.012595194909296864,0.009954572517224073,0.0028786824270770994
crop_intercept_sp10,30,0.007316809127326199,0.008980105503479155,0.007575541538640885,0.0015098040841189195
crop_nitrogen_above_sp10,30,-0.007081677975078996,0.007081677975078996,0.0014323384656657206,0.00043741116246517105
crop_nitrogen_below_sp10,30,-0.004457407240105593,0.004457407240105593,0.0014506415250372252,0.0004333593057345268
crop_proj_left_delta,30,-0.015573784959583586,0.01929971462993198,0.019229661090075383,0.004670116251912527
crop_proj_yield_delta,30,0.1344432359012121,0.1381547366582781,0.06411984692445316,0.014965043298002174
crop_root_in_top_30,30,0.02110918022152542,0.023174733613317934,0.02308097585975639,0.006772694452531145
crop_root_to_shoot_sp3,30,0.011926580412133746,0.014824853637810798,0.015746859096410524,0.003764704733282442
crop_slope_sp3,30,-0.00034746090162132703,0.004926243170637873,0.005962398469195064,0.0009631444650805294
crop_root_to_shoot_sp10,30,0.009333339469010922,0.009654299038574328,0.009083173737146465,0.0029563004327470017
crop_slope_sp10,30,0.004898365623609968,0.011203357475222641,0.0143952675096814,0.0031238863505793683
cy0_to_ceq_multiplier,30,0.002650469740937289,0.006391135770261685,0.016561409253855734,0.004839188845704745
litter_carbon,30,-0.020679640891742516,0.020679640891742516,0.012764915592779438,0.0038497992821532588
litter_nitrogen,30,0.0238405814927576,0.0238405814927576,0.0026222280512940904,0.000724819217294802
mortality_fraction_branch_delta,30,-0.0006976837076861572,0.008159558702889367,0.012213860400129182,0.002715429881147701
mortality_fraction_croot_delta,30,-0.002945119613698388,0.0054821535595413915,0.014044284492220825,0.003998263248079487
mortality_fraction_froot_delta,30,-0.000647839016613344,0.0024310888257512596,0.006089292758025633,0.001846682669911466
mortality_fraction_leaf_delta,30,-0.002582409898513052,0.005072494408304975,0.011000294114095475,0.002919625124331651
mortality_fraction_stem_delta,30,-0.02640549617791447,0.04002137897263306,0.09068367907777332,0.024551120494913956
pool_alloc_froot_sp1,30,-0.004935518393686366,0.08471338593603063,0.18750645748342387,0.055885231913163136
pool_alloc_leaf_sp1,30,-0.06231074026816773,0.19975167827968984,0.45040240034282936,0.12028360975701757
pool_alloc_stem_sp1,30,0.06912450745299219,0.6115941005166731,1.0010026197522919,0.24937502827746116
pool_turnover_branch_sp1,30,0.3840932903856878,0.42477717874793236,0.644665149368579,0.1552714624650816
pool_turnover_croot_sp1,30,-0.05816703448436977,0.11917967298641155,0.24994310492678198,0.07027521476113821
pool_turnover_froot_sp1,30,-0.01882199199080951,0.05865000055692473,0.1626239442894821,0.05247017847118378
pool_turnover_leaf_sp1,30,-0.03027267090913578,0.07196912909532424,0.17051601919228726,0.05073760325504716
pool_turnover_stem_sp1,30,10.053857731465019,11.531860879706048,18.351309962774646,5.0127749001797985
proj_cover,30,-0.7667469706600534,1.1364339485268142,2.776555625721848,0.7911962363323225
proj_fire_off,30,0.0334848342003465,0.0334848342003465,0.08017837640439096,0.025256290799290412
proj_fire_on,30,0.30531134883636796,0.30531134883636796,0.2830836128712809,0.09169342433198731
proj_mortality,30,0.7633279010040195,0.8076697977142459,1.8665367968023052,0.5885089109369217
proj_thinning_delta,30,11.9355388517106,12.504958185700772,20.914343144824972,6.064743109934028
roth_c_cover_c,30,0.011488786031830095,0.025532235467691112,0.05861376783835823,0.017331441580925925
roth_c_dpm_frac_crop,30,-0.012853011853792501,0.012853011853792501,0.015121689655294665,0.004411097435888673
roth_c_dpm_frac_tree,30,0.001281858845919931,0.04174097553779959,0.08273164222420969,0.023470661194989837
roth_c_moisture_b_slope,30,-0.6965616385608058,1.3745660994329856,2.9581042845211027,0.7200721429001871
roth_c_temp_a1,30,0.16713800986827695,0.41558981574811327,0.7154517711021291,0.15702295999581273
roth_c_temp_a2,30,0.016561077931205558,0.562362879925225,0.9917434676837775,0.2683949099137952
thinning_fraction_branch_delta,30,0.010736089719864344,0.010736089719864344,0.012294819670622908,0.003561890634274313
thinning_fraction_croot_delta,30,0.0041032916930925645,0.004527366451442055,0.005870862925745976,0.0017994594663918646
thinning_fraction_froot_delta,30,0.002475391080023942,0.002475391080023942,0.0028155651683703484,0.0008556740478157089
thinning_fraction_leaf_delta,30,0.004174583204363536,0.004174583204363536,0.005099600150903646,0.0016656733867351724
thinning_fraction_stem_delta,30,0.016515968013807208,0.0260154418851763,0.03533325462800358,0.008193219979262246
tree_carbon_sp1,30,-0.36243480976373255,1.0963130649974477,2.243439384409448,0.6009365070849114
tree_nitrogen_branch_sp1,30,0.0011379294759515102,0.0011379294759515102,0.0008615404268134998,0.00023865166784063456
tree_nitrogen_croot_sp1,30,0.0009993063746960961,0.0009993063746960961,0.0020591573754704722,0.0006137738089837192
tree_nitrogen_froot_sp1,30,0.02532475704841629,0.02532475704841629,0.03008588565197742,0.009513725451954908
tree_nitrogen_leaf_sp1,30,0.04209719226106668,0.04209719226106668,0.05838422682557327,0.01726249950237745
tree_nitrogen_stem_sp1,30,0.0024160334865975103,0.0024160334865975103,0.0019244103869678704,0.0006244738334541683
tree_root_in_top_30,30,-0.09162768948959674,0.17533767902018,0.3983212053123775,0.11198276685927591
tree_root_to_shoot_sp1,30,-0.04634928676922981,0.1204197111661816,0.25993173331745767,0.0658103165121233
cy0,31,-0.01302518124519308,0.21544590826898125,0.3666809511124374,0.09088656726601986
clay,31,-0.40223832800935366,0.7148487195336196,1.5628150219614798,0.40544491478292627
temp_ci_delta,31,0.17773605931114517,0.3525142925165048,0.7245954479520279,0.20989388693269756
rain_ci_delta,31,0.2994599695709622,0.9513112624727673,1.6458054077289297,0.4044139917564311
evap_ci_delta,31,0.04476327288677061,0.3568078115991267,0.7690246144330946,0.20949772913881526
ef_burn_crop_N2O_scale,31,-0.003949973246800126,0.004030217422208276,0.0025009049912593836,0.0006045975340586007
ef_burn_crop_CH4_scale,31,-0.014834613573783165,0.014975786882222489,0.009501749994655313,0.002642206055669288
ef_burn_tree_N2O_scale,31,0.005135261873670649,0.005135261873670649,0.007021632741464041,0.0021112505453485136
ef_burn_tree_CH4_scale,31,0.021931762295666214,0.021931762295666214,0.02629833439880063,0.007831962256660153
ef_N_inputs,31,-0.06682780525639152,0.10493719239154664,0.10125515649050087,0.019960935917814313
combustion_factor_crop,31,-0.017322292429776863,0.01776209611735966,0.012706216121059221,0.0034883349075350827
combustion_factor_tree,31,0.02994958649369934,0.02994958649369934,0.039756972300362334,0.011655811030380195
volatile_frac_organic_fertiliser,31,-0.0028754256509734926,0.0028754256509734926,0.00030556244209773526,8.220332913371864e-05
volatile_frac_synthetic_fertiliser,31,0.01629739688896298,0.01629739688896298,0.0016405654386364686,0.0005054828205225851
base_sf_qty_scale,31,-0.12981374696526485,0.12981374696526485,0.011684697112334276,0.0038287183019436585
proj_lit_qty_scale,31,0.007524529442786143,0.013825588155479896,0.014240598059588674,0.0024173621363721177
base_stand_density_scale,31,0.0,0.0,0.0,0.0
proj_stand_density_scale,31,-0.15491854663020127,0.7988180268561637,1.44084050533991,0.38701157751288534
tree_wood_dens_sp1,31,0.060422301982070416,0.7838794286413785,1.2690836832116215,0.3092842928729586
base_cover,31,0.4735245024003098,0.5197582480918413,0.671619752476154,0.17867794719676902
base_fire_off,31,-0.024885313060658477,0.024885313060658477,0.0896922103141353,0.023475185917333687
base_fire_on,31,-0.03493285974000254,0.03493285974000254,0.005956144895642666,0.0018859905989435685
base_mortality,31,0.0,0.0,0.0,0.0
base_sf_n_delta,31,-0.13290163271820074,0.13290163271820074,0.013646164833617212,0.0045517714051517165
base_thinning_delta,31,0.0,0.0,0.0,0.0
crop_base_left_delta,31,0.10016526950613622,0.10069074027874944,0.05325363073926061,0.01654239376643169
crop_base_yield_delta,31,0.009624128841749627,0.05982664850228261,0.0695384429892141,0.010602186615533747
crop_carbon_above_sp3,31,0.0066927838548457245,0.009803902315653002,0.009866431586219365,0.0021989838609515746
crop_carbon_below_sp3,31,0.022003562526760577,0.022528553210340647,0.01608705648098506,0.005257406687878432
crop_intercept_sp3,31,-0.0007965931613335322,0.0036441748108128127,0.00564635785748276,0.001297763134556366
crop_nitrogen_above_sp3,31,-0.004192904129059196,0.004202156345793903,0.002013372278427483,0.0006350256518790672
crop_nitrogen_below_sp3,31,-0.009395530786934465,0.009395530786934465,0.0013731474582256336,0.00042146546856249684
crop_carbon_above_sp10,31,0.030760370633114886,0.030760370633114886,0.01859794082410699,0.004903917432270904
crop_carbon_below_sp10,31,0.01210694133486114,0.012285600394504501,0.009857249046989109,0.0028321916805057286
crop_intercept_sp10,31,0.007029735791121812,0.008801126927701582,0.007564190660906195,0.0014839555401912482
crop_nitrogen_above_sp10,31,-0.007081677975078933,0.007081677975078933,0.0014323384656659429,0.0004374111624652288
crop_nitrogen_below_sp10,31,-0.0044574072401055344,0.0044574072401055344,0.0014506415250373072,0.00043335930573452046
crop_proj_left_delta,31,-0.015884665803203905,0.01957540082374333,0.01937281520457788,0.0047000026582285906
crop_proj_yield_delta,31,0.1356697478417221,0.13931592366754303,0.06420231465921925,0.014997080702584814
crop_root_in_top_30,31,0.019653996728959556,0.02218505612859035,0.022822109796094173,0.006607004675928628
crop_root_to_shoot_sp3,31,0.010793138653716472,0.01423638685631164,0.015466273290115606,0.0035734808629227376
crop_slope_sp3,31,-0.0008127253756960662,0.0049706933484268915,0.0059058775674768775,0.0009527562809039724
crop_root_to_shoot_sp10,31,0.008961634805580754,0.009331842238568833,0.009008084062878495,0.0029191977230642106
crop_slope_sp10,31,0.004131726503950675,0.011045660382645258,0.014258485811311797,0.0030217199820920383
cy0_to_ceq_multiplier,31,0.0027745727855994053,0.006035157862613416,0.01548018197175091,0.004478687593541658
litter_carbon,31,-0.02014906767539377,0.02014906767539377,0.012646811219534242,0.0038119208392572487
litter_nitrogen,31,0.023840581492757734,0.023840581492757734,0.0026222280512942253,0.0007248192172948864
mortality_fraction_branch_delta,31,-0.0004886982601070885,0.008100761071467942,0.012047577853224693,0.002674535012433916
mortality_fraction_croot_delta,31,-0.00297857409550262,0.005491048498057263,0.014241278675401035,0.0040612302519029905
mortality_fraction_froot_delta,31,-0.0006631638793585887,0.002428955304687133,0.0061621494521714995,0.0018735254583554881
mortality_fraction_leaf_delta,31,-0.0026071678737446353,0.005066714068541199,0.011119344007457994,0.002962646403688676
mortality_fraction_stem_delta,31,-0.026762532565374086,0.03995996265360667,0.0916556919973143,0.02485233224136724
pool_alloc_froot_sp1,31,-0.005469112184153316,0.08401133619103533,0.18854710990460993,0.05632188358814953
pool_alloc_leaf_sp1,31,-0.06421044934586792,0.19885089902549075,0.45449164869847714,0.1219431763438209
pool_alloc_stem_sp1,31,0.05591741951467951,0.5967207520745159,0.9855968401105736,0.24709085559840613
pool_turnover_branch_sp1,31,0.37137680422560504,0.41306764957905734,0.6402693861932109,0.15402056306708833
pool_turnover_croot_sp1,31,-0.05654416571419476,0.1181497082126135,0.2516403881936592,0.07082776970641619
pool_turnover_froot_sp1,31,-0.018527474159660565,0.059109284859890775,0.16600375985375268,0.05369788858012171
pool_turnover_leaf_sp1,31,-0.029525387233233856,0.07190712582346592,0.1710083674249756,0.050827494012780645
pool_turnover_stem_sp1,31,9.846867947757152,11.359361737493428,18.270698364667517,4.975539708723282
proj_cover,31,-0.760815329200063,1.1065912230813892,2.776506121018844,0.7947366071835372
proj_fire_off,31,0.03348483420034652,0.03348483420034652,0.08017837640439102,0.02525629079929043
proj_fire_on,31,0.30379563365572715,0.30379563365572715,0.2916956621860375,0.0945293366952211
proj_mortality,31,0.7756120077424737,0.8216668169763153,1.940039237242386,0.6129086623416404
proj_thinning_delta,31,11.814288368004792,12.415703144739762,21.016493572245793,6.084511330305001
roth_c_cover_c,31,0.01173589838338678,0.025049576785444616,0.05824863604765355,0.017346643123496982
roth_c_dpm_frac_crop,31,-0.011230927064335552,0.011230927064335552,0.013589461306600844,0.003974746038700834
roth_c_dpm_frac_tree,31,0.0021941354405753274,0.04095079452604232,0.08276726387134058,0.023673998873272376
roth_c_moisture_b_slope,31,-0.7144140695761245,1.3696589741871141,2.9791927562856135,0.7288799671918339
roth_c_temp_a1,31,0.1676470161434797,0.41556689955753096,0.7241095628284532,0.1593268549382441
roth_c_temp_a2,31,0.013538315490474665,0.5528608372892736,0.9903278361232658,0.2699409338993372
thinning_fraction_branch_delta,31,0.010180563561354269,0.010180563561354269,0.011614448180924126,0.003345808768010264
thinning_fraction_croot_delta,31,0.003945075129032393,0.004371706664258235,0.005748705480214271,0.0017763248684498514
thinning_fraction_froot_delta,31,0.0023296444086676723,0.0023296444086676723,0.002692316614954232,0.00081811095389528
thinning_fraction_leaf_delta,31,0.004011206305420794,0.004011206305420794,0.004942851550313195,0.0016183346962110419
thinning_fraction_stem_delta,31,0.015542311549915259,0.025332716012301693,0.03540287279527532,0.00824839349683516
tree_carbon_sp1,31,-0.3752328260603646,1.0861025481720852,2.244514745443279,0.6041375332042125
tree_nitrogen_branch_sp1,31,0.0011198050170989683,0.0011198050170989683,0.000877688868235581,0.00024347879512502782
tree_nitrogen_croot_sp1,31,0.001006176897681399,0.001006176897681399,0.002129516642589594,0.0006351203098330878
tree_nitrogen_froot_sp1,31,0.025347236132184155,0.025347236132184155,0.030848008029914917,0.009755940619796588
tree_nitrogen_leaf_sp1,31,0.04232452357978014,0.04232452357978014,0.06032148762689518,0.017819784835793613
tree_nitrogen_stem_sp1,31,0.0023810518949966275,0.0023810518949966275,0.001958538497274576,0.000633951083009103
tree_root_in_top_30,31,-0.09299022578970614,0.17569329606932632,0.4031411767953044,0.11374440259312096
tree_root_to_shoot_sp1,31,-0.04750368367958992,0.11918158407774589,0.25987936408437634,0.06606336726817065
cy0,32,-0.008455081847307552,0.2039221750818106,0.3427464857095631,0.08084764754689121
clay,32,-0.3510543608406423,0.7279677371962641,1.5930598727401286,0.4082256735993743
temp_ci_delta,32,0.15505942421855504,0.35762042265032734,0.7350435353083232,0.20997702159595083
rain_ci_delta,32,0.15294087938968165,0.8769508928521482,1.5814686033679528,0.391837238770484
evap_ci_delta,32,0.10328611527025763,0.34850790484329697,0.727382580472516,0.2018576352884491
ef_burn_crop_N2O_scale,32,-0.005265088621357949,0.005280373647966096,0.0031715425661115564,0.0007929160788464199
ef_burn_crop_CH4_scale,32,-0.01964662849726992,0.01966816130121955,0.011926626289819294,0.003358149983668362
ef_burn_tree_N2O_scale,32,0.005103323078510569,0.005103323078510569,0.007167304116447705,0.0021548455327860348
ef_burn_tree_CH4_scale,32,0.021870063317766787,0.021870063317766787,0.02687640706556181,0.008018250047025043
ef_N_inputs,32,-0.07944262433897355,0.11640548172436116,0.10419137949458669,0.01972574536117775
combustion_factor_crop,32,-0.02310858237356752,0.023134396611240036,0.015554308587243753,0.00456367282745151
combustion_factor_tree,32,0.029897286338765917,0.029897286338765917,0.040653321822384896,0.01194186829005839
volatile_frac_organic_fertiliser,32,-0.0028754256509737506,0.0028754256509737506,0.0003055624420977609,8.220332913374786e-05
volatile_frac_synthetic_fertiliser,32,0.01629739688896296,0.01629739688896296,0.0016405654386364025,0.0005054828205225718
base_sf_qty_scale,32,-0.12981374696526454,0.12981374696526454,0.01168469711233459,0.0038287183019438237
proj_lit_qty_scale,32,0.008016708576939712,0.013863870306938374,0.01415461068787819,0.0025038542675004595
base_stand_density_scale,32,0.0,0.0,0.0,0.0
proj_stand_density_scale,32,-0.1572392474007614,0.7851054975538398,1.427792180235588,0.3851808708436172
tree_wood_dens_sp1,32,0.05391274274063747,0.7695410503457727,1.2580848347584064,0.30859030811378707
base_cover,32,0.4458674196270316,0.49627793975872925,0.6428731377600986,0.1689881769593989
base_fire_off,32,-0.024885313060658505,0.024885313060658505,0.08969221031413538,0.023475185917333708
base_fire_on,32,-0.03493285974000283,0.03493285974000283,0.005956144895643113,0.0018859905989437168
base_mortality,32,0.0,0.0,0.0,0.0
base_sf_n_delta,32,-0.1329016327182005,0.1329016327182005,0.013646164833617313,0.004551771405151875
base_thinning_delta,32,0.0,0.0,0.0,0.0
crop_base_left_delta,32,0.09801683163442032,0.09863059221713946,0.05289339947931557,0.016377007688362078
crop_base_yield_delta,32,0.006988337252817722,0.05985951983215356,0.06908975695150192,0.01019525673255953
crop_carbon_above_sp3,32,0.06986629965051035,0.06986629965051035,0.03809317597938637,0.011051087275502447
crop_carbon_below_sp3,32,0.10986717865517959,0.10986717865517959,0.022212189426771483,0.007271598998664951
crop_intercept_sp3,32,0.032393788954380796,0.03464367964759905,0.035544219739726025,0.012065173244274365
crop_nitrogen_above_sp3,32,-0.011008484110480086,0.011008484110480086,0.004182521244883725,0.0012498817122694051
crop_nitrogen_below_sp3,32,-0.016081035434720982,0.016081035434720982,0.002230587608651759,0.0006893207916087206
crop_carbon_above_sp10,32,0.029925464357633984,0.029925464357633984,0.01840300710936538,0.0048502106184875856
crop_carbon_below_sp10,32,0.0117716739429015,0.011993665689511483,0.009765670534241213,0.0027895351931496865
crop_intercept_sp10,32,0.006759268173312097,0.00863316216522714,0.007556405401043146,0.0014628988051047132
crop_nitrogen_above_sp10,32,-0.0070816779750788785,0.0070816779750788785,0.0014323384656659366,0.0004374111624652435
crop_nitrogen_below_sp10,32,-0.004457407240105543,0.004457407240105543,0.0014506415250371625,0.00043335930573447384
crop_proj_left_delta,32,0.09376697288783403,0.09376697288783403,0.06785762977484228,0.021638628419036538
crop_proj_yield_delta,32,-0.3834782283119841,0.3834782283119841,0.1975694993066755,0.057176965352776624
crop_root_in_top_30,32,0.09601354009618142,0.09601354009618142,0.03307995224007026,0.010166432087865069
crop_root_to_shoot_sp3,32,0.09141499770772225,0.09141499770772225,0.02876303872062822,0.007963336567466749
crop_slope_sp3,32,0.025460611884703516,0.025460611884703516,0.009441331022784404,0.002741970696468687
crop_root_to_shoot_sp10,32,0.008610303532423367,0.009035829659711723,0.00893826023473565,0.0028796772622486236
crop_slope_sp10,32,0.0034113796814659566,0.010957144228451713,0.014137374776196854,0.0029218386678636606
cy0_to_ceq_multiplier,32,0.0028755755318635168,0.005807738452274969,0.014669006842693262,0.004198415157184187
litter_carbon,32,-0.019647375122321488,0.019647375122321488,0.012541693126382663,0.0037783183722783623
litter_nitrogen,32,0.02384058149275799,0.02384058149275799,0.0026222280512942574,0.0007248192172948791
mortality_fraction_branch_delta,32,-0.0002887492145742604,0.008036368727778423,0.011860916868601048,0.0026218245841419354
mortality_fraction_croot_delta,32,-0.0030067326896236813,0.005492594433417463,0.014415291468515085,0.004117022091653712
mortality_fraction_froot_delta,32,-0.0006768173281015311,0.002423832510524737,0.006222337492575154,0.0018963363931118417
mortality_fraction_leaf_delta,32,-0.002628469163448047,0.005057034460907342,0.011221904836756256,0.003000491033504593
mortality_fraction_stem_delta,32,-0.027062935780785634,0.03986265921047725,0.09251387127993284,0.025119688669085455
pool_alloc_froot_sp1,32,-0.005944780042895703,0.08326329859939345,0.189356612998638,0.05667437694101745
pool_alloc_leaf_sp1,32,-0.06586337782669771,0.19780560790610963,0.45776649980333556,0.12334647798306875
pool_alloc_stem_sp1,32,0.04442517901680386,0.581648388069626,0.968242388734792,0.2440713633268034
pool_turnover_branch_sp1,32,0.3578823919766608,0.40124969899867374,0.6329514285699311,0.15197513112993347
pool_turnover_croot_sp1,32,-0.055029847697745236,0.11708295306743813,0.25324466268094986,0.07136647810712021
pool_turnover_froot_sp1,32,-0.018272841041312576,0.05946708828564466,0.16912226049366377,0.05483951146555636
pool_turnover_leaf_sp1,32,-0.02882267256376702,0.07197559005288359,0.17143344039252362,0.050900147456184326
pool_turnover_stem_sp1,32,9.621652390007245,11.182441408593428,18.134742948905593,4.918850963968439
proj_cover,32,-0.5712613178791344,1.0648944509398206,2.748780089408176,0.7741376887278846
proj_fire_off,32,0.02339493953944256,0.02339493953944256,0.07196133832964163,0.023425700719688105
proj_fire_on,32,0.29620773564600683,0.29620773564600683,0.3007721482290807,0.09762854392834616
proj_mortality,32,0.7873310343604866,0.8355365219542022,2.010807519501818,0.6364712001109787
proj_thinning_delta,32,11.677292302679685,12.313504199745148,21.062950510763432,6.085103179528289
roth_c_cover_c,32,0.00974175474588862,0.02476307897108999,0.057400880526251835,0.01688724861773985
roth_c_dpm_frac_crop,32,-0.10733387540213149,0.10733387540213149,0.03366310484876619,0.009455152188510379
roth_c_dpm_frac_tree,32,0.00302851692513634,0.04016368953487706,0.0826716067509757,0.023822111092036257
roth_c_moisture_b_slope,32,-0.6592586385226091,1.3685031917789232,2.97425739568814,0.7235932133979747
roth_c_temp_a1,32,0.13405469094462547,0.42879816021389827,0.7347631497803419,0.15669001251805903
roth_c_temp_a2,32,0.08384343891659449,0.5633412050027978,0.9808814634141746,0.26432760046998627
thinning_fraction_branch_delta,32,0.009683055325142454,0.009683055325142454,0.011002559321224532,0.0031511032298731138
thinning_fraction_croot_delta,32,0.0038026596093736153,0.004229683595455935,0.005630526229087457,0.0017526095488489904
thinning_fraction_froot_delta,32,0.002201076268989488,0.002201076268989488,0.002579086281993725,0.000783211736091011
thinning_fraction_leaf_delta,32,0.003867457536968183,0.003867457536968183,0.004799629021604425,0.0015751811945703654
thinning_fraction_stem_delta,32,0.014704550963099017,0.0246901863033838,0.035360566999921086,0.008285284073270496
tree_carbon_sp1,32,-0.38540548839268907,1.0746946094871719,2.239672136244196,0.6053888400968086
tree_nitrogen_branch_sp1,32,0.0011024229305052924,0.0011024229305052924,0.0008932152066769726,0.00024810870526929395
tree_nitrogen_croot_sp1,32,0.0010133364955925983,0.0010133364955925983,0.0021993275696755555,0.0006562937281448869
tree_nitrogen_froot_sp1,32,0.025374772583871257,0.025374772583871257,0.0315969895074463,0.0099937507172224
tree_nitrogen_leaf_sp1,32,0.04255864053674556,0.04255864053674556,0.06223395953959599,0.01836960143691094
tree_nitrogen_stem_sp1,32,0.0023484719514183404,0.0023484719514183404,0.001993094917820969,0.0006435453992263477
tree_root_in_top_30,32,-0.09414799709584384,0.17585529943423936,0.40718809666562805,0.11523857789258461
tree_root_to_shoot_sp1,32,-0.04837527425385958,0.11780871840521198,0.2590850252484781,0.06609367915543576
cy0,33,-0.004190415209024631,0.19386583863057877,0.3281143746558102,0.07400258644753852
clay,33,-0.3473282190295481,0.7291179156221566,1.6248615519524099,0.4171069180337356
temp_ci_delta,33,0.15794004587378,0.3583463081385768,0.7462183804315091,0.21379641328612975
rain_ci_delta,33,0.12718892415079436,0.828317547163571,1.520574911573275,0.3818431466275551
evap_ci_delta,33,0.12156231650686107,0.3382125602196825,0.6961542802692144,0.19421968817115612
ef_burn_crop_N2O_scale,33,-0.005265088621357861,0.005280373647966042,0.0031715425661115776,0.0007929160788464357
ef_burn_crop_CH4_scale,33,-0.01964662849726982,0.01966816130121945,0.011926626289819244,0.0033581499836683247
ef_burn_tree_N2O_scale,33,0.005074099344702332,0.005074099344702332,0.007313312355036106,0.0021984465936387802
ef_burn_tree_CH4_scale,33,0.02181791702874695,0.02181791702874695,0.027461343053149647,0.008207458538393147
ef_N_inputs,33,-0.07921261745523561,0.11788472548611524,0.10733942715391236,0.020368881188297362
combustion_factor_crop,33,-0.023108582373567634,0.02313439661124015,0.015554308587243887,0.00456367282745153
combustion_factor_tree,33,0.02985622221035164,0.02985622221035164,0.04154637373878065,0.012227101371862586
volatile_frac_organic_fertiliser,33,-0.002875425650973584,0.002875425650973584,0.00030556244209774426,8.220332913373158e-05
volatile_frac_synthetic_fertiliser,33,0.016297396888962805,0.016297396888962805,0.0016405654386363931,0.0005054828205225674
base_sf_qty_scale,33,-0.1298137469652645,0.1298137469652645,0.011684697112334564,0.003828718301943808
proj_lit_qty_scale,33,0.008483358908787524,0.013902169752105887,0.014075016281112553,0.002593659247705589
base_stand_density_scale,33,0.0,0.0,0.0,0.0
proj_stand_density_scale,33,-0.1580502118944939,0.770794334534606,1.412178658490229,0.38236897516540774
tree_wood_dens_sp1,33,0.04858352116362498,0.7549391696685329,1.2456074995212891,0.30735968332191776
base_cover,33,0.419831203398339,0.47390768769309677,0.617005659073759,0.1604778996122759
base_fire_off,33,-0.024885313060658488,0.024885313060658488,0.08969221031413531,0.023475185917333694
base_fire_on,33,-0.03493285974000289,0.03493285974000289,0.005956144895642811,0.0018859905989435694
base_mortality,33,0.0,0.0,0.0,0.0
base_sf_n_delta,33,-0.1329016327182003,0.1329016327182003,0.013646164833617585,0.004551771405151983
base_thinning_delta,33,0.0,0.0,0.0,0.0
crop_base_left_delta,33,0.09597081714075917,0.09666804611992559,0.05255618510573232,0.016223404782438233
crop_base_yield_delta,33,0.004463181049150991,0.05986869875248983,0.06865406739545099,0.009857202937734665
crop_carbon_above_sp3,33,0.049354194647298455,0.049354194647298455,0.029299215488363405,0.00863485113113637
crop_carbon_below_sp3,33,0.08018513841023125,0.08018513841023125,0.0221257466378033,0.0072793125229038405
crop_intercept_sp3,33,0.018720830397436383,0.020962360351002424,0.02283814782429322,0.00728470858410825
crop_nitrogen_above_sp3,33,-0.011008484110479578,0.011008484110479578,0.004182521244883831,0.001249881712269523
crop_nitrogen_below_sp3,33,-0.016081035434721176,0.016081035434721176,0.0022305876086513125,0.0006893207916085601
crop_carbon_above_sp10,33,0.029136220433173543,0.029136220433173543,0.018222027812380616,0.004801172873685451
crop_carbon_below_sp10,33,0.011455635188449163,0.01171772106478116,0.00967900144573387,0.002750276169296873
crop_intercept_sp10,33,0.006504158511338648,0.008474435146527553,0.007550513798173231,0.0014461107934818768
crop_nitrogen_above_sp10,33,-0.007081677975079278,0.007081677975079278,0.001432338465665432,0.0004374111624650427
crop_nitrogen_below_sp10,33,-0.004457407240105585,0.004457407240105585,0.0014506415250371927,0.00043335930573449243
crop_proj_left_delta,33,0.058703655670598265,0.059901654864072604,0.05033564518874343,0.015486709161566047
crop_proj_yield_delta,33,-0.16490773030521916,0.20083792759990046,0.20092240244348808,0.049121039230814435
crop_root_in_top_30,33,0.06591653209210371,0.06591653209210371,0.03333183206166898,0.010398319422210988
crop_root_to_shoot_sp3,33,0.061898887181412586,0.061898887181412586,0.028892223345343006,0.007986562669898833
crop_slope_sp3,33,0.014379047863077376,0.014379047863077376,0.009328120063209556,0.002709007625425927
crop_root_to_shoot_sp10,33,0.008277715615383568,0.008776998790580864,0.008872628248677945,0.0028291754887636096
crop_slope_sp10,33,0.002733483079815785,0.01092117032558872,0.0140286228392829,0.002818150010920185
cy0_to_ceq_multiplier,33,0.002955710788571775,0.005588309569309657,0.014098795290906758,0.0040209683531421715
litter_carbon,33,-0.019171884019521853,0.019171884019521853,0.012447132274875658,0.0037482145499053883
litter_nitrogen,33,0.023840581492757758,0.023840581492757758,0.0026222280512941615,0.000724819217294838
mortality_fraction_branch_delta,33,-9.600415331525864e-05,0.007960488754774312,0.011652944158996682,0.002563667475961949
mortality_fraction_croot_delta,33,-0.003028550876180716,0.005488110059610665,0.014562982626393092,0.00416503602254642
mortality_fraction_froot_delta,33,-0.0006883424551492906,0.002415495458022418,0.00626831906367759,0.0019146062204032602
mortality_fraction_leaf_delta,33,-0.0026454799659652306,0.005042698089506742,0.0113052677079289,0.0030323534993545852
mortality_fraction_stem_delta,33,-0.02730274834955477,0.03975685920506933,0.09324454945154922,0.025359911037865283
pool_alloc_froot_sp1,33,-0.006353695152884017,0.08246412096157203,0.1899024981584293,0.05693239192819012
pool_alloc_leaf_sp1,33,-0.06724380959641443,0.19658514021587767,0.46011064882137154,0.12446192981290367
pool_alloc_stem_sp1,33,0.034577689878911355,0.5654534064813521,0.9491147782815419,0.24049277217396606
pool_turnover_branch_sp1,33,0.3436089829162344,0.38886565317217303,0.6228087347609811,0.14917587924759548
pool_turnover_croot_sp1,33,-0.053600060567448836,0.11622289686240812,0.2547168340778922,0.07187501553393551
pool_turnover_froot_sp1,33,-0.018039686099995705,0.05972110908242127,0.17192607475188978,0.055874701879511206
pool_turnover_leaf_sp1,33,-0.028150162401557044,0.0720109619335267,0.17176803506816196,0.05094481681721139
pool_turnover_stem_sp1,33,9.376844013597031,11.006951454532743,17.94311697862074,4.842520079512436
proj_cover,33,-0.5185841384289994,1.0398309432772899,2.7421575091196693,0.7705642482235975
proj_fire_off,33,0.023394939539442626,0.023394939539442626,0.07196133832964188,0.02342570071968815
proj_fire_on,33,0.29482543616338386,0.29482543616338386,0.30907720117780163,0.10035822313002109
proj_mortality,33,0.7983499497005516,0.8488767676173449,2.07824601970037,0.6589187465131328
proj_thinning_delta,33,11.522240609553164,12.201889104562074,21.050574957921018,6.061557977279733
roth_c_cover_c,33,0.009925901239851237,0.024310552030585648,0.05746861543289402,0.017001236123676173
roth_c_dpm_frac_crop,33,-0.08691137835307375,0.08691137835307375,0.049623808640218106,0.01366609345626328
roth_c_dpm_frac_tree,33,0.0037798151690086297,0.03937449972435815,0.08242182193904918,0.023907480229960903
roth_c_moisture_b_slope,33,-0.6856942403637443,1.358597396105448,2.9960625678793056,0.7340294864966627
roth_c_temp_a1,33,0.13473555495650735,0.42924656580213494,0.7430068978584294,0.15879388102635789
roth_c_temp_a2,33,0.0862129583339616,0.5635785002895267,0.981778111843422,0.2672222288654832
thinning_fraction_branch_delta,33,0.009234431732204378,0.009234431732204378,0.010451559502154557,0.0029757827690864882
thinning_fraction_croot_delta,33,0.003673335479429518,0.004098578109308226,0.0055144018847016335,0.001727920012426866
thinning_fraction_froot_delta,33,0.002087006948597564,0.002087006948597564,0.0024745267070937224,0.0007506537238905459
thinning_fraction_leaf_delta,33,0.0037399503769001917,0.0037399503769001917,0.0046681537357728745,0.001535596414013615
thinning_fraction_stem_delta,33,0.013981374700017746,0.024077298693840586,0.03520380329671042,0.008296379180475292
tree_carbon_sp1,33,-0.3929213021986137,1.06193430358509,2.2285544102333246,0.6046029274571112
tree_nitrogen_branch_sp1,33,0.0010857165903994492,0.0010857165903994492,0.0009081120021661859,0.00025253685601497064
tree_nitrogen_croot_sp1,33,0.0010206924098399351,0.0010206924098399351,0.002268266741668634,0.0006771961823138462
tree_nitrogen_froot_sp1,33,0.025405856009077486,0.025405856009077486,0.03233072785529406,0.01022647561313843
tree_nitrogen_leaf_sp1,33,0.04279582152588497,0.04279582152588497,0.06411408338500825,0.018909840082629976
tree_nitrogen_stem_sp1,33,0.0023180307643065378,0.0023180307643065378,0.0020279474874865698,0.0006532222099196618
tree_root_in_top_30,33,-0.09507472924568941,0.175796856037112,0.41036366920594003,0.11643649607010854
tree_root_to_shoot_sp1,33,-0.04896312232811353,0.11628501910185682,0.2575069888174631,0.06589245798424552
cy0,34,-0.00021452686833729474,0.19080434234153681,0.3220429669200819,0.07018380822297904
clay,34,-0.3505882192183191,0.7354329277365751,1.6642323063584628,0.4282974775060769
temp_ci_delta,34,0.15978474389737893,0.35708099774628876,0.7535866405898759,0.21613294323838406
rain_ci_delta,34,0.11822345137367196,0.8077587468809917,1.4849544618161297,0.3746069046039682
evap_ci_delta,34,0.11843966213423078,0.3237707651412613,0.6630318388903245,0.18390873204463862
ef_burn_crop_N2O_scale,34,-0.005265088621357982,0.005280373647966062,0.0031715425661114536,0.0007929160788464349
ef_burn_crop_CH4_scale,34,-0.01964662849726986,0.01966816130121949,0.011926626289819293,0.0033581499836683967
ef_burn_tree_N2O_scale,34,0.005047179337362725,0.005047179337362725,0.00745871220322796,0.002241781695108783
ef_burn_tree_CH4_scale,34,0.021773552637505363,0.021773552637505363,0.02804884121976723,0.00839813088957428
ef_N_inputs,34,-0.07898235405379775,0.11931462298612279,0.11041494881387423,0.021013777913988996
combustion_factor_crop,34,-0.02310858237356831,0.023134396611240827,0.015554308587243899,0.0045636728274515955
combustion_factor_tree,34,0.02982413564351149,0.02982413564351149,0.04243247839170061,0.01251031976041034
volatile_frac_organic_fertiliser,34,-0.0028754256509736925,0.0028754256509736925,0.0003055624420977948,8.220332913376442e-05
volatile_frac_synthetic_fertiliser,34,0.01629739688896297,0.01629739688896297,0.0016405654386365096,0.0005054828205225956
base_sf_qty_scale,34,-0.12981374696526427,0.12981374696526427,0.011684697112334356,0.0038287183019437053
proj_lit_qty_scale,34,0.008926725054776532,0.013939458110185534,0.014000125639767007,0.0026851794149620085
base_stand_density_scale,34,0.0,0.0,0.0,0.0
proj_stand_density_scale,34,-0.15737048263193718,0.7559087395007589,1.39391171698464,0.378534597356571
tree_wood_dens_sp1,34,0.044409624209669166,0.7400135034658042,1.2315947376625793,0.3055818142842234
base_cover,34,0.39531914843041893,0.45259310388137886,0.5938419406377176,0.15309023185289794
base_fire_off,34,-0.024885313060658488,0.024885313060658488,0.08969221031413531,0.023475185917333694
base_fire_on,34,-0.03493285974000256,0.03493285974000256,0.0059561448956426,0.0018859905989435527
base_mortality,34,0.0,0.0,0.0,0.0
base_sf_n_delta,34,-0.1329016327182008,0.1329016327182008,0.013646164833617252,0.004551771405151727
base_thinning_delta,34,0.0,0.0,0.0,0.0
crop_base_left_delta,34,0.09401992805413664,0.09479603201998224,0.05223760306087897,0.01607982508924178
crop_base_yield_delta,34,0.0020420291796868053,0.0598545923280386,0.06822813734371116,0.009585063510740748
crop_carbon_above_sp3,34,0.041334820688136625,0.041334820688136625,0.026206223623538923,0.007759874887068559
crop_carbon_below_sp3,34,0.06808284657461115,0.06808284657461115,0.022388830941321037,0.0073633704350083064
crop_intercept_sp3,34,0.013119338730761449,0.015351872301819561,0.01808243595532836,0.005466986161475751
crop_nitrogen_above_sp3,34,-0.011008484110479628,0.011008484110479628,0.004182521244883981,0.0012498817122695172
crop_nitrogen_below_sp3,34,-0.016081035434720725,0.016081035434720725,0.0022305876086515944,0.0006893207916086455
crop_carbon_above_sp10,34,0.028388386678280902,0.028388386678280902,0.01805276155069548,0.004756209750165945
crop_carbon_below_sp10,34,0.011157524753871865,0.011456233051416418,0.009596235667743017,0.0027139528779239848
crop_intercept_sp10,34,0.006262395413885865,0.008324277132361543,0.0075466925669007865,0.0014328745975721582
crop_nitrogen_above_sp10,34,-0.0070816779750787874,0.0070816779750787874,0.0014323384656657685,0.00043741116246519783
crop_nitrogen_below_sp10,34,-0.004457407240105618,0.004457407240105618,0.0014506415250371248,0.0004333593057344731
crop_proj_left_delta,34,0.04524261229837563,0.047580630554897856,0.0442006031706547,0.013150687924980763
crop_proj_yield_delta,34,-0.0771433231147757,0.16865372845187418,0.2037133522316392,0.04164724247304526
crop_root_in_top_30,34,0.05403727814817956,0.05403727814817956,0.03406818250353261,0.01064715242739741
crop_root_to_shoot_sp3,34,0.05008114157838313,0.05008114157838313,0.029253969430015094,0.008131679098471834
crop_slope_sp3,34,0.009824625136125618,0.010318194903586061,0.009493929400653953,0.002648247204894713
crop_root_to_shoot_sp10,34,0.007962530747256684,0.008530982340043923,0.008810312677260394,0.0027824977333261495
crop_slope_sp10,34,0.0020943641545237064,0.010894351592188314,0.013930058518351609,0.0027268395693346268
cy0_to_ceq_multiplier,34,0.0030174303736172415,0.005380586193767517,0.013737286463776381,0.003931588787557008
litter_carbon,34,-0.018720262890697822,0.018720262890697822,0.012361087777647795,0.003720954254999133
litter_nitrogen,34,0.02384058149275786,0.02384058149275786,0.002622228051294038,0.0007248192172948104
mortality_fraction_branch_delta,34,9.11107315375026e-05,0.007884777610588579,0.01142330398721811,0.0024969600193135966
mortality_fraction_croot_delta,34,-0.0030431198109858336,0.005481389050469326,0.01468121508854332,0.004204266908699612
mortality_fraction_froot_delta,34,-0.000697327361133504,0.0024037411519506335,0.006298698436374881,0.001927873227490132
mortality_fraction_leaf_delta,34,-0.0026574342352671393,0.005026936310079314,0.011366925330314855,0.0030568224873551166
mortality_fraction_stem_delta,34,-0.027478399955936948,0.03968069687812725,0.09383503080823906,0.025559309221632905
pool_alloc_froot_sp1,34,-0.006688159169224816,0.08163603384045073,0.19015590939174692,0.05707976396685577
pool_alloc_leaf_sp1,34,-0.06832868329659492,0.1951612527371049,0.46141902386146116,0.12526125921196582
pool_alloc_stem_sp1,34,0.026296470808366258,0.5481991749083693,0.9284541777932737,0.23642398559933475
pool_turnover_branch_sp1,34,0.3285690632972266,0.3762783671691796,0.6100196099959779,0.1456018705744711
pool_turnover_croot_sp1,34,-0.05223334113311322,0.11557523673267704,0.2560199654994093,0.07234085648163299
pool_turnover_froot_sp1,34,-0.01781129675565226,0.05986844601614707,0.17436277590464905,0.05678385307741032
pool_turnover_leaf_sp1,34,-0.027495462482636568,0.07199532811190093,0.1719905901786045,0.05095686115653859
pool_turnover_stem_sp1,34,9.1114271363291,10.814165535847566,17.69614559731696,4.749251562691191
proj_cover,34,-0.4980876193281028,1.015285866830826,2.7249659911641158,0.7676850359362878
proj_fire_off,34,0.023394939539442328,0.023394939539442328,0.07196133832964094,0.02342570071968775
proj_fire_on,34,0.29347952212698697,0.29347952212698697,0.3171646096086828,0.10301457818294228
proj_mortality,34,0.8085350420600597,0.8610779178885902,2.141770697251993,0.6801057503490835
proj_thinning_delta,34,11.3471662963932,12.072351893551469,20.97679544935897,6.019401996222425
roth_c_cover_c,34,0.00978702796073841,0.023919650018516685,0.05720393597581104,0.01697423175531694
roth_c_dpm_frac_crop,34,-0.06657196393437168,0.06657196393437168,0.05017237546416028,0.013837567681178978
roth_c_dpm_frac_tree,34,0.004445288178559076,0.03857662495376148,0.08199664579693924,0.023923634029295312
roth_c_moisture_b_slope,34,-0.6847997280508393,1.3514220428747268,3.0023654850009636,0.737627755923157
roth_c_temp_a1,34,0.13561662813069436,0.42549677744127995,0.7457100436581646,0.16065282930095012
roth_c_temp_a2,34,0.07834130314961012,0.5604212816302236,0.9825373970227521,0.26861888914188364
thinning_fraction_branch_delta,34,0.008827414419462396,0.008827414419462396,0.009954661764871014,0.002817989188535137
thinning_fraction_croot_delta,34,0.003554997076997901,0.0039762260851982645,0.005398884237856169,0.001702011622238446
thinning_fraction_froot_delta,34,0.001985228685081186,0.001985228685081186,0.00237760075345499,0.0007201891637591483
thinning_fraction_leaf_delta,34,0.0036259246711617733,0.0036259246711617733,0.004546942355730957,0.0014990486978615032
thinning_fraction_stem_delta,34,0.013355850753347689,0.023485541682078996,0.03493335998574759,0.008277694583948648
tree_carbon_sp1,34,-0.39776206967170025,1.0476897190514305,2.2108837813723055,0.6017144801214405
tree_nitrogen_branch_sp1,34,0.001069623111918472,0.001069623111918472,0.0009223669620642367,0.000256757849083353
tree_nitrogen_croot_sp1,34,0.0010281530643017982,0.0010281530643017982,0.0023360050988274297,0.0006977280086806053
tree_nitrogen_froot_sp1,34,0.02543903932610935,0.02543903932610935,0.03304709926347084,0.010453427232041465
tree_nitrogen_leaf_sp1,34,0.04303241714460755,0.04303241714460755,0.06595414970451229,0.019438344185345617
tree_nitrogen_stem_sp1,34,0.0022894917037152435,0.0022894917037152435,0.00206295692369901,0.0006629446899375912
tree_root_in_top_30,34,-0.09574636106627553,0.17549315436150512,0.4125778608545079,0.11731165977922982
tree_root_to_shoot_sp1,34,-0.049267225434003636,0.11459712685183512,0.2551134347004707,0.06545323282380622
cy0,35,0.0034880469276448167,0.19385776307486377,0.32329275062992907,0.06897494477376172
clay,35,-0.35477290353019963,0.7425249010912393,1.704120053818722,0.4397528708434369
temp_ci_delta,35,0.1632071251767379,0.35549212426941346,0.7598162497005866,0.21828616225867406
rain_ci_delta,35,0.13211258344029733,0.7909486479733853,1.4516062436597659,0.36781616369320536
evap_ci_delta,35,0.10869620368925965,0.30877332841274646,0.6333447859741084,0.1745580388025763
ef_burn_crop_N2O_scale,35,-0.005265088621357605,0.0052803736479658196,0.0031715425661118946,0.0007929160788465233
ef_burn_crop_CH4_scale,35,-0.019646628497268913,0.019668161301218408,0.011926626289819284,0.0033581499836689206
ef_burn_tree_N2O_scale,35,0.0050221759213837204,0.0050221759213837204,0.007602566060775517,0.0022845783313707397
ef_burn_tree_CH4_scale,35,0.02173527541373349,0.02173527541373349,0.028634630578023873,0.008588836028855667
ef_N_inputs,35,-0.07875804775787557,0.1206928747773546,0.11340256794222577,0.021654555394740344
combustion_factor_crop,35,-0.02310858237356777,0.023134396611240286,0.015554308587243089,0.0045636728274513925
combustion_factor_tree,35,0.0297988800780788,0.0297988800780788,0.0433079412475973,0.01279033168547303
volatile_frac_organic_fertiliser,35,-0.002875425650973734,0.002875425650973734,0.00030556244209789134,8.220332913383459e-05
volatile_frac_synthetic_fertiliser,35,0.01629739688896283,0.01629739688896283,0.0016405654386366978,0.0005054828205226974
base_sf_qty_scale,35,-0.12981374696526427,0.12981374696526427,0.011684697112334996,0.0038287183019440185
proj_lit_qty_scale,35,0.009348866782282472,0.01399321718038169,0.013928746527363976,0.002770839544389708
base_stand_density_scale,35,0.0,0.0,0.0,0.0
proj_stand_density_scale,35,2.8847715267605443,2.8847715267605443,3.410238332843311,1.1963976296124224
tree_wood_dens_sp1,35,2.402399926899985,2.402399926899985,2.450513201549143,0.7115947038108631
base_cover,35,0.37224105633959226,0.43228166318243577,0.5732021678028908,0.14676208601415439
base_fire_off,35,-0.02488531306065847,0.02488531306065847,0.08969221031413525,0.023475185917333673
base_fire_on,35,-0.03493285974000196,0.03493285974000196,0.005956144895642337,0.001885990598943581
base_mortality,35,0.0,0.0,0.0,0.0
base_sf_n_delta,35,-0.1329016327182006,0.1329016327182006,0.013646164833616893,0.004551771405151709
base_thinning_delta,35,0.0,0.0,0.0,0.0
crop_base_left_delta,35,0.09215750990423119,0.09300834611635249,0.051934247363176526,0.015944734521839008
crop_base_yield_delta,35,-0.00028163584421760367,0.059872805534458305,0.06780913076398766,0.00932103841443948
crop_carbon_above_sp3,35,0.03621322277645529,0.03621322277645529,0.023616723421870798,0.007030509856116667
crop_carbon_below_sp3,35,0.06041735860909801,0.06041735860909801,0.02153065071302929,0.0071424509948275865
crop_intercept_sp3,35,0.009765771103876858,0.011988663829257378,0.014865821990512678,0.004323898879601372
crop_nitrogen_above_sp3,35,-0.011008484110479461,0.011008484110479461,0.004182521244884007,0.001249881712269578
crop_nitrogen_below_sp3,35,-0.016081035434720625,0.016081035434720625,0.002230587608651151,0.0006893207916085422
crop_carbon_above_sp10,35,0.02767870629333231,0.02767870629333231,0.01789302703395794,0.004714583451570764
crop_carbon_below_sp10,35,0.01087541903697567,0.011207968274021157,0.009517123989798796,0.0026802081044437144
crop_intercept_sp10,35,0.006033107630453022,0.008181484837824177,0.007543874587264069,0.001422800622624829
crop_nitrogen_above_sp10,35,-0.007081677975078688,0.007081677975078688,0.001432338465665798,0.00043741116246505846
crop_nitrogen_below_sp10,35,-0.004457407240105885,0.004457407240105885,0.0014506415250369474,0.0004333593057344384
crop_proj_left_delta,35,0.03660025132092883,0.04043414407083197,0.03976848678758007,0.011400713657960438
crop_proj_yield_delta,35,-0.02412691436681704,0.15816598776010166,0.19407074548351289,0.03620476877252388
crop_root_in_top_30,35,0.04672390859272111,0.04672390859272111,0.03337314847027142,0.01042585606870901
crop_root_to_shoot_sp3,35,0.042475804454229084,0.042475804454229084,0.02817845351591793,0.007847660803543315
crop_slope_sp3,35,0.006939092905891076,0.008255827482067324,0.009174058807777205,0.0024603121092428982
crop_root_to_shoot_sp10,35,0.007663409705479027,0.008310717973551537,0.008750692179435242,0.002735382357098011
crop_slope_sp10,35,0.0014900334013577237,0.010868594735859707,0.013839647667110303,0.0026502631759732494
cy0_to_ceq_multiplier,35,0.00306323265818918,0.005186888287486086,0.013548799535668392,0.00391238733867034
litter_carbon,35,-0.01829045779532277,0.01829045779532277,0.012281851971862616,0.0036959856905960874
litter_nitrogen,35,0.023840581492757758,0.023840581492757758,0.0026222280512946078,0.0007248192172950358
mortality_fraction_branch_delta,35,0.00027389957680252206,0.007794060468844982,0.011172214453835937,0.0024250780010519122
mortality_fraction_croot_delta,35,-0.003049591958823866,0.005469796604355886,0.014767142374907276,0.004233483006895432
mortality_fraction_froot_delta,35,-0.0007034146321606982,0.0023883845005780837,0.00631224672107336,0.0019357316121484543
mortality_fraction_leaf_delta,35,-0.0026636682307936256,0.005005247225869258,0.011404595925493413,0.0030739087803782258
mortality_fraction_stem_delta,35,-0.027586828038585653,0.03955697241872287,0.09427378099499441,0.025714082295949344
pool_alloc_froot_sp1,35,0.03492007477654406,0.08597960735480617,0.13208202454004597,0.032524389702358866
pool_alloc_leaf_sp1,35,-0.05679852238926732,0.18841219729097342,0.4505648166839868,0.12190312256274188
pool_alloc_stem_sp1,35,-0.6840359325785732,1.9898680999786786,2.8052143507504406,0.6579670374589636
pool_turnover_branch_sp1,35,-1.1020796508670045,1.1020796508670045,0.8332244824632432,0.2275347386838775
pool_turnover_croot_sp1,35,-0.37463922612970874,0.3841122194316502,0.7274718565108304,0.22026891174330826
pool_turnover_froot_sp1,35,-0.1736276771077789,0.18002821557186596,0.37516596056577717,0.12377883318489138
pool_turnover_leaf_sp1,35,-0.14915195997470962,0.15408786872224325,0.3056568813649082,0.10024271745337643
pool_turnover_stem_sp1,35,-31.310684095604177,31.310684095604177,33.84006291933851,10.661352829478641
proj_cover,35,-0.5012639864658375,0.988045718036453,2.703712189281971,0.7653357646777934
proj_fire_off,35,0.023394939539442494,0.023394939539442494,0.07196133832964141,0.023425700719688042
proj_fire_on,35,0.2921514832698507,0.2921514832698507,0.3249934189872743,0.10558442034773671
proj_mortality,35,-0.931530320858643,0.9475388352815488,0.8152340355498908,0.2649612667760034
proj_thinning_delta,35,-23.188789218562537,29.03930209139972,43.41801280718934,12.46603390920192
roth_c_cover_c,35,0.00988237362421494,0.02351755987004866,0.056906633481579684,0.016951704018915003
roth_c_dpm_frac_crop,35,-0.05346659810073752,0.05346659810073752,0.046702301636260386,0.01288841769770853
roth_c_dpm_frac_tree,35,0.0050221656406559175,0.03776464781962534,0.08137737005766282,0.023864732683734815
roth_c_moisture_b_slope,35,-0.6911764501623018,1.3426007495767036,3.0067279111783876,0.7414894967019608
roth_c_temp_a1,35,0.13800313968693803,0.4215726690281311,0.7484011083558076,0.16238741477944058
roth_c_temp_a2,35,0.06720742512900459,0.55570810599268,0.9819555459952573,0.2696820610061251
thinning_fraction_branch_delta,35,0.008456091095136226,0.008456091095136226,0.009505771540528082,0.0026759812993558453
thinning_fraction_croot_delta,35,0.0034459676820449313,0.003860948733176778,0.00528299538027809,0.0016747630444241576
thinning_fraction_froot_delta,35,0.0018938970549249035,0.0018938970549249035,0.0022874460522442994,0.0006916112079056598
thinning_fraction_leaf_delta,35,0.003523115480701516,0.003523115480701516,0.004434736508497215,0.0014650734583905236
thinning_fraction_stem_delta,35,0.01281430588365735,0.022908025364987504,0.034551925064605235,0.008227438499075848
tree_carbon_sp1,35,2.301329452148626,2.301329452148626,2.6193038825376767,0.8086352202158148
tree_nitrogen_branch_sp1,35,0.0010540833550594735,0.0010540833550594735,0.0009359643213925535,0.00026076575899039266
tree_nitrogen_croot_sp1,35,0.0010356285030825641,0.0010356285030825641,0.0024022121420363856,0.0007177890516364626
tree_nitrogen_froot_sp1,35,0.025472937397706397,0.025472937397706397,0.03374398658914972,0.010673918736779805
tree_nitrogen_leaf_sp1,35,0.04326487068049802,0.04326487068049802,0.06774640675449149,0.01995294081777576
tree_nitrogen_stem_sp1,35,0.002262640816726613,0.002262640816726613,0.0020979785588874198,0.0006726742256095611
tree_root_in_top_30,35,-0.09614114583193212,0.17492167155036972,0.4137505778567375,0.11784054634949442
tree_root_to_shoot_sp1,35,0.3958556496544214,0.3958556496544214,0.4014679899280039,0.13497239231104666
cy0,36,0.006933415431165366,0.20082021088733581,0.33033599477463543,0.07012173068019678
clay,36,-0.4310037262522183,0.8023495270806439,1.8781346929795442,0.4914807639512727
temp_ci_delta,36,0.24927678543523832,0.4017096396538822,0.8621862581399053,0.25471110494860816
rain_ci_delta,36,0.6016797894000305,1.102979703289951,1.9189494663484572,0.49024719067082645
evap_ci_delta,36,-0.028438001978528072,0.3451538285573396,0.7925930662127468,0.21894925401163515
ef_burn_crop_N2O_scale,36,-0.00526508862135761,0.00528037364796579,0.003171542566111368,0.000792916078846385
ef_burn_crop_CH4_scale,36,-0.019646628497269978,0.019668161301219608,0.011926626289819267,0.0033581499836684106
ef_burn_tree_N2O_scale,36,0.006438487166231811,0.006438487166231811,0.010189034293033366,0.0030556237990327665
ef_burn_tree_CH4_scale,36,0.028197479484996107,0.028197479484996107,0.040056440951212975,0.01212369258614946
ef_N_inputs,36,-0.07822023117060292,0.1221666548440484,0.11696161144807991,0.022509288558736185
combustion_factor_crop,36,-0.02310858237356777,0.023134396611240286,0.015554308587243432,0.004563672827451434
combustion_factor_tree,36,0.03828892010781709,0.03828892010781709,0.05765943748009433,0.017211154217245617
volatile_frac_organic_fertiliser,36,-0.0028754256509740004,0.0028754256509740004,0.00030556244209815176,8.220332913390503e-05
volatile_frac_synthetic_fertiliser,36,0.01629739688896286,0.01629739688896286,0.0016405654386361832,0.0005054828205224855
base_sf_qty_scale,36,-0.12981374696526427,0.12981374696526427,0.01168469711233486,0.0038287183019439595
proj_lit_qty_scale,36,0.009751558291124509,0.014055885932146139,0.013859818085358211,0.0028540307695225755
base_stand_density_scale,36,0.0,0.0,0.0,0.0
proj_stand_density_scale,36,-0.9384955780033902,1.1424964363846055,2.344555015851952,0.7402623724436835
tree_wood_dens_sp1,36,-0.5842915102103788,0.8374025740082555,1.9012955242486522,0.5683186813480451
base_cover,36,0.3505120736638606,0.41439645363852334,0.5549064338180852,0.1408659099676544
base_fire_off,36,-0.024885313060658505,0.024885313060658505,0.08969221031413536,0.023475185917333705
base_fire_on,36,-0.03493285974000253,0.03493285974000253,0.005956144895642711,0.001885990598943649
base_mortality,36,0.0,0.0,0.0,0.0
base_sf_n_delta,36,-0.1329016327182006,0.1329016327182006,0.013646164833617197,0.004551771405151664
base_thinning_delta,36,0.0,0.0,0.0,0.0
crop_base_left_delta,36,0.09037791302100366,0.0912993658696372,0.051642319681883965,0.015816774520372726
crop_base_yield_delta,36,-0.0025142550998124846,0.059925548178131824,0.06739474612188119,0.00905274254683798
crop_carbon_above_sp3,36,0.032532506720841216,0.032532506720841216,0.02146478437504968,0.006434669012723869
crop_carbon_below_sp3,36,0.05496027240625558,0.05496027240625558,0.020437971516041046,0.006851924265506795
crop_intercept_sp3,36,0.007529673682057444,0.009742616946799421,0.012451846412775285,0.003506911526897716
crop_nitrogen_above_sp3,36,-0.011008484110479265,0.011008484110479265,0.00418252124488421,0.0012498817122696753
crop_nitrogen_below_sp3,36,-0.016081035434720885,0.016081035434720885,0.002230587608651692,0.0006893207916086637
crop_carbon_above_sp10,36,0.027003925830755393,0.027003925830755393,0.01774162202925585,0.00467589996634855
crop_carbon_below_sp10,36,0.010608022471919639,0.010971813462838516,0.009440794233779597,0.002648552834488902
crop_intercept_sp10,36,0.005815472660386294,0.008045702372178953,0.007541942901403552,0.0014154841632488212
crop_nitrogen_above_sp10,36,-0.0070816779750788456,0.0070816779750788456,0.0014323384656658535,0.0004374111624652547
crop_nitrogen_below_sp10,36,-0.004457407240105714,0.004457407240105714,0.001450641525037101,0.00043335930573444234
crop_proj_left_delta,36,0.030421272410055468,0.03585025194214705,0.03630132172977365,0.00988009645814093
crop_proj_yield_delta,36,0.011811420619828974,0.15330407033599133,0.18170934473871242,0.031180543716305416
crop_root_in_top_30,36,0.041537255250079994,0.041537255250079994,0.03225563448713639,0.010070253122617811
crop_root_to_shoot_sp3,36,0.036981972437554425,0.036981972437554425,0.026746089822746743,0.007451251217284134
crop_slope_sp3,36,0.004896046439720973,0.007318160417547288,0.00872477145627986,0.002103488749567608
crop_root_to_shoot_sp10,36,0.007378607233518105,0.008103773272888911,0.008693750523780856,0.0026901518170569377
crop_slope_sp10,36,0.0009179975906227336,0.010843226143304753,0.01375581994977282,0.002587242618211543
cy0_to_ceq_multiplier,36,0.0030945300901679086,0.004998325338108227,0.013499337037185186,0.003949211319300219
litter_carbon,36,-0.017880615503606027,0.017880615503606027,0.01220804942982841,0.003672862943961576
litter_nitrogen,36,0.023840581492757636,0.023840581492757636,0.0026222280512942643,0.0007248192172948662
mortality_fraction_branch_delta,36,0.010675634489145176,0.011406067524104785,0.007158999449814814,0.001622756822218242
mortality_fraction_croot_delta,36,0.0015975580921660161,0.0050859069880285525,0.008506345660092104,0.0019781851149425667
mortality_fraction_froot_delta,36,0.0011968002401813679,0.0026692043732897304,0.004009464067984776,0.001039786652647728
mortality_fraction_leaf_delta,36,0.0010423565360270128,0.004478748230243935,0.007012716167299524,0.0015801343008550468
mortality_fraction_stem_delta,36,0.0045937257597145125,0.026885924432203133,0.04572436867237565,0.010826550305838836
pool_alloc_froot_sp1,36,0.020406332998280728,0.07991566567624049,0.14722662816657536,0.039388014741600134
pool_alloc_leaf_sp1,36,-0.0018384460881407285,0.17883286736688392,0.37975489560209014,0.09979812501009515
pool_alloc_stem_sp1,36,0.23115694079932925,0.9539661549111246,1.5181001799205227,0.37423749192949746
pool_turnover_branch_sp1,36,0.6839752382303181,0.6956795211548036,0.9649147074657365,0.24586520474232873
pool_turnover_croot_sp1,36,0.11321966934937629,0.14347748673862762,0.1461858657846385,0.03638920769102934
pool_turnover_froot_sp1,36,0.06010115789532046,0.08645694342291209,0.10438286260881834,0.029071090485854607
pool_turnover_leaf_sp1,36,0.06048043153473866,0.09509810229057077,0.11268761324046636,0.02602032991617434
pool_turnover_stem_sp1,36,18.19620825871515,18.548726816940906,27.05762080593765,7.756064092829654
proj_cover,36,-1.131225154587804,1.4530797222317418,4.093857336064668,1.1869212356072611
proj_fire_off,36,0.023394939539442293,0.023394939539442293,0.07196133832964087,0.02342570071968773
proj_fire_on,36,0.3877276366540652,0.3877276366540652,0.4835694504539995,0.15660387580319168
proj_mortality,36,1.2691775436165624,1.2777219607266257,2.9130028479261685,0.9250875737479278
proj_thinning_delta,36,19.268316118667716,19.459704151821526,32.381350034464404,9.574314174513319
roth_c_cover_c,36,0.016996531490966613,0.02799290619948554,0.06601719631800783,0.020200229931959163
roth_c_dpm_frac_crop,36,-0.04417218757433196,0.04417218757433196,0.04210573799543302,0.01163723138565541
roth_c_dpm_frac_tree,36,0.06543862712227753,0.07345994680483502,0.16426657232821348,0.05538824600624059
roth_c_moisture_b_slope,36,-1.0275099942664907,1.5817731199094927,3.6142312515057444,0.9111074078877858
roth_c_temp_a1,36,0.2579635587186465,0.45985541537236135,0.8676633044319624,0.20553087913706328
roth_c_temp_a2,36,-0.17997107857718292,0.6842794943940741,1.2867739377798666,0.3487578712158779
thinning_fraction_branch_delta,36,-0.7330735080335956,0.733829364102762,0.7790326746945956,0.23340003892516303
thinning_fraction_croot_delta,36,-0.1940769007667467,0.19419665265752922,0.31059690934037215,0.0888998217119881
thinning_fraction_froot_delta,36,-0.15993293993967875,0.1600214711078452,0.24131148589294565,0.07562756696018341
thinning_fraction_leaf_delta,36,-0.16472232947227836,0.1649799646431978,0.2618819775265277,0.08099052482178999
thinning_fraction_stem_delta,36,-1.4840598123130004,1.4878390982787177,2.8371367497304254,0.9987249037327764
tree_carbon_sp1,36,-1.162648596392183,1.3845697682262261,3.3828289492048795,1.00098204820924
tree_nitrogen_branch_sp1,36,0.002112595200901092,0.002112595200901092,0.001861407214831809,0.0005245355875974616
tree_nitrogen_croot_sp1,36,0.001446367790471817,0.001446367790471817,0.003027719821629222,0.000914118516083072
tree_nitrogen_froot_sp1,36,0.024065763651846542,0.024065763651846542,0.03250862553457517,0.010282519380829174
tree_nitrogen_leaf_sp1,36,0.04027127349151053,0.04027127349151053,0.06475448911215809,0.019058266136804506
tree_nitrogen_stem_sp1,36,0.004444039909804298,0.004444039909804298,0.006215755597877653,0.0018117089836935747
tree_root_in_top_30,36,-0.14832830864366206,0.20021960920900056,0.5001936325607671,0.14453235702248554
tree_root_to_shoot_sp1,36,-0.15478881836932884,0.16695342652333134,0.380832332929824,0.1103791969793155
cy0,37,0.010136056847687864,0.21211159989547954,0.34162022194417635,0.07137857313931355
clay,37,-0.36144295453330955,0.770477410550398,1.8028398659426692,0.46727600270586844
temp_ci_delta,37,0.1784225531782843,0.3619687507624233,0.7960789474847125,0.2309468232480281
rain_ci_delta,37,0.220236085446951,0.7940298088525849,1.442533971512332,0.3766848507919038
evap_ci_delta,37,0.09439741274335116,0.28866991509660517,0.6008336404567016,0.16445741819142196
ef_burn_crop_N2O_scale,37,-0.005265088621357888,0.0052803736479660355,0.003171542566111664,0.0007929160788465164
ef_burn_crop_CH4_scale,37,-0.019646628497270006,0.019668161301219636,0.011926626289819163,0.0033581499836683563
ef_burn_tree_N2O_scale,37,0.004377510206089341,0.004377510206089341,0.00705796570924435,0.002121415906849659
ef_burn_tree_CH4_scale,37,0.019051674078970165,0.019051674078970165,0.02628927376531946,0.007905230437973768
ef_N_inputs,37,-0.08858444733606437,0.12324689836651678,0.10324219531264232,0.018950894564019737
combustion_factor_crop,37,-0.023108582373568005,0.023134396611240525,0.015554308587243493,0.004563672827451487
combustion_factor_tree,37,0.026356086265758895,0.026356086265758895,0.040529600949441455,0.01205943157547685
volatile_frac_organic_fertiliser,37,-0.0028754256509737177,0.0028754256509737177,0.00030556244209783875,8.220332913380318e-05
volatile_frac_synthetic_fertiliser,37,0.016297396888962777,0.016297396888962777,0.0016405654386363446,0.0005054828205225348
base_sf_qty_scale,37,-0.1298137469652644,0.1298137469652644,0.011684697112334566,0.0038287183019438185
proj_lit_qty_scale,37,0.01013636659588613,0.014131610499875377,0.01379249265281667,0.00293467022531637
base_stand_density_scale,37,0.0,0.0,0.0,0.0
proj_stand_density_scale,37,0.4843876025858546,0.7258460083126292,0.7774855577282411,0.16390861291012995
tree_wood_dens_sp1,37,0.5381749115243472,0.8148918271658674,0.8468805149048527,0.17502759428152725
base_cover,37,0.33005206096512163,0.4035010574249215,0.5387715020651952,0.13329809632959466
base_fire_off,37,-0.024885313060658505,0.024885313060658505,0.08969221031413538,0.023475185917333708
base_fire_on,37,-0.03493285974000269,0.03493285974000269,0.0059561448956426755,0.0018859905989435568
base_mortality,37,0.0,0.0,0.0,0.0
base_sf_n_delta,37,-0.1329016327182006,0.1329016327182006,0.013646164833617398,0.00455177140515185
base_thinning_delta,37,0.0,0.0,0.0,0.0
crop_base_left_delta,37,0.08867513326815266,0.0896634260748704,0.05135966888993748,0.01569487541152237
crop_base_yield_delta,37,-0.004660993018460184,0.059950665141213125,0.066983234643992,0.008837333654425695
crop_carbon_above_sp3,37,0.029682312944992417,0.029682312944992417,0.019719234317118892,0.005961098744390578
crop_carbon_below_sp3,37,0.05075588497636437,0.05075588497636437,0.0194523626380067,0.00658616087720549
crop_intercept_sp3,37,0.005907767095492756,0.008146748796481895,0.010585838833542095,0.002888719130201914
crop_nitrogen_above_sp3,37,-0.011008484110479744,0.011008484110479744,0.004182521244884144,0.0012498817122696467
crop_nitrogen_below_sp3,37,-0.01608103543472075,0.01608103543472075,0.002230587608651757,0.0006893207916087045
crop_carbon_above_sp10,37,0.02636080476785957,0.02636080476785957,0.017597193911497035,0.004639760614996834
crop_carbon_below_sp10,37,0.010354124150844714,0.010746497150455017,0.009366753625905338,0.002618839067696331
crop_intercept_sp10,37,0.005608285041761629,0.007917181234587378,0.00753997261911506,0.001409376056263181
crop_nitrogen_above_sp10,37,-0.007081677975078962,0.007081677975078962,0.0014323384656657588,0.00043741116246515674
crop_nitrogen_below_sp10,37,-0.004457407240105818,0.004457407240105818,0.0014506415250371586,0.000433359305734442
crop_proj_left_delta,37,0.025705466961531243,0.03262950890622329,0.033541371461173516,0.008603528827170144
crop_proj_yield_delta,37,0.038334784516840706,0.15219499741479087,0.16995908312274285,0.027259929302648894
crop_root_in_top_30,37,0.03749517128148059,0.03749517128148059,0.031115031834531386,0.009707889424339285
crop_root_to_shoot_sp3,37,0.03271553396391977,0.03271553396391977,0.025354534389552725,0.007062639301834783
crop_slope_sp3,37,0.0033321394242596418,0.006701504947074879,0.008286009088701928,0.0018034140307613942
crop_root_to_shoot_sp10,37,0.00710693509562633,0.00791946487301148,0.008638745563942427,0.0026427001704688834
crop_slope_sp10,37,0.00037548975929556914,0.010817516780360917,0.013677265725823274,0.0025364583369223872
cy0_to_ceq_multiplier,37,0.0031125514042176393,0.0048142772303591316,0.013556109538672808,0.004026194691904722
litter_carbon,37,-0.017489204316680516,0.017489204316680516,0.012138434224888367,0.0036511764265842244
litter_nitrogen,37,0.0238405814927579,0.0238405814927579,0.002622228051293887,0.000724819217294876
mortality_fraction_branch_delta,37,0.007887100867790523,0.00890700839697334,0.006592062449650217,0.0014123362284243837
mortality_fraction_croot_delta,37,0.0005945335310537647,0.004785325059182411,0.009191189162858993,0.0023035428121235724
mortality_fraction_froot_delta,37,0.000658188507598137,0.0022787182016504454,0.004210571738620949,0.0011732305534501088
mortality_fraction_leaf_delta,37,0.00017211495043336633,0.004030388704285714,0.00738288168522098,0.0017742635389069736
mortality_fraction_stem_delta,37,-0.0019425301515656967,0.024834599489528993,0.05009152587927473,0.012343425914839872
pool_alloc_froot_sp1,37,0.059309697218457025,0.09217387840717799,0.1091930123853253,0.023649189792396694
pool_alloc_leaf_sp1,37,0.05413384246129922,0.1786831286828238,0.29003120301169816,0.06925617006010995
pool_alloc_stem_sp1,37,-0.21099942661724408,0.5026277516749522,0.6645906565211042,0.15079352065503854
pool_turnover_branch_sp1,37,-0.022876073667805148,0.24860508531514897,0.3443758223734079,0.06487144788329414
pool_turnover_croot_sp1,37,0.0667292898237101,0.10964467708367778,0.13906889315592705,0.03203738064733075
pool_turnover_froot_sp1,37,0.03889265445097451,0.06943734333459452,0.10938780056953332,0.03322624791733948
pool_turnover_leaf_sp1,37,0.03631850925712179,0.07527392278870618,0.10748723293162736,0.025101521085747848
pool_turnover_stem_sp1,37,-0.27459481456843726,6.05271926593449,9.227830638781358,1.7970148677480633
proj_cover,37,-0.6915928940371348,1.0980529444383456,3.3832383753515636,0.977067040327421
proj_fire_off,37,0.023394939539442428,0.023394939539442428,0.07196133832964123,0.02342570071968791
proj_fire_on,37,0.2513755264400369,0.2513755264400369,0.29913091522223934,0.0976722664354576
proj_mortality,37,0.4287045286605295,0.6626318314794128,1.7830567339701606,0.5701881434912841
proj_thinning_delta,37,2.9313730785930363,6.682908543376348,13.596455549694788,3.464466208253785
roth_c_cover_c,37,0.011114453604416305,0.0238726894721473,0.056773005842592324,0.01704255720893555
roth_c_dpm_frac_crop,37,-0.03709022078702818,0.03709022078702818,0.03753094473215004,0.01040401723869364
roth_c_dpm_frac_tree,37,-0.028280201766421386,0.05433652787419234,0.06969406282681627,0.01759717672888103
roth_c_moisture_b_slope,37,-0.7969254107460672,1.3897979152796833,3.178768127032282,0.7945834200695843
roth_c_temp_a1,37,0.1589600979732531,0.4472032483738868,0.8136486164766158,0.18020303296186246
roth_c_temp_a2,37,0.06120561711341307,0.5725961851180241,1.0001244610647497,0.2692743344796875
thinning_fraction_branch_delta,37,0.21482071332994712,0.21482071332994712,0.2652772806649777,0.08716669563243791
thinning_fraction_croot_delta,37,0.06872760313137374,0.06872760313137374,0.12066318791695735,0.03419051501776154
thinning_fraction_froot_delta,37,0.04123485808250722,0.04123485808250722,0.05410167193071758,0.016316740945526712
thinning_fraction_leaf_delta,37,0.04445259759727869,0.04445259759727869,0.04434790024669162,0.014472034668781709
thinning_fraction_stem_delta,37,0.37908711304779497,0.37908711304779497,0.6354736932074805,0.2046796808297294
tree_carbon_sp1,37,0.17793050869884924,0.8537404662939736,1.2573903903883035,0.29078219467989164
tree_nitrogen_branch_sp1,37,0.0008724955563491815,0.0008724955563491815,0.0008479109964750324,0.00023544218861578454
tree_nitrogen_croot_sp1,37,0.0009117145245363528,0.0009117145245363528,0.002257615929796361,0.0006782475151240467
tree_nitrogen_froot_sp1,37,0.021586520860637948,0.021586520860637948,0.02997056118529369,0.009422554087160938
tree_nitrogen_leaf_sp1,37,0.037088047732122285,0.037088047732122285,0.0615553916394985,0.018094857189217804
tree_nitrogen_stem_sp1,37,0.001885107034813338,0.001885107034813338,0.0018607107421524465,0.0005936467694632691
tree_root_in_top_30,37,0.05211732448987809,0.14404999662866888,0.228242535449786,0.0579970851758547
tree_root_to_shoot_sp1,37,0.008326783833514418,0.08726500614933197,0.15702792158235102,0.036642699950981274
cy0,38,0.013109495042068445,0.22476538724112105,0.3557649353183956,0.07374613085219267
clay,38,-0.33579510661624684,0.7464266858422834,1.7494969456145253,0.44937955060153306
temp_ci_delta,38,0.12337577664625168,0.3561576261818731,0.7709581855256965,0.21705469881186226
rain_ci_delta,38,-0.280460306959929,0.6950397253032802,1.1825614225021746,0.3243749620526774
evap_ci_delta,38,0.2473125042986828,0.28677001755598813,0.5333111813992638,0.1647134895870471
ef_burn_crop_N2O_scale,38,-0.005265088621357822,0.005280373647965903,0.003171542566111621,0.0007929160788465011
ef_burn_crop_CH4_scale,38,-0.019646628497269926,0.019668161301219556,0.011926626289819367,0.0033581499836684387
ef_burn_tree_N2O_scale,38,0.004362883613722024,0.004362883613722024,0.007179892236889753,0.0021573723828495696
ef_burn_tree_CH4_scale,38,0.01903300611810526,0.01903300611810526,0.026766376552355146,0.008062173165163796
ef_N_inputs,38,-0.08841625318166248,0.12423888657213851,0.1055544574600986,0.019449337193067164
combustion_factor_crop,38,-0.023108582373568075,0.023134396611240594,0.015554308587243515,0.004563672827451511
combustion_factor_tree,38,0.02636057224386853,0.02636057224386853,0.041264826813563915,0.012295405468303818
volatile_frac_organic_fertiliser,38,-0.0028754256509736674,0.0028754256509736674,0.000305562442098005,8.220332913383824e-05
volatile_frac_synthetic_fertiliser,38,0.016297396888962794,0.016297396888962794,0.0016405654386362574,0.0005054828205225132
base_sf_qty_scale,38,-0.1298137469652645,0.1298137469652645,0.011684697112334214,0.003828718301943652
proj_lit_qty_scale,38,0.010504677379221967,0.01421029289578481,0.013726103120254579,0.0030129077594188963
base_stand_density_scale,38,0.0,0.0,0.0,0.0
proj_stand_density_scale,38,0.2756380083995228,0.6043328493328906,0.7842485700537148,0.1797265436306036
tree_wood_dens_sp1,38,0.3348669583861009,0.6540922339483186,0.827332644744293,0.18232180225265726
base_cover,38,0.3107872369524406,0.3936641483419413,0.5246151288649287,0.12639755555608262
base_fire_off,38,-0.024885313060658495,0.024885313060658495,0.08969221031413534,0.023475185917333698
base_fire_on,38,-0.0349328597400026,0.0349328597400026,0.0059561448956427735,0.0018859905989435824
base_mortality,38,0.0,0.0,0.0,0.0
base_sf_n_delta,38,-0.13290163271820102,0.13290163271820102,0.013646164833617249,0.004551771405151756
base_thinning_delta,38,0.0,0.0,0.0,0.0
crop_base_left_delta,38,0.08704501262600835,0.08809645220969946,0.051083575236890874,0.015578015866448029
crop_base_yield_delta,38,-0.006726944683142852,0.05994909989760564,0.06657293004463166,0.008672080586915688
crop_carbon_above_sp3,38,0.02737270281225329,0.02737270281225329,0.018314476998760276,0.005587260176990499
crop_carbon_below_sp3,38,0.04734758017480788,0.04734758017480788,0.01865612160649633,0.006368974796483723
crop_intercept_sp3,38,0.00465685593589239,0.006935595957390556,0.009133805783051887,0.0024155896581895576
crop_nitrogen_above_sp3,38,-0.011008484110479411,0.011008484110479411,0.004182521244883939,0.0012498817122695623
crop_nitrogen_below_sp3,38,-0.016081035434720867,0.016081035434720867,0.0022305876086516924,0.000689320791608692
crop_carbon_above_sp10,38,0.02574756911464974,0.02574756911464974,0.017458402551277372,0.004605704788361601
crop_carbon_below_sp10,38,0.010112297630296982,0.010535165926968995,0.00929510965288222,0.0025899677663548805
crop_intercept_sp10,38,0.005410417580258858,0.007801665240469241,0.007538402989354667,0.0014002482255462384
crop_nitrogen_above_sp10,38,-0.007081677975079037,0.007081677975079037,0.0014323384656656757,0.0004374111624651597
crop_nitrogen_below_sp10,38,-0.0044574072401055015,0.0044574072401055015,0.0014506415250372746,0.00043335930573451737
crop_proj_left_delta,38,0.021957675381047297,0.030344589096784984,0.03131587142546576,0.007455805919152178
crop_proj_yield_delta,38,0.05910640692016592,0.15153144446388683,0.15974300062304908,0.024783962244171027
crop_root_in_top_30,38,0.03415533173465015,0.03428487988961112,0.030076301710188755,0.009352123636487714
crop_root_to_shoot_sp3,38,0.029251209580907954,0.029251209580907954,0.02411377840387177,0.006715626738645132
crop_slope_sp3,38,0.0020699104113477834,0.006371673775316319,0.007899517158779465,0.0015469670356844428
crop_root_to_shoot_sp10,38,0.006848121669945971,0.007763745244908386,0.00858527463128506,0.002591360244887038
crop_slope_sp10,38,-0.00013958914880232985,0.010819024942838837,0.013602467069738463,0.002490108525626104
cy0_to_ceq_multiplier,38,0.0031200952447696774,0.00470955688805696,0.013690981735672382,0.004108305904445458
litter_carbon,38,-0.0171147879262444,0.0171147879262444,0.012072043072655381,0.0036306083909866172
litter_nitrogen,38,0.023840581492757983,0.023840581492757983,0.0026222280512940743,0.0007248192172948477
mortality_fraction_branch_delta,38,0.0063507478605700305,0.007600868223087379,0.0065787998076509875,0.001423956907439761
mortality_fraction_croot_delta,38,3.332427632365964e-06,0.00464427822809427,0.009670153385428634,0.002529589507981922
mortality_fraction_froot_delta,38,0.0003782401055489798,0.0021186944230673272,0.00434754916257391,0.0012505963863878005
mortality_fraction_leaf_delta,38,-0.0002955271285645572,0.0038537968314836996,0.007625068444680032,0.0019007515952502653
mortality_fraction_stem_delta,38,-0.005871611254952247,0.02563248672518794,0.05362699199947394,0.013524206197116305
pool_alloc_froot_sp1,38,0.04251139742492497,0.08298258047913037,0.11559838009241356,0.027182652721147903
pool_alloc_leaf_sp1,38,0.022086175277277856,0.15787993046359278,0.3001554253983962,0.07528398839594701
pool_alloc_stem_sp1,38,-0.12995667070506356,0.39458968662265653,0.5970926130359623,0.13866740632140787
pool_turnover_branch_sp1,38,0.06330466670474781,0.21587540244727235,0.34647529263175175,0.07342709485410444
pool_turnover_croot_sp1,38,0.04099537662047238,0.09764063660072889,0.15427458461260452,0.037777508657246585
pool_turnover_froot_sp1,38,0.02756079895024869,0.06075687303760258,0.11512870884578522,0.03635974009327529
pool_turnover_leaf_sp1,38,0.024090497948733275,0.06526809042752565,0.1082335232555369,0.026304911191062225
pool_turnover_stem_sp1,38,2.3885475105011365,6.327924709953956,10.345663566832403,2.266523254238794
proj_cover,38,-0.04519846306360076,0.8371021326086856,2.1319247000541575,0.6119816353651821
proj_fire_off,38,0.02339493953944247,0.02339493953944247,0.07196133832964134,0.023425700719687945
proj_fire_on,38,0.2503409881842171,0.2503409881842171,0.3052741774547272,0.09968868197879237
proj_mortality,38,0.5466381901849616,0.6718031740032347,1.8728054818803472,0.6006996127466175
proj_thinning_delta,38,4.931366046523526,7.409969888253714,14.100104789667062,3.5975837877896075
roth_c_cover_c,38,0.006679033843087527,0.023198051579296528,0.05652915073535698,0.01662759560942765
roth_c_dpm_frac_crop,38,-0.03145824096054729,0.03145824096054729,0.03335264560922169,0.009286702213605247
roth_c_dpm_frac_tree,38,-0.03272676614474249,0.04256935721043607,0.041538501498570635,0.009694730475717839
roth_c_moisture_b_slope,38,-0.5949000773823874,1.2513906900516563,2.8515980964560623,0.7065800690905879
roth_c_temp_a1,38,0.08239486975790325,0.4418549268666089,0.7774710216858758,0.165105609420613
roth_c_temp_a2,38,0.27891309977749046,0.5548460642506641,0.8818497053020944,0.2507697461735384
thinning_fraction_branch_delta,38,0.11924614615715041,0.11924614615715041,0.1270770247346082,0.041845625917137336
thinning_fraction_croot_delta,38,0.03779574631364899,0.03779574631364899,0.05852939046711637,0.016516874073248988
thinning_fraction_froot_delta,38,0.023710236208616186,0.023710236208616186,0.028870662552429996,0.008820908897192321
thinning_fraction_leaf_delta,38,0.02797862413918395,0.02797862413918395,0.03017897386702728,0.009640992019685131
thinning_fraction_stem_delta,38,0.2368260611980018,0.2368260611980018,0.38757998623167794,0.12844081147287165
tree_carbon_sp1,38,0.026259038065749897,0.812070481836385,1.3455678697609632,0.32834158137156183
tree_nitrogen_branch_sp1,38,0.0008609800563455256,0.0008609800563455256,0.0008579953871868643,0.00023832812630928088
tree_nitrogen_croot_sp1,38,0.000918361255639763,0.000918361255639763,0.002310975530868145,0.0006943679394780445
tree_nitrogen_froot_sp1,38,0.021619520695725664,0.021619520695725664,0.030503693358398615,0.009589773398004292
tree_nitrogen_leaf_sp1,38,0.03727966137182926,0.03727966137182926,0.06295577258060066,0.018496708838396398
tree_nitrogen_stem_sp1,38,0.0018663346521745395,0.0018663346521745395,0.0018889988570937749,0.0006014426741904028
tree_root_in_top_30,38,0.017426345505352582,0.13277331648844867,0.24734980134283194,0.06551558879834363
tree_root_to_shoot_sp1,38,-0.006285472286898205,0.08295183774699276,0.1641553600663653,0.03961238854180537
cy0,39,0.015868208405646737,0.23615858542273785,0.37164985738618633,0.07708829049280011
clay,39,-0.3380146654731709,0.7616394934393169,1.7867680783380189,0.4619822736546521
temp_ci_delta,39,0.09399307168220507,0.33333842077104914,0.7163128019300117,0.19809811391644924
rain_ci_delta,39,-0.4278849473029506,0.7080361219434964,1.158842144489384,0.3247765945221947
evap_ci_delta,39,0.26540116627039123,0.28090335356504414,0.5119121826949834,0.15950162006115617
ef_burn_crop_N2O_scale,39,-0.005265088621357826,0.005280373647965973,0.003171542566111767,0.0007929160788464762
ef_burn_crop_CH4_scale,39,-0.019646628497269874,0.019668161301219438,0.011926626289819296,0.003358149983668382
ef_burn_tree_N2O_scale,39,0.00434858474485039,0.00434858474485039,0.0072971220316381934,0.0021918868327924913
ef_burn_tree_CH4_scale,39,0.01901402622539739,0.01901402622539739,0.027228557155303534,0.008214750531130424
ef_N_inputs,39,-0.08827234868804923,0.1251811458923849,0.10774239096708924,0.019930993223640347
combustion_factor_crop,39,-0.023108582373567874,0.02313439661124039,0.01555430858724377,0.004563672827451551
combustion_factor_tree,39,0.026363647705204774,0.026363647705204774,0.041977444309293205,0.012524316421647013
volatile_frac_organic_fertiliser,39,-0.002875425650973726,0.002875425650973726,0.00030556244209796636,8.220332913381502e-05
volatile_frac_synthetic_fertiliser,39,0.01629739688896297,0.01629739688896297,0.001640565438636269,0.0005054828205225094
base_sf_qty_scale,39,-0.12981374696526432,0.12981374696526432,0.01168469711233465,0.003828718301943839
proj_lit_qty_scale,39,0.010857722143893434,0.014293465266012096,0.013660106198605573,0.0030875969328800264
base_stand_density_scale,39,0.0,0.0,0.0,0.0
proj_stand_density_scale,39,0.17883131969355703,0.5620552661973933,0.8148934566960482,0.19942914825949784
tree_wood_dens_sp1,39,0.24370872993319379,0.5986698552469257,0.8365287051728276,0.191559854544654
base_cover,39,0.292646573079804,0.38409018973256437,0.5122574337440399,0.12046013074620879
base_fire_off,39,-0.024885313060658495,0.024885313060658495,0.08969221031413534,0.023475185917333698
base_fire_on,39,-0.034932859740002487,0.034932859740002487,0.005956144895642572,0.0018859905989435585
base_mortality,39,0.0,0.0,0.0,0.0
base_sf_n_delta,39,-0.13290163271820052,0.13290163271820052,0.013646164833617306,0.004551771405151854
base_thinning_delta,39,0.0,0.0,0.0,0.0
crop_base_left_delta,39,0.08548216820281196,0.08659336598185845,0.05081249793297039,0.015465354429662136
crop_base_yield_delta,39,-0.008716840611127426,0.05992240699353916,0.06616309916390917,0.008554212045235236
crop_carbon_above_sp3,39,0.025447776155407997,0.02546877552908209,0.01718109876692238,0.005280146115321626
crop_carbon_below_sp3,39,0.04449346367202856,0.04449346367202856,0.018040188698775928,0.00619891826816078
crop_intercept_sp3,39,0.003650866421369273,0.006005451992956259,0.008005122954823517,0.002058321299762121
crop_nitrogen_above_sp3,39,-0.011008484110479527,0.011008484110479527,0.004182521244883829,0.0012498817122695604
crop_nitrogen_below_sp3,39,-0.016081035434720954,0.016081035434720954,0.0022305876086517436,0.0006893207916087177
crop_carbon_above_sp10,39,0.025161681436129756,0.025161681436129756,0.017324312441744632,0.004573421211845098
crop_carbon_below_sp10,39,0.009882016281442802,0.010333969989883595,0.009224972507047343,0.0025623422503046386
crop_intercept_sp10,39,0.005221727623239013,0.007691014558787722,0.007536726479439905,0.0013933234103335357
crop_nitrogen_above_sp10,39,-0.007081677975079037,0.007081677975079037,0.0014323384656656725,0.00043741116246511836
crop_nitrogen_below_sp10,39,-0.004457407240105481,0.004457407240105481,0.001450641525037214,0.0004333593057344907
crop_proj_left_delta,39,0.018901702514896944,0.028470695028491155,0.029495926535187997,0.006532573951962378
crop_proj_yield_delta,39,0.07604308167757873,0.150561625023365,0.1511566337066727,0.02418021384331343
crop_root_in_top_30,39,0.03129762064797762,0.03159929136372467,0.029165716345940913,0.009028895598114883
crop_root_to_shoot_sp3,39,0.026357550599483,0.026357550599483,0.02303730015425573,0.006414689059087925
crop_slope_sp3,39,0.0010151435031466455,0.006172084744327064,0.0075711407361345245,0.0013704037035336674
crop_root_to_shoot_sp10,39,0.006600494918139843,0.0076316604638735405,0.008533004457534792,0.0025391061339827097
crop_slope_sp10,39,-0.0006297211591393583,0.010826517908865012,0.013530992774432928,0.0024527770794610234
cy0_to_ceq_multiplier,39,0.0031171083957553165,0.004700664104327271,0.01387959220716378,0.004177513862936249
litter_carbon,39,-0.016756030753127704,0.016756030753127704,0.012008132761412459,0.0036109231227802662
litter_nitrogen,39,0.023840581492758035,0.023840581492758035,0.0026222280512939945,0.0007248192172948537
mortality_fraction_branch_delta,39,0.005381347080096727,0.007051016639159413,0.006655983021552285,0.001367288405796447
mortality_fraction_croot_delta,39,-0.000415893073667406,0.00456824930432177,0.010071577685115636,0.002708382834647238
mortality_fraction_froot_delta,39,0.00020124731950971474,0.0020511399722246164,0.004456822801751606,0.0013048229541823039
mortality_fraction_leaf_delta,39,-0.0006107222378756632,0.003810979719656507,0.007836337426278548,0.0019935877706545977
mortality_fraction_stem_delta,39,-0.008681008179022768,0.02637149172007542,0.05684073807177001,0.014585372173152054
pool_alloc_froot_sp1,39,0.03224891817257818,0.07781692884712407,0.12159388962412518,0.030353350270110945
pool_alloc_leaf_sp1,39,0.004535274608769865,0.15395125075815058,0.30936075166486304,0.07923254683984302
pool_alloc_stem_sp1,39,-0.08868220167668542,0.35548031998050644,0.5844626913807572,0.14037559397291544
pool_turnover_branch_sp1,39,0.0923211666309742,0.209111370788457,0.3443580994240175,0.07674962495448136
pool_turnover_croot_sp1,39,0.024974085534475044,0.09511453979111051,0.16996018413994862,0.04325149251349634
pool_turnover_froot_sp1,39,0.02025092100540977,0.05630976821885103,0.12059846562980063,0.03873222975408639
pool_turnover_leaf_sp1,39,0.016629117729439074,0.06208498224543233,0.11063708957058696,0.02766848233856478
pool_turnover_stem_sp1,39,3.4126928464298465,6.705323487274792,10.930162728128979,2.4583515582904933
proj_cover,39,0.19219948703582165,0.7597279106577579,1.4253971531644745,0.3909403052538671
proj_fire_off,39,0.02339493953944246,0.02339493953944246,0.07196133832964131,0.02342570071968794
proj_fire_on,39,0.24926675922894037,0.24926675922894037,0.31106273890218317,0.10158778879350495
proj_mortality,39,0.5990862204476677,0.6907500427759203,1.9242638946616875,0.6163398219967967
proj_thinning_delta,39,5.723874028941182,7.768429789108019,14.481543833022627,3.7737698362073493
roth_c_cover_c,39,0.004273043259115285,0.02173627391032297,0.0526404642822793,0.015460334352863996
roth_c_dpm_frac_crop,39,-0.026871210180925743,0.026871210180925743,0.029649313354116375,0.008300567752243424
roth_c_dpm_frac_tree,39,-0.024325473650140452,0.035991553731361,0.04168881230464604,0.009872976387026914
roth_c_moisture_b_slope,39,-0.40203062785012855,1.1280883823666827,2.4500276289003886,0.5907920600294262
roth_c_temp_a1,39,0.04528492977094545,0.3978649272121079,0.697882633741186,0.14784523364133742
roth_c_temp_a2,39,0.273478451172986,0.5540764953486598,0.8548863371407655,0.23814328220986036
thinning_fraction_branch_delta,39,0.07917003047819123,0.07917003047819123,0.06964646844950229,0.0223634262347165
thinning_fraction_croot_delta,39,0.023781312926726975,0.023781312926726975,0.03045976731531969,0.008700422685958034
thinning_fraction_froot_delta,39,0.017103619645843178,0.017103619645843178,0.02126514363219797,0.006610025757024474
thinning_fraction_leaf_delta,39,0.021143813788546996,0.021143813788546996,0.02531470336390583,0.007896519506413574
thinning_fraction_stem_delta,39,0.17275747625836932,0.17275747625836932,0.27866606019667417,0.09620019347098294
tree_carbon_sp1,39,-0.04573461592907896,0.7846272243643779,1.3732545222922055,0.3432756691417096
tree_nitrogen_branch_sp1,39,0.0008497407482171649,0.0008497407482171649,0.0008674965271255354,0.00024102767743215277
tree_nitrogen_croot_sp1,39,0.000924701890706131,0.000924701890706131,0.0023618333750961558,0.0007097254338060959
tree_nitrogen_froot_sp1,39,0.021648772819287017,0.021648772819287017,0.0310146135675844,0.009749629474785195
tree_nitrogen_leaf_sp1,39,0.03745627076904072,0.03745627076904072,0.06429031620622465,0.01887969420907091
tree_nitrogen_stem_sp1,39,0.0018483752465497244,0.0018483752465497244,0.0019168384570370667,0.0006091249262687187
tree_root_in_top_30,39,-0.0012721018795512073,0.13187271654249946,0.2591116448673255,0.06948913150214345
tree_root_to_shoot_sp1,39,-0.013069558859647796,0.07981547382165681,0.16459182809374973,0.04037875251987658
cy0,40,0.018424124529281723,0.24637723570180436,0.3884197081468031,0.08105935583937178
clay,40,-0.33802583623143406,0.7643617420810316,1.8236805840817538,0.4732503755682947
temp_ci_delta,40,0.08086403959123759,0.31412727682826425,0.6736015711357015,0.18497425059131078
rain_ci_delta,40,-0.4159107331141125,0.6890945900665002,1.1006306948067648,0.3045630462516818
evap_ci_delta,40,0.24094193835871197,0.25637364790196965,0.4710140571151259,0.1435947445252433
ef_burn_crop_N2O_scale,40,-0.005265088621357805,0.005280373647965986,0.0031715425661116544,0.000792916078846454
ef_burn_crop_CH4_scale,40,-0.019646628497269992,0.019668161301219622,0.011926626289819284,0.0033581499836684175
ef_burn_tree_N2O_scale,40,0.004334377389419023,0.004334377389419023,0.0074089832211688186,0.0022247574298513146
ef_burn_tree_CH4_scale,40,0.01899365713546393,0.01899365713546393,0.02767279494478265,0.008361979136121536
ef_N_inputs,40,-0.08815648989861025,0.126071932405541,0.10979501990536963,0.02039130444941502
combustion_factor_crop,40,-0.023108582373568366,0.023134396611240882,0.015554308587243704,0.0045636728274515625
combustion_factor_tree,40,0.026363939808863618,0.026363939808863618,0.042664477528354235,0.012745241085792447
volatile_frac_organic_fertiliser,40,-0.002875425650973734,0.002875425650973734,0.0003055624420979657,8.220332913382624e-05
volatile_frac_synthetic_fertiliser,40,0.016297396888962944,0.016297396888962944,0.0016405654386362843,0.0005054828205225142
base_sf_qty_scale,40,-0.12981374696526427,0.12981374696526427,0.011684697112334767,0.0038287183019438923
proj_lit_qty_scale,40,0.011196705422687428,0.01437644725765819,0.013594202775779244,0.00316011348931318
base_stand_density_scale,40,0.0,0.0,0.0,0.0
proj_stand_density_scale,40,0.12446604913034909,0.542336488976568,0.834026640861953,0.2096901179974152
tree_wood_dens_sp1,40,0.19517398633021998,0.5781021205198315,0.841977119771761,0.19631352234774466
base_cover,40,0.2755647204044577,0.3747723968298923,0.501521974264778,0.1154371148469215
base_fire_off,40,-0.024885313060658505,0.024885313060658505,0.08969221031413538,0.023475185917333705
base_fire_on,40,-0.03493285974000278,0.03493285974000278,0.0059561448956429565,0.0018859905989436403
base_mortality,40,0.0,0.0,0.0,0.0
base_sf_n_delta,40,-0.13290163271820102,0.13290163271820102,0.013646164833617158,0.004551771405151729
base_thinning_delta,40,0.0,0.0,0.0,0.0
crop_base_left_delta,40,0.08398321582809687,0.08515099627036926,0.050544593512082826,0.015356125093972552
crop_base_yield_delta,40,-0.010634558894198967,0.059870924229997825,0.06575198776810767,0.00848016283481034
crop_carbon_above_sp3,40,0.02381363105778,0.023914036113448764,0.01625892121441848,0.004992736961031451
crop_carbon_below_sp3,40,0.04205274945776379,0.04205274945776379,0.017569788182686598,0.006067432572646983
crop_intercept_sp3,40,0.0028175427795440093,0.005301532089032952,0.00713155793613905,0.001790170666701025
crop_nitrogen_above_sp3,40,-0.011008484110479702,0.011008484110479702,0.004182521244884051,0.0012498817122695654
crop_nitrogen_below_sp3,40,-0.016081035434720867,0.016081035434720867,0.0022305876086517133,0.0006893207916087061
crop_carbon_above_sp10,40,0.02460083514515956,0.02460083514515956,0.01719424069555223,0.004542682227967466
crop_carbon_below_sp10,40,0.009662099813836903,0.010140845485351605,0.00915615217156335,0.002536033962574615
crop_intercept_sp10,40,0.005040830459764859,0.0075843860738570665,0.007534538276548891,0.0013881045437070605
crop_nitrogen_above_sp10,40,-0.007081677975078887,0.007081677975078887,0.001432338465665776,0.00043741116246519095
crop_nitrogen_below_sp10,40,-0.004457407240105793,0.004457407240105793,0.0014506415250372415,0.0004333593057344685
crop_proj_left_delta,40,0.016366572661456275,0.02696377189024855,0.02798557439618171,0.005741395668146112
crop_proj_yield_delta,40,0.09024406571087464,0.15026405429866965,0.14403855713408134,0.024459950560464804
crop_root_in_top_30,40,0.028798818419764748,0.029374657986752383,0.028376864130683077,0.008698971969872318
crop_root_to_shoot_sp3,40,0.023894410298009722,0.023894410298009722,0.0221108832868014,0.006155820262598167
crop_slope_sp3,40,0.00011203704307036211,0.006124422333024504,0.0072958273246925545,0.0012267631413320846
crop_root_to_shoot_sp10,40,0.006363598502951551,0.007515665484778689,0.008481978830536556,0.0024906166034723213
crop_slope_sp10,40,-0.0010963104003229598,0.010830342788911516,0.013461558860812317,0.0024255876265752603
cy0_to_ceq_multiplier,40,0.0031055131314684987,0.004829981924115887,0.014103090594896946,0.004184605093897272
litter_carbon,40,-0.016411882222209077,0.016411882222209077,0.011945961709849849,0.0035918643332672863
litter_nitrogen,40,0.023840581492757983,0.023840581492757983,0.0026222280512940197,0.0007248192172948517
mortality_fraction_branch_delta,40,0.004736047623596959,0.00675934100525116,0.006712189944152996,0.0013310849127214578
mortality_fraction_croot_delta,40,-0.000722860972987871,0.004515882240492364,0.010379136626055203,0.002842924130405603
mortality_fraction_froot_delta,40,7.923280637079921e-05,0.002011494549599274,0.004531597953141421,0.0013406739303421435
mortality_fraction_leaf_delta,40,-0.0008382334018768201,0.0037966539999871205,0.007998815704646771,0.002063698166697613
mortality_fraction_stem_delta,40,-0.010734532199966298,0.02689814480034245,0.059505893312805654,0.015465899788959084
pool_alloc_froot_sp1,40,0.025171521259689893,0.07452019792326811,0.12678710866844836,0.032922747605761735
pool_alloc_leaf_sp1,40,-0.006529571791004826,0.15205423316110106,0.31628301083632204,0.08228728459477512
pool_alloc_stem_sp1,40,-0.06410522681296613,0.34208703021839715,0.5811835092082013,0.14174583270487334
pool_turnover_branch_sp1,40,0.10177481291501071,0.20546059905377012,0.34254369089582315,0.07885338134472812
pool_turnover_croot_sp1,40,0.01445197929363578,0.09377903161725673,0.18190361100670832,0.04766212472381015
pool_turnover_froot_sp1,40,0.0151255419293753,0.05421584519215705,0.125154843696494,0.04043754661491901
pool_turnover_leaf_sp1,40,0.011617680462041962,0.061057637689475565,0.11310068928534021,0.028988203540078177
pool_turnover_stem_sp1,40,3.8254071326974577,6.77075647232968,11.108141211453137,2.546447208050952
proj_cover,40,0.23138681425782556,0.6724454567957945,1.1003439501363286,0.2917654273056119
proj_fire_off,40,0.023394939539442453,0.023394939539442453,0.07196133832964131,0.023425700719687935
proj_fire_on,40,0.24814287691657952,0.24814287691657952,0.31646802691922676,0.10336024671042039
proj_mortality,40,0.6300057033091064,0.70842435165699,1.9706670360143064,0.6309854077012558
proj_thinning_delta,40,6.076609727195979,7.880913123384531,14.592051690051631,3.86398006783396
roth_c_cover_c,40,0.003226470585153904,0.02013399896609822,0.04882103733155733,0.014367336827942827
roth_c_dpm_frac_crop,40,-0.023084464948076804,0.023084464948076804,0.02639851276376643,0.007435245749186535
roth_c_dpm_frac_tree,40,-0.01860451277627257,0.032540190601812825,0.04225029533811065,0.010186565973306399
roth_c_moisture_b_slope,40,-0.28688602644216815,1.0314570786875676,2.1739399376664985,0.5170342092134651
roth_c_temp_a1,40,0.02705691783598334,0.36379113515387873,0.6417007858206614,0.13796476014177936
roth_c_temp_a2,40,0.22466598003490895,0.525812184477719,0.8324943519769755,0.23711891962316098
thinning_fraction_branch_delta,40,0.057652450070547936,0.057652450070547936,0.04599663690455704,0.014334025685143319
thinning_fraction_croot_delta,40,0.016453426871370417,0.016453426871370417,0.018106540310777734,0.005396147108512413
thinning_fraction_froot_delta,40,0.013379582869089973,0.013379582869089973,0.0176602316528595,0.00549884031253272
thinning_fraction_leaf_delta,40,0.016859410013685096,0.016859410013685096,0.021365296839330264,0.006572022645968102
thinning_fraction_stem_delta,40,0.13203712741994308,0.13203712741994308,0.21424811652748366,0.07542496980316371
tree_carbon_sp1,40,-0.09148987214058912,0.7659103635271362,1.387020535213447,0.35251732805621055
tree_nitrogen_branch_sp1,40,0.0008387447497492067,0.0008387447497492067,0.000876396575459566,0.00024353588930771245
tree_nitrogen_croot_sp1,40,0.0009306730831824331,0.0009306730831824331,0.0024099482268393688,0.0007242468554051331
tree_nitrogen_froot_sp1,40,0.021673397212534553,0.021673397212534553,0.031501865644540286,0.009901654655105955
tree_nitrogen_leaf_sp1,40,0.03761556723085829,0.03761556723085829,0.06555346462283233,0.019242237903414772
tree_nitrogen_stem_sp1,40,0.0018311156347159574,0.0018311156347159574,0.0019440974224646077,0.0006166566902676934
tree_root_in_top_30,40,-0.014173802894247297,0.1314269009538687,0.26858937864183424,0.07285977482919055
tree_root_to_shoot_sp1,40,-0.01737029051642457,0.0779132938985323,0.1637836150325866,0.04060842557550336
cy0,41,0.020789906111737335,0.25550247054321507,0.40544898381057465,0.0853888072513358
clay,41,-0.337357413692709,0.7620990702791895,1.8585604690251694,0.48338911492043424
temp_ci_delta,41,0.07452978715948208,0.30134979903722287,0.6420650787369657,0.17587420231846307
rain_ci_delta,41,-0.35245620207570505,0.6494311278555394,1.0375882171813509,0.28049921528208493
evap_ci_delta,41,0.21102667048142462,0.23407204408013138,0.44122526503171794,0.13116702155856472
ef_burn_crop_N2O_scale,41,-0.0052650886213580095,0.00528037364796614,0.0031715425661117034,0.0007929160788464928
ef_burn_crop_CH4_scale,41,-0.019646628497269874,0.019668161301219473,0.011926626289819203,0.0033581499836683472
ef_burn_tree_N2O_scale,41,0.0043200445100059215,0.0043200445100059215,0.007514858571523616,0.0022557987247539346
ef_burn_tree_CH4_scale,41,0.018970906198520866,0.018970906198520866,0.02809630843091384,0.008502955223205282
ef_N_inputs,41,-0.08807202884362834,0.12690973965554325,0.11170248906340423,0.02082615145476887
combustion_factor_crop,41,-0.023108582373567898,0.023134396611240414,0.015554308587243678,0.004563672827451537
combustion_factor_tree,41,0.02636017652261367,0.02636017652261367,0.04332310929336216,0.012957309033232483
volatile_frac_organic_fertiliser,41,-0.0028754256509737506,0.0028754256509737506,0.00030556244209781674,8.220332913376323e-05
volatile_frac_synthetic_fertiliser,41,0.01629739688896309,0.01629739688896309,0.0016405654386364,0.000505482820522559
base_sf_qty_scale,41,-0.12981374696526443,0.12981374696526443,0.01168469711233451,0.0038287183019437877
proj_lit_qty_scale,41,0.011522438918412075,0.014468847938251057,0.01352785729423972,0.0032256872600200433
base_stand_density_scale,41,0.0,0.0,0.0,0.0
proj_stand_density_scale,41,0.09226188630415044,0.5256262184083753,0.8373450443657998,0.2138078323235626
tree_wood_dens_sp1,41,0.16661811856438113,0.5589483798963909,0.8406343815673726,0.19938737402979162
base_cover,41,0.25947943810303775,0.3657037984809638,0.4922381424391608,0.1112721500750882
base_fire_off,41,-0.02488531306065853,0.02488531306065853,0.08969221031413545,0.02347518591733373
base_fire_on,41,-0.034932859740002646,0.034932859740002646,0.005956144895642746,0.0018859905989435906
base_mortality,41,0.0,0.0,0.0,0.0
base_sf_n_delta,41,-0.13290163271820093,0.13290163271820093,0.013646164833617252,0.004551771405151735
base_thinning_delta,41,0.0,0.0,0.0,0.0
crop_base_left_delta,41,0.08254404583013145,0.0837652032383935,0.05027855330637867,0.015249779510468712
crop_base_yield_delta,41,-0.012484296179781269,0.05979688895162438,0.06533965061140481,0.008446277365928281
crop_carbon_above_sp3,41,0.022407851890168244,0.022582999134396965,0.015500120689806782,0.004751409300764949
crop_carbon_below_sp3,41,0.03993314328651827,0.03993314328651827,0.01720926524860481,0.005965365768925248
crop_intercept_sp3,41,0.0021121176241580774,0.004752814733863247,0.006459873726325315,0.0015825493922570133
crop_nitrogen_above_sp3,41,-0.01100848411047967,0.01100848411047967,0.0041825212448839445,0.0012498817122695036
crop_nitrogen_below_sp3,41,-0.01608103543472079,0.01608103543472079,0.0022305876086516217,0.0006893207916086693
crop_carbon_above_sp10,41,0.024064050010902054,0.024064050010902054,0.017067426150120118,0.004513209442210102
crop_carbon_below_sp10,41,0.009451995094889254,0.009955360359309528,0.009088925872631702,0.002510959492120504
crop_intercept_sp10,41,0.004867987850743295,0.007481857753562039,0.007532083409305779,0.0013846356430340105
crop_nitrogen_above_sp10,41,-0.007081677975079062,0.007081677975079062,0.0014323384656658787,0.00043741116246522884
crop_nitrogen_below_sp10,41,-0.004457407240105893,0.004457407240105893,0.0014506415250371337,0.0004333593057344317
crop_proj_left_delta,41,0.014237290802414652,0.025698657309611583,0.02671382982324879,0.005062931814241819
crop_proj_yield_delta,41,0.10239534124191016,0.15136211877720346,0.13817072729277916,0.024743265591779542
crop_root_in_top_30,41,0.0265825263319741,0.027546587210097395,0.027694763025627605,0.008353382993795495
crop_root_to_shoot_sp3,41,0.02176753712153328,0.02176753712153328,0.02131376208285333,0.005933075484025722
crop_slope_sp3,41,-0.0006740900791248991,0.006116333398977795,0.007064894775404599,0.0011308134542958954
crop_root_to_shoot_sp10,41,0.006136778123559866,0.00741740909132661,0.008431594128786813,0.002443712397677688
crop_slope_sp10,41,-0.0015414769178119958,0.010831051926352864,0.0133939640571612,0.002407368393328995
cy0_to_ceq_multiplier,41,0.003086616075508966,0.005027953688054529,0.014346066456807622,0.004164113269266556
litter_carbon,41,-0.01608129401203833,0.01608129401203833,0.011885016044242596,0.0035732662613345216
litter_nitrogen,41,0.023840581492758257,0.023840581492758257,0.002622228051294032,0.0007248192172949023
mortality_fraction_branch_delta,41,0.004290781118465645,0.006508550012181011,0.00672238773654785,0.0013319860170475319
mortality_fraction_croot_delta,41,-0.0009493903914496227,0.0044689545902950375,0.010591559241227146,0.0029377479278908402
mortality_fraction_froot_delta,41,-8.854719618542339e-06,0.001978390067397609,0.004571183843277827,0.0013625067293945884
mortality_fraction_leaf_delta,41,-0.0010071135442609957,0.0037939717086288294,0.008107071302354113,0.002112564542276359
mortality_fraction_stem_delta,41,-0.012243870518240784,0.02723592190670738,0.061605191733035,0.016165220508347424
pool_alloc_froot_sp1,41,0.02008337684376943,0.07235963157639613,0.13072804143027003,0.034857290887859875
pool_alloc_leaf_sp1,41,-0.01393721106155409,0.1498503242423475,0.3203858162320832,0.08442342315519002
pool_alloc_stem_sp1,41,-0.047983771072961756,0.3393893811364729,0.5773186454095763,0.14114323249176303
pool_turnover_branch_sp1,41,0.10201480983121944,0.19981044556797306,0.33967566807582933,0.08048688767763935
pool_turnover_croot_sp1,41,0.007246124836886345,0.09337967401365119,0.1903458656984818,0.0507729860021274
pool_turnover_froot_sp1,41,0.011347058447961808,0.05326985256798757,0.1286293647180443,0.041630631133590404
pool_turnover_leaf_sp1,41,0.008019191788954586,0.06022867710993074,0.11522923858927886,0.030118457551138948
pool_turnover_stem_sp1,41,3.942538506902365,6.680444567643226,11.040567802237568,2.5562785155069205
proj_cover,41,0.1991583586511061,0.6051587173002974,0.9597141611348688,0.24956059475762965
proj_fire_off,41,0.02339493953944246,0.02339493953944246,0.07196133832964131,0.02342570071968794
proj_fire_on,41,0.24696066160565935,0.24696066160565935,0.32146476841461574,0.10499777646643915
proj_mortality,41,0.6500734390239649,0.7228025722304369,2.010051861495582,0.6438116147089088
proj_thinning_delta,41,6.196890796545672,7.842788125314461,14.48730700537716,3.870579777366061
roth_c_cover_c,41,0.00277669147161239,0.018723100498477575,0.045815035354585705,0.013531020370247334
roth_c_dpm_frac_crop,41,-0.019931864402291822,0.019931864402291822,0.023549193735433974,0.006674507955956001
roth_c_dpm_frac_tree,41,-0.014457918770754271,0.03009328273666006,0.042524406842676964,0.010473056256224817
roth_c_moisture_b_slope,41,-0.22396091427793863,0.9596493942171238,1.992066766709741,0.47181716389826833
roth_c_temp_a1,41,0.016402513178356497,0.3401263159044233,0.6043384082557891,0.13211266433361857
roth_c_temp_a2,41,0.18284913314860346,0.5118353920909288,0.8231304143092221,0.23489099175862269
thinning_fraction_branch_delta,41,0.04492941478285756,0.04492941478285756,0.03556217037677229,0.010917721539806526
thinning_fraction_croot_delta,41,0.012369753427990801,0.012369753427990801,0.012745406596331499,0.00398975641429582
thinning_fraction_froot_delta,41,0.010985369595525474,0.010985369595525474,0.015190719148553699,0.004712086118187694
thinning_fraction_leaf_delta,41,0.013910523165855745,0.013910523165855745,0.018075351180297364,0.005517093269973109
thinning_fraction_stem_delta,41,0.10452192257751255,0.10452192257751255,0.17193450744421493,0.06082029253532221
tree_carbon_sp1,41,-0.12136092859949947,0.7487223502217929,1.3858220588455157,0.3563786101890949
tree_nitrogen_branch_sp1,41,0.0008279620667700632,0.0008279620667700632,0.0008846794995771462,0.00024584855683888675
tree_nitrogen_croot_sp1,41,0.0009362163027053505,0.0009362163027053505,0.002455102011769746,0.0007378660867341871
tree_nitrogen_froot_sp1,41,0.021692575096987472,0.021692575096987472,0.0319641072075174,0.010045418948613813
tree_nitrogen_leaf_sp1,41,0.03775545148862265,0.03775545148862265,0.0667401830239122,0.019582911559915022
tree_nitrogen_stem_sp1,41,0.0018144521041080692,0.0018144521041080692,0.001970647890837347,0.0006240019340574824
tree_root_in_top_30,41,-0.023520849410017523,0.13079628439955387,0.2753857288883667,0.07538586262947077
tree_root_to_shoot_sp1,41,-0.020090067070459787,0.07647272981791929,0.16164464837480644,0.04035367341086416
cy0,42,0.0229765818710112,0.2636103447383862,0.4222932001809457,0.08987727646476645
clay,42,-0.33728302510103203,0.7585105773820048,1.8917988060192996,0.4929366917792584
temp_ci_delta,42,0.07169165274072978,0.29173130913883527,0.6183759793305618,0.1692899806074837
rain_ci_delta,42,-0.2787441881245243,0.6037311577322161,0.9890872759887092,0.2634064992961388
evap_ci_delta,42,0.18623117904377418,0.21828512791808544,0.4252625088556833,0.12411186994123481
ef_burn_crop_N2O_scale,42,-0.005265088621357938,0.0052803736479660355,0.003171542566111667,0.0007929160788464696
ef_burn_crop_CH4_scale,42,-0.019646628497269926,0.01966816130121956,0.0119266262898193,0.0033581499836684023
ef_burn_tree_N2O_scale,42,0.004305388634619262,0.004305388634619262,0.007614191921439854,0.0022848438079707293
ef_burn_tree_CH4_scale,42,0.018944869922883592,0.018944869922883592,0.028496583063944085,0.008636862198335628
ef_N_inputs,42,-0.08802188538909908,0.127693342450166,0.11345621082797612,0.021231896663163254
combustion_factor_crop,42,-0.023108582373568047,0.023134396611240546,0.015554308587243666,0.004563672827451504
combustion_factor_tree,42,0.02635119098220485,0.02635119098220485,0.043950710498335356,0.013159710999816556
volatile_frac_organic_fertiliser,42,-0.0028754256509737506,0.0028754256509737506,0.0003055624420978394,8.220332913375667e-05
volatile_frac_synthetic_fertiliser,42,0.01629739688896311,0.01629739688896311,0.0016405654386364697,0.0005054828205225784
base_sf_qty_scale,42,-0.12981374696526435,0.12981374696526435,0.011684697112334712,0.003828718301943885
proj_lit_qty_scale,42,0.011835972101162986,0.014556245463403564,0.013460999609095532,0.003290952277526756
base_stand_density_scale,42,0.0,0.0,0.0,0.0
proj_stand_density_scale,42,0.07266679626312927,0.5091886522086805,0.8295733716906193,0.21371480881407703
tree_wood_dens_sp1,42,0.1483889685893592,0.5404185691622584,0.8344601737898972,0.20083497852688983
base_cover,42,0.24433258796489726,0.35687744628709095,0.48424226012154203,0.1079015447451474
base_fire_off,42,-0.024885313060658512,0.024885313060658512,0.0896922103141354,0.023475185917333715
base_fire_on,42,-0.034932859740002646,0.034932859740002646,0.0059561448956427275,0.0018859905989436017
base_mortality,42,0.0,0.0,0.0,0.0
base_sf_n_delta,42,-0.13290163271820088,0.13290163271820088,0.013646164833617283,0.004551771405151733
base_thinning_delta,42,0.0,0.0,0.0,0.0
crop_base_left_delta,42,0.08116063583320214,0.08243233964240755,0.05001352966821428,0.015145736186520962
crop_base_yield_delta,42,-0.01426940575415496,0.05970082964020758,0.06492530524464743,0.008449017104968606
crop_carbon_above_sp3,42,0.02118632049054197,0.021455349478587314,0.014868223782445048,0.004532537492921223
crop_carbon_below_sp3,42,0.038071462692673794,0.038071462692673794,0.016928747674769845,0.005884970765305765
crop_intercept_sp3,42,0.0015050491519427334,0.0043437661370952065,0.005947316012894046,0.0014316110933542392
crop_nitrogen_above_sp3,42,-0.011008484110479527,0.011008484110479527,0.004182521244884179,0.0012498817122696237
crop_nitrogen_below_sp3,42,-0.01608103543472089,0.01608103543472089,0.0022305876086515897,0.0006893207916086599
crop_carbon_above_sp10,42,0.023548840579980253,0.023548840579980253,0.0169434855272819,0.004484839569798968
crop_carbon_below_sp10,42,0.00925070523438363,0.009778647905808454,0.009022353230914474,0.00248595816388885
crop_intercept_sp10,42,0.0047021265045482695,0.0073830427034397616,0.007529133815217,0.0013824891244701883
crop_nitrogen_above_sp10,42,-0.007081677975078958,0.007081677975078958,0.0014323384656657321,0.0004374111624651724
crop_nitrogen_below_sp10,42,-0.00445740724010556,0.00445740724010556,0.0014506415250372022,0.00043335930573446685
crop_proj_left_delta,42,0.012431590268971305,0.024585114974556482,0.025628118140366852,0.004510910277497815
crop_proj_yield_delta,42,0.1129562648484925,0.15333504081779903,0.13334454579029228,0.025277462374399973
crop_root_in_top_30,42,0.02459713870986482,0.02599761369952367,0.027103016984136814,0.008023005590655689
crop_root_to_shoot_sp3,42,0.019910185790897983,0.019946855584321944,0.020626036914957534,0.0057241111397776665
crop_slope_sp3,42,-0.0013677312756892406,0.006137165804086473,0.006870992021590581,0.0010808614384310805
crop_root_to_shoot_sp10,42,0.00591899282218213,0.007326648273136017,0.00838214256929586,0.0023982533000372853
crop_slope_sp10,42,-0.001966818626443036,0.010844327071973175,0.013327478615753046,0.002393731938355919
cy0_to_ceq_multiplier,42,0.0030604717587226576,0.00520122180508534,0.01459716900392466,0.00415945702300447
litter_carbon,42,-0.015763346706922105,0.015763346706922105,0.011824853773702761,0.0035549800610739936
litter_nitrogen,42,0.023840581492758143,0.023840581492758143,0.0026222280512939204,0.0007248192172948767
mortality_fraction_branch_delta,42,0.003978235345911648,0.006304424895360886,0.00668569776982007,0.001325868326328245
mortality_fraction_croot_delta,42,-0.0011145395165933296,0.0044268087557309795,0.010714519333780741,0.0029942478135125458
mortality_fraction_froot_delta,42,-7.312409008496112e-05,0.0019464667367783766,0.004576919553428013,0.0013717088549132037
mortality_fraction_leaf_delta,42,-0.0011322541572712675,0.0037843092193248886,0.008161150880827434,0.002141684634521982
mortality_fraction_stem_delta,42,-0.013341817572211026,0.02741047733216575,0.0631801240664162,0.016699122782351233
pool_alloc_froot_sp1,42,0.016337685580675033,0.070583338165674,0.13337475828442338,0.03619274829429677
pool_alloc_leaf_sp1,42,-0.01901956811035858,0.14739927753754473,0.321828800640359,0.08567125499076031
pool_alloc_stem_sp1,42,-0.03647098053973501,0.33876408985104256,0.5719231098410391,0.13984613134096913
pool_turnover_branch_sp1,42,0.0974881629616112,0.1920840428721895,0.336366479400194,0.08226813781616163
pool_turnover_croot_sp1,42,0.002171489776805313,0.09287997121683979,0.19610496649927794,0.05296850194972468
pool_turnover_froot_sp1,42,0.008497937500399871,0.05252405573616605,0.13098976828736322,0.04242588797532458
pool_turnover_leaf_sp1,42,0.005332800468356383,0.059466761336859755,0.11694498478977376,0.031037264425048273
pool_turnover_stem_sp1,42,3.9020473095806194,6.505236907983511,10.83104461687542,2.5226439107486027
proj_cover,42,0.14694852207270942,0.5601073302059862,0.9163587953885945,0.23830221356822484
proj_fire_off,42,0.023394939539442446,0.023394939539442446,0.07196133832964129,0.02342570071968793
proj_fire_on,42,0.2457127455989229,0.2457127455989229,0.3260313743541946,0.10649328922997758
proj_mortality,42,0.6637277973955795,0.7336826369562786,2.041597787292792,0.654134446578681
proj_thinning_delta,42,6.181200593197412,7.715120244217554,14.241732654907315,3.8215785706124046
roth_c_cover_c,42,0.0026179017993556196,0.01781469357241349,0.04346421214733205,0.01288113544892848
roth_c_dpm_frac_crop,42,-0.017291738165448125,0.017291738165448125,0.021047991235991166,0.006003105997259828
roth_c_dpm_frac_tree,42,-0.011285407488097154,0.02809863644568361,0.0425348292763515,0.010695529806965733
roth_c_moisture_b_slope,42,-0.19561031105221027,0.9051656148197967,1.8750193698736572,0.44604052858450105
roth_c_temp_a1,42,0.010711666707857628,0.3241634805197301,0.5789490960704428,0.12796440784447818
roth_c_temp_a2,42,0.15421290955665,0.5127336892973803,0.8183819797390975,0.2274692774915142
thinning_fraction_branch_delta,42,0.0366654390755561,0.0366654390755561,0.029774544648790303,0.009101339542211173
thinning_fraction_croot_delta,42,0.009905685741470192,0.009905685741470192,0.010085193198305777,0.0032579796059046175
thinning_fraction_froot_delta,42,0.009275010131729326,0.009275010131729326,0.013165164092055424,0.004065415701138993
thinning_fraction_leaf_delta,42,0.011744891207241866,0.011744891207241866,0.015357878270741627,0.004670090798355262
thinning_fraction_stem_delta,42,0.08495079768973535,0.08495079768973535,0.1411599719087706,0.049826477986351536
tree_carbon_sp1,42,-0.14026310454760096,0.7304767537816635,1.3706074939384196,0.35546490041343215
tree_nitrogen_branch_sp1,42,0.000817365549069704,0.000817365549069704,0.0008923314512794714,0.0002479623181135738
tree_nitrogen_croot_sp1,42,0.0009412783505133998,0.0009412783505133998,0.0024971029336074754,0.000750524990665776
tree_nitrogen_froot_sp1,42,0.021705551660499697,0.021705551660499697,0.032400121568810926,0.01018053420970547
tree_nitrogen_leaf_sp1,42,0.037874052151377964,0.037874052151377964,0.06784603058375491,0.01990045431788948
tree_nitrogen_stem_sp1,42,0.00179828969673414,0.00179828969673414,0.00199636734867287,0.0006311257451191614
tree_root_in_top_30,42,-0.030386323153104557,0.1298497358596143,0.2794951718923154,0.07700336475280621
tree_root_to_shoot_sp1,42,-0.021693493162177762,0.07488200519019501,0.15822305513834772,0.03968692792933374
cy0,43,0.024995537128251803,0.27077154225495886,0.43864392840725486,0.09438295940836876
clay,43,-0.3382702458687539,0.7597459496166565,1.9232118708856343,0.5025295223584727
temp_ci_delta,43,0.07106694198438228,0.2842954619563738,0.6000663220979515,0.1643988212018772
rain_ci_delta,43,-0.2097338765577244,0.5928561852828833,0.956876750606368,0.24348781422148175
evap_ci_delta,43,0.16820655905272092,0.20891510087163373,0.4172684660717328,0.12053597394440282
ef_burn_crop_N2O_scale,43,-0.005265088621357864,0.005280373647965977,0.0031715425661116687,0.0007929160788464599
ef_burn_crop_CH4_scale,43,-0.01964662849726996,0.01966816130121956,0.011926626289819305,0.0033581499836684387
ef_burn_tree_N2O_scale,43,0.004290232167793696,0.004290232167793696,0.007706493435621049,0.0023117460708267927
ef_burn_tree_CH4_scale,43,0.01891473776884873,0.01891473776884873,0.028871393867132025,0.008762976685236883
ef_N_inputs,43,-0.08800852549772273,0.12842183204184066,0.11504898391353824,0.021605415903166888
combustion_factor_crop,43,-0.023108582373567957,0.023134396611240456,0.015554308587243472,0.004563672827451433
combustion_factor_tree,43,0.026335925416870944,0.026335925416870944,0.044544865883604456,0.013351706066863306
volatile_frac_organic_fertiliser,43,-0.0028754256509737506,0.0028754256509737506,0.00030556244209790126,8.220332913377473e-05
volatile_frac_synthetic_fertiliser,43,0.01629739688896286,0.01629739688896286,0.0016405654386363508,0.0005054828205225359
base_sf_qty_scale,43,-0.1298137469652645,0.1298137469652645,0.011684697112334297,0.00382871830194369
proj_lit_qty_scale,43,0.012138018981980869,0.014638634086177571,0.013393356659877648,0.0033557314856287814
base_stand_density_scale,43,0.0,0.0,0.0,0.0
proj_stand_density_scale,43,0.06090723538676276,0.49199295556011025,0.8148941292126848,0.2113689847469031
tree_wood_dens_sp1,43,0.13619779459039072,0.5221982192411685,0.8248015267425356,0.20100549304532833
base_cover,43,0.230069502835704,0.34840028939471135,0.47737985864869714,0.1052346990542179
base_fire_off,43,-0.024885313060658512,0.024885313060658512,0.0896922103141354,0.023475185917333715
base_fire_on,43,-0.03493285974000264,0.03493285974000264,0.005956144895642777,0.0018859905989435865
base_mortality,43,0.0,0.0,0.0,0.0
base_sf_n_delta,43,-0.13290163271820074,0.13290163271820074,0.013646164833617408,0.0045517714051518336
base_thinning_delta,43,0.0,0.0,0.0,0.0
crop_base_left_delta,43,0.07983082621391195,0.08115031956012034,0.04974844407510091,0.015043555288642206
crop_base_yield_delta,43,-0.015993481457593287,0.05958402394887585,0.06450822848225019,0.00848428933284361
crop_carbon_above_sp3,43,0.020115174985596954,0.020463686603477495,0.014335372239530745,0.004348174862762211
crop_carbon_below_sp3,43,0.036420516235531296,0.036420516235531296,0.016705469722317807,0.005820211392964623
crop_intercept_sp3,43,0.0009761857172083568,0.004035840393491165,0.005559823248146877,0.0013237153405600758
crop_nitrogen_above_sp3,43,-0.011008484110479702,0.011008484110479702,0.004182521244883887,0.001249881712269512
crop_nitrogen_below_sp3,43,-0.01608103543472085,0.01608103543472085,0.0022305876086515983,0.000689320791608669
crop_carbon_above_sp10,43,0.023054372715979484,0.023054372715979484,0.01682168065201237,0.004457292814355172
crop_carbon_below_sp10,43,0.00905815595191552,0.009608569175875891,0.008956688700452445,0.0024619647337712604
crop_intercept_sp10,43,0.004542935361560281,0.007287383422608436,0.007525535766954667,0.0013815553970704492
crop_nitrogen_above_sp10,43,-0.0070816779750791,0.0070816779750791,0.0014323384656656812,0.00043741116246513555
crop_nitrogen_below_sp10,43,-0.004457407240105756,0.004457407240105756,0.0014506415250371803,0.0004333593057344675
crop_proj_left_delta,43,0.010888344949694545,0.023594309401678955,0.0246893533395362,0.004063754919485834
crop_proj_yield_delta,43,0.12225168879162966,0.1551792534387649,0.12937842857593146,0.02620503937042857
crop_root_in_top_30,43,0.022804112133805288,0.024685319200840224,0.02658759648258704,0.007733946993049332
crop_root_to_shoot_sp3,43,0.01827198098912392,0.01841884590345623,0.020030941278322462,0.005510154727632698
crop_slope_sp3,43,-0.001985742786637458,0.006175864950326878,0.0067068669175183145,0.0010700377084536111
crop_root_to_shoot_sp10,43,0.005710019636736624,0.007240504075999993,0.008333141165145896,0.0023552428202699128
crop_slope_sp10,43,-0.0023732842265227387,0.01085829412621701,0.013261701911556583,0.0023861653356607375
cy0_to_ceq_multiplier,43,0.0030285812353262305,0.005352681369067566,0.014847602375527184,0.004166939161378662
litter_carbon,43,-0.015457231265652729,0.015457231265652729,0.011765100465240867,0.0035368801988524493
litter_nitrogen,43,0.023840581492758025,0.023840581492758025,0.002622228051294033,0.0007248192172948628
mortality_fraction_branch_delta,43,0.003759093157245072,0.006130008969957209,0.006608348101944869,0.0013080147934398584
mortality_fraction_croot_delta,43,-0.0012308982602666745,0.004384356403750747,0.010756089676227116,0.0030177848990800226
mortality_fraction_froot_delta,43,-0.00011934221820193158,0.0019129744324659775,0.004550991451897932,0.0013695269831565694
mortality_fraction_leaf_delta,43,-0.0012224392977092963,0.003764347339466076,0.008163409608345844,0.002152712409145142
mortality_fraction_stem_delta,43,-0.014116564164334844,0.02744738771432354,0.06428265228293556,0.017085547931922546
pool_alloc_froot_sp1,43,0.01355656473271558,0.06898594315963098,0.13483625081882705,0.03701563746230445
pool_alloc_leaf_sp1,43,-0.022457538824312555,0.1447087213631218,0.32085973461854506,0.08611318242745637
pool_alloc_stem_sp1,43,-0.027677071140012825,0.3382137938451176,0.5652723501896476,0.1381151103169253
pool_turnover_branch_sp1,43,0.09023943334209276,0.18760312938194784,0.333412386212162,0.08221858103030184
pool_turnover_croot_sp1,43,-0.001451592066060467,0.09234433336338428,0.19986130455426573,0.05444901844060738
pool_turnover_froot_sp1,43,0.006345279324846046,0.051830237405010936,0.13226032374186564,0.04284445029751904
pool_turnover_leaf_sp1,43,0.0032941561149909897,0.058726867068826606,0.11824327379533317,0.03175579723733724
pool_turnover_stem_sp1,43,3.767816823529081,6.274669133057055,10.53539333388061,2.4658015644484506
proj_cover,43,0.09511761057187744,0.531763460384825,0.9272699904357248,0.2447964271916171
proj_fire_off,43,0.02339493953944246,0.02339493953944246,0.07196133832964131,0.02342570071968794
proj_fire_on,43,0.24439308696310796,0.24439308696310796,0.33015023513171404,0.10784098724398135
proj_mortality,43,0.6729589424052895,0.7416739928738375,2.0651547767268505,0.6618451762877028
proj_thinning_delta,43,6.077241523040121,7.532041844319082,13.901226917818361,3.7356855269473153
roth_c_cover_c,43,0.0026262917323547075,0.0171252531348019,0.041592726694375325,0.01237369625753779
roth_c_dpm_frac_crop,43,-0.0150708567352493,0.0150708567352493,0.01884663654493586,0.005408168088826874
roth_c_dpm_frac_tree,43,-0.008790886024087462,0.026399630708018363,0.04227286933959413,0.01082515057289367
roth_c_moisture_b_slope,43,-0.18998609012313122,0.8634910082754261,1.8015249134851015,0.43271281248199284
roth_c_temp_a1,43,0.008874918098607992,0.3148249198363625,0.5610499624233309,0.1243045841686487
roth_c_temp_a2,43,0.13539495648062966,0.5111659650487949,0.8125247318159805,0.22230836729006542
thinning_fraction_branch_delta,43,0.030853914286979554,0.030853914286979554,0.025716766253444337,0.007834940391287928
thinning_fraction_croot_delta,43,0.008292699060151815,0.008292699060151815,0.008437156293949295,0.0027715850828972056
thinning_fraction_froot_delta,43,0.007962429932372107,0.007962429932372107,0.011421250780181658,0.003512306087494117
thinning_fraction_leaf_delta,43,0.010084582094461031,0.010084582094461031,0.013125235192391034,0.00398720843374171
thinning_fraction_stem_delta,43,0.07045994819228986,0.07045994819228986,0.1172573705734432,0.04119663791181043
tree_carbon_sp1,43,-0.15092546884167882,0.7104082488941279,1.3430762803432097,0.3504512039975789
tree_nitrogen_branch_sp1,43,0.0008069308261362581,0.0008069308261362581,0.0008993410143067024,0.00024987471430856594
tree_nitrogen_croot_sp1,43,0.0009458117923379306,0.0009458117923379306,0.002535787997313024,0.0007621741846580072
tree_nitrogen_froot_sp1,43,0.021711638470550527,0.021711638470550527,0.03280882707603493,0.010306657470670853
tree_nitrogen_leaf_sp1,43,0.03796974069827094,0.03796974069827094,0.068867218115584,0.02019378946748751
tree_nitrogen_stem_sp1,43,0.0017825416139399474,0.0017825416139399474,0.0020211396217207234,0.0006379946261834574
tree_root_in_top_30,43,-0.035365071723163,0.12852455280608677,0.28106324056550125,0.07774984229277562
tree_root_to_shoot_sp1,43,-0.022453208165789062,0.07305329684983472,0.1536364838150988,0.03865908899059869
cy0,44,0.026856775660812893,0.27705312417930117,0.45429387781412534,0.09880789932387929
clay,44,-0.34033454977304245,0.7653884339953282,1.952506938993686,0.5122899081778873
temp_ci_delta,44,0.07192254459410836,0.27820653364476383,0.5854052673148772,0.16067203565196672
rain_ci_delta,44,-0.15022360570537535,0.5866510313056522,0.937173928716078,0.2306801695391504
evap_ci_delta,44,0.15604523665134803,0.20728583183125632,0.4127366674395297,0.11867009048224608
ef_burn_crop_N2O_scale,44,-0.00526508862135783,0.0052803736479659445,0.0031715425661117,0.0007929160788464901
ef_burn_crop_CH4_scale,44,-0.01964662849726991,0.019668161301219504,0.011926626289819173,0.0033581499836683308
ef_burn_tree_N2O_scale,44,0.004274417567799215,0.004274417567799215,0.0077913435125089745,0.0023363805141939516
ef_burn_tree_CH4_scale,44,0.018879794939281005,0.018879794939281005,0.029218822225757994,0.008880672912327272
ef_N_inputs,44,-0.08803394691372679,0.12909464201505055,0.11647508065252732,0.021944118625696837
combustion_factor_crop,44,-0.023108582373567922,0.02313439661124044,0.015554308587243555,0.0045636728274514845
combustion_factor_tree,44,0.02631343432893892,0.02631343432893892,0.04510339561461931,0.013532627602348036
volatile_frac_organic_fertiliser,44,-0.0028754256509737923,0.0028754256509737923,0.0003055624420978988,8.220332913377233e-05
volatile_frac_synthetic_fertiliser,44,0.016297396888962902,0.016297396888962902,0.0016405654386363214,0.0005054828205225316
base_sf_qty_scale,44,-0.1298137469652644,0.1298137469652644,0.011684697112334429,0.0038287183019437617
proj_lit_qty_scale,44,0.012429350537746487,0.01472365938429796,0.013324845569241479,0.003418928371665437
base_stand_density_scale,44,0.0,0.0,0.0,0.0
proj_stand_density_scale,44,0.0544353544011397,0.4743932442196844,0.7959602731749679,0.20764851733669915
tree_wood_dens_sp1,44,0.1279947432764039,0.5041320295923504,0.8123567415368287,0.2001351320207434
base_cover,44,0.21663878132070727,0.3424461884938015,0.471506519686802,0.10275632842162266
base_fire_off,44,-0.024885313060658495,0.024885313060658495,0.08969221031413534,0.023475185917333698
base_fire_on,44,-0.034932859740002736,0.034932859740002736,0.005956144895642744,0.0018859905989435989
base_mortality,44,0.0,0.0,0.0,0.0
base_sf_n_delta,44,-0.1329016327182005,0.1329016327182005,0.013646164833617457,0.004551771405151912
base_thinning_delta,44,0.0,0.0,0.0,0.0
crop_base_left_delta,44,0.07855113378387554,0.0799159151602994,0.0494824662235495,0.014942721532589416
crop_base_yield_delta,44,-0.01765936650048728,0.059447747130542204,0.06408854392764834,0.008548522597245638
crop_carbon_above_sp3,44,0.019168979414033747,0.019584341100508922,0.013880364454013394,0.0041912538643726766
crop_carbon_below_sp3,44,0.03494496145994342,0.03494496145994342,0.016522844200287195,0.0057665556646260925
crop_intercept_sp3,44,0.0005103542715628587,0.0037802081753973995,0.005269995786158614,0.001253695967607845
crop_nitrogen_above_sp3,44,-0.011008484110479569,0.011008484110479569,0.004182521244883987,0.00124988171226956
crop_nitrogen_below_sp3,44,-0.016081035434720926,0.016081035434720926,0.0022305876086516365,0.0006893207916086833
crop_carbon_above_sp10,44,0.022579079142697002,0.022579079142697002,0.016701655679806623,0.004430475104821423
crop_carbon_below_sp10,44,0.008873240309894417,0.00944402944808658,0.00889179940346341,0.002438877037134383
crop_intercept_sp10,44,0.004389764659517727,0.0072016665374422485,0.007521311190119612,0.0013803252245748567
crop_nitrogen_above_sp10,44,-0.007081677975079174,0.007081677975079174,0.0014323384656657308,0.00043741116246515853
crop_nitrogen_below_sp10,44,-0.004457407240105705,0.004457407240105705,0.0014506415250372428,0.0004333593057344759
crop_proj_left_delta,44,0.0095601789745835,0.02270438196834441,0.023867942136762806,0.003704157225031097
crop_proj_yield_delta,44,0.13052078865302497,0.15738793844047466,0.12612010752539998,0.02713759919128068
crop_root_in_top_30,44,0.021174487601710805,0.023498432572868308,0.026136204260929836,0.007484223525873751
crop_root_to_shoot_sp3,44,0.016814676760490078,0.017278458766232855,0.019513441582820784,0.0052813002535212214
crop_slope_sp3,44,-0.002541102056578265,0.006248980817419763,0.006566997350892222,0.0010752219058889
crop_root_to_shoot_sp10,44,0.005509305787577958,0.007169240936575323,0.008284288835354436,0.0023139693102739015
crop_slope_sp10,44,-0.0027627235549440065,0.010897504072523413,0.013196288101024587,0.0023661910105134344
cy0_to_ceq_multiplier,44,0.00299139327203683,0.0055167072701991894,0.015091446197714086,0.0041868529276850985
litter_carbon,44,-0.015162201901584077,0.015162201901584077,0.011705457559275493,0.0035188657860595798
litter_nitrogen,44,0.02384058149275815,0.02384058149275815,0.002622228051293836,0.0007248192172948757
mortality_fraction_branch_delta,44,0.0036081662629844106,0.005954398342664249,0.00649889471887396,0.0012927686682132717
mortality_fraction_croot_delta,44,-0.001307461109865235,0.004330037955609387,0.010724788152150092,0.003017006779932561
mortality_fraction_froot_delta,44,-0.00015075436036523642,0.0018769802045876679,0.004496088317478592,0.0013571543505849736
mortality_fraction_leaf_delta,44,-0.0012835839413632797,0.0037330456586366924,0.008117205200112209,0.002147295945918551
mortality_fraction_stem_delta,44,-0.014629896584159825,0.02736534242690033,0.06496272643824579,0.017341052583099058
pool_alloc_froot_sp1,44,0.011501182837460511,0.06746673853246143,0.13526569456731796,0.03741014529883602
pool_alloc_leaf_sp1,44,-0.024636446447176157,0.1417708730554307,0.3177206484665439,0.08583450716727585
pool_alloc_stem_sp1,44,-0.020603103608038815,0.3370110358845997,0.5576326987653968,0.1360861321465618
pool_turnover_branch_sp1,44,0.08131013275871012,0.18427527305352204,0.3314472326644597,0.08228198011271144
pool_turnover_croot_sp1,44,-0.004036069270082524,0.09154693186271204,0.2020999848591089,0.055449884942397665
pool_turnover_froot_sp1,44,0.00474302920471685,0.05111730610614419,0.1324930712579852,0.04290849640877525
pool_turnover_leaf_sp1,44,0.0017485304420958164,0.05798890004379118,0.11913365061206144,0.03228912306837636
pool_turnover_stem_sp1,44,3.572142876764926,6.0110955663416465,10.185311517036219,2.3955846394931237
proj_cover,44,0.05118211836479112,0.5149115049223087,0.9642284495110154,0.25927897283372164
proj_fire_off,44,0.023394939539442446,0.023394939539442446,0.07196133832964127,0.02342570071968792
proj_fire_on,44,0.24299696589979763,0.24299696589979763,0.3338079192801386,0.10903643295358594
proj_mortality,44,0.6787461842042273,0.7474270280042837,2.080870848707016,0.6670192320759967
proj_thinning_delta,44,5.910585129883643,7.3128458250168595,13.491884608222165,3.624021743980459
roth_c_cover_c,44,0.0027377218657728434,0.016456057164770867,0.04008792163256516,0.01197886823805114
roth_c_dpm_frac_crop,44,-0.013195448125676263,0.013195448125676263,0.01690466272077099,0.004879297027147819
roth_c_dpm_frac_tree,44,-0.006814314424698849,0.024897654670684926,0.041717842289886335,0.010845506883142411
roth_c_moisture_b_slope,44,-0.1987932332505801,0.8310556260889783,1.756757313800037,0.42724173207481103
roth_c_temp_a1,44,0.009895544538243515,0.30837853534755333,0.5479004531497571,0.1211102131982271
roth_c_temp_a2,44,0.12265491242559498,0.5073626138172956,0.804286533853742,0.21822061826007155
thinning_fraction_branch_delta,44,0.026513620077095717,0.026513620077095717,0.0224901565333655,0.00681246517372114
thinning_fraction_croot_delta,44,0.0071580757453622215,0.0071580757453622215,0.0072489896482505044,0.0024051703250439795
thinning_fraction_froot_delta,44,0.006910232488161877,0.006910232488161877,0.009908784526705603,0.0030357770432777875
thinning_fraction_leaf_delta,44,0.00877534104402119,0.00877534104402119,0.011292687572418181,0.0034339575995068405
thinning_fraction_stem_delta,44,0.05940383139866383,0.05940383139866383,0.09807237863320958,0.03427239449528067
tree_carbon_sp1,44,-0.15509635286916543,0.6884284862908425,1.3050865249347392,0.3419851275965395
tree_nitrogen_branch_sp1,44,0.0007966362222674925,0.0007966362222674925,0.000905699333808847,0.00025158421589137645
tree_nitrogen_croot_sp1,44,0.0009497752931277609,0.0009497752931277609,0.0025710248628458936,0.0007727736107362235
tree_nitrogen_froot_sp1,44,0.02171021544827377,0.02171021544827377,0.033189283813337994,0.010423493397122677
tree_nitrogen_leaf_sp1,44,0.03804114245919343,0.03804114245919343,0.0698006509426501,0.020462036840479644
tree_nitrogen_stem_sp1,44,0.001767128713797314,0.001767128713797314,0.002044855747363767,0.0006445767651675835
tree_root_in_top_30,44,-0.03883527834094963,0.1268033948809622,0.2803025352571677,0.07769951103019515
tree_root_to_shoot_sp1,44,-0.02254817939067903,0.07097037570799461,0.14802900294604582,0.037319519945910165
cy0,45,0.028570248154620635,0.28638619380015495,0.46910839193395165,0.10292602405092931
clay,45,-0.3432981510864286,0.7696558580098816,1.9795280275767073,0.5212322068778431
temp_ci_delta,45,0.07370127932107592,0.2728788122343454,0.5731235588305099,0.15771449514069666
rain_ci_delta,45,-0.10109070513345386,0.5807652866965238,0.925732360010347,0.22434373643314537
evap_ci_delta,45,0.14838382771574296,0.20731639359104598,0.4095140085525189,0.11765303479639236
ef_burn_crop_N2O_scale,45,-0.005265088621357968,0.0052803736479660485,0.0031715425661115225,0.0007929160788464558
ef_burn_crop_CH4_scale,45,-0.019646628497269995,0.01966816130121963,0.011926626289819232,0.003358149983668411
ef_burn_tree_N2O_scale,45,0.0042578073514505125,0.0042578073514505125,0.00786839524519855,0.0023586445742665605
ef_burn_tree_CH4_scale,45,0.018839423978951015,0.018839423978951015,0.029537266404545404,0.00898942530047667
ef_N_inputs,45,-0.08809967292449647,0.12971156452002705,0.11773030080922903,0.022245957009429586
combustion_factor_crop,45,-0.023108582373567808,0.023134396611240324,0.015554308587243368,0.004563672827451448
combustion_factor_tree,45,0.02628288668228828,0.02628288668228828,0.04562437222239146,0.013701887836115412
volatile_frac_organic_fertiliser,45,-0.0028754256509737593,0.0028754256509737593,0.000305562442097894,8.220332913376927e-05
volatile_frac_synthetic_fertiliser,45,0.016297396888963034,0.016297396888963034,0.0016405654386363604,0.0005054828205225463
base_sf_qty_scale,45,-0.1298137469652645,0.1298137469652645,0.011684697112334386,0.0038287183019437157
proj_lit_qty_scale,45,0.012710572917924833,0.014845412339793806,0.01325531212423628,0.0034578176194781
base_stand_density_scale,45,0.0,0.0,0.0,0.0
proj_stand_density_scale,45,0.04201359189489534,0.46312077804956625,0.7754081909901807,0.20110074732646246
tree_wood_dens_sp1,45,0.12663769629466134,0.49369637829425084,0.7977249159065414,0.1986066747000379
base_cover,45,0.20399170201342712,0.3365424289680034,0.46648798686448006,0.10080358258447931
base_fire_off,45,-0.024885313060658495,0.024885313060658495,0.08969221031413534,0.023475185917333698
base_fire_on,45,-0.03493285974000278,0.03493285974000278,0.0059561448956428585,0.0018859905989436201
base_mortality,45,0.0,0.0,0.0,0.0
base_sf_n_delta,45,-0.13290163271820082,0.13290163271820082,0.013646164833617238,0.0045517714051518
base_thinning_delta,45,0.0,0.0,0.0,0.0
crop_base_left_delta,45,0.07731834010923647,0.07872593747513632,0.049215525461641665,0.01484316662324482
crop_base_yield_delta,45,-0.019270325010768287,0.059293343668195254,0.06366623584771924,0.00863804368141712
crop_carbon_above_sp3,45,0.018326520793227233,0.018798393321717014,0.013487201870280125,0.004055991794990637
crop_carbon_below_sp3,45,0.0336160549645533,0.0336160549645533,0.016369361408195414,0.005721041586463916
crop_intercept_sp3,45,9.578160795767899e-05,0.003666740583495931,0.005055952448839927,0.001191404272952915
crop_nitrogen_above_sp3,45,-0.011008484110479506,0.011008484110479506,0.004182521244883969,0.0012498817122695534
crop_nitrogen_below_sp3,45,-0.01608103543472068,0.01608103543472068,0.0022305876086516577,0.0006893207916086864
crop_carbon_above_sp10,45,0.02212201598906156,0.02212201598906156,0.016583245523592655,0.004404302442712653
crop_carbon_below_sp10,45,0.008695558838684437,0.00928505348161891,0.008827573583497391,0.0024166144538352087
crop_intercept_sp10,45,0.0042423890949838785,0.007126520585147145,0.007516494382173938,0.0013756651357103018
crop_nitrogen_above_sp10,45,-0.007081677975079149,0.007081677975079149,0.0014323384656656723,0.0004374111624651344
crop_nitrogen_below_sp10,45,-0.004457407240105622,0.004457407240105622,0.0014506415250372436,0.00043335930573449455
crop_proj_left_delta,45,0.008410259034957328,0.021898861501176276,0.023141481201828223,0.0034177603563281997
crop_proj_yield_delta,45,0.13794478984747957,0.1597956346164652,0.12344268825712003,0.02804952833130272
crop_root_in_top_30,45,0.0196848691966028,0.022500319871654885,0.025738993747520086,0.007262362734286098
crop_root_to_shoot_sp3,45,0.015507824194912983,0.016492112410511055,0.01906150364942708,0.005035366267833161
crop_slope_sp3,45,-0.0030435932922643185,0.006319031823998966,0.006446877001848167,0.0011065326374361682
crop_root_to_shoot_sp10,45,0.005316113766341323,0.007107496179154448,0.00823584175005669,0.0022701649632073688
crop_slope_sp10,45,-0.0031351590569890426,0.01093397843459655,0.013130909111788892,0.002350335337636377
cy0_to_ceq_multiplier,45,0.002949755853916142,0.005717489638816675,0.015323848687516151,0.004216726316307447
litter_carbon,45,-0.014877548122390349,0.014877548122390349,0.011645747248428463,0.0035008827442003444
litter_nitrogen,45,0.02384058149275805,0.02384058149275805,0.0026222280512940657,0.0007248192172949043
mortality_fraction_branch_delta,45,0.003508780102703918,0.0057773577821594755,0.006365571175571304,0.0012788422426002624
mortality_fraction_croot_delta,45,-0.0013510201998936737,0.0042666962525347045,0.010628811885879235,0.002994530859315534
mortality_fraction_froot_delta,45,-0.00016999961232521814,0.0018379398056300664,0.004415032663021631,0.0013356975495797613
mortality_fraction_leaf_delta,45,-0.0013200000614592422,0.0036904475829273977,0.008026350022076289,0.0021270374198205117
mortality_fraction_stem_delta,45,-0.014927310146321584,0.02716598711261183,0.06526576382835432,0.01747977086883685
pool_alloc_froot_sp1,45,0.010024706832713969,0.06598972583324539,0.1348178383779574,0.037450459030005635
pool_alloc_leaf_sp1,45,-0.02578630851413045,0.13859280489254971,0.31264422421239996,0.08491450070098056
pool_alloc_stem_sp1,45,-0.016603135974501932,0.33706059596975174,0.5493749775833404,0.1334588054642056
pool_turnover_branch_sp1,45,0.06995353594284333,0.18836615937404763,0.331403545000038,0.07922769417686047
pool_turnover_croot_sp1,45,-0.005846393117647969,0.09056372458598279,0.20315738809280906,0.056066272701603526
pool_turnover_froot_sp1,45,0.0035607299569858307,0.05034761168046777,0.1317542303870285,0.042655607885866004
pool_turnover_leaf_sp1,45,0.0005967136464059192,0.05723985027483236,0.11962758494078528,0.03265091077217849
pool_turnover_stem_sp1,45,3.311770385402732,5.742059518187905,9.81045203792883,2.321380940518103
proj_cover,45,0.01727115390004457,0.5057408430096958,1.0080637232225305,0.2750736792366301
proj_fire_off,45,0.02339493953944246,0.02339493953944246,0.07196133832964131,0.02342570071968794
proj_fire_on,45,0.2415209623769426,0.2415209623769426,0.3369952718875429,0.11007658526524747
proj_mortality,45,0.6816344765478035,0.7510255324656292,2.08904204546987,0.6697379384768181
proj_thinning_delta,45,5.6964129707871205,7.062928865243242,13.02964332017518,3.4931287055653133
roth_c_cover_c,45,0.0029103866500459806,0.01586370386205218,0.03887671830766405,0.011665861807534884
roth_c_dpm_frac_crop,45,-0.01160588625592288,0.01160588625592288,0.015187748064692296,0.004407878957125002
roth_c_dpm_frac_tree,45,-0.005254610119244786,0.023528632718893418,0.040860591014494796,0.010749926701455392
roth_c_moisture_b_slope,45,-0.21611261812899163,0.8050736538012646,1.7303186356005893,0.42659613673889357
roth_c_temp_a1,45,0.012822978306845752,0.3034973820949126,0.5377349934852038,0.11825629613944988
roth_c_temp_a2,45,0.11348527647287769,0.5036411216618933,0.7942640574612095,0.21439956780536448
thinning_fraction_branch_delta,45,0.023130636711411644,0.023130636711411644,0.019796300733672372,0.00594663182459168
thinning_fraction_croot_delta,45,0.006313399348970275,0.006313399348970275,0.006336583949969989,0.002118362983343061
thinning_fraction_froot_delta,45,0.006045103050914044,0.006045103050914044,0.008599015477457207,0.002625203193341057
thinning_fraction_leaf_delta,45,0.007722919035232487,0.007722919035232487,0.009785961324656289,0.0029831545356362337
thinning_fraction_stem_delta,45,0.05078064538176362,0.05078064538176362,0.0824537377589765,0.02865741160198816
tree_carbon_sp1,45,-0.15038331326582938,0.6683370430004562,1.2594809586855529,0.32956666524055084
tree_nitrogen_branch_sp1,45,0.0007864626516298808,0.0007864626516298808,0.0009114001427663807,0.00025309021848130914
tree_nitrogen_croot_sp1,45,0.0009531338428076686,0.0009531338428076686,0.0026027129828968803,0.000782292887062285
tree_nitrogen_froot_sp1,45,0.02170073230793778,0.02170073230793778,0.03354069768790767,0.010530795859341264
tree_nitrogen_leaf_sp1,45,0.03808714321515331,0.03808714321515331,0.07064395603415685,0.020704520672477484
tree_nitrogen_stem_sp1,45,0.0017519790776862846,0.0017519790776862846,0.0020674147170294927,0.0006508422751178144
tree_root_in_top_30,45,-0.04106477186980394,0.12469419050027981,0.2774510733732939,0.07693805581289824
tree_root_to_shoot_sp1,45,-0.02210717016073175,0.06864716539795576,0.14155182448188028,0.035715374561175135
cy0,46,0.03014503190452559,0.2971933869298185,0.4830045299851426,0.10616285315465455
clay,46,-0.3469256725729642,0.7726713115091447,2.004267453995938,0.5293652174632271
temp_ci_delta,46,0.07592245015340883,0.26822750484227637,0.5622548414252886,0.1551416380728022
rain_ci_delta,46,-0.0617672730496074,0.5748855792605964,0.9192041456695206,0.22234033947429083
evap_ci_delta,46,0.14402558215219236,0.20706545744064792,0.4068010199375754,0.11699444747556004
ef_burn_crop_N2O_scale,46,-0.005265088621357788,0.005280373647965952,0.003171542566111644,0.0007929160788464611
ef_burn_crop_CH4_scale,46,-0.01964662849727,0.01966816130121963,0.011926626289819253,0.0033581499836683984
ef_burn_tree_N2O_scale,46,0.004240171715662181,0.004240171715662181,0.007937434438116,0.0023784608618607796
ef_burn_tree_CH4_scale,46,0.018783417374532742,0.018783417374532742,0.02983007220396042,0.009088910982456172
ef_N_inputs,46,-0.0882067544748046,0.13027275683344905,0.11881199122400489,0.0225094243700986
combustion_factor_crop,46,-0.02310858237356813,0.023134396611240646,0.015554308587243711,0.004563672827451544
combustion_factor_tree,46,0.02624356692491861,0.02624356692491861,0.04610613266581642,0.013858981004555399
volatile_frac_organic_fertiliser,46,-0.0028754256509737758,0.0028754256509737758,0.0003055624420978846,8.220332913376504e-05
volatile_frac_synthetic_fertiliser,46,0.016297396888962853,0.016297396888962853,0.001640565438636347,0.0005054828205225333
base_sf_qty_scale,46,-0.12981374696526435,0.12981374696526435,0.011684697112334556,0.003828718301943815
proj_lit_qty_scale,46,0.012982367048062243,0.01496871726647835,0.013184787165349985,0.0034926419906340213
base_stand_density_scale,46,0.0,0.0,0.0,0.0
proj_stand_density_scale,46,-0.20044364939736042,0.6923625114598886,1.4392381803192815,0.40215202994147675
tree_wood_dens_sp1,46,0.14492540743511534,0.5036082584125557,0.8009849864892709,0.19336548180822674
base_cover,46,0.1920832765276913,0.33082895885775765,0.4622019058920916,0.09926785463579596
base_fire_off,46,-0.024885313060658488,0.024885313060658488,0.0896922103141353,0.023475185917333687
base_fire_on,46,-0.03493285974000278,0.03493285974000278,0.005956144895642816,0.0018859905989436318
base_mortality,46,0.0,0.0,0.0,0.0
base_sf_n_delta,46,-0.13290163271820088,0.13290163271820088,0.013646164833617396,0.004551771405151863
base_thinning_delta,46,0.0,0.0,0.0,0.0
crop_base_left_delta,46,0.07613041698602693,0.07757841123645672,0.04894659105451177,0.014744429140447128
crop_base_yield_delta,46,-0.02082851340940312,0.05912147799138695,0.06324085664160706,0.008749434303995577
crop_carbon_above_sp3,46,0.017572024860240114,0.01809201933828911,0.013143809677026356,0.0039380126922997005
crop_carbon_below_sp3,46,0.03241177446527418,0.03241177446527418,0.01623604917548018,0.0056810090866633205
crop_intercept_sp3,46,-0.00027604825013610447,0.0036405187437568987,0.004900664228857951,0.0011229958149380438
crop_nitrogen_above_sp3,46,-0.011008484110479406,0.011008484110479406,0.004182521244884074,0.0012498817122696077
crop_nitrogen_below_sp3,46,-0.016081035434720913,0.016081035434720913,0.0022305876086514903,0.0006893207916086196
crop_carbon_above_sp10,46,0.02168195600648439,0.02168195600648439,0.016465915322653242,0.004378551691960091
crop_carbon_below_sp10,46,0.008524808642226484,0.009131213133745602,0.008763756004510955,0.0023949882141703956
crop_intercept_sp10,46,0.004100569755951379,0.007053744405471853,0.007510966241271514,0.0013717483778723546
crop_nitrogen_above_sp10,46,-0.0070816779750791535,0.0070816779750791535,0.0014323384656657401,0.00043741116246516737
crop_nitrogen_below_sp10,46,-0.004457407240105809,0.004457407240105809,0.001450641525037117,0.0004333593057344474
crop_proj_left_delta,46,0.007409152012001476,0.021164702146492673,0.02249265400026846,0.0031923641024078956
crop_proj_yield_delta,46,0.14466418302089154,0.163381979745646,0.12124156696402157,0.028242567847305104
crop_root_in_top_30,46,0.018316825009890732,0.0216316929907252,0.025387308322294223,0.007072791526486928
crop_root_to_shoot_sp3,46,0.014328140274536553,0.01581102065313854,0.018664570818936944,0.004817805572200406
crop_slope_sp3,46,-0.003501394050837306,0.006386551058346882,0.006342937071803013,0.0011549010547999463
crop_root_to_shoot_sp10,46,0.005129982094235601,0.007048164316735499,0.00818761602781659,0.0022272107081548545
crop_slope_sp10,46,-0.003492857041005497,0.010977404690449683,0.013065582365813224,0.0023339650913061414
cy0_to_ceq_multiplier,46,0.0029041594858009974,0.00589719645813713,0.015541990611538423,0.004248186378984074
litter_carbon,46,-0.014602628245421606,0.014602628245421606,0.01158577115076858,0.003482844262118063
litter_nitrogen,46,0.023840581492758205,0.023840581492758205,0.002622228051294058,0.000724819217294891
mortality_fraction_branch_delta,46,0.0034518808139412855,0.005606180787891371,0.006215414615459831,0.0012649626160533623
mortality_fraction_croot_delta,46,-0.001366265689523763,0.00419291976367763,0.010475898765761984,0.0029531634773919523
mortality_fraction_froot_delta,46,-0.0001785720964756765,0.001796036718919064,0.004310761906222065,0.0013062054923067684
mortality_fraction_leaf_delta,46,-0.0013304204802655636,0.0036417277715138545,0.007896107567852053,0.002094082282896952
mortality_fraction_stem_delta,46,-0.015003541901716683,0.026902828270405264,0.06524578375347888,0.01751812686332125
pool_alloc_froot_sp1,46,0.009481897460462524,0.06499910974730275,0.13375866750307508,0.037038873703711395
pool_alloc_leaf_sp1,46,-0.025688707376021656,0.13555986866420966,0.30594288170536893,0.08339130363964113
pool_alloc_stem_sp1,46,0.009513220327972385,0.3527566534812281,0.5587229073527372,0.13555765287588337
pool_turnover_branch_sp1,46,0.05178804559270052,0.20031730104992654,0.3360489040865322,0.07448284686531127
pool_turnover_croot_sp1,46,-0.008252720999183161,0.08824815407154477,0.20301669264368943,0.056507709719819506
pool_turnover_froot_sp1,46,0.000767387135638517,0.04985257341081277,0.1301985214798231,0.042094881035791745
pool_turnover_leaf_sp1,46,-0.0004967195527013663,0.05620280160881445,0.11972240459016285,0.03286550999979889
pool_turnover_stem_sp1,46,2.8679978468440694,5.604846807973576,9.572355297168775,2.2762311463425515
proj_cover,46,-0.006328709574618796,0.5016978202515116,1.0478314839445415,0.2885119860101178
proj_fire_off,46,0.02339493953944246,0.02339493953944246,0.07196133832964131,0.02342570071968794
proj_fire_on,46,0.2399629147783661,0.2399629147783661,0.33970741316004693,0.1109598029320069
proj_mortality,46,0.6926361051341468,0.7729832589358727,2.088086001921201,0.6678348244999986
proj_thinning_delta,46,5.448114394376479,6.784645005962432,12.523812633059887,3.34952679447961
roth_c_cover_c,46,0.0031044622083657948,0.015327661682765975,0.03790570776505498,0.011422320297640544
roth_c_dpm_frac_crop,46,-0.010253892614779422,0.010260450987505451,0.013666752492204367,0.003985334202775802
roth_c_dpm_frac_tree,46,-0.004049214814693667,0.022258852850886003,0.03970671509774919,0.010537535640138635
roth_c_moisture_b_slope,46,-0.23771129902594698,0.7834014181247712,1.7147405896976953,0.42868573110978553
roth_c_temp_a1,46,0.016747666231676596,0.29946165157432597,0.5293285389025794,0.11565990869244348
roth_c_temp_a2,46,0.10650367280266985,0.498383708602141,0.7833403613489898,0.2111278605888161
thinning_fraction_branch_delta,46,0.02044958997703733,0.02044958997703733,0.017488516485352643,0.005191674895922914
thinning_fraction_croot_delta,46,0.005661173428815858,0.005661173428815858,0.0056180835893813764,0.00189009869982437
thinning_fraction_froot_delta,46,0.005338915261729055,0.005338915261729055,0.0074618748281969636,0.002268059975500662
thinning_fraction_leaf_delta,46,0.00689528265641481,0.00689528265641481,0.008539744301200627,0.002613036834216973
thinning_fraction_stem_delta,46,0.04395405843088156,0.04395405843088156,0.06966140961744359,0.024078278923490758
tree_carbon_sp1,46,-0.11700052620450445,0.6711199988491392,1.224258659037193,0.3196252894394809
tree_nitrogen_branch_sp1,46,0.0007756398478632909,0.0007756398478632909,0.0009170856977773158,0.00025448961038230595
tree_nitrogen_croot_sp1,46,0.0009557930482728711,0.0009557930482728711,0.002630808502188227,0.0007907234501923946
tree_nitrogen_froot_sp1,46,0.021681992355846245,0.021681992355846245,0.0338628926066587,0.01062856328445824
tree_nitrogen_leaf_sp1,46,0.03810586755976396,0.03810586755976396,0.07139605318665593,0.020920893353765867
tree_nitrogen_stem_sp1,46,0.0017368992532442006,0.0017368992532442006,0.00208883340779138,0.0006567880960463001
tree_root_in_top_30,46,-0.04220389350432072,0.12227402760326642,0.27276223838473584,0.07553243720723754
tree_root_to_shoot_sp1,46,-0.02019193555377278,0.06714698130150477,0.13481427282787947,0.033811857928089856
cy0,47,0.0315896879501413,0.308319070498797,0.49593802544948645,0.10882314067799588
clay,47,-0.35103600218314807,0.7745473790074563,2.0267574463582623,0.5366625556976174
temp_ci_delta,47,0.07825285451262634,0.263920062042409,0.5520388888321208,0.15271507472405887
rain_ci_delta,47,-0.031118309517409133,0.568776949889424,0.9152532461956635,0.222915269437959
evap_ci_delta,47,0.1436672562015608,0.2082612383135168,0.40592978966662885,0.11759849238063777
ef_burn_crop_N2O_scale,47,-0.005265088621357822,0.005280373647966019,0.003171542566111588,0.0007929160788464274
ef_burn_crop_CH4_scale,47,-0.019646628497269898,0.019668161301219494,0.011926626289819236,0.0033581499836683438
ef_burn_tree_N2O_scale,47,0.0042048102498164165,0.0042048102498164165,0.00800414789906897,0.0024029306145481404
ef_burn_tree_CH4_scale,47,0.018724204051820903,0.018724204051820903,0.030090843166181998,0.0091796618351502
ef_N_inputs,47,-0.08846790131413948,0.13089085934713265,0.11978876819429898,0.022756137227507522
combustion_factor_crop,47,-0.02310858237356792,0.023134396611240417,0.015554308587243739,0.004563672827451532
combustion_factor_tree,47,0.02617753686717339,0.02617753686717339,0.04655574610190245,0.014007167953086574
volatile_frac_organic_fertiliser,47,-0.002875425650973801,0.002875425650973801,0.0003055624420978461,8.220332913376004e-05
volatile_frac_synthetic_fertiliser,47,0.01629739688896289,0.01629739688896289,0.0016405654386364061,0.0005054828205225566
base_sf_qty_scale,47,-0.12981374696526443,0.12981374696526443,0.011684697112334403,0.003828718301943725
proj_lit_qty_scale,47,0.013245199717593175,0.01510527412570912,0.013113175723184902,0.0035192558330627358
base_stand_density_scale,47,0.0,0.0,0.0,0.0
proj_stand_density_scale,47,0.1288589372069247,0.8558510172334802,1.8529528316865733,0.508202158319773
tree_wood_dens_sp1,47,0.1410518974525104,0.48950748923765997,0.7778658154372967,0.18768058394962728
base_cover,47,0.18087042516550725,0.32575198215551066,0.4585367972468389,0.09793741734112497
base_fire_off,47,-0.024885313060658512,0.024885313060658512,0.0896922103141354,0.023475185917333715
base_fire_on,47,-0.03493285974000269,0.03493285974000269,0.005956144895642935,0.0018859905989436513
base_mortality,47,0.0,0.0,0.0,0.0
base_sf_n_delta,47,-0.1329016327182006,0.1329016327182006,0.013646164833617417,0.004551771405151907
base_thinning_delta,47,0.0,0.0,0.0,0.0
crop_base_left_delta,47,0.0749850781788727,0.07647133019348074,0.04867570528299392,0.014646349152391866
crop_base_yield_delta,47,-0.022336956278351215,0.058941096502652515,0.06281278223751902,0.008875805506758587
crop_carbon_above_sp3,47,0.016891833770183745,0.017452757091561206,0.012840445124397852,0.0038339435338238925
crop_carbon_below_sp3,47,0.03131325591947966,0.03131325591947966,0.01611671361932784,0.00564476537592301
crop_intercept_sp3,47,-0.0006120449055180375,0.0036194874699767496,0.004790415116762392,0.0010855176051579752
crop_nitrogen_above_sp3,47,-0.011008484110479581,0.011008484110479581,0.004182521244883746,0.0012498817122694875
crop_nitrogen_below_sp3,47,-0.016081035434720968,0.016081035434720968,0.0022305876086514595,0.0006893207916086184
crop_carbon_above_sp10,47,0.021257565519649527,0.021257565519649527,0.01634966582126217,0.004353191856062543
crop_carbon_below_sp10,47,0.008360348790758513,0.008982030474188654,0.008700363698814552,0.002374034741265433
crop_intercept_sp10,47,0.00396398919492921,0.006982918007095459,0.007504991676739547,0.001368802434770686
crop_nitrogen_above_sp10,47,-0.007081677975079024,0.007081677975079024,0.0014323384656657978,0.00043741116246520363
crop_nitrogen_below_sp10,47,-0.004457407240105389,0.004457407240105389,0.0014506415250372516,0.00043335930573451255
crop_proj_left_delta,47,0.006533087359823038,0.020491426942141084,0.021907960526008786,0.0030174489512624055
crop_proj_yield_delta,47,0.15078950555240972,0.1669541827609258,0.11942998183262839,0.028391784332054335
crop_root_in_top_30,47,0.017054611754115705,0.020885491383122564,0.02507435301599953,0.006896416770145033
crop_root_to_shoot_sp3,47,0.013255991443779393,0.015247255014639352,0.018314425565922842,0.004616674420632423
crop_slope_sp3,47,-0.00392081788484869,0.00645427263430767,0.006252351298217042,0.0012120511975423477
crop_root_to_shoot_sp10,47,0.004950763131217502,0.006993090301354905,0.008139321245709862,0.002185749061116102
crop_slope_sp10,47,-0.00383607436818974,0.011015684338562171,0.012999918882543206,0.002322263423564254
cy0_to_ceq_multiplier,47,0.0028552163354856356,0.00605710156761016,0.01574351952932378,0.004279915955021683
litter_carbon,47,-0.014336969295258933,0.014336969295258933,0.011525346548098211,0.0034647063846463865
litter_nitrogen,47,0.023840581492758233,0.023840581492758233,0.0026222280512939932,0.0007248192172949029
mortality_fraction_branch_delta,47,0.003494935238865718,0.005547054237850471,0.006060792539422526,0.0012390886290134739
mortality_fraction_croot_delta,47,-0.0013190802301687398,0.0041475246023177596,0.010284805198424325,0.0028866840534943062
mortality_fraction_froot_delta,47,-0.00017894073045017224,0.0017504917193442494,0.004186140285319804,0.001269785479270857
mortality_fraction_leaf_delta,47,-0.0012957124436252562,0.0036095441692506184,0.0077398491338757265,0.0020422033260767795
mortality_fraction_stem_delta,47,-0.014721647161869755,0.026752105537261078,0.06501944579452908,0.01740143468446694
pool_alloc_froot_sp1,47,0.008940282239895037,0.06363522006366196,0.13200641499992846,0.036504308675718765
pool_alloc_leaf_sp1,47,-0.024003822065501994,0.13314684785239908,0.2980720064847375,0.08143452267299135
pool_alloc_stem_sp1,47,-0.01259777764492113,0.338462067233402,0.5319060888184629,0.12569962791306846
pool_turnover_branch_sp1,47,0.046469132139232434,0.19846114396040546,0.33544659134345206,0.07362705950436275
pool_turnover_croot_sp1,47,-0.013412335068227935,0.08959441332644688,0.20280574304860566,0.05630323372911346
pool_turnover_froot_sp1,47,0.001891284964950693,0.05016919746302242,0.12805051247189947,0.04127376189230621
pool_turnover_leaf_sp1,47,-0.0016080189754545172,0.055339358380698686,0.11941163636526665,0.032840707996020714
pool_turnover_stem_sp1,47,2.379553261447905,5.472879936092665,9.258838644743918,2.173095735141387
proj_cover,47,-0.019392611043709075,0.5021306540423374,1.0777967752751036,0.2976415878076625
proj_fire_off,47,0.023394939539442477,0.023394939539442477,0.07196133832964137,0.023425700719687952
proj_fire_on,47,0.23786668852254209,0.23786668852254209,0.3422205697996991,0.11182078194443225
proj_mortality,47,1.0338379524364427,1.1247425131170137,2.539532106104424,0.7897682563549872
proj_thinning_delta,47,5.587513468356805,6.836977490718624,12.409857416275266,3.381325387119603
roth_c_cover_c,47,0.0032945150653275732,0.014915601968269918,0.037133238099089215,0.011250926166364394
roth_c_dpm_frac_crop,47,-0.009100692569173983,0.009126677318040264,0.012317637382279692,0.0036027558996732786
roth_c_dpm_frac_tree,47,-0.003380863659136418,0.02129766762710022,0.038304185641541796,0.010276517088385673
roth_c_moisture_b_slope,47,-0.2605995825798623,0.7644050402935614,1.7045636415162022,0.43200623686277023
roth_c_temp_a1,47,0.021141213762908468,0.2960784151446145,0.5217725570044917,0.1132338995162719
roth_c_temp_a2,47,0.10083056477301514,0.4919583629983264,0.7721552049057465,0.2083603150004838
thinning_fraction_branch_delta,47,0.01840492487243254,0.01840492487243254,0.01557048118034472,0.004585496304838611
thinning_fraction_croot_delta,47,0.005359988630856891,0.005359988630856891,0.005277853997170709,0.0017579355993172048
thinning_fraction_froot_delta,47,0.004849509497267102,0.004849509497267102,0.006518485320908917,0.001981622061111872
thinning_fraction_leaf_delta,47,0.00617968545014593,0.00617968545014593,0.007511931395818179,0.0023080734171420014
thinning_fraction_stem_delta,47,0.03963402561199357,0.03963402561199357,0.059896162842088554,0.020632830864900007
tree_carbon_sp1,47,-0.1361833426330028,0.6165738667216213,1.146622376498072,0.3008331117317149
tree_nitrogen_branch_sp1,47,0.0007650890417526326,0.0007650890417526326,0.000921930324451546,0.00025569409601302093
tree_nitrogen_croot_sp1,47,0.0009556264888105736,0.0009556264888105736,0.0026560131408461677,0.000798451229529998
tree_nitrogen_froot_sp1,47,0.0216245781594445,0.0216245781594445,0.034173676660531095,0.010718397724028468
tree_nitrogen_leaf_sp1,47,0.038030295358690396,0.038030295358690396,0.0720910903737033,0.02112455327348799
tree_nitrogen_stem_sp1,47,0.0017197774132868492,0.0017197774132868492,0.0021107000113564493,0.0006632233602846468
tree_root_in_top_30,47,-0.041471394484354746,0.12051662462054213,0.2669142555787872,0.07331694903051136
tree_root_to_shoot_sp1,47,-0.019371444796732983,0.0640106895541003,0.1267747933109247,0.031687280657986684
cy0,48,0.032912656144734535,0.31839956751179116,0.5078906270971058,0.11137228950494746
clay,48,-0.35543136369737127,0.7754299847633827,2.0471457628465477,0.5432832272712634
temp_ci_delta,48,0.07959493180830267,0.26051024984363097,0.5421868763193943,0.1504498091453276
rain_ci_delta,48,-0.014727630851619622,0.5688481119969494,0.9189343312256664,0.2270488822712495
evap_ci_delta,48,0.14579329068779232,0.21084452353068167,0.4072868542302515,0.11845440856864795
ef_burn_crop_N2O_scale,48,-0.005265088621357855,0.005280373647966019,0.0031715425661117285,0.0007929160788464679
ef_burn_crop_CH4_scale,48,-0.01964662849726985,0.01966816130121948,0.011926626289819242,0.003358149983668334
ef_burn_tree_N2O_scale,48,0.004168316305969944,0.004168316305969944,0.008061901769075496,0.0024241223454981972
ef_burn_tree_CH4_scale,48,0.018637764752721,0.018637764752721,0.030330003485156843,0.009262013904592968
ef_N_inputs,48,-0.0887442914169035,0.13142777531322736,0.12055165046771557,0.022938263064367123
combustion_factor_crop,48,-0.023108582373568012,0.02313439661124051,0.015554308587243736,0.004563672827451549
combustion_factor_tree,48,0.02608152748736573,0.02608152748736573,0.04697181199208034,0.014132312823889756
volatile_frac_organic_fertiliser,48,-0.0028754256509737506,0.0028754256509737506,0.0003055624420979381,8.22033291337682e-05
volatile_frac_synthetic_fertiliser,48,0.016297396888962867,0.016297396888962867,0.0016405654386363467,0.0005054828205225344
base_sf_qty_scale,48,-0.12981374696526457,0.12981374696526457,0.011684697112334377,0.003828718301943725
proj_lit_qty_scale,48,0.013499622660068022,0.015236408167524904,0.013040500350099486,0.0035459519421426095
base_stand_density_scale,48,0.0,0.0,0.0,0.0
proj_stand_density_scale,48,0.25136027329470817,0.6169458000775585,1.327938012339092,0.3948965712251343
tree_wood_dens_sp1,48,0.13902511266998513,0.4756290895201632,0.7557800542085825,0.1851946802228895
base_cover,48,0.17031275000828677,0.3206819451722286,0.4553927904214677,0.09698489644335236
base_fire_off,48,-0.024885313060658495,0.024885313060658495,0.08969221031413534,0.023475185917333698
base_fire_on,48,-0.034932859740002646,0.034932859740002646,0.0059561448956428785,0.0018859905989436498
base_mortality,48,0.0,0.0,0.0,0.0
base_sf_n_delta,48,-0.13290163271820074,0.13290163271820074,0.013646164833617414,0.0045517714051518466
base_thinning_delta,48,0.0,0.0,0.0,0.0
crop_base_left_delta,48,0.07387971232133388,0.07540218360367912,0.04840255555712231,0.014548675012864658
crop_base_yield_delta,48,-0.023797693313741475,0.058832425491226116,0.06238176540246284,0.008975935697095405
crop_carbon_above_sp3,48,0.016275152394364757,0.01687103887247266,0.01256980518192522,0.003741213113719719
crop_carbon_below_sp3,48,0.030306085045312563,0.030306085045312563,0.016007533108403634,0.005611208913938784
crop_intercept_sp3,48,-0.0009182246058052193,0.003601702560753288,0.004715073404071516,0.0010728210262948388
crop_nitrogen_above_sp3,48,-0.011008484110479656,0.011008484110479656,0.004182521244883921,0.0012498817122694947
crop_nitrogen_below_sp3,48,-0.016081035434720916,0.016081035434720916,0.002230587608651558,0.0006893207916086452
crop_carbon_above_sp10,48,0.020848109185087577,0.020848109185087577,0.01623453347568802,0.0043282171356239015
crop_carbon_below_sp10,48,0.00820207130768109,0.008837580606100874,0.00863740782681649,0.002353579801505198
crop_intercept_sp10,48,0.003831632746388948,0.006913550741546389,0.007498294923135979,0.0013665263790263347
crop_nitrogen_above_sp10,48,-0.007081677975079083,0.007081677975079083,0.00143233846566576,0.00043741116246516135
crop_nitrogen_below_sp10,48,-0.004457407240105705,0.004457407240105705,0.0014506415250371428,0.0004333593057344762
crop_proj_left_delta,48,0.005762802828004088,0.019870624801772846,0.02137676881546239,0.0028838192418522645
crop_proj_yield_delta,48,0.1564092612223369,0.17079033829577434,0.11793645844398092,0.028249410518453755
crop_root_in_top_30,48,0.015885658230880013,0.02031439994629593,0.024794029472621507,0.006694341249567275
crop_root_to_shoot_sp3,48,0.012276144523671258,0.01480881967799987,0.01800355682482296,0.004433734539398661
crop_slope_sp3,48,-0.004307219996076345,0.006556647513472541,0.006172720867249083,0.00125121266078824
crop_root_to_shoot_sp10,48,0.004777860406569941,0.006942388560435921,0.00809114485704616,0.0021454637207130407
crop_slope_sp10,48,-0.004166134709287348,0.011077275506377837,0.012933953594473033,0.002301577593518888
cy0_to_ceq_multiplier,48,0.0028032940253135325,0.006198980003195307,0.015927819461376697,0.0043111580283965775
litter_carbon,48,-0.01407998204972818,0.01407998204972818,0.011464408848953715,0.0034464352019558694
litter_nitrogen,48,0.023840581492758355,0.023840581492758355,0.002622228051294021,0.0007248192172948972
mortality_fraction_branch_delta,48,0.0035432355149775246,0.005531935828144599,0.00589744117262609,0.0011725261503923417
mortality_fraction_croot_delta,48,-0.0012646852472081222,0.00408010754451382,0.010047079201544589,0.0028171867552402555
mortality_fraction_froot_delta,48,-0.0001694271020612842,0.0017044857634985395,0.004044409086673308,0.001227045734880467
mortality_fraction_leaf_delta,48,-0.0012929386999608993,0.003520034068873151,0.007532321641722085,0.0019900118410062523
mortality_fraction_stem_delta,48,-0.01434404558002991,0.02649146210252672,0.06450617680166372,0.017226466553134513
pool_alloc_froot_sp1,48,0.008914122036695185,0.06247221920040509,0.12977987051622916,0.035961345691703006
pool_alloc_leaf_sp1,48,-0.022446681374361382,0.12975374943662643,0.28865374396128857,0.07905530924049572
pool_alloc_stem_sp1,48,0.029074399762530324,0.3587689329521867,0.5475366509410579,0.12822076054436593
pool_turnover_branch_sp1,48,0.038265788399699165,0.1988939110212596,0.3383764646446194,0.07223830899708196
pool_turnover_croot_sp1,48,-0.008324766320149354,0.09178556869501071,0.20316562103941424,0.05602111366899024
pool_turnover_froot_sp1,48,0.002056127241078337,0.04951574281305136,0.12486403039615511,0.04003774741456351
pool_turnover_leaf_sp1,48,-0.002381289150845878,0.054799136169206064,0.11890798207898301,0.033154974397019386
pool_turnover_stem_sp1,48,2.4340201750575714,4.827493047299101,8.5865443414745,2.0828154261727057
proj_cover,48,-0.015074705549732021,0.5137204858601916,1.1009528463323484,0.3019300539601418
proj_fire_off,48,0.02339493953944246,0.02339493953944246,0.07196133832964131,0.02342570071968794
proj_fire_on,48,0.23605418512882834,0.23605418512882834,0.3440352199507207,0.11243978243015366
proj_mortality,48,0.29423617358460585,1.1314987503277503,2.7277338734332592,0.7931067810298855
proj_thinning_delta,48,5.123220368196986,6.401444817358678,11.709057601847187,3.130517544253085
roth_c_cover_c,48,0.003477068261215202,0.014626706495449412,0.036519977750846824,0.011131371829243408
roth_c_dpm_frac_crop,48,-0.008113401665070113,0.008154082400954905,0.011119758063618744,0.003261878930752254
roth_c_dpm_frac_tree,48,-0.0029998750023391097,0.020420963958965727,0.036652136839011716,0.009738493028255753
roth_c_moisture_b_slope,48,-0.2824733757152114,0.7471001768930156,1.695874907996519,0.43545081909828137
roth_c_temp_a1,48,0.024560176034906973,0.2937485333607241,0.5146689042851444,0.11081182149103987
roth_c_temp_a2,48,0.10004204598491065,0.4887105185672297,0.7620776499345262,0.20568586779292194
thinning_fraction_branch_delta,48,0.016499613475258617,0.016499613475258617,0.013875787177414205,0.00404053451533009
thinning_fraction_croot_delta,48,0.004961907538611046,0.004961907538611046,0.004808713582129614,0.0016560034401805193
thinning_fraction_froot_delta,48,0.004268591181027898,0.004268591181027898,0.0056517130937400175,0.0017102347349378293
thinning_fraction_leaf_delta,48,0.005849901042717949,0.005849901042717949,0.006809987625679434,0.0020770035218351975
thinning_fraction_stem_delta,48,0.03653333304638295,0.03653333304638295,0.052167154260689685,0.017502221018221097
tree_carbon_sp1,48,-0.10385180911980477,0.6096730614212211,1.1025360748505415,0.2864288030048994
tree_nitrogen_branch_sp1,48,0.0007535449083078211,0.0007535449083078211,0.0009269504250243389,0.0002570863507436095
tree_nitrogen_croot_sp1,48,0.0009562889871723185,0.0009562889871723185,0.0026770361848962657,0.0008049051804871692
tree_nitrogen_froot_sp1,48,0.02152482784083901,0.02152482784083901,0.034474048709633706,0.010810108953974
tree_nitrogen_leaf_sp1,48,0.037890167720461054,0.037890167720461054,0.0727120754089586,0.021323264042725356
tree_nitrogen_stem_sp1,48,0.0017015957978572776,0.0017015957978572776,0.002131952995176608,0.0006694822081000355
tree_root_in_top_30,48,-0.04032841683466932,0.11812847328455689,0.2594906193585123,0.07104904660407792
tree_root_to_shoot_sp1,48,-0.01241922759680113,0.06656149713278729,0.12360066216330602,0.03012144664664283
cy0,49,0.03412088359922826,0.32750145367951716,0.5188638077247675,0.11379085081725912
clay,49,-0.3585387838104904,0.7768475647927454,2.0660096195174686,0.549291092568651
temp_ci_delta,49,0.07950186215885176,0.25834761318307164,0.5329786001368441,0.14806270791451018
rain_ci_delta,49,-0.003987032902754356,0.5679271546135121,0.9219610059332312,0.23113842180212482
evap_ci_delta,49,0.14776391593205845,0.21423456752671116,0.4083179955066637,0.11853396910468672
ef_burn_crop_N2O_scale,49,-0.005265088621357864,0.005280373647965994,0.0031715425661116453,0.0007929160788464729
ef_burn_crop_CH4_scale,49,-0.01964662849726982,0.01966816130121945,0.011926626289819275,0.0033581499836683503
ef_burn_tree_N2O_scale,49,0.004150792171876276,0.004150792171876276,0.008104602434946434,0.00243499755037501
ef_burn_tree_CH4_scale,49,0.018521233735626703,0.018521233735626703,0.030546443077824535,0.009333238268875587
ef_N_inputs,49,-0.08895797125102914,0.1318070265917512,0.12110166438598144,0.0230801789210326
combustion_factor_crop,49,-0.02310858237356794,0.023134396611240456,0.015554308587243604,0.0045636728274515035
combustion_factor_tree,49,0.02594908134315336,0.02594908134315336,0.04735646559306062,0.014250828003213834
volatile_frac_organic_fertiliser,49,-0.0028754256509737008,0.0028754256509737008,0.0003055624420979585,8.220332913377672e-05
volatile_frac_synthetic_fertiliser,49,0.01629739688896301,0.01629739688896301,0.0016405654386363877,0.0005054828205225517
base_sf_qty_scale,49,-0.12981374696526463,0.12981374696526463,0.011684697112334467,0.003828718301943753
proj_lit_qty_scale,49,0.013746054516342827,0.01536226051215878,0.012966752889502402,0.0035726931561343616
base_stand_density_scale,49,0.0,0.0,0.0,0.0
proj_stand_density_scale,49,0.08485280025523217,0.4324600881704968,0.6861909922691364,0.17494053435231416
tree_wood_dens_sp1,49,0.11917085028947405,0.44249624945296945,0.7194863857790501,0.18152400778789646
base_cover,49,0.1603726828376012,0.31562610168725225,0.45268016192099575,0.09635414774622818
base_fire_off,49,-0.024885313060658505,0.024885313060658505,0.08969221031413536,0.023475185917333705
base_fire_on,49,-0.034932859740002806,0.034932859740002806,0.005956144895642935,0.0018859905989436403
base_mortality,49,0.0,0.0,0.0,0.0
base_sf_n_delta,49,-0.1329016327182008,0.1329016327182008,0.013646164833617165,0.004551771405151691
base_thinning_delta,49,0.0,0.0,0.0,0.0
crop_base_left_delta,49,0.07281249760626182,0.07436919521600781,0.04812695464198934,0.014451357385732857
crop_base_yield_delta,49,-0.025213181473419156,0.05870792469181465,0.06194813882459578,0.009092110188655873
crop_carbon_above_sp3,49,0.015712781981524083,0.016338818445034646,0.012326097160400224,0.0036577053259466974
crop_carbon_below_sp3,49,0.029377515676635317,0.029377515676635317,0.015904993729982258,0.005579290085793232
crop_intercept_sp3,49,-0.0011982919544704165,0.0035966534189267054,0.00466641765951282,0.0010746899873240786
crop_nitrogen_above_sp3,49,-0.011008484110479489,0.011008484110479489,0.004182521244884017,0.0012498817122695706
crop_nitrogen_below_sp3,49,-0.01608103543472085,0.01608103543472085,0.0022305876086515432,0.0006893207916086363
crop_carbon_above_sp10,49,0.020453211250554503,0.020453211250554503,0.016119719242328804,0.004303421345842855
crop_carbon_below_sp10,49,0.00804968394109665,0.008697635566424031,0.008574760764914082,0.002333620326290724
crop_intercept_sp10,49,0.0037043362964099547,0.006853461989601089,0.007491141729097312,0.0013618896183608337
crop_nitrogen_above_sp10,49,-0.0070816779750791205,0.0070816779750791205,0.0014323384656657195,0.0004374111624651565
crop_nitrogen_below_sp10,49,-0.0044574072401056975,0.0044574072401056975,0.0014506415250370873,0.00043335930573443584
crop_proj_left_delta,49,0.0050824986545856725,0.019295408181244825,0.020890599249831866,0.002783495543137478
crop_proj_yield_delta,49,0.16159472198376063,0.1746598945295342,0.11670188117042518,0.028077272162503462
crop_root_in_top_30,49,0.014798576570235363,0.0198263976593606,0.02454181123001149,0.006506335845065038
crop_root_to_shoot_sp3,49,0.011375383995619506,0.01453761251200202,0.017725698515814774,0.004239672555503391
crop_slope_sp3,49,-0.004664438689333056,0.00666564417437962,0.00610212126606315,0.001286537049313081
crop_root_to_shoot_sp10,49,0.004611115813765193,0.006904300020604509,0.00804289125922014,0.002099857655449734
crop_slope_sp10,49,-0.0044834637739462726,0.011148532101067008,0.012867320662866007,0.002278911039008597
cy0_to_ceq_multiplier,49,0.0027494731212230894,0.006323676973473769,0.016093695658824944,0.004341061956495324
litter_carbon,49,-0.013831222429027071,0.013831222429027071,0.011402853918763715,0.0034280051649814344
litter_nitrogen,49,0.02384058149275811,0.02384058149275811,0.002622228051293952,0.0007248192172948653
mortality_fraction_branch_delta,49,0.003479690532518767,0.005410276912233938,0.005739721910878285,0.0011491900837250636
mortality_fraction_croot_delta,49,-0.0012603097224713976,0.0039376393377763665,0.009750174898488421,0.0027383866307265385
mortality_fraction_froot_delta,49,-0.00011199068559444164,0.0016974496994373936,0.0039024138656243127,0.0011809653575194931
mortality_fraction_leaf_delta,49,-0.0012217449987957179,0.0034764745992521633,0.007319594267777507,0.001925378337098213
mortality_fraction_stem_delta,49,-0.014343669992438288,0.025674451310038343,0.06354829852848663,0.017070164608316382
pool_alloc_froot_sp1,49,0.008922460386879359,0.06107905093795276,0.12712759575910648,0.035137604192127095
pool_alloc_leaf_sp1,49,-0.022057892706588096,0.12444370291516305,0.27758769859309745,0.07629840307371692
pool_alloc_stem_sp1,49,0.0012995871240454536,0.32186179561229356,0.5085801917662198,0.12198340120362436
pool_turnover_branch_sp1,49,0.0274252203674197,0.20164911847181152,0.34326250241171735,0.07165780585619495
pool_turnover_croot_sp1,49,-0.004190781943810904,0.0899093029763725,0.2012204798375001,0.055915921788350975
pool_turnover_froot_sp1,49,0.0034930749063986815,0.04841159848206527,0.12095442491339624,0.03882707938340224
pool_turnover_leaf_sp1,49,0.0005111992755760242,0.0556789758452894,0.11846424118641367,0.03240106066593114
pool_turnover_stem_sp1,49,2.137348341801822,4.516131934520085,8.175568427713992,1.9999017674081878
proj_cover,49,-0.009520139496353408,0.5205228468685589,1.1106986047840777,0.30263982231831055
proj_fire_off,49,0.02339493953944246,0.02339493953944246,0.07196133832964131,0.02342570071968794
proj_fire_on,49,0.23430306658325772,0.23430306658325772,0.3452972725456759,0.11283655056196593
proj_mortality,49,0.6415350484570952,0.7742778909874025,2.068930539061157,0.6578609999261136
proj_thinning_delta,49,4.555389255585033,5.867903344017278,10.86829019529789,2.865509854559021
roth_c_cover_c,49,0.0036534581428730602,0.014345006082346932,0.03602951384974277,0.011044428725458492
roth_c_dpm_frac_crop,49,-0.0072656055002881,0.007317403870146524,0.010054951104514232,0.002957765002230569
roth_c_dpm_frac_tree,49,-0.0022166418944913014,0.018962916533693277,0.034719213832086725,0.009261420532612849
roth_c_moisture_b_slope,49,-0.3021750230936951,0.7303729302415358,1.6857732082895713,0.4382698660370215
roth_c_temp_a1,49,0.026203465028613766,0.29253552992246634,0.5087388674542592,0.10834869208493704
roth_c_temp_a2,49,0.10203547259148431,0.4869938108431879,0.7561749057340956,0.20446099646786503
thinning_fraction_branch_delta,49,0.015053292255184748,0.015053292255184748,0.012502108228257638,0.0036497215143751396
thinning_fraction_croot_delta,49,0.00446992007577546,0.00446992007577546,0.00432034963755127,0.0014903354842909407
thinning_fraction_froot_delta,49,0.003791462076189467,0.003791462076189467,0.004927721215703471,0.001483514034171611
thinning_fraction_leaf_delta,49,0.005346897369642699,0.005346897369642699,0.0061603457512709,0.0019183800654220258
thinning_fraction_stem_delta,49,0.031498858596934555,0.031498858596934555,0.04411013757051184,0.014835754276196851
tree_carbon_sp1,49,-0.1144621540222576,0.5567425950720946,1.0162611773567949,0.26670471463945933
tree_nitrogen_branch_sp1,49,0.0007423372082923541,0.0007423372082923541,0.00093104221444253,0.0002587466792469332
tree_nitrogen_croot_sp1,49,0.0009550855601983127,0.0009550855601983127,0.002694821691849278,0.0008104873138844531
tree_nitrogen_froot_sp1,49,0.021488129541663802,0.021488129541663802,0.03469827219497076,0.010876223528182268
tree_nitrogen_leaf_sp1,49,0.037845476282136116,0.037845476282136116,0.07317635085483935,0.021455175401349946
tree_nitrogen_stem_sp1,49,0.0016838144944139155,0.0016838144944139155,0.0021513609859339393,0.000674964805422468
tree_root_in_top_30,49,-0.04029404608901629,0.11386093024710346,0.25018101290619893,0.06838170251616865
tree_root_to_shoot_sp1,49,-0.01673923879979942,0.05748091119036049,0.10984605461039829,0.027512483091173674
cy0,50,0.03522230097992819,0.33568652293970624,0.5288717709146549,0.11606573782506752
clay,50,-0.36211563989106166,0.7770030560115109,2.082767180491572,0.5547194339458282
temp_ci_delta,50,0.08055023575020165,0.254389377805495,0.522060150336482,0.1450894501610815
rain_ci_delta,50,0.006356234246660814,0.5619466459454826,0.919458766647377,0.2335699988652899
evap_ci_delta,50,0.1486370253201676,0.21572644744630987,0.40622166088091105,0.1178455952320807
ef_burn_crop_N2O_scale,50,-0.0052650886213579055,0.005280373647966069,0.0031715425661116314,0.0007929160788464713
ef_burn_crop_CH4_scale,50,-0.019646628497269922,0.019668161301219553,0.011926626289819239,0.003358149983668351
ef_burn_tree_N2O_scale,50,0.004131795385046111,0.004131795385046111,0.008138947128939273,0.0024434381655144234
ef_burn_tree_CH4_scale,50,0.018456954715314725,0.018456954715314725,0.03070221504851114,0.009392222446334978
ef_N_inputs,50,-0.08921449420104359,0.1321363348411501,0.12148326854882138,0.02318309105547931
combustion_factor_crop,50,-0.023108582373568172,0.023134396611240688,0.015554308587243668,0.004563672827451548
combustion_factor_tree,50,0.02588135120296987,0.02588135120296987,0.04766470902578912,0.014356032391512164
volatile_frac_organic_fertiliser,50,-0.002875425650973709,0.002875425650973709,0.00030556244209797645,8.220332913377668e-05
volatile_frac_synthetic_fertiliser,50,0.016297396888962864,0.016297396888962864,0.0016405654386363769,0.0005054828205225523
base_sf_qty_scale,50,-0.12981374696526457,0.12981374696526457,0.011684697112334299,0.0038287183019436823
proj_lit_qty_scale,50,0.013985002346659767,0.015483097616100158,0.012892036677618469,0.0035994766406945294
base_stand_density_scale,50,0.0,0.0,0.0,0.0
proj_stand_density_scale,50,0.07803348873421802,0.4062810079998111,0.6524124831801673,0.16435608206469182
tree_wood_dens_sp1,50,0.11938299508726255,0.4281779174130951,0.6961751051452125,0.17684548923228036
base_cover,50,0.15101426895045317,0.3114197093857616,0.4503206384955607,0.09579951270404312
base_fire_off,50,-0.024885313060658505,0.024885313060658505,0.08969221031413538,0.023475185917333708
base_fire_on,50,-0.03493285974000273,0.03493285974000273,0.005956144895642763,0.0018859905989436095
base_mortality,50,0.0,0.0,0.0,0.0
base_sf_n_delta,50,-0.13290163271820066,0.13290163271820066,0.013646164833617297,0.004551771405151802
base_thinning_delta,50,0.0,0.0,0.0,0.0
crop_base_left_delta,50,0.0717812080457741,0.07337026845303914,0.04784901169950997,0.014354265603680251
crop_base_yield_delta,50,-0.026585108541238876,0.05856810769658174,0.061511697763167686,0.00922206049662485
crop_carbon_above_sp3,50,0.015197437317849411,0.015849236217374378,0.012104773047171316,0.0035820258694552317
crop_carbon_below_sp3,50,0.02851751382755251,0.02851751382755251,0.01580720758178795,0.005548445658756961
crop_intercept_sp3,50,-0.001456821338908107,0.0036079917235059154,0.004638748283362923,0.0010847222320516032
crop_nitrogen_above_sp3,50,-0.01100848411047953,0.01100848411047953,0.004182521244883826,0.0012498817122695205
crop_nitrogen_below_sp3,50,-0.016081035434720826,0.016081035434720826,0.002230587608651643,0.0006893207916086841
crop_carbon_above_sp10,50,0.020071593737304362,0.020071593737304362,0.01600568403395184,0.004278788384341754
crop_carbon_below_sp10,50,0.007902152844593224,0.008561385419737355,0.008512372695761392,0.0023141224891292953
crop_intercept_sp10,50,0.0035812693103439083,0.00680845079488482,0.007482952177840286,0.0013522741531406105
crop_nitrogen_above_sp10,50,-0.007081677975079033,0.007081677975079033,0.0014323384656658989,0.00043741116246522147
crop_nitrogen_below_sp10,50,-0.004457407240105664,0.004457407240105664,0.0014506415250371708,0.0004333593057344478
crop_proj_left_delta,50,0.004479143308289385,0.018760100892295517,0.020442649006161655,0.002709628265085689
crop_proj_yield_delta,50,0.16640387576958454,0.17827854192322987,0.11567729443423858,0.027984007011233474
crop_root_in_top_30,50,0.013784605125980431,0.01946930533580011,0.02431317745633362,0.006310116777215762
crop_root_to_shoot_sp3,50,0.010543660795911193,0.01430935111527357,0.017476194806533674,0.004059162468270146
crop_slope_sp3,50,-0.004996369085989669,0.0067959194519638414,0.006039005024765671,0.0013047155507912016
crop_root_to_shoot_sp10,50,0.0044498992246191525,0.006868617334938165,0.007994700793355642,0.0020543335939201455
crop_slope_sp10,50,-0.00478904269787369,0.011213860402183314,0.012800472468298203,0.002261805120474508
cy0_to_ceq_multiplier,50,0.0026929937021426876,0.006433120205164733,0.01624173547872772,0.004369182651031486
litter_carbon,50,-0.013590208820541478,0.013590208820541478,0.011340680753781158,0.0034093919897084405
litter_nitrogen,50,0.023840581492758146,0.023840581492758146,0.002622228051294141,0.000724819217294897
mortality_fraction_branch_delta,50,0.00347171079732949,0.005334028089065616,0.005594060756416216,0.0011225739333416524
mortality_fraction_croot_delta,50,-0.0012185587712001122,0.003811986382136606,0.009429569307114095,0.002646688668815818
mortality_fraction_froot_delta,50,-0.00012110464895074835,0.0016162030846588015,0.003724170899444896,0.0011287751498012092
mortality_fraction_leaf_delta,50,-0.0012094877601434226,0.003354193957194425,0.0070515254297401145,0.001854005251292113
mortality_fraction_stem_delta,50,-0.014085298748235905,0.024956660302509218,0.062458894472367237,0.016820400376071316
pool_alloc_froot_sp1,50,0.008224764269525378,0.058757300920155096,0.12382369373577186,0.034159913856775984
pool_alloc_leaf_sp1,50,-0.020627568020862425,0.11952215543308106,0.26586165750607116,0.07324397463299324
pool_alloc_stem_sp1,50,0.0029179377143340596,0.31454319171538886,0.4967473432039276,0.11934957177816397
pool_turnover_branch_sp1,50,0.016523730416578807,0.2041045874858277,0.34885745499522275,0.07198590920764254
pool_turnover_croot_sp1,50,-0.00573025547244112,0.08692110400205036,0.19794828191378813,0.05518204636381474
pool_turnover_froot_sp1,50,0.0031222423700704993,0.04675000609315757,0.11636867719387657,0.037273821372193844
pool_turnover_leaf_sp1,50,-0.0003352236932072622,0.053845416824986905,0.11682540883791605,0.032161223213505695
pool_turnover_stem_sp1,50,1.818528235075321,4.212874845620978,7.789977532326309,1.9309069478355654
proj_cover,50,-0.00731381910485242,0.5185900976562949,1.1029095211524553,0.299390364583642
proj_fire_off,50,0.02339493953944246,0.02339493953944246,0.07196133832964131,0.02342570071968794
proj_fire_on,50,0.23246731713647706,0.23246731713647706,0.3461080855485659,0.11308477106982409
proj_mortality,50,0.6536152989783306,0.7491171514539174,2.035231211609922,0.6499805915189418
proj_thinning_delta,50,4.186775418325824,5.516290244606378,10.265697596616146,2.6859051788145005
roth_c_cover_c,50,0.0038081721073924798,0.014072675653746014,0.03563378640380675,0.010980214562673063
roth_c_dpm_frac_crop,50,-0.006535725418706367,0.006596011060649226,0.00910862488042812,0.002686344600977905
roth_c_dpm_frac_tree,50,-0.0017713730406288403,0.01768681390852511,0.03264102931196202,0.008705873477081945
roth_c_moisture_b_slope,50,-0.3191188009548677,0.7133079681647131,1.6723026296313872,0.43991204718314914
roth_c_temp_a1,50,0.02931934275277855,0.28909536381281137,0.500760692543506,0.10592883929058704
roth_c_temp_a2,50,0.0984127134753829,0.47868160477858446,0.7465902639007931,0.20299335310782973
thinning_fraction_branch_delta,50,0.013571917590142247,0.013571917590142247,0.011204549922857174,0.003212115287565683
thinning_fraction_croot_delta,50,0.004108172917087707,0.004108172917087707,0.003979235828332318,0.0013757096741608943
thinning_fraction_froot_delta,50,0.0033988767323215874,0.0033988767323215874,0.004307419365042877,0.0012905214881229418
thinning_fraction_leaf_delta,50,0.004768416100931097,0.004768416100931097,0.005421879625637767,0.001693545992683939
thinning_fraction_stem_delta,50,0.027909790456617845,0.027909790456617845,0.03793358429240949,0.012735462618185575
tree_carbon_sp1,50,-0.1008625707688938,0.5256208833740672,0.9475871934874218,0.24836555475458866
tree_nitrogen_branch_sp1,50,0.0007330341422471437,0.0007330341422471437,0.0009330337634067525,0.00025906354892093423
tree_nitrogen_croot_sp1,50,0.0009555934265117458,0.0009555934265117458,0.002708191874878564,0.0008143749430859341
tree_nitrogen_froot_sp1,50,0.021440899798549427,0.021440899798549427,0.034892207420768276,0.010932449758272914
tree_nitrogen_leaf_sp1,50,0.037772191495794756,0.037772191495794756,0.07355019445496713,0.02156140752661111
tree_nitrogen_stem_sp1,50,0.0016699864081300864,0.0016699864081300864,0.0021661872634015523,0.0006789994879281717
tree_root_in_top_30,50,-0.039166771276743825,0.10991424339158393,0.24017052886661555,0.06532752156235613
tree_root_to_shoot_sp1,50,-0.015098114752382218,0.05407799390042274,0.10101882342007015,0.02524062800429646
cy0,total,-5.431178563646101,41.59386687957289,65.80681560915801,16.123091906749455
clay,total,-26.521018001361618,33.6012785666892,69.30149422325948,19.256525840492632
temp_ci_delta,total,15.111211173931107,15.385914801764219,25.354613881864633,7.9481263901650845
rain_ci_delta,total,80.65916503606391,103.15198283671577,144.81749334768554,39.66325928875854
evap_ci_delta,total,-11.59794794772658,38.392265396760244,81.368387999987,21.880681505359014
ef_burn_crop_N2O_scale,total,-0.19713604760795636,0.20195435085381983,0.13225331446638436,0.03169868998284181
ef_burn_crop_CH4_scale,total,-0.7413217587046875,0.7496681025326228,0.49752419801533615,0.1363434759065695
ef_burn_tree_N2O_scale,total,0.29906918961138795,0.29906918961138795,0.2960983981111763,0.08774626478645198
ef_burn_tree_CH4_scale,total,1.2108333259722759,1.2108333259722759,1.1113478562293544,0.3307777007663183
ef_N_inputs,total,-3.307138131697311,4.507747229207473,3.7212365324090486,0.7217486849318939
combustion_factor_crop,total,-0.8645835394304608,0.8867712853161109,0.6577616562307732,0.18107803837965775
combustion_factor_tree,total,1.657207729801962,1.657207729801962,1.6077668057887538,0.4694996977424859
volatile_frac_organic_fertiliser,total,-0.14377128254869748,0.14377128254869748,0.015278122104901728,0.004110166456691926
volatile_frac_synthetic_fertiliser,total,0.8148698444481696,0.8148698444481696,0.08202827193181317,0.025274141026127486
base_sf_qty_scale,total,-6.490687348263242,6.490687348263242,0.5842348556167347,0.1914359150971909
proj_lit_qty_scale,total,-0.5199918735089074,0.9533772298754112,1.0783285018445727,0.2668407758599544
base_stand_density_scale,total,0.0,0.0,0.0,0.0
proj_stand_density_scale,total,-37.513241746289246,37.59891243468619,58.781379131377314,19.17881909046847
tree_wood_dens_sp1,total,-29.73431052172618,29.849100755070445,54.23387947147659,17.551681770633618
base_cover,total,54.168252014906656,54.168252014906656,67.35564550477349,20.394579272364773
base_fire_off,total,-1.2442656530329248,1.2442656530329248,4.484610515706764,1.1737592958666843
base_fire_on,total,-1.746642987000135,1.746642987000135,0.29780724478214476,0.09429952994718138
base_mortality,total,0.0,0.0,0.0,0.0
base_sf_n_delta,total,-6.645081635910001,6.645081635910001,0.682308241680843,0.22758857025757723
base_thinning_delta,total,0.0,0.0,0.0,0.0
crop_base_left_delta,total,7.89091443532798,7.89091443532798,3.690717211168916,1.170841286023007
crop_base_yield_delta,total,3.998660926404926,4.345436794887716,4.681699043854225,1.2906414395706625
crop_carbon_above_sp3,total,0.7448945994096886,0.8276165979037835,0.6853751362272016,0.19699358994476684
crop_carbon_below_sp3,total,1.6050439755868868,1.6096356217939263,0.9687827358430461,0.33220185523725826
crop_intercept_sp3,total,0.07587784986453869,0.26121899207217114,0.36904754977196486,0.0771435607016743
crop_nitrogen_above_sp3,total,-0.2941825191872968,0.2941825191872968,0.12813114249655821,0.03963820166610014
crop_nitrogen_below_sp3,total,-0.4974353411798894,0.4974353411798894,0.0728980758820889,0.02275745641971146
crop_carbon_above_sp10,total,2.109896688693406,2.109896688693406,1.2543294677543233,0.3348151793323582
crop_carbon_below_sp10,total,0.8497348565614379,0.8610461074720879,0.6761885169628178,0.19822932730807147
crop_intercept_sp10,total,0.5689096709405292,0.5951578928109622,0.43456678020865147,0.10714437821811754
crop_nitrogen_above_sp10,total,-0.3198204830001369,0.3198204830001369,0.07109842267677698,0.02134567243088082
crop_nitrogen_below_sp10,total,-0.2010053802445368,0.2010053802445368,0.0703383287642472,0.020942363784686287
crop_proj_left_delta,total,-1.9279127369760638,1.9750117481538034,1.5445935946868854,0.4703922481095237
crop_proj_yield_delta,total,2.123623206918045,4.8148512221105415,5.156645022030826,0.8828420118949354
crop_root_in_top_30,total,1.7201112948090593,1.7853998566617786,1.446005348195013,0.4305305287533808
crop_root_to_shoot_sp3,total,1.030112714907753,1.0889004485428253,0.980916022830235,0.26314696092349654
crop_slope_sp3,total,0.1392464554728312,0.30725654392046464,0.39617512376183633,0.07773863609613348
crop_root_to_shoot_sp10,total,0.7528561542402719,0.7545676723800823,0.6375862519217157,0.21403326178091908
crop_slope_sp10,total,0.8188757705998343,0.8944286241860352,0.9586896924713659,0.26169903212268664
cy0_to_ceq_multiplier,total,-0.004239227913927257,0.7621920104088875,2.0291788920129985,0.6096759791249626
litter_carbon,total,-1.9210632010494781,1.9210632010494781,1.0007348891631098,0.3040907467589372
litter_nitrogen,total,1.1920290746379014,1.1920290746379014,0.13111140256468518,0.036240960864731206
mortality_fraction_branch_delta,total,-0.4844790380456746,0.4857947654936893,0.5635892320405593,0.15096533074542975
mortality_fraction_croot_delta,total,-0.2822815257492065,0.2822815257492065,0.5192987107581133,0.15939572828324924
mortality_fraction_froot_delta,total,-0.10258364488896907,0.10378712828262833,0.22716366766750684,0.07358707335164327
mortality_fraction_leaf_delta,total,-0.22042065859282026,0.225513998773669,0.4296012688230073,0.12430189832875789
mortality_fraction_stem_delta,total,-1.7768120356436672,1.7788200623018458,3.4326089849359507,1.0227079274343902
pool_alloc_froot_sp1,total,-3.875726567329791,3.902744683140361,7.518363971907863,2.5232674803729993
pool_alloc_leaf_sp1,total,-7.655855899542544,7.802564116342867,17.12413847715879,5.014758237332319
pool_alloc_stem_sp1,total,9.158591274101648,24.113831509608584,34.8905685109863,8.098999326730574
pool_turnover_branch_sp1,total,14.945872830005154,14.948106400143098,17.664021885422088,4.573829009191413
pool_turnover_croot_sp1,total,-7.147944452257498,7.147944452257498,10.48353924063654,3.2615502995629875
pool_turnover_froot_sp1,total,-2.819402826779026,2.931474028914675,6.107806670930888,2.0958407396770817
pool_turnover_leaf_sp1,total,-3.456760392793933,3.62083016823113,7.369912244796349,2.1938007649435205
pool_turnover_stem_sp1,total,430.46964573148455,430.4806210847763,564.2434793368438,158.1448261536117
proj_cover,total,-112.22308123805048,112.22308123805048,159.35235237892428,47.302887360433424
proj_fire_off,total,1.6664870602033115,1.6664870602033115,4.059700114861182,1.284654260483549
proj_fire_on,total,16.514913168490928,16.514913168490928,10.572471461140339,3.4053744311425085
proj_mortality,total,30.45790443114739,30.457928796847092,63.68274834386345,20.191732581167642
proj_thinning_delta,total,518.938239816575,518.938239816575,661.7589501242228,193.56732347565378
roth_c_cover_c,total,1.400998339319961,1.586831645407183,2.6973675406321727,0.8211955281966162
roth_c_dpm_frac_crop,total,-1.9439179968238736,1.9439179968238736,1.6596361970767406,0.5194542150592926
roth_c_dpm_frac_tree,total,1.4966529509151498,1.5009323864281299,3.0429566149268577,1.0296744966097635
roth_c_moisture_b_slope,total,-60.99936399804234,67.05344890659953,121.18557192627313,32.55878324720264
roth_c_temp_a1,total,17.621167926604528,18.142380975723732,25.308931326901078,6.782254745746804
roth_c_temp_a2,total,-22.254680126896314,23.327391830669647,34.66533232811592,11.486142171862653
thinning_fraction_branch_delta,total,-0.32232579251968746,0.32747884909807135,0.33475627107050343,0.0770809292276602
thinning_fraction_croot_delta,total,-0.13961991972182083,0.13961991972182083,0.17109214896505348,0.05913210900972412
thinning_fraction_froot_delta,total,-0.06319768335726646,0.06668780111162201,0.0764403020825726,0.020511231718309993
thinning_fraction_leaf_delta,total,-0.08208399632145602,0.09671126927543201,0.13918040378288812,0.039757443127373115
thinning_fraction_stem_delta,total,-0.8518131751324987,0.869478320639842,1.5850019666044293,0.5450262853633439
tree_carbon_sp1,total,-44.29087662761718,44.29087662761718,82.34094125712733,25.415311422393174
tree_nitrogen_branch_sp1,total,0.06539417027554209,0.06539417027554209,0.030500840960444447,0.008396418372904908
tree_nitrogen_croot_sp1,total,0.050717730049264095,0.050717730049264095,0.08270571456351976,0.02428456684790912
tree_nitrogen_froot_sp1,total,1.2807190989340431,1.2807190989340431,1.1472733772087225,0.36330142060542264
tree_nitrogen_leaf_sp1,total,2.0816047018918487,2.0816047018918487,2.220358745401026,0.6550362792316685
tree_nitrogen_stem_sp1,total,0.16096945305843707,0.16096945305843707,0.06714769112098043,0.022453823777965384
tree_root_in_top_30,total,-7.984263028749983,7.99101065963224,14.79099429336777,4.516463685832625
tree_root_to_shoot_sp1,total,-5.196305680197118,5.196305680197118,9.795195591699311,2.859828433690355
