parameter,year,mu,mu_star,sigma,mu_star_conf
cy0,1,-0.8626100909507844,5.1082202005705515,8.26976569785773,1.8344950158146798
clay,1,0.26049362132370213,1.085884005835359,2.58367364276106,0.785284477295639
temp_ci_delta,1,-0.25937173706284933,0.29359781020205455,0.6292902329612896,0.1634160236378123
rain_ci_delta,1,0.4427698549373201,1.6472004893980834,4.154794820735232,1.257316876416347
evap_ci_delta,1,-0.1378198990676939,0.19008980968896444,0.7965634700948674,0.23648023158829162
ef_burn_crop_N2O_scale,1,-0.0002492264162427205,0.0014020530064108526,0.0018444832649696888,0.0003714329167161827
ef_burn_crop_CH4_scale,1,-0.0015075344077001064,0.004823479065056447,0.006501911200415175,0.0014668917888623503
ef_burn_tree_N2O_scale,1,0.0006301347932417655,0.0006301347932417655,0.0004527234022934496,0.00012180565484492137
ef_burn_tree_CH4_scale,1,0.0022801317798926135,0.0022801317798926135,0.0015874279873316832,0.0005076551026959577
ef_N_inputs,1,-0.11243416633856355,0.11243416633856355,0.01481466006195925,0.004647920991971023
combustion_factor_crop,1,-0.0012512126819974156,0.007176639844422894,0.010253720701600723,0.00231206561439624
combustion_factor_tree,1,0.003292818548670695,0.003292818548670695,0.0019931044342661147,0.0006493433778113618
volatile_frac_organic_fertiliser,1,-0.0028754256509667896,0.0028754256509667896,0.0003055624420950391,8.22033291320893e-05
volatile_frac_synthetic_fertiliser,1,0.01629739688895988,0.01629739688895988,0.001640565438641338,0.0005054828205239801
base_sf_qty_scale,1,-0.1298137469652673,0.1298137469652673,0.011684697112333714,0.0038287183019431485
proj_lit_qty_scale,1,-0.18860708454004182,0.18860708454004182,0.025845273895796578,0.00761777879605729
base_stand_density_scale,1,0.0,0.0,0.0,0.0
proj_stand_density_scale,1,-38.21263235867647,38.21263235867647,3.33465666822224,1.2044831124599749
tree_wood_dens_sp1,1,-38.7756643337693,38.7756643337693,3.748376198044798,1.110389273201475
base_cover,1,3.950228265100578,3.950228265100578,4.749587944567553,1.582214005778216
base_fire_off,1,-0.02488531306065802,0.02488531306065802,0.08969221031413324,0.023475185917333195
base_fire_on,1,-0.03493285974000635,0.03493285974000635,0.005956144895650116,0.0018859905989454247
base_mortality,1,0.0,0.0,0.0,0.0
base_sf_n_delta,1,-0.13290163271819894,0.13290163271819894,0.013646164833614333,0.004551771405149853
base_thinning_delta,1,0.0,0.0,0.0,0.0
crop_base_left_delta,1,0.628187542636271,0.628187542636271,0.08417916813128744,0.02605075285910626
crop_base_yield_delta,1,0.7332408850561478,0.7332408850561478,0.17631663984629328,0.05289295059971322
crop_carbon_above_sp3,1,0.009173172745888535,0.020794110508526132,0.025160941354868363,0.005047140402069935
crop_carbon_below_sp3,1,0.04141478128169993,0.04606687365882891,0.07713674515596727,0.022969402216098122
crop_intercept_sp3,1,-0.0017635475293793946,0.011695879690469013,0.014971928078971377,0.0027942684967331662
crop_nitrogen_above_sp3,1,-0.0013829849470138101,0.0020823640549824775,0.002267851845145202,0.0005020846647997125
crop_nitrogen_below_sp3,1,-0.0031851691322604125,0.0031851691322604125,0.0007438279445819832,0.00023880611581167754
crop_carbon_above_sp10,1,-0.01352913995421332,0.048934319135602776,0.06277315189939311,0.014296465029511485
crop_carbon_below_sp10,1,0.0013931226949264186,0.020119845283508297,0.025926611113210787,0.005152809166426202
crop_intercept_sp10,1,-0.0028082775981900453,0.009376716942566787,0.01132616088915686,0.0018713567122419178
crop_nitrogen_above_sp10,1,-0.0002289948243113571,0.0015789172150196152,0.0018849667345569466,0.0003306200938857567
crop_nitrogen_below_sp10,1,-8.44108879498151e-05,0.0008590760851042489,0.001155811404008701,0.0002637245058225272
crop_proj_left_delta,1,-0.6196842846764834,0.6196842846764834,0.1048385354426235,0.029062270288765325
crop_proj_yield_delta,1,-0.7376044457062306,0.7376044457062306,0.1621578500705523,0.04538849723057672
crop_root_in_top_30,1,0.0303707219468766,0.04147494664173799,0.04159921693515602,0.010768039441948398
crop_root_to_shoot_sp3,1,0.03221470671877284,0.03311336260331714,0.023755786072378677,0.007111463764267845
crop_slope_sp3,1,0.0144473776152779,0.01612049955520476,0.02393653807904249,0.0065542927540268945
crop_root_to_shoot_sp10,1,0.01381891012522658,0.02541570579644059,0.06754610348187566,0.018891253771937337
crop_slope_sp10,1,-0.008123718095470878,0.05331399121429072,0.06695323831103976,0.011012594715207814
cy0_to_ceq_multiplier,1,0.18946148635294052,0.45501106594591934,1.2171365986202425,0.3606517857751699
litter_carbon,1,-0.2085123360300301,0.2085123360300301,0.01996424321196892,0.006344824006807038
litter_nitrogen,1,0.023840581492763847,0.023840581492763847,0.002622228051287709,0.0007248192172928576
mortality_fraction_branch_delta,1,0.0,0.0,0.0,0.0
mortality_fraction_croot_delta,1,0.0,0.0,0.0,0.0
mortality_fraction_froot_delta,1,0.0,0.0,0.0,0.0
mortality_fraction_leaf_delta,1,0.0,0.0,0.0,0.0
mortality_fraction_stem_delta,1,0.0,0.0,0.0,0.0
pool_alloc_froot_sp1,1,-2.699853116710973,2.699853116710973,0.29433293411139166,0.08594135712122541
pool_alloc_leaf_sp1,1,-2.680496661875217,2.680496661875217,0.2517196613289547,0.07295259287394926
pool_alloc_stem_sp1,1,-4.9416002722590875,4.9416002722590875,0.6024926366083823,0.20072832576994856
pool_turnover_branch_sp1,1,0.0,0.0,0.0,0.0
pool_turnover_croot_sp1,1,0.0,0.0,0.0,0.0
pool_turnover_froot_sp1,1,0.0,0.0,0.0,0.0
pool_turnover_leaf_sp1,1,0.0,0.0,0.0,0.0
pool_turnover_stem_sp1,1,0.0,0.0,0.0,0.0
proj_cover,1,-5.235016529702267,5.235016529702267,7.226824987466565,2.1451610953462223
proj_fire_off,1,0.05973419738979295,0.05973419738979295,0.12463274165293393,0.037697051626391746
proj_fire_on,1,0.06644873313502835,0.06644873313502835,0.00785776363085018,0.0025470416054079975
proj_mortality,1,0.0,0.0,0.0,0.0
proj_thinning_delta,1,0.0,0.0,0.0,0.0
roth_c_cover_c,1,0.10199174505733985,0.12977377125935058,0.47196980798158616,0.13092214287793877
roth_c_dpm_frac_crop,1,-0.017097407257929475,0.058486866648391714,0.07144487172689035,0.014015118570931738
roth_c_dpm_frac_tree,1,0.05838938040421589,0.05838938040421589,0.24816201331971258,0.0762347990692366
roth_c_moisture_b_slope,1,-0.06647481861003293,0.43058040497048716,1.149211756173191,0.2898941800704714
roth_c_temp_a1,1,-0.03955459943728527,0.23137055256196248,0.4734591909378069,0.12163433049048587
roth_c_temp_a2,1,0.03223067802239434,0.6833703648502617,1.4899634425552966,0.42036063134894736
thinning_fraction_branch_delta,1,0.0,0.0,0.0,0.0
thinning_fraction_croot_delta,1,0.0,0.0,0.0,0.0
thinning_fraction_froot_delta,1,0.0,0.0,0.0,0.0
thinning_fraction_leaf_delta,1,0.0,0.0,0.0,0.0
thinning_fraction_stem_delta,1,0.0,0.0,0.0,0.0
tree_carbon_sp1,1,-38.27817189409821,38.27817189409821,3.3349569586826573,0.9832780530952014
tree_nitrogen_branch_sp1,1,0.0,0.0,0.0,0.0
tree_nitrogen_croot_sp1,1,0.0,0.0,0.0,0.0
tree_nitrogen_froot_sp1,1,0.0,0.0,0.0,0.0
tree_nitrogen_leaf_sp1,1,0.0,0.0,0.0,0.0
tree_nitrogen_stem_sp1,1,0.0,0.0,0.0,0.0
tree_root_in_top_30,1,0.0,0.0,0.0,0.0
tree_root_to_shoot_sp1,1,-4.938693308621029,4.938693308621029,0.6746286989763034,0.20407510066449364
cy0,2,-0.5799795778455927,2.017452057302397,3.7327062219864717,0.854082876580465
clay,2,-0.1089709581243358,0.20019557837414595,0.40883809794562,0.10988028991226
temp_ci_delta,2,-0.013712061484757588,0.12891218850650601,0.24707204947555575,0.05412351143541601
rain_ci_delta,2,0.6185780440950882,1.357182103287816,3.177270558459213,0.9591934714561857
evap_ci_delta,2,-0.1152438540282108,0.12060553354844697,0.6376257934191746,0.19650490058373554
ef_burn_crop_N2O_scale,2,-0.0002492264162408553,0.0014020530064116521,0.0018444832649695958,0.00037143291671625894
ef_burn_crop_CH4_scale,2,-0.0015075344077012387,0.004823479065053848,0.006501911200413114,0.0014668917888618724
ef_burn_tree_N2O_scale,2,0.0006301347932363033,0.0006301347932363033,0.0004527234022875092,0.00012180565484313708
ef_burn_tree_CH4_scale,2,0.0022801317798912812,0.0022801317798912812,0.0015874279873296095,0.0005076551026954247
ef_N_inputs,2,-0.1124341663385593,0.1124341663385593,0.014814660061964946,0.004647920991972066
combustion_factor_crop,2,-0.0012512126820012793,0.007176639844418231,0.01025372070159543,0.002312065614393747
combustion_factor_tree,2,0.0032928185486713613,0.0032928185486713613,0.0019931044342590054,0.0006493433778104805
volatile_frac_organic_fertiliser,2,-0.0028754256509718524,0.0028754256509718524,0.00030556244209857276,8.22033291340453e-05
volatile_frac_synthetic_fertiliser,2,0.016297396888963346,0.016297396888963346,0.0016405654386361592,0.0005054828205225914
base_sf_qty_scale,2,-0.12981374696526596,0.12981374696526596,0.011684697112333928,0.0038287183019436043
proj_lit_qty_scale,2,-0.10906051223939661,0.10906051223939661,0.03923769193163709,0.011435316121304573
base_stand_density_scale,2,0.0,0.0,0.0,0.0
proj_stand_density_scale,2,6.594121990493456,6.594121990493456,1.8710284556552679,0.6412661176752265
tree_wood_dens_sp1,2,6.870296829868984,6.870296829868984,1.6375821948004978,0.5004108184349502
base_cover,2,1.757120241155239,1.757120241155239,2.0511589827135848,0.7243017482614934
base_fire_off,2,-0.024885313060658554,0.024885313060658554,0.08969221031413538,0.023475185917333722
base_fire_on,2,-0.034932859740004485,0.034932859740004485,0.005956144895641762,0.0018859905989430988
base_mortality,2,0.0,0.0,0.0,0.0
base_sf_n_delta,2,-0.13290163271820046,0.13290163271820046,0.013646164833616666,0.004551771405151596
base_thinning_delta,2,0.0,0.0,0.0,0.0
crop_base_left_delta,2,0.39697929433242,0.39697929433242,0.08351380675253346,0.026756708661513393
crop_base_yield_delta,2,0.4043639846533697,0.4043639846533697,0.10326156007828863,0.02928880871993294
crop_carbon_above_sp3,2,0.004577479016844466,0.015271433996629159,0.02114608966287737,0.004196358905631384
crop_carbon_below_sp3,2,0.019418470355746863,0.02835103928143119,0.03730575940790937,0.010131923565057915
crop_intercept_sp3,2,-0.002053140587237978,0.009526212197665229,0.012940234492681847,0.0028580144100319306
crop_nitrogen_above_sp3,2,-0.0013829849470191392,0.002082364054988339,0.0022678518451467442,0.0005020846648000816
crop_nitrogen_below_sp3,2,-0.003185169132261212,0.003185169132261212,0.0007438279445789982,0.00023880611581084715
crop_carbon_above_sp10,2,-0.01058044426557303,0.035180755185745524,0.04759360798020714,0.01192573193754838
crop_carbon_below_sp10,2,-0.0008126817520645258,0.014642500316280805,0.0205562747044674,0.0046205552669059975
crop_intercept_sp10,2,-0.0024698954588945553,0.007291349894075783,0.00967347918741708,0.001672783461712568
crop_nitrogen_above_sp10,2,-0.00022899482431668617,0.0015789172150286745,0.001884966734563083,0.000330620093885351
crop_nitrogen_below_sp10,2,-8.441088795354545e-05,0.0008590760851034495,0.0011558114040103678,0.00026372450582464043
crop_proj_left_delta,2,-0.39502071714579773,0.39502071714579773,0.10157904220546066,0.030016582664265243
crop_proj_yield_delta,2,-0.43128838531386215,0.43128838531386215,0.15984143583078342,0.044503403677574806
crop_root_in_top_30,2,0.01560820602963502,0.03149188957171902,0.04526945031537346,0.012968567279825635
crop_root_to_shoot_sp3,2,0.016961417935921874,0.02095604032164622,0.02301507178497056,0.006342179477574442
crop_slope_sp3,2,0.007123857234718578,0.009466216479752187,0.013316724206387517,0.003518555229964203
crop_root_to_shoot_sp10,2,0.006669696499100253,0.01461436628846271,0.03511259185854453,0.00966142732679177
crop_slope_sp10,2,-0.006563268083462459,0.03469387290947643,0.045820123576632094,0.008455647651223613
cy0_to_ceq_multiplier,2,-0.004078028490572238,0.09603325945362609,0.2494776610368716,0.06903172954018465
litter_carbon,2,-0.12728780890062769,0.12728780890062769,0.027778524649474032,0.008748346428960859
litter_nitrogen,2,0.02384058149275612,0.02384058149275612,0.0026222280512906834,0.0007248192172942525
mortality_fraction_branch_delta,2,0.0,0.0,0.0,0.0
mortality_fraction_croot_delta,2,0.0,0.0,0.0,0.0
mortality_fraction_froot_delta,2,0.0,0.0,0.0,0.0
mortality_fraction_leaf_delta,2,0.0,0.0,0.0,0.0
mortality_fraction_stem_delta,2,0.0,0.0,0.0,0.0
pool_alloc_froot_sp1,2,2.1199974922866325,2.1199974922866325,0.2508292567315826,0.07361611803938094
pool_alloc_leaf_sp1,2,2.5450419190402003,2.5450419190402003,0.25471390667260196,0.07374634994322868
pool_alloc_stem_sp1,2,1.475383993834353,1.5985455945512321,1.314954992066048,0.3311562948770638
pool_turnover_branch_sp1,2,0.43487794519778655,0.43487794519778655,0.07450899966363386,0.02050600188527504
pool_turnover_croot_sp1,2,5.155840806581617,5.155840806581617,0.7765314003002869,0.25140311813540855
pool_turnover_froot_sp1,2,2.2585306380447157,2.2585306380447157,0.2817066973199184,0.10408418439127376
pool_turnover_leaf_sp1,2,1.4873073634937255,1.4873073634937255,0.20434246338343406,0.06344925713717907
pool_turnover_stem_sp1,2,19.23518178804216,19.23518178804216,2.8606176935508865,0.9272604269777794
proj_cover,2,-2.5951110759572575,2.5951110759572575,3.713667142169095,1.146071922182721
proj_fire_off,2,0.05973419738979149,0.05973419738979149,0.12463274165293019,0.03769705162639022
proj_fire_on,2,0.06644873313502582,0.06644873313502582,0.00785776363084585,0.002547041605407192
proj_mortality,2,0.6352066967824506,0.6352066967824506,0.0735539192873073,0.021492544105818228
proj_thinning_delta,2,15.94800396530338,15.94800396530338,10.76200245997578,3.302869423314876
roth_c_cover_c,2,0.01687526352377584,0.030765572933920682,0.06527246259678009,0.017561947194630716
roth_c_dpm_frac_crop,2,-0.0051314379035262815,0.05705814285698048,0.09291804192600767,0.02093023388185241
roth_c_dpm_frac_tree,2,0.020565228255964362,0.020565228255964362,0.05394701357693622,0.016667489191205774
roth_c_moisture_b_slope,2,-0.10862747775721267,0.36180928114113187,0.856975834065348,0.20383478873852567
roth_c_temp_a1,2,0.06477973176059457,0.14926448101835232,0.2526323509739934,0.06300779938358264
roth_c_temp_a2,2,-0.16278593590416174,0.38340998872855364,0.6447343287880707,0.15894953635983655
thinning_fraction_branch_delta,2,0.0,0.0,0.0,0.0
thinning_fraction_croot_delta,2,0.0,0.0,0.0,0.0
thinning_fraction_froot_delta,2,0.0,0.0,0.0,0.0
thinning_fraction_leaf_delta,2,0.0,0.0,0.0,0.0
thinning_fraction_stem_delta,2,0.0,0.0,0.0,0.0
tree_carbon_sp1,2,6.992913235873583,6.992913235873583,1.8737645045246583,0.6144777272714023
tree_nitrogen_branch_sp1,2,0.0,0.0,0.0,0.0
tree_nitrogen_croot_sp1,2,0.0,0.0,0.0,0.0
tree_nitrogen_froot_sp1,2,0.0,0.0,0.0,0.0
tree_nitrogen_leaf_sp1,2,0.0,0.0,0.0,0.0
tree_nitrogen_stem_sp1,2,0.0,0.0,0.0,0.0
tree_root_in_top_30,2,0.0,0.0,0.0,0.0
tree_root_to_shoot_sp1,2,0.34538012045637856,0.3970724163240132,0.3565114042380771,0.09517857806881791
cy0,3,-0.47947843222569064,1.6045151336972387,2.8254047098020028,0.6597837047002036
clay,3,-1.2267857498969743,1.263148197231617,1.2618583341835985,0.3552787371499528
temp_ci_delta,3,0.818069078292706,0.818069078292706,0.3093387324526995,0.08635569767190715
rain_ci_delta,3,3.5674002548701926,3.941295647973456,5.00207915740452,1.5547040020875116
evap_ci_delta,3,-0.3238794454432309,0.3523927269373375,1.0222925085065209,0.3076749891096206
ef_burn_crop_N2O_scale,3,-0.0002492264162413882,0.0014020530064123183,0.0018444832649692682,0.00037143291671621676
ef_burn_crop_CH4_scale,3,-0.001507534407700173,0.004823479065056513,0.006501911200415507,0.001466891788862189
ef_burn_tree_N2O_scale,3,0.013293291154785036,0.013293291154785036,0.010366873530886658,0.003048327430142209
ef_burn_tree_CH4_scale,3,0.047132462103670544,0.047132462103670544,0.03695249442516327,0.01258046685079805
ef_N_inputs,3,0.00911062198309619,0.01652727627798395,0.018319325465212886,0.0036187501575751986
combustion_factor_crop,3,-0.0012512126820000801,0.007176639844418497,0.010253720701596244,0.0023120656143937133
combustion_factor_tree,3,0.06629465483626859,0.06629465483626859,0.04270746749970566,0.013878439903570489
volatile_frac_organic_fertiliser,3,-0.002875425650974384,0.002875425650974384,0.0003055624420972342,8.220332913354481e-05
volatile_frac_synthetic_fertiliser,3,0.01629739688896268,0.01629739688896268,0.0016405654386365146,0.0005054828205225061
base_sf_qty_scale,3,-0.1298137469652641,0.1298137469652641,0.011684697112334148,0.0038287183019435713
proj_lit_qty_scale,3,-0.06840443465667594,0.06840443465667594,0.04029792493706686,0.01182436729703635
base_stand_density_scale,3,0.0,0.0,0.0,0.0
proj_stand_density_scale,3,-3.810727292214689,3.810727292214689,1.1398464779967221,0.3819060973905466
tree_wood_dens_sp1,3,-3.8157340884166864,3.8157340884166864,1.1614931609993482,0.3035765646708338
base_cover,3,1.1891204814770464,1.210185751753419,1.6069845578453743,0.546911734817636
base_fire_off,3,-0.024885313060658488,0.024885313060658488,0.08969221031413531,0.0234751859173337
base_fire_on,3,-0.034932859740002487,0.034932859740002487,0.005956144895642397,0.0018859905989434156
base_mortality,3,0.0,0.0,0.0,0.0
base_sf_n_delta,3,-0.13290163271820093,0.13290163271820093,0.013646164833617073,0.004551771405151679
base_thinning_delta,3,0.0,0.0,0.0,0.0
crop_base_left_delta,3,0.2997739557007915,0.2997739557007915,0.08391270493670049,0.027181576535710798
crop_base_yield_delta,3,0.26419833511814506,0.26419833511814506,0.08567376445309975,0.0237199151982202
crop_carbon_above_sp3,3,0.002837420066234131,0.012648675439213886,0.01971644675689824,0.004041048083622341
crop_carbon_below_sp3,3,0.011649371556639965,0.022176260951533376,0.0304422307951837,0.008169735217531204
crop_intercept_sp3,3,-0.0019382406773100548,0.007838989802265606,0.011384699788337005,0.002782968229123837
crop_nitrogen_above_sp3,3,-0.0013829849470184063,0.002082364054989072,0.002267851845147132,0.0005020846647996041
crop_nitrogen_below_sp3,3,-0.003185169132261112,0.003185169132261112,0.0007438279445783409,0.000238806115810872
crop_carbon_above_sp10,3,-0.009109199446935157,0.02824759536931898,0.04165157091507224,0.011276679183060724
crop_carbon_below_sp10,3,-0.001032325428231995,0.012494431882129241,0.019205142667922344,0.004579256709795005
crop_intercept_sp10,3,-0.0022255104619242514,0.005970695884042465,0.008950490770937266,0.001742134417393552
crop_nitrogen_above_sp10,3,-0.00022899482431705255,0.0015789172150305064,0.001884966734563994,0.0003306200938848949
crop_nitrogen_below_sp10,3,-8.441088795454465e-05,0.000859076085101651,0.0011558114040091712,0.0002637245058249209
crop_proj_left_delta,3,-0.29777697959385974,0.29777697959385974,0.09864830126259014,0.029593821923489787
crop_proj_yield_delta,3,-0.2995512674532492,0.2995512674532492,0.152784861958656,0.04234254750530572
crop_root_in_top_30,3,0.009619065776422043,0.027022651611093185,0.04703145334340753,0.014097390794840146
crop_root_to_shoot_sp3,3,0.011600322207103586,0.01645637832335134,0.021155752765825826,0.005743800230246234
crop_slope_sp3,3,0.004227306296167177,0.006628266952583994,0.009721556856733971,0.0025671463877416693
crop_root_to_shoot_sp10,3,0.003989543474180746,0.009981521740986122,0.022006330229509225,0.005891360215184512
crop_slope_sp10,3,-0.005421294959559652,0.025667929343840303,0.03668174608910638,0.007640202089964492
cy0_to_ceq_multiplier,3,-0.045917372499226984,0.11760800190149132,0.2586347088852864,0.06746962211939922
litter_carbon,3,-0.08649799390852146,0.08649799390852146,0.027886500230498455,0.008800010861623757
litter_nitrogen,3,0.023840581492757917,0.023840581492757917,0.002622228051293832,0.0007248192172947467
mortality_fraction_branch_delta,3,-0.12345931985664915,0.12345931985664915,0.03207558062078608,0.009045968181137157
mortality_fraction_croot_delta,3,-0.04999288472307051,0.04999288472307051,0.010371686331465334,0.0035267703763147864
mortality_fraction_froot_delta,3,-0.02610051962593494,0.02610051962593494,0.005512098336239298,0.0016303682571041011
mortality_fraction_leaf_delta,3,-0.03790846389025362,0.03790846389025362,0.006619023935961411,0.0019905403199811694
mortality_fraction_stem_delta,3,-0.272458646298394,0.272458646298394,0.04541596504854366,0.014790398062108108
pool_alloc_froot_sp1,3,-1.0023011573800795,1.0023011573800795,0.17192143775362528,0.05030555948943672
pool_alloc_leaf_sp1,3,-1.7487909860604351,1.7487909860604351,0.2885082139026678,0.07890418241047181
pool_alloc_stem_sp1,3,0.39111324092506317,0.7079846028260094,0.7455130848174955,0.13352894932165185
pool_turnover_branch_sp1,3,0.22045504348186667,0.22045504348186667,0.06488478626147215,0.01765336468637481
pool_turnover_croot_sp1,3,-2.7547612415699327,2.7547612415699327,0.5585030632975021,0.17674240233051514
pool_turnover_froot_sp1,3,-1.1548178296888434,1.1548178296888434,0.24886581071024352,0.08429266545954012
pool_turnover_leaf_sp1,3,-1.0334498428869845,1.0334498428869845,0.21319725511420906,0.06785763973071023
pool_turnover_stem_sp1,3,7.35925558451288,7.35925558451288,2.762561043742948,0.8399356633666746
proj_cover,3,-5.574125928987086,5.574125928987086,7.590403696041785,2.465291450817587
proj_fire_off,3,0.05973419738979202,0.05973419738979202,0.1246327416529314,0.0376970516263906
proj_fire_on,3,0.6475645031282166,0.6475645031282166,0.14050719787481297,0.04439034712280179
proj_mortality,3,0.42945559326180016,0.42945559326180016,0.09527839325628674,0.02713227268432651
proj_thinning_delta,3,10.520054487506307,10.520054487506307,7.271321764987738,2.195341303137414
roth_c_cover_c,3,0.026431023064090065,0.04009768060768657,0.06049458272056829,0.016053235066584723
roth_c_dpm_frac_crop,3,-0.0021380168328983596,0.043706137244057544,0.08986389455805437,0.022358452887588337
roth_c_dpm_frac_tree,3,0.44543204226823113,0.44543204226823113,0.0861784505940493,0.029231387289101178
roth_c_moisture_b_slope,3,-0.8397811188580402,1.0190638092333117,1.3055052666729536,0.32799092776283895
roth_c_temp_a1,3,1.3397096243058992,1.3397096243058992,0.43330818322844133,0.12351866136724346
roth_c_temp_a2,3,-3.3271640782789538,3.338210061397702,1.1017272288132065,0.31977308422804657
thinning_fraction_branch_delta,3,-0.15374801768557583,0.15374801768557583,0.2141830696890292,0.06195701352412537
thinning_fraction_croot_delta,3,-0.07958969829586282,0.07958969829586282,0.08952868045263711,0.025750843089703282
thinning_fraction_froot_delta,3,-0.033533155361926914,0.033533155361926914,0.04517197248839113,0.014690364321565714
thinning_fraction_leaf_delta,3,-0.06413496770600675,0.06413496770600675,0.07658056919338617,0.023673817982727434
thinning_fraction_stem_delta,3,-0.48143266475967383,0.48143266475967383,0.5137072158081918,0.1626525349903705
tree_carbon_sp1,3,-3.872002412891343,3.872002412891343,1.2076388304536325,0.34411028755426
tree_nitrogen_branch_sp1,3,0.002439383351613178,0.002439383351613178,0.0008579119572879189,0.0002770384534087281
tree_nitrogen_croot_sp1,3,0.0015719293501061048,0.0015719293501061048,0.0008704991604279312,0.0002516495151356598
tree_nitrogen_froot_sp1,3,0.0436613306455948,0.0436613306455948,0.007290529734585286,0.0019903025881063043
tree_nitrogen_leaf_sp1,3,0.06509850938188322,0.06509850938188322,0.008240970154006481,0.0025658202396531293
tree_nitrogen_stem_sp1,3,0.009647438875351378,0.009647438875351378,0.004681056326652796,0.0012434564072151507
tree_root_in_top_30,3,-1.3505743830802999,1.3505743830802999,0.2554067459782101,0.07449446672615208
tree_root_to_shoot_sp1,3,-0.1190612441424502,0.22100110674942303,0.2693720130016943,0.0590401418439432
cy0,4,-0.43237620875022315,1.380136386075788,2.4718990514194097,0.5928152639139729
clay,4,-1.6860052613619547,1.7041531389658426,1.6274695581093845,0.47740212105981833
temp_ci_delta,4,1.2809673820550773,1.2809673820550773,0.3165253840199558,0.0894898670695265
rain_ci_delta,4,5.663124208580177,5.902418091753752,7.411575928808968,2.4009488002296315
evap_ci_delta,4,-0.493170819114311,0.5233205658810467,1.4256521942561098,0.42994292903060677
ef_burn_crop_N2O_scale,4,-0.0002492264162413882,0.0014020530064111857,0.001844483264969082,0.00037143291671644607
ef_burn_crop_CH4_scale,4,-0.0015075344077006476,0.004823479065056121,0.006501911200415031,0.0014668917888621266
ef_burn_tree_N2O_scale,4,0.012259106892419708,0.012259106892419708,0.009231360157454934,0.002674197688140733
ef_burn_tree_CH4_scale,4,0.044035823206944436,0.044035823206944436,0.0334870085966939,0.01130489680778046
ef_N_inputs,4,0.001214062587802775,0.01310160235247885,0.017285588184055754,0.003434590750915457
combustion_factor_crop,4,-0.0012512126819995805,0.007176639844418231,0.010253720701596062,0.002312065614393892
combustion_factor_tree,4,0.061400476909252176,0.061400476909252176,0.03780015379128251,0.012220468250479037
volatile_frac_organic_fertiliser,4,-0.002875425650973784,0.002875425650973784,0.0003055624420977238,8.22033291337389e-05
volatile_frac_synthetic_fertiliser,4,0.016297396888962597,0.016297396888962597,0.001640565438635825,0.0005054828205224035
base_sf_qty_scale,4,-0.12981374696526435,0.12981374696526435,0.011684697112334615,0.0038287183019437778
proj_lit_qty_scale,4,-0.04592403029470729,0.04622668971195421,0.036563313570274814,0.010680457777081641
base_stand_density_scale,4,0.0,0.0,0.0,0.0
proj_stand_density_scale,4,-1.6002005023464876,1.893732693900685,1.6366046161917296,0.4241624729997774
tree_wood_dens_sp1,4,-1.5812810643428634,1.770506560424291,1.5198386031026803,0.3655987923487946
base_cover,4,1.0572011043846081,1.0792991644768517,1.419860628931616,0.4822310088819077
base_fire_off,4,-0.024885313060658453,0.024885313060658453,0.08969221031413518,0.02347518591733366
base_fire_on,4,-0.03493285974000303,0.03493285974000303,0.005956144895643126,0.0018859905989436622
base_mortality,4,0.0,0.0,0.0,0.0
base_sf_n_delta,4,-0.13290163271820052,0.13290163271820052,0.013646164833617172,0.004551771405151837
base_thinning_delta,4,0.0,0.0,0.0,0.0
crop_base_left_delta,4,0.24769507133478635,0.24769507133478635,0.07763322018492966,0.024984844784749036
crop_base_yield_delta,4,0.19112996675193855,0.19112996675193855,0.07312217508496677,0.020256407401219128
crop_carbon_above_sp3,4,0.0021367513598525233,0.01073346335210031,0.01783789367192379,0.0037170259312772932
crop_carbon_below_sp3,4,0.008581056449995138,0.018363720138099216,0.02704456856945794,0.007378473626579929
crop_intercept_sp3,4,-0.001701534715920386,0.006380957469277135,0.009667279729502865,0.002482622510636633
crop_nitrogen_above_sp3,4,-0.0013829849470186396,0.0020823640549889723,0.002267851845147147,0.0005020846647996984
crop_nitrogen_below_sp3,4,-0.0031851691322603,0.0031851691322603,0.0007438279445777676,0.00023880611581073214
crop_carbon_above_sp10,4,-0.008022244473345496,0.023527848580747725,0.0365959420850135,0.01026270835733208
crop_carbon_below_sp10,4,-0.0008173161303602295,0.010604064039027989,0.017406990903070532,0.004299218057861133
crop_intercept_sp10,4,-0.0019890008406470263,0.0049297086283258355,0.008033653569772765,0.0016767013803255806
crop_nitrogen_above_sp10,4,-0.00022899482431686934,0.0015789172150290243,0.001884966734562838,0.0003306200938851149
crop_nitrogen_below_sp10,4,-8.441088795386187e-05,0.0008590760851023338,0.001155811404009978,0.0002637245058249926
crop_proj_left_delta,4,-0.24421379353920297,0.24421379353920297,0.09063654183605532,0.02754547429667081
crop_proj_yield_delta,4,-0.22674141682838064,0.22674141682838064,0.1382321523818036,0.038279662599366965
crop_root_in_top_30,4,0.006726148259883177,0.022976965055730627,0.044024963452448315,0.013444025050433035
crop_root_to_shoot_sp3,4,0.009023873128513457,0.013001124240480286,0.01804946944235895,0.005016598579668611
crop_slope_sp3,4,0.002717038447412401,0.004924953663109233,0.007866777986525714,0.002116214352869848
crop_root_to_shoot_sp10,4,0.0027760398433823606,0.007273318948576801,0.015707000045895824,0.004170093568163358
crop_slope_sp10,4,-0.004533904738074987,0.020137343182513277,0.030264207318427425,0.006711389459170188
cy0_to_ceq_multiplier,4,-0.047793998378201454,0.1155811236290796,0.26928507986797606,0.07539414102444045
litter_carbon,4,-0.06475109471610088,0.06475109471610088,0.025015146056911443,0.007865497732166198
litter_nitrogen,4,0.023840581492758296,0.023840581492758296,0.002622228051294,0.0007248192172949653
mortality_fraction_branch_delta,4,-0.07699099321764143,0.07699099321764143,0.03398676256079575,0.009822576228308734
mortality_fraction_croot_delta,4,-0.029401591560005873,0.029401591560005873,0.01004653647696364,0.003329743114936813
mortality_fraction_froot_delta,4,-0.014097988596085104,0.014097988596085104,0.0056451173210288145,0.001652313645553363
mortality_fraction_leaf_delta,4,-0.02063412341365951,0.02063412341365951,0.007305019924914066,0.0021761151343758552
mortality_fraction_stem_delta,4,-0.1527015555751601,0.1527015555751601,0.05454546974845983,0.01864733646874991
pool_alloc_froot_sp1,4,-0.545409651893789,0.545409651893789,0.18901468141039826,0.05553988951152282
pool_alloc_leaf_sp1,4,-0.9692611634605572,0.9692611634605572,0.34475271617934306,0.09297674010751734
pool_alloc_stem_sp1,4,0.8832300994742803,1.2231284800216657,1.1705935425907872,0.24385526604892885
pool_turnover_branch_sp1,4,0.39156797682504446,0.39156797682504446,0.10882001326664971,0.02931880438672597
pool_turnover_croot_sp1,4,-1.6660505159791388,1.6660505159791388,0.4883018287615639,0.14806416681254223
pool_turnover_froot_sp1,4,-0.6866088920553344,0.6866088920553344,0.24170062985452506,0.08068103326563274
pool_turnover_leaf_sp1,4,-0.6072485082234282,0.6072485082234282,0.21498529590561266,0.06546072903992885
pool_turnover_stem_sp1,4,14.189319835222921,14.189319835222921,4.111575045353345,1.272844923865716
proj_cover,4,-7.663254061692042,7.663254061692042,10.79416577438504,3.5321867059986647
proj_fire_off,4,0.05973419738979165,0.05973419738979165,0.12463274165293065,0.03769705162639041
proj_fire_on,4,0.6085826698573998,0.6085826698573998,0.10610050662092968,0.03352586831962085
proj_mortality,4,0.5438618537906973,0.5438618537906973,0.13645578366975325,0.039474783513826425
proj_thinning_delta,4,13.185949517148952,13.185949517148952,9.096645854969733,2.7483177092303723
roth_c_cover_c,4,0.045512900010690756,0.05527878635087387,0.07528378920489777,0.020580366355669972
roth_c_dpm_frac_crop,4,-0.001971742455684705,0.032645732314293026,0.08097826735374142,0.021075835151296768
roth_c_dpm_frac_tree,4,0.26575960932835685,0.26575960932835685,0.10633046990019066,0.03151168182153091
roth_c_moisture_b_slope,4,-1.3499969029886916,1.4927873211335718,1.8996903709503672,0.5086911901203094
roth_c_temp_a1,4,1.9930274431124182,1.9930274431124182,0.4633847394119943,0.1522302276800519
roth_c_temp_a2,4,-4.998807060712069,4.998807060712069,1.1940746751543576,0.3426405349723367
thinning_fraction_branch_delta,4,-0.0881551702050378,0.0881551702050378,0.12234719930726208,0.03538078206030851
thinning_fraction_croot_delta,4,-0.042329180076767316,0.042329180076767316,0.048029269762943194,0.014624914423727164
thinning_fraction_froot_delta,4,-0.016773512261792866,0.016773512261792866,0.021897799049028267,0.0067904888836824205
thinning_fraction_leaf_delta,4,-0.031551059112378585,0.031551059112378585,0.036954077930563996,0.011324341078077473
thinning_fraction_stem_delta,4,-0.21809146074169536,0.21809146074169536,0.22108032511459547,0.06896532831380024
tree_carbon_sp1,4,-1.5714053423308096,1.7628581856690115,1.6696589812195306,0.43325750704135746
tree_nitrogen_branch_sp1,4,0.002369621102314008,0.002369621102314008,0.000737432147980026,0.0002399550885060298
tree_nitrogen_croot_sp1,4,0.0014863850396865442,0.0014863850396865442,0.0008441136118707283,0.0002411099679008483
tree_nitrogen_froot_sp1,4,0.04117847962455625,0.04117847962455625,0.007173532261098158,0.0021034106273039943
tree_nitrogen_leaf_sp1,4,0.0618921895551221,0.0618921895551221,0.009233849900006426,0.0027808453264145626
tree_nitrogen_stem_sp1,4,0.008615249175906874,0.008615249175906874,0.0036981501625104403,0.000987493980349488
tree_root_in_top_30,4,-0.767047986435173,0.767047986435173,0.2653641374741399,0.0826776946816637
tree_root_to_shoot_sp1,4,-0.013787682365662652,0.17927870097810858,0.2426972979399966,0.05112119472992154
cy0,5,-0.3998108702519545,1.2694053811092258,2.284595108647047,0.5430714644313995
clay,5,-1.7275713282975704,1.7371415694046193,1.6209396252126052,0.4808032365257046
temp_ci_delta,5,1.148412622690802,1.148412622690802,0.2711860781418881,0.07677818914242944
rain_ci_delta,5,5.53611715995523,5.797039572130549,8.02743014183731,2.5942471678185384
evap_ci_delta,5,-0.4932274284318228,0.5183006308146358,1.5333456874382374,0.46668960254536473
ef_burn_crop_N2O_scale,5,-0.00024922641624090943,0.0014020530064114065,0.0018444832649693438,0.0003714329167165052
ef_burn_crop_CH4_scale,5,-0.0015075344077002853,0.004823479065055693,0.006501911200415073,0.0014668917888622504
ef_burn_tree_N2O_scale,5,0.011379703030474916,0.011379703030474916,0.008353828626435935,0.0023896064877952793
ef_burn_tree_CH4_scale,5,0.041366678801025965,0.041366678801025965,0.030752620790613108,0.010282564406722467
ef_N_inputs,5,-0.005481580090077672,0.015112692778452758,0.019324095011678286,0.004330340280406363
combustion_factor_crop,5,-0.001251212681999822,0.007176639844418039,0.01025372070159578,0.0023120656143938074
combustion_factor_tree,5,0.05725094081568791,0.05725094081568791,0.03416832386864621,0.010951783832798113
volatile_frac_organic_fertiliser,5,-0.002875425650973451,0.002875425650973451,0.00030556244209817664,8.220332913381613e-05
volatile_frac_synthetic_fertiliser,5,0.01629739688896305,0.01629739688896305,0.0016405654386364998,0.0005054828205226289
base_sf_qty_scale,5,-0.12981374696526507,0.12981374696526507,0.01168469711233426,0.003828718301943647
proj_lit_qty_scale,5,-0.0326599385747727,0.033863770492284465,0.031820861980838354,0.008981221087474515
base_stand_density_scale,5,0.0,0.0,0.0,0.0
proj_stand_density_scale,5,-0.5669868682719716,1.4384324591786846,1.7576572157739723,0.34868784940908615
tree_wood_dens_sp1,5,-0.5152416754087692,1.3106157018847853,1.5580431191568254,0.3260892792170123
base_cover,5,1.018068137195111,1.018068137195111,1.2933883464014369,0.4485086070229121
base_fire_off,5,-0.02488531306065862,0.02488531306065862,0.08969221031413582,0.023475185917333802
base_fire_on,5,-0.03493285974000289,0.03493285974000289,0.005956144895642941,0.0018859905989436173
base_mortality,5,0.0,0.0,0.0,0.0
base_sf_n_delta,5,-0.13290163271820116,0.13290163271820116,0.013646164833617535,0.004551771405151866
base_thinning_delta,5,0.0,0.0,0.0,0.0
crop_base_left_delta,5,0.21691519790962105,0.21691519790962105,0.07030350041273671,0.022365462729526542
crop_base_yield_delta,5,0.14980869260744675,0.14980869260744675,0.0632528730895008,0.01768736060775748
crop_carbon_above_sp3,5,0.0018194594997713504,0.009347006529369387,0.016001909531488716,0.003350844954355619
crop_carbon_below_sp3,5,0.007258574394499509,0.015840366497033933,0.02406068714835379,0.00660758691700866
crop_intercept_sp3,5,-0.0014930875728347392,0.005314632650810813,0.008212014885053078,0.0021611803890013333
crop_nitrogen_above_sp3,5,-0.0013829849470180107,0.0020823640549884766,0.0022678518451469264,0.0005020846647996326
crop_nitrogen_below_sp3,5,-0.0031851691322608996,0.0031851691322608996,0.000743827944577904,0.000238806115810608
crop_carbon_above_sp10,5,-0.007199330312079276,0.02033217414114748,0.032380928388517645,0.009218669629614125
crop_carbon_below_sp10,5,-0.000598071379807956,0.009226101795529724,0.015609312260566437,0.0038954997566861657
crop_intercept_sp10,5,-0.001803978109164496,0.00420642512056827,0.007194180357717814,0.0015591725692887383
crop_nitrogen_above_sp10,5,-0.0002289948243162615,0.0015789172150289827,0.0018849667345628106,0.00033062009388503706
crop_nitrogen_below_sp10,5,-8.44108879541866e-05,0.0008590760851030915,0.0011558114040106236,0.0002637245058249094
crop_proj_left_delta,5,-0.21222612817967143,0.21222612817967143,0.08213286154980912,0.02529167941524699
crop_proj_yield_delta,5,-0.18286441143209872,0.18286441143209872,0.12336587567398148,0.03420073523193887
crop_root_in_top_30,5,0.005155293102834972,0.019757997167300874,0.03986503493859862,0.012263616603914647
crop_root_to_shoot_sp3,5,0.00748352671818789,0.0106142533380397,0.0152096134919155,0.004295161932654866
crop_slope_sp3,5,0.0018404302244488468,0.003890857098494466,0.006652364907529814,0.001809000622782985
crop_root_to_shoot_sp10,5,0.0021794898877975644,0.005799999388817073,0.012533177595064806,0.003318286031833529
crop_slope_sp10,5,-0.003925049919744102,0.01665913886163422,0.025561378537309498,0.005825787624149189
cy0_to_ceq_multiplier,5,-0.041444122472604615,0.09506135092446286,0.24266090107301264,0.07121973215688206
litter_carbon,5,-0.05251545730076605,0.05251545730076605,0.02177986364112016,0.006800214067230507
litter_nitrogen,5,0.023840581492757827,0.023840581492757827,0.002622228051294761,0.0007248192172950903
mortality_fraction_branch_delta,5,-0.05246703539407346,0.05246703539407346,0.03370194412468891,0.009853378115956152
mortality_fraction_croot_delta,5,-0.01856621103823841,0.01856621103823841,0.009567145329842887,0.0030359934097167196
mortality_fraction_froot_delta,5,-0.008219634563552226,0.008238422252409682,0.005406416277868338,0.001611653166744254
mortality_fraction_leaf_delta,5,-0.012151666092276565,0.012151666092276565,0.0073664716464405255,0.0021252558018173867
mortality_fraction_stem_delta,5,-0.09155154575722213,0.09155154575722213,0.05483611579248707,0.01898444791740006
pool_alloc_froot_sp1,5,-0.31266778132916073,0.31266778132916073,0.1775756625166938,0.053104662450129625
pool_alloc_leaf_sp1,5,-0.566247794697951,0.566247794697951,0.3390860980317389,0.09185402496826349
pool_alloc_stem_sp1,5,1.0511394676233397,1.4077708990253412,1.3076904117032893,0.27287959784643206
pool_turnover_branch_sp1,5,0.4720705145415785,0.4720705145415785,0.14121713326011356,0.03727331391868259
pool_turnover_croot_sp1,5,-1.093319566955639,1.093319566955639,0.4301318328524433,0.12876429229027525
pool_turnover_froot_sp1,5,-0.44481877883361054,0.44481877883361054,0.22379912112036973,0.07276714937769672
pool_turnover_leaf_sp1,5,-0.38695628794016385,0.38695628794016385,0.19316500529116304,0.057256940190210735
pool_turnover_stem_sp1,5,16.61056895055753,16.61056895055753,5.246629058532062,1.592670025637122
proj_cover,5,-7.181775501187289,7.181775501187289,10.919284989895145,3.6087775061033573
proj_fire_off,5,0.059734197389791945,0.059734197389791945,0.12463274165293133,0.03769705162639056
proj_fire_on,5,0.5753064970594604,0.5753064970594604,0.08518469450389428,0.02689508552367132
proj_mortality,5,0.5864910748838454,0.5864910748838454,0.18356403342693894,0.05351393462908304
proj_thinning_delta,5,14.084191228403267,14.084191228403267,9.94315627486512,3.0025594484268288
roth_c_cover_c,5,0.04811828333752753,0.05283970896328642,0.07550361190139135,0.021157036285506362
roth_c_dpm_frac_crop,5,-0.0023171730156632585,0.024623779071126457,0.07067358553025659,0.01881470366011849
roth_c_dpm_frac_tree,5,0.14087352067510148,0.14676532848734,0.10975904705232709,0.031138963069098632
roth_c_moisture_b_slope,5,-1.439604395395704,1.577172745188658,2.378553633160397,0.6503677015099409
roth_c_temp_a1,5,1.6894316248576626,1.6894316248576626,0.3989559908387584,0.146508711857668
roth_c_temp_a2,5,-4.163096795676101,4.163096795676101,0.9746682711043239,0.24552833497950433
thinning_fraction_branch_delta,5,-0.053563721378455685,0.053563721378455685,0.07886315510273088,0.023225992252647668
thinning_fraction_croot_delta,5,-0.023859376693295554,0.023859376693295554,0.02991493062947933,0.009668685937650539
thinning_fraction_froot_delta,5,-0.00857774097419472,0.00857774097419472,0.011934903983320052,0.0033901847964596206
thinning_fraction_leaf_delta,5,-0.01576608048898379,0.01576608048898379,0.01938840743055483,0.005983677114898553
thinning_fraction_stem_delta,5,-0.09647182217036364,0.09647182217036364,0.10563767559474214,0.031190312548431968
tree_carbon_sp1,5,-0.5111833414304402,1.4720536358370262,1.7605662728101357,0.3128983148124406
tree_nitrogen_branch_sp1,5,0.002298886756138552,0.002298886756138552,0.0006326731431124147,0.0002073049590520107
tree_nitrogen_croot_sp1,5,0.0014130647213083602,0.0014130647213083602,0.0008326944865076953,0.00023591895047967766
tree_nitrogen_froot_sp1,5,0.039083603547008613,0.039083603547008613,0.007921626867947151,0.0024386599167529185
tree_nitrogen_leaf_sp1,5,0.05914747568011401,0.05914747568011401,0.011171186794700904,0.0033165088359208826
tree_nitrogen_stem_sp1,5,0.007754648951460557,0.007754648951460557,0.0029548380338150046,0.0007983333102086427
tree_root_in_top_30,5,-0.4662769930615062,0.4662769930615062,0.26429360445467204,0.08179973093392162
tree_root_to_shoot_sp1,5,0.03265532976223977,0.17139192168433603,0.2242583663316866,0.04340927497819303
cy0,6,-0.3717540815085661,1.222715586274283,2.1601865625397716,0.5012015802070902
clay,6,-1.5088304510384167,1.5233603572491836,1.4133666376977125,0.41710340710715715
temp_ci_delta,6,0.8444112215398334,0.8444112215398334,0.3692508372540233,0.10023632610351407
rain_ci_delta,6,4.458798375307219,4.772641463051793,7.366215879435295,2.3416776213065824
evap_ci_delta,6,-0.4148392197633005,0.4340656225370041,1.4443104248246865,0.4426537916229603
ef_burn_crop_N2O_scale,6,-0.003327603001722601,0.003472806325930905,0.0025192035771979086,0.0005980928663086863
ef_burn_crop_CH4_scale,6,-0.012543540146484029,0.012839927987751937,0.009503528698989289,0.0025326410642440016
ef_burn_tree_N2O_scale,6,0.01062782218791605,0.01062782218791605,0.007677822349943112,0.0021756288745254536
ef_burn_tree_CH4_scale,6,0.03905567522512727,0.03905567522512727,0.028588864243301048,0.009459435396209555
ef_N_inputs,6,-0.022622145138644644,0.026088635317057962,0.022723946749807617,0.006356750376151102
combustion_factor_crop,6,-0.014493638588729124,0.015388645910985127,0.012609924446931455,0.0032940759962572716
combustion_factor_tree,6,0.05371606198039969,0.05371606198039969,0.031545765110501015,0.009994734226877291
volatile_frac_organic_fertiliser,6,-0.002875425650973734,0.002875425650973734,0.0003055624420982008,8.220332913381653e-05
volatile_frac_synthetic_fertiliser,6,0.016297396888963187,0.016297396888963187,0.0016405654386364918,0.0005054828205226003
base_sf_qty_scale,6,-0.12981374696526454,0.12981374696526454,0.011684697112334691,0.003828718301943867
proj_lit_qty_scale,6,-0.024246206162861026,0.026205477316415548,0.02738248820984583,0.007510967739947394
base_stand_density_scale,6,0.0,0.0,0.0,0.0
proj_stand_density_scale,6,-0.0796747177034118,1.3454041091431643,1.7224547960571868,0.3115004822890583
tree_wood_dens_sp1,6,0.01337102549082505,1.1811183599940454,1.4798377373466773,0.2935165166361999
base_cover,6,0.9815018676478717,0.9815018676478717,1.2015051826136296,0.4193016427869168
base_fire_off,6,-0.024885313060658453,0.024885313060658453,0.08969221031413518,0.02347518591733366
base_fire_on,6,-0.034932859740002584,0.034932859740002584,0.005956144895643077,0.0018859905989436646
base_mortality,6,0.0,0.0,0.0,0.0
base_sf_n_delta,6,-0.132901632718201,0.132901632718201,0.01364616483361746,0.004551771405151856
base_thinning_delta,6,0.0,0.0,0.0,0.0
crop_base_left_delta,6,0.19686710732482698,0.19686710732482698,0.06370075707183427,0.020024881399963945
crop_base_yield_delta,6,0.1242237429940635,0.1242237429940635,0.05606718682457232,0.01586341449227177
crop_carbon_above_sp3,6,0.001642499321864946,0.008316749976137941,0.014383466904217816,0.003009181758955811
crop_carbon_below_sp3,6,0.00659454856880364,0.01408795598833035,0.021445409437312386,0.005896719440440686
crop_intercept_sp3,6,-0.0013406887455023706,0.0045689077212577546,0.007077647921977907,0.001880597687327254
crop_nitrogen_above_sp3,6,-0.0013829849470183564,0.0020823640549891887,0.002267851845147517,0.0005020846647998068
crop_nitrogen_below_sp3,6,-0.0031851691322608705,0.0031851691322608705,0.0007438279445784822,0.00023880611581088415
crop_carbon_above_sp10,6,0.19787509622487948,0.19787509622487948,0.035046975266360664,0.010848433399173156
crop_carbon_below_sp10,6,0.08028325548430823,0.08028325548430823,0.016856015943041074,0.005055133081094838
crop_intercept_sp10,6,0.06141871282243065,0.06141871282243065,0.012288852538364977,0.00420384919334345
crop_nitrogen_above_sp10,6,-0.007081677975079345,0.007081677975079345,0.0014323384656657917,0.0004374111624651132
crop_nitrogen_below_sp10,6,-0.004457407240105485,0.004457407240105485,0.0014506415250374197,0.00043335930573451954
crop_proj_left_delta,6,0.18957364982578379,0.18957364982578379,0.06004119330111928,0.018568071370310617
crop_proj_yield_delta,6,0.29737197263377696,0.29737197263377696,0.08476630877541844,0.02664712092997897
crop_root_in_top_30,6,0.0790305634023771,0.0806253624278193,0.028962235386166175,0.007874456380922823
crop_root_to_shoot_sp3,6,0.006402118381526568,0.009011211266098041,0.012964065537935039,0.0036800767119583204
crop_slope_sp3,6,0.0012763392648553417,0.003244438907893299,0.005754949490779717,0.0015676374299342117
crop_root_to_shoot_sp10,6,0.07818806567399082,0.07818806567399082,0.015317430205388624,0.00501418005913958
crop_slope_sp10,6,0.16075376479125775,0.16075376479125775,0.030810782457556054,0.009174175913794193
cy0_to_ceq_multiplier,6,-0.034800883024876675,0.07518952041308116,0.21039692785263348,0.06352042652277548
litter_carbon,6,-0.04514715811081821,0.04514715811081821,0.018909574586124207,0.005852467661403199
litter_nitrogen,6,0.023840581492757685,0.023840581492757685,0.0026222280512943493,0.0007248192172950117
mortality_fraction_branch_delta,6,-0.03837429152750093,0.03837429152750093,0.03140091657716153,0.00918551299546968
mortality_fraction_croot_delta,6,-0.012448250365902375,0.012549677741212179,0.008501690228917405,0.002562026110937333
mortality_fraction_froot_delta,6,-0.005152688252199411,0.0052652956929485125,0.004826242423731369,0.0014266083470330032
mortality_fraction_leaf_delta,6,-0.007724200636612217,0.007724200636612217,0.006945372672511468,0.001972134211355538
mortality_fraction_stem_delta,6,-0.058396924163565234,0.058396924163565234,0.050950914546769345,0.01770107487193721
pool_alloc_froot_sp1,6,-0.18661229372814428,0.19342924276679982,0.15442154337862465,0.043147106897623334
pool_alloc_leaf_sp1,6,-0.345721363669541,0.34597267570039747,0.30493560025166533,0.08330816346455899
pool_alloc_stem_sp1,6,1.076691340738969,1.437697523835017,1.3319957622386545,0.27462551298795973
pool_turnover_branch_sp1,6,0.5089696249638602,0.5089696249638602,0.17058495597964232,0.044476186281406864
pool_turnover_croot_sp1,6,-0.7689404631092985,0.7689404631092985,0.3664319725996101,0.11165631055218446
pool_turnover_froot_sp1,6,-0.31014062275924237,0.31014062275924237,0.19448760827674114,0.06225188021134556
pool_turnover_leaf_sp1,6,-0.264560280644453,0.264560280644453,0.1605697804004605,0.046751919885625694
pool_turnover_stem_sp1,6,17.128746231285472,17.128746231285472,6.471374640684171,1.9273962567277925
proj_cover,6,-5.7895900110882526,5.7895900110882526,9.499131211807157,3.152054857748787
proj_fire_off,6,0.03827633718179537,0.03827633718179537,0.088665789476124,0.02775101978732777
proj_fire_on,6,0.524181439573262,0.524181439573262,0.07672367530933072,0.024004944042455723
proj_mortality,6,0.5974637258617251,0.5974637258617251,0.23189706155086254,0.06778148671566006
proj_thinning_delta,6,14.18825088068582,14.18825088068582,10.415898583469717,3.1472508698399184
roth_c_cover_c,6,0.041885930473278835,0.04585636226871691,0.07107631415168154,0.020028632230238708
roth_c_dpm_frac_crop,6,-0.20245104500218308,0.20245104500218308,0.061816973503192575,0.017231341236093586
roth_c_dpm_frac_tree,6,0.07162030525341104,0.08754809000797772,0.10095067880882634,0.02709857462968044
roth_c_moisture_b_slope,6,-1.2978131939712043,1.4341702098457592,2.5272957887294427,0.6980613198288047
roth_c_temp_a1,6,1.1755497206062242,1.1755497206062242,0.5381640055498883,0.17506795338948594
roth_c_temp_a2,6,-2.754810079194582,2.754810079194582,1.1540105071609237,0.3151174924942247
thinning_fraction_branch_delta,6,-0.033765609274967356,0.033765609274967356,0.055582508514709965,0.016788399269145205
thinning_fraction_croot_delta,6,-0.014009675229049123,0.014532055542847932,0.020790758592822773,0.006722697749453239
thinning_fraction_froot_delta,6,-0.0043845567914270744,0.0043845567914270744,0.007848948143251998,0.0020736854787125393
thinning_fraction_leaf_delta,6,-0.007727510068532206,0.007879334564323104,0.01177895078206243,0.00372500507785045
thinning_fraction_stem_delta,6,-0.03955372494156294,0.04974071509743475,0.07366191926297219,0.0197245527939261
tree_carbon_sp1,6,-0.013319174812259383,1.4184304531736736,1.706058977854911,0.2545317533235611
tree_nitrogen_branch_sp1,6,0.0022284478291521026,0.0022284478291521026,0.000545089728396957,0.00017929261484304633
tree_nitrogen_croot_sp1,6,0.0013500901560316247,0.0013500901560316247,0.0008332011893970936,0.00023496014669596626
tree_nitrogen_froot_sp1,6,0.03730820027891742,0.03730820027891742,0.009038009297136655,0.002843443356872655
tree_nitrogen_leaf_sp1,6,0.05679052737792971,0.05679052737792971,0.013357258628980295,0.003953443321578069
tree_nitrogen_stem_sp1,6,0.007033393500884897,0.007033393500884897,0.0024046378185416466,0.0006636578664298148
tree_root_in_top_30,6,-0.30240682831118804,0.30475623556282183,0.24422927089357296,0.0740705797499685
tree_root_to_shoot_sp1,6,0.05131731972936278,0.166909246004826,0.20900861924420658,0.038468422979837706
cy0,7,-0.3459171139745136,1.1763412629151184,2.048703197600083,0.4680931521350923
clay,7,-1.3837543461271524,1.3907813940334326,1.2848846667722427,0.380618018990055
temp_ci_delta,7,0.6032884105639529,0.6149373117616561,0.44170007059339833,0.11407548960781796
rain_ci_delta,7,3.4069384734791,3.752577566915265,6.506270363633081,2.027336149628748
evap_ci_delta,7,-0.33359077780837554,0.3494648887473916,1.3110666659059058,0.4027155715483715
ef_burn_crop_N2O_scale,7,-0.003327603001722368,0.0034728063259309217,0.002519203577198407,0.0005980928663087418
ef_burn_crop_CH4_scale,7,-0.012543540146483918,0.012839927987751892,0.009503528698989367,0.0025326410642439326
ef_burn_tree_N2O_scale,7,0.009981537667372264,0.009981537667372264,0.007158692757587443,0.0020167859885571603
ef_burn_tree_CH4_scale,7,0.037046271882586954,0.037046271882586954,0.02687225717820962,0.008793883998877653
ef_N_inputs,7,-0.02748789392473877,0.031823792176268344,0.026461537131991064,0.007226805136289805
combustion_factor_crop,7,-0.01449363858872887,0.015388645910984938,0.012609924446931844,0.0032940759962574507
combustion_factor_tree,7,0.05069106727245486,0.05069106727245486,0.02971123697554272,0.00928594843161803
volatile_frac_organic_fertiliser,7,-0.002875425650973784,0.002875425650973784,0.0003055624420982163,8.220332913385615e-05
volatile_frac_synthetic_fertiliser,7,0.01629739688896286,0.01629739688896286,0.0016405654386362277,0.0005054828205225229
base_sf_qty_scale,7,-0.12981374696526468,0.12981374696526468,0.011684697112334455,0.003828718301943721
proj_lit_qty_scale,7,-0.018513315141931247,0.021134545924144772,0.023617483091983443,0.0063108566717174465
base_stand_density_scale,7,0.0,0.0,0.0,0.0
proj_stand_density_scale,7,0.7437293444861129,1.6116511553123574,1.7739816742913026,0.2903366781003307
tree_wood_dens_sp1,7,0.8978420093580926,1.5392360631292417,1.538996873520778,0.2202952830647312
base_cover,7,0.9319253572607428,0.9319253572607428,1.1227194746588418,0.3926611190764213
base_fire_off,7,-0.024885313060658488,0.024885313060658488,0.08969221031413527,0.02347518591733367
base_fire_on,7,-0.034932859740002764,0.034932859740002764,0.005956144895642923,0.0018859905989436646
base_mortality,7,0.0,0.0,0.0,0.0
base_sf_n_delta,7,-0.1329016327182008,0.1329016327182008,0.01364616483361754,0.004551771405151889
base_thinning_delta,7,0.0,0.0,0.0,0.0
crop_base_left_delta,7,0.18257955066908405,0.18257955066908405,0.05816050574950756,0.018097716796582623
crop_base_yield_delta,7,0.10681340822478114,0.10681340822478114,0.051085756299743185,0.014607815968690721
crop_carbon_above_sp3,7,0.001516556831932532,0.007560369773120944,0.013012399433829949,0.002708703957511476
crop_carbon_below_sp3,7,0.006183012035955121,0.012847305123680635,0.01925704385528465,0.005286390281042152
crop_intercept_sp3,7,-0.0012368951846187005,0.004050589092746085,0.006217505762920716,0.001651242119027475
crop_nitrogen_above_sp3,7,-0.001382984947018956,0.0020823640549897464,0.0022678518451477205,0.0005020846647997494
crop_nitrogen_below_sp3,7,-0.0031851691322611784,0.0031851691322611784,0.000743827944578236,0.0002388061158107872
crop_carbon_above_sp10,7,0.12257713951263756,0.12257713951263756,0.02934006386034789,0.008931754132418101
crop_carbon_below_sp10,7,0.05065227434994972,0.05065227434994972,0.014565206822467654,0.004294074366385834
crop_intercept_sp10,7,0.036362840479940775,0.036362840479940775,0.010098985510525573,0.003137630817567896
crop_nitrogen_above_sp10,7,-0.007081677975079116,0.007081677975079116,0.0014323384656657028,0.000437411162465147
crop_nitrogen_below_sp10,7,-0.0044574072401059265,0.0044574072401059265,0.0014506415250372165,0.0004333593057345037
crop_proj_left_delta,7,0.06875719877966138,0.07116816342866598,0.03431924973047639,0.009082963728881014
crop_proj_yield_delta,7,0.1882557362300782,0.1882557362300782,0.060174116346358254,0.018695708083110708
crop_root_in_top_30,7,0.04940786922302425,0.05192868896490806,0.025588571162952708,0.006779008604271032
crop_root_to_shoot_sp3,7,0.005570892495585763,0.007870859525824923,0.011288157852558017,0.0032060011173448573
crop_slope_sp3,7,0.0008778696461973545,0.0028261889742204837,0.005068452002741064,0.001378160392323425
crop_root_to_shoot_sp10,7,0.047644367356076786,0.047644367356076786,0.014196361253767225,0.0046863904759951785
crop_slope_sp10,7,0.0925202490967359,0.0925202490967359,0.026258033117872538,0.0076860049473221745
cy0_to_ceq_multiplier,7,-0.02937302947367911,0.05980439457319212,0.18146759409892646,0.055710301658715815
litter_carbon,7,-0.0403563694108541,0.0403563694108541,0.01652103632567401,0.005065993004753739
litter_nitrogen,7,0.023840581492758174,0.023840581492758174,0.0026222280512944677,0.0007248192172950109
mortality_fraction_branch_delta,7,-0.029717086431124806,0.029886056742701794,0.028472973540899463,0.008250857401812002
mortality_fraction_croot_delta,7,-0.008833205690914447,0.009097893597054629,0.007367953450681754,0.0020954426115944295
mortality_fraction_froot_delta,7,-0.0034655529706948433,0.0038032338101777114,0.004228215882071711,0.0012165201996887642
mortality_fraction_leaf_delta,7,-0.005298820045106689,0.005635548914898281,0.006450766892680861,0.0017394816547320897
mortality_fraction_stem_delta,7,-0.039753886215271116,0.04398052340714862,0.04675905754567942,0.014860693666129177
pool_alloc_froot_sp1,7,-0.1049372231361454,0.13041396952887963,0.13448978880315815,0.032039384187786575
pool_alloc_leaf_sp1,7,-0.21800517085324378,0.23213693681827124,0.26855851222715793,0.07195657031555285
pool_alloc_stem_sp1,7,1.018856016061632,1.2649636211204318,1.1664420083314424,0.25090822211959124
pool_turnover_branch_sp1,7,0.45374313320218124,0.45374313320218124,0.2167642135810162,0.05483235127988169
pool_turnover_croot_sp1,7,-0.6673423428876359,0.6673423428876359,0.30432551523442375,0.09518654508107724
pool_turnover_froot_sp1,7,-0.27187694056820993,0.27187694056820993,0.17112125643349263,0.05357777938335107
pool_turnover_leaf_sp1,7,-0.21918515599387148,0.21918515599387148,0.12813873930688233,0.03727205020553531
pool_turnover_stem_sp1,7,14.38260921005928,14.38260921005928,7.9409964683045375,2.283492291171771
proj_cover,7,-4.578191240006123,4.578191240006123,8.020909222143759,2.6601186684634675
proj_fire_off,7,0.03827633718179544,0.03827633718179544,0.08866578947612419,0.02775101978732782
proj_fire_on,7,0.4995777146816831,0.4995777146816831,0.0786326531062906,0.024502726031010776
proj_mortality,7,0.5353572837113061,0.5353572837113061,0.301738247974066,0.08656157124259078
proj_thinning_delta,7,19.821093109453987,19.821093109453987,9.450011104562945,2.849241184358996
roth_c_cover_c,7,0.0346622252845699,0.0387172167677942,0.06545925923585001,0.01829269040826855
roth_c_dpm_frac_crop,7,-0.12623627653797304,0.12623627653797304,0.055517400935489555,0.017012911867754874
roth_c_dpm_frac_tree,7,0.03307649472892059,0.059047028783323165,0.08881290512689831,0.022526199410045026
roth_c_moisture_b_slope,7,-1.1461703465676212,1.2785398886907011,2.557003331037765,0.712981592096376
roth_c_temp_a1,7,0.802299126980104,0.8098018397414048,0.6333415078584312,0.190873412281923
roth_c_temp_a2,7,-1.7004520996085504,1.7443012306414942,1.2955597820898175,0.35442105191911094
thinning_fraction_branch_delta,7,-0.02170827811691402,0.022547096234606972,0.04132366571465293,0.012411793093540182
thinning_fraction_croot_delta,7,-0.008450039242012975,0.009860723690577378,0.015463149310554045,0.004740985714785383
thinning_fraction_froot_delta,7,-0.0021616239997012455,0.0029708919386322585,0.0062101891820503475,0.001613006380434882
thinning_fraction_leaf_delta,7,-0.003486567964608034,0.005292116080556897,0.008705370243192076,0.00252164874290648
thinning_fraction_stem_delta,7,-0.013009350513312035,0.04322415250297641,0.06820038344695122,0.015096321228698327
tree_carbon_sp1,7,0.8139349083646161,1.6921406095510192,1.822156620731635,0.30118602911318954
tree_nitrogen_branch_sp1,7,0.0021592212008728906,0.0021592212008728906,0.00047632541121935077,0.00015616746527112528
tree_nitrogen_croot_sp1,7,0.0012959147350826371,0.0012959147350826371,0.0008432287466779714,0.00023733271563967467
tree_nitrogen_froot_sp1,7,0.03579732001662176,0.03579732001662176,0.010251859451338708,0.0032526688175997438
tree_nitrogen_leaf_sp1,7,0.05476160605203614,0.05476160605203614,0.015540939808392648,0.004603110986575857
tree_nitrogen_stem_sp1,7,0.006425751997454545,0.006425751997454545,0.0020114257583670092,0.0005731403734032882
tree_root_in_top_30,7,-0.2096490525023437,0.22178858218365322,0.21986809689113654,0.06311480617883967
tree_root_to_shoot_sp1,7,0.14211068772563076,0.2342698802936231,0.2310697235476284,0.039314240068542956
cy0,8,-0.3218063009791559,1.1161291527586121,1.9350713870074827,0.43952531902301634
clay,8,-1.2964717780392163,1.2964717780392163,1.2006108868787921,0.35812658033709815
temp_ci_delta,8,0.45736935362898856,0.4884401419027501,0.44930335614273864,0.11302889613612052
rain_ci_delta,8,2.5954107921679253,2.9692913215968955,5.667304633314544,1.7375597090419823
evap_ci_delta,8,-0.27103974267386444,0.28471834317159683,1.182171230549887,0.36311369794913595
ef_burn_crop_N2O_scale,8,-0.003327603001722701,0.003472806325930855,0.002519203577197928,0.0005980928663087285
ef_burn_crop_CH4_scale,8,-0.012543540146483729,0.012839927987751836,0.009503528698989249,0.002532641064243787
ef_burn_tree_N2O_scale,8,0.00980919755729252,0.00980919755729252,0.007024457240462824,0.0019579211943324417
ef_burn_tree_CH4_scale,8,0.03638048956542752,0.03638048956542752,0.025956783391955347,0.008390025125300843
ef_N_inputs,8,-0.031617140385419,0.03699653610881911,0.030241405953493193,0.008035834290709478
combustion_factor_crop,8,-0.014493638588729077,0.01538864591098508,0.012609924446931113,0.003294075996257208
combustion_factor_tree,8,0.04994553627358499,0.04994553627358499,0.02951820539281446,0.009232198223560683
volatile_frac_organic_fertiliser,8,-0.002875425650973934,0.002875425650973934,0.0003055624420979978,8.220332913379314e-05
volatile_frac_synthetic_fertiliser,8,0.01629739688896283,0.01629739688896283,0.0016405654386360438,0.0005054828205224599
base_sf_qty_scale,8,-0.1298137469652647,0.1298137469652647,0.011684697112334292,0.0038287183019437105
proj_lit_qty_scale,8,-0.014345655249237014,0.017441851112390543,0.020559564540563458,0.005370901532110866
base_stand_density_scale,8,0.0,0.0,0.0,0.0
proj_stand_density_scale,8,0.06616446653124164,1.172108358286989,1.5115539157528903,0.28965577287811883
tree_wood_dens_sp1,8,0.21972944922106538,1.02512937511825,1.2683813249555764,0.24398119684145136
base_cover,8,0.8722448401144556,0.8722448401144556,1.047291024746587,0.36633525422083196
base_fire_off,8,-0.024885313060658488,0.024885313060658488,0.08969221031413531,0.0234751859173337
base_fire_on,8,-0.0349328597400029,0.0349328597400029,0.0059561448956428915,0.0018859905989436713
base_mortality,8,0.0,0.0,0.0,0.0
base_sf_n_delta,8,-0.13290163271820105,0.13290163271820105,0.013646164833617391,0.004551771405151841
base_thinning_delta,8,0.0,0.0,0.0,0.0
crop_base_left_delta,8,0.1715890122560145,0.1715890122560145,0.053611195880217524,0.016554906111368728
crop_base_yield_delta,8,0.0938670605157001,0.0938670605157001,0.04770361070394882,0.013749654232343941
crop_carbon_above_sp3,8,0.0014089668290561963,0.006971798443798666,0.011869425234394928,0.002455007135344984
crop_carbon_below_sp3,8,0.005871297745750031,0.011856185164283457,0.017475301149280923,0.004791794338194121
crop_intercept_sp3,8,-0.0011683057702168043,0.0036868684818340243,0.00557014153537204,0.00146746738738114
crop_nitrogen_above_sp3,8,-0.0013829849470182233,0.002082364054989405,0.002267851845147717,0.0005020846647995184
crop_nitrogen_below_sp3,8,-0.0031851691322609954,0.0031851691322609954,0.0007438279445780267,0.00023880611581063256
crop_carbon_above_sp10,8,0.09145980218317677,0.09145980218317677,0.028342651228159994,0.00889233999643727
crop_carbon_below_sp10,8,0.03801266449860343,0.03801266449860343,0.013819624938056862,0.0039541269983771575
crop_intercept_sp10,8,0.025660235721997448,0.025660235721997448,0.009604013476295994,0.00282463242831645
crop_nitrogen_above_sp10,8,-0.0070816779750791075,0.0070816779750791075,0.0014323384656658377,0.0004374111624651732
crop_nitrogen_below_sp10,8,-0.004457407240105781,0.004457407240105781,0.0014506415250373481,0.00043335930573456963
crop_proj_left_delta,8,0.021335495702858226,0.02810094219415112,0.02324819071398116,0.003651602435771148
crop_proj_yield_delta,8,0.14800063938576766,0.14837259488548388,0.0514383889762405,0.015183596796049522
crop_root_in_top_30,8,0.03655556620801082,0.038984303050791994,0.022598326352695604,0.006243262792239495
crop_root_to_shoot_sp3,8,0.004900687438081386,0.00704215824879359,0.010077682620900141,0.0028536626542333375
crop_slope_sp3,8,0.0005739689836670697,0.002546109188850262,0.004544776615425129,0.0012327212961984804
crop_root_to_shoot_sp10,8,0.034415967531800554,0.034415967531800554,0.013700862039172966,0.004509254160310383
crop_slope_sp10,8,0.063391497498267,0.063391497498267,0.02539850650556974,0.00744641418287311
cy0_to_ceq_multiplier,8,-0.02512717676718813,0.048402423676205564,0.15718283141343603,0.04874721919556766
litter_carbon,8,-0.0369869709026142,0.0369869709026142,0.014572644957595906,0.004428788913757206
litter_nitrogen,8,0.023840581492758577,0.023840581492758577,0.0026222280512943077,0.0007248192172950191
mortality_fraction_branch_delta,8,-0.02150089263603064,0.02250333946922019,0.026214563397891064,0.007277631634756895
mortality_fraction_croot_delta,8,-0.00562368259174168,0.006462517692141073,0.00640708516653707,0.0016541979955320306
mortality_fraction_froot_delta,8,-0.0020060607123504907,0.0028425609758006704,0.0037583941209205426,0.0009765392816129686
mortality_fraction_leaf_delta,8,-0.003252023438021229,0.004450603156056126,0.006176631804080869,0.0015818145533775783
mortality_fraction_stem_delta,8,-0.023997017720195586,0.03598077498474296,0.043255581025317354,0.011808811745627944
pool_alloc_froot_sp1,8,-0.0674243682087814,0.10382427509865555,0.116849955981166,0.02574880315020027
pool_alloc_leaf_sp1,8,-0.13225589044818992,0.1812601369776587,0.24155856573938006,0.05834987368987647
pool_alloc_stem_sp1,8,0.9769545759176737,1.3589979919567936,1.3096486181325944,0.25962617829403567
pool_turnover_branch_sp1,8,0.5391700967563097,0.5391700967563097,0.22001916411787356,0.05706412632587337
pool_turnover_croot_sp1,8,-0.4026592250820631,0.4026592250820631,0.2793651670767183,0.0904011903359343
pool_turnover_froot_sp1,8,-0.15774177731852784,0.15819957998867598,0.13591997185467974,0.04310630062164354
pool_turnover_leaf_sp1,8,-0.12920085647148463,0.13039324603527352,0.10707509071650971,0.02917870420231549
pool_turnover_stem_sp1,8,16.65617578754803,16.65617578754803,8.702619554695097,2.5492901310389247
proj_cover,8,-3.71676445261551,3.71676445261551,6.704536334975763,2.200702136565581
proj_fire_off,8,0.03827633718179537,0.03827633718179537,0.08866578947612405,0.02775101978732777
proj_fire_on,8,0.4973096868589291,0.4973096868589291,0.08890144817055497,0.02822154962975099
proj_mortality,8,0.594140503605548,0.594140503605548,0.31967528764171843,0.09388496014277765
proj_thinning_delta,8,11.64327648578672,11.660359896771402,11.33393189823638,3.444687735034372
roth_c_cover_c,8,0.02839686702645699,0.032703458618751055,0.058198467435362354,0.016074697169105385
roth_c_dpm_frac_crop,8,-0.075487948207443,0.075487948207443,0.051895689852232946,0.016605330408642063
roth_c_dpm_frac_tree,8,0.02257382541246172,0.049701087200214183,0.07491918040029101,0.01839622823733253
roth_c_moisture_b_slope,8,-1.0012848968561898,1.1270551771257096,2.425556736659822,0.6819664575575225
roth_c_temp_a1,8,0.5974763069305924,0.6172214749957338,0.6478725627062814,0.18750740036695265
roth_c_temp_a2,8,-1.098183238649989,1.1762124789162207,1.282038518237503,0.34961682757488216
thinning_fraction_branch_delta,8,-0.13242326733114598,0.13242326733114598,0.11925151797186533,0.03319031361531073
thinning_fraction_croot_delta,8,-0.05714920982269198,0.05714920982269198,0.0428352132634113,0.012869639802761713
thinning_fraction_froot_delta,8,-0.023981720072358326,0.023981720072358326,0.022827319185833715,0.005805742188242709
thinning_fraction_leaf_delta,8,-0.03851326197808389,0.03851326197808389,0.029741673804228232,0.009844561911349725
thinning_fraction_stem_delta,8,-0.25120742869140983,0.2523776664291883,0.25527740003512367,0.07758621240475917
tree_carbon_sp1,8,0.1232318041708705,1.1907007376921444,1.488574222311297,0.24470206543557388
tree_nitrogen_branch_sp1,8,0.0023718969662307353,0.0023718969662307353,0.0005654671728752955,0.0001803791093776874
tree_nitrogen_croot_sp1,8,0.0013277636019014272,0.0013277636019014272,0.0008425580048488874,0.00023629942574106248
tree_nitrogen_froot_sp1,8,0.034196249368392266,0.034196249368392266,0.01145872772068091,0.003632497402458857
tree_nitrogen_leaf_sp1,8,0.05241695598061465,0.05241695598061465,0.01762641270388692,0.00523372999239845
tree_nitrogen_stem_sp1,8,0.006310340185997842,0.006310340185997842,0.0016662018159441635,0.0005165091523338806
tree_root_in_top_30,8,-0.16481103316775875,0.18373948848215382,0.19719588619216238,0.053948075023431394
tree_root_to_shoot_sp1,8,0.03257370318649315,0.13920917991753923,0.17995173941154013,0.03285428646849354
cy0,9,-0.2992628940545983,1.042497224915619,1.8182672723808324,0.4130981474731154
clay,9,-1.1534391608791872,1.1536004075485198,1.1094819533376168,0.3295487759492824
temp_ci_delta,9,0.3212904290041102,0.38699027916401657,0.4438326676702829,0.10797942172454571
rain_ci_delta,9,1.876128355429492,2.3687623243528257,4.924313792252287,1.5031769492629596
evap_ci_delta,9,-0.21158058469912994,0.2297149996926732,1.018787265989248,0.3110728177026448
ef_burn_crop_N2O_scale,9,-0.0033276030017227176,0.0034728063259310384,0.0025192035771980604,0.0005980928663087263
ef_burn_crop_CH4_scale,9,-0.012543540146483734,0.012839927987751642,0.009503528698988916,0.002532641064243826
ef_burn_tree_N2O_scale,9,0.00872908610320339,0.00872908610320339,0.006325661690449303,0.0017862522654842352
ef_burn_tree_CH4_scale,9,0.03316217687927036,0.03316217687927036,0.02423198582296552,0.007755078305731814
ef_N_inputs,9,-0.03727187898386767,0.043297024750316083,0.034039231241826104,0.009035647024997396
combustion_factor_crop,9,-0.014493638588729102,0.015388645910985104,0.012609924446931547,0.003294075996257351
combustion_factor_tree,9,0.04488324054354399,0.04488324054354399,0.027327416567194503,0.008239688240380067
volatile_frac_organic_fertiliser,9,-0.002875425650973984,0.002875425650973984,0.00030556244209824907,8.220332913389422e-05
volatile_frac_synthetic_fertiliser,9,0.016297396888963096,0.016297396888963096,0.0016405654386363777,0.000505482820522526
base_sf_qty_scale,9,-0.12981374696526454,0.12981374696526454,0.011684697112334514,0.0038287183019437778
proj_lit_qty_scale,9,-0.0111446156688039,0.014668872561668983,0.018133115184877622,0.004653143409751987
base_stand_density_scale,9,0.0,0.0,0.0,0.0
proj_stand_density_scale,9,0.3849516400505917,1.2480726258890094,1.4804100885307296,0.2485550954728709
tree_wood_dens_sp1,9,0.5751909254707389,1.1733327408010337,1.2537466117139995,0.18455689873626324
base_cover,9,0.8078088276092832,0.8078088276092832,0.9733550027563324,0.34022157245396545
base_fire_off,9,-0.02488531306065852,0.02488531306065852,0.08969221031413543,0.023475185917333725
base_fire_on,9,-0.03493285974000283,0.03493285974000283,0.005956144895642735,0.0018859905989435336
base_mortality,9,0.0,0.0,0.0,0.0
base_sf_n_delta,9,-0.1329016327182007,0.1329016327182007,0.013646164833617705,0.0045517714051519775
base_thinning_delta,9,0.0,0.0,0.0,0.0
crop_base_left_delta,9,0.16261235885382613,0.16261235885382613,0.049894802394275364,0.015331438317965383
crop_base_yield_delta,9,0.08349570900699102,0.08349570900699102,0.04541257829742541,0.013158439150524137
crop_carbon_above_sp3,9,0.0013080523339946179,0.0064927305372922284,0.010922239358945965,0.0022449192598260497
crop_carbon_below_sp3,9,0.005601394397504686,0.011055662257703467,0.01604776676622101,0.004396317216880223
crop_intercept_sp3,9,-0.001123682285819122,0.003423993835058076,0.0050828811507940596,0.0013226261120466867
crop_nitrogen_above_sp3,9,-0.0013829849470186062,0.0020823640549891887,0.0022678518451477512,0.000502084664799837
crop_nitrogen_below_sp3,9,-0.003185169132260887,0.003185169132260887,0.0007438279445783943,0.00023880611581084438
crop_carbon_above_sp10,9,0.07461133327325177,0.07461133327325177,0.026026511100370676,0.008347333957958244
crop_carbon_below_sp10,9,0.03104077799931836,0.03104077799931836,0.012869642643878625,0.0036183190719579384
crop_intercept_sp10,9,0.01994892340678809,0.01994892340678809,0.009061693808988558,0.002618731500633862
crop_nitrogen_above_sp10,9,-0.007081677975079291,0.007081677975079291,0.0014323384656659461,0.00043741116246523405
crop_nitrogen_below_sp10,9,-0.004457407240105585,0.004457407240105585,0.0014506415250370467,0.0004333593057344223
crop_proj_left_delta,9,-0.0018793185195794565,0.011686100674663,0.018558217306952503,0.0041042756095169795
crop_proj_yield_delta,9,0.12938652171463774,0.13166529792736975,0.0491645181172619,0.012712296729960357
crop_root_in_top_30,9,0.02929777981056738,0.03161020712492217,0.02034864773349653,0.005742543570746921
crop_root_to_shoot_sp3,9,0.004344288070112637,0.006490128339818482,0.009226507777790808,0.0025770275080408277
crop_slope_sp3,9,0.0003283557356009853,0.002381431721885094,0.004152292990083689,0.0011176063549002424
crop_root_to_shoot_sp10,9,0.027217995798804857,0.027217995798804857,0.012788371398216085,0.004189736012133761
crop_slope_sp10,9,0.047436452450820024,0.047436452450820024,0.023222430297785857,0.006818266834067441
cy0_to_ceq_multiplier,9,-0.021769432110526094,0.03990199286004323,0.13694249020950558,0.042747600564581385
litter_carbon,9,-0.0344382437129209,0.0344382437129209,0.012995524902964418,0.003917971995311258
litter_nitrogen,9,0.023840581492758334,0.023840581492758334,0.0026222280512944508,0.0007248192172950299
mortality_fraction_branch_delta,9,-0.018482983115111845,0.0197167046684582,0.023147791277939454,0.006227717481974604
mortality_fraction_croot_delta,9,-0.004559375277186434,0.005494848619076381,0.005590701215290119,0.0013625534023420276
mortality_fraction_froot_delta,9,-0.0016033632180785158,0.0024030950312855875,0.0033230399596055663,0.0008532972237791436
mortality_fraction_leaf_delta,9,-0.002694965446588038,0.004026367269100162,0.005666764498606723,0.0014327597183839572
mortality_fraction_stem_delta,9,-0.019609825227451506,0.032362283728839966,0.040531242454386635,0.010592457858059925
pool_alloc_froot_sp1,9,-0.032698710502877704,0.08555467123875737,0.10739085308373061,0.022077930158985192
pool_alloc_leaf_sp1,9,-0.07750938586785201,0.16203735117871368,0.22181392354771556,0.047388714286967976
pool_alloc_stem_sp1,9,0.8841942146736443,1.2215509257663946,1.2160371453591288,0.24500273628259905
pool_turnover_branch_sp1,9,0.5025995679086875,0.5025995679086875,0.2518945125878543,0.06454407396221949
pool_turnover_croot_sp1,9,-0.33950213799972995,0.34019652861327254,0.24325648886100223,0.08048283754918974
pool_turnover_froot_sp1,9,-0.13147076998808177,0.1322954137719414,0.11312917712433049,0.03554254455835561
pool_turnover_leaf_sp1,9,-0.10690167398494466,0.10925963642971293,0.08569031506773207,0.022248443694491707
pool_turnover_stem_sp1,9,14.78887429541695,14.78887429541695,9.740140911164682,2.821419947253794
proj_cover,9,-2.895461236093195,2.9332604387818155,5.487902142215915,1.7765795894940302
proj_fire_off,9,0.03827633718179517,0.03827633718179517,0.08866578947612393,0.02775101978732782
proj_fire_on,9,0.45039853720940465,0.45039853720940465,0.09796727456345787,0.030368438292224926
proj_mortality,9,0.5585696694158807,0.5585696694158807,0.3711040343541253,0.10833439010197414
proj_thinning_delta,9,14.206074255520752,14.206074255520752,10.947340330626073,3.3321232377708214
roth_c_cover_c,9,0.022079542169283928,0.027034272830273653,0.05008253821946072,0.013783236809324634
roth_c_dpm_frac_crop,9,-0.047846745027821935,0.047846745027821935,0.04643672189829907,0.015144488070367989
roth_c_dpm_frac_tree,9,-0.012357319200892137,0.05549187488368372,0.07152004848532367,0.012877571544962819
roth_c_moisture_b_slope,9,-0.8499356504932722,0.9875390580863839,2.230973608331495,0.628698730610833
roth_c_temp_a1,9,0.4183883224642434,0.49255591433962626,0.6506969084114467,0.17789931293479558
roth_c_temp_a2,9,-0.6148536537959267,0.8656255092446916,1.220285353038796,0.290901165757195
thinning_fraction_branch_delta,9,0.038615456652383036,0.042655870888026706,0.0451511834863829,0.013134795243067633
thinning_fraction_croot_delta,9,0.01875281724709691,0.01957204845198072,0.015476913117234942,0.004203146511797924
thinning_fraction_froot_delta,9,0.009259810474675579,0.00972990815583229,0.009109581419783594,0.0026979379839894065
thinning_fraction_leaf_delta,9,0.017396057117371903,0.017702886184138816,0.014062674770916616,0.004431873836184027
thinning_fraction_stem_delta,9,0.1162408333878279,0.1162408333878279,0.08076246105650145,0.023080214306596496
tree_carbon_sp1,9,0.44771169005666034,1.2808704508469035,1.5188726579660214,0.25533463839600656
tree_nitrogen_branch_sp1,9,0.0019763025868150845,0.0019763025868150845,0.0003889730866305191,0.00012123946945401267
tree_nitrogen_croot_sp1,9,0.0011862243453667932,0.0011862243453667932,0.0008810024950237669,0.00024902074390864033
tree_nitrogen_froot_sp1,9,0.03259614229229112,0.03259614229229112,0.01265144041040962,0.0040075597043468785
tree_nitrogen_leaf_sp1,9,0.050265763154645725,0.050265763154645725,0.019679724524458517,0.005868767651777164
tree_nitrogen_stem_sp1,9,0.0053541845706325305,0.0053541845706325305,0.0015874045618167628,0.0004890847316944857
tree_root_in_top_30,9,-0.09270454241994062,0.141390506432384,0.18464894823774702,0.045061410690890154
tree_root_to_shoot_sp1,9,0.05820640407382258,0.15826615504154007,0.1836706746019867,0.02975211739727472
cy0,10,-0.2781660227463107,0.9631263365438457,1.7007001619084035,0.38797499096353405
clay,10,-1.0369116574404846,1.0395715231081517,1.0502688804375226,0.31054304829159424
temp_ci_delta,10,0.22045747574750862,0.33763066511216683,0.42033858758928405,0.09818969956753848
rain_ci_delta,10,1.3116394635321986,1.8916856154399206,4.359853363508037,1.3445018807612186
evap_ci_delta,10,-0.16218896843584102,0.19613399688679456,0.8547477176992438,0.259553375226485
ef_burn_crop_N2O_scale,10,-0.0033276030017225177,0.003472806325930672,0.0025192035771978206,0.0005980928663086731
ef_burn_crop_CH4_scale,10,-0.012543540146483706,0.012839927987751482,0.009503528698989157,0.0025326410642439235
ef_burn_tree_N2O_scale,10,0.008321110426029111,0.008321110426029111,0.006111828853002619,0.0017313892185206038
ef_burn_tree_CH4_scale,10,0.03185260908023287,0.03185260908023287,0.023409232661747294,0.007409668268266975
ef_N_inputs,10,-0.04022567205351247,0.04750411753442914,0.03737732323632996,0.009609186906674118
combustion_factor_crop,10,-0.014493638588729235,0.015388645910984971,0.012609924446931183,0.0032940759962573236
combustion_factor_tree,10,0.04300950715339929,0.04300950715339929,0.02696886256338847,0.00803203657729148
volatile_frac_organic_fertiliser,10,-0.0028754256509737177,0.0028754256509737177,0.00030556244209797254,8.22033291338038e-05
volatile_frac_synthetic_fertiliser,10,0.016297396888962878,0.016297396888962878,0.0016405654386361318,0.0005054828205224963
base_sf_qty_scale,10,-0.12981374696526468,0.12981374696526468,0.011684697112334538,0.0038287183019438072
proj_lit_qty_scale,10,-0.00857354040790672,0.012602569904139526,0.016235688717174273,0.004102057818237958
base_stand_density_scale,10,0.0,0.0,0.0,0.0
proj_stand_density_scale,10,0.8201499725889129,1.4617064081328366,1.4624891494425072,0.23465043160249904
tree_wood_dens_sp1,10,1.0356953616904347,1.5080145924879855,1.3077292916523147,0.18684356563867402
base_cover,10,0.7426862373425622,0.7426862373425622,0.9018179584130991,0.31480784359363573
base_fire_off,10,-0.02488531306065852,0.02488531306065852,0.08969221031413543,0.023475185917333725
base_fire_on,10,-0.034932859740003,0.034932859740003,0.005956144895643005,0.001885990598943726
base_mortality,10,0.0,0.0,0.0,0.0
base_sf_n_delta,10,-0.13290163271820085,0.13290163271820085,0.013646164833617214,0.004551771405151711
base_thinning_delta,10,0.0,0.0,0.0,0.0
crop_base_left_delta,10,0.15494866735112453,0.15494866735112453,0.046856418799943685,0.014363330747608679
crop_base_yield_delta,10,0.0747026043293028,0.07495580806140012,0.04384586116819595,0.012670193710998038
crop_carbon_above_sp3,10,0.0012103763983323025,0.006092343303288938,0.010137537119906729,0.0020721535918789597
crop_carbon_below_sp3,10,0.0053521763275624495,0.010402238786733594,0.014917851934182725,0.004081816481478193
crop_intercept_sp3,10,-0.001094638510738534,0.0032283718402092336,0.004714818024590252,0.0012092041889002012
crop_nitrogen_above_sp3,10,-0.001382984947018756,0.0020823640549888557,0.0022678518451469372,0.000502084664799723
crop_nitrogen_below_sp3,10,-0.003185169132261062,0.003185169132261062,0.0007438279445780488,0.0002388061158107006
crop_carbon_above_sp10,10,0.06454473665261898,0.06454473665261898,0.023433430065402706,0.007619535836670392
crop_carbon_below_sp10,10,0.02683781620518578,0.02683781620518578,0.011868993534754194,0.0033031532272414683
crop_intercept_sp10,10,0.016652352077632125,0.016652352077632125,0.008531860550714166,0.002457892193425496
crop_nitrogen_above_sp10,10,-0.007081677975079054,0.007081677975079054,0.0014323384656655998,0.00043741116246512844
crop_nitrogen_below_sp10,10,-0.004457407240105809,0.004457407240105809,0.0014506415250372868,0.0004333593057345371
crop_proj_left_delta,10,-0.013556655493345181,0.016106833070387773,0.017109722780168465,0.0041255106330086
crop_proj_yield_delta,10,0.12101688210861465,0.12396850732173022,0.04912118953297474,0.012008833855992563
crop_root_in_top_30,10,0.02479620071410562,0.027003350652354773,0.018633088204482503,0.005308555936278131
crop_root_to_shoot_sp3,10,0.003872672158857135,0.006157990844420322,0.008644670269985657,0.0023558050298914403
crop_slope_sp3,10,0.00012116940421793842,0.0022892831237236984,0.0038653734606895903,0.0010315294053181545
crop_root_to_shoot_sp10,10,0.022961352169495516,0.022961352169495516,0.01186214040279835,0.00386787148467053
crop_slope_sp10,10,0.03791716554157068,0.03791716554157068,0.02080802152514946,0.0061281110392561325
cy0_to_ceq_multiplier,10,-0.019040474873077546,0.03339838757451682,0.11990955855126839,0.03760234557034035
litter_carbon,10,-0.03238814377549084,0.03238814377549084,0.011724683980971378,0.0035112431467883543
litter_nitrogen,10,0.023840581492757917,0.023840581492757917,0.002622228051294164,0.0007248192172949333
mortality_fraction_branch_delta,10,-0.015967843976165658,0.017450551675728593,0.02065064631985131,0.00537264777738972
mortality_fraction_croot_delta,10,-0.003773440481137702,0.004738860697147751,0.005083393227116184,0.0012206972486820975
mortality_fraction_froot_delta,10,-0.0012944354079556491,0.0020769939229281138,0.0030395671846756315,0.0007678581074309833
mortality_fraction_leaf_delta,10,-0.0022795766098022974,0.0037134861817351983,0.005286753826984029,0.001314086483724154
mortality_fraction_stem_delta,10,-0.016622933761030252,0.029714849599078684,0.039074034479852505,0.00984683137179269
pool_alloc_froot_sp1,10,-0.014226092915892736,0.07278198501450023,0.09988469072121316,0.02203760247432079
pool_alloc_leaf_sp1,10,-0.05663147001097346,0.14599279565818007,0.20293984056738423,0.04129475249174856
pool_alloc_stem_sp1,10,0.7722833818518324,1.0103030590221804,1.0651578555660528,0.22798220350197249
pool_turnover_branch_sp1,10,0.4103016157181153,0.41048006633897804,0.29716769259282855,0.07466054830914637
pool_turnover_croot_sp1,10,-0.36529452390224926,0.36529452390224926,0.2216441714800117,0.07307838782537789
pool_turnover_froot_sp1,10,-0.14460451521382892,0.1447105888920951,0.10423943373376793,0.03230752998499138
pool_turnover_leaf_sp1,10,-0.11203405516515907,0.1132551264468928,0.07252217061598028,0.018634129987963065
pool_turnover_stem_sp1,10,11.331068106245809,11.575235549032731,10.528132132021964,2.9401491039358247
proj_cover,10,-2.231424563586384,2.2912458393165904,4.494855411389943,1.4333411772972477
proj_fire_off,10,0.0382763371817955,0.0382763371817955,0.0886657894761242,0.02775101978732784
proj_fire_on,10,0.43472397960018283,0.43472397960018283,0.10848791948850112,0.033772976082354564
proj_mortality,10,0.481702371741256,0.48755544559686276,0.43658512536195937,0.12355671292767291
proj_thinning_delta,10,17.544086583770103,17.544086583770103,11.013108671244048,3.337869718623256
roth_c_cover_c,10,0.016651138847083944,0.022199786106270866,0.04225884839422697,0.011689148824393614
roth_c_dpm_frac_crop,10,-0.03237486561453169,0.03237486561453169,0.04050700836639689,0.013302626735480065
roth_c_dpm_frac_tree,10,-0.014648485291042257,0.05004121131477703,0.06183387124127467,0.010968510391738536
roth_c_moisture_b_slope,10,-0.7108693299048038,0.8691942078666696,2.004265887429767,0.563564471418017
roth_c_temp_a1,10,0.2947708426107097,0.44765722035896643,0.6341367799507427,0.16682822461480998
roth_c_temp_a2,10,-0.2914951325787604,0.8120251436997495,1.125327998929217,0.21159847052344205
thinning_fraction_branch_delta,10,0.01973499227750015,0.022643084071121256,0.0256323894731368,0.007434336919306829
thinning_fraction_croot_delta,10,0.009439688078368869,0.009854409307053424,0.008790522337342378,0.0024976393059110875
thinning_fraction_froot_delta,10,0.005224472233294053,0.005696352754509815,0.005756234633134872,0.0016498703509763733
thinning_fraction_leaf_delta,10,0.009567992645439172,0.009577516063697967,0.008726583756233548,0.002852639020023118
thinning_fraction_stem_delta,10,0.062265276242776425,0.062265276242776425,0.05388381715618997,0.01670828121397645
tree_carbon_sp1,10,0.8507381738053035,1.6312741598044098,1.6371707722359918,0.2350360648694707
tree_nitrogen_branch_sp1,10,0.00191645742421665,0.00191645742421665,0.0003867063681286578,0.0001157941181004662
tree_nitrogen_croot_sp1,10,0.0011529291723904155,0.0011529291723904155,0.0009108740042433968,0.0002582437142403295
tree_nitrogen_froot_sp1,10,0.03168574475114797,0.03168574475114797,0.013714485840451268,0.004348338037796344
tree_nitrogen_leaf_sp1,10,0.049020826709330514,0.049020826709330514,0.02160537589846438,0.006450551233195955
tree_nitrogen_stem_sp1,10,0.004990043168331085,0.004990043168331085,0.0015001464275386496,0.00047727355420977997
tree_root_in_top_30,10,-0.08251173232296655,0.12559760048012827,0.16739329670525893,0.040675393746740035
tree_root_to_shoot_sp1,10,0.11790287027527464,0.20499073736185586,0.2057242472112661,0.03420823063211831
cy0,11,-0.25839491824615,0.8825584706137402,1.5847916905214356,0.3639588193823681
clay,11,-0.9718139088284573,0.9718212855346714,1.0280596037466503,0.3048359502662151
temp_ci_delta,11,0.18773572946585038,0.2995751584171659,0.37362395026194883,0.08681524429357698
rain_ci_delta,11,0.9951609969399456,1.6333284176168212,3.9644797772868827,1.2408358267764286
evap_ci_delta,11,-0.13582021194147048,0.17157987274146982,0.7456809928637096,0.226258495119304
ef_burn_crop_N2O_scale,11,-0.0033276030017224054,0.003472806325930626,0.002519203577197757,0.0005980928663086581
ef_burn_crop_CH4_scale,11,-0.01254354014648408,0.012839927987751923,0.00950352869898921,0.0025326410642439673
ef_burn_tree_N2O_scale,11,0.008274553717754462,0.008274553717754462,0.006137639975632516,0.0017299353433513098
ef_burn_tree_CH4_scale,11,0.03158383323257436,0.03158383323257436,0.023031971822482355,0.007210860588932582
ef_N_inputs,11,-0.04272088415102225,0.051324250553616654,0.04063880411453428,0.010139034903217355
combustion_factor_crop,11,-0.014493638588729351,0.015388645910985155,0.01260992444693121,0.0032940759962573627
combustion_factor_tree,11,0.04286283604311983,0.04286283604311983,0.027481647234151727,0.008194339408106644
volatile_frac_organic_fertiliser,11,-0.0028754256509734783,0.0028754256509734783,0.0003055624420979489,8.220332913374946e-05
volatile_frac_synthetic_fertiliser,11,0.016297396888963187,0.016297396888963187,0.0016405654386363701,0.0005054828205225566
base_sf_qty_scale,11,-0.12981374696526451,0.12981374696526451,0.011684697112334302,0.00382871830194369
proj_lit_qty_scale,11,-0.006434070546535925,0.011048827309972292,0.014766985875707782,0.003649097896314209
base_stand_density_scale,11,0.0,0.0,0.0,0.0
proj_stand_density_scale,11,0.12808061641479945,1.0393743352070608,1.3288015658143835,0.25853574150176606
tree_wood_dens_sp1,11,0.3365516753218283,0.9705409570951218,1.1303289831029855,0.19295460473186019
base_cover,11,0.6793589690159367,0.6793589690159367,0.8339490427140998,0.29056439235176806
base_fire_off,11,-0.02488531306065852,0.02488531306065852,0.08969221031413543,0.023475185917333725
base_fire_on,11,-0.034932859740002854,0.034932859740002854,0.005956144895642977,0.0018859905989436583
base_mortality,11,0.0,0.0,0.0,0.0
base_sf_n_delta,11,-0.13290163271820105,0.13290163271820105,0.013646164833617117,0.004551771405151696
base_thinning_delta,11,0.0,0.0,0.0,0.0
crop_base_left_delta,11,0.14819621624441684,0.14819621624441684,0.044365223915252085,0.013596468724469494
crop_base_yield_delta,11,0.06694178359527161,0.0678738802947336,0.042756005487332625,0.012144856204763181
crop_carbon_above_sp3,11,0.0011144318447982664,0.005751511435886323,0.009486402467503964,0.0019306196429326248
crop_carbon_below_sp3,11,0.005115236955255245,0.009880409465025122,0.01403284313583031,0.0038302874958681637
crop_intercept_sp3,11,-0.001075669267585383,0.003078041847202867,0.004436022101536646,0.001121398866478541
crop_nitrogen_above_sp3,11,-0.0013829849470186977,0.002082364054989197,0.0022678518451472868,0.0005020846647997279
crop_nitrogen_below_sp3,11,-0.0031851691322605084,0.0031851691322605084,0.0007438279445779394,0.00023880611581070075
crop_carbon_above_sp10,11,0.057922101754945464,0.057922101754945464,0.02108034847687605,0.006904548662745345
crop_carbon_below_sp10,11,0.024064744532417654,0.024064744532417654,0.010941329792358023,0.0030291560129778075
crop_intercept_sp10,11,0.014576381300053709,0.014576381300053709,0.008069326645590614,0.0023271334418576224
crop_nitrogen_above_sp10,11,-0.007081677975079225,0.007081677975079225,0.0014323384656656408,0.0004374111624650965
crop_nitrogen_below_sp10,11,-0.004457407240105743,0.004457407240105743,0.0014506415250372178,0.00043335930573447286
crop_proj_left_delta,11,-0.019474079757430714,0.020828213750216793,0.0171889913442747,0.004280941514508234
crop_proj_yield_delta,11,0.11771360498870957,0.12080314657831633,0.04971496618258556,0.011964790863948131
crop_root_in_top_30,11,0.021747920165084728,0.02386470038637541,0.01731548995554599,0.0049523694920381315
crop_root_to_shoot_sp3,11,0.0034645035178806267,0.0059217481719378825,0.008262010975451517,0.002196582403935524
crop_slope_sp3,11,-5.806916031315667e-05,0.0022620842131039877,0.0036617013362610154,0.0009760723564725362
crop_root_to_shoot_sp10,11,0.02021457073788187,0.02021457073788187,0.01106276044694028,0.003589979113920808
crop_slope_sp10,11,0.031721735031267864,0.031721735031267864,0.018627657581824317,0.005509841414447462
cy0_to_ceq_multiplier,11,-0.016757537433486746,0.028266527132342234,0.10539667949086226,0.03317014392551732
litter_carbon,11,-0.030658200040843554,0.030658200040843554,0.0107041010466487,0.0031891228327185816
litter_nitrogen,11,0.02384058149275825,0.02384058149275825,0.002622228051294171,0.0007248192172949776
mortality_fraction_branch_delta,11,-0.011731427950250792,0.01466541581807996,0.01922239014241247,0.00466177093224451
mortality_fraction_croot_delta,11,-0.0023942824356711968,0.003849652150657329,0.004858456730939183,0.0011068177748109402
mortality_fraction_froot_delta,11,-0.0006838103427241629,0.0018331473144192437,0.0029009388605392844,0.0006668093937367788
mortality_fraction_leaf_delta,11,-0.0014474538270611431,0.0035178189038637037,0.005145318523981529,0.0011908053509918283
mortality_fraction_stem_delta,11,-0.010598003281657605,0.026878231678914854,0.03727319517530954,0.00882905836602716
pool_alloc_froot_sp1,11,-0.010034858162150394,0.06561333571661657,0.09418162590971463,0.02240998198079651
pool_alloc_leaf_sp1,11,-0.03346479969225636,0.13988566763344634,0.1946020217149069,0.03672775907529974
pool_alloc_stem_sp1,11,0.7552776883327178,1.1303157411187663,1.1916094998756759,0.23411849156138215
pool_turnover_branch_sp1,11,0.5138653511840158,0.5138653511840158,0.28685643233671093,0.07390347291539771
pool_turnover_croot_sp1,11,-0.21391398028368985,0.22137283355832596,0.21505827922186696,0.06989974487460786
pool_turnover_froot_sp1,11,-0.07633888523830479,0.07959578390762109,0.08247628461722192,0.02493195948325513
pool_turnover_leaf_sp1,11,-0.06091913179737492,0.06750914679722149,0.06698549736770322,0.016722652396877175
pool_turnover_stem_sp1,11,14.291361361316913,14.322593906841266,11.159585804508932,3.2490375015900477
proj_cover,11,-1.8729959127039617,1.9204411443182494,3.801828448930412,1.1834914917354908
proj_fire_off,11,0.038276337181795406,0.038276337181795406,0.08866578947612395,0.02775101978732775
proj_fire_on,11,0.43743325281983036,0.43743325281983036,0.12311595308207618,0.038769944712782424
proj_mortality,11,0.5622286983603846,0.5626443106489158,0.44510911264555003,0.13139486772896494
proj_thinning_delta,11,11.053534246486569,11.074794232492044,11.940648664611066,3.6498986833663887
roth_c_cover_c,11,0.01310360353244836,0.018594966719319407,0.03549612915574714,0.009906858825711165
roth_c_dpm_frac_crop,11,-0.023284465930733855,0.023284465930733855,0.03491563721054155,0.011473921908684908
roth_c_dpm_frac_tree,11,-0.005730264372445013,0.037518028255016524,0.05195847357617054,0.010590149770521938
roth_c_moisture_b_slope,11,-0.6098771969575172,0.7680257282644309,1.762899786409222,0.4962717843140166
roth_c_temp_a1,11,0.26979674246755825,0.4103239098021847,0.5907330009111499,0.1626429062099551
roth_c_temp_a2,11,-0.20926931983644909,0.7326554094957891,0.9866916885480722,0.17686360232844087
thinning_fraction_branch_delta,11,-0.09060491297578017,0.09060491297578017,0.08697785380867462,0.024167971108394297
thinning_fraction_croot_delta,11,-0.03786274025180984,0.038094752472955996,0.03322227286075524,0.009795012685646086
thinning_fraction_froot_delta,11,-0.016062811946646362,0.016062811946646362,0.017307867290440926,0.004380501565650654
thinning_fraction_leaf_delta,11,-0.024876107210029343,0.024962323788077535,0.022765863772730707,0.007590378674806146
thinning_fraction_stem_delta,11,-0.17095677315358193,0.17669009554332243,0.23302476354859455,0.07252347973339072
tree_carbon_sp1,11,0.17577724099841702,1.057240123251957,1.3852945713252718,0.24772856688848577
tree_nitrogen_branch_sp1,11,0.002093817163223893,0.002093817163223893,0.00045204718744770326,0.00013206964120397188
tree_nitrogen_croot_sp1,11,0.0011875087439002564,0.0011875087439002564,0.0009315749765467921,0.00026286464465476124
tree_nitrogen_froot_sp1,11,0.03064381403247567,0.03064381403247567,0.014711760731368352,0.004654609732985243
tree_nitrogen_leaf_sp1,11,0.04745199877443724,0.04745199877443724,0.02342536497212275,0.007002747902076022
tree_nitrogen_stem_sp1,11,0.004996915569850541,0.004996915569850541,0.0014129913698088983,0.0004744404076228379
tree_root_in_top_30,11,-0.0814099015129636,0.11595942173996973,0.15469816144113271,0.03823606870921049
tree_root_to_shoot_sp1,11,0.020812892187584982,0.1272536246108354,0.1695847551997289,0.031297754691681307
cy0,12,-0.23983546950610873,0.8034452342940297,1.472281617449125,0.34101666709298945
clay,12,-0.8461860532342567,0.861386370997686,0.9930507235286452,0.289867189858732
temp_ci_delta,12,0.13183808115938783,0.26490088010536617,0.33870719152947987,0.07720261352892481
rain_ci_delta,12,0.6806695294399121,1.4446361959532,3.647204774355541,1.153587716553313
evap_ci_delta,12,-0.10755532419505576,0.14603843184575954,0.6236042043319575,0.18822409604469434
ef_burn_crop_N2O_scale,12,-0.00363878812426123,0.0037515118740695493,0.0025092708253814824,0.0005998161336373557
ef_burn_crop_CH4_scale,12,-0.013689076860133492,0.013890070420817796,0.009499423496897592,0.0025885634209474283
ef_burn_tree_N2O_scale,12,0.0074868673527545586,0.0074868673527545586,0.005752230930922621,0.0016525613322748423
ef_burn_tree_CH4_scale,12,0.029215146036788125,0.029215146036788125,0.022173994404397004,0.0068784669406802374
ef_N_inputs,12,-0.05114476044202402,0.05953860491365755,0.04360179383231493,0.010938639786020232
combustion_factor_crop,12,-0.0159079655092527,0.016494808245057415,0.012651134309522888,0.0034032416469158104
combustion_factor_tree,12,0.03921676960680433,0.03921676960680433,0.0267305932746754,0.007777933372988662
volatile_frac_organic_fertiliser,12,-0.0028754256509735425,0.0028754256509735425,0.0003055624420979462,8.220332913373913e-05
volatile_frac_synthetic_fertiliser,12,0.016297396888963204,0.016297396888963204,0.0016405654386364818,0.0005054828205226056
base_sf_qty_scale,12,-0.12981374696526454,0.12981374696526454,0.01168469711233435,0.00382871830194372
proj_lit_qty_scale,12,-0.004603511017272926,0.009981761645844817,0.013638549706322051,0.0032664819771457514
base_stand_density_scale,12,0.0,0.0,0.0,0.0
proj_stand_density_scale,12,0.3322641305087871,1.0939219906806588,1.292203453391868,0.22417642395448664
tree_wood_dens_sp1,12,0.5518365182831821,1.0935510139821858,1.1263719529527427,0.16671423212689362
base_cover,12,0.6191491192129449,0.6191491192129449,0.7706631621959393,0.26780140052924073
base_fire_off,12,-0.02488531306065852,0.02488531306065852,0.08969221031413543,0.023475185917333725
base_fire_on,12,-0.03493285974000271,0.03493285974000271,0.005956144895642542,0.0018859905989435089
base_mortality,12,0.0,0.0,0.0,0.0
base_sf_n_delta,12,-0.13290163271820093,0.13290163271820093,0.013646164833617188,0.004551771405151729
base_thinning_delta,12,0.0,0.0,0.0,0.0
crop_base_left_delta,12,0.1421132676897423,0.1421132676897423,0.04231515564042719,0.012987244776468506
crop_base_yield_delta,12,0.05990302490390228,0.06156488581736169,0.041981078885514556,0.01172733612963446
crop_carbon_above_sp3,12,0.01349329806522118,0.014778690021110149,0.007960890910027737,0.0015928760215040661
crop_carbon_below_sp3,12,0.042704216447127075,0.042704216447127075,0.011322930673468021,0.003631542309169821
crop_intercept_sp3,12,-0.001063444792322052,0.0029581086105520543,0.004223509527148522,0.001054186237287487
crop_nitrogen_above_sp3,12,-0.0027879445380393137,0.002921889537422931,0.002133191177484655,0.0006244334717795852
crop_nitrogen_below_sp3,12,-0.006290349959597358,0.006290349959597358,0.0010248475026811204,0.0003213931329966374
crop_carbon_above_sp10,12,0.05316832855507901,0.05316832855507901,0.019108277292826707,0.006274277758644579
crop_carbon_below_sp10,12,0.02207254309084879,0.02207254309084879,0.01013131108839216,0.0028007059011738123
crop_intercept_sp10,12,0.013144642923572597,0.013184565126758668,0.0076859985485420316,0.0022080090637005066
crop_nitrogen_above_sp10,12,-0.007081677975078875,0.007081677975078875,0.0014323384656658234,0.00043741116246519697
crop_nitrogen_below_sp10,12,-0.004457407240105659,0.004457407240105659,0.0014506415250369637,0.00043335930573443486
crop_proj_left_delta,12,0.0008010459933415704,0.010592193805139765,0.015442212358457557,0.0032677724170158727
crop_proj_yield_delta,12,0.11699827614660638,0.1199956615474496,0.05040716883819846,0.012124530036296294
crop_root_in_top_30,12,0.05298822447473216,0.05298822447473216,0.017049761892164738,0.005919055047588848
crop_root_to_shoot_sp3,12,0.03626264909770026,0.03626264909770026,0.009440877591576899,0.0027445541634957145
crop_slope_sp3,12,0.01197115080155076,0.01197115080155076,0.003433591015350673,0.0010245986626320567
crop_root_to_shoot_sp10,12,0.018283329773872058,0.018283329773872058,0.010406221994743585,0.0033615407126286597
crop_slope_sp10,12,0.027338129656417125,0.027338129656417125,0.01680014996738496,0.0049926039127490655
cy0_to_ceq_multiplier,12,-0.014799275726613811,0.024098376629031533,0.09289911919258453,0.029328462516462653
litter_carbon,12,-0.029145988924859638,0.029145988924859638,0.009886403829397808,0.002935066544948643
litter_nitrogen,12,0.023840581492758202,0.023840581492758202,0.0026222280512942673,0.0007248192172950263
mortality_fraction_branch_delta,12,-0.010811253646425212,0.013366582459766185,0.017188223382852908,0.004123847651439072
mortality_fraction_croot_delta,12,-0.002265128765543303,0.003540635909656034,0.004661538781136956,0.001126362926615099
mortality_fraction_froot_delta,12,-0.0006639491685493965,0.0017000827734448692,0.0027388066072072674,0.000651241334905362
mortality_fraction_leaf_delta,12,-0.001448457275345666,0.0033234292750267624,0.0048182283535466676,0.001111582318573526
mortality_fraction_stem_delta,12,-0.010948217117099887,0.02553512558937706,0.037026817922263235,0.009013983831138599
pool_alloc_froot_sp1,12,0.0030193496105094656,0.06597906473237485,0.09304007696690504,0.021338211922124536
pool_alloc_leaf_sp1,12,-0.01577765982748326,0.14086438504718798,0.189505972230317,0.03362550864065773
pool_alloc_stem_sp1,12,0.661595016800776,1.00780975663271,1.1092760815554334,0.21729748785428946
pool_turnover_branch_sp1,12,0.46206662863866044,0.4624283563510831,0.3160732341370987,0.08024821367362907
pool_turnover_croot_sp1,12,-0.19876722503601862,0.20566416827918968,0.20212211514288725,0.06522767171453903
pool_turnover_froot_sp1,12,-0.06933016569059923,0.07212866157564167,0.07270639812810943,0.02168914297325201
pool_turnover_leaf_sp1,12,-0.05648191171838035,0.06212520926899138,0.06051443432135324,0.015405332538018351
pool_turnover_stem_sp1,12,12.385557325720786,12.582607277645247,11.718612227551372,3.360552270967022
proj_cover,12,-1.4471060114770908,1.4967575967637505,3.197418007794955,0.972506818115992
proj_fire_off,12,0.03588058569107096,0.03588058569107096,0.08438609015576828,0.02649264881855672
proj_fire_on,12,0.39979786914774496,0.39979786914774496,0.12912679635116955,0.04041821920006197
proj_mortality,12,0.5242248214102961,0.5292669684882985,0.49512545023009213,0.14383534877132206
proj_thinning_delta,12,12.806214047045325,12.806214047045325,11.874803719773524,3.632825211070589
roth_c_cover_c,12,0.009375863674056415,0.014943063747651739,0.029580900437291096,0.008432290202038067
roth_c_dpm_frac_crop,12,-0.05260901232008528,0.05260901232008528,0.03068569287624472,0.009937194269592846
roth_c_dpm_frac_tree,12,-0.024448665455689394,0.048800622537035626,0.05212570909822797,0.008702285284291102
roth_c_moisture_b_slope,12,-0.49835699899279734,0.6655653238210641,1.5193025723241378,0.42494088916691136
roth_c_temp_a1,12,0.20554827122779756,0.37781469949929136,0.5582612479977439,0.1519440563114503
roth_c_temp_a2,12,-0.06364265456176485,0.669272490501107,0.8720778809921318,0.15080239555612926
thinning_fraction_branch_delta,12,0.049345784043508464,0.049345784043508464,0.04322826000161028,0.01334164299521353
thinning_fraction_croot_delta,12,0.021843343927434828,0.021843343927434828,0.014778541397568127,0.004201662820022642
thinning_fraction_froot_delta,12,0.010193049451743192,0.010193049451743192,0.008836369430962544,0.0027011258590460365
thinning_fraction_leaf_delta,12,0.018652753739684266,0.018652753739684266,0.01401751371416265,0.004563260493479336
thinning_fraction_stem_delta,12,0.11547045052352442,0.11547045052352442,0.08467849036089631,0.023535301586023197
tree_carbon_sp1,12,0.3653728125716337,1.161011656461545,1.447788263281605,0.2595811748256286
tree_nitrogen_branch_sp1,12,0.0017632794332698653,0.0017632794332698653,0.00042549673293567014,0.00011878974610551159
tree_nitrogen_croot_sp1,12,0.0010813292751012727,0.0010813292751012727,0.0009812296962403877,0.0002812701376475875
tree_nitrogen_froot_sp1,12,0.029557328457686837,0.029557328457686837,0.01568145036845462,0.004957021490805808
tree_nitrogen_leaf_sp1,12,0.045996261715916524,0.045996261715916524,0.025266544981172284,0.00757004094141028
tree_nitrogen_stem_sp1,12,0.0043183752840117275,0.0043183752840117275,0.0014689545049499176,0.00048366966600155197
tree_root_in_top_30,12,-0.04306338179863999,0.10808031156313258,0.15575639226430807,0.03521794891037963
tree_root_to_shoot_sp1,12,0.038313472219039454,0.14110779868747508,0.17537418113375808,0.030090891601248653
cy0,13,-0.22238679951161525,0.727216640569111,1.3642851869948043,0.31916291337774993
clay,13,-0.7639059184411396,0.7911550340308106,0.9862789289152322,0.28349389026335575
temp_ci_delta,13,0.09107684354480941,0.23677831458396298,0.3091215345326602,0.07083481581880584
rain_ci_delta,13,0.45348603206590676,1.346636945085415,3.435842120641715,1.0848296153638173
evap_ci_delta,13,-0.08517621550856079,0.12543023876928877,0.5155877979223008,0.15487194891397169
ef_burn_crop_N2O_scale,13,-0.00363878812426128,0.0037515118740695324,0.002509270825381428,0.0005998161336373799
ef_burn_crop_CH4_scale,13,-0.013689076860133409,0.013890070420817713,0.009499423496898111,0.0025885634209475384
ef_burn_tree_N2O_scale,13,0.007219225958120271,0.007219225958120271,0.005682072245206226,0.0016413814693977983
ef_burn_tree_CH4_scale,13,0.02833985710535571,0.02833985710535571,0.02181540548313717,0.006706689429707936
ef_N_inputs,13,-0.0529396666058484,0.06272341881654986,0.046578666637697566,0.01132768444776568
combustion_factor_crop,13,-0.01590796550925328,0.016494808245057932,0.012651134309523247,0.003403241646915946
combustion_factor_tree,13,0.038024736347832995,0.038024736347832995,0.02697176489860192,0.007800305300766733
volatile_frac_organic_fertiliser,13,-0.0028754256509735425,0.0028754256509735425,0.0003055624420979265,8.220332913375237e-05
volatile_frac_synthetic_fertiliser,13,0.01629739688896298,0.01629739688896298,0.0016405654386364103,0.000505482820522555
base_sf_qty_scale,13,-0.12981374696526435,0.12981374696526435,0.011684697112334622,0.0038287183019438276
proj_lit_qty_scale,13,-0.0030026088666258582,0.00923432672261493,0.012776029511442149,0.00298390689430898
base_stand_density_scale,13,0.0,0.0,0.0,0.0
proj_stand_density_scale,13,0.24280246986827958,1.0205323258865913,1.2562122896359553,0.232806514224587
tree_wood_dens_sp1,13,0.4642101908055329,1.020429856436655,1.0979626132870526,0.17296577721301185
base_cover,13,0.5626527995342073,0.5626527995342073,0.7124504324038375,0.24668135954803716
base_fire_off,13,-0.02488531306065852,0.02488531306065852,0.08969221031413543,0.023475185917333725
base_fire_on,13,-0.03493285974000263,0.03493285974000263,0.00595614489564275,0.0018859905989436104
base_mortality,13,0.0,0.0,0.0,0.0
base_sf_n_delta,13,-0.13290163271820082,0.13290163271820082,0.013646164833617488,0.00455177140515189
base_thinning_delta,13,0.0,0.0,0.0,0.0
crop_base_left_delta,13,0.13654866865326135,0.13654866865326135,0.040621733940547335,0.012501352121723621
crop_base_yield_delta,13,0.05340249866065372,0.05573881961115066,0.04141653632854147,0.011433511601466825
crop_carbon_above_sp3,13,0.008832722253114789,0.010360501259316613,0.007590491291200969,0.0015957305366466324
crop_carbon_below_sp3,13,0.02866160776151235,0.028994685873535448,0.01070885003224253,0.0032133306763596713
crop_intercept_sp3,13,-0.0010555253613369093,0.0028619563890781323,0.004058918053861346,0.0010020819855758516
crop_nitrogen_above_sp3,13,-0.0027879445380389473,0.0029218895374227643,0.0021331911774849738,0.0006244334717796274
crop_nitrogen_below_sp3,13,-0.006290349959597758,0.006290349959597758,0.001024847502681174,0.00032139313299657713
crop_carbon_above_sp10,13,0.04950105361362652,0.04950105361362652,0.017514317925720925,0.005745065916979786
crop_carbon_below_sp10,13,0.02053341448709497,0.02053341448709497,0.00944426799790197,0.0026140637350258963
crop_intercept_sp10,13,0.012068953185968512,0.012141341203073096,0.007377926325226175,0.0021130793324558627
crop_nitrogen_above_sp10,13,-0.00708167797507907,0.00708167797507907,0.0014323384656660713,0.00043741116246528446
crop_nitrogen_below_sp10,13,-0.004457407240105385,0.004457407240105385,0.0014506415250371647,0.0004333593057344903
crop_proj_left_delta,13,-0.009318532718517143,0.012012691462552788,0.015557758711417192,0.003861171179877307
crop_proj_yield_delta,13,0.11763371341452451,0.1204426932032839,0.051045533681024484,0.012332151638188836
crop_root_in_top_30,13,0.03773256484603234,0.03781695079964063,0.016133427767215377,0.005565769810452486
crop_root_to_shoot_sp3,13,0.022057134146767476,0.022057134146767476,0.008760596727789728,0.00262683003763781
crop_slope_sp3,13,0.006036141824072719,0.006063708713989205,0.0034216335812154173,0.0009899262714139654
crop_root_to_shoot_sp10,13,0.016818333524809936,0.016818333524809936,0.009870889800777204,0.0031753051152670075
crop_slope_sp10,13,0.024002063821405944,0.024002063821405944,0.015314820950089045,0.0045709490001445904
cy0_to_ceq_multiplier,13,-0.013087751089173103,0.020631436672169913,0.0820499603097088,0.025979574103123668
litter_carbon,13,-0.027790499374981285,0.027790499374981285,0.00923190816268213,0.0027352189532671386
litter_nitrogen,13,0.023840581492757768,0.023840581492757768,0.0026222280512936138,0.0007248192172947733
mortality_fraction_branch_delta,13,-0.009722438208962524,0.012189082122878813,0.01566029499987662,0.0037013221847728866
mortality_fraction_croot_delta,13,-0.002085666694752042,0.003355277336347451,0.004608808193694016,0.0011391583979894907
mortality_fraction_froot_delta,13,-0.0005954919487360322,0.0016447776315449193,0.002651863371146517,0.000643054718898217
mortality_fraction_leaf_delta,13,-0.0013724306884567855,0.0031563521778529974,0.004597056360709393,0.001059941634248426
mortality_fraction_stem_delta,13,-0.010897798633481327,0.024396857449388375,0.03720289435703531,0.009245513375710971
pool_alloc_froot_sp1,13,0.0021993982304740105,0.06265978664218509,0.09016237028675382,0.021290632470986174
pool_alloc_leaf_sp1,13,-0.016274824679549316,0.13368484012238166,0.1825828654891516,0.0334351786788871
pool_alloc_stem_sp1,13,0.606245666946808,0.9731582338421582,1.093798288629533,0.2104033939489369
pool_turnover_branch_sp1,13,0.4602572080263931,0.46188413856268423,0.33169571302011036,0.08377502866221635
pool_turnover_croot_sp1,13,-0.181525601099224,0.1882837620101145,0.1949648424046687,0.062134130230742025
pool_turnover_froot_sp1,13,-0.0612905396622064,0.06388743899092572,0.06640097905844593,0.019560017264587583
pool_turnover_leaf_sp1,13,-0.050876487240859546,0.05630800837486424,0.05801715484344502,0.015267443328297636
pool_turnover_stem_sp1,13,12.121325697417596,12.395264421860091,12.22133668813447,3.5055675025762714
proj_cover,13,-1.1120791455746077,1.17382917182004,2.7800337592431807,0.8271573030348669
proj_fire_off,13,0.03588058569107109,0.03588058569107109,0.08438609015576867,0.026492648818556893
proj_fire_on,13,0.3894760356802962,0.3894760356802962,0.13858947454192594,0.04354001386560454
proj_mortality,13,0.5272041873439146,0.5335555121387079,0.5331620843641282,0.1557006000479305
proj_thinning_delta,13,11.970735211685973,11.970735211685973,12.306276199548604,3.768288718507618
roth_c_cover_c,13,0.006411935721575707,0.012858036588793148,0.02495066857962797,0.006868464149078117
roth_c_dpm_frac_crop,13,-0.035622374171078865,0.035622374171078865,0.030123438149338162,0.009839008308269453
roth_c_dpm_frac_tree,13,-0.020530990996848127,0.041457825368332014,0.04661618691548264,0.008598442198451904
roth_c_moisture_b_slope,13,-0.40495254187942853,0.5821531479633573,1.3084193315931172,0.36128447812573794
roth_c_temp_a1,13,0.16140021421440848,0.35836175165168715,0.527799771624843,0.14000990666740729
roth_c_temp_a2,13,0.029281023626400938,0.6194448064631596,0.7849297718183024,0.13858251340740962
thinning_fraction_branch_delta,13,0.028520293665560893,0.028520293665560893,0.02558750905901416,0.007906200578729511
thinning_fraction_croot_delta,13,0.012093451417132911,0.012093451417132911,0.008345419978254973,0.002328202023488435
thinning_fraction_froot_delta,13,0.006055194995733143,0.006055194995733143,0.00534909500228831,0.0016483099760357986
thinning_fraction_leaf_delta,13,0.010708478024752296,0.010708478024752296,0.008471711458035375,0.002734024377608896
thinning_fraction_stem_delta,13,0.06371483305938418,0.06371483305938418,0.04794399624076102,0.013970636540725325
tree_carbon_sp1,13,0.26958211616657757,1.0854248519194596,1.431578414819044,0.27216058075269967
tree_nitrogen_branch_sp1,13,0.0017134479341329,0.0017134479341329,0.00045361432418741023,0.00012438550224667293
tree_nitrogen_croot_sp1,13,0.0010614398296091565,0.0010614398296091565,0.0010228462795701418,0.0002941933739916022
tree_nitrogen_froot_sp1,13,0.029001525441772435,0.029001525441772435,0.01659417019608356,0.0052490202466986225
tree_nitrogen_leaf_sp1,13,0.04525390627029707,0.04525390627029707,0.027061917938766132,0.008108846083766427
tree_nitrogen_stem_sp1,13,0.0040892019982738,0.0040892019982738,0.0014736663120661032,0.0004894452038610471
tree_root_in_top_30,13,-0.04641992952636316,0.09999043564358205,0.14788812036846868,0.03475404591655112
tree_root_to_shoot_sp1,13,0.027675698616314637,0.1334835288959969,0.17421113790344608,0.03154322988299966
cy0,14,-0.20596197699802934,0.6545964553635221,1.2614701501387287,0.2984154683474424
clay,14,-0.7037823679138283,0.7457776531296748,0.9921159240094176,0.278160324762407
temp_ci_delta,14,0.07921512154131306,0.21206745492173007,0.27737691431923056,0.06416004902677526
rain_ci_delta,14,0.33647997123541507,1.2995820099687785,3.2605322327816433,1.011705962327633
evap_ci_delta,14,-0.07308698008769898,0.11070627943504521,0.4375300798870511,0.13098482692700092
ef_burn_crop_N2O_scale,14,-0.003638788124261505,0.003751511874069724,0.002509270825381378,0.0005998161336373924
ef_burn_crop_CH4_scale,14,-0.013689076860133358,0.013890070420817663,0.009499423496897653,0.0025885634209474244
ef_burn_tree_N2O_scale,14,0.006982160655681885,0.006982160655681885,0.005640371310289163,0.0016381251725890974
ef_burn_tree_CH4_scale,14,0.027563793454443913,0.027563793454443913,0.021562052807374867,0.006575209340762676
ef_N_inputs,14,-0.0544734606639759,0.06569742727374318,0.04952885346345975,0.011699800602904643
combustion_factor_crop,14,-0.015907965509252917,0.016494808245057564,0.012651134309522758,0.003403241646915741
combustion_factor_tree,14,0.0369822254341947,0.0369822254341947,0.027316504834210623,0.007864061710468639
volatile_frac_organic_fertiliser,14,-0.0028754256509737675,0.0028754256509737675,0.0003055624420978291,8.22033291337501e-05
volatile_frac_synthetic_fertiliser,14,0.01629739688896307,0.01629739688896307,0.0016405654386364083,0.0005054828205225714
base_sf_qty_scale,14,-0.1298137469652645,0.1298137469652645,0.011684697112334212,0.0038287183019436706
proj_lit_qty_scale,14,-0.0015780751911877388,0.008721051327395063,0.012118794282631991,0.002771634725256401
base_stand_density_scale,14,0.0,0.0,0.0,0.0
proj_stand_density_scale,14,0.18796120820108383,0.9715789428182079,1.234430887760387,0.24173813481117537
tree_wood_dens_sp1,14,0.40762893999503236,0.9714393937067832,1.0798076953057585,0.1787267926252113
base_cover,14,0.5100528292964422,0.5100528292964422,0.6594820286409169,0.22726581536065785
base_fire_off,14,-0.02488531306065852,0.02488531306065852,0.08969221031413543,0.023475185917333725
base_fire_on,14,-0.03493285974000261,0.03493285974000261,0.005956144895642802,0.0018859905989436646
base_mortality,14,0.0,0.0,0.0,0.0
base_sf_n_delta,14,-0.13290163271820088,0.13290163271820088,0.013646164833617073,0.004551771405151671
base_thinning_delta,14,0.0,0.0,0.0,0.0
crop_base_left_delta,14,0.13140179680394024,0.13140179680394024,0.03921767214082907,0.012111879225040064
crop_base_yield_delta,14,0.04732790437113028,0.05059967171821976,0.040994593097307866,0.011111155500297608
crop_carbon_above_sp3,14,0.006776362630472793,0.00832993937004341,0.007194338056709753,0.0015760902729477306
crop_carbon_below_sp3,14,0.0225544028781689,0.02298179722421345,0.010329736540802424,0.003107335702279064
crop_intercept_sp3,14,-0.0010507386090551185,0.0027815895273666904,0.003930627553869075,0.000962572802029706
crop_nitrogen_above_sp3,14,-0.0027879445380391303,0.002921889537422681,0.00213319117748484,0.0006244334717796848
crop_nitrogen_below_sp3,14,-0.006290349959597407,0.006290349959597407,0.001024847502680916,0.00032139313299649295
crop_carbon_above_sp10,14,0.04650964373733059,0.04650964373733059,0.01624790192890781,0.0053110003899721776
crop_carbon_below_sp10,14,0.019274921491849638,0.019274921491849638,0.008870909719699626,0.0024632135354588397
crop_intercept_sp10,14,0.01120126360793977,0.011301986367119397,0.007134648320662972,0.002036972590176003
crop_nitrogen_above_sp10,14,-0.007081677975079091,0.007081677975079091,0.001432338465665771,0.00043741116246520233
crop_nitrogen_below_sp10,14,-0.004457407240105393,0.004457407240105393,0.0014506415250371957,0.0004333593057344881
crop_proj_left_delta,14,-0.013588805552417368,0.015312481864140623,0.01598001482310982,0.004096172206932825
crop_proj_yield_delta,14,0.11898032185671466,0.12156403512910541,0.051602909666309475,0.012540652120597188
crop_root_in_top_30,14,0.03055248254789993,0.030756238259046054,0.015389219219154215,0.005248315649667333
crop_root_to_shoot_sp3,14,0.015791298129237054,0.015791298129237054,0.008503512365808286,0.0026056928711030865
crop_slope_sp3,14,0.0033536250049922196,0.0037067279265859815,0.003380250298910367,0.0008777484660892989
crop_root_to_shoot_sp10,14,0.0156349822642502,0.0156349822642502,0.009429637624218737,0.003022257771224563
crop_slope_sp10,14,0.02130866533420759,0.02130866533420759,0.01412308607608951,0.00423012849224421
cy0_to_ceq_multiplier,14,-0.011572032558954046,0.01769347349682949,0.07257731181264897,0.023046951325386252
litter_carbon,14,-0.026553921595508956,0.026553921595508956,0.008707747702056855,0.0025781537082197894
litter_nitrogen,14,0.02384058149275841,0.02384058149275841,0.002622228051294143,0.0007248192172949503
mortality_fraction_branch_delta,14,-0.008637649684132827,0.011130218483288542,0.014475851594665171,0.003373323988902731
mortality_fraction_croot_delta,14,-0.001907600167449741,0.0032452176351350226,0.004629306540664929,0.0011560428341786228
mortality_fraction_froot_delta,14,-0.0005164564073045913,0.0016025253241898434,0.0026053798423596106,0.0006432927867393492
mortality_fraction_leaf_delta,14,-0.0012753912831304976,0.0030113222242467014,0.004443818503534394,0.0010284794804758842
mortality_fraction_stem_delta,14,-0.010752919063997394,0.02384895273897483,0.03756697615255208,0.009388754078802082
pool_alloc_froot_sp1,14,0.0029934400779841027,0.06030374099811801,0.08873400866765295,0.02146027275569152
pool_alloc_leaf_sp1,14,-0.014789176301513468,0.1293017073125972,0.17894039102817258,0.03368375548599645
pool_alloc_stem_sp1,14,0.5530852145096966,0.9367648763979857,1.0755347957169297,0.20346825184770087
pool_turnover_branch_sp1,14,0.454041574530694,0.45802800246919384,0.34762020326566206,0.08711843521103019
pool_turnover_croot_sp1,14,-0.16495627109842298,0.1717723520050405,0.1905785372375328,0.05993584576740481
pool_turnover_froot_sp1,14,-0.05351532907915343,0.05668575016200733,0.06216016204870438,0.018082239087327975
pool_turnover_leaf_sp1,14,-0.04531148232396019,0.05183071555238331,0.05734631960099371,0.01523667717254689
pool_turnover_stem_sp1,14,11.79985102720901,12.148118077400522,12.704521557077216,3.6484116375759754
proj_cover,14,-0.9163249902434127,1.0470867066200322,2.49271389611307,0.747958739992926
proj_fire_off,14,0.03588058569107092,0.03588058569107092,0.08438609015576837,0.026492648818556744
proj_fire_on,14,0.3803482051428542,0.3803482051428542,0.14778165294009524,0.04658124945867023
proj_mortality,14,0.527828701741454,0.5358679990800997,0.573583052838335,0.1682621756377451
proj_thinning_delta,14,11.450707145681854,11.47187299660613,12.708725293208754,3.894233987303837
roth_c_cover_c,14,0.004464417972208021,0.011598095232230352,0.021512283482239325,0.005532960189581746
roth_c_dpm_frac_crop,14,-0.02413990831612587,0.02413990831612587,0.027049754002504915,0.008845156058178287
roth_c_dpm_frac_tree,14,-0.017308925918758912,0.03628810064074236,0.042360325244325155,0.00836923566235119
roth_c_moisture_b_slope,14,-0.3335262101523608,0.5053474104794509,1.1118631215852677,0.3044680971914065
roth_c_temp_a1,14,0.1571876706937349,0.33617020753420557,0.48698805539217677,0.12842981067477094
roth_c_temp_a2,14,0.029092631014846177,0.5507828563170356,0.7063598735488829,0.13105945542644726
thinning_fraction_branch_delta,14,0.019100326002835438,0.019100326002835438,0.019883302621188235,0.006266105255736537
thinning_fraction_croot_delta,14,0.007620608304386422,0.007620608304386422,0.00651654461266984,0.0018719658348659597
thinning_fraction_froot_delta,14,0.004034119650276727,0.004034119650276727,0.003801832989323634,0.0011820885913645608
thinning_fraction_leaf_delta,14,0.007001540555803912,0.007001540555803912,0.0064360025535559195,0.0020200167918416334
thinning_fraction_stem_delta,14,0.0393420421250089,0.0393420421250089,0.0341884055783834,0.010736512011242668
tree_carbon_sp1,14,0.20518588536988722,1.0421369724080147,1.4332666544168673,0.2850496875201158
tree_nitrogen_branch_sp1,14,0.0016661371994450614,0.0016661371994450614,0.0004838836610619706,0.00013128479116699364
tree_nitrogen_croot_sp1,14,0.0010446807117808544,0.0010446807117808544,0.001067504350232825,0.000308013653183204
tree_nitrogen_froot_sp1,14,0.028522974377022288,0.028522974377022288,0.0174833124274401,0.005533353795621956
tree_nitrogen_leaf_sp1,14,0.04462733763010686,0.04462733763010686,0.028852484724067946,0.008644555236655431
tree_nitrogen_stem_sp1,14,0.003888914850103964,0.003888914850103964,0.00148827341821603,0.0004966071372168157
tree_root_in_top_30,14,-0.04613720351218337,0.09534124404376046,0.1438516827471327,0.03443131485508739
tree_root_to_shoot_sp1,14,0.019956138381884057,0.12840466750385637,0.1746733535527692,0.0330806218974934
cy0,15,-0.19048574349435154,0.5859093796717958,1.1642090589892768,0.2787833845331099
clay,15,-0.6545846817950027,0.7086187025834116,1.0056074492074911,0.2768575069737257
temp_ci_delta,15,0.07759350811175071,0.19179827831408963,0.25307814397334066,0.05967778011987757
rain_ci_delta,15,0.2819925356328133,1.2687284291102388,3.1055782316374083,0.9477430994451448
evap_ci_delta,15,-0.06737036394822135,0.09957094765703553,0.3848008233744629,0.11484243327599006
ef_burn_crop_N2O_scale,15,-0.0036387881242617047,0.003751511874069724,0.002509270825381243,0.000599816133637387
ef_burn_crop_CH4_scale,15,-0.013689076860133941,0.013890070420818246,0.009499423496897946,0.002588563420947507
ef_burn_tree_N2O_scale,15,0.00677153189266364,0.00677153189266364,0.00562264290558914,0.00164127093474999
ef_burn_tree_CH4_scale,15,0.02687490948589526,0.02687490948589526,0.02140154087127541,0.006479418674964673
ef_N_inputs,15,-0.055778377255765246,0.06849217800263618,0.05247242398597335,0.01206477668481666
combustion_factor_crop,15,-0.01590796550925265,0.0164948082450573,0.012651134309523079,0.00340324164691587
combustion_factor_tree,15,0.03606906601147585,0.03606906601147585,0.027743581457529986,0.00796137877265529
volatile_frac_organic_fertiliser,15,-0.0028754256509738174,0.0028754256509738174,0.0003055624420979113,8.22033291337396e-05
volatile_frac_synthetic_fertiliser,15,0.016297396888962996,0.016297396888962996,0.0016405654386361817,0.0005054828205224688
base_sf_qty_scale,15,-0.12981374696526435,0.12981374696526435,0.011684697112334384,0.0038287183019437222
proj_lit_qty_scale,15,-0.00029280259014742295,0.008471507224111552,0.011618507820958027,0.0025918088423848903
base_stand_density_scale,15,0.0,0.0,0.0,0.0
proj_stand_density_scale,15,1.0104703469184606,1.3360991685353583,1.0998573872206117,0.20307220234372836
tree_wood_dens_sp1,15,1.119141679453326,1.5545949305757982,1.2626786281988864,0.18423645988560075
base_cover,15,0.4613049086964902,0.4613049086964902,0.6117229821346589,0.20955478244751805
base_fire_off,15,-0.024885313060658488,0.024885313060658488,0.08969221031413527,0.02347518591733367
base_fire_on,15,-0.03493285974000263,0.03493285974000263,0.00595614489564284,0.0018859905989436546
base_mortality,15,0.0,0.0,0.0,0.0
base_sf_n_delta,15,-0.13290163271820085,0.13290163271820085,0.013646164833617313,0.004551771405151868
base_thinning_delta,15,0.0,0.0,0.0,0.0
crop_base_left_delta,15,0.1266053091502015,0.1266053091502015,0.03804915453772403,0.011797783967349042
crop_base_yield_delta,15,0.0416056938621937,0.04624353851110192,0.04066927572256242,0.010719368508393027
crop_carbon_above_sp3,15,0.005604950232789138,0.007174982967521157,0.00688468878881801,0.001532940884846047
crop_carbon_below_sp3,15,0.0191102707613958,0.01962114624545579,0.010122698762637362,0.0030424545939312818
crop_intercept_sp3,15,-0.0010477040074727995,0.002713002306665996,0.0038286039466342214,0.0009323968453059804
crop_nitrogen_above_sp3,15,-0.0027879445380392886,0.0029218895374229724,0.002133191177484575,0.0006244334717794511
crop_nitrogen_below_sp3,15,-0.006290349959597849,0.006290349959597849,0.001024847502681159,0.00032139313299665476
crop_carbon_above_sp10,15,0.04396857272395906,0.04396857272395906,0.01524951267812963,0.004958994757568164
crop_carbon_below_sp10,15,0.01820306713252262,0.01820306713252262,0.008395742675560517,0.0023416182957501906
crop_intercept_sp10,15,0.010462680531555394,0.010589043597916195,0.006946383262460973,0.001976793926884788
crop_nitrogen_above_sp10,15,-0.007081677975079021,0.007081677975079021,0.0014323384656658438,0.00043741116246517257
crop_nitrogen_below_sp10,15,-0.004457407240105726,0.004457407240105726,0.0014506415250370838,0.0004333593057344979
crop_proj_left_delta,15,-0.015663821577056612,0.01727615199770969,0.01650739650683076,0.00423915040046824
crop_proj_yield_delta,15,0.12069667382454248,0.12304476467299982,0.052085903212432026,0.012737893154663279
crop_root_in_top_30,15,0.0261542382577322,0.02646191991769229,0.014725742855612768,0.004959026994808754
crop_root_to_shoot_sp3,15,0.012337542322465856,0.0125047670359541,0.008324399117119442,0.0025080449811270156
crop_slope_sp3,15,0.0018591356432104689,0.0028381690456034726,0.0033363925038718857,0.0008210016450117376
crop_root_to_shoot_sp10,15,0.014633815384456145,0.014633815384456145,0.00905971213273544,0.002894720248375245
crop_slope_sp10,15,0.019034374876918694,0.01905820553665371,0.01317126619808273,0.003946202560007311
cy0_to_ceq_multiplier,15,-0.010217232714726068,0.015168566880481047,0.0642720918205252,0.020469362822468678
litter_carbon,15,-0.025411875567042008,0.025411875567042008,0.008287052595479304,0.0024545954573432518
litter_nitrogen,15,0.023840581492757567,0.023840581492757567,0.0026222280512941945,0.0007248192172949381
mortality_fraction_branch_delta,15,-0.007617275796748863,0.010175556551917814,0.013542114024624017,0.003123533157466367
mortality_fraction_croot_delta,15,-0.0017461387734000605,0.0031564838040255756,0.004687303158842822,0.001180391912238883
mortality_fraction_froot_delta,15,-0.00044021247501689896,0.0015715308570860898,0.0025813781951859677,0.000646654788172405
mortality_fraction_leaf_delta,15,-0.001177383005271332,0.002900882701309909,0.004338348635033316,0.0010096082057804723
mortality_fraction_stem_delta,15,-0.01061528071587406,0.02364863418541721,0.038020971649403504,0.009508641064341192
pool_alloc_froot_sp1,15,0.017499805218095483,0.06304483949877202,0.08681621763077689,0.019789205753863844
pool_alloc_leaf_sp1,15,-0.009674302065917257,0.127574207748076,0.1764182420014608,0.03357717007895852
pool_alloc_stem_sp1,15,0.38084233424534986,0.7317849248267608,0.8566111481082248,0.15690349195928177
pool_turnover_branch_sp1,15,0.207301109935725,0.27625747527473876,0.3644215152448634,0.08140546030610504
pool_turnover_croot_sp1,15,-0.26457233230629384,0.2666266082295354,0.23960664722287323,0.07331393316721321
pool_turnover_froot_sp1,15,-0.09821860685755474,0.09888565275099342,0.08570482814760237,0.025906466567282793
pool_turnover_leaf_sp1,15,-0.0768985115575028,0.07907644614385713,0.0729791199688537,0.020248545515312924
pool_turnover_stem_sp1,15,4.864770881093543,8.900599724092384,12.08805504165672,2.63659942076131
proj_cover,15,-0.7858345152554855,0.9656489624743833,2.2916737615370693,0.6981023600973686
proj_fire_off,15,0.03588058569107096,0.03588058569107096,0.08438609015576846,0.026492648818556775
proj_fire_on,15,0.3722554453006929,0.3722554453006929,0.15675099968908351,0.04955636335145662
proj_mortality,15,0.3431510799143921,0.4311317311005814,0.6421786677136198,0.1793078519422759
proj_thinning_delta,15,13.51769336788191,14.364316203149674,12.724244871722233,3.50851342628188
roth_c_cover_c,15,0.003113760683292191,0.01045608938383781,0.019014152321324765,0.004633518311639419
roth_c_dpm_frac_crop,15,-0.017382928429350464,0.017382928429350464,0.023609384781592586,0.007707912905278907
roth_c_dpm_frac_tree,15,-0.015161174364728691,0.032743584772915335,0.03926699515137705,0.008144087702899785
roth_c_moisture_b_slope,15,-0.2770753564049525,0.4371760300459974,0.9433632902590366,0.2568557366286631
roth_c_temp_a1,15,0.16349643412256185,0.32141626176078403,0.4507084169783203,0.11503064980079557
roth_c_temp_a2,15,0.0009650115908345719,0.4987516843077682,0.656307588793002,0.1301514878721484
thinning_fraction_branch_delta,15,0.014493308997147758,0.014504790651193145,0.018068554594911516,0.005830846898584697
thinning_fraction_croot_delta,15,0.005443624705539951,0.005658888932355921,0.006040282003951128,0.0017605732778818207
thinning_fraction_froot_delta,15,0.002970769966449438,0.002970769966449438,0.0030667381713530527,0.0009617777338039711
thinning_fraction_leaf_delta,15,0.005183386041123716,0.005183386041123716,0.005623557570912371,0.0017173806352560582
thinning_fraction_stem_delta,15,0.02711774521209904,0.02810025870236978,0.02937076869129704,0.009378102176565591
tree_carbon_sp1,15,0.8855893675888252,1.5699295782837739,1.5470859797643803,0.23604126893449745
tree_nitrogen_branch_sp1,15,0.0016212924704933017,0.0016212924704933017,0.0005147912428205978,0.00013890783257827652
tree_nitrogen_croot_sp1,15,0.001030706862581421,0.001030706862581421,0.0011149898245686718,0.00032266596331102424
tree_nitrogen_froot_sp1,15,0.028111469779026288,0.028111469779026288,0.018355061275091886,0.005812081508783813
tree_nitrogen_leaf_sp1,15,0.04410404278095261,0.04410404278095261,0.030647283382961632,0.009179739439047688
tree_nitrogen_stem_sp1,15,0.0037130369834074304,0.0037130369834074304,0.0015085832090775558,0.000504417460514845
tree_root_in_top_30,15,-0.044507774816164226,0.09249536130995165,0.14202360297301775,0.03432673668921204
tree_root_to_shoot_sp1,15,0.12931201723146996,0.20240212122435128,0.20433000371565202,0.03777877350982783
cy0,16,-0.17589536200799588,0.521252472412036,1.0726801529014276,0.26026446604194425
clay,16,-0.6497326791490166,0.7059479522105603,1.034106137951058,0.28337319306430414
temp_ci_delta,16,0.10844846382663961,0.18942586843038817,0.2381100437096789,0.05855008469486492
rain_ci_delta,16,0.3463496793383385,1.2277581505328237,3.0135612416597835,0.9157367934924344
evap_ci_delta,16,-0.07527219544900424,0.09651793903195385,0.3850805051651585,0.11501113641741381
ef_burn_crop_N2O_scale,16,-0.0036387881242614635,0.003751511874069716,0.0025092708253815427,0.0005998161336373836
ef_burn_crop_CH4_scale,16,-0.01368907686013356,0.013890070420817862,0.009499423496897962,0.0025885634209475623
ef_burn_tree_N2O_scale,16,0.007021229498644213,0.007021229498644213,0.005878888209249066,0.001696916408749226
ef_burn_tree_CH4_scale,16,0.027589417169103493,0.027589417169103493,0.021769073464885873,0.006536947655316276
ef_N_inputs,16,-0.056805507800432566,0.07108522603709592,0.05546671601417986,0.012441590084092747
combustion_factor_crop,16,-0.015907965509252803,0.016494808245057453,0.012651134309522848,0.0034032416469157575
combustion_factor_tree,16,0.03732087591139522,0.03732087591139522,0.028837217927982533,0.00830937203764479
volatile_frac_organic_fertiliser,16,-0.002875425650973659,0.002875425650973659,0.0003055624420978495,8.22033291337212e-05
volatile_frac_synthetic_fertiliser,16,0.016297396888962937,0.016297396888962937,0.0016405654386364664,0.0005054828205225489
base_sf_qty_scale,16,-0.12981374696526457,0.12981374696526457,0.011684697112334342,0.003828718301943701
proj_lit_qty_scale,16,0.0008798523457612048,0.008441631403077028,0.011237332892330911,0.0024364450790821794
base_stand_density_scale,16,0.0,0.0,0.0,0.0
proj_stand_density_scale,16,-0.09637475531836975,0.8632142631913965,1.2875364720623628,0.3178886201014553
tree_wood_dens_sp1,16,0.12735335471906342,0.7840759626171969,1.0534119913115711,0.2209474893850098
base_cover,16,0.4162523720892146,0.4162523720892146,0.5690149573361776,0.1935136616768409
base_fire_off,16,-0.024885313060658505,0.024885313060658505,0.08969221031413536,0.023475185917333705
base_fire_on,16,-0.03493285974000267,0.03493285974000267,0.005956144895642777,0.001885990598943665
base_mortality,16,0.0,0.0,0.0,0.0
base_sf_n_delta,16,-0.13290163271820074,0.13290163271820074,0.01364616483361726,0.004551771405151787
base_thinning_delta,16,0.0,0.0,0.0,0.0
crop_base_left_delta,16,0.12210774046893487,0.12210774046893487,0.03707365927263598,0.011543051076636475
crop_base_yield_delta,16,0.036186205748739694,0.042538960922896094,0.040410727861657426,0.010311047505377096
crop_carbon_above_sp3,16,0.004867301737402482,0.006490579457617149,0.006646293320925631,0.0014746855323902238
crop_carbon_below_sp3,16,0.016961926447467107,0.017658603260061773,0.010028888947934031,0.0029274108269965716
crop_intercept_sp3,16,-0.0010454501118200177,0.002651701812101648,0.0037456447216015942,0.0009094485129690624
crop_nitrogen_above_sp3,16,-0.00278794453803891,0.002921889537422394,0.00213319117748477,0.0006244334717797244
crop_nitrogen_below_sp3,16,-0.006290349959597766,0.006290349959597766,0.0010248475026810979,0.00032139313299661
crop_carbon_above_sp10,16,0.04174509777967918,0.04174509777967918,0.014463185860696446,0.0046743663279150685
crop_carbon_below_sp10,16,0.017262113199615986,0.017262113199615986,0.008002450714243861,0.0022432373510389413
crop_intercept_sp10,16,0.009809849942801435,0.009997850209487074,0.006803256368647346,0.0019136554218137254
crop_nitrogen_above_sp10,16,-0.007081677975079174,0.007081677975079174,0.0014323384656657584,0.00043741116246512346
crop_nitrogen_below_sp10,16,-0.004457407240105768,0.004457407240105768,0.001450641525037207,0.0004333593057344791
crop_proj_left_delta,16,-0.016610857173509866,0.01819727299854387,0.01696353597706033,0.004355245030283698
crop_proj_yield_delta,16,0.12259605383600658,0.12470997423053379,0.05250714657255889,0.012922039140308617
crop_root_in_top_30,16,0.023153023247120232,0.023559336052021478,0.01420082057472652,0.004717886599581711
crop_root_to_shoot_sp3,16,0.010247732604079343,0.010637211020392992,0.008212340329113211,0.002405068938131981
crop_slope_sp3,16,0.0009551308148229562,0.0024518404930084156,0.003313442107227697,0.0008123997571963148
crop_root_to_shoot_sp10,16,0.013756448329146756,0.013756448329146756,0.008743831622470064,0.002786608023945041
crop_slope_sp10,16,0.017051001397071237,0.01717484748660361,0.012410329662009919,0.0036892908800335725
cy0_to_ceq_multiplier,16,-0.00899938223943742,0.012977033476216333,0.05696965043802643,0.01819764277811016
litter_carbon,16,-0.024347806056862827,0.024347806056862827,0.007948154731256773,0.002357158017792734
litter_nitrogen,16,0.02384058149275809,0.02384058149275809,0.0026222280512938874,0.0007248192172948895
mortality_fraction_branch_delta,16,-0.003181116696221134,0.00932183480421148,0.013042198351346481,0.0025566838656833585
mortality_fraction_croot_delta,16,-0.0003065822158624276,0.002843996665863996,0.004563487530332204,0.0010556734634557872
mortality_fraction_froot_delta,16,0.00014804604115861014,0.0018704232560629128,0.002608060524535905,0.0005842494583208437
mortality_fraction_leaf_delta,16,-0.0002453119555654443,0.0032293707008166556,0.004361542600783558,0.0008658099271362698
mortality_fraction_stem_delta,16,-0.003566319394014508,0.022295101670124835,0.03315552559041655,0.007137419729005456
pool_alloc_froot_sp1,16,0.013413961245722495,0.05987065385189684,0.08697865896214563,0.0208430511581564
pool_alloc_leaf_sp1,16,0.004512702662705012,0.13523249199602622,0.1787422665457151,0.03240504030234827
pool_alloc_stem_sp1,16,0.4928757684870068,0.9268975145028125,1.1031695472879066,0.21160220107212668
pool_turnover_branch_sp1,16,0.4908445388852103,0.49348962705509136,0.3786097512504986,0.09605851333212785
pool_turnover_croot_sp1,16,-0.07984585242763591,0.1140025122121143,0.1832244571840658,0.05307216192684531
pool_turnover_froot_sp1,16,-0.014267368839950015,0.03436655279288513,0.05122767653160904,0.01195503752066311
pool_turnover_leaf_sp1,16,-0.01105169301790369,0.042606808045017396,0.05785439790773989,0.01238984605998621
pool_turnover_stem_sp1,16,12.690574565494305,12.930263794538334,13.87003147266881,4.065410110621136
proj_cover,16,-0.8006852030321496,0.9918818831719584,2.1669899616902644,0.6541718535570774
proj_fire_off,16,0.03588058569107092,0.03588058569107092,0.08438609015576831,0.02649264881855672
proj_fire_on,16,0.39226852639375664,0.39226852639375664,0.1790629759068959,0.056744847408736955
proj_mortality,16,0.5660556447141799,0.5719452675200655,0.6562075406009544,0.1964368964997475
proj_thinning_delta,16,9.727825543037161,10.0302304874345,14.365017656674214,4.344680561523674
roth_c_cover_c,16,0.0028648370150581915,0.009831513059214503,0.017384640828158018,0.004043801525947499
roth_c_dpm_frac_crop,16,-0.013215367013941626,0.013215367013941626,0.02032042918923765,0.006615428696164936
roth_c_dpm_frac_tree,16,0.0015693925863474885,0.02712652720502186,0.039606230825703644,0.009468770799110888
roth_c_moisture_b_slope,16,-0.25308091330331883,0.38927046686845135,0.8066258743565423,0.21898074145173244
roth_c_temp_a1,16,0.21652486767471196,0.3245268949815269,0.4271848961603948,0.11046048521024934
roth_c_temp_a2,16,-0.11398108586367917,0.45792750329500753,0.6499896626871265,0.1439240322467841
thinning_fraction_branch_delta,16,-0.16840701651674306,0.16840701651674306,0.1514535399032429,0.044288731038581275
thinning_fraction_croot_delta,16,-0.06185577102582755,0.06185577102582755,0.06438656172942046,0.018613486475097935
thinning_fraction_froot_delta,16,-0.03115067999246567,0.03115067999246567,0.03221477531302343,0.00849249644779043
thinning_fraction_leaf_delta,16,-0.04193139021540683,0.04193139021540683,0.04196032524852479,0.014338432476282978
thinning_fraction_stem_delta,16,-0.32380371993100254,0.32437372758550237,0.4708855425009879,0.15961521520940372
tree_carbon_sp1,16,-0.0848417355529619,0.911789049248719,1.4474768205178916,0.3226854993708015
tree_nitrogen_branch_sp1,16,0.0019425968877285927,0.0019425968877285927,0.0006291746848650115,0.00017255366926997837
tree_nitrogen_croot_sp1,16,0.0011143557913009584,0.0011143557913009584,0.0011577481487429209,0.0003299750702211654
tree_nitrogen_froot_sp1,16,0.027349905117335944,0.027349905117335944,0.019087642198081966,0.006024987457588785
tree_nitrogen_leaf_sp1,16,0.042826245960784035,0.042826245960784035,0.032068844768873575,0.009602763276774085
tree_nitrogen_stem_sp1,16,0.004067170723230734,0.004067170723230734,0.0017381002676369918,0.0005829152525996275
tree_root_in_top_30,16,-0.05523473749436114,0.09224504440182262,0.14117059647987734,0.034657956595789165
tree_root_to_shoot_sp1,16,-0.018803876040141044,0.10609926113843308,0.17571902429007152,0.04068265944117892
cy0,17,-0.16213526200680106,0.46059733844595074,0.9869399731617732,0.24284653158589212
clay,17,-0.5721855607528785,0.6488491552821232,1.049703129762154,0.2816081940209995
temp_ci_delta,17,0.08107425172916163,0.17236585465958157,0.22968905470158307,0.05501436273001983
rain_ci_delta,17,0.270017275288745,1.1864892030640573,2.851317294581751,0.8543561128283446
evap_ci_delta,17,-0.06719117127458968,0.08772983369000051,0.3408528424378318,0.10131852610477073
ef_burn_crop_N2O_scale,17,-0.003638788124261405,0.0037515118740696573,0.0025092708253812504,0.0005998161336373262
ef_burn_crop_CH4_scale,17,-0.013689076860133409,0.013890070420817713,0.009499423496897834,0.002588563420947326
ef_burn_tree_N2O_scale,17,0.006194477597202997,0.006194477597202997,0.005529548577472431,0.0016386855475298738
ef_burn_tree_CH4_scale,17,0.025061269503262686,0.025061269503262686,0.021188595238700123,0.006348749887797866
ef_N_inputs,17,-0.06053005262661163,0.07487255869528703,0.057247159271897295,0.012974239351336429
combustion_factor_crop,17,-0.015907965509253084,0.0164948082450578,0.012651134309523164,0.0034032416469158924
combustion_factor_tree,17,0.03357303465623869,0.03357303465623869,0.02865280563604296,0.008197651693712525
volatile_frac_organic_fertiliser,17,-0.0028754256509737506,0.0028754256509737506,0.0003055624420980449,8.220332913378807e-05
volatile_frac_synthetic_fertiliser,17,0.016297396888962944,0.016297396888962944,0.0016405654386363088,0.0005054828205225145
base_sf_qty_scale,17,-0.12981374696526424,0.12981374696526424,0.011684697112334585,0.003828718301943806
proj_lit_qty_scale,17,0.001959500460801661,0.00853843598743495,0.010945964569440756,0.002316928500641171
base_stand_density_scale,17,0.0,0.0,0.0,0.0
proj_stand_density_scale,17,0.2837720198078878,0.9295185512141204,1.1118673818103832,0.21507447790657036
tree_wood_dens_sp1,17,0.45991033057915887,0.9877826548856072,1.0449996149964604,0.1658105693716396
base_cover,17,0.37468617313055874,0.37468617313055874,0.531125748822895,0.17908930200178771
base_fire_off,17,-0.02488531306065852,0.02488531306065852,0.0896922103141354,0.023475185917333708
base_fire_on,17,-0.03493285974000276,0.03493285974000276,0.005956144895642964,0.0018859905989436318
base_mortality,17,0.0,0.0,0.0,0.0
base_sf_n_delta,17,-0.1329016327182008,0.1329016327182008,0.01364616483361724,0.004551771405151767
base_thinning_delta,17,0.0,0.0,0.0,0.0
crop_base_left_delta,17,0.11787394643341904,0.11787394643341904,0.03625567202234507,0.011334496783230253
crop_base_yield_delta,17,0.031035137862302293,0.039190917501564976,0.040197044882017176,0.009957408215886728
crop_carbon_above_sp3,17,0.004359009919836407,0.0060409673599915534,0.006460145311795304,0.0014263016123115069
crop_carbon_below_sp3,17,0.015486336406525353,0.01639264478146501,0.010014306039597303,0.0028229056065538593
crop_intercept_sp3,17,-0.0010441431018631292,0.002599271968962949,0.00367700683205266,0.0008919975362425279
crop_nitrogen_above_sp3,17,-0.002787944538039222,0.0029218895374227725,0.00213319117748473,0.0006244334717796394
crop_nitrogen_below_sp3,17,-0.006290349959597699,0.006290349959597699,0.001024847502680919,0.0003213931329964681
crop_carbon_above_sp10,17,0.03975849726483142,0.03975849726483142,0.013841797962509039,0.004443970426646371
crop_carbon_below_sp10,17,0.0164194010886603,0.0164194010886603,0.007676532404159332,0.0021636523236326826
crop_intercept_sp10,17,0.00921820156259033,0.009480320781172589,0.006696454566546111,0.0018576073560938235
crop_nitrogen_above_sp10,17,-0.007081677975079091,0.007081677975079091,0.0014323384656658097,0.00043741116246516287
crop_nitrogen_below_sp10,17,-0.004457407240105677,0.004457407240105677,0.0014506415250372814,0.0004333593057345577
crop_proj_left_delta,17,-0.016951459613578492,0.018546607419611897,0.017303989576050706,0.004431968753853321
crop_proj_yield_delta,17,0.12457398308878342,0.12646030439960937,0.05287765749142201,0.013093756831555493
crop_root_in_top_30,17,0.020909224208379085,0.021450988686872674,0.013809952799631356,0.004505778719156572
crop_root_to_shoot_sp3,17,0.008852344771764825,0.009409855975416886,0.008158405360744912,0.0023519892361461387
crop_slope_sp3,17,0.0003578291606329026,0.002301817142110621,0.0033081239577444875,0.000828623370465064
crop_root_to_shoot_sp10,17,0.012969536660945963,0.012969536660945963,0.008469342567788278,0.00269358261132688
crop_slope_sp10,17,0.015279496003605989,0.015579716978963367,0.01179999557490846,0.0034415885548639844
cy0_to_ceq_multiplier,17,-0.007901648008578607,0.011171251262894857,0.05053447985107321,0.016159850415000565
litter_carbon,17,-0.023350261836864915,0.023350261836864915,0.007673738985344462,0.00228000471456633
litter_nitrogen,17,0.02384058149275831,0.02384058149275831,0.002622228051293932,0.0007248192172948865
mortality_fraction_branch_delta,17,-0.0037202260010255174,0.008639399702120876,0.012114180829062534,0.0024786401135239145
mortality_fraction_croot_delta,17,-0.0006891079339158473,0.0028360564919960667,0.00469808154365207,0.0011263417243736736
mortality_fraction_froot_delta,17,-1.853748522835097e-05,0.001688965018601138,0.0025412771500884852,0.0006095337660230795
mortality_fraction_leaf_delta,17,-0.0005416574618195919,0.002924125092058408,0.004204440938203841,0.0009102173696153846
mortality_fraction_stem_delta,17,-0.006257656929840982,0.022190359639166768,0.03496247978603905,0.008098033701729413
pool_alloc_froot_sp1,17,0.025518308024504277,0.06621478341714605,0.08768993819911622,0.01981199466266455
pool_alloc_leaf_sp1,17,0.016430891805557374,0.14061421651477238,0.17976745440153036,0.03155517672891011
pool_alloc_stem_sp1,17,0.3737792014796641,0.7688676248047871,0.9543955750791775,0.18004304263845383
pool_turnover_branch_sp1,17,0.36752289346727995,0.3868786931501346,0.38357646483096697,0.09272134557978383
pool_turnover_croot_sp1,17,-0.09039693236644131,0.11900412237347738,0.17907078011241223,0.05175656187016684
pool_turnover_froot_sp1,17,-0.01864490542377619,0.033114911806562765,0.04895532683204168,0.01192167826775448
pool_turnover_leaf_sp1,17,-0.016967195880879093,0.03936829903598236,0.05661034024498737,0.013928747132692569
pool_turnover_stem_sp1,17,9.377482219453587,10.5190937316676,13.336788996914501,3.6551780327211487
proj_cover,17,-0.6131150785683106,0.8462108722649127,2.030726653522752,0.631506978154579
proj_fire_off,17,0.03588058569107096,0.03588058569107096,0.08438609015576859,0.026492648818556865
proj_fire_on,17,0.3463355734119268,0.3463355734119268,0.17136677822956808,0.05461124412244988
proj_mortality,17,0.4825220098271784,0.5030400670232604,0.7039247309296102,0.20853587898467102
proj_thinning_delta,17,10.94917612635965,11.184343178260225,12.784249969207483,3.8591741804798048
roth_c_cover_c,17,0.0014014986623717308,0.008847070507574568,0.01585093849855719,0.0037409876389773236
roth_c_dpm_frac_crop,17,-0.010486815981893263,0.010486815981893263,0.017370252209069865,0.00563672739515209
roth_c_dpm_frac_tree,17,-0.027023465687242308,0.04136616755003879,0.03810063572807194,0.006667188704818604
roth_c_moisture_b_slope,17,-0.1951082929854535,0.32825367217502427,0.6983761986232442,0.18837996624589656
roth_c_temp_a1,17,0.1761762395273057,0.29863640126784113,0.4095496134144604,0.09994852130030106
roth_c_temp_a2,17,-0.05745203894713158,0.4522861110330794,0.6348429925307411,0.1390008710003197
thinning_fraction_branch_delta,17,0.08224416999169384,0.08224416999169384,0.06100752427299302,0.01864521265148309
thinning_fraction_croot_delta,17,0.03171455866907242,0.03171455866907242,0.02618320520659025,0.007572096545333607
thinning_fraction_froot_delta,17,0.015164853050082352,0.015164853050082352,0.012685032348905674,0.0033844195883767554
thinning_fraction_leaf_delta,17,0.024959531920814237,0.024959531920814237,0.01981522761626308,0.006607718917461528
thinning_fraction_stem_delta,17,0.1612054020847126,0.1612054020847126,0.15120009262762568,0.046865279851876766
tree_carbon_sp1,17,0.23424612651291996,1.0828467181703458,1.475386638716204,0.2974482910125725
tree_nitrogen_branch_sp1,17,0.001478055739448514,0.001478055739448514,0.0005834482926330929,0.00015759181311306402
tree_nitrogen_croot_sp1,17,0.0009811253147699428,0.0009811253147699428,0.0012151829733224532,0.00035673617086254543
tree_nitrogen_froot_sp1,17,0.026358585620322016,0.026358585620322016,0.019716276627207763,0.006200493109129645
tree_nitrogen_leaf_sp1,17,0.04156826522956963,0.04156826522956963,0.03358755841902586,0.01006249067656956
tree_nitrogen_stem_sp1,17,0.0033005899730677024,0.0033005899730677024,0.0015585948519828926,0.0005203144262010317
tree_root_in_top_30,17,-0.0035958905255465577,0.1041795736530998,0.1475648065582607,0.030706150309746716
tree_root_to_shoot_sp1,17,0.016971984646438187,0.12298260543020574,0.1781596059870362,0.03591619358710411
cy0,18,-0.14915669315439245,0.4049575769882904,0.9069640454501842,0.22607912246052644
clay,18,-0.515788659564853,0.61640079994092,1.0718289669244894,0.2825123724849215
temp_ci_delta,18,0.049852170389542254,0.16240015013482662,0.22620671320532595,0.05325310493364005
rain_ci_delta,18,0.174095578192029,1.1578639130306014,2.6918878706984444,0.7928776381379152
evap_ci_delta,18,-0.05457700392494844,0.07816579569970118,0.2835830174360179,0.08353505470669353
ef_burn_crop_N2O_scale,18,-0.003638788124261097,0.0037515118740693494,0.002509270825381259,0.0005998161336373331
ef_burn_crop_CH4_scale,18,-0.013689076860133658,0.013890070420817963,0.009499423496897714,0.0025885634209474205
ef_burn_tree_N2O_scale,18,0.006055222280502978,0.006055222280502978,0.0055743904367129464,0.0016569777010760124
ef_burn_tree_CH4_scale,18,0.02460681531934573,0.02460681531934573,0.021254114866469272,0.006340820863450018
ef_N_inputs,18,-0.06123011572480068,0.0771587437979474,0.06013749952228964,0.013316168104008146
combustion_factor_crop,18,-0.015907965509252865,0.01649480824505758,0.012651134309522909,0.0034032416469157827
combustion_factor_tree,18,0.033004845725730154,0.033004845725730154,0.02926754537425568,0.008375909849222407
volatile_frac_organic_fertiliser,18,-0.002875425650973801,0.002875425650973801,0.00030556244209779896,8.220332913373987e-05
volatile_frac_synthetic_fertiliser,18,0.01629739688896321,0.01629739688896321,0.0016405654386364218,0.0005054828205225609
base_sf_qty_scale,18,-0.1298137469652644,0.1298137469652644,0.011684697112334344,0.003828718301943713
proj_lit_qty_scale,18,0.002960979128807123,0.0087618153999726,0.010722102842111818,0.002216223279492261
base_stand_density_scale,18,0.0,0.0,0.0,0.0
proj_stand_density_scale,18,0.17287771091810508,0.8633588388940148,1.1235966702354936,0.2383898307599438
tree_wood_dens_sp1,18,0.3542708549295705,0.9024418552460023,1.0318891547476574,0.18233944548054648
base_cover,18,0.33638101187565883,0.33691209069340483,0.4977821874138627,0.1661383441574229
base_fire_off,18,-0.024885313060658554,0.024885313060658554,0.08969221031413553,0.02347518591733375
base_fire_on,18,-0.0349328597400029,0.0349328597400029,0.005956144895643033,0.001885990598943694
base_mortality,18,0.0,0.0,0.0,0.0
base_sf_n_delta,18,-0.13290163271820093,0.13290163271820093,0.013646164833617197,0.004551771405151805
base_thinning_delta,18,0.0,0.0,0.0,0.0
crop_base_left_delta,18,0.11387455412207954,0.11387455412207954,0.035567617697276725,0.011162589015084932
crop_base_yield_delta,18,0.026125688907180606,0.03610557906378489,0.04001371919731205,0.00965777621530273
crop_carbon_above_sp3,18,0.003978540550158891,0.005725968630025333,0.0063122942295939025,0.0013770378350983312
crop_carbon_below_sp3,18,0.014381136434073127,0.015471193709212771,0.010053595706379995,0.002758157624244078
crop_intercept_sp3,18,-0.0010434065695910405,0.002560254523788838,0.003618162630908911,0.0008780100903809612
crop_nitrogen_above_sp3,18,-0.0027879445380388475,0.0029218895374224646,0.002133191177484864,0.0006244334717796223
crop_nitrogen_below_sp3,18,-0.006290349959597758,0.006290349959597758,0.0010248475026807145,0.00032139313299647847
crop_carbon_above_sp10,18,0.037955744279683866,0.037955744279683866,0.013347681788077452,0.00425688042886759
crop_carbon_below_sp10,18,0.015654473787366157,0.015654473787366157,0.007405097744536171,0.002098496896317629
crop_intercept_sp10,18,0.008672382659302922,0.009009014425583549,0.006617754621546747,0.0018120562764081985
crop_nitrogen_above_sp10,18,-0.007081677975078825,0.007081677975078825,0.0014323384656656309,0.0004374111624651117
crop_nitrogen_below_sp10,18,-0.004457407240105659,0.004457407240105659,0.0014506415250372297,0.000433359305734497
crop_proj_left_delta,18,-0.016954548875831626,0.018572115812238648,0.01753401620993497,0.004475381523416062
crop_proj_yield_delta,18,0.1265709006200389,0.1282382878436531,0.05320567165123149,0.013254063300313446
crop_root_in_top_30,18,0.019108557856337853,0.019791983082469704,0.01353009449388926,0.004336605018673058
crop_root_to_shoot_sp3,18,0.007831367091083124,0.00852340702091497,0.008144802239905779,0.0023282341443001406
crop_slope_sp3,18,-7.132169632867447e-05,0.002304021391876676,0.0033110941313129823,0.0008422310257296593
crop_root_to_shoot_sp10,18,0.012251135431813312,0.012251135431813312,0.008227263576267359,0.002612191899912776
crop_slope_sp10,18,0.013671313298202273,0.014169301788935666,0.011308562975631254,0.0032204022241288273
cy0_to_ceq_multiplier,18,-0.006909852743634528,0.009708601584163992,0.0448573848647475,0.014324406629156097
litter_carbon,18,-0.02241067057679856,0.02241067057679856,0.007450126988912129,0.002218597762249008
litter_nitrogen,18,0.023840581492758268,0.023840581492758268,0.0026222280512941645,0.0007248192172949587
mortality_fraction_branch_delta,18,-0.003681284594547046,0.008205115381018452,0.011518750585801357,0.0023856228328641036
mortality_fraction_croot_delta,18,-0.0008508960052655224,0.002826769643063409,0.004825599650889963,0.0011821925037696736
mortality_fraction_froot_delta,18,-7.685185217168322e-05,0.0016075241266872708,0.0025196416280718202,0.0006261944660431304
mortality_fraction_leaf_delta,18,-0.0006479553412971795,0.0027841557546328445,0.004137391567064481,0.0009329681731123868
mortality_fraction_stem_delta,18,-0.007658296360688965,0.022194224035474053,0.0363574295276082,0.008724312011194151
pool_alloc_froot_sp1,18,0.018611876174550835,0.060662043659951516,0.0873157970642183,0.021134226932306766
pool_alloc_leaf_sp1,18,0.006489740285411399,0.13080660698886123,0.17766657922095977,0.03401562078102077
pool_alloc_stem_sp1,18,0.3488163275589947,0.756728815473306,0.9602727387122149,0.1857270157963481
pool_turnover_branch_sp1,18,0.38004188410395817,0.3982007782653034,0.3964779575184544,0.09601644029224868
pool_turnover_croot_sp1,18,-0.09114450079538565,0.11834391187978854,0.17756053946867995,0.051072979740297605
pool_turnover_froot_sp1,18,-0.018748284954530875,0.03245586218804453,0.04798612458681653,0.011575070606750676
pool_turnover_leaf_sp1,18,-0.018427984495922468,0.03797637483035471,0.057036837808294036,0.0149801860093369
pool_turnover_stem_sp1,18,9.70877681809382,10.691376967331232,13.730218053599517,3.8238550626223353
proj_cover,18,-0.4162655373816432,0.6986707639611639,1.9144013083036338,0.6145709888639198
proj_fire_off,18,0.03588058569107102,0.03588058569107102,0.08438609015576841,0.02649264881855677
proj_fire_on,18,0.3409721747903789,0.3409721747903789,0.17966876991262265,0.057387354352338535
proj_mortality,18,0.5026355607143328,0.5216847563017734,0.7466963904842369,0.22309075390353114
proj_thinning_delta,18,10.490782654692355,10.701679836483294,13.363100507735055,4.042764570732716
roth_c_cover_c,18,-6.262330848469944e-05,0.007731590779491182,0.01458946327067246,0.0036671553601165174
roth_c_dpm_frac_crop,18,-0.008591939644064317,0.008591939644064317,0.014799749458195146,0.0047873248280647365
roth_c_dpm_frac_tree,18,-0.020869777687754953,0.03488069818642063,0.034765626153498694,0.006178752298679019
roth_c_moisture_b_slope,18,-0.13629264634090438,0.2724823325359921,0.61522071338294,0.16579061787987784
roth_c_temp_a1,18,0.1310965186912038,0.2862846073278358,0.3961498653882823,0.08695883335002258
roth_c_temp_a2,18,0.01414454940629481,0.4845123806658602,0.6363504519796477,0.13100090327685324
thinning_fraction_branch_delta,18,0.04650543453606824,0.04650543453606824,0.03296629851887834,0.009971230022895392
thinning_fraction_croot_delta,18,0.01746747503847258,0.01746747503847258,0.013042175823780425,0.003722808494498296
thinning_fraction_froot_delta,18,0.00888909940484153,0.00888909940484153,0.007005822728401832,0.0018760387362922464
thinning_fraction_leaf_delta,18,0.01407989151299093,0.01407989151299093,0.010872794284985136,0.0036295875300859913
thinning_fraction_stem_delta,18,0.08827470280365154,0.08827470280365154,0.07991302130527161,0.024679606951423197
tree_carbon_sp1,18,0.12451536850503211,1.0090102622393786,1.489885160406143,0.3196586100060976
tree_nitrogen_branch_sp1,18,0.0014425937232000502,0.0014425937232000502,0.0006106726587262382,0.0001650759533846825
tree_nitrogen_croot_sp1,18,0.0009749534619744926,0.0009749534619744926,0.0012701596023393,0.0003735996037747554
tree_nitrogen_froot_sp1,18,0.02612701680863162,0.02612701680863162,0.020522668086216552,0.006459210615305703
tree_nitrogen_leaf_sp1,18,0.041334608786649615,0.041334608786649615,0.03537592404387902,0.01058876072211033
tree_nitrogen_stem_sp1,18,0.003184212304433859,0.003184212304433859,0.0015802752389706297,0.0005270676131353259
tree_root_in_top_30,18,-0.017003285157061527,0.09575075459454667,0.14551131673499323,0.03258064970447453
tree_root_to_shoot_sp1,18,0.006079244307940318,0.11725660316440083,0.17985840054569918,0.03802934798275716
cy0,19,-0.13691577070301322,0.3543555712768031,0.8326792251549301,0.21000040683620474
clay,19,-0.4808631726721919,0.6032980817091789,1.0985886329408023,0.28687882559170064
temp_ci_delta,19,0.04970311790775088,0.15849747578967913,0.2261196776329027,0.05392226106951914
rain_ci_delta,19,0.15794972037770058,1.1200658956238272,2.557936938386896,0.7453103898373545
evap_ci_delta,19,-0.050215097229086104,0.07123480433059992,0.24987293165506375,0.07309793795914643
ef_burn_crop_N2O_scale,19,-0.0036387881242613968,0.0037515118740695822,0.002509270825380968,0.0005998161336372298
ef_burn_crop_CH4_scale,19,-0.013689076860133442,0.01389007042081768,0.009499423496897473,0.0025885634209473645
ef_burn_tree_N2O_scale,19,0.005930618749461443,0.005930618749461443,0.005632853489590134,0.0016786507046322007
ef_burn_tree_CH4_scale,19,0.02420399362809364,0.02420399362809364,0.02138098529785832,0.006356555352209083
ef_N_inputs,19,-0.06179702564277073,0.07935419754112392,0.06307492659435418,0.013681099573946693
combustion_factor_crop,19,-0.015907965509252567,0.016494808245057283,0.012651134309522995,0.003403241646915789
combustion_factor_tree,19,0.032508514132214006,0.032508514132214006,0.02992249238246101,0.008570178313223447
volatile_frac_organic_fertiliser,19,-0.0028754256509738174,0.0028754256509738174,0.0003055624420978747,8.220332913376535e-05
volatile_frac_synthetic_fertiliser,19,0.016297396888963037,0.016297396888963037,0.001640565438636529,0.0005054828205225898
base_sf_qty_scale,19,-0.12981374696526457,0.12981374696526457,0.011684697112334483,0.003828718301943764
proj_lit_qty_scale,19,0.003895594195121885,0.009047852671238657,0.010548715162232861,0.0021555165930751768
base_stand_density_scale,19,0.0,0.0,0.0,0.0
proj_stand_density_scale,19,0.11214748087572964,0.826303345922784,1.134933738184239,0.25522239446211764
tree_wood_dens_sp1,19,0.29357526241268594,0.8522200837497195,1.0248661193616426,0.19271418337128457
base_cover,19,0.3011094025594829,0.3051205270296833,0.4686842058748366,0.15435344779006968
base_fire_off,19,-0.02488531306065852,0.02488531306065852,0.0896922103141354,0.023475185917333708
base_fire_on,19,-0.03493285974000288,0.03493285974000288,0.005956144895643102,0.0018859905989436884
base_mortality,19,0.0,0.0,0.0,0.0
base_sf_n_delta,19,-0.1329016327182007,0.1329016327182007,0.01364616483361728,0.004551771405151866
base_thinning_delta,19,0.0,0.0,0.0,0.0
crop_base_left_delta,19,0.11008757567520981,0.11008757567520981,0.03498528353552261,0.011018991709926462
crop_base_yield_delta,19,0.021438945669418612,0.03333758611424789,0.03984904267336829,0.009377816095018036
crop_carbon_above_sp3,19,0.0036746737566976636,0.005476260853576035,0.006192353473202372,0.0013369918494053434
crop_carbon_below_sp3,19,0.013494768111238791,0.014747145321615135,0.010127804131231943,0.0027231783537827055
crop_intercept_sp3,19,-0.0010421542598331474,0.0025222995826083144,0.0035669301275052727,0.0008670649563864008
crop_nitrogen_above_sp3,19,-0.002787944538039114,0.0029218895374225977,0.0021331911774849833,0.0006244334717797805
crop_nitrogen_below_sp3,19,-0.006290349959597641,0.006290349959597641,0.001024847502681035,0.00032139313299659584
crop_carbon_above_sp10,19,0.036301860558090614,0.036301860558090614,0.012949837288557156,0.004103593845296093
crop_carbon_below_sp10,19,0.014952005561910347,0.014952005561910347,0.007177744582761901,0.002044976413843219
crop_intercept_sp10,19,0.008164712890886158,0.008605423602653647,0.0065629882692276285,0.001757472602766728
crop_nitrogen_above_sp10,19,-0.007081677975079208,0.007081677975079208,0.0014323384656656842,0.00043741116246518347
crop_nitrogen_below_sp10,19,-0.004457407240105768,0.004457407240105768,0.001450641525037153,0.00043335930573448316
crop_proj_left_delta,19,-0.016764990527146712,0.01840993206433091,0.01767277335504841,0.004493882127394708
crop_proj_yield_delta,19,0.12855269979855505,0.13004693207003032,0.0534975271305179,0.013382990595399978
crop_root_in_top_30,19,0.017584585530988302,0.018395085713231,0.013337581503943525,0.0042133585431854866
crop_root_to_shoot_sp3,19,0.007023028236770451,0.007922036522759673,0.008157304131835108,0.002290479199201584
crop_slope_sp3,19,-0.00040589435476818256,0.002369243513174274,0.003319723814864299,0.0008452219255927198
crop_root_to_shoot_sp10,19,0.011587249415127296,0.011587249415127296,0.008011085832370295,0.0025402339740147797
crop_slope_sp10,19,0.012193641720151669,0.012921441319289403,0.01090985159919729,0.003019784552803678
cy0_to_ceq_multiplier,19,-0.006013576878256979,0.008434775620213778,0.03984387431246874,0.012699263129202998
litter_carbon,19,-0.021522583740346476,0.021522583740346476,0.007266509984288768,0.0021694168728417303
litter_nitrogen,19,0.023840581492757976,0.023840581492757976,0.002622228051294078,0.0007248192172949088
mortality_fraction_branch_delta,19,-0.0034018809755474444,0.007849967784619771,0.011086788958300939,0.0023075853072086747
mortality_fraction_croot_delta,19,-0.0009142946734108065,0.002821485874243743,0.004940722623127145,0.0012254041290977254
mortality_fraction_froot_delta,19,-9.060651036028322e-05,0.0015675300415336963,0.0025176935844862317,0.0006395116825269367
mortality_fraction_leaf_delta,19,-0.0006746617127011939,0.002716336389394322,0.004114347425803671,0.0009467708409549479
mortality_fraction_stem_delta,19,-0.008451929000751684,0.022187160309306113,0.03743448782143515,0.009151688446485616
pool_alloc_froot_sp1,19,0.015558905792487787,0.057782037542000154,0.08724374195282095,0.021889973126448494
pool_alloc_leaf_sp1,19,0.001707383492461262,0.12537755168498932,0.17705880004784855,0.03559326993287617
pool_alloc_stem_sp1,19,0.3201956910072579,0.7387964001975252,0.9583682658734695,0.18961620619594427
pool_turnover_branch_sp1,19,0.3810166912332917,0.3998885665881763,0.4088641803506896,0.09883460446180423
pool_turnover_croot_sp1,19,-0.08793983326562593,0.1153415032324259,0.17685667164518887,0.05059285232956824
pool_turnover_froot_sp1,19,-0.017160769623412942,0.03126889792292965,0.04742582755244605,0.011207745872988392
pool_turnover_leaf_sp1,19,-0.017976115649306314,0.03725432633600839,0.05770495930398712,0.015610134999547071
pool_turnover_stem_sp1,19,9.77948793203991,10.74376814540429,14.098259702949415,3.9517853625885526
proj_cover,19,-0.3411280625810613,0.6740680708997239,1.8235541981796812,0.5847908521039015
proj_fire_off,19,0.035880585691071054,0.035880585691071054,0.08438609015576848,0.02649264881855678
proj_fire_on,19,0.33618547539037763,0.33618547539037763,0.18799145168571363,0.06016853521566622
proj_mortality,19,0.5140698066713542,0.5331918620629436,0.793111585460581,0.23853080062298218
proj_thinning_delta,19,10.210538089800286,10.426281494357646,13.84715019595557,4.191621844441617
roth_c_cover_c,19,-0.0006423760419523111,0.007348549301415338,0.013842335449137252,0.0035115048007054455
roth_c_dpm_frac_crop,19,-0.007206141990007839,0.007206141990007839,0.01259295916779063,0.004061454548452049
roth_c_dpm_frac_tree,19,-0.015718406934281427,0.030013576091070394,0.0329316724314497,0.006233161910081142
roth_c_moisture_b_slope,19,-0.10415038930005435,0.2553202539981584,0.5566336237150807,0.14632033046602458
roth_c_temp_a1,19,0.13165092293593222,0.27274012474778553,0.3782025902873401,0.0813676153229822
roth_c_temp_a2,19,-0.0014794200243849643,0.48054099096592384,0.6497538517462093,0.1364795824149411
thinning_fraction_branch_delta,19,0.029902140395393177,0.029902140395393177,0.02349049559608164,0.007271584364771123
thinning_fraction_croot_delta,19,0.010820317174415006,0.010820317174415006,0.00804086245987684,0.002280875160963976
thinning_fraction_froot_delta,19,0.005791935342716581,0.005791935342716581,0.00450600923841684,0.001232261299072932
thinning_fraction_leaf_delta,19,0.008969373815054095,0.008969373815054095,0.0071458853102223515,0.002316012640185463
thinning_fraction_stem_delta,19,0.053969039380790715,0.053969039380790715,0.046039891867123234,0.013942724873595526
tree_carbon_sp1,19,0.057940882244018124,0.9732667978274755,1.5101837455900167,0.3368116097436928
tree_nitrogen_branch_sp1,19,0.0014090468712010917,0.0014090468712010917,0.0006367312186173406,0.00017238202358190794
tree_nitrogen_croot_sp1,19,0.0009705268124223121,0.0009705268124223121,0.0013273564199680601,0.00039110822080493546
tree_nitrogen_froot_sp1,19,0.025932839359562494,0.025932839359562494,0.021327075526842463,0.006717116521840453
tree_nitrogen_leaf_sp1,19,0.04116536795520317,0.04116536795520317,0.03718878045510014,0.011120639247399497
tree_nitrogen_stem_sp1,19,0.003080218150278885,0.003080218150278885,0.0016032760460548926,0.0005339804516133768
tree_root_in_top_30,19,-0.023125970797337157,0.09213637332882818,0.14568311021909347,0.03374214285526511
tree_root_to_shoot_sp1,19,-0.0009456801990662012,0.11390183902038316,0.18225792180987002,0.03983907426375008
cy0,20,-0.1253737016150095,0.32184376822735594,0.7639851695768962,0.19346118224397207
clay,20,-0.4550251781588309,0.5943593287838829,1.1286336877492367,0.2936512830586867
temp_ci_delta,20,0.05827411916928994,0.15699745724412875,0.2290393581660917,0.05572367920167413
rain_ci_delta,20,0.17673131612227314,1.0742466959274273,2.440973058206913,0.7077178394904429
evap_ci_delta,20,-0.05041394476971106,0.06697997540516722,0.23409787085938216,0.06821734334722057
ef_burn_crop_N2O_scale,20,-0.003638788124261272,0.0037515118740694907,0.002509270825381587,0.0005998161336374374
ef_burn_crop_CH4_scale,20,-0.013689076860133768,0.013890070420818005,0.00949942349689778,0.002588563420947531
ef_burn_tree_N2O_scale,20,0.005818984711506185,0.005818984711506185,0.005703650232556851,0.0017033790377759153
ef_burn_tree_CH4_scale,20,0.023847464807150488,0.023847464807150488,0.02156491627087669,0.006394209137007464
ef_N_inputs,20,-0.06224503183303668,0.08147053687165219,0.06606306927943408,0.014073366551746104
combustion_factor_crop,20,-0.01590796550925281,0.01649480824505739,0.01265113430952302,0.0034032416469159344
combustion_factor_tree,20,0.03207572969698784,0.03207572969698784,0.030613486032276503,0.008778645725571988
volatile_frac_organic_fertiliser,20,-0.0028754256509736843,0.0028754256509736843,0.00030556244209786645,8.220332913375058e-05
volatile_frac_synthetic_fertiliser,20,0.016297396888962996,0.016297396888962996,0.0016405654386363391,0.0005054828205225371
base_sf_qty_scale,20,-0.12981374696526435,0.12981374696526435,0.01168469711233465,0.003828718301943861
proj_lit_qty_scale,20,0.004772300076287622,0.009344506293749172,0.010412943497921205,0.002131766103664142
base_stand_density_scale,20,0.0,0.0,0.0,0.0
proj_stand_density_scale,20,0.0751109026493855,0.802727631706768,1.1440716802724262,0.26730070503545766
tree_wood_dens_sp1,20,0.25403991573916873,0.8183579170025329,1.0193179815198294,0.19937878514683233
base_cover,20,0.26865435362100304,0.2757087953348005,0.44351275147037267,0.14425441928950233
base_fire_off,20,-0.024885313060658488,0.024885313060658488,0.08969221031413531,0.023475185917333694
base_fire_on,20,-0.03493285974000271,0.03493285974000271,0.0059561448956427405,0.0018859905989435843
base_mortality,20,0.0,0.0,0.0,0.0
base_sf_n_delta,20,-0.13290163271820096,0.13290163271820096,0.013646164833617006,0.004551771405151647
base_thinning_delta,20,0.0,0.0,0.0,0.0
crop_base_left_delta,20,0.10649364037987985,0.10649364037987985,0.03449040400201044,0.010897719773158426
crop_base_yield_delta,20,0.016958190911948286,0.03126359292571988,0.039695060227019296,0.008990674951057155
crop_carbon_above_sp3,20,0.003418574159637927,0.005279005302108547,0.006093176634989959,0.0013032622235997677
crop_carbon_below_sp3,20,0.012747068397528571,0.01414325200374016,0.010223586246131075,0.002710368499192894
crop_intercept_sp3,20,-0.001041986816879853,0.002485307030347905,0.003521287252074533,0.0008583289908310869
crop_nitrogen_above_sp3,20,-0.0027879445380386975,0.002921889537422248,0.0021331911774847816,0.0006244334717796291
crop_nitrogen_below_sp3,20,-0.006290349959597666,0.006290349959597666,0.0010248475026809459,0.00032139313299654396
crop_carbon_above_sp10,20,0.03477130013176257,0.03477130013176257,0.012626447303466966,0.003977302595561946
crop_carbon_below_sp10,20,0.01430296886592316,0.01430296886592316,0.006985799046192837,0.002000403623984467
crop_intercept_sp10,20,0.007687783481012608,0.00822856929059149,0.006525668129949915,0.0017122373134188906
crop_nitrogen_above_sp10,20,-0.007081677975078991,0.007081677975078991,0.0014323384656657824,0.0004374111624651596
crop_nitrogen_below_sp10,20,-0.004457407240105918,0.004457407240105918,0.0014506415250371237,0.00043335930573446625
crop_proj_left_delta,20,-0.016463852182592914,0.01813832410184197,0.017740166325278722,0.004494189769235575
crop_proj_yield_delta,20,0.13049936363899126,0.13187089339653554,0.05375786900722581,0.013480077383673631
crop_root_in_top_30,20,0.016247642416391747,0.017263545427163525,0.01321128122874144,0.004123729692449034
crop_root_to_shoot_sp3,20,0.00634560185490643,0.007470298247402335,0.008184129768957457,0.0022640502832496734
crop_slope_sp3,20,-0.0006831609149049623,0.0024443424308519812,0.0033290314789261996,0.0008457523490995438
crop_root_to_shoot_sp10,20,0.010968508097192173,0.010968508097192173,0.007815786470985825,0.0024754791603903885
crop_slope_sp10,20,0.010824055845250516,0.011857595273579394,0.010584647226420704,0.002823389887510785
cy0_to_ceq_multiplier,20,-0.005202771263493752,0.007581369411796349,0.03541544730410158,0.011220459862457238
litter_carbon,20,-0.02068092017250491,0.02068092017250491,0.007114370772268342,0.002129717667492764
litter_nitrogen,20,0.023840581492758167,0.023840581492758167,0.002622228051293968,0.0007248192172948945
mortality_fraction_branch_delta,20,-0.0030254273957657203,0.007535166001234836,0.01074577018908718,0.0022442956673651487
mortality_fraction_croot_delta,20,-0.0009309356518626022,0.0028088480537213413,0.005048003364892874,0.001264038608640183
mortality_fraction_froot_delta,20,-8.58398221654011e-05,0.0015467119419047327,0.002525101974299388,0.0006513636055368581
mortality_fraction_leaf_delta,20,-0.0006670044861303154,0.0026811808446558366,0.004114696094633947,0.0009576356584746511
mortality_fraction_stem_delta,20,-0.008937141428243787,0.02215064676727304,0.03829120000627865,0.009462334337270112
pool_alloc_froot_sp1,20,0.014248913763935857,0.05612677150378048,0.0872774244043659,0.022358845343989305
pool_alloc_leaf_sp1,20,-0.0006589455710291319,0.12216281636911781,0.1770699246208011,0.036679897521595166
pool_alloc_stem_sp1,20,0.2910752759667942,0.7179955818800365,0.952786308877228,0.1928703482454283
pool_turnover_branch_sp1,20,0.37681850568656605,0.3967927210406918,0.4202308177006383,0.10137357408458382
pool_turnover_croot_sp1,20,-0.0832168971748142,0.11156873382987027,0.17648469139853967,0.050211181638110135
pool_turnover_froot_sp1,20,-0.014940380182106134,0.030041309245980037,0.04700589026937043,0.010846933207625687
pool_turnover_leaf_sp1,20,-0.016696458246670143,0.03679341104060711,0.058288718848644665,0.01599083993298753
pool_turnover_stem_sp1,20,9.745404860749522,10.740782180314827,14.43096263744963,4.056515891373041
proj_cover,20,-0.309505550259469,0.6558193331222678,1.7388226725999265,0.5585532634666603
proj_fire_off,20,0.035880585691070936,0.035880585691070936,0.08438609015576837,0.026492648818556744
proj_fire_on,20,0.3319071202806647,0.3319071202806647,0.19636048673539827,0.06296255737622
proj_mortality,20,0.5219811150616329,0.5416874607707188,0.8415770170317168,0.25454250376579385
proj_thinning_delta,20,10.022195936926938,10.258387137914255,14.263919286775726,4.3167600428170125
roth_c_cover_c,20,-0.0008623294100050666,0.007113040615378255,0.013350901092772031,0.0033746626723690537
roth_c_dpm_frac_crop,20,-0.006149854305725652,0.006149854305725652,0.010713886269419375,0.0034461497948896675
roth_c_dpm_frac_tree,20,-0.012459102227300036,0.027099076164103425,0.03177762349265914,0.006364662756674499
roth_c_moisture_b_slope,20,-0.08486869270419987,0.25726075849774926,0.5194362306235396,0.132948931105421
roth_c_temp_a1,20,0.1425130499196911,0.26737238398719,0.36658192936335277,0.07949627854816567
roth_c_temp_a2,20,-0.03800091778703876,0.47369118203467053,0.6648746943493894,0.14462270441990305
thinning_fraction_branch_delta,20,0.02146313629416056,0.02146313629416056,0.019910082762105222,0.006383361583741043
thinning_fraction_croot_delta,20,0.007513112358925789,0.007513112358925789,0.006337660969185227,0.0018282616958218308
thinning_fraction_froot_delta,20,0.00412647901622602,0.00412647901622602,0.0033671954423802534,0.0009493426242098472
thinning_fraction_leaf_delta,20,0.006425555973766438,0.006425555973766438,0.005598746010024794,0.001735966870834526
thinning_fraction_stem_delta,20,0.036637419940511506,0.036637419940511506,0.03032583163413369,0.00904365253499422
tree_carbon_sp1,20,0.011928712570873046,0.951748431404894,1.5320015334254784,0.3513195917080287
tree_nitrogen_branch_sp1,20,0.0013773134249828955,0.0013773134249828955,0.0006616412423336874,0.00017947759773110058
tree_nitrogen_croot_sp1,20,0.0009676845727778882,0.0009676845727778882,0.0013866520994091672,0.00040922935603894436
tree_nitrogen_froot_sp1,20,0.025771779976769722,0.025771779976769722,0.022130739695399745,0.006974609660428099
tree_nitrogen_leaf_sp1,20,0.04105448456037023,0.04105448456037023,0.039027111500973065,0.01165849232708705
tree_nitrogen_stem_sp1,20,0.0029869315116747897,0.0029869315116747897,0.0016274311147990751,0.0005410684073535765
tree_root_in_top_30,20,-0.025917413816613482,0.09033506656927896,0.14678698195243742,0.03465678336234874
tree_root_to_shoot_sp1,20,-0.006044370656868847,0.1116673698737221,0.18483010842288844,0.04140819493906156
cy0,21,-0.11449302612891128,0.2975325222199951,0.7007681199951772,0.1770367293087171
clay,21,-0.434376642560072,0.5903706557616375,1.1610972041439824,0.301494998937031
temp_ci_delta,21,0.06756534527561812,0.15976239208841442,0.23375269473293014,0.057335045193311375
rain_ci_delta,21,0.2059328937148368,1.032375892093388,2.336056109026942,0.6751345369759298
evap_ci_delta,21,-0.05241474273302813,0.06464664041711357,0.22830085395297503,0.06638956422010266
ef_burn_crop_N2O_scale,21,-0.003638788124261455,0.003751511874069674,0.0025092708253813887,0.0005998161336373979
ef_burn_crop_CH4_scale,21,-0.013689076860133292,0.013890070420817597,0.00949942349689783,0.0025885634209474964
ef_burn_tree_N2O_scale,21,0.005718870925710498,0.005718870925710498,0.005785666678824581,0.0017308934888399354
ef_burn_tree_CH4_scale,21,0.023532546314714253,0.023532546314714253,0.02180201233089237,0.006452189093452964
ef_N_inputs,21,-0.06258678838656488,0.08351728634214514,0.06910330615222333,0.014496200858311619
combustion_factor_crop,21,-0.01590796550925284,0.01649480824505749,0.012651134309523068,0.003403241646915911
combustion_factor_tree,21,0.031699311483508144,0.031699311483508144,0.031337109555518744,0.008999805823036118
volatile_frac_organic_fertiliser,21,-0.002875425650973801,0.002875425650973801,0.0003055624420978586,8.220332913377499e-05
volatile_frac_synthetic_fertiliser,21,0.01629739688896298,0.01629739688896298,0.0016405654386364146,0.0005054828205225547
base_sf_qty_scale,21,-0.129813746965264,0.129813746965264,0.01168469711233457,0.0038287183019438033
proj_lit_qty_scale,21,0.0055981359167068005,0.009696466741917811,0.01030506971872874,0.002096221147601048
base_stand_density_scale,21,0.0,0.0,0.0,0.0
proj_stand_density_scale,21,0.05030172141856706,0.7857063315091738,1.1511524567833773,0.27639999984431957
tree_wood_dens_sp1,21,0.2257001114793551,0.7931408688844241,1.0145043588747151,0.20407104827739353
base_cover,21,0.2388088520443017,0.2493421171139028,0.4219363741281492,0.13571749712042616
base_fire_off,21,-0.024885313060658536,0.024885313060658536,0.08969221031413546,0.02347518591733373
base_fire_on,21,-0.03493285974000272,0.03493285974000272,0.005956144895642654,0.0018859905989435316
base_mortality,21,0.0,0.0,0.0,0.0
base_sf_n_delta,21,-0.1329016327182006,0.1329016327182006,0.013646164833617271,0.004551771405151877
base_thinning_delta,21,0.0,0.0,0.0,0.0
crop_base_left_delta,21,0.10307811022496141,0.10307811022496141,0.03406662075402182,0.010793941908657338
crop_base_yield_delta,21,0.012669803305085232,0.030446803137510997,0.03954640759201603,0.008399935989691944
crop_carbon_above_sp3,21,0.0031955270788060234,0.005119365531989131,0.006009763905661788,0.0012742571930134284
crop_carbon_below_sp3,21,0.012092150334810614,0.013616744183308249,0.010331275243511387,0.002713344245124498
crop_intercept_sp3,21,-0.0010410516672974325,0.002449912346335503,0.003479312441809222,0.0008509777469948305
crop_nitrogen_above_sp3,21,-0.002787944538039072,0.002921889537422556,0.002133191177484851,0.0006244334717797625
crop_nitrogen_below_sp3,21,-0.006290349959597832,0.006290349959597832,0.0010248475026806841,0.0003213931329964193
crop_carbon_above_sp10,21,0.03334573583720187,0.03334573583720187,0.012359327441085316,0.0038721103791613232
crop_carbon_below_sp10,21,0.013697875977686649,0.013697875977686649,0.006822409412635384,0.001962861407709928
crop_intercept_sp10,21,0.007238965872106759,0.007880613037304227,0.006502932931301331,0.0016764524947453876
crop_nitrogen_above_sp10,21,-0.0070816779750791535,0.0070816779750791535,0.001432338465665756,0.0004374111624651339
crop_nitrogen_below_sp10,21,-0.004457407240105518,0.004457407240105518,0.0014506415250371944,0.00043335930573448403
crop_proj_left_delta,21,-0.016098073761750924,0.0178119161963528,0.017753019700527735,0.004478569529430355
crop_proj_yield_delta,21,0.13239980512062435,0.13365343443858685,0.053990417476057755,0.013572146214629061
crop_root_in_top_30,21,0.015044821563718742,0.016304502560907336,0.013133258345598657,0.004062686088304773
crop_root_to_shoot_sp3,21,0.0057537093182910394,0.007150052104482907,0.00821735281929992,0.0022259940961723693
crop_slope_sp3,21,-0.0009242427429184075,0.0025226905092342934,0.003339021560299092,0.0008468947492261537
crop_root_to_shoot_sp10,21,0.010387927994799373,0.010399692288771422,0.00763819984175249,0.002411098670177593
crop_slope_sp10,21,0.009545874780150515,0.010991466533323353,0.01031711058923603,0.00261519679520235
cy0_to_ceq_multiplier,21,-0.004470176990661126,0.006822303138498839,0.03150506111467452,0.009914048706990105
litter_carbon,21,-0.01988153096462251,0.01988153096462251,0.006987026690781191,0.0020973900993845594
litter_nitrogen,21,0.023840581492758316,0.023840581492758316,0.002622228051294015,0.0007248192172949303
mortality_fraction_branch_delta,21,-0.002620107347786979,0.007250527931217485,0.010461118292471346,0.002196194394872141
mortality_fraction_croot_delta,21,-0.0009257147339938168,0.0027949759000547485,0.005151062794784511,0.0013006242007885273
mortality_fraction_froot_delta,21,-7.404631888333901e-05,0.0015370193761915201,0.002537282251807448,0.0006624594066097685
mortality_fraction_leaf_delta,21,-0.0006449720792070929,0.0026612246700576797,0.004128177706600799,0.0009679764988113994
mortality_fraction_stem_delta,21,-0.009260539301196755,0.022089747075472385,0.039003499883688016,0.009704246279646596
pool_alloc_froot_sp1,21,0.013765383450319963,0.05508591680006185,0.08739809024458264,0.022697119147476796
pool_alloc_leaf_sp1,21,-0.0018610962899223205,0.12002937632561146,0.1774072470691651,0.03752118798948281
pool_alloc_stem_sp1,21,0.26271158588846477,0.6957532506242748,0.9454681583495436,0.1959544429212673
pool_turnover_branch_sp1,21,0.3700633218842115,0.3912546126868631,0.43042007946402444,0.10359756147359223
pool_turnover_croot_sp1,21,-0.07807197846114582,0.1078763721453698,0.1763412554436218,0.049898047543916864
pool_turnover_froot_sp1,21,-0.012562148002839363,0.02899559696015123,0.04665364926876943,0.010506083386627387
pool_turnover_leaf_sp1,21,-0.015095274057921975,0.03658407210081858,0.058750764581923964,0.01620140115430023
pool_turnover_stem_sp1,21,9.665332566434072,10.72480772838507,14.726786819951915,4.140445659648219
proj_cover,21,-0.2897911500094822,0.6348391634995105,1.6578168296971107,0.5337878877685545
proj_fire_off,21,0.03588058569107097,0.03588058569107097,0.08438609015576834,0.02649264881855673
proj_fire_on,21,0.3280774895505137,0.3280774895505137,0.2047937142075553,0.06577472409711814
proj_mortality,21,0.5284542078478871,0.5490104156653167,0.8914149876730173,0.2709736711121463
proj_thinning_delta,21,9.886588981691695,10.159473196032128,14.634983626747026,4.4258509645553845
roth_c_cover_c,21,-0.0009584258101530685,0.00688961250713806,0.013032644993263466,0.003282154726394276
roth_c_dpm_frac_crop,21,-0.005317973137298404,0.005317973137298404,0.009122228289209694,0.002927100370374297
roth_c_dpm_frac_tree,21,-0.01029217701675494,0.02523449146226267,0.030971670931362043,0.0064796054316835685
roth_c_moisture_b_slope,21,-0.07166603991741549,0.25866320533231346,0.49809098729064716,0.12473627922167822
roth_c_temp_a1,21,0.1525365972198601,0.26279538432992844,0.3619608540253764,0.08016500376556457
roth_c_temp_a2,21,-0.07226060487169551,0.47080755683139086,0.6795143209858308,0.15329854573795604
thinning_fraction_branch_delta,21,0.016956856436586638,0.016956856436586638,0.01809034221905545,0.005921560084591148
thinning_fraction_croot_delta,21,0.005807379886898828,0.005898379123745484,0.005706889985961219,0.0016742337725600158
thinning_fraction_froot_delta,21,0.0032046142669608204,0.0032046142669608204,0.0028273515389160985,0.0008152498617294941
thinning_fraction_leaf_delta,21,0.005124528012677422,0.005124528012677422,0.004971082360685251,0.001495279313719355
thinning_fraction_stem_delta,21,0.027563578852018367,0.027563578852018367,0.02524109722711438,0.00782006340648818
tree_carbon_sp1,21,-0.023039657730328032,0.9375561252594056,1.5539145994780121,0.36401644389473586
tree_nitrogen_branch_sp1,21,0.001347290439790566,0.001347290439790566,0.0006854562353795505,0.00018634911997624678
tree_nitrogen_croot_sp1,21,0.0009662825396794028,0.0009662825396794028,0.0014479174858514974,0.00042792729461326427
tree_nitrogen_froot_sp1,21,0.02564010241568096,0.02564010241568096,0.02293434840118865,0.007231910232387499
tree_nitrogen_leaf_sp1,21,0.04099645486618407,0.04099645486618407,0.04089088249175561,0.012202398061557871
tree_nitrogen_stem_sp1,21,0.002902942264696029,0.002902942264696029,0.0016526705918735894,0.0005483541659201035
tree_root_in_top_30,21,-0.027070932999318714,0.08945097808071054,0.14836868398332242,0.03544855927278893
tree_root_to_shoot_sp1,21,-0.01003047805630671,0.110002891628816,0.18738032438065058,0.04279825669733448
cy0,22,-0.10424001753024811,0.27510345097146816,0.6429091160418937,0.16237865600382645
clay,22,-0.3945648763309463,0.5879853213886612,1.1900884090271406,0.3058362653464133
temp_ci_delta,22,0.06759542842249293,0.16147399497118048,0.2393364601573191,0.05841613726957585
rain_ci_delta,22,0.20510404579049638,0.9878402629382892,2.2257143882705805,0.6405583496344905
evap_ci_delta,22,-0.052386816279265766,0.06268045472407736,0.22205620580067248,0.06441082564248005
ef_burn_crop_N2O_scale,22,-0.003949973246799851,0.004030217422208102,0.002500904991259251,0.0006045975340585247
ef_burn_crop_CH4_scale,22,-0.01483461357378304,0.014975786882222364,0.009501749994655325,0.002642206055669314
ef_burn_tree_N2O_scale,22,0.005629020072573239,0.005629020072573239,0.005877904325017586,0.0017609596525504324
ef_burn_tree_CH4_scale,22,0.023255098277218316,0.023255098277218316,0.022088611668521815,0.006528997217308465
ef_N_inputs,22,-0.06736901349590216,0.08907401940875427,0.07209780709902464,0.01480482286223654
combustion_factor_crop,22,-0.017322292429776665,0.01776209611735936,0.012706216121059011,0.003488334907535109
combustion_factor_tree,22,0.0313730063585715,0.0313730063585715,0.03209039731716386,0.009232354032045708
volatile_frac_organic_fertiliser,22,-0.0028754256509738174,0.0028754256509738174,0.0003055624420977853,8.220332913373749e-05
volatile_frac_synthetic_fertiliser,22,0.01629739688896292,0.01629739688896292,0.001640565438636443,0.000505482820522562
base_sf_qty_scale,22,-0.12981374696526463,0.12981374696526463,0.011684697112334453,0.0038287183019437435
proj_lit_qty_scale,22,0.006378743826602936,0.01005328120939061,0.010217676612908778,0.0020764825693646155
base_stand_density_scale,22,0.0,0.0,0.0,0.0
proj_stand_density_scale,22,0.032177016015163,0.7720384385328835,1.1566431225005476,0.2836223586035099
tree_wood_dens_sp1,22,0.20379073899727196,0.7733626665443258,1.0100681527751534,0.2073803698321954
base_cover,22,0.2113809152247647,0.2284913760610415,0.40361322501968183,0.12806721267032586
base_fire_off,22,-0.024885313060658505,0.024885313060658505,0.08969221031413536,0.023475185917333705
base_fire_on,22,-0.03493285974000302,0.03493285974000302,0.005956144895643089,0.0018859905989436967
base_mortality,22,0.0,0.0,0.0,0.0
base_sf_n_delta,22,-0.13290163271820044,0.13290163271820044,0.013646164833617495,0.004551771405151956
base_thinning_delta,22,0.0,0.0,0.0,0.0
crop_base_left_delta,22,0.09982712781326075,0.09982712781326075,0.033701085567814,0.01070354872066992
crop_base_yield_delta,22,0.008562514942073335,0.029951931480371858,0.039396633927628044,0.007880143360675525
crop_carbon_above_sp3,22,0.015468413551304383,0.015649359022774745,0.005466590366216892,0.00158044250110018
crop_carbon_below_sp3,22,0.049322385234005305,0.049322385234005305,0.011659234870641423,0.003839591371817487
crop_intercept_sp3,22,-0.0010404732757434685,0.0024151127216207255,0.00343960037008416,0.0008445689228195437
crop_nitrogen_above_sp3,22,-0.00419290412905943,0.004202156345794053,0.002013372278427397,0.0006350256518790624
crop_nitrogen_below_sp3,22,-0.009395530786934211,0.009395530786934211,0.0013731474582258578,0.0004214654685625924
crop_carbon_above_sp10,22,0.032011114488448116,0.032011114488448116,0.012135214837020285,0.0037836746412063787
crop_carbon_below_sp10,22,0.013133638056915134,0.013133638056915134,0.006681955753853923,0.0019310833916182195
crop_intercept_sp10,22,0.006814183818121674,0.007569623984861215,0.006490555981610908,0.0016488820727097319
crop_nitrogen_above_sp10,22,-0.007081677975079308,0.007081677975079308,0.0014323384656655753,0.00043741116246509315
crop_nitrogen_below_sp10,22,-0.004457407240105576,0.004457407240105576,0.0014506415250372668,0.000433359305734507
crop_proj_left_delta,22,0.007509640568751733,0.013535474378226234,0.014983899357079718,0.0029721659266035076
crop_proj_yield_delta,22,0.13424742652082425,0.1353878637632579,0.05419812680487272,0.013659171210796593
crop_root_in_top_30,22,0.0474167019488176,0.0474167019488176,0.0148567815754352,0.00516251650492047
crop_root_to_shoot_sp3,22,0.038378208608967804,0.038378208608967804,0.010055454772643772,0.0030007235570911834
crop_slope_sp3,22,0.01104746508078284,0.01104746508078284,0.003754754854335046,0.0011134927708436311
crop_root_to_shoot_sp10,22,0.009840564018117047,0.009872489159872388,0.007475282535082037,0.002348158366458882
crop_slope_sp10,22,0.008347709645480988,0.01024973526372625,0.010094720085991066,0.002413509927130491
cy0_to_ceq_multiplier,22,-0.0038079685911351414,0.006181237307640081,0.028054244621139864,0.008761273467052412
litter_carbon,22,-0.01912102690807132,0.01912102690807132,0.006879200568730461,0.0020707921166222103
litter_nitrogen,22,0.023840581492758084,0.023840581492758084,0.0026222280512939733,0.0007248192172949043
mortality_fraction_branch_delta,22,-0.0022176229110916932,0.007008932612882652,0.010214518499156918,0.002162530215316197
mortality_fraction_croot_delta,22,-0.0009106816032177667,0.0027782853975969026,0.005251791206322995,0.001336914893437874
mortality_fraction_froot_delta,22,-6.025548685148485e-05,0.001530602077379234,0.002551946564225409,0.000673441602797595
mortality_fraction_leaf_delta,22,-0.0006174830051555086,0.0026484131161492092,0.004149084929690962,0.0009785346845119563
mortality_fraction_stem_delta,22,-0.009494960880511227,0.022011979146144334,0.03961952580817141,0.00990407569376615
pool_alloc_froot_sp1,22,0.013678110600977006,0.05436223273308731,0.08759144486228565,0.022976693017724693
pool_alloc_leaf_sp1,22,-0.0025042679806507205,0.11846839682566004,0.17792531785902163,0.038228352372798625
pool_alloc_stem_sp1,22,0.23573766741854452,0.6729053272906611,0.9372055200119213,0.19894020020261938
pool_turnover_branch_sp1,22,0.36195468254908486,0.3857222401590611,0.4393187634176244,0.10487457218185664
pool_turnover_croot_sp1,22,-0.07298747464028901,0.10463314463817353,0.17640666420173992,0.049688376630399995
pool_turnover_froot_sp1,22,-0.010233715636220159,0.028040896471838956,0.04634801856808353,0.010245761686927661
pool_turnover_leaf_sp1,22,-0.013407130616623944,0.036491584224256454,0.059117849095571745,0.01634095471372304
pool_turnover_stem_sp1,22,9.565196971784193,10.696133358363578,14.986820107876577,4.210822215122379
proj_cover,22,-0.23385854666814407,0.6042631829864311,1.5683468303536408,0.5038945844355872
proj_fire_off,22,0.0334848342003465,0.0334848342003465,0.080178376404391,0.025256290799290437
proj_fire_on,22,0.32324857642912874,0.32324857642912874,0.21326357312534663,0.06858397045135949
proj_mortality,22,0.5344082004902467,0.5581665898722783,0.9422536234670935,0.2875365392558896
proj_thinning_delta,22,9.781459882062586,10.106053618032544,14.972567573445007,4.522474598525048
roth_c_cover_c,22,-0.0012654409785690462,0.006894019246544966,0.012904527647519499,0.0031872883775448057
roth_c_dpm_frac_crop,22,-0.03963075788594142,0.03963075788594142,0.009020400830188553,0.0027979012647641115
roth_c_dpm_frac_tree,22,-0.008749527449565486,0.02387761238838252,0.030368993505965544,0.006575846644106265
roth_c_moisture_b_slope,22,-0.05291619725282652,0.2577085294811776,0.48678213575142576,0.11985219694644318
roth_c_temp_a1,22,0.1472527360140818,0.2563440497368654,0.3625824604611775,0.08058224635254438
roth_c_temp_a2,22,-0.0699010165623882,0.4672234721932222,0.6908264418749738,0.15825045392977222
thinning_fraction_branch_delta,22,0.01438780593213892,0.01438780593213892,0.016824984756640952,0.005545470348180211
thinning_fraction_croot_delta,22,0.004880551648456044,0.005112142550385346,0.005363839972881694,0.0015802143856760492
thinning_fraction_froot_delta,22,0.0026726860632598796,0.0026726860632598796,0.00254127729463278,0.000744038587397631
thinning_fraction_leaf_delta,22,0.004433442559532752,0.004433442559532752,0.004686707457680811,0.0013935784231049763
thinning_fraction_stem_delta,22,0.022582812828597854,0.02419068151331615,0.024943184892142246,0.007380982231589504
tree_carbon_sp1,22,-0.051571100245288756,0.9272526879473937,1.5751288632511928,0.3753677970785823
tree_nitrogen_branch_sp1,22,0.0013188753954853165,0.0013188753954853165,0.0007082469905395003,0.00019299420246990373
tree_nitrogen_croot_sp1,22,0.0009661896314723251,0.0009661896314723251,0.001511011821030103,0.0004471622131816126
tree_nitrogen_froot_sp1,22,0.025534507142184176,0.025534507142184176,0.023738113074566018,0.007489085446514594
tree_nitrogen_leaf_sp1,22,0.04098621027710282,0.04098621027710282,0.0427791200325305,0.012752167439084978
tree_nitrogen_stem_sp1,22,0.0028270586877518268,0.0028270586877518268,0.00167896942296219,0.0005558596239443764
tree_root_in_top_30,22,-0.02741593059611506,0.08900275882790162,0.15020468563900208,0.03619551493651022
tree_root_to_shoot_sp1,22,-0.013319427201012608,0.10863912801909784,0.18981204523181502,0.04404513165417693
cy0,23,-0.09458179827196556,0.25612866858650707,0.5902926672191384,0.14868135440002506
clay,23,-0.3786330196268251,0.5912937872197729,1.2256961725889775,0.31535671745104926
temp_ci_delta,23,0.07213902019899177,0.1622062287183872,0.2444384100548476,0.06065671088849849
rain_ci_delta,23,0.22343435728683714,0.9460898908060569,2.1364073053839503,0.6147691651873579
evap_ci_delta,23,-0.05392432225754875,0.06247672555988659,0.22220572495516824,0.06432562528814059
ef_burn_crop_N2O_scale,23,-0.0039499732468001505,0.004030217422208401,0.0025009049912594005,0.0006045975340585663
ef_burn_crop_CH4_scale,23,-0.01483461357378334,0.014975786882222664,0.009501749994655388,0.0026422060556693877
ef_burn_tree_N2O_scale,23,0.005548333141720039,0.005548333141720039,0.005979437816055798,0.0017933626431749972
ef_burn_tree_CH4_scale,23,0.02301142879813342,0.02301142879813342,0.022421166379471252,0.006623190269535171
ef_N_inputs,23,-0.06753137690438145,0.09100319833011716,0.07523808634423663,0.015262539291867265
combustion_factor_crop,23,-0.017322292429776464,0.017762096117359228,0.012706216121059379,0.0034883349075351226
combustion_factor_tree,23,0.031091324092373373,0.031091324092373373,0.03287063005562158,0.009475113742751064
volatile_frac_organic_fertiliser,23,-0.002875425650973834,0.002875425650973834,0.0003055624420978422,8.220332913376183e-05
volatile_frac_synthetic_fertiliser,23,0.01629739688896296,0.01629739688896296,0.001640565438636299,0.0005054828205225201
base_sf_qty_scale,23,-0.1298137469652642,0.1298137469652642,0.011684697112334531,0.003828718301943804
proj_lit_qty_scale,23,0.007118856694739143,0.010411016185064074,0.01014534734101311,0.002075360262512047
base_stand_density_scale,23,0.0,0.0,0.0,0.0
proj_stand_density_scale,23,0.018044044750903147,0.7601805656428721,1.1607840318573142,0.28953630915665973
tree_wood_dens_sp1,23,0.18597080524384216,0.7570190588314754,1.005673640676494,0.20971830752439066
base_cover,23,0.18619148983222028,0.214912511203593,0.38819853055175063,0.12108768731921207
base_fire_off,23,-0.024885313060658554,0.024885313060658554,0.08969221031413553,0.02347518591733375
base_fire_on,23,-0.03493285974000265,0.03493285974000265,0.005956144895642802,0.0018859905989436281
base_mortality,23,0.0,0.0,0.0,0.0
base_sf_n_delta,23,-0.13290163271820093,0.13290163271820093,0.013646164833617115,0.004551771405151684
base_thinning_delta,23,0.0,0.0,0.0,0.0
crop_base_left_delta,23,0.09672914786459516,0.09672914786459516,0.033383118057412856,0.010623663658461032
crop_base_yield_delta,23,0.004626361491432243,0.02977034269204768,0.039243619620958056,0.007439657046924817
crop_carbon_above_sp3,23,0.010717001331972056,0.011061768226321203,0.005416171455203501,0.0014730669914079287
crop_carbon_below_sp3,23,0.034963742417652106,0.034963742417652106,0.011380531326774449,0.0037690343882740476
crop_intercept_sp3,23,-0.0010393972826018949,0.002381236065533415,0.003402173264477782,0.0008390052429315589
crop_nitrogen_above_sp3,23,-0.00419290412905908,0.00420215634579377,0.002013372278427371,0.0006350256518790307
crop_nitrogen_below_sp3,23,-0.009395530786934128,0.009395530786934128,0.001373147458225733,0.0004214654685625585
crop_carbon_above_sp10,23,0.030756703121630542,0.030756703121630542,0.011943474842156503,0.0037081892560689544
crop_carbon_below_sp10,23,0.01260418572355947,0.01260418572355947,0.006559672877818898,0.0019034913955814322
crop_intercept_sp10,23,0.006411610087188839,0.0072921611449995915,0.006488420038704457,0.0016251307121137753
crop_nitrogen_above_sp10,23,-0.007081677975078983,0.007081677975078983,0.0014323384656659394,0.00043741116246519767
crop_nitrogen_below_sp10,23,-0.004457407240105427,0.004457407240105427,0.0014506415250372848,0.00043335930573452225
crop_proj_left_delta,23,-0.0008578920945600296,0.009962700983968974,0.0144600910386287,0.0029977210338863435
crop_proj_yield_delta,23,0.13603905225824758,0.1370708690795605,0.0543836123805531,0.013741237855475453
crop_root_in_top_30,23,0.03288820991169324,0.03288820991169324,0.01466914709612186,0.005114703020744414
crop_root_to_shoot_sp3,23,0.024005807654284655,0.024005807654284655,0.009680773990292418,0.0029593309597673754
crop_slope_sp3,23,0.0050559093524907926,0.005200399146077192,0.0037104812515600964,0.0010273295532587281
crop_root_to_shoot_sp10,23,0.009323289254497305,0.009374007353179151,0.007324940567260186,0.0022910788972187067
crop_slope_sp10,23,0.007219769205048229,0.009579580715685617,0.009908258878178977,0.0022391373680524986
cy0_to_ceq_multiplier,23,-0.003209804495750265,0.005726967410822417,0.025012730032821805,0.007747945939149236
litter_carbon,23,-0.018396472122263897,0.018396472122263897,0.006786710983984729,0.0020486298636862516
litter_nitrogen,23,0.023840581492757917,0.023840581492757917,0.002622228051294081,0.0007248192172948704
mortality_fraction_branch_delta,23,-0.0018321016073355317,0.006797431436709131,0.009994824248990265,0.002132731438662896
mortality_fraction_croot_delta,23,-0.0008916800628699262,0.002764797108285799,0.005350888658056347,0.0013739956878720966
mortality_fraction_froot_delta,23,-4.660226463912009e-05,0.0015251357976500152,0.002567778552402411,0.0006843610550060184
mortality_fraction_leaf_delta,23,-0.0005885818898138967,0.002639620192400746,0.004173864012832171,0.0009891664640298869
mortality_fraction_stem_delta,23,-0.00967703226272095,0.021922420050966916,0.04016660518351939,0.010076231697269022
pool_alloc_froot_sp1,23,0.013782300455087836,0.05384015195311491,0.08783631095586054,0.02321996572846823
pool_alloc_leaf_sp1,23,-0.002878921692890962,0.11743517533955065,0.17852940781852933,0.038803240344745846
pool_alloc_stem_sp1,23,0.21044588248549792,0.6503840941626853,0.9281594688039985,0.20144446495247553
pool_turnover_branch_sp1,23,0.35303819560741395,0.3790843902900717,0.44680345705509344,0.10591622615227411
pool_turnover_croot_sp1,23,-0.06816654410138158,0.1015842919805495,0.1766726629589195,0.04961099791541048
pool_turnover_froot_sp1,23,-0.008040785873889062,0.027389005267557782,0.046082131612953235,0.010031525463626123
pool_turnover_leaf_sp1,23,-0.011739063926293865,0.036454608098827376,0.05941988568170881,0.01646478496649763
pool_turnover_stem_sp1,23,9.4555435892215,10.65354049558826,15.211454164916233,4.270310557288818
proj_cover,23,-0.2076704413994944,0.5826432008176239,1.4916811735299011,0.4768058821837121
proj_fire_off,23,0.03348483420034667,0.03348483420034667,0.08017837640439143,0.025256290799290624
proj_fire_on,23,0.32016503336655466,0.32016503336655466,0.22184987199042291,0.07143932635294316
proj_mortality,23,0.5402279717499868,0.5672841746941937,0.9938042874603608,0.3044846854810143
proj_thinning_delta,23,9.693638500514737,10.063282853551183,15.281578095133689,4.610816187337831
roth_c_cover_c,23,-0.0013667193464806716,0.007041237317314364,0.01280774343081824,0.0030446818712371953
roth_c_dpm_frac_crop,23,-0.02583226892907441,0.02583226892907441,0.012246961106067121,0.003905268066037655
roth_c_dpm_frac_tree,23,-0.007575403522912941,0.022819027294233876,0.02989248394265669,0.0066555532367745815
roth_c_moisture_b_slope,23,-0.04461073994472467,0.25525817445978805,0.48077506340010434,0.11762749117916202
roth_c_temp_a1,23,0.1487097981648413,0.2558641333577242,0.36613145135589337,0.08217795232901628
roth_c_temp_a2,23,-0.08236599165803918,0.46186508701896767,0.6983860527164036,0.16367063308812163
thinning_fraction_branch_delta,23,0.012806590674067104,0.012806590674067104,0.015779881678604245,0.005191928873664357
thinning_fraction_croot_delta,23,0.004343155961521505,0.004644744669707679,0.0051101014840245745,0.0014993602421732835
thinning_fraction_froot_delta,23,0.0023496169521691783,0.0023496169521691783,0.002369174318401189,0.0007026093587598331
thinning_fraction_leaf_delta,23,0.00404743946859992,0.00404743946859992,0.0045219601090625144,0.0013431535730106447
thinning_fraction_stem_delta,23,0.019692978748081107,0.02354685695781384,0.02592729541172134,0.00669903948580472
tree_carbon_sp1,23,-0.07591425513968679,0.919044991943269,1.595043980122845,0.38557984518685323
tree_nitrogen_branch_sp1,23,0.001291967345409556,0.001291967345409556,0.0007300895413589651,0.0001994165671940397
tree_nitrogen_croot_sp1,23,0.0009672850083469631,0.0009672850083469631,0.00157577979046369,0.00046688937092897
tree_nitrogen_froot_sp1,23,0.025452050029973805,0.025452050029973805,0.02454183385373912,0.007746070809478798
tree_nitrogen_leaf_sp1,23,0.04101901945000497,0.04101901945000497,0.04468997687523521,0.013307361349384336
tree_nitrogen_stem_sp1,23,0.002758268964163324,0.002758268964163324,0.0017063174224653294,0.0005636018743797459
tree_root_in_top_30,23,-0.027361477150897966,0.0888190950342316,0.15216192079199348,0.036911314094556016
tree_root_to_shoot_sp1,23,-0.016126338612975515,0.10744490137617728,0.1920585500278936,0.04516276625270699
cy0,24,-0.08548831079853743,0.24412998605714686,0.5428068731751691,0.1348408595725148
clay,24,-0.3665419670286195,0.5944021399910893,1.262635303088132,0.3258228089880531
temp_ci_delta,24,0.07798574332956483,0.1627581447482136,0.24996682168197124,0.06335250603368597
rain_ci_delta,24,0.24558966125675447,0.9094650577141362,2.0574403063756903,0.5921758744443886
evap_ci_delta,24,-0.05569498131326424,0.062549521316521,0.22314700710439425,0.06448524007420273
ef_burn_crop_N2O_scale,24,-0.003949973246800168,0.004030217422208318,0.0025009049912592526,0.0006045975340584995
ef_burn_crop_CH4_scale,24,-0.014834613573783222,0.014975786882222614,0.009501749994655655,0.0026422060556693873
ef_burn_tree_N2O_scale,24,0.005475841911184156,0.005475841911184156,0.006089384174230687,0.0018278962860527493
ef_burn_tree_CH4_scale,24,0.022798215533870392,0.022798215533870392,0.022796154917051885,0.006733351421202669
ef_N_inputs,24,-0.06761876774445735,0.09288147158930898,0.0784227265622129,0.015755546066196186
combustion_factor_crop,24,-0.017322292429776433,0.017762096117359193,0.012706216121058884,0.0034883349075350493
combustion_factor_tree,24,0.030849402168244344,0.030849402168244344,0.033675192068971904,0.009726983929463416
volatile_frac_organic_fertiliser,24,-0.0028754256509737506,0.0028754256509737506,0.00030556244209775305,8.220332913374424e-05
volatile_frac_synthetic_fertiliser,24,0.016297396888963027,0.016297396888963027,0.0016405654386363656,0.000505482820522541
base_sf_qty_scale,24,-0.12981374696526463,0.12981374696526463,0.011684697112334436,0.0038287183019437387
proj_lit_qty_scale,24,0.007822208419637166,0.010818253556817304,0.010083686909026035,0.00206267567068191
base_stand_density_scale,24,0.0,0.0,0.0,0.0
proj_stand_density_scale,24,0.006570145056619814,0.7493228216961348,1.1635902290313218,0.2944071425122638
tree_wood_dens_sp1,24,0.17103263085431714,0.7424861682301751,1.0009970980369869,0.21149512727702538
base_cover,24,0.16307433282259115,0.20694017044619478,0.3753499731517397,0.11533728498647626
base_fire_off,24,-0.024885313060658536,0.024885313060658536,0.08969221031413546,0.02347518591733373
base_fire_on,24,-0.034932859740002827,0.034932859740002827,0.005956144895642959,0.0018859905989436188
base_mortality,24,0.0,0.0,0.0,0.0
base_sf_n_delta,24,-0.1329016327182011,0.1329016327182011,0.01364616483361738,0.004551771405151791
base_thinning_delta,24,0.0,0.0,0.0,0.0
crop_base_left_delta,24,0.09377486467556131,0.09377486467556131,0.033103101300913734,0.010551590448568324
crop_base_yield_delta,24,0.0008518992532894787,0.030240089235702528,0.03908468699736173,0.006968725450059276
crop_carbon_above_sp3,24,0.008581879422701204,0.009022455072456753,0.005314258879593504,0.0014035394616832891
crop_carbon_below_sp3,24,0.028574232118736758,0.028574232118736758,0.011332124928836692,0.003750571981285155
crop_intercept_sp3,24,-0.0010382673862517288,0.002347061716165749,0.0033659517580396413,0.0008340083118732039
crop_nitrogen_above_sp3,24,-0.004192904129059196,0.00420215634579382,0.0020133722784274246,0.0006350256518790653
crop_nitrogen_below_sp3,24,-0.009395530786934003,0.009395530786934003,0.0013731474582257064,0.0004214654685625455
crop_carbon_above_sp10,24,0.029573782880635335,0.029573782880635335,0.01177661233746063,0.0036432229119344518
crop_carbon_below_sp10,24,0.012106278140298923,0.012106278140298923,0.006452414390521093,0.0018796032840024375
crop_intercept_sp10,24,0.0060285025172426565,0.007053809527799437,0.006492553329683631,0.0015964276782198825
crop_nitrogen_above_sp10,24,-0.007081677975078987,0.007081677975078987,0.0014323384656657928,0.000437411162465186
crop_nitrogen_below_sp10,24,-0.004457407240105618,0.004457407240105618,0.001450641525037211,0.0004333593057345037
crop_proj_left_delta,24,-0.004247956826106766,0.009981234723570862,0.014415246481303212,0.003152745266727449
crop_proj_yield_delta,24,0.13777327405572054,0.1387008802373636,0.054548982755616426,0.013818434500472288
crop_root_in_top_30,24,0.026194965260749204,0.026194965260749204,0.014505849457715174,0.005059445757815853
crop_root_to_shoot_sp3,24,0.01757695377634288,0.01757695377634288,0.009522140535160104,0.0029589218957628105
crop_slope_sp3,24,0.002317360466487217,0.003284772038861705,0.0036783623863495345,0.0008405560717569227
crop_root_to_shoot_sp10,24,0.008832112648814887,0.008900542010316252,0.0071855800981707576,0.002238838532211727
crop_slope_sp10,24,0.006155184948640533,0.009002917395637586,0.009750572562323132,0.002082250444981086
cy0_to_ceq_multiplier,24,-0.002669452354937965,0.0054251175683059346,0.022338452338713836,0.0068725774580727355
litter_carbon,24,-0.01770535985146208,0.01770535985146208,0.006706244356354667,0.0020298913905637595
litter_nitrogen,24,0.023840581492758285,0.023840581492758285,0.002622228051294162,0.0007248192172949505
mortality_fraction_branch_delta,24,-0.0014692624843716862,0.006615973740060338,0.009794462318596556,0.0021065041458259875
mortality_fraction_croot_delta,24,-0.000871470191109458,0.0027487212532476767,0.005448144261137433,0.0014107988237995702
mortality_fraction_froot_delta,24,-3.3956585899341804e-05,0.0015194281241270092,0.002583840196251377,0.0006951244937431084
mortality_fraction_leaf_delta,24,-0.0005599839431955523,0.002636399908727649,0.004200083783921898,0.0009988726068055627
mortality_fraction_stem_delta,24,-0.009824791359514974,0.021827182419689874,0.04065782132675151,0.010227499886592606
pool_alloc_froot_sp1,24,0.013978041408719333,0.05353192493676908,0.08810875907021275,0.023419154235698635
pool_alloc_leaf_sp1,24,-0.003121265211844465,0.11653798681214403,0.17914425723699146,0.039323391532062074
pool_alloc_stem_sp1,24,0.18695438146737936,0.6292443386608824,0.9181971746226767,0.202840141143086
pool_turnover_branch_sp1,24,0.34355275083530723,0.3720368649461169,0.4527361509414924,0.10664177038207308
pool_turnover_croot_sp1,24,-0.06368296577753368,0.09952826451011385,0.17712484544155205,0.049606552876608756
pool_turnover_froot_sp1,24,-0.006013804176439447,0.027116731466742212,0.0458533371709507,0.00983050649205379
pool_turnover_leaf_sp1,24,-0.010137793615820314,0.03641566049301329,0.05967655186829143,0.016596367533283602
pool_turnover_stem_sp1,24,9.339816371200142,10.593898280062998,15.399972170651985,4.319968216592719
proj_cover,24,-0.19067773578903346,0.5668755461207747,1.4198837867400795,0.45115746088641595
proj_fire_off,24,0.033484834200346834,0.033484834200346834,0.0801783764043919,0.025256290799290808
proj_fire_on,24,0.3173896670576017,0.3173896670576017,0.23050977049713806,0.0743150312089051
proj_mortality,24,0.546051274114109,0.5761017261101652,1.0457784147534714,0.32164957500327235
proj_thinning_delta,24,9.614753774531426,10.023548110744514,15.562632163133651,4.690979587502389
roth_c_cover_c,24,-0.00139799828302532,0.007165004247539447,0.012887517321913376,0.0029813155902316565
roth_c_dpm_frac_crop,24,-0.01650439056708628,0.01650439056708628,0.012043022143939933,0.0038594672767027246
roth_c_dpm_frac_tree,24,-0.006628056006173571,0.02194419871220345,0.029496692110835783,0.006723179408797344
roth_c_moisture_b_slope,24,-0.037975796089699816,0.2532730798448559,0.4789109164839438,0.11675536409731374
roth_c_temp_a1,24,0.15269082303048082,0.2563967892147113,0.3713290916583328,0.08440692831693698
roth_c_temp_a2,24,-0.10118642428718783,0.46146915430720303,0.7069052130159538,0.16905693031721244
thinning_fraction_branch_delta,24,0.01175042264978396,0.01175042264978396,0.014857057791714184,0.004855462949817677
thinning_fraction_croot_delta,24,0.0040073251696386035,0.00434716621408438,0.0049007437765257915,0.0014269657755908002
thinning_fraction_froot_delta,24,0.0021415398659036106,0.0021415398659036106,0.0022550800410137055,0.0006769524932959898
thinning_fraction_leaf_delta,24,0.0038170389031888545,0.0038170389031888545,0.004400030268449647,0.0013110276991211928
thinning_fraction_stem_delta,24,0.017909004950577602,0.023160727685646885,0.026960636498061363,0.006490345023059114
tree_carbon_sp1,24,-0.09718680952572731,0.9119237809633077,1.613124963339502,0.3947108233040876
tree_nitrogen_branch_sp1,24,0.0012664677177669837,0.0012664677177669837,0.000751057620243021,0.0002056227561467558
tree_nitrogen_croot_sp1,24,0.0009694556915220614,0.0009694556915220614,0.0016420492675096186,0.00048705850492598764
tree_nitrogen_froot_sp1,24,0.02539007649502305,0.02539007649502305,0.025344954836621005,0.00800268789718484
tree_nitrogen_leaf_sp1,24,0.04109040842462603,0.04109040842462603,0.04662078644212969,0.01386730497798853
tree_nitrogen_stem_sp1,24,0.0026957098804275105,0.0026957098804275105,0.0017347024730656776,0.0005715914694590606
tree_root_in_top_30,24,-0.027111000142445673,0.08884341154162555,0.1541470186955426,0.037583770609880315
tree_root_to_shoot_sp1,24,-0.018565802832901178,0.10634367652713128,0.19406171275155043,0.046154291977803005
cy0,25,-0.07692931562728825,0.2345170897709595,0.5003450749280779,0.12204448952961727
clay,25,-0.35656406643979843,0.5985700334769696,1.3003206093434798,0.33694111862046244
temp_ci_delta,25,0.08376202274521508,0.1629072487148699,0.25530571408486924,0.06625997866385425
rain_ci_delta,25,0.2691512251588665,0.8755335040454639,1.9901880079326166,0.5739241164508843
evap_ci_delta,25,-0.05745216049511176,0.06288583604921111,0.2250091916343531,0.06492915089747459
ef_burn_crop_N2O_scale,25,-0.0039499732468001505,0.004030217422208268,0.002500904991259278,0.0006045975340585947
ef_burn_crop_CH4_scale,25,-0.014834613573782907,0.014975786882222297,0.009501749994655683,0.0026422060556694675
ef_burn_tree_N2O_scale,25,0.005410686389199115,0.005410686389199115,0.0062068806310158695,0.0018643555636398868
ef_burn_tree_CH4_scale,25,0.022612440794013595,0.022612440794013595,0.023210019834920416,0.006858071050877801
ef_N_inputs,25,-0.06764009392633455,0.09471244125747005,0.08164556087953678,0.016283053398099788
combustion_factor_crop,25,-0.01732229242977703,0.017762096117359828,0.012706216121059212,0.0034883349075351035
combustion_factor_tree,25,0.030642894887939386,0.030642894887939386,0.03450147238966281,0.009986902171565509
volatile_frac_organic_fertiliser,25,-0.0028754256509737177,0.0028754256509737177,0.0003055624420978465,8.220332913378224e-05
volatile_frac_synthetic_fertiliser,25,0.016297396888962912,0.016297396888962912,0.0016405654386364287,0.0005054828205225495
base_sf_qty_scale,25,-0.1298137469652644,0.1298137469652644,0.011684697112334372,0.0038287183019437222
proj_lit_qty_scale,25,0.008492053416947342,0.011212579402762712,0.010029587014661397,0.0020637125980044737
base_stand_density_scale,25,0.0,0.0,0.0,0.0
proj_stand_density_scale,25,-0.0029176461328086654,0.7389899420864371,1.1649319378341614,0.2983405461517885
tree_wood_dens_sp1,25,0.1583130405807976,0.7291163597186566,0.9957462156348469,0.21275797096557267
base_cover,25,0.14187645740572297,0.20228295907254829,0.3647322689958084,0.11080481155365689
base_fire_off,25,-0.024885313060658536,0.024885313060658536,0.08969221031413546,0.02347518591733373
base_fire_on,25,-0.034932859740002424,0.034932859740002424,0.005956144895642686,0.0018859905989436056
base_mortality,25,0.0,0.0,0.0,0.0
base_sf_n_delta,25,-0.13290163271820088,0.13290163271820088,0.013646164833617278,0.00455177140515174
base_thinning_delta,25,0.0,0.0,0.0,0.0
crop_base_left_delta,25,0.0909546342787315,0.0909546342787315,0.032854428181415915,0.010485637565493092
crop_base_yield_delta,25,-0.0027681163064508852,0.030878624657202296,0.03891790583256787,0.006608430544609835
crop_carbon_above_sp3,25,0.007339164035688001,0.007913260586965103,0.005221858403657235,0.0013174534168670928
crop_carbon_below_sp3,25,0.024874059820648928,0.024874059820648928,0.01118017850626885,0.003685670836548249
crop_intercept_sp3,25,-0.001036754869505413,0.0023132973267699698,0.003330601470510725,0.00082934921524219
crop_nitrogen_above_sp3,25,-0.0041929041290592215,0.004202156345793945,0.0020133722784275742,0.0006350256518790874
crop_nitrogen_below_sp3,25,-0.009395530786934319,0.009395530786934319,0.0013731474582255384,0.0004214654685624947
crop_carbon_above_sp10,25,0.028454720091551262,0.028454720091551262,0.01162854906002161,0.0035863332382341556
crop_carbon_below_sp10,25,0.01163637842694273,0.01163637842694273,0.006357363136218939,0.0018584143691851827
crop_intercept_sp10,25,0.005664757112524751,0.006854537535744029,0.0065016065175605995,0.001564410660599843
crop_nitrogen_above_sp10,25,-0.00708167797507907,0.00708167797507907,0.001432338465665788,0.00043741116246520244
crop_nitrogen_below_sp10,25,-0.004457407240105593,0.004457407240105593,0.0014506415250371627,0.00043335930573446945
crop_proj_left_delta,25,-0.005935347191417803,0.01058478956376284,0.014595840840854779,0.0032513309781328583
crop_proj_yield_delta,25,0.13944982610805137,0.14027746484660755,0.054696275293107804,0.01389092245423931
crop_root_in_top_30,25,0.02213632763644414,0.02220159975324266,0.014221413498788709,0.004915528493588907
crop_root_to_shoot_sp3,25,0.013964833754978945,0.014079666776459188,0.00932924556938626,0.0028492795643982943
crop_slope_sp3,25,0.000766891954319518,0.002781216610895912,0.003635467902838574,0.0007685476548790661
crop_root_to_shoot_sp10,25,0.008364954399991683,0.008449944598815836,0.007055742255778012,0.002191108731760169
crop_slope_sp10,25,0.0051475235629927975,0.00850021396843952,0.009615330885930503,0.0019450910387083403
cy0_to_ceq_multiplier,25,-0.00218251490032898,0.005152499565650709,0.01999441463967509,0.0061016130142939615
litter_carbon,25,-0.017045481712783243,0.017045481712783243,0.006635159597945254,0.002013781654614098
litter_nitrogen,25,0.023840581492757883,0.023840581492757883,0.002622228051294185,0.0007248192172948988
mortality_fraction_branch_delta,25,-0.0011298116345095032,0.006490833554779885,0.00960668839340861,0.002074952733071789
mortality_fraction_croot_delta,25,-0.0008512594178999078,0.0027354175282204795,0.005542912432549459,0.0014459093660276953
mortality_fraction_froot_delta,25,-2.25201245410811e-05,0.0015129179217367671,0.002599398629387281,0.0007055730442152139
mortality_fraction_leaf_delta,25,-0.0005323774026767397,0.002632680218820102,0.004225872996201622,0.0010084801934107412
mortality_fraction_stem_delta,25,-0.009946979395431557,0.02174380815343572,0.041097901180523415,0.010359094310490547
pool_alloc_froot_sp1,25,0.014216211167997195,0.053254593726118904,0.08838320344172956,0.023602468762450854
pool_alloc_leaf_sp1,25,-0.00329254215384715,0.11566802173031174,0.1797063699700842,0.03979670873331965
pool_alloc_stem_sp1,25,0.16529471831646889,0.6105851769007449,0.9070683637082824,0.20271588821612824
pool_turnover_branch_sp1,25,0.3335927217122272,0.36416201661894176,0.45697258240875793,0.10708512720776402
pool_turnover_croot_sp1,25,-0.0595510388489095,0.09798099053208885,0.17774155690039892,0.04966572147176363
pool_turnover_froot_sp1,25,-0.0041582385998046425,0.026895173471914204,0.04566061410757356,0.009678636783508004
pool_turnover_leaf_sp1,25,-0.008620851644924283,0.03632582795417567,0.05989723031475012,0.016730054958205485
pool_turnover_stem_sp1,25,9.21818806895107,10.517303186282035,15.550800556611204,4.359266110053787
proj_cover,25,-0.17795640604243249,0.5498014078748945,1.3513770595867172,0.4266745866155934
proj_fire_off,25,0.033484834200346536,0.033484834200346536,0.08017837640439107,0.025256290799290454
proj_fire_on,25,0.31488490242441636,0.31488490242441636,0.23923326679610926,0.0772077416269006
proj_mortality,25,0.5518987671465747,0.5846176931908177,1.0978592158669174,0.3389153254840972
proj_thinning_delta,25,9.538997082240646,9.988352759858566,15.814040025529927,4.760261488459211
roth_c_cover_c,25,-0.0013869010874465793,0.0072516668377391345,0.013051464713320127,0.0029695361505159006
roth_c_dpm_frac_crop,25,-0.011277854983983348,0.011277854983983348,0.010920066021925396,0.0035009623389783144
roth_c_dpm_frac_tree,25,-0.005830291829170382,0.02118956225516528,0.02915046615489943,0.006780118461041984
roth_c_moisture_b_slope,25,-0.03397051009807221,0.25129284576771693,0.47800766206415934,0.11610050928494574
roth_c_temp_a1,25,0.15626172395233526,0.2571799582249984,0.3779177868736195,0.08676760688754359
roth_c_temp_a2,25,-0.11853406949172567,0.4610285629115432,0.7132197920252202,0.17358236671452526
thinning_fraction_branch_delta,25,0.010986836395408029,0.010986836395408029,0.014023088396036944,0.004539112017963117
thinning_fraction_croot_delta,25,0.0037800220623605886,0.0041433894390407126,0.004723447252890261,0.0013635834106945053
thinning_fraction_froot_delta,25,0.0019989092477392667,0.0019989092477392667,0.0021742639745179087,0.0006600989724681801
thinning_fraction_leaf_delta,25,0.0036675076823235895,0.0036675076823235895,0.0042956716931269335,0.0012856204554362156
thinning_fraction_stem_delta,25,0.016731548970574377,0.02286855473147264,0.02776801687754095,0.006453730353382072
tree_carbon_sp1,25,-0.11595259317774424,0.9052664244093312,1.6288682861117487,0.4027400989273387
tree_nitrogen_branch_sp1,25,0.0012422808591328772,0.0012422808591328772,0.0007712180922017615,0.0002116200259821683
tree_nitrogen_croot_sp1,25,0.0009725946109795436,0.0009725946109795436,0.001709629687549289,0.0005076134064011965
tree_nitrogen_froot_sp1,25,0.02534616821692755,0.02534616821692755,0.026146611348552586,0.008258659378749466
tree_nitrogen_leaf_sp1,25,0.04119609615199432,0.04119609615199432,0.048568111327129224,0.014431100742942096
tree_nitrogen_stem_sp1,25,0.002638641310194245,0.002638641310194245,0.0017641016284249275,0.0005798319429152773
tree_root_in_top_30,25,-0.02676575320279777,0.0889454433299997,0.15608756014341324,0.03822352297669068
tree_root_to_shoot_sp1,25,-0.020699654465527066,0.10528445884179441,0.19576470356454354,0.04701630385396248
cy0,26,-0.06887791198642845,0.22481711765597204,0.4627997461452449,0.11098139176462153
clay,26,-0.34832019945636683,0.6035916221421513,1.3385751925076401,0.3478935535281433
temp_ci_delta,26,0.0887099514659156,0.1629675477988131,0.26029685561295446,0.06908918287838096
rain_ci_delta,26,0.2902806309293976,0.843680624058355,1.932174371044146,0.5590048714901322
evap_ci_delta,26,-0.05884758236741265,0.063230136647674,0.2267223893426896,0.06533801136733035
ef_burn_crop_N2O_scale,26,-0.003949973246800009,0.0040302174222081434,0.0025009049912591832,0.0006045975340585179
ef_burn_crop_CH4_scale,26,-0.01483461357378284,0.014975786882222165,0.00950174999465541,0.0026422060556692928
ef_burn_tree_N2O_scale,26,0.0053520963229526045,0.0053520963229526045,0.006331068955866438,0.0019025314610383473
ef_burn_tree_CH4_scale,26,0.022451337985293418,0.022451337985293418,0.023659125635972666,0.006995934478696335
ef_N_inputs,26,-0.06760376160823467,0.0964986553466374,0.08489884164389261,0.01684332148334231
combustion_factor_crop,26,-0.017322292429776624,0.01776209611735942,0.012706216121058817,0.0034883349075349912
combustion_factor_tree,26,0.030467882472153214,0.030467882472153214,0.035346797630599745,0.010253818878901231
volatile_frac_organic_fertiliser,26,-0.0028754256509740173,0.0028754256509740173,0.0003055624420978322,8.220332913380707e-05
volatile_frac_synthetic_fertiliser,26,0.016297396888962902,0.016297396888962902,0.0016405654386363552,0.0005054828205225543
base_sf_qty_scale,26,-0.1298137469652644,0.1298137469652644,0.011684697112334311,0.003828718301943708
proj_lit_qty_scale,26,0.009131131429854658,0.01161647818677646,0.009980666060525273,0.002064797155444234
base_stand_density_scale,26,0.0,0.0,0.0,0.0
proj_stand_density_scale,26,-0.0107667774476557,0.7288660362310482,1.1646020886054442,0.3013612349991546
tree_wood_dens_sp1,26,0.14742231560629201,0.716486045909796,0.9896666134589547,0.2135122443713016
base_cover,26,0.1224553243163677,0.19905435136048105,0.35602565970506056,0.10670416346225622
base_fire_off,26,-0.024885313060658505,0.024885313060658505,0.08969221031413536,0.023475185917333705
base_fire_on,26,-0.034932859740002715,0.034932859740002715,0.005956144895642768,0.0018859905989435616
base_mortality,26,0.0,0.0,0.0,0.0
base_sf_n_delta,26,-0.1329016327182007,0.1329016327182007,0.01364616483361732,0.00455177140515174
base_thinning_delta,26,0.0,0.0,0.0,0.0
crop_base_left_delta,26,0.08826047893290104,0.08826047893290104,0.03263011936440098,0.010423982157867237
crop_base_yield_delta,26,-0.006242013431554302,0.03165316096692408,0.03874190760680055,0.006387668084528914
crop_carbon_above_sp3,26,0.0065386692591253934,0.007223120615428411,0.005155848839724409,0.0012538505569787712
crop_carbon_below_sp3,26,0.0224924595046449,0.0224924595046449,0.011032808899238895,0.0036165884689360835
crop_intercept_sp3,26,-0.0010353344886169526,0.002279419215660157,0.003295812511032886,0.000824943281468315
crop_nitrogen_above_sp3,26,-0.00419290412905943,0.004202156345794119,0.0020133722784272954,0.0006350256518789666
crop_nitrogen_below_sp3,26,-0.009395530786934036,0.009395530786934036,0.0013731474582259651,0.0004214654685626579
crop_carbon_above_sp10,26,0.02739452849273679,0.02739452849273679,0.011494427958330474,0.0035358462098271284
crop_carbon_below_sp10,26,0.011192468530183223,0.011192468530183223,0.006272246709709924,0.0018395873826171436
crop_intercept_sp10,26,0.005318308543649913,0.006733177233037041,0.006515481598061033,0.001511438455253811
crop_nitrogen_above_sp10,26,-0.007081677975079087,0.007081677975079087,0.001432338465665733,0.00043741116246519024
crop_nitrogen_below_sp10,26,-0.00445740724010586,0.00445740724010586,0.0014506415250371725,0.00043335930573446565
crop_proj_left_delta,26,-0.006778666423051832,0.010986165962063438,0.014783958020593185,0.003321383433767527
crop_proj_yield_delta,26,0.14106924489795625,0.14180099137831603,0.05482713686429744,0.013958859222188206
crop_root_in_top_30,26,0.01937990133386303,0.01953810126442865,0.013954837397951439,0.00476384754003532
crop_root_to_shoot_sp3,26,0.011720758626670057,0.01193321038604812,0.009156599174324506,0.0027524020489394364
crop_slope_sp3,26,-0.00019314949552149408,0.0027338369075470157,0.003601983396976289,0.0007564641461591589
crop_root_to_shoot_sp10,26,0.007920044484516806,0.008020566145317851,0.006934601082470269,0.002147228000177036
crop_slope_sp10,26,0.004192296961206118,0.008142950449060679,0.009498674568028416,0.0018175727477364257
cy0_to_ceq_multiplier,26,-0.0017436103616461196,0.004905098550928344,0.017947415825422485,0.005424628454229953
litter_carbon,26,-0.016414920900516643,0.016414920900516643,0.006571341754078506,0.0019996469486497433
litter_nitrogen,26,0.023840581492758035,0.023840581492758035,0.0026222280512939616,0.000724819217294928
mortality_fraction_branch_delta,26,-0.0008138208304023619,0.006428448254326619,0.009427320598581779,0.0020382518793948673
mortality_fraction_croot_delta,26,-0.0008314753394603497,0.0027242548348743708,0.005634186252576906,0.0014789405486123435
mortality_fraction_froot_delta,26,-1.2274589830144067e-05,0.0015067494915195461,0.002613750665524201,0.0007149732156711119
mortality_fraction_leaf_delta,26,-0.000505939914818021,0.002633743702592406,0.004249681555673577,0.001015937447489405
mortality_fraction_stem_delta,26,-0.010047186640604352,0.021681162836296737,0.04148643683518375,0.010463329001136378
pool_alloc_froot_sp1,26,0.014472527595544096,0.052981108196858986,0.08863428976891063,0.023767041465127044
pool_alloc_leaf_sp1,26,-0.0034163036576893404,0.11502510766419546,0.1801586384206592,0.04014501609917097
pool_alloc_stem_sp1,26,0.1454569716068986,0.5940094695823288,0.8944967285655158,0.20222773784903728
pool_turnover_branch_sp1,26,0.3231826830777492,0.35545485083492856,0.45937265557125806,0.10719788882643562
pool_turnover_croot_sp1,26,-0.05575849761019821,0.09643744976979943,0.17849592327912808,0.04982921172804518
pool_turnover_froot_sp1,26,-0.0024687514020610033,0.02677227795271639,0.045503303286359584,0.009603521877800846
pool_turnover_leaf_sp1,26,-0.00719184270628376,0.036333092666313765,0.060083544131238925,0.016816681412010252
pool_turnover_stem_sp1,26,9.08935107643785,10.423132051587494,15.661836312798293,4.387363361829187
proj_cover,26,-0.1653446456478025,0.5306162538656084,1.2850229320827187,0.40301473851397873
proj_fire_off,26,0.033484834200346536,0.033484834200346536,0.08017837640439102,0.025256290799290426
proj_fire_on,26,0.3126165147964307,0.3126165147964307,0.24800463087052807,0.08011233117280564
proj_mortality,26,0.5577319319755858,0.5927970359084139,1.149694157515393,0.3561540395909662
proj_thinning_delta,26,9.461974759305853,9.958549588457984,16.032920081686214,4.813416353490637
roth_c_cover_c,26,-0.0013679200474374736,0.007306752637801309,0.013275591984157885,0.003003985295553629
roth_c_dpm_frac_crop,26,-0.008243718595200839,0.008243718595200839,0.009562612355110743,0.0030611023715509614
roth_c_dpm_frac_tree,26,-0.005138089069909127,0.02051717878357539,0.028832642906093536,0.0068273159765158105
roth_c_moisture_b_slope,26,-0.031588905779702386,0.24871207391835287,0.47648752975974806,0.11547777063436115
roth_c_temp_a1,26,0.1584307964904876,0.25800310798309967,0.38509106964851086,0.0890982969840982
roth_c_temp_a2,26,-0.13173699158444255,0.45851407081396056,0.7174085378463303,0.1774581159823585
thinning_fraction_branch_delta,26,0.010394936896042494,0.010394936896042494,0.013262950721815743,0.00424514568385639
thinning_fraction_croot_delta,26,0.003613740618032857,0.003993303513198221,0.004572053708151294,0.0013093106279561345
thinning_fraction_froot_delta,26,0.0018948823846937635,0.0018948823846937635,0.00211373091812221,0.0006480581628668666
thinning_fraction_leaf_delta,26,0.003560761508685667,0.003560761508685667,0.004200454700254385,0.0012628962702816203
thinning_fraction_stem_delta,26,0.015899190029700166,0.02260663781714633,0.028342259802141462,0.006468592992503918
tree_carbon_sp1,26,-0.1324972139680805,0.8986479480024074,1.6417891776969928,0.40960572940366324
tree_nitrogen_branch_sp1,26,0.0012193143899459692,0.0012193143899459692,0.000790628379193048,0.00021741504050964156
tree_nitrogen_croot_sp1,26,0.0009765990261863284,0.0009765990261863284,0.0017783110248800363,0.0005284916690521364
tree_nitrogen_froot_sp1,26,0.0253181001849039,0.0253181001849039,0.02694567101683996,0.008513621971362824
tree_nitrogen_leaf_sp1,26,0.04133194339423974,0.04133194339423974,0.050527789615761425,0.014997640821192862
tree_nitrogen_stem_sp1,26,0.002586425364297948,0.002586425364297948,0.0017944769112997372,0.0005883199946075193
tree_root_in_top_30,26,-0.026374213337689308,0.08920594551313578,0.15792201031342076,0.038814532175219456
tree_root_to_shoot_sp1,26,-0.022561856941599345,0.10422961524884393,0.19711168605057022,0.04774188543707666
cy0,27,-0.06130655083353422,0.21508387372968807,0.4300537656866734,0.10165496628090197
clay,27,-0.3415345415975081,0.6081719608797389,1.3771704556764472,0.35915852690096645
temp_ci_delta,27,0.09278588380349215,0.16294201257874502,0.26490196914106195,0.07171575025334512
rain_ci_delta,27,0.30796477046752396,0.813803819639331,1.8816519710970476,0.5466276380072035
evap_ci_delta,27,-0.0597981658630079,0.0634867386217719,0.22782691957367496,0.06557451652635761
ef_burn_crop_N2O_scale,27,-0.003949973246799984,0.004030217422208118,0.002500904991259282,0.0006045975340585672
ef_burn_crop_CH4_scale,27,-0.014834613573783106,0.014975786882222498,0.00950174999465546,0.002642206055669349
ef_burn_tree_N2O_scale,27,0.005299376062089037,0.005299376062089037,0.006461084794058164,0.0019422076172226463
ef_burn_tree_CH4_scale,27,0.022312347661146793,0.022312347661146793,0.024139732830044863,0.007145514948369023
ef_N_inputs,27,-0.06751778254158387,0.09824173218993207,0.08817335388081556,0.017433754348495423
combustion_factor_crop,27,-0.01732229242977698,0.017762096117359745,0.012706216121058735,0.003488334907535005
combustion_factor_tree,27,0.030320796731913385,0.030320796731913385,0.0362083880926748,0.010526679784164284
volatile_frac_organic_fertiliser,27,-0.0028754256509737506,0.0028754256509737506,0.000305562442097817,8.220332913377778e-05
volatile_frac_synthetic_fertiliser,27,0.01629739688896297,0.01629739688896297,0.0016405654386364935,0.0005054828205226084
base_sf_qty_scale,27,-0.12981374696526476,0.12981374696526476,0.01168469711233416,0.0038287183019436273
proj_lit_qty_scale,27,0.009741729236511417,0.012014152884456938,0.009935040146090481,0.002071152889043113
base_stand_density_scale,27,0.0,0.0,0.0,0.0
proj_stand_density_scale,27,-0.017158791940943635,0.7187188140606471,1.1623609710178844,0.3034538219379421
tree_wood_dens_sp1,27,0.13811519233487163,0.7042973762615583,0.9825418377524295,0.21374698537110978
base_cover,27,0.1046798193771844,0.19580637816654284,0.3489306451523645,0.10322132119355334
base_fire_off,27,-0.02488531306065847,0.02488531306065847,0.08969221031413528,0.02347518591733368
base_fire_on,27,-0.03493285974000284,0.03493285974000284,0.0059561448956430545,0.0018859905989437032
base_mortality,27,0.0,0.0,0.0,0.0
base_sf_n_delta,27,-0.13290163271820074,0.13290163271820074,0.013646164833617419,0.004551771405151943
base_thinning_delta,27,0.0,0.0,0.0,0.0
crop_base_left_delta,27,0.08568535450480633,0.08568535450480633,0.03242562864394084,0.010365553468152272
crop_base_yield_delta,27,-0.009576318545932183,0.032614534227059386,0.03855574458314569,0.006278077119007707
crop_carbon_above_sp3,27,0.005972026602808611,0.006748509252373613,0.005112130292064279,0.0012073869885120697
crop_carbon_below_sp3,27,0.02080096790075371,0.02080096790075371,0.010923311611099605,0.0035590199288024955
crop_intercept_sp3,27,-0.001033828791267992,0.002246672291463396,0.0032611689759093534,0.0008203941877286149
crop_nitrogen_above_sp3,27,-0.004192904129059272,0.004202156345793994,0.0020133722784275113,0.0006350256518790537
crop_nitrogen_below_sp3,27,-0.009395530786934161,0.009395530786934161,0.0013731474582259374,0.0004214654685626256
crop_carbon_above_sp10,27,0.02638792462566595,0.02638792462566595,0.011371319088981178,0.0034904864076433883
crop_carbon_below_sp10,27,0.010772955167500129,0.010772955167500129,0.006195110758446906,0.0018224184004855654
crop_intercept_sp10,27,0.00498797465973908,0.006621704925831984,0.006532774526752772,0.0014651186046789777
crop_nitrogen_above_sp10,27,-0.007081677975079237,0.007081677975079237,0.001432338465665463,0.0004374111624650716
crop_nitrogen_below_sp10,27,-0.004457407240105552,0.004457407240105552,0.0014506415250372057,0.0004333593057344817
crop_proj_left_delta,27,-0.007181468930740437,0.011209332162306036,0.014918573027302895,0.0033593388189518086
crop_proj_yield_delta,27,0.14263254635223363,0.14327231439327606,0.05494322728374284,0.014022454428085267
crop_root_in_top_30,27,0.01731858272464635,0.017535449603361924,0.013741627642068687,0.004648039898744643
crop_root_to_shoot_sp3,27,0.010175329054893744,0.010583636200317947,0.009020041941417029,0.002654666503116619
crop_slope_sp3,27,-0.0008460828629429373,0.002847998256450135,0.003575992748378871,0.000743478274726239
crop_root_to_shoot_sp10,27,0.007495219981476642,0.007610277285963219,0.006820744377513595,0.0021067961880446152
crop_slope_sp10,27,0.0032843442559238405,0.00785142563031221,0.009396728060834917,0.0017160487010632111
cy0_to_ceq_multiplier,27,-0.0013478764763465822,0.004678914257878359,0.016170226942744455,0.004833246519879762
litter_carbon,27,-0.01581192485518191,0.01581192485518191,0.0065131138836985875,0.0019869990046073966
litter_nitrogen,27,0.023840581492757817,0.023840581492757817,0.002622228051293979,0.0007248192172948011
mortality_fraction_branch_delta,27,-0.0005193607639268849,0.006368640219577154,0.009251782803730855,0.002000358036609715
mortality_fraction_croot_delta,27,-0.0008121213726116183,0.0027108270739639507,0.005720747762797234,0.0015106275033628985
mortality_fraction_froot_delta,27,-3.0524024425382377e-06,0.0015029021826626244,0.0026262294560476704,0.0007223179414563857
mortality_fraction_leaf_delta,27,-0.0004805423304030332,0.002633821595761221,0.0042701805413125965,0.0010223828257435983
mortality_fraction_stem_delta,27,-0.010126236758548153,0.021646408511028985,0.04182000370060704,0.010557075478162144
pool_alloc_froot_sp1,27,0.014735724817270437,0.052813815624025415,0.08883731878581812,0.023860348551147444
pool_alloc_leaf_sp1,27,-0.0034976357987797856,0.11440105940257081,0.18044811946955425,0.04043107180400486
pool_alloc_stem_sp1,27,0.1274112733237957,0.5770793542330086,0.8802282858553107,0.2011643015933088
pool_turnover_branch_sp1,27,0.3123145560102619,0.34594181777036254,0.45981137254213317,0.10692842181924031
pool_turnover_croot_sp1,27,-0.052281817064681525,0.09493905158354773,0.17935755633081737,0.05006432322397694
pool_turnover_froot_sp1,27,-0.0009351705755437367,0.026709613901001832,0.04538084359800393,0.009577029425078066
pool_turnover_leaf_sp1,27,-0.005847599505132306,0.03639941500790379,0.06023185058068376,0.01686349375186511
pool_turnover_stem_sp1,27,8.951378673494087,10.31419648589376,15.7307226096055,4.4035925734782255
proj_cover,27,-0.15202324760928,0.5113437412202322,1.2208101959496163,0.3797641049861908
proj_fire_off,27,0.03348483420034647,0.03348483420034647,0.08017837640439099,0.025256290799290426
proj_fire_on,27,0.31055307304308694,0.31055307304308694,0.2568029321634313,0.08302204654771912
proj_mortality,27,0.563481310221942,0.6005843697248414,1.2008957583904933,0.37322766115528067
proj_thinning_delta,27,9.380119927195484,9.930597759381348,16.215810402836247,4.849209395479996
roth_c_cover_c,27,-0.0013519371029092953,0.007365275809946536,0.013540708997573788,0.0030773211131690376
roth_c_dpm_frac_crop,27,-0.006384043019708444,0.006384043019708444,0.008245209319962532,0.0026342010196591333
roth_c_dpm_frac_tree,27,-0.004525889897892876,0.019903390914432682,0.02852651672011867,0.006863875643521183
roth_c_moisture_b_slope,27,-0.030349009547720206,0.24589478240070547,0.4737086610800841,0.1145398662961057
roth_c_temp_a1,27,0.1593170674103202,0.2579934139323522,0.3922808737322564,0.09143707247626223
roth_c_temp_a2,27,-0.14104000309571724,0.45411675103829446,0.7200052877641689,0.18078614129634693
thinning_fraction_branch_delta,27,0.009909710802839871,0.009909710802839871,0.012567378229102085,0.00397409899929249
thinning_fraction_croot_delta,27,0.0034834100496309362,0.0038750094078918553,0.004441600987875987,0.001263454394471469
thinning_fraction_froot_delta,27,0.0018145439139813312,0.0018145439139813312,0.0020657654123631816,0.0006384411413721396
thinning_fraction_leaf_delta,27,0.0034770426665462926,0.0034770426665462926,0.00411125784715389,0.0012413949705785197
thinning_fraction_stem_delta,27,0.015270586484713761,0.02235004096781253,0.02872797195651365,0.00649138504693998
tree_carbon_sp1,27,-0.14696044216262266,0.8917520594411646,1.6514226598767818,0.41522537406191906
tree_nitrogen_branch_sp1,27,0.001197479426147463,0.001197479426147463,0.0008093352321181404,0.0002230131047574914
tree_nitrogen_croot_sp1,27,0.000981369275986188,0.000981369275986188,0.0018478633694884294,0.000549624609318692
tree_nitrogen_froot_sp1,27,0.025303806266023326,0.025303806266023326,0.027740770255024114,0.008767137900139525
tree_nitrogen_leaf_sp1,27,0.041493913418222166,0.041493913418222166,0.05249498235348256,0.015565620178480694
tree_nitrogen_stem_sp1,27,0.0025385093156607696,0.0025385093156607696,0.0018257738535436198,0.0005970459943487253
tree_root_in_top_30,27,-0.025957020433952305,0.0895141928577247,0.15959557012093567,0.039323037740241346
tree_root_to_shoot_sp1,27,-0.024170965993607213,0.10314877995283775,0.19804799239089124,0.048322251871890404
cy0,28,-0.05418989889023795,0.20537032354526233,0.40196935660152155,0.09405708083532013
clay,28,-0.3359919679915413,0.6122542822277782,1.4158451155532563,0.3706430691236347
temp_ci_delta,28,0.09611142574990302,0.16304330071732265,0.2691298312950297,0.07407663897576135
rain_ci_delta,28,0.32220326514393743,0.7858792734927158,1.8372992856272488,0.5361917834104175
evap_ci_delta,28,-0.0603245454019193,0.06369672817067792,0.2281874680756764,0.0655986450756613
ef_burn_crop_N2O_scale,28,-0.003949973246799942,0.00403021742220806,0.0025009049912592613,0.0006045975340585173
ef_burn_crop_CH4_scale,28,-0.014834613573782815,0.014975786882222206,0.00950174999465566,0.002642206055669467
ef_burn_tree_N2O_scale,28,0.005251892208382019,0.005251892208382019,0.006596050966116456,0.001983158370765004
ef_burn_tree_CH4_scale,28,0.022193081784246182,0.022193081784246182,0.02464798527397381,0.007305370606064093
ef_N_inputs,28,-0.06738985591582128,0.0999424715996385,0.09145853581882539,0.018051004553297112
combustion_factor_crop,28,-0.017322292429776315,0.01776209611735908,0.01270621612105929,0.0034883349075350715
combustion_factor_tree,28,0.030198360573847022,0.030198360573847022,0.03708333140754067,0.010804414656865935
volatile_frac_organic_fertiliser,28,-0.0028754256509738426,0.0028754256509738426,0.0003055624420978374,8.220332913379473e-05
volatile_frac_synthetic_fertiliser,28,0.016297396888963103,0.016297396888963103,0.0016405654386364725,0.0005054828205225859
base_sf_qty_scale,28,-0.1298137469652642,0.1298137469652642,0.011684697112334538,0.0038287183019438185
proj_lit_qty_scale,28,0.010325845019004489,0.012418197009114298,0.009891322244275655,0.0020785207610793375
base_stand_density_scale,28,0.0,0.0,0.0,0.0
proj_stand_density_scale,28,-0.022188769292098197,0.7083647220036854,1.1579638512843533,0.30458485513487515
tree_wood_dens_sp1,28,0.13022696428320563,0.6923283305199204,0.9741908890264573,0.2134464843108368
base_cover,28,0.08842800178787151,0.19441967852055766,0.3431730670279071,0.09989977230068207
base_fire_off,28,-0.024885313060658536,0.024885313060658536,0.08969221031413546,0.02347518591733373
base_fire_on,28,-0.03493285974000242,0.03493285974000242,0.00595614489564266,0.0018859905989436075
base_mortality,28,0.0,0.0,0.0,0.0
base_sf_n_delta,28,-0.13290163271820082,0.13290163271820082,0.013646164833617153,0.004551771405151691
base_thinning_delta,28,0.0,0.0,0.0,0.0
crop_base_left_delta,28,0.0832224811903149,0.0832224811903149,0.03223647520588861,0.010309442765591254
crop_base_yield_delta,28,-0.012777245003236367,0.03402578707159048,0.03835930712683278,0.0060332950670056356
crop_carbon_above_sp3,28,0.005537748343708246,0.006391507246431835,0.0050832907322231865,0.0011733979469408847
crop_carbon_below_sp3,28,0.019496360589383012,0.019496360589383012,0.010854648289668662,0.003515979256013076
crop_intercept_sp3,28,-0.001031666276539034,0.002215808961211041,0.003227317898728592,0.0008157215802360322
crop_nitrogen_above_sp3,28,-0.004192904129059355,0.004202156345794045,0.002013372278427386,0.0006350256518790446
crop_nitrogen_below_sp3,28,-0.009395530786934182,0.009395530786934182,0.0013731474582258133,0.00042146546856264213
crop_carbon_above_sp10,28,0.025430007576456925,0.025430007576456925,0.011256339154118035,0.003449215573366894
crop_carbon_below_sp10,28,0.010374920258066574,0.010374920258066574,0.006124564409379176,0.00180668327490965
crop_intercept_sp10,28,0.004672848403678593,0.0065281130570082726,0.006551843325551838,0.0014192511447003178
crop_nitrogen_above_sp10,28,-0.00708167797507917,0.00708167797507917,0.0014323384656654784,0.00043741116246508594
crop_nitrogen_below_sp10,28,-0.004457407240105802,0.004457407240105802,0.0014506415250372493,0.0004333593057344645
crop_proj_left_delta,28,-0.007344203752889178,0.011277959245372171,0.014992218315850922,0.0033805152559999675
crop_proj_yield_delta,28,0.144140897201852,0.14469244079797838,0.055045651331363216,0.01408184355376534
crop_root_in_top_30,28,0.015658099229371465,0.016060505661738594,0.013581276325846464,0.004553869426794361
crop_root_to_shoot_sp3,28,0.009008030278220159,0.009571250445440304,0.008914862307280069,0.002587767297543977
crop_slope_sp3,28,-0.0013314050412942396,0.002944698746288124,0.0035542663027164625,0.0007546631922270103
crop_root_to_shoot_sp10,28,0.007089307224432756,0.007218011228791271,0.006713684990817331,0.0020694253770846007
crop_slope_sp10,28,0.002421221953493799,0.007632377247858016,0.009306489183991896,0.0016408659658481684
cy0_to_ceq_multiplier,28,-0.0009916054398116576,0.0044690123003243015,0.014637165406748495,0.0043193761824707
litter_carbon,28,-0.015234904931662036,0.015234904931662036,0.006459130942473873,0.0019754321745174817
litter_nitrogen,28,0.023840581492758202,0.023840581492758202,0.002622228051294089,0.0007248192172949622
mortality_fraction_branch_delta,28,-0.0002443896449333516,0.006347501981548575,0.009076411059209092,0.001957246337632026
mortality_fraction_croot_delta,28,-0.0007929686442613104,0.0027025136103104143,0.005801258806829099,0.001538718739253404
mortality_fraction_froot_delta,28,5.363528469010115e-06,0.0015039293515810791,0.002636179783367501,0.0007265152590493378
mortality_fraction_leaf_delta,28,-0.0004559994614517088,0.0026313002540007705,0.004286148972232867,0.0010277929296739546
mortality_fraction_stem_delta,28,-0.010183584005690046,0.02160725945255901,0.04209370461128805,0.010639473743070029
pool_alloc_froot_sp1,28,0.015001069067946824,0.052625025195693585,0.08896855340295812,0.023925286963915146
pool_alloc_leaf_sp1,28,-0.003532274029018301,0.11393986386351425,0.18052517658538164,0.04064710607920247
pool_alloc_stem_sp1,28,0.11111790698741464,0.5594581727397414,0.8640600352494472,0.19950609222132523
pool_turnover_branch_sp1,28,0.3009670429734971,0.33598059311529405,0.45818979453263886,0.10616233859224551
pool_turnover_croot_sp1,28,-0.04909330434739271,0.09365670199761014,0.18029383232230317,0.050303078054387544
pool_turnover_froot_sp1,28,0.0004538999307901581,0.026718922614396658,0.04529258669231827,0.009559369244675013
pool_turnover_leaf_sp1,28,-0.004581765450402173,0.03639658176955217,0.0603352901283752,0.01690908562535823
pool_turnover_stem_sp1,28,8.802154785728884,10.207417570542342,15.755065720447902,4.401762949521827
proj_cover,28,-0.13810150906849272,0.4919101891098818,1.1590056583746113,0.35745135465264205
proj_fire_off,28,0.03348483420034655,0.03348483420034655,0.08017837640439109,0.02525629079929045
proj_fire_on,28,0.30866549548129785,0.30866549548129785,0.2656025792405177,0.08592866771819307
proj_mortality,28,0.5690599835116651,0.6084963153250775,1.2510462683033772,0.3898313764147334
proj_thinning_delta,28,9.290392500289272,9.900469021291173,16.359020341196025,4.871346225950657
roth_c_cover_c,28,-0.0013412658494911134,0.007409054631969808,0.01382885703525288,0.0031752059332574483
roth_c_dpm_frac_crop,28,-0.005172754595831014,0.005172754595831014,0.007061380651514833,0.0022522313437525815
roth_c_dpm_frac_tree,28,-0.003979820929997602,0.01933328619623993,0.028218051926448634,0.006887877824086302
roth_c_moisture_b_slope,28,-0.029972995879520025,0.242839471514549,0.4695126035001318,0.11323913960899368
roth_c_temp_a1,28,0.15922969748486776,0.25736753357952036,0.39915465065235106,0.09366210843746342
roth_c_temp_a2,28,-0.14726010605669942,0.4488082463906548,0.7215231843534632,0.183515661207855
thinning_fraction_branch_delta,28,0.009494744811822197,0.009494744811822197,0.01192935616089536,0.003725384615113867
thinning_fraction_croot_delta,28,0.003375294742912213,0.0037760957581806837,0.004327736755905393,0.0012249260035883504
thinning_fraction_froot_delta,28,0.0017493337105407348,0.0017493337105407348,0.002025439630726381,0.0006298109782035094
thinning_fraction_leaf_delta,28,0.003405932468991904,0.003405932468991904,0.004026643810886727,0.0012205472743793877
thinning_fraction_stem_delta,28,0.01476724008084997,0.022088665651372925,0.028966398953755797,0.006507094427062584
tree_carbon_sp1,28,-0.15940417219790032,0.8846138712354671,1.6573278297041285,0.41950182429998206
tree_nitrogen_branch_sp1,28,0.0011766907086095929,0.0011766907086095929,0.0008273744242349085,0.0002284177695640633
tree_nitrogen_croot_sp1,28,0.0009868078227122379,0.0009868078227122379,0.0019180371136993495,0.0005709373630139922
tree_nitrogen_froot_sp1,28,0.02530135185186904,0.02530135185186904,0.02853034751823902,0.009018705333849141
tree_nitrogen_leaf_sp1,28,0.04167804323483597,0.04167804323483597,0.0544642249598337,0.01613355087310324
tree_nitrogen_stem_sp1,28,0.0024944115880424834,0.0024944115880424834,0.0018579215995170235,0.0006059946136134176
tree_root_in_top_30,28,-0.025519784989930773,0.08995854309925397,0.1610581835961495,0.03973634398439745
tree_root_to_shoot_sp1,28,-0.02553679894300757,0.10201653102835753,0.19852136973900356,0.04874786984803301
cy0,29,-0.047503412917261095,0.19840216681820544,0.3783741115855449,0.08734482339843692
clay,29,-0.33151182274466595,0.6158414546903901,1.4543178398303633,0.38221920637403356
temp_ci_delta,29,0.098816879658244,0.16305121879184079,0.27299865475285295,0.07624542119394201
rain_ci_delta,29,0.3333180130825058,0.7600091243867959,1.7980514146620736,0.5272257381712222
evap_ci_delta,29,-0.060481207041355546,0.06373504441069075,0.22782883352651995,0.06542046696333424
ef_burn_crop_N2O_scale,29,-0.0039499732468003005,0.004030217422208435,0.002500904991259294,0.0006045975340585997
ef_burn_crop_CH4_scale,29,-0.014834613573782882,0.014975786882222272,0.009501749994655452,0.0026422060556693023
ef_burn_tree_N2O_scale,29,0.005209063595068064,0.005209063595068064,0.006735073989796699,0.002025147914383318
ef_burn_tree_CH4_scale,29,0.022091295075793688,0.022091295075793688,0.0251799085955307,0.0074740445789654286
ef_N_inputs,29,-0.06722742777836739,0.10162442649404695,0.09474261083125621,0.01868135076955463
combustion_factor_crop,29,-0.017322292429776853,0.017762096117359648,0.012706216121059195,0.0034883349075350806
combustion_factor_tree,29,0.030097539139096446,0.030097539139096446,0.03796856981344617,0.011085930816639033
volatile_frac_organic_fertiliser,29,-0.002875425650974009,0.002875425650974009,0.000305562442097822,8.220332913380414e-05
volatile_frac_synthetic_fertiliser,29,0.016297396888962996,0.016297396888962996,0.0016405654386363814,0.0005054828205225281
base_sf_qty_scale,29,-0.12981374696526465,0.12981374696526465,0.011684697112334056,0.0038287183019435752
proj_lit_qty_scale,29,0.01088530546069558,0.012806282418884315,0.009848532289276422,0.0020929687011921557
base_stand_density_scale,29,0.0,0.0,0.0,0.0
proj_stand_density_scale,29,-0.025906498487431106,0.6979212009530315,1.1511781178146494,0.30470224062679424
tree_wood_dens_sp1,29,0.12364030090040716,0.6804066841228565,0.964465872367675,0.21259601023579738
base_cover,29,0.07358678057431438,0.1930379387847168,0.3385065005763706,0.09711982477009844
base_fire_off,29,-0.02488531306065852,0.02488531306065852,0.08969221031413543,0.023475185917333725
base_fire_on,29,-0.03493285974000273,0.03493285974000273,0.00595614489564297,0.0018859905989435995
base_mortality,29,0.0,0.0,0.0,0.0
base_sf_n_delta,29,-0.1329016327182006,0.1329016327182006,0.013646164833617499,0.004551771405151945
base_thinning_delta,29,0.0,0.0,0.0,0.0
crop_base_left_delta,29,0.08086606166365841,0.08086606166365841,0.03205883102579177,0.010254581131676802
crop_base_yield_delta,29,-0.015851762646360634,0.03537810110363243,0.03815225603303594,0.005899458054168531
crop_carbon_above_sp3,29,0.005183516369238608,0.006108266031416068,0.0050638678264778745,0.0011461884492449247
crop_carbon_below_sp3,29,0.018423921098123082,0.01844342495176888,0.010818396229492818,0.0034718726055301932
crop_intercept_sp3,29,-0.0010295882382133192,0.0021852068042493844,0.003193034056159643,0.0008107990151481216
crop_nitrogen_above_sp3,29,-0.004192904129059155,0.004202156345793811,0.002013372278427302,0.000635025651879004
crop_nitrogen_below_sp3,29,-0.009395530786934194,0.009395530786934194,0.0013731474582260358,0.0004214654685626964
crop_carbon_above_sp10,29,0.024517713214975256,0.024517713214975256,0.011146782606277762,0.0034109184205974204
crop_carbon_below_sp10,29,0.009996762033287842,0.009996762033287842,0.00605931484990162,0.00179209441782328
crop_intercept_sp10,29,0.004371603894068314,0.006464788575112452,0.006572939890376205,0.001364784864460062
crop_nitrogen_above_sp10,29,-0.007081677975079012,0.007081677975079012,0.0014323384656657514,0.00043741116246512644
crop_nitrogen_below_sp10,29,-0.00445740724010586,0.00445740724010586,0.001450641525037143,0.0004333593057344335
crop_proj_left_delta,29,-0.007371260417993788,0.011249159649482279,0.01501299128305527,0.00338879764255479
crop_proj_yield_delta,29,0.14559591738651118,0.1460628371368864,0.05513590506468021,0.014137289340264383
crop_root_in_top_30,29,0.014245049713470353,0.014961177188220437,0.013464228451938105,0.004452494410219523
crop_root_to_shoot_sp3,29,0.008058601095933881,0.008826194487938175,0.008832153685217307,0.0025104258888863098
crop_slope_sp3,29,-0.0017212969676242834,0.0030854139261386666,0.0035348725447343385,0.0007590135547906194
crop_root_to_shoot_sp10,29,0.0067012693251979364,0.006842770074870622,0.006612426075266959,0.002034796339107157
crop_slope_sp10,29,0.0015989686126605812,0.007429996339706554,0.00922559019960365,0.0016069146779918264
cy0_to_ceq_multiplier,29,-0.0006711387569332927,0.004272772322451301,0.013326165356854854,0.0038766913852885123
litter_carbon,29,-0.014682455546359663,0.014682455546359663,0.006408307475295986,0.0019646200611686026
litter_nitrogen,29,0.023840581492757834,0.023840581492757834,0.002622228051294031,0.000724819217294825
mortality_fraction_branch_delta,29,1.3126809928180883e-05,0.006344831400575908,0.008898149333121982,0.0019084386236107962
mortality_fraction_croot_delta,29,-0.000773686335366941,0.0027009927442340044,0.005874304025438137,0.001564670192973964
mortality_fraction_froot_delta,29,1.3211217389680341e-05,0.0015034226017400897,0.0026429638988410323,0.0007295806154305135
mortality_fraction_leaf_delta,29,-0.0004319968709221314,0.0026258668935526157,0.0042964927483088305,0.0010318292760932337
mortality_fraction_stem_delta,29,-0.010217853414083447,0.02154510009909105,0.042301860427460876,0.010705414325114562
pool_alloc_froot_sp1,29,0.015267835718393394,0.05276810578708613,0.08900569813643891,0.02389267106860745
pool_alloc_leaf_sp1,29,-0.0035114821550330773,0.11336467453880066,0.18034316947516194,0.04078725446801406
pool_alloc_stem_sp1,29,0.09653102061792003,0.5428729657539224,0.8458579613675609,0.19641367902725707
pool_turnover_branch_sp1,29,0.289115933288845,0.326048173463524,0.45444546593478896,0.10492847480782619
pool_turnover_croot_sp1,29,-0.046164484142434986,0.09235596586779973,0.18127081137376913,0.050597502668492986
pool_turnover_froot_sp1,29,0.001710506035528575,0.026832749935976424,0.04523716045698268,0.009572629523902506
pool_turnover_leaf_sp1,29,-0.0033867555705484357,0.03632722329724934,0.06038511653658944,0.016948432319115435
pool_turnover_stem_sp1,29,8.639599319391468,10.10936321009309,15.732608295716588,4.376792532248251
proj_cover,29,-0.12385879090334899,0.47540950806622895,1.099905696049856,0.3362710153119835
proj_fire_off,29,0.033484834200346536,0.033484834200346536,0.08017837640439104,0.025256290799290444
proj_fire_on,29,0.30692670202870465,0.30692670202870465,0.2743738777068705,0.0888226748072315
proj_mortality,29,0.5743713053267725,0.6159171179545287,1.299704288590618,0.40596296802944587
proj_thinning_delta,29,9.19012850886554,9.855249597529658,16.45885461083398,4.881804281824004
roth_c_cover_c,29,-0.0013357424234379967,0.007471588722084033,0.014124030190601697,0.0032767218822708825
roth_c_dpm_frac_crop,29,-0.004335111196188596,0.004335111196188596,0.006033895993234158,0.0019224873307482748
roth_c_dpm_frac_tree,29,-0.0034896854755567,0.018794842055101443,0.02789671791483752,0.006898332845859355
roth_c_moisture_b_slope,29,-0.03025919177963814,0.2394867564296411,0.4639825407854144,0.1116428117652591
roth_c_temp_a1,29,0.1584361134913986,0.2561982937746897,0.4055283445980791,0.09574568648282061
roth_c_temp_a2,29,-0.15114168964953495,0.44236231773325924,0.7223529540910709,0.18597845929187173
thinning_fraction_branch_delta,29,0.009128784381546146,0.009128784381546146,0.011343070312147912,0.003497820023976345
thinning_fraction_croot_delta,29,0.003281622686967983,0.0036893104393524944,0.004226676110972996,0.0011924958388142698
thinning_fraction_froot_delta,29,0.0016941839047581037,0.0016941839047581037,0.0019895768134523943,0.0006213359430227193
thinning_fraction_leaf_delta,29,0.0033418382238738623,0.0033418382238738623,0.003945683456114212,0.0012000871591196537
thinning_fraction_stem_delta,29,0.014344046195534916,0.02181795221226755,0.029086757659579972,0.006510727336104284
tree_carbon_sp1,29,-0.1698484851204985,0.8771100952451469,1.6590948573340913,0.42234530115526214
tree_nitrogen_branch_sp1,29,0.0011568666719169284,0.0011568666719169284,0.0008447710780783314,0.00023363069131944516
tree_nitrogen_croot_sp1,29,0.000992818562075276,0.000992818562075276,0.001988563762316421,0.0005923491639725291
tree_nitrogen_froot_sp1,29,0.02530891241834738,0.02530891241834738,0.029312674433347286,0.009267768169931277
tree_nitrogen_leaf_sp1,29,0.041880424365282796,0.041880424365282796,0.056429484834484366,0.01669977825260068
tree_nitrogen_stem_sp1,29,0.002453710239836077,0.002453710239836077,0.001890833871407332,0.0006151454839342713
tree_root_in_top_30,29,-0.025059949155590316,0.09030626742298203,0.16226363248469614,0.04007569964078203
tree_root_to_shoot_sp1,29,-0.026664275170081464,0.10081071855154608,0.19848300383168513,0.04900926187040671
cy0,30,-0.041223742876819035,0.1984614974307091,0.35904936931591075,0.08117776476276338
clay,30,-0.3279318852000534,0.6196068397730129,1.4922907132202947,0.3936269558679511
temp_ci_delta,30,0.10100205211437921,0.16278217466775555,0.2765176423997536,0.07824925481542341
rain_ci_delta,30,0.34169750635708224,0.7366064537451662,1.7630217188560864,0.5193356487451728
evap_ci_delta,30,-0.06032907019488685,0.06360764986336313,0.2268507693129835,0.0650702129687033
ef_burn_crop_N2O_scale,30,-0.003949973246800101,0.0040302174222082345,0.002500904991259287,0.0006045975340585566
ef_burn_crop_CH4_scale,30,-0.014834613573782952,0.014975786882222276,0.009501749994655572,0.0026422060556693674
ef_burn_tree_N2O_scale,30,0.005170353226264602,0.005170353226264602,0.006877243295465235,0.0020679303568891787
ef_burn_tree_CH4_scale,30,0.022004862526915393,0.022004862526915393,0.025731418034282683,0.007650067529361354
ef_N_inputs,30,-0.06703773060307659,0.1033045056330278,0.09801273413910652,0.019313435979940244
combustion_factor_crop,30,-0.017322292429776887,0.017762096117359683,0.012706216121058938,0.0034883349075350307
combustion_factor_tree,30,0.030015500791957733,0.030015500791957733,0.038860898381304014,0.011370110451235762
volatile_frac_organic_fertiliser,30,-0.002875425650973909,0.002875425650973909,0.0003055624420978065,8.220332913378803e-05
volatile_frac_synthetic_fertiliser,30,0.016297396888963003,0.016297396888963003,0.001640565438636409,0.0005054828205225493
base_sf_qty_scale,30,-0.1298137469652647,0.1298137469652647,0.011684697112334202,0.003828718301943639
proj_lit_qty_scale,30,0.011421554396864698,0.013178578220091174,0.00980580293549232,0.002113491107639347
base_stand_density_scale,30,0.0,0.0,0.0,0.0
proj_stand_density_scale,30,-0.028337996205599736,0.6875348628621393,1.1417944268180829,0.303756911288796
tree_wood_dens_sp1,30,0.11826714669662156,0.6683950393100949,0.9532499666032928,0.2111846940629072
base_cover,30,0.060051684499176694,0.19234159618071484,0.33471401609165985,0.09474774150846954
base_fire_off,30,-0.024885313060658488,0.024885313060658488,0.08969221031413534,0.0234751859173337
base_fire_on,30,-0.034932859740002986,0.034932859740002986,0.005956144895643237,0.0018859905989437116
base_mortality,30,0.0,0.0,0.0,0.0
base_sf_n_delta,30,-0.1329016327182006,0.1329016327182006,0.013646164833617516,0.004551771405151944
base_thinning_delta,30,0.0,0.0,0.0,0.0
crop_base_left_delta,30,0.0786099495903413,0.0786099495903413,0.0318907036950965,0.01020068933096159
crop_base_yield_delta,30,-0.01880390302668126,0.03665681931140457,0.03793480271798658,0.005874111441098681
crop_carbon_above_sp3,30,0.004881161087110503,0.0058704512753326886,0.005049094955087923,0.0011236207122955067
crop_carbon_below_sp3,30,0.017501792985306613,0.017615322059845135,0.010805554936383781,0.0033879109675435137
crop_intercept_sp3,30,-0.001027109529868317,0.0021558054901592433,0.0031587306584321237,0.0008054720984311514
crop_nitrogen_above_sp3,30,-0.00419290412905973,0.004202156345794436,0.002013372278427403,0.0006350256518790446
crop_nitrogen_below_sp3,30,-0.009395530786934074,0.009395530786934074,0.001373147458225795,0.0004214654685626046
crop_carbon_above_sp10,30,0.023648215994515595,0.023648215994515595,0.011041690886430505,0.003375174758215754
crop_carbon_below_sp10,30,0.00963750052974292,0.00963750052974292,0.005998693736258029,0.0017782974223071713
crop_intercept_sp10,30,0.004084111090653736,0.006404892038757631,0.006595383112651834,0.0013164735264535917
crop_nitrogen_above_sp10,30,-0.007081677975079146,0.007081677975079146,0.0014323384656656833,0.00043741116246518835
crop_nitrogen_below_sp10,30,-0.004457407240105802,0.004457407240105802,0.0014506415250371463,0.0004333593057344552
crop_proj_left_delta,30,-0.0073191699247208974,0.011161241499127538,0.014992091156162495,0.0033871668189685983
crop_proj_yield_delta,30,0.14699926192035115,0.14738501280054178,0.05521498356742603,0.014188961121469872
crop_root_in_top_30,30,0.012996826328346348,0.014053071883400627,0.013379629471413274,0.0043433354031342805
crop_root_to_shoot_sp3,30,0.007243959419997203,0.00818800409292873,0.008764097362852972,0.0024541547386630488
crop_slope_sp3,30,-0.0020524841776864977,0.003248675144070695,0.003516033539195853,0.0007583828300774521
crop_root_to_shoot_sp10,30,0.0063296132136837725,0.0064831652856934836,0.006516607157638439,0.002002609674075552
crop_slope_sp10,30,0.0008149528872271105,0.00725777554730504,0.0091527455567401,0.001600116562384302
cy0_to_ceq_multiplier,30,-0.0003830301732643315,0.004178091237614673,0.012216890894824112,0.00348861143589851
litter_carbon,30,-0.01415328297081952,0.01415328297081952,0.006359796823497321,0.0019543093938454914
litter_nitrogen,30,0.0238405814927579,0.0238405814927579,0.002622228051294062,0.0007248192172948427
mortality_fraction_branch_delta,30,0.0002553107065391691,0.00632715541327743,0.008714287262194845,0.0018605504226211424
mortality_fraction_croot_delta,30,-0.0007539293958187087,0.0027010834572440577,0.005938437371239615,0.001587693902215983
mortality_fraction_froot_delta,30,2.0729292027141243e-05,0.0015017490069138412,0.002645970506472016,0.0007311082475377827
mortality_fraction_leaf_delta,30,-0.0004082084461550617,0.0026172469049882464,0.004300201431321959,0.0010341748168041804
mortality_fraction_stem_delta,30,-0.010227331266457964,0.02147628470160428,0.042438636646337985,0.010751145056075755
pool_alloc_froot_sp1,30,0.01553694421470908,0.05291881813032395,0.08892782776586805,0.02381358106671576
pool_alloc_leaf_sp1,30,-0.0034248142964060117,0.11266296244417992,0.17985838939353468,0.04083982770782596
pool_alloc_stem_sp1,30,0.08359965239510676,0.526129724700908,0.82556958866241,0.19232232079561892
pool_turnover_branch_sp1,30,0.2767404724594599,0.3152497595021456,0.44856306550625225,0.10326793985261273
pool_turnover_croot_sp1,30,-0.043467828445423275,0.09103515773561748,0.18225421968955297,0.05092872822876954
pool_turnover_froot_sp1,30,0.002845971991194235,0.027004449875554677,0.04521260129749302,0.00959873944527377
pool_turnover_leaf_sp1,30,-0.00225475657278226,0.03626590707761182,0.060371571711431406,0.016968544249739228
pool_turnover_stem_sp1,30,8.461794345123856,9.988700864562313,15.661372286750508,4.337326125263028
proj_cover,30,-0.10953991354634245,0.4582380027359324,1.043758721253223,0.31629857897571595
proj_fire_off,30,0.033484834200346786,0.033484834200346786,0.08017837640439171,0.025256290799290766
proj_fire_on,30,0.30531134883636785,0.30531134883636785,0.2830836128712807,0.09169342433198725
proj_mortality,30,0.5793129387369217,0.622679692221643,1.3464124081860318,0.42148767566898426
proj_thinning_delta,30,9.076968970267071,9.791517775675562,16.51177607245756,4.879601329754191
roth_c_cover_c,30,-0.0013356288738941957,0.007529654101975464,0.01441248577790427,0.003384350365407795
roth_c_dpm_frac_crop,30,-0.003724316633331645,0.003724316633331645,0.00515788161585383,0.0016427621905478827
roth_c_dpm_frac_tree,30,-0.0030514224799461642,0.018281415645017594,0.027552613533263822,0.006892922108975622
roth_c_moisture_b_slope,30,-0.031041890616078177,0.2359028285204186,0.4573080637990341,0.10978498239872832
roth_c_temp_a1,30,0.15712541100669147,0.25458076603373864,0.4112992131200791,0.09765772263287946
roth_c_temp_a2,30,-0.1532412642943935,0.43531447712152094,0.722757572979596,0.18820995722062878
thinning_fraction_branch_delta,30,0.008798884596454254,0.008798884596454254,0.01080357156409378,0.0032899850489277217
thinning_fraction_croot_delta,30,0.003197793729047732,0.003610227164226981,0.004135196835273379,0.0011649617115601597
thinning_fraction_froot_delta,30,0.0016459752284967682,0.0016459752284967682,0.001956139081175262,0.0006125626230226596
thinning_fraction_leaf_delta,30,0.003281728333550715,0.003281728333550715,0.0038677017312971026,0.001179878556708007
thinning_fraction_stem_delta,30,0.013974878942407652,0.021534958633943654,0.029106380514071856,0.0065003813358784825
tree_carbon_sp1,30,-0.17829161318957315,0.8686661309355574,1.6563526573762821,0.42368074647196274
tree_nitrogen_branch_sp1,30,0.0011379294759515102,0.0011379294759515102,0.000861540426813712,0.00023865166784071618
tree_nitrogen_croot_sp1,30,0.0009993063746961046,0.0009993063746961046,0.0020591573754704835,0.0006137738089837027
tree_nitrogen_froot_sp1,30,0.02532475704841617,0.02532475704841617,0.030085885651977333,0.009513725451954846
tree_nitrogen_leaf_sp1,30,0.042097192261066965,0.042097192261066965,0.0583842268255742,0.017262499502377713
tree_nitrogen_stem_sp1,30,0.002416033486597577,0.002416033486597577,0.0019244103869680306,0.0006244738334541903
tree_root_in_top_30,30,-0.024570253220471194,0.09053584973318947,0.1631692038580412,0.04032782819371897
tree_root_to_shoot_sp1,30,-0.02755564809793633,0.09951234285341962,0.19788890428065142,0.04909755055387051
cy0,31,-0.035328513225376446,0.19800733188496267,0.3437172771386032,0.07674839520307779
clay,31,-0.32510426933168685,0.623144809509862,1.529451816246916,0.4048323198689332
temp_ci_delta,31,0.10273750244719201,0.16226672449599958,0.2796843332001808,0.08007877518573851
rain_ci_delta,31,0.34770624527525507,0.7148808828357182,1.7314619178644446,0.5123189785505556
evap_ci_delta,31,-0.059924971255441384,0.06334912885463886,0.2253770992694244,0.06459456382640456
ef_burn_crop_N2O_scale,31,-0.003949973246800284,0.004030217422208352,0.0025009049912593276,0.0006045975340586071
ef_burn_crop_CH4_scale,31,-0.014834613573783123,0.014975786882222447,0.00950174999465541,0.002642206055669399
ef_burn_tree_N2O_scale,31,0.005135261873670541,0.005135261873670541,0.007021632741464082,0.0021112505453485305
ef_burn_tree_CH4_scale,31,0.021931762295666197,0.021931762295666197,0.02629833439880059,0.007831962256660146
ef_N_inputs,31,-0.06682780525639147,0.10493719239154667,0.10125515649050103,0.019960935917814403
combustion_factor_crop,31,-0.017322292429776592,0.017762096117359388,0.01270621612105904,0.003488334907535054
combustion_factor_tree,31,0.029949586493699155,0.029949586493699155,0.03975697230036127,0.01165581103037983
volatile_frac_organic_fertiliser,31,-0.002875425650973726,0.002875425650973726,0.000305562442097766,8.220332913376301e-05
volatile_frac_synthetic_fertiliser,31,0.016297396888962777,0.016297396888962777,0.0016405654386360735,0.0005054828205224473
base_sf_qty_scale,31,-0.12981374696526443,0.12981374696526443,0.011684697112334315,0.00382871830194372
proj_lit_qty_scale,31,0.011936064661362772,0.013535526633864176,0.009762659277187573,0.0021392544917131404
base_stand_density_scale,31,0.0,0.0,0.0,0.0
proj_stand_density_scale,31,-0.029498118594026117,0.6765352480073761,1.1296346421555168,0.30174198163537114
tree_wood_dens_sp1,31,0.1140377086806343,0.6561827883735671,0.9404567321092809,0.20920734465602825
base_cover,31,0.0477254084824447,0.1928176097992423,0.33160758251812855,0.0924570680013197
base_fire_off,31,-0.02488531306065847,0.02488531306065847,0.08969221031413528,0.02347518591733368
base_fire_on,31,-0.03493285974000297,0.03493285974000297,0.0059561448956432705,0.0018859905989437084
base_mortality,31,0.0,0.0,0.0,0.0
base_sf_n_delta,31,-0.13290163271820096,0.13290163271820096,0.013646164833617157,0.004551771405151732
base_thinning_delta,31,0.0,0.0,0.0,0.0
crop_base_left_delta,31,0.07644942240909534,0.07644942240909534,0.03172896969448445,0.010147091174130984
crop_base_yield_delta,31,-0.021640685930122423,0.03792401861667945,0.03770650283578879,0.00591755662240405
crop_carbon_above_sp3,31,0.00461447576232617,0.005673807854803764,0.005036749557189005,0.0010996209659412616
crop_carbon_below_sp3,31,0.016684063430488182,0.016910952878949947,0.010807482640660058,0.0033141275590124995
crop_intercept_sp3,31,-0.0010245343680440112,0.0021301556403643786,0.003124599324136055,0.0007993799582567015
crop_nitrogen_above_sp3,31,-0.004192904129059339,0.004202156345794045,0.002013372278427474,0.0006350256518790521
crop_nitrogen_below_sp3,31,-0.009395530786934357,0.009395530786934357,0.0013731474582257181,0.0004214654685625693
crop_carbon_above_sp10,31,0.02281795913813702,0.02281795913813702,0.010940028116955184,0.0033413846527541773
crop_carbon_below_sp10,31,0.009295199706417645,0.009295199706417645,0.005941430422625138,0.0017651891239668673
crop_intercept_sp10,31,0.003809203959436626,0.006348170618590164,0.006619125728981123,0.0012741117953785047
crop_nitrogen_above_sp10,31,-0.007081677975079,0.007081677975079,0.0014323384656658312,0.00043741116246518916
crop_nitrogen_below_sp10,31,-0.004457407240105476,0.004457407240105476,0.0014506415250372144,0.000433359305734495
crop_proj_left_delta,31,-0.007219848457993635,0.011035117268701091,0.014939543697386207,0.003378761555991519
crop_proj_yield_delta,31,0.14835242596197518,0.14866032209695101,0.055283893865134034,0.014237053040706422
crop_root_in_top_30,31,0.011866832854590142,0.013308395506287474,0.013318389947833166,0.004237016298556411
crop_root_to_shoot_sp3,31,0.00651923232104919,0.007643916595678202,0.008704489290884083,0.0024117928178324006
crop_slope_sp3,31,-0.00234709581037732,0.003421065854675209,0.0034975934574973336,0.0007507630596891274
crop_root_to_shoot_sp10,31,0.005973410253465398,0.006139530976184575,0.0064255440504374685,0.001972154931408698
crop_slope_sp10,31,6.663468692607311e-05,0.007159406730317805,0.009086180953933444,0.0016071354034738886
cy0_to_ceq_multiplier,31,-0.0001237987198998841,0.004093570733124771,0.011289742330155344,0.0031609577580276587
litter_carbon,31,-0.013646122774754882,0.013646122774754882,0.0063129066955451,0.0019443024175122752
litter_nitrogen,31,0.02384058149275765,0.02384058149275765,0.002622228051294205,0.0007248192172948658
mortality_fraction_branch_delta,31,0.00048404109251978106,0.006316047539206028,0.00852272510956361,0.0017993629088178158
mortality_fraction_croot_delta,31,-0.0007332732284151989,0.002698697989357368,0.005992255618935094,0.0016075292996877084
mortality_fraction_froot_delta,31,2.814246338460613e-05,0.0015035393608215264,0.0026446243969602827,0.000729739278224517
mortality_fraction_leaf_delta,31,-0.00038430234601514595,0.0026081241421281806,0.0042963503001477235,0.001033677140094325
mortality_fraction_stem_delta,31,-0.010210080146728192,0.02140391146509557,0.04249839199444114,0.010781475707597424
pool_alloc_froot_sp1,31,0.01581075568027656,0.05300194431142926,0.08871583608794824,0.02369400858673601
pool_alloc_leaf_sp1,31,-0.0032609863204212525,0.11185359053528457,0.17903066218446298,0.04078222088704438
pool_alloc_stem_sp1,31,0.07226696334584766,0.5099437374305407,0.8032322651507298,0.18783434113232658
pool_turnover_branch_sp1,31,0.26382741433855816,0.30401853064928386,0.44058421091465916,0.10109504900299673
pool_turnover_croot_sp1,31,-0.0409771424879117,0.08989033032238143,0.18320913854860743,0.05121739661961221
pool_turnover_froot_sp1,31,0.0038714821822329382,0.027228889252972992,0.04521591797822052,0.009627479127068347
pool_turnover_leaf_sp1,31,-0.0011779214263082454,0.03620697462586751,0.06028447691240733,0.016965307897339285
pool_turnover_stem_sp1,31,8.267059865125784,9.842483549397176,15.53978102992474,4.28340173670105
proj_cover,31,-0.09531964048522637,0.44255550479670047,0.9907444505194335,0.2970304623737281
proj_fire_off,31,0.03348483420034655,0.03348483420034655,0.08017837640439109,0.02525629079929045
proj_fire_on,31,0.30379563365572704,0.30379563365572704,0.29169566218603743,0.09452933669522108
proj_mortality,31,0.5837800719793621,0.6286960456235924,1.3907065290727583,0.4362470233450694
proj_thinning_delta,31,8.948831361720632,9.710962618688217,16.514539211104132,4.863640342798076
roth_c_cover_c,31,-0.0013400143775717354,0.007565798849661071,0.01468423997768509,0.003491862464473243
roth_c_dpm_frac_crop,31,-0.003259220279841002,0.003261847045277766,0.004419357856008329,0.001408233887329008
roth_c_dpm_frac_tree,31,-0.0026599384661878155,0.017785399920121646,0.027177437704006765,0.006870083206201529
roth_c_moisture_b_slope,31,-0.03217901962740331,0.23249662428279808,0.44971006725602386,0.10772268440095867
roth_c_temp_a1,31,0.1554210837092232,0.2527108052322866,0.4164045203635253,0.09929369807159896
roth_c_temp_a2,31,-0.15394751247050667,0.4295371824293267,0.7228897965548461,0.18982859201277671
thinning_fraction_branch_delta,31,0.008496799015244064,0.008496799015244064,0.010306581956616757,0.003100403916390076
thinning_fraction_croot_delta,31,0.003121006997078296,0.003536075084276763,0.004050622755621166,0.001141223156769563
thinning_fraction_froot_delta,31,0.0016027046495653674,0.0016027046495653674,0.0019238415693520617,0.0006032643028977813
thinning_fraction_leaf_delta,31,0.0032239307025372114,0.0032239307025372114,0.0037921096538243567,0.0011598236435644538
thinning_fraction_stem_delta,31,0.013643953395966565,0.021237741261988106,0.029035989618310512,0.006475211214672943
tree_carbon_sp1,31,-0.18472291320967257,0.859131443290087,1.6487771828249198,0.4234323852146247
tree_nitrogen_branch_sp1,31,0.00111980501709891,0.00111980501709891,0.0008776888682356036,0.00024347879512502
tree_nitrogen_croot_sp1,31,0.0010061768976814406,0.0010061768976814406,0.0021295166425896015,0.0006351203098330923
tree_nitrogen_froot_sp1,31,0.025347236132184387,0.025347236132184387,0.03084800802991503,0.009755940619796545
tree_nitrogen_leaf_sp1,31,0.04232452357977971,0.04232452357977971,0.060321487626894536,0.01781978483579345
tree_nitrogen_stem_sp1,31,0.0023810518949961695,0.0023810518949961695,0.0019585384972740354,0.0006339510830090598
tree_root_in_top_30,31,-0.02404123406026078,0.09063325273475012,0.16373563207436487,0.04048041003530894
tree_root_to_shoot_sp1,31,-0.028211767316673537,0.09810492764051935,0.19670082292499289,0.04900489403065189
cy0,32,-0.029796010368531987,0.19697649670102077,0.33204254042915593,0.07394631289224128
clay,32,-0.2646639801758343,0.6350500261003326,1.5593021210885258,0.4113506643302122
temp_ci_delta,32,0.08294929476411232,0.16502188772881365,0.28396427253488227,0.07826419424220532
rain_ci_delta,32,0.26897098679095693,0.69670062153905,1.6643610196178011,0.4873306149789161
evap_ci_delta,32,-0.05139812160019184,0.05934557925532913,0.2069389907669411,0.059062614519311614
ef_burn_crop_N2O_scale,32,-0.0052650886213579445,0.005280373647966159,0.003171542566111795,0.0007929160788465037
ef_burn_crop_CH4_scale,32,-0.019646628497269728,0.019668161301219293,0.011926626289819213,0.003358149983668477
ef_burn_tree_N2O_scale,32,0.005103323078510569,0.005103323078510569,0.007167304116447818,0.0021548455327860634
ef_burn_tree_CH4_scale,32,0.02187006331776682,0.02187006331776682,0.026876407065561853,0.008018250047025062
ef_N_inputs,32,-0.07944262433897309,0.11640548172436146,0.10419137949458805,0.019725745361178
combustion_factor_crop,32,-0.023108582373567686,0.023134396611240202,0.015554308587244037,0.004563672827451596
combustion_factor_tree,32,0.02989728633876565,0.02989728633876565,0.040653321822384555,0.011941868290058348
volatile_frac_organic_fertiliser,32,-0.0028754256509739675,0.0028754256509739675,0.0003055624420978417,8.220332913379997e-05
volatile_frac_synthetic_fertiliser,32,0.01629739688896302,0.01629739688896302,0.0016405654386363999,0.0005054828205225696
base_sf_qty_scale,32,-0.12981374696526435,0.12981374696526435,0.01168469711233438,0.003828718301943721
proj_lit_qty_scale,32,0.012429980370595511,0.0138774360344661,0.009718617984377943,0.0021694707686849383
base_stand_density_scale,32,0.0,0.0,0.0,0.0
proj_stand_density_scale,32,-0.0293977558710385,0.664837084266518,1.1145575287541987,0.2986313662908412
tree_wood_dens_sp1,32,0.11089422306428161,0.6436805698712466,0.9260287238936376,0.20666533266874226
base_cover,32,0.036518058824192866,0.19413451137551146,0.3290269581305155,0.08996939303555887
base_fire_off,32,-0.024885313060658488,0.024885313060658488,0.08969221031413532,0.02347518591733369
base_fire_on,32,-0.0349328597400029,0.0349328597400029,0.005956144895643295,0.0018859905989437164
base_mortality,32,0.0,0.0,0.0,0.0
base_sf_n_delta,32,-0.1329016327182005,0.1329016327182005,0.013646164833617264,0.004551771405151864
base_thinning_delta,32,0.0,0.0,0.0,0.0
crop_base_left_delta,32,0.07437933404901677,0.07437933404901677,0.031572320154140535,0.010093492997369538
crop_base_yield_delta,32,-0.024365897799395318,0.03924234419524167,0.03746867440395946,0.005981359812505386
crop_carbon_above_sp3,32,0.06258867371150043,0.06258867371150043,0.03404265525029553,0.0096423672358065
crop_carbon_below_sp3,32,0.09781289524664434,0.09781289524664434,0.020291359819425765,0.006585396125052474
crop_intercept_sp3,32,0.030344997284278606,0.03226769895028837,0.03324108497006913,0.011744016871165865
crop_nitrogen_above_sp3,32,-0.011008484110479801,0.011008484110479801,0.004182521244883728,0.0012498817122694444
crop_nitrogen_below_sp3,32,-0.016081035434720576,0.016081035434720576,0.0022305876086517054,0.0006893207916087275
crop_carbon_above_sp10,32,0.022024651986733618,0.022024651986733618,0.010840461439507901,0.0033091241943034766
crop_carbon_below_sp10,32,0.00896920091092814,0.008982630707882253,0.0058873828477058795,0.001742104181718199
crop_intercept_sp10,32,0.0035465723719322662,0.006294039087700059,0.0066432997962865776,0.001237357496726165
crop_nitrogen_above_sp10,32,-0.007081677975078887,0.007081677975078887,0.0014323384656658032,0.00043741116246518867
crop_nitrogen_below_sp10,32,-0.004457407240105427,0.004457407240105427,0.0014506415250371601,0.0004333593057345052
crop_proj_left_delta,32,0.09084804868329979,0.09084804868329979,0.05964855238659428,0.01916025244361886
crop_proj_yield_delta,32,-0.33223846237965776,0.33223846237965776,0.15506076870453128,0.04566247385248018
crop_root_in_top_30,32,0.08337100209693153,0.08337100209693153,0.02212544101803485,0.00740164144861951
crop_root_to_shoot_sp3,32,0.0781617995464422,0.0781617995464422,0.01612833637646295,0.004953312000763141
crop_slope_sp3,32,0.020866369018202068,0.020866369018202068,0.005915337092753475,0.0018987377517378458
crop_root_to_shoot_sp10,32,0.0056319045379532836,0.005829958746393918,0.006338825334977022,0.0019328086381979498
crop_slope_sp10,32,-0.0006479832208128505,0.007102830844640959,0.009024976593337392,0.0016228392472649167
cy0_to_ceq_multiplier,32,0.00010858344803228726,0.004011100082422406,0.01052573484025221,0.0028900750448173614
litter_carbon,32,-0.013159945638427373,0.013159945638427373,0.006267110611472437,0.0019344347185159185
litter_nitrogen,32,0.023840581492757786,0.023840581492757786,0.0026222280512942443,0.0007248192172948851
mortality_fraction_branch_delta,32,0.0007010641505983961,0.0062922656415652645,0.008321812453188478,0.0017359592665563217
mortality_fraction_croot_delta,32,-0.0007113173106885363,0.002692124939816859,0.006034408973397238,0.0016237565309855737
mortality_fraction_froot_delta,32,3.566922388165694e-05,0.0015040471439112524,0.0026384167422638673,0.0007269794925027203
mortality_fraction_leaf_delta,32,-0.00035994984236414895,0.0025974099935236914,0.004284111028568421,0.0010303428291954853
mortality_fraction_stem_delta,32,-0.010164280696155468,0.021303498052407964,0.042475991973649346,0.010791097084183025
pool_alloc_froot_sp1,32,0.016091981478240747,0.053014742628810466,0.0883525663528027,0.023528652666615586
pool_alloc_leaf_sp1,32,-0.003008950046204828,0.11114901130831192,0.17782362188314121,0.04051939285334852
pool_alloc_stem_sp1,32,0.06246990060707647,0.49392463319060037,0.7789785570402609,0.18249360405004036
pool_turnover_branch_sp1,32,0.2503740108298239,0.29248729082425234,0.43061678718127666,0.09843712384506248
pool_turnover_croot_sp1,32,-0.03866765075593829,0.0888721613416317,0.18410070435051343,0.051478694124490625
pool_turnover_froot_sp1,32,0.004797320302327879,0.027465014487974126,0.04524291857743177,0.00966286997571246
pool_turnover_leaf_sp1,32,-0.00014880070840633252,0.03632372166147688,0.06011447939416369,0.016873728039856747
pool_turnover_stem_sp1,32,8.054003416934172,9.670832418098424,15.366765553681685,4.214310258918511
proj_cover,32,0.024280265872409633,0.4100006487195646,0.8869524297163622,0.2648866637296727
proj_fire_off,32,0.023394939539442328,0.023394939539442328,0.07196133832964094,0.02342570071968775
proj_fire_on,32,0.29620773564600705,0.29620773564600705,0.30077214822908166,0.09762854392834645
proj_mortality,32,0.5876680605173414,0.634152194490002,1.4321254102140661,0.45009634723583564
proj_thinning_delta,32,8.80390470632694,9.61520743234869,16.46430831962275,4.833040485844309
roth_c_cover_c,32,-0.002056272331573972,0.007694585360785322,0.015046461820070155,0.003610478191080163
roth_c_dpm_frac_crop,32,-0.10001113381231477,0.10001113381231477,0.029436846859126186,0.008367642777696542
roth_c_dpm_frac_tree,32,-0.002313826713301223,0.017302124049811237,0.02676318395391546,0.006827938361075282
roth_c_moisture_b_slope,32,-0.0061281281939966235,0.22960546326223036,0.4611287480535214,0.11198728435421523
roth_c_temp_a1,32,0.11936754794268485,0.248507320889213,0.42227399582946346,0.0974071660154189
roth_c_temp_a2,32,-0.07766392172330894,0.43312232606483836,0.7187340808091028,0.18014986758249207
thinning_fraction_branch_delta,32,0.00821700569052521,0.00821700569052521,0.009848357176022397,0.0029276391320137876
thinning_fraction_croot_delta,32,0.003049499998772226,0.0034650660437790136,0.003970756142538848,0.0011203103079498171
thinning_fraction_froot_delta,32,0.001563070215314577,0.001563070215314577,0.0018919581181767219,0.0005933747884649421
thinning_fraction_leaf_delta,32,0.003167446530156981,0.003167446530156981,0.003718427376617425,0.0011398599973302859
thinning_fraction_stem_delta,32,0.013341890560514802,0.020924836189143516,0.028881852803415473,0.00643472687658307
tree_carbon_sp1,32,-0.18913037015320738,0.8483799153286544,1.6360995952916084,0.42153776920604763
tree_nitrogen_branch_sp1,32,0.0011024229305053757,0.0011024229305053757,0.0008932152066770644,0.0002481087052693328
tree_nitrogen_croot_sp1,32,0.0010133364955927648,0.0010133364955927648,0.0021993275696756665,0.0006562937281449334
tree_nitrogen_froot_sp1,32,0.025374772583871007,0.025374772583871007,0.03159698950744564,0.009993750717222147
tree_nitrogen_leaf_sp1,32,0.04255864053674539,0.04255864053674539,0.062233959539595894,0.018369601436910892
tree_nitrogen_stem_sp1,32,0.0023484719514183074,0.0023484719514183074,0.0019930949178207365,0.0006435453992262832
tree_root_in_top_30,32,-0.023462284575698773,0.0905868053847716,0.16392750558659486,0.04052207510368015
tree_root_to_shoot_sp1,32,-0.02863318556066142,0.09657458575845487,0.19488754695953797,0.04872494348418121
cy0,33,-0.024606937749814175,0.19542951681006004,0.32363749783690776,0.07260376203338284
clay,33,-0.25919932951895686,0.6373701918501036,1.5937771148041928,0.42216522250122634
temp_ci_delta,33,0.0789674331479839,0.16440224563240707,0.2853113116164286,0.07862282018041888
rain_ci_delta,33,0.24766076712284332,0.6778880254544559,1.6265311111841856,0.47758337596270833
evap_ci_delta,33,-0.0482751899738994,0.05801722568559849,0.20161939404497606,0.05748114756912797
ef_burn_crop_N2O_scale,33,-0.005265088621357928,0.005280373647966075,0.003171542566111622,0.0007929160788464724
ef_burn_crop_CH4_scale,33,-0.019646628497270002,0.019668161301219633,0.01192662628981919,0.0033581499836683676
ef_burn_tree_N2O_scale,33,0.005074099344702548,0.005074099344702548,0.007313312355036629,0.0021984465936389338
ef_burn_tree_CH4_scale,33,0.021817917028747264,0.021817917028747264,0.027461343053150337,0.00820745853839334
ef_N_inputs,33,-0.07921261745523575,0.11788472548611488,0.10733942715391151,0.020368881188297133
combustion_factor_crop,33,-0.023108582373567794,0.02313439661124031,0.015554308587244053,0.0045636728274515885
combustion_factor_tree,33,0.02985622221035155,0.02985622221035155,0.04154637373878059,0.012227101371862578
volatile_frac_organic_fertiliser,33,-0.0028754256509737424,0.0028754256509737424,0.0003055624420978001,8.22033291337754e-05
volatile_frac_synthetic_fertiliser,33,0.016297396888963204,0.016297396888963204,0.0016405654386365213,0.0005054828205225979
base_sf_qty_scale,33,-0.12981374696526443,0.12981374696526443,0.011684697112334353,0.003828718301943736
proj_lit_qty_scale,33,0.012904475574027305,0.014204801040629846,0.00967342998445704,0.0022034942403150906
base_stand_density_scale,33,0.0,0.0,0.0,0.0
proj_stand_density_scale,33,-0.02804849497099418,0.6523728773055633,1.0964624282111317,0.29441033128506267
tree_wood_dens_sp1,33,0.10878597077461398,0.6308175352248275,0.9099379679926101,0.2035676223765475
base_cover,33,0.026345738538418893,0.19599942263992182,0.32683736428387916,0.0874695978892734
base_fire_off,33,-0.024885313060658512,0.024885313060658512,0.08969221031413542,0.023475185917333722
base_fire_on,33,-0.034932859740002854,0.034932859740002854,0.005956144895642975,0.0018859905989436227
base_mortality,33,0.0,0.0,0.0,0.0
base_sf_n_delta,33,-0.13290163271820105,0.13290163271820105,0.013646164833617238,0.004551771405151749
base_thinning_delta,33,0.0,0.0,0.0,0.0
crop_base_left_delta,33,0.07239529352825454,0.07239529352825454,0.03141859961561189,0.010039666510371225
crop_base_yield_delta,33,-0.026984866280659475,0.040492086497492336,0.03722087206009003,0.006113820294648644
crop_carbon_above_sp3,33,0.04148805516183228,0.04148805516183228,0.024585461379235448,0.007047400448976011
crop_carbon_below_sp3,33,0.06708497841726005,0.06708497841726005,0.018980558822630972,0.00617337166093276
crop_intercept_sp3,33,0.01619887338406991,0.01810978181504699,0.019782046469889316,0.0067880232713766215
crop_nitrogen_above_sp3,33,-0.011008484110479394,0.011008484110479394,0.004182521244884257,0.0012498817122696575
crop_nitrogen_below_sp3,33,-0.016081035434720642,0.016081035434720642,0.0022305876086514743,0.0006893207916086232
crop_carbon_above_sp10,33,0.021266334571777245,0.021266334571777245,0.010742166268357035,0.0032779631187826387
crop_carbon_below_sp10,33,0.008658629031016624,0.008691545753264746,0.005835561427413719,0.0017150856079938782
crop_intercept_sp10,33,0.003294755239593011,0.00624218043198273,0.006667761786963068,0.0012059239733936164
crop_nitrogen_above_sp10,33,-0.007081677975078912,0.007081677975078912,0.0014323384656657451,0.0004374111624651909
crop_nitrogen_below_sp10,33,-0.004457407240105635,0.004457407240105635,0.0014506415250371653,0.0004333593057344843
crop_proj_left_delta,33,0.05421677951243555,0.05479677634572906,0.04048341889800364,0.01268661562214757
crop_proj_yield_delta,33,-0.10856952137912715,0.14767719223782155,0.1549621324375037,0.03564368222207868
crop_root_in_top_30,33,0.053185164469935375,0.053185164469935375,0.021281687239239372,0.0072001955554777996
crop_root_to_shoot_sp3,33,0.04728758741366646,0.04728758741366646,0.01465782535019731,0.0045232470453708
crop_slope_sp3,33,0.009453216823639796,0.00951515738526285,0.005383233451599241,0.0016407518098473725
crop_root_to_shoot_sp10,33,0.005304904818181031,0.005545970953759041,0.0062557067022425035,0.0018903132451037873
crop_slope_sp10,33,-0.0013311486328633354,0.007062242802367988,0.008967742572643682,0.0016549421080827667
cy0_to_ceq_multiplier,33,0.00031687290951573356,0.0039300368326574495,0.009906406913977208,0.0026710931081996223
litter_carbon,33,-0.012693691724190265,0.012693691724190265,0.006221971069595842,0.001924585293546979
litter_nitrogen,33,0.02384058149275785,0.02384058149275785,0.00262222805129409,0.0007248192172948317
mortality_fraction_branch_delta,33,0.0009079442145727881,0.006253971458421324,0.008110397355501123,0.0016714274654862562
mortality_fraction_croot_delta,33,-0.0006876961386549085,0.0026810824272724687,0.006063607246363403,0.0016359505179047694
mortality_fraction_froot_delta,33,4.353540705959447e-05,0.0015020256328374588,0.0026268652964874933,0.0007226514021195499
mortality_fraction_leaf_delta,33,-0.0003348343997116726,0.002583442398562177,0.004262735533947631,0.0010243164276546237
mortality_fraction_stem_delta,33,-0.01008817450938242,0.02121205940735866,0.04236685913151359,0.010774774853685316
pool_alloc_froot_sp1,33,0.01638369724137117,0.05295505996844072,0.08782301123539366,0.02331273110948103
pool_alloc_leaf_sp1,33,-0.0026586769845443337,0.1102789749859729,0.1762064412481641,0.040148251176448366
pool_alloc_stem_sp1,33,0.05413775283650592,0.4777659028468032,0.7530375309884103,0.17642862732593753
pool_turnover_branch_sp1,33,0.23638969624675168,0.28151789333352173,0.4188437013507454,0.0952398602003936
pool_turnover_croot_sp1,33,-0.036516401357178055,0.08790786408209768,0.18489494407962623,0.051723564846857896
pool_turnover_froot_sp1,33,0.005633469388291151,0.02785918159056196,0.04528813589439122,0.009657062229108875
pool_turnover_leaf_sp1,33,0.0008397605302460475,0.036501897446116406,0.059851348169344516,0.016717837913150645
pool_turnover_stem_sp1,33,7.821553575418177,9.508082868019006,15.141855388948617,4.115523972412203
proj_cover,33,0.0619214341879671,0.3937770554793293,0.8363155495694675,0.24798217579956155
proj_fire_off,33,0.023394939539442328,0.023394939539442328,0.07196133832964094,0.02342570071968775
proj_fire_on,33,0.2948254361633841,0.2948254361633841,0.30907720117780274,0.10035822313002145
proj_mortality,33,0.5908744584266319,0.6394404128510196,1.470221035686802,0.4628836214748083
proj_thinning_delta,33,8.640658281995881,9.498039738410004,16.3587645573076,4.786925567699387
roth_c_cover_c,33,-0.002233337479431183,0.007681294849422179,0.01520988424999286,0.0036965050177754843
roth_c_dpm_frac_crop,33,-0.06268546385102136,0.06268546385102136,0.028190552069347913,0.008574154568282201
roth_c_dpm_frac_tree,33,-0.002011349411727657,0.016827867668632254,0.026304678175827823,0.00676516905078498
roth_c_moisture_b_slope,33,-0.006072898885494971,0.22402875169136868,0.4424268468253941,0.10695158652216583
roth_c_temp_a1,33,0.10846411890174519,0.24791227834596946,0.4242303144598095,0.09689205943325072
roth_c_temp_a2,33,-0.05622083969991828,0.4285947564271483,0.7132829599406486,0.17797692484247957
thinning_fraction_branch_delta,33,0.007955669788943631,0.007955669788943631,0.009425580945267202,0.002770320454519703
thinning_fraction_croot_delta,33,0.0029820950576743,0.0033959921274105687,0.0038938011982360002,0.0011013983559838407
thinning_fraction_froot_delta,33,0.0015261640804479005,0.0015261640804479005,0.0018600708928938775,0.0005828979739468938
thinning_fraction_leaf_delta,33,0.0031117592946365543,0.0031117592946365543,0.003646236283384626,0.001119924615712956
thinning_fraction_stem_delta,33,0.01306273037095842,0.02059484088330308,0.02864771881826307,0.006378636884889891
tree_carbon_sp1,33,-0.1915069891881278,0.8363088969283924,1.6181147748109914,0.4179510174023769
tree_nitrogen_branch_sp1,33,0.0010857165903994243,0.0010857165903994243,0.0009081120021662593,0.00025253685601499975
tree_nitrogen_croot_sp1,33,0.001020692409839727,0.001020692409839727,0.0022682667416685154,0.0006771961823138174
tree_nitrogen_froot_sp1,33,0.025405856009077493,0.025405856009077493,0.03233072785529414,0.010226475613138428
tree_nitrogen_leaf_sp1,33,0.042795821525885125,0.042795821525885125,0.06411408338500867,0.018909840082630056
tree_nitrogen_stem_sp1,33,0.002318030764306729,0.002318030764306729,0.0020279474874869675,0.000653222209919826
tree_root_in_top_30,33,-0.02282270692184677,0.09038664422513965,0.16371334950215105,0.040442589519962234
tree_root_to_shoot_sp1,33,-0.02882077516236472,0.09490994708196485,0.19242579615715705,0.04825314181857432
cy0,34,-0.019741144255134548,0.1941525319878334,0.31807958163437067,0.07212942689363003
clay,34,-0.25837194470499353,0.6396019607232523,1.6266335190779269,0.4325684491103546
temp_ci_delta,34,0.08077773856669726,0.16316217658229534,0.28689652827898876,0.07953147150964521
rain_ci_delta,34,0.24424994504922887,0.6643461272033022,1.5928491805018314,0.4675160583173322
evap_ci_delta,34,-0.04691031927266019,0.05661820027993973,0.19715061471322085,0.05622522044826071
ef_burn_crop_N2O_scale,34,-0.005265088621357853,0.005280373647966034,0.003171542566111737,0.0007929160788464881
ef_burn_crop_CH4_scale,34,-0.019646628497269992,0.019668161301219622,0.011926626289819288,0.0033581499836684427
ef_burn_tree_N2O_scale,34,0.005047179337362634,0.005047179337362634,0.0074587122032279815,0.0022417816951087965
ef_burn_tree_CH4_scale,34,0.021773552637505078,0.021773552637505078,0.028048841219766467,0.008398130889574036
ef_N_inputs,34,-0.07898235405379754,0.11931462298612316,0.11041494881387527,0.02101377791398917
combustion_factor_crop,34,-0.023108582373567922,0.02313439661124044,0.01555430858724387,0.0045636728274515755
combustion_factor_tree,34,0.029824135643511614,0.029824135643511614,0.042432478391701486,0.012510319760410645
volatile_frac_organic_fertiliser,34,-0.0028754256509737923,0.0028754256509737923,0.0003055624420978125,8.220332913378068e-05
volatile_frac_synthetic_fertiliser,34,0.01629739688896293,0.01629739688896293,0.0016405654386364296,0.0005054828205225684
base_sf_qty_scale,34,-0.12981374696526413,0.12981374696526413,0.01168469711233461,0.0038287183019438346
proj_lit_qty_scale,34,0.013360554949671468,0.014518071859669792,0.009626906245416449,0.002240732571146484
base_stand_density_scale,34,0.0,0.0,0.0,0.0
proj_stand_density_scale,34,-0.02546616054512581,0.6390938385581105,1.0752952501386295,0.28907795509897155
tree_wood_dens_sp1,34,0.10766688401318036,0.6175389913608205,0.8921845957229,0.1999308669061602
base_cover,34,0.017131015806441906,0.19905805779934876,0.32492755327037304,0.08504855661232552
base_fire_off,34,-0.024885313060658477,0.024885313060658477,0.0896922103141353,0.023475185917333687
base_fire_on,34,-0.034932859740002806,0.034932859740002806,0.005956144895642879,0.0018859905989436188
base_mortality,34,0.0,0.0,0.0,0.0
base_sf_n_delta,34,-0.13290163271820074,0.13290163271820074,0.013646164833617363,0.004551771405151909
base_thinning_delta,34,0.0,0.0,0.0,0.0
crop_base_left_delta,34,0.07049366347530506,0.07049366347530506,0.03126675376505376,0.0099852810181643
crop_base_yield_delta,34,-0.029501858567939382,0.04172993092300463,0.03696402074839226,0.006275332483053125
crop_carbon_above_sp3,34,0.03217022967158266,0.03217022967158266,0.02038822918488209,0.0058810832108967875
crop_carbon_below_sp3,34,0.05363145619053713,0.05363145619053713,0.01851260424827173,0.006040539581901763
crop_intercept_sp3,34,0.010213909146754607,0.012112060037077354,0.014672914752366076,0.004880361377143591
crop_nitrogen_above_sp3,34,-0.011008484110479794,0.011008484110479794,0.004182521244883915,0.0012498817122695042
crop_nitrogen_below_sp3,34,-0.016081035434720833,0.016081035434720833,0.002230587608651658,0.000689320791608663
crop_carbon_above_sp10,34,0.02054036229015252,0.02054036229015252,0.010644488066933452,0.0032475761218280883
crop_carbon_below_sp10,34,0.008362122601398268,0.008413042680429758,0.005785603634091813,0.0016897979539810663
crop_intercept_sp10,34,0.003054385513578263,0.006192542652747023,0.0066921625690656615,0.001179649847031606
crop_nitrogen_above_sp10,34,-0.007081677975078929,0.007081677975078929,0.0014323384656659787,0.00043741116246523627
crop_nitrogen_below_sp10,34,-0.004457407240105747,0.004457407240105747,0.0014506415250371612,0.0004333593057344733
crop_proj_left_delta,34,0.038422879488083775,0.03958852746472349,0.03229525565990503,0.009808243467964429
crop_proj_yield_delta,34,-0.011579691967752364,0.11761450154311018,0.15071838282049596,0.02975159583568722
crop_root_in_top_30,34,0.03985435423271294,0.03985435423271294,0.02078334719162081,0.007071242097608264
crop_root_to_shoot_sp3,34,0.03369199262159742,0.03369199262159742,0.01398267040674619,0.004361467972777114
crop_slope_sp3,34,0.0042969966122358705,0.005321692317486626,0.0050738322717825855,0.0012180111176926932
crop_root_to_shoot_sp10,34,0.004990480515198506,0.005274680393853546,0.006176180099223472,0.0018500343819386705
crop_slope_sp10,34,-0.001984476690047593,0.007057786161301061,0.008914485609640904,0.0016969176275861773
cy0_to_ceq_multiplier,34,0.000503486063718922,0.0038513868725560895,0.009413346204976109,0.002498691365602933
litter_carbon,34,-0.012246394960140367,0.012246394960140367,0.006177168900371179,0.0019146553395548776
litter_nitrogen,34,0.023840581492757792,0.023840581492757792,0.002622228051294043,0.0007248192172948332
mortality_fraction_branch_delta,34,0.001106004800812041,0.0062017817307363585,0.007887823320039948,0.0016055436796608505
mortality_fraction_croot_delta,34,-0.000662102096229128,0.0026725951754851983,0.006078716873335329,0.0016436405016122565
mortality_fraction_froot_delta,34,5.186717909917149e-05,0.0014974295549531307,0.002609613670607956,0.0007166392520434293
mortality_fraction_leaf_delta,34,-0.00030869834841915355,0.0025692202394098944,0.0042316064366372825,0.001014251872741198
mortality_fraction_stem_delta,34,-0.009980210299061456,0.02109178104805657,0.04216732779896925,0.01073353789108783
pool_alloc_froot_sp1,34,0.016688587445918716,0.05282137468137773,0.08711466335401691,0.02304222770859748
pool_alloc_leaf_sp1,34,-0.0022005265364395147,0.10923760919982298,0.1741523422595097,0.03965983607590833
pool_alloc_stem_sp1,34,0.04719192821319416,0.46109055744024907,0.7257333809248045,0.1698228869116778
pool_turnover_branch_sp1,34,0.22189709866432056,0.2708277172547159,0.4055289223110517,0.09162692048954399
pool_turnover_croot_sp1,34,-0.034502045837131,0.08732065729485991,0.18555889438254006,0.05188299532542433
pool_turnover_froot_sp1,34,0.00638927840465432,0.028313168147690904,0.04534470873334554,0.009659674310557078
pool_turnover_leaf_sp1,34,0.0017943218292711283,0.0366024343381827,0.05948670679609193,0.016536704353184398
pool_turnover_stem_sp1,34,7.568982516914474,9.328760227633452,14.865255268655073,4.001383018782096
proj_cover,34,0.07215070304108964,0.37894728807510825,0.7892958333478931,0.23311518378373083
proj_fire_off,34,0.023394939539442328,0.023394939539442328,0.07196133832964094,0.02342570071968775
proj_fire_on,34,0.29347952212698686,0.29347952212698686,0.31716460960868237,0.10301457818294214
proj_mortality,34,0.5933011774903851,0.6438101703088664,1.5045698325487302,0.47441664430759567
proj_thinning_delta,34,8.457853393115322,9.358147136320197,16.196201783799655,4.724659022248687
roth_c_cover_c,34,-0.002258623908535881,0.007663505323102213,0.015382812733434734,0.0037593435124023493
roth_c_dpm_frac_crop,34,-0.03782854991647398,0.03782854991647398,0.02602477476924394,0.008376702153749893
roth_c_dpm_frac_tree,34,-0.0017505909184060517,0.016358662190314906,0.02579666223659886,0.006680614969422557
roth_c_moisture_b_slope,34,-0.00459146094129993,0.22081629993729548,0.4387198199012159,0.10629271053128535
roth_c_temp_a1,34,0.11002229612487721,0.2458096841582768,0.42534401471349714,0.09781095742067678
roth_c_temp_a2,34,-0.06385499224714339,0.42345048499831633,0.7150132892063177,0.18048878426296988
thinning_fraction_branch_delta,34,0.007709981141531821,0.007709981141531821,0.009035258549220498,0.00262715733438679
thinning_fraction_croot_delta,34,0.0029180722440839803,0.0033280952431188116,0.0038184034739272947,0.0010838263944117244
thinning_fraction_froot_delta,34,0.0014913508176772256,0.0014913508176772256,0.00182799326609541,0.0005718898786926663
thinning_fraction_leaf_delta,34,0.0030566251172958804,0.0030566251172958804,0.0035751982820716897,0.001099966932706138
thinning_fraction_stem_delta,34,0.012802973385831857,0.02024692400363593,0.02833637775718575,0.006306806563308763
tree_carbon_sp1,34,-0.19185450534881263,0.8228392864692324,1.5946874178562778,0.41264492025777755
tree_nitrogen_branch_sp1,34,0.0010696231119182054,0.0010696231119182054,0.0009223669620636184,0.00025675784908318265
tree_nitrogen_croot_sp1,34,0.0010281530643017317,0.0010281530643017317,0.002336005098827202,0.0006977280086805463
tree_nitrogen_froot_sp1,34,0.02543903932610935,0.02543903932610935,0.033047099263470915,0.010453427232041537
tree_nitrogen_leaf_sp1,34,0.04303241714460771,0.04303241714460771,0.06595414970451266,0.019438344185345707
tree_nitrogen_stem_sp1,34,0.0022894917037150353,0.0022894917037150353,0.0020629569236989736,0.0006629446899377163
tree_root_in_top_30,34,-0.022111915546134314,0.09004162863279969,0.16306660368423606,0.04023304316854606
tree_root_to_shoot_sp1,34,-0.02877600160150094,0.09310230317971455,0.189301217628977,0.04758700633398606
cy0,35,-0.015180977945174774,0.19561652849856154,0.31493071806645573,0.07096910245854972
clay,35,-0.25844067163154977,0.6410304489481721,1.6572106348221232,0.44233109799495884
temp_ci_delta,35,0.08453382111196298,0.16205669855030255,0.2884438376960155,0.08068651250078636
rain_ci_delta,35,0.2533437379497556,0.650662791578681,1.5676715368068685,0.46084993791392
evap_ci_delta,35,-0.04693361298069205,0.05596454685623187,0.19598104443793432,0.05594965153423801
ef_burn_crop_N2O_scale,35,-0.005265088621357888,0.0052803736479660355,0.0031715425661112706,0.0007929160788463259
ef_burn_crop_CH4_scale,35,-0.019646628497269482,0.019668161301219116,0.011926626289819726,0.00335814998366869
ef_burn_tree_N2O_scale,35,0.005022175921383804,0.005022175921383804,0.007602566060775565,0.0022845783313707887
ef_burn_tree_CH4_scale,35,0.02173527541373344,0.02173527541373344,0.02863463057802341,0.008588836028855509
ef_N_inputs,35,-0.0787580477578762,0.12069287477735417,0.11340256794222335,0.021654555394739355
combustion_factor_crop,35,-0.0231085823735682,0.02313439661124072,0.015554308587243703,0.00456367282745155
combustion_factor_tree,35,0.029798880078079147,0.029798880078079147,0.04330794124759837,0.012790331685473348
volatile_frac_organic_fertiliser,35,-0.002875425650974117,0.002875425650974117,0.00030556244209777267,8.220332913377413e-05
volatile_frac_synthetic_fertiliser,35,0.01629739688896318,0.01629739688896318,0.0016405654386365467,0.0005054828205226355
base_sf_qty_scale,35,-0.12981374696526493,0.12981374696526493,0.011684697112333452,0.003828718301943305
proj_lit_qty_scale,35,0.013799136812929765,0.01481771288820046,0.009578913065677208,0.0022806792921108536
base_stand_density_scale,35,0.0,0.0,0.0,0.0
proj_stand_density_scale,35,3.018324332477154,3.018324332477154,3.5618925550409264,1.2363972720720784
tree_wood_dens_sp1,35,2.468529759875732,2.468529759875732,2.567973562958596,0.7663573959891682
base_cover,35,0.008801841274767516,0.20150143882657975,0.32320600080523965,0.08291454677331035
base_fire_off,35,-0.024885313060658453,0.024885313060658453,0.08969221031413521,0.02347518591733366
base_fire_on,35,-0.03493285974000252,0.03493285974000252,0.00595614489564282,0.0018859905989437045
base_mortality,35,0.0,0.0,0.0,0.0
base_sf_n_delta,35,-0.13290163271820102,0.13290163271820102,0.013646164833617273,0.004551771405151887
base_thinning_delta,35,0.0,0.0,0.0,0.0
crop_base_left_delta,35,0.06866978036563444,0.06866978036563444,0.031115808851943757,0.009930185013991002
crop_base_yield_delta,35,-0.031921974246001586,0.04302542978036091,0.03669870272614005,0.006414250777049966
crop_carbon_above_sp3,35,0.026839313703597083,0.026839313703597083,0.017476305946161966,0.005058240521343051
crop_carbon_below_sp3,35,0.04601770137915808,0.04601770137915808,0.01755704336767616,0.005747224826383334
crop_intercept_sp3,35,0.006896515071644782,0.008782420071564845,0.011738736286685043,0.0037979712151455713
crop_nitrogen_above_sp3,35,-0.011008484110478944,0.011008484110478944,0.00418252124488456,0.001249881712269793
crop_nitrogen_below_sp3,35,-0.01608103543472016,0.01608103543472016,0.002230587608652245,0.0006893207916088731
crop_carbon_above_sp10,35,0.0198456191162144,0.0198456191162144,0.010547761198700085,0.0032180184810029684
crop_carbon_below_sp10,35,0.008078769283376289,0.00814637916991813,0.005737372775073071,0.001666120636133651
crop_intercept_sp10,35,0.0028232222985093342,0.006163011337218513,0.006716685647973316,0.0011488374214694342
crop_nitrogen_above_sp10,35,-0.007081677975078688,0.007081677975078688,0.001432338465666469,0.0004374111624653842
crop_nitrogen_below_sp10,35,-0.004457407240105568,0.004457407240105568,0.001450641525036938,0.0004333593057344304
crop_proj_left_delta,35,0.02972726204332642,0.031839776991745304,0.027510639571584797,0.008044978746700314
crop_proj_yield_delta,35,0.04271546083726387,0.11783553005483346,0.1409687165838891,0.027001800401644346
crop_root_in_top_30,35,0.03214178807899605,0.03214178807899605,0.019763293229870877,0.006748818540155641
crop_root_to_shoot_sp3,35,0.02619873431597055,0.02619873431597055,0.013124406226902594,0.004139034724278824
crop_slope_sp3,35,0.0014206940468446728,0.003951797692042491,0.0047917983144849016,0.0008799294786489703
crop_root_to_shoot_sp10,35,0.0046886399286410725,0.005013428820911506,0.006099838005157631,0.0018126512382426912
crop_slope_sp10,35,-0.0026096990641329117,0.007158454235691117,0.008863855146792261,0.0017187678457824234
cy0_to_ceq_multiplier,35,0.0006705454763446861,0.003774202659559778,0.009028416283579048,0.0023674931192365495
litter_carbon,35,-0.01181717184442187,0.01181717184442187,0.006132449199929186,0.0019045764145671005
litter_nitrogen,35,0.023840581492758757,0.023840581492758757,0.0026222280512947544,0.0007248192172952497
mortality_fraction_branch_delta,35,0.001296499320289446,0.0061364488238773275,0.007653946145325351,0.0015382782547098146
mortality_fraction_croot_delta,35,-0.0006342089714589105,0.0026711546295815013,0.006078732310412221,0.0016465706556865458
mortality_fraction_froot_delta,35,6.085475446824806e-05,0.00149028981786386,0.002586363351000737,0.0007088187405383597
mortality_fraction_leaf_delta,35,-0.0002811779612833687,0.0025506427744016735,0.004190254295143963,0.001001445783583057
mortality_fraction_stem_delta,35,-0.009839083857148493,0.020932820813997784,0.04187464420057455,0.010667018875454418
pool_alloc_froot_sp1,35,0.058871563441389815,0.06706372823392662,0.04501556036977467,0.00952227138344195
pool_alloc_leaf_sp1,35,0.010673149962893272,0.1032966130487786,0.15450111145077788,0.033607445590778766
pool_alloc_stem_sp1,35,-0.6619847126899786,2.0717381398548915,2.914868967055259,0.686142782641878
pool_turnover_branch_sp1,35,-1.207937069518844,1.207937069518844,1.0025511308432735,0.2693082319184038
pool_turnover_croot_sp1,35,-0.356333402348341,0.36494710081875503,0.676148272348006,0.2057037600876962
pool_turnover_froot_sp1,35,-0.14898169037191264,0.15221351000098352,0.25020057784655886,0.07808177817482007
pool_turnover_leaf_sp1,35,-0.1195835151005015,0.1236214053538927,0.21433560103880606,0.06866362441567667
pool_turnover_stem_sp1,35,-32.83952203282146,32.83952203282146,35.54405151243147,11.098535730312719
proj_cover,35,0.06957472507448739,0.3631856822669932,0.7505289438380507,0.22014269049448146
proj_fire_off,35,0.023394939539442626,0.023394939539442626,0.07196133832964183,0.02342570071968813
proj_fire_on,35,0.29215148326985185,0.29215148326985185,0.3249934189872773,0.10558442034773773
proj_mortality,35,-1.1544299206203263,1.1544299206203263,1.0991594493892163,0.34917766000632333
proj_thinning_delta,35,-26.084689909140973,30.65473387578826,45.26413059109881,13.028608063022977
roth_c_cover_c,35,-0.0021869175653326466,0.00763255897781554,0.015515343232779154,0.003812567259317029
roth_c_dpm_frac_crop,35,-0.024234269352945238,0.024234269352945238,0.02308086358370979,0.007629662331228897
roth_c_dpm_frac_tree,35,-0.0015302815476715248,0.015891454162369416,0.025235405134650418,0.006573547784656438
roth_c_moisture_b_slope,35,-0.0065134324988846415,0.2176185510519537,0.43361128510586383,0.1050788144814089
roth_c_temp_a1,35,0.11428871668106835,0.24293561913332443,0.42703510314909615,0.09917481164145495
roth_c_temp_a2,35,-0.07758864705039309,0.41715652269651143,0.7176793628712552,0.18404583855903928
thinning_fraction_branch_delta,35,0.007477799360643217,0.007477799360643217,0.008674643255618633,0.0024969261900277995
thinning_fraction_croot_delta,35,0.0028568233363213793,0.003260755154217132,0.0037433517079638132,0.0010670146304407747
thinning_fraction_froot_delta,35,0.0014581738127215915,0.0014581738127215915,0.00179567496181928,0.0005604296412724387
thinning_fraction_leaf_delta,35,0.003001726878927924,0.003001726878927924,0.0035050842610858685,0.0010799709080045747
thinning_fraction_stem_delta,35,0.012560287416726152,0.01988041720766041,0.02795021063868175,0.006219339776967966
tree_carbon_sp1,35,2.511067587517907,2.511067587517907,3.132270704753945,0.9694022659047395
tree_nitrogen_branch_sp1,35,0.0010540833550600564,0.0010540833550600564,0.0009359643213939172,0.0002607657589907592
tree_nitrogen_croot_sp1,35,0.0010356285030820645,0.0010356285030820645,0.0024022121420348174,0.0007177890516360155
tree_nitrogen_froot_sp1,35,0.025472937397706164,0.025472937397706164,0.03374398658914991,0.010673918736779902
tree_nitrogen_leaf_sp1,35,0.043264870680498106,0.043264870680498106,0.0677464067544914,0.019952940817775704
tree_nitrogen_stem_sp1,35,0.0022626408167269714,0.0022626408167269714,0.0020979785588873157,0.0006726742256093183
tree_root_in_top_30,35,-0.02132053866331334,0.08968133308567236,0.16196602294971246,0.03988410089380515
tree_root_to_shoot_sp1,35,0.41664280692939154,0.41664280692939154,0.44474575289873475,0.14743519719013473
cy0,36,-0.010908146784216486,0.19967498112262513,0.3137615139938118,0.06943997801804899
clay,36,-0.4023809511631674,0.7403275974850482,2.013108528552185,0.544160484951154
temp_ci_delta,36,0.1912598820475195,0.23791584458987441,0.4522743043720125,0.13910787437656122
rain_ci_delta,36,0.5830881627091113,0.8537119547512788,2.1906444940984295,0.6610540565299039
evap_ci_delta,36,-0.07772066235245742,0.08364254021718867,0.28424569027741114,0.08095977997240116
ef_burn_crop_N2O_scale,36,-0.005265088621358084,0.005280373647966248,0.0031715425661117996,0.0007929160788465173
ef_burn_crop_CH4_scale,36,-0.01964662849726976,0.019668161301219393,0.011926626289819291,0.003358149983668433
ef_burn_tree_N2O_scale,36,0.006438487166231512,0.006438487166231512,0.010189034293032266,0.0030556237990324205
ef_burn_tree_CH4_scale,36,0.02819747948499645,0.02819747948499645,0.040056440951214335,0.012123692586149882
ef_N_inputs,36,-0.07822023117060338,0.12216665484404794,0.11696161144807889,0.022509288558736115
combustion_factor_crop,36,-0.0231085823735679,0.023134396611240417,0.015554308587243958,0.004563672827451598
combustion_factor_tree,36,0.03828892010781722,0.03828892010781722,0.05765943748009387,0.017211154217245474
volatile_frac_organic_fertiliser,36,-0.0028754256509735967,0.0028754256509735967,0.00030556244209828897,8.220332913388815e-05
volatile_frac_synthetic_fertiliser,36,0.016297396888962794,0.016297396888962794,0.0016405654386361726,0.000505482820522471
base_sf_qty_scale,36,-0.12981374696526476,0.12981374696526476,0.011684697112334238,0.0038287183019436537
proj_lit_qty_scale,36,0.014221138074219732,0.015104267946399255,0.00952941550567284,0.00232286459704712
base_stand_density_scale,36,0.0,0.0,0.0,0.0
proj_stand_density_scale,36,-0.7447880183197072,0.9345376479627674,1.971905041903457,0.6384894319357699
tree_wood_dens_sp1,36,-0.48403255612457824,0.6895983621014627,1.5307437107206536,0.44371250994750405
base_cover,36,0.0012911459784041763,0.20338037379959442,0.3215991331448518,0.08103103900922105
base_fire_off,36,-0.024885313060658495,0.024885313060658495,0.08969221031413534,0.023475185917333705
base_fire_on,36,-0.034932859740002264,0.034932859740002264,0.005956144895642665,0.0018859905989435867
base_mortality,36,0.0,0.0,0.0,0.0
base_sf_n_delta,36,-0.13290163271820096,0.13290163271820096,0.013646164833617455,0.0045517714051518075
base_thinning_delta,36,0.0,0.0,0.0,0.0
crop_base_left_delta,36,0.06691975843732204,0.06691975843732204,0.030965444152145645,0.009874473316431936
crop_base_yield_delta,36,-0.03424803127236446,0.044382811435436785,0.03642569878484662,0.006523674511610666
crop_carbon_above_sp3,36,0.02351169682131269,0.02351169682131269,0.015356044249259381,0.004457131283182308
crop_carbon_below_sp3,36,0.04124949050196215,0.04124949050196215,0.016532858832039584,0.005422004593901151
crop_intercept_sp3,36,0.004877573507406208,0.006880832706994616,0.009767986859244467,0.0030176404600308964
crop_nitrogen_above_sp3,36,-0.011008484110479461,0.011008484110479461,0.004182521244883884,0.0012498817122695255
crop_nitrogen_below_sp3,36,-0.01608103543472085,0.01608103543472085,0.0022305876086517492,0.0006893207916087304
crop_carbon_above_sp10,36,0.01917957882278073,0.01917957882278073,0.010451396935056876,0.003188983551715156
crop_carbon_below_sp10,36,0.007808030743968642,0.007891043461245086,0.005690526169146638,0.001643930684826481
crop_intercept_sp10,36,0.0026028186757644316,0.0061641300432655945,0.0067411075031792505,0.0011092713987850748
crop_nitrogen_above_sp10,36,-0.007081677975078762,0.007081677975078762,0.0014323384656659383,0.00043741116246521805
crop_nitrogen_below_sp10,36,-0.0044574072401058675,0.0044574072401058675,0.0014506415250371294,0.0004333593057344335
crop_proj_left_delta,36,0.024555573558601936,0.027587812019978026,0.024500548817607586,0.006793291464883084
crop_proj_yield_delta,36,0.07594256363792151,0.12866206078107792,0.13106177022465534,0.023631293208728386
crop_root_in_top_30,36,0.027184517103635404,0.0272958540823867,0.018727968984681674,0.006353632896260441
crop_root_to_shoot_sp3,36,0.021657697687570844,0.021657697687570844,0.012321086513112835,0.003917718799679195
crop_slope_sp3,36,-0.00032531564372219047,0.0036504218647890494,0.004578753674774036,0.0008230290154115614
crop_root_to_shoot_sp10,36,0.004398725881661726,0.004771535822660435,0.006026365482823828,0.0017746593619768127
crop_slope_sp10,36,-0.0032082128279589685,0.007267422382116641,0.00881596128553789,0.0017526115699712692
cy0_to_ceq_multiplier,36,0.0008198494921722171,0.0036976101928147403,0.008734670907677848,0.002272322201574734
litter_carbon,36,-0.011405154171258819,0.011405154171258819,0.0060876319487438565,0.0018942995523217616
litter_nitrogen,36,0.023840581492757956,0.023840581492757956,0.0026222280512940683,0.0007248192172949062
mortality_fraction_branch_delta,36,0.011143651616236885,0.011210109712112951,0.006185528924226458,0.0016821205249836577
mortality_fraction_croot_delta,36,0.00342017439182619,0.0036737090733707555,0.00231824068825298,0.0005541709646908826
mortality_fraction_froot_delta,36,0.0018181751082993803,0.001916099370248725,0.001029928311582783,0.00024831603157249424
mortality_fraction_leaf_delta,36,0.0030246049563530594,0.003038879537816584,0.001815225851611865,0.0006231914448804066
mortality_fraction_stem_delta,36,0.018446443615673828,0.019723241241017035,0.017560514551279306,0.00481379225037955
pool_alloc_froot_sp1,36,0.041400102920870055,0.05709757833847011,0.0533333516840581,0.010199520361857266
pool_alloc_leaf_sp1,36,0.061649478198530575,0.09492912882528075,0.09275005842278654,0.01727716835954377
pool_alloc_stem_sp1,36,0.2543080668190252,0.8369171448595496,1.2757450153903263,0.2980202562297975
pool_turnover_branch_sp1,36,0.5343415132189662,0.5428446295374246,0.6696322654052764,0.16732293032592502
pool_turnover_croot_sp1,36,0.12377999682399721,0.1306950534465019,0.10438369422424729,0.030408486155933077
pool_turnover_froot_sp1,36,0.0789924740376295,0.0789924740376295,0.05566201451304584,0.018933571466448848
pool_turnover_leaf_sp1,36,0.08439709059526823,0.08439709059526823,0.058466145739291604,0.015794146189308775
pool_turnover_stem_sp1,36,16.04466036444116,16.322329156022285,23.267182490431058,6.765937978605128
proj_cover,36,-0.17824065349837137,0.4849511630252209,0.9913434041524442,0.2740629730109576
proj_fire_off,36,0.023394939539442293,0.023394939539442293,0.07196133832964087,0.02342570071968773
proj_fire_on,36,0.3877276366540646,0.3877276366540646,0.4835694504539979,0.15660387580319116
proj_mortality,36,0.9854695017885728,0.9932968937379562,2.0666377909447147,0.6520229769671781
proj_thinning_delta,36,15.529560462976303,15.737118871748365,26.336727540215932,8.03031990291699
roth_c_cover_c,36,0.0004566345534378055,0.00951606982491477,0.01772418899775827,0.004198936581678752
roth_c_dpm_frac_crop,36,-0.016588015012609807,0.016588015012609807,0.019908735934659492,0.006662569633267972
roth_c_dpm_frac_tree,36,0.05895769181435789,0.060251593858994826,0.11075518250256221,0.038791410956184394
roth_c_moisture_b_slope,36,-0.12483316175096135,0.3050907139931436,0.5438346874296389,0.12933596333275765
roth_c_temp_a1,36,0.2835327657839306,0.3671096946197519,0.6549931582935665,0.17084735119017105
roth_c_temp_a2,36,-0.3597825557676845,0.5919173035056657,1.1389325311354546,0.32263280671918815
thinning_fraction_branch_delta,36,-0.6772251633513647,0.6775821311039255,0.7349995495195979,0.22329003734614222
thinning_fraction_croot_delta,36,-0.18307091909774928,0.18318214057991672,0.2999576272476878,0.08530944795037339
thinning_fraction_froot_delta,36,-0.1414501139230365,0.14153140264238112,0.1989473944483649,0.06265299894590307
thinning_fraction_leaf_delta,36,-0.14292928879473873,0.1431705017773889,0.2178168139781412,0.06793073866163254
thinning_fraction_stem_delta,36,-1.320852434888406,1.323807020885193,2.4845869906885545,0.8698832099506733
tree_carbon_sp1,36,-0.8474211642931918,1.0448024582715385,2.5117709434497293,0.7371398804346951
tree_nitrogen_branch_sp1,36,0.0021125952009012337,0.0021125952009012337,0.0018614072148318082,0.00052453558759748
tree_nitrogen_croot_sp1,36,0.0014463677904719252,0.0014463677904719252,0.0030277198216292532,0.0009141185160831153
tree_nitrogen_froot_sp1,36,0.024065763651846338,0.024065763651846338,0.03250862553457509,0.010282519380829148
tree_nitrogen_leaf_sp1,36,0.04027127349151085,0.04027127349151085,0.06475448911215849,0.019058266136804558
tree_nitrogen_stem_sp1,36,0.0044440399098045315,0.0044440399098045315,0.006215755597877946,0.0018117089836935773
tree_root_in_top_30,36,-0.06583502520778153,0.10842379689538395,0.22869842853947633,0.06105271027071886
tree_root_to_shoot_sp1,36,-0.1214751559236609,0.13336485683825952,0.29025286987132637,0.08478138494012383
cy0,37,-0.006906997062454301,0.20369999796590577,0.3141680791525784,0.0683223804280779
clay,37,-0.263427289607738,0.6604139914171252,1.755067792206803,0.4720905917630447
temp_ci_delta,37,0.10391641822208383,0.17475539794707623,0.33226720160623135,0.09557180546506694
rain_ci_delta,37,0.3543837697154965,0.6845937017100368,1.7746953515704351,0.5319808205722643
evap_ci_delta,37,-0.05737947155214399,0.06482659192570285,0.23432198804422205,0.06713445689600035
ef_burn_crop_N2O_scale,37,-0.005265088621357697,0.005280373647965844,0.0031715425661116865,0.0007929160788464976
ef_burn_crop_CH4_scale,37,-0.0196466284972699,0.0196681613012195,0.011926626289819133,0.003358149983668394
ef_burn_tree_N2O_scale,37,0.0043775102060893915,0.0043775102060893915,0.007057965709244627,0.002121415906849763
ef_burn_tree_CH4_scale,37,0.019051674078969908,0.019051674078969908,0.02628927376531922,0.007905230437973677
ef_N_inputs,37,-0.08858444733606466,0.12324689836651681,0.10324219531264145,0.018950894564019362
combustion_factor_crop,37,-0.0231085823735682,0.02313439661124072,0.01555430858724368,0.00456367282745155
combustion_factor_tree,37,0.02635608626575875,0.02635608626575875,0.04052960094944137,0.012059431575476792
volatile_frac_organic_fertiliser,37,-0.002875425650973917,0.002875425650973917,0.0003055624420980074,8.220332913378601e-05
volatile_frac_synthetic_fertiliser,37,0.016297396888962975,0.016297396888962975,0.0016405654386362554,0.0005054828205225261
base_sf_qty_scale,37,-0.1298137469652645,0.1298137469652645,0.011684697112334315,0.0038287183019436945
proj_lit_qty_scale,37,0.014627258278966165,0.015378128635323101,0.009478337844055792,0.0023669010263940313
base_stand_density_scale,37,0.0,0.0,0.0,0.0
proj_stand_density_scale,37,0.6429951201408461,0.6809622644870197,0.45139087106835574,0.11366329534217104
tree_wood_dens_sp1,37,0.625677005367572,0.7060824618782418,0.4898911566679618,0.10030809012515732
base_cover,37,-0.00546328480733207,0.2047418044464096,0.3200486593771079,0.07936504059537812
base_fire_off,37,-0.024885313060658477,0.024885313060658477,0.0896922103141353,0.023475185917333687
base_fire_on,37,-0.03493285974000264,0.03493285974000264,0.005956144895642754,0.0018859905989436218
base_mortality,37,0.0,0.0,0.0,0.0
base_sf_n_delta,37,-0.13290163271820074,0.13290163271820074,0.013646164833617351,0.004551771405151841
base_thinning_delta,37,0.0,0.0,0.0,0.0
crop_base_left_delta,37,0.06524078324897745,0.06524078324897745,0.030814355096920227,0.009817895131663335
crop_base_yield_delta,37,-0.03648496649969864,0.045739511215668646,0.03614498865409398,0.006641953627445985
crop_carbon_above_sp3,37,0.021257305149249048,0.021257305149249048,0.01377954479250916,0.004012982641706205
crop_carbon_below_sp3,37,0.037956157343262235,0.037956157343262235,0.015605140222249863,0.005121665793209753
crop_intercept_sp3,37,0.0035284002345826863,0.0055978113176571405,0.008321837658537825,0.002466028056802796
crop_nitrogen_above_sp3,37,-0.011008484110479527,0.011008484110479527,0.0041825212448839575,0.0012498817122695992
crop_nitrogen_below_sp3,37,-0.01608103543472079,0.01608103543472079,0.002230587608651691,0.0006893207916086645
crop_carbon_above_sp10,37,0.01854130059621435,0.01854130059621435,0.010354897312734132,0.003160267463162794
crop_carbon_below_sp10,37,0.00754952410851283,0.007646794639568922,0.005644482636362098,0.0016228193607020244
crop_intercept_sp10,37,0.0023911116817551203,0.006167208605806329,0.00676537330204646,0.0010739842368137826
crop_nitrogen_above_sp10,37,-0.007081677975078854,0.007081677975078854,0.0014323384656657848,0.0004374111624651709
crop_nitrogen_below_sp10,37,-0.004457407240105585,0.004457407240105585,0.0014506415250373052,0.00043335930573451986
crop_proj_left_delta,37,0.021238093817104106,0.024864737884597952,0.022488561041753508,0.005972281783848901
crop_proj_yield_delta,37,0.09812764574111464,0.1376503711622219,0.12246874926037377,0.021731357773616972
crop_root_in_top_30,37,0.023678811746269887,0.02388617678106397,0.017827628873706185,0.0060093433530042295
crop_root_to_shoot_sp3,37,0.018616797723739847,0.01871545235227214,0.01165738114639097,0.0036675592112775522
crop_slope_sp3,37,-0.0014851285807992193,0.00372829924242897,0.004421430575674146,0.0008345039439895316
crop_root_to_shoot_sp10,37,0.004120324178051573,0.00456741194983438,0.005955313411761237,0.0017284118443316775
crop_slope_sp10,37,-0.003782108707236921,0.007421557399512365,0.008769994934226697,0.0017790147454558086
cy0_to_ceq_multiplier,37,0.0009525397361829973,0.0036205973381626096,0.008515207469864032,0.0022072288227999665
litter_carbon,37,-0.011009585796800864,0.011009585796800864,0.00604256025855053,0.0018837774263189173
litter_nitrogen,37,0.02384058149275775,0.02384058149275775,0.0026222280512940128,0.0007248192172948731
mortality_fraction_branch_delta,37,0.00781965173072054,0.008242379384812154,0.004931863584957956,0.0011859250728023232
mortality_fraction_croot_delta,37,0.0018914575855749044,0.0028395562853440444,0.0028913946156759584,0.0005361348045299044
mortality_fraction_froot_delta,37,0.0011373250024178743,0.00149402398935847,0.0012543393396959892,0.00025427182421171004
mortality_fraction_leaf_delta,37,0.0017860250455667137,0.0023576215714855853,0.0018495740296536774,0.0003087915133740035
mortality_fraction_stem_delta,37,0.008399286370671893,0.013321091062859275,0.013814216256070589,0.002740346983441325
pool_alloc_froot_sp1,37,0.07208927947084012,0.07736732871568253,0.04481198547758203,0.010960524232206384
pool_alloc_leaf_sp1,37,0.10662244352166464,0.10968951140064731,0.061218080362883245,0.015611412611359104
pool_alloc_stem_sp1,37,-0.18697568936786899,0.4422917107548311,0.5230171241111679,0.10639379046800258
pool_turnover_branch_sp1,37,-0.14743824619165716,0.18976212851286595,0.16187206908248294,0.03069868317001703
pool_turnover_croot_sp1,37,0.070136115230884,0.09214006041836885,0.07820319496108302,0.01539160973392252
pool_turnover_froot_sp1,37,0.05213462356141615,0.05213462356141615,0.025050443727769236,0.008608953717223705
pool_turnover_leaf_sp1,37,0.05455558723019325,0.05662990527852372,0.0303106389502127,0.006975991845464924
pool_turnover_stem_sp1,37,-2.0851164557576194,4.967743935575535,5.7250347369161485,0.9887599253559259
proj_cover,37,0.03712235341328818,0.3868106975166886,0.7520407755134907,0.20426775454600352
proj_fire_off,37,0.023394939539442394,0.023394939539442394,0.07196133832964118,0.02342570071968789
proj_fire_on,37,0.2513755264400369,0.2513755264400369,0.2991309152222395,0.09767226643545762
proj_mortality,37,0.16557459574757497,0.4203076055450051,0.9972765908455226,0.31271553395378
proj_thinning_delta,37,-0.3065462968530773,4.714723447469493,8.862451239712247,2.2511822733106714
roth_c_cover_c,37,-0.0015231004894948525,0.008225856778482263,0.016563573390264427,0.004090132350947264
roth_c_dpm_frac_crop,37,-0.012078623632930436,0.012078623632930436,0.016932149483773286,0.005697532175228062
roth_c_dpm_frac_tree,37,-0.05223473093026609,0.05223473093026609,0.05050400864290124,0.017456177388289126
roth_c_moisture_b_slope,37,-0.03407074100472425,0.22800716114948405,0.4476018750769748,0.10806845917256043
roth_c_temp_a1,37,0.1481749496522098,0.27457982940079784,0.5368091316857052,0.13141590219931498
roth_c_temp_a2,37,-0.11150673254082695,0.4426236485713243,0.8198118272244596,0.21870196323604782
thinning_fraction_branch_delta,37,0.26680154778008003,0.26680154778008003,0.27822995046847415,0.08755739662321439
thinning_fraction_croot_delta,37,0.07862599405718393,0.07862599405718393,0.12495401441159965,0.035444523964555656
thinning_fraction_froot_delta,37,0.05823771713826055,0.05823771713826055,0.08437641033432468,0.026140495469705045
thinning_fraction_leaf_delta,37,0.06370357565726935,0.06370357565726935,0.08266232515347956,0.025860797660747583
thinning_fraction_stem_delta,37,0.5217666796866284,0.5217666796866284,0.9180343231662869,0.3150281188086833
tree_carbon_sp1,37,0.43330584883539797,0.6256141679237631,0.6125959250876767,0.11740318566387435
tree_nitrogen_branch_sp1,37,0.0008724955563491982,0.0008724955563491982,0.0008479109964750934,0.00023544218861579268
tree_nitrogen_croot_sp1,37,0.0009117145245362696,0.0009117145245362696,0.002257615929795943,0.0006782475151239646
tree_nitrogen_froot_sp1,37,0.02158652086063813,0.02158652086063813,0.029970561185293836,0.009422554087161014
tree_nitrogen_leaf_sp1,37,0.037088047732122056,0.037088047732122056,0.06155539163949806,0.018094857189217675
tree_nitrogen_stem_sp1,37,0.0018851070348135212,0.0018851070348135212,0.0018607107421523895,0.0005936467694632707
tree_root_in_top_30,37,0.11718803250403567,0.11957108320383028,0.08455439245253564,0.024990518384182127
tree_root_to_shoot_sp1,37,0.036526917240304144,0.07062825833003838,0.08426219687915026,0.017661775023136154
cy0,38,-0.003161933326123567,0.20696725945586927,0.31578691302624645,0.06779881904348957
clay,38,-0.17747288219064744,0.6231281278735546,1.593638881437176,0.4292382127852932
temp_ci_delta,38,-0.01440544799060664,0.11660745652089857,0.1707903546017415,0.03809646407787197
rain_ci_delta,38,0.003957150804862336,0.5230328172490811,1.1518714386126934,0.32695254274191754
evap_ci_delta,38,-0.02015241849146639,0.03690948714456369,0.1400800997234377,0.04157550503475984
ef_burn_crop_N2O_scale,38,-0.005265088621357888,0.0052803736479660026,0.003171542566111588,0.0007929160788464696
ef_burn_crop_CH4_scale,38,-0.019646628497269863,0.019668161301219494,0.011926626289819275,0.003358149983668347
ef_burn_tree_N2O_scale,38,0.00436288361372224,0.00436288361372224,0.007179892236890484,0.002157372382849777
ef_burn_tree_CH4_scale,38,0.01903300611810527,0.01903300611810527,0.026766376552355173,0.008062173165163809
ef_N_inputs,38,-0.08841625318166262,0.12423888657213869,0.10555445746009892,0.01944933719306726
combustion_factor_crop,38,-0.02310858237356801,0.023134396611240525,0.015554308587243765,0.004563672827451541
combustion_factor_tree,38,0.02636057224386813,0.02636057224386813,0.04126482681356315,0.01229540546830356
volatile_frac_organic_fertiliser,38,-0.002875425650973859,0.002875425650973859,0.0003055624420980405,8.220332913385301e-05
volatile_frac_synthetic_fertiliser,38,0.01629739688896286,0.01629739688896286,0.0016405654386362758,0.0005054828205225256
base_sf_qty_scale,38,-0.12981374696526457,0.12981374696526457,0.01168469711233444,0.003828718301943752
proj_lit_qty_scale,38,0.015018276967471173,0.01564666161167864,0.00942572099374488,0.002408057750102798
base_stand_density_scale,38,0.0,0.0,0.0,0.0
proj_stand_density_scale,38,0.3784019742023094,0.5098957551108094,0.4374664421817474,0.08991823526733586
tree_wood_dens_sp1,38,0.394491132299712,0.5506796308493551,0.48346504126054435,0.08070334708044984
base_cover,38,-0.011519381361941416,0.20562965724119753,0.3185085927644838,0.07788683588807774
base_fire_off,38,-0.024885313060658495,0.024885313060658495,0.08969221031413534,0.023475185917333705
base_fire_on,38,-0.034932859740002764,0.034932859740002764,0.005956144895642892,0.0018859905989436503
base_mortality,38,0.0,0.0,0.0,0.0
base_sf_n_delta,38,-0.13290163271820074,0.13290163271820074,0.013646164833617417,0.004551771405151839
base_thinning_delta,38,0.0,0.0,0.0,0.0
crop_base_left_delta,38,0.0636289679650799,0.06370932720282713,0.030662643015372415,0.009716004996011036
crop_base_yield_delta,38,-0.03863627615988545,0.04714880897371468,0.03585786542874485,0.006731724728007129
crop_carbon_above_sp3,38,0.019612674998082242,0.019612674998082242,0.012590086210753939,0.0036815506356147098
crop_carbon_below_sp3,38,0.03547746738999674,0.03547746738999674,0.014818707337308171,0.004863709175642725
crop_intercept_sp3,38,0.002547843026009508,0.004653472274199414,0.007213991661225532,0.0020604332139177546
crop_nitrogen_above_sp3,38,-0.011008484110479602,0.011008484110479602,0.004182521244883994,0.0012498817122695626
crop_nitrogen_below_sp3,38,-0.016081035434720774,0.016081035434720774,0.002230587608651572,0.0006893207916086627
crop_carbon_above_sp10,38,0.017929160984317828,0.017929160984317828,0.010258160755650477,0.003131809349815492
crop_carbon_below_sp10,38,0.007301715653127603,0.007412174993594187,0.0055995123197828634,0.0016028398351225887
crop_intercept_sp10,38,0.002188507279711591,0.006170138449299536,0.006788807103576187,0.0010436122117506066
crop_nitrogen_above_sp10,38,-0.007081677975079012,0.007081677975079012,0.0014323384656658568,0.0004374111624652034
crop_nitrogen_below_sp10,38,-0.004457407240105789,0.004457407240105789,0.001450641525037155,0.0004333593057344504
crop_proj_left_delta,38,0.018948925059298103,0.023031861548149398,0.021059609026182754,0.0053603598956578225
crop_proj_yield_delta,38,0.1141862497159182,0.14500508264093837,0.11542707590120888,0.020419232085720784
crop_root_in_top_30,38,0.02099042327575101,0.021261235630215543,0.01708459657413702,0.005731393139887422
crop_root_to_shoot_sp3,38,0.016379668680502082,0.016557163226961526,0.011133887021256395,0.0034643100541708258
crop_slope_sp3,38,-0.0023280287436675345,0.003997833618306149,0.004300755803032978,0.0008146132149770695
crop_root_to_shoot_sp10,38,0.0038522476670281663,0.004382751515472291,0.0058869401487734365,0.001681069028771256
crop_slope_sp10,38,-0.004331827298535653,0.007622955378316927,0.008725834327695177,0.0017974559629558614
cy0_to_ceq_multiplier,38,0.0010709469167091256,0.003543218433333517,0.008355828231017659,0.002166702985384806
litter_carbon,38,-0.010629713874202806,0.010629713874202806,0.005997135225484061,0.0018729897285941868
litter_nitrogen,38,0.023840581492758035,0.023840581492758035,0.0026222280512940245,0.0007248192172948599
mortality_fraction_branch_delta,38,0.0060722208571243,0.006718129166295872,0.004787073912504113,0.0010792443374253759
mortality_fraction_croot_delta,38,0.0011116249094057812,0.0027623199795828142,0.003797062937158117,0.0008377306963837255
mortality_fraction_froot_delta,38,0.00079569802908174,0.001399319892371889,0.0015330460677353262,0.00033415612095740404
mortality_fraction_leaf_delta,38,0.0011586650146480498,0.0020967306923470124,0.0022758253408249234,0.00043793128830336243
mortality_fraction_stem_delta,38,0.003064211283280652,0.013837154544516964,0.01970265566974377,0.00404521524471191
pool_alloc_froot_sp1,38,0.05000969073896826,0.06176344750934169,0.047014785587320265,0.008517631592150025
pool_alloc_leaf_sp1,38,0.06604806706385422,0.08893189878060632,0.07237061351414018,0.011669142586555145
pool_alloc_stem_sp1,38,-0.09977177602756115,0.33215024837309665,0.4288935872335264,0.08339245442462427
pool_turnover_branch_sp1,38,-0.01946308766526035,0.14521318291471536,0.19397147351504718,0.038886496351136515
pool_turnover_croot_sp1,38,0.04252203922719212,0.07875161431968938,0.09480252210051729,0.021095404130672738
pool_turnover_froot_sp1,38,0.038487173024109304,0.038487173024109304,0.016982206479342725,0.005279518447825605
pool_turnover_leaf_sp1,38,0.03884543226192425,0.0432585327984343,0.02631074572447791,0.005114037525113482
pool_turnover_stem_sp1,38,1.199041400156327,5.0005704743878905,7.7648447450191584,1.5834133766892877
proj_cover,38,0.309149728813614,0.40400813880270875,0.5907889245027221,0.16634524863471703
proj_fire_off,38,0.02339493953944246,0.02339493953944246,0.07196133832964131,0.02342570071968794
proj_fire_on,38,0.2503409881842168,0.2503409881842168,0.3052741774547259,0.09968868197879192
proj_mortality,38,0.32283205274395355,0.45707361808621094,1.1783152828219412,0.37286105380073115
proj_thinning_delta,38,2.5152823400969857,5.34941703816927,9.399805834415716,2.340991045243749
roth_c_cover_c,38,-0.004423687017489522,0.006807981967497071,0.015013017745075454,0.004007701876140089
roth_c_dpm_frac_crop,38,-0.009268398791452992,0.009268398791452992,0.014301735557798092,0.004823632263461707
roth_c_dpm_frac_tree,38,-0.037378475216510276,0.037378475216510276,0.03036564353907336,0.01066305209221716
roth_c_moisture_b_slope,38,0.09056987985837414,0.1582623674676538,0.33963428145436214,0.08618163955702736
roth_c_temp_a1,38,-0.029586836508020437,0.21268395632598147,0.3101100734546026,0.06129403477666565
roth_c_temp_a2,38,0.19719412832291544,0.3622827221316248,0.4569397968854603,0.10816441354431557
thinning_fraction_branch_delta,38,0.14259062039853776,0.14259062039853776,0.14420213278120422,0.04557974920223912
thinning_fraction_croot_delta,38,0.04100498415134151,0.04100498415134151,0.06045457962955872,0.017244840051492894
thinning_fraction_froot_delta,38,0.031202403794714208,0.031202403794714208,0.04290380308283734,0.013369434788222778
thinning_fraction_leaf_delta,38,0.034800027736058746,0.034800027736058746,0.04683784472650423,0.014595020355757406
thinning_fraction_stem_delta,38,0.2829667123093794,0.2829667123093794,0.4970090533605768,0.17130705793525944
tree_carbon_sp1,38,0.18063623125784206,0.6228566237880249,0.8446484823035558,0.17825265774921104
tree_nitrogen_branch_sp1,38,0.0008609800563455172,0.0008609800563455172,0.0008579953871868871,0.00023832812630929055
tree_nitrogen_croot_sp1,38,0.0009183612556399295,0.0009183612556399295,0.002310975530868993,0.0006943679394783058
tree_nitrogen_froot_sp1,38,0.021619520695725612,0.021619520695725612,0.03050369335839829,0.009589773398004152
tree_nitrogen_leaf_sp1,38,0.037279661371829156,0.037279661371829156,0.06295577258060064,0.018496708838396374
tree_nitrogen_stem_sp1,38,0.0018663346521743812,0.0018663346521743812,0.0018889988570934297,0.0006014426741903352
tree_root_in_top_30,38,0.06377650171263852,0.08116716208750452,0.06505387979856751,0.011780187299955332
tree_root_to_shoot_sp1,38,0.011525353102860755,0.06586198240388018,0.10616443061101298,0.023869677009056248
cy0,39,0.0003425554101489342,0.20955544757687633,0.31830143677452116,0.0677681293251597
clay,39,-0.14614937892580732,0.6086750254146687,1.540295000028126,0.415699810097165
temp_ci_delta,39,-0.03224063290554357,0.10256358295340409,0.1335565780121844,0.02698274390526141
rain_ci_delta,39,-0.09610703274668894,0.4586461659103625,0.8774384262552983,0.23553693345384547
evap_ci_delta,39,-0.005877197917048366,0.02732154568277338,0.10538724972657756,0.03165006286736143
ef_burn_crop_N2O_scale,39,-0.005265088621357964,0.005280373647966044,0.0031715425661116227,0.0007929160788464879
ef_burn_crop_CH4_scale,39,-0.019646628497269877,0.019668161301219508,0.011926626289819307,0.003358149983668373
ef_burn_tree_N2O_scale,39,0.004348584744850439,0.004348584744850439,0.007297122031638194,0.0021918868327924987
ef_burn_tree_CH4_scale,39,0.019014026225397367,0.019014026225397367,0.027228557155303576,0.008214750531130424
ef_N_inputs,39,-0.08827234868804908,0.1251811458923849,0.10774239096708978,0.019930993223640524
combustion_factor_crop,39,-0.023108582373568276,0.023134396611240792,0.015554308587243689,0.004563672827451521
combustion_factor_tree,39,0.02636364770520482,0.02636364770520482,0.041977444309293226,0.012524316421647027
volatile_frac_organic_fertiliser,39,-0.0028754256509737758,0.0028754256509737758,0.00030556244209799813,8.220332913382176e-05
volatile_frac_synthetic_fertiliser,39,0.016297396888962857,0.016297396888962857,0.0016405654386362964,0.0005054828205225221
base_sf_qty_scale,39,-0.12981374696526454,0.12981374696526454,0.011684697112334391,0.0038287183019437396
proj_lit_qty_scale,39,0.015394897150416078,0.01593044813912711,0.009371622919696974,0.002435739812631027
base_stand_density_scale,39,0.0,0.0,0.0,0.0
proj_stand_density_scale,39,0.24708067895608501,0.46553993980852304,0.5208776167231886,0.11546432954980489
tree_wood_dens_sp1,39,0.28175477049184633,0.4980841487463462,0.5382677794699507,0.10188053634494589
base_cover,39,-0.01693081419444938,0.2060852716916861,0.31694391996894145,0.0765697284903511
base_fire_off,39,-0.024885313060658488,0.024885313060658488,0.08969221031413531,0.023475185917333694
base_fire_on,39,-0.034932859740002695,0.034932859740002695,0.005956144895642929,0.0018859905989436487
base_mortality,39,0.0,0.0,0.0,0.0
base_sf_n_delta,39,-0.1329016327182007,0.1329016327182007,0.013646164833617356,0.00455177140515183
base_thinning_delta,39,0.0,0.0,0.0,0.0
crop_base_left_delta,39,0.0620818614070187,0.062241216808780406,0.03050956296109885,0.009616339425531964
crop_base_yield_delta,39,-0.04070540384127691,0.04858510895573851,0.03556447717818878,0.006785821197998605
crop_carbon_above_sp3,39,0.018335234475387468,0.018335234475387468,0.011679734848373263,0.003431029149988357
crop_carbon_below_sp3,39,0.03347912432521617,0.03347912432521617,0.014172303902900142,0.004649093897878003
crop_intercept_sp3,39,0.0017832055666471864,0.0040005605077678,0.00634755753970328,0.0017411912809605812
crop_nitrogen_above_sp3,39,-0.01100848411047966,0.01100848411047966,0.00418252124488388,0.0012498817122695426
crop_nitrogen_below_sp3,39,-0.0160810354347209,0.0160810354347209,0.0022305876086515233,0.0006893207916086265
crop_carbon_above_sp10,39,0.017341784434117997,0.017341784434117997,0.010161400605432793,0.003103590376534472
crop_carbon_below_sp10,39,0.007064542077011335,0.007187285694243558,0.005555133457933557,0.0015836784332347055
crop_intercept_sp10,39,0.001993655032652261,0.00617352625784087,0.0068120840348856095,0.0010177719447051797
crop_nitrogen_above_sp10,39,-0.007081677975079137,0.007081677975079137,0.0014323384656656309,0.00043741116246511424
crop_nitrogen_below_sp10,39,-0.004457407240105552,0.004457407240105552,0.0014506415250372775,0.0004333593057345171
crop_proj_left_delta,39,0.01725966709557343,0.02168035646824446,0.019982105722804885,0.004893109989794903
crop_proj_yield_delta,39,0.126646085708528,0.15098966547173434,0.10979951491693879,0.01998488561984634
crop_root_in_top_30,39,0.018794870108132154,0.01911258592850634,0.016482921145513068,0.005507489326250837
crop_root_to_shoot_sp3,39,0.014599721240088504,0.01483501735015751,0.010725378590225099,0.0033041826628528617
crop_slope_sp3,39,-0.002990706733651563,0.004285456976711391,0.004204629438870651,0.0008138387811622378
crop_root_to_shoot_sp10,39,0.0035949219683259898,0.004203724318501326,0.005820400762926168,0.0016368212252108223
crop_slope_sp10,39,-0.004859242530665596,0.007842826604324941,0.008683201294285741,0.001817385768167601
cy0_to_ceq_multiplier,39,0.001175968059242738,0.0034652791776497494,0.008243191471376076,0.002145335482412938
litter_carbon,39,-0.010264817197515944,0.010264817197515944,0.005951310479715936,0.0018619225536395804
litter_nitrogen,39,0.023840581492758042,0.023840581492758042,0.002622228051294022,0.0007248192172948555
mortality_fraction_branch_delta,39,0.005106472293728745,0.005976830107642298,0.004818106315364931,0.0010375105600808113
mortality_fraction_croot_delta,39,0.0006978452654213596,0.002703013635462548,0.0042869939323539955,0.001016306080439035
mortality_fraction_froot_delta,39,0.0006152302558199929,0.0013544238546660925,0.0016903015487782624,0.0003947556414091592
mortality_fraction_leaf_delta,39,0.0008232847773458924,0.002066629378811921,0.002576368911298048,0.0005267032822658438
mortality_fraction_stem_delta,39,0.00015400823625218163,0.014770381992970368,0.023802519798765312,0.0052959899715459184
pool_alloc_froot_sp1,39,0.03900912861388379,0.05689913897266478,0.0545936184047249,0.01071000680522724
pool_alloc_leaf_sp1,39,0.04518711750972753,0.08830709726054893,0.09329259430695061,0.016129576936630124
pool_alloc_stem_sp1,39,-0.056849940400922415,0.29748074760257326,0.42659995788785116,0.08913538913710878
pool_turnover_branch_sp1,39,0.034597101899382844,0.1509960899988652,0.22506931439198044,0.04740002752515397
pool_turnover_croot_sp1,39,0.027547281235160658,0.07669257488594075,0.11110246791037376,0.026521555468354673
pool_turnover_froot_sp1,39,0.031115218826782292,0.03348485390132658,0.019507960961515212,0.004483894078316951
pool_turnover_leaf_sp1,39,0.030244841887705525,0.03840476255805574,0.03031361957553682,0.005069716811467671
pool_turnover_stem_sp1,39,2.6163321403074273,5.525186329061178,8.856804716091876,1.9632167665090516
proj_cover,39,0.36184881459046586,0.4172391003533605,0.5599597837715988,0.16272833340354348
proj_fire_off,39,0.02339493953944246,0.02339493953944246,0.07196133832964131,0.02342570071968794
proj_fire_on,39,0.24926675922894037,0.24926675922894037,0.3110627389021832,0.10158778879350495
proj_mortality,39,0.4007045197019575,0.49308888661223893,1.2842663476474463,0.40614384870097164
proj_thinning_delta,39,3.8057739847756147,5.891124999780461,10.298724204948105,2.675391259737601
roth_c_cover_c,39,-0.004998105101923592,0.0061399248282401645,0.014483618615432273,0.003994767963425791
roth_c_dpm_frac_crop,39,-0.00741487819192618,0.00741487819192618,0.012042083961404909,0.004065512138439059
roth_c_dpm_frac_tree,39,-0.023222047049018507,0.023222047049018507,0.017809734466654726,0.005879577492673322
roth_c_moisture_b_slope,39,0.12009896841649444,0.14806951937512206,0.32426214153363947,0.08797265724851973
roth_c_temp_a1,39,-0.06156006190618128,0.17762485616018844,0.23824804788984988,0.04875477447013665
roth_c_temp_a2,39,0.21530147266364294,0.34501586002181905,0.39726166469706586,0.08874901483741339
thinning_fraction_branch_delta,39,0.0822427929161556,0.0822427929161556,0.07949391440428577,0.025030524878641866
thinning_fraction_croot_delta,39,0.023025795515966264,0.023025795515966264,0.0303730582601687,0.008738852312151952
thinning_fraction_froot_delta,39,0.017843689108298543,0.017843689108298543,0.022751154534211008,0.007180625315697646
thinning_fraction_leaf_delta,39,0.020390620181629453,0.020390620181629453,0.027358085245365038,0.008525870279482938
thinning_fraction_stem_delta,39,0.1646690098962677,0.1646690098962677,0.28279511615250963,0.09836974580458938
tree_carbon_sp1,39,0.05764073182124867,0.6258821168134368,0.9784803909196618,0.22520353061027445
tree_nitrogen_branch_sp1,39,0.0008497407482170565,0.0008497407482170565,0.0008674965271252977,0.0002410276774321152
tree_nitrogen_croot_sp1,39,0.0009247018907061727,0.0009247018907061727,0.0023618333750968752,0.0007097254338063098
tree_nitrogen_froot_sp1,39,0.021648772819287256,0.021648772819287256,0.03101461356758463,0.009749629474785243
tree_nitrogen_leaf_sp1,39,0.03745627076904079,0.03745627076904079,0.0642903162062248,0.018879694209070964
tree_nitrogen_stem_sp1,39,0.0018483752465498992,0.0018483752465498992,0.0019168384570373142,0.0006091249262688371
tree_root_in_top_30,39,0.03647812611557159,0.07491482828279834,0.08756149605764647,0.01783768846100357
tree_root_to_shoot_sp1,39,-0.0012305902528286033,0.06528390939598851,0.11782677775724149,0.027719288786663385
cy0,40,0.00361921622026396,0.2115083884031514,0.3214431184767647,0.06813878988499728
clay,40,-0.13349372284974065,0.6037373111168918,1.5222732613799799,0.4111257895757079
temp_ci_delta,40,-0.016126630750820926,0.09928212556832798,0.13967852386685847,0.029530668189170578
rain_ci_delta,40,-0.08398884091842033,0.41970905924921675,0.7929909433469787,0.21163308993311522
evap_ci_delta,40,-0.004416421059442741,0.02753267390305193,0.10189155246750141,0.030430437742876883
ef_burn_crop_N2O_scale,40,-0.005265088621357826,0.00528037364796594,0.003171542566111634,0.0007929160788464507
ef_burn_crop_CH4_scale,40,-0.01964662849726989,0.01966816130121949,0.011926626289819265,0.003358149983668389
ef_burn_tree_N2O_scale,40,0.004334377389418956,0.004334377389418956,0.007408983221168819,0.002224757429851299
ef_burn_tree_CH4_scale,40,0.01899365713546379,0.01899365713546379,0.027672794944782197,0.008361979136121387
ef_N_inputs,40,-0.08815648989860989,0.12607193240554138,0.1097950199053716,0.02039130444941574
combustion_factor_crop,40,-0.0231085823735682,0.023134396611240716,0.015554308587243547,0.0045636728274515
combustion_factor_tree,40,0.02636393980886349,0.02636393980886349,0.04266447752835394,0.012745241085792329
volatile_frac_organic_fertiliser,40,-0.002875425650973734,0.002875425650973734,0.0003055624420980424,8.220332913383795e-05
volatile_frac_synthetic_fertiliser,40,0.016297396888962867,0.016297396888962867,0.0016405654386363623,0.0005054828205225485
base_sf_qty_scale,40,-0.12981374696526465,0.12981374696526465,0.011684697112334339,0.0038287183019437097
proj_lit_qty_scale,40,0.015757752426603926,0.016215064389108216,0.00931607080827168,0.0024607837209192776
base_stand_density_scale,40,0.0,0.0,0.0,0.0
proj_stand_density_scale,40,0.17938034205875225,0.45049798109905675,0.5734917780974775,0.13385705388322577
tree_wood_dens_sp1,40,0.22418156740637124,0.47790991421585255,0.5690058876829,0.11417864827096764
base_cover,40,-0.02174761330706409,0.20614658419008652,0.31532788983798204,0.07539023447495109
base_fire_off,40,-0.024885313060658488,0.024885313060658488,0.08969221031413531,0.023475185917333694
base_fire_on,40,-0.03493285974000288,0.03493285974000288,0.005956144895642922,0.0018859905989436388
base_mortality,40,0.0,0.0,0.0,0.0
base_sf_n_delta,40,-0.1329016327182006,0.1329016327182006,0.013646164833617368,0.004551771405151842
base_thinning_delta,40,0.0,0.0,0.0,0.0
crop_base_left_delta,40,0.06059605954430427,0.06083143209848239,0.030354869882248135,0.009519547711629881
crop_base_yield_delta,40,-0.04269593704762751,0.049957425348549175,0.03526543947483672,0.006866257001746201
crop_carbon_above_sp3,40,0.01729098729964182,0.01729098729964182,0.010972174095553964,0.0032386536921913214
crop_carbon_below_sp3,40,0.031785536246635306,0.031785536246635306,0.013648575531260244,0.004473069294047293
crop_intercept_sp3,40,0.0011554850089412192,0.00354623052062525,0.0056652467039075135,0.001485519877309611
crop_nitrogen_above_sp3,40,-0.011008484110479461,0.011008484110479461,0.0041825212448842256,0.001249881712269682
crop_nitrogen_below_sp3,40,-0.016081035434720774,0.016081035434720774,0.002230587608651595,0.0006893207916086685
crop_carbon_above_sp10,40,0.01677791524256343,0.01677791524256343,0.010064125575379642,0.0030754342610505698
crop_carbon_below_sp10,40,0.006837485800724416,0.006971436531958894,0.005511110590478291,0.0015654875867802938
crop_intercept_sp10,40,0.0018072745529342973,0.006188343618365487,0.006835057830297832,0.000989280011213048
crop_nitrogen_above_sp10,40,-0.007081677975078979,0.007081677975078979,0.001432338465665694,0.0004374111624651476
crop_nitrogen_below_sp10,40,-0.00445740724010561,0.00445740724010561,0.0014506415250372267,0.00043335930573447704
crop_proj_left_delta,40,0.015938492197818323,0.02058891854807591,0.019123660988266136,0.004536515777020575
crop_proj_yield_delta,40,0.13686488201254438,0.15576412577142582,0.10535395499224104,0.020367675963430143
crop_root_in_top_30,40,0.016916661231636588,0.017325739726323185,0.015999028408940564,0.005306020108309745
crop_root_to_shoot_sp3,40,0.013097591698012357,0.013379674134488817,0.010403964887024664,0.003175184933526916
crop_slope_sp3,40,-0.003546159566805043,0.004629110564368519,0.004125550494913872,0.000798074685735094
crop_root_to_shoot_sp10,40,0.003347340782370084,0.004036700163678889,0.005755896291037978,0.0015935322818347623
crop_slope_sp10,40,-0.005365234342981175,0.008065004873026905,0.008642114154074076,0.0018412500124252013
cy0_to_ceq_multiplier,40,0.0012689248294084521,0.003387748125278617,0.008166573105264197,0.0021385987215943353
litter_carbon,40,-0.009914293937203753,0.009914293937203753,0.005905004004374317,0.0018505685470982056
litter_nitrogen,40,0.023840581492758108,0.023840581492758108,0.0026222280512940405,0.0007248192172948749
mortality_fraction_branch_delta,40,0.004565206411180587,0.005629952952902103,0.0048033695188679105,0.0009911788348606052
mortality_fraction_croot_delta,40,0.00047620203845219754,0.0026554935994863665,0.004508450194239652,0.001101680990760246
mortality_fraction_froot_delta,40,0.0005171364233780256,0.0013254376788770534,0.0017601456882945174,0.000424489722663756
mortality_fraction_leaf_delta,40,0.0006409107413021864,0.0020618083468419922,0.0027355544450879915,0.0005746650719461076
mortality_fraction_stem_delta,40,-0.001415391090837742,0.01520217527954117,0.025996744270858577,0.0060161422375093546
pool_alloc_froot_sp1,40,0.03329790613313084,0.0539317842128905,0.058578043271484095,0.012412992692208018
pool_alloc_leaf_sp1,40,0.03426097742826391,0.08816575568964455,0.10410307666656392,0.019685871717256293
pool_alloc_stem_sp1,40,-0.033229968159206764,0.28497559666320116,0.430990161467489,0.09437567192716308
pool_turnover_branch_sp1,40,0.054876058922709504,0.15235712139327304,0.23821691714422913,0.05340275676187245
pool_turnover_croot_sp1,40,0.01921702704745558,0.07584021139985955,0.1215161521776319,0.030290252560842095
pool_turnover_froot_sp1,40,0.026939354751473587,0.03236186858973894,0.022919684114268625,0.004373100500232652
pool_turnover_leaf_sp1,40,0.025480096750780955,0.0371263867146487,0.03384125590333103,0.005608106295513199
pool_turnover_stem_sp1,40,3.195209217874091,5.699429932758851,9.209072760500998,2.1189747681460545
proj_cover,40,0.3390763448800519,0.386721924841984,0.5260708075657448,0.15347927814073445
proj_fire_off,40,0.02339493953944246,0.02339493953944246,0.07196133832964131,0.02342570071968794
proj_fire_on,40,0.24814287691657952,0.24814287691657952,0.3164680269192268,0.10336024671042039
proj_mortality,40,0.44073024540497696,0.5160015107968265,1.3454175284407475,0.42583323824325264
proj_thinning_delta,40,4.3598315279741175,6.102577887430234,10.687034118987366,2.850487082742114
roth_c_cover_c,40,-0.004709412727376121,0.005864345164928257,0.014338253192120913,0.0039323105335988045
roth_c_dpm_frac_crop,40,-0.006126175572393572,0.006126175572393572,0.010129616501198684,0.003421613179919356
roth_c_dpm_frac_tree,40,-0.014914504998531215,0.01615763156785039,0.01541476838083035,0.004409701001366702
roth_c_moisture_b_slope,40,0.11105826467485871,0.1452976320369052,0.3271202467672623,0.08804885790173873
roth_c_temp_a1,40,-0.044764734487241775,0.16381119087205892,0.2335382777663575,0.049023532016180676
roth_c_temp_a2,40,0.15390902074213964,0.30896082324588253,0.4061155253835201,0.1004771440115452
thinning_fraction_branch_delta,40,0.05065774035714565,0.05065774035714565,0.04608010518060176,0.014412482918452428
thinning_fraction_croot_delta,40,0.013983181391474381,0.013983181391474381,0.016056700364738413,0.0046897341455955375
thinning_fraction_froot_delta,40,0.010816632010643963,0.010816632010643963,0.012648680441801266,0.004067372865071569
thinning_fraction_leaf_delta,40,0.01274575619441479,0.01274575619441479,0.016120763031023673,0.005043810247591782
thinning_fraction_stem_delta,40,0.10171158900944918,0.10171158900944918,0.16653629623222527,0.058445724909365324
tree_carbon_sp1,40,-0.0033933820883671638,0.6201888128857493,1.0315422836804986,0.24685493470213354
tree_nitrogen_branch_sp1,40,0.0008387447497493234,0.0008387447497493234,0.0008763965754597316,0.00024353588930775582
tree_nitrogen_croot_sp1,40,0.0009306730831824455,0.0009306730831824455,0.002409948226839402,0.0007242468554051375
tree_nitrogen_froot_sp1,40,0.021673397212534848,0.021673397212534848,0.03150186564454062,0.009901654655106019
tree_nitrogen_leaf_sp1,40,0.03761556723085842,0.03761556723085842,0.06555346462283243,0.0192422379034148
tree_nitrogen_stem_sp1,40,0.0018311156347159657,0.0018311156347159657,0.0019440974224646085,0.0006166566902676935
tree_root_in_top_30,40,0.021974880023452402,0.07565595317793014,0.10212360811612578,0.021842199869103917
tree_root_to_shoot_sp1,40,-0.007798306062569757,0.06473596280060956,0.12215681892510255,0.02943604137342198
cy0,41,0.00668251997477382,0.214042418930118,0.32498998723029776,0.06844046653351807
clay,41,-0.12875903141652265,0.6002428994945519,1.51758688965367,0.4103369824155273
temp_ci_delta,41,0.005544019344575962,0.10689451219929232,0.16436910242839406,0.03830157430713152
rain_ci_delta,41,-0.03872062142094295,0.40619330739840354,0.7843294598772261,0.21072761665876305
evap_ci_delta,41,-0.008106199511922072,0.02922309898777064,0.10854216809346244,0.03188602176509423
ef_burn_crop_N2O_scale,41,-0.00526508862135803,0.005280373647966144,0.003171542566111519,0.0007929160788464395
ef_burn_crop_CH4_scale,41,-0.01964662849726988,0.01966816130121951,0.011926626289819279,0.0033581499836683897
ef_burn_tree_N2O_scale,41,0.004320044510005855,0.004320044510005855,0.007514858571523523,0.0022557987247539208
ef_burn_tree_CH4_scale,41,0.01897090619852084,0.01897090619852084,0.028096308430913833,0.008502955223205284
ef_N_inputs,41,-0.08807202884362819,0.12690973965554336,0.11170248906340481,0.020826151454769046
combustion_factor_crop,41,-0.023108582373568103,0.02313439661124062,0.015554308587243767,0.004563672827451528
combustion_factor_tree,41,0.026360176522613736,0.026360176522613736,0.0433231092933622,0.012957309033232474
volatile_frac_organic_fertiliser,41,-0.0028754256509737506,0.0028754256509737506,0.00030556244209783924,8.2203329133763e-05
volatile_frac_synthetic_fertiliser,41,0.01629739688896306,0.01629739688896306,0.0016405654386363968,0.000505482820522569
base_sf_qty_scale,41,-0.12981374696526443,0.12981374696526443,0.01168469711233437,0.003828718301943714
proj_lit_qty_scale,41,0.01610745578730004,0.016493620227545656,0.009259146553615793,0.002483246367046432
base_stand_density_scale,41,0.0,0.0,0.0,0.0
proj_stand_density_scale,41,0.14534533365736285,0.4383211516810606,0.5932461731967549,0.14255126745924254
tree_wood_dens_sp1,41,0.1945318514277587,0.46266466349934837,0.5774404344963023,0.11977478578600746
base_cover,41,-0.026015737377670843,0.2058511615374688,0.3136414808786953,0.07432748651015614
base_fire_off,41,-0.024885313060658495,0.024885313060658495,0.08969221031413534,0.023475185917333705
base_fire_on,41,-0.03493285974000267,0.03493285974000267,0.005956144895642713,0.0018859905989435737
base_mortality,41,0.0,0.0,0.0,0.0
base_sf_n_delta,41,-0.13290163271820074,0.13290163271820074,0.01364616483361726,0.004551771405151804
base_thinning_delta,41,0.0,0.0,0.0,0.0
crop_base_left_delta,41,0.05916904706070789,0.059477546476764086,0.03019843907997116,0.009425409558150258
crop_base_yield_delta,41,-0.04461099578047475,0.05136840892276766,0.034961564958292744,0.006859362617180433
crop_carbon_above_sp3,41,0.016403113596254883,0.016440344213294676,0.010413183226818399,0.003058516359329792
crop_carbon_below_sp3,41,0.030298753052713706,0.030298753052713706,0.013225757036170564,0.004328790280837039
crop_intercept_sp3,41,0.0006205421202086392,0.0032859733111916312,0.0051282564197082285,0.0012677728768728253
crop_nitrogen_above_sp3,41,-0.011008484110479461,0.011008484110479461,0.004182521244883949,0.0012498817122695812
crop_nitrogen_below_sp3,41,-0.016081035434720833,0.016081035434720833,0.0022305876086516304,0.0006893207916086686
crop_carbon_above_sp10,41,0.016236664195070492,0.016236664195070492,0.009966837283227269,0.0030474171022789134
crop_carbon_below_sp10,41,0.0066198877404744245,0.006764407081942066,0.005467687604971614,0.001547872080578541
crop_intercept_sp10,41,0.0016282458462315047,0.006207870559973646,0.006857341967258521,0.0009612921514622215
crop_nitrogen_above_sp10,41,-0.007081677975079062,0.007081677975079062,0.0014323384656658555,0.00043741116246520634
crop_nitrogen_below_sp10,41,-0.004457407240105506,0.004457407240105506,0.0014506415250372423,0.0004333593057345107
crop_proj_left_delta,41,0.01485496838243558,0.019663798999240006,0.018406887655417137,0.004253263986038916
crop_proj_yield_delta,41,0.14560427928327252,0.16063075545763233,0.10185819655491216,0.020668749307494676
crop_root_in_top_30,41,0.01525561172689514,0.015776135630515286,0.01560947719590082,0.005131183468493709
crop_root_to_shoot_sp3,41,0.01177709539775322,0.01209973036629218,0.010147001181090921,0.003069242388776462
crop_slope_sp3,41,-0.00403398114550918,0.004941763086327322,0.004058370962836409,0.0008001717618675402
crop_root_to_shoot_sp10,41,0.0031088607199437498,0.003876331580252572,0.005693283338568036,0.0015527106650985052
crop_slope_sp10,41,-0.005850582376940203,0.00833561079020447,0.008602151795595736,0.0018406489085448547
cy0_to_ceq_multiplier,41,0.0013510153060219744,0.003309940290833574,0.00811614974157063,0.0021420531124354504
litter_carbon,41,-0.009577387280630813,0.009577387280630813,0.005858272981486749,0.0018389157808039592
litter_nitrogen,41,0.023840581492758018,0.023840581492758018,0.0026222280512941056,0.0007248192172948771
mortality_fraction_branch_delta,41,0.004259492647681764,0.0054289387082471635,0.00472314229054852,0.0009464782741732425
mortality_fraction_croot_delta,41,0.00035806600084211797,0.002606636834662736,0.0045785427934231845,0.0011347647857671418
mortality_fraction_froot_delta,41,0.00046238348622494596,0.0013017822151908248,0.0017773395451747085,0.00043414263988048724
mortality_fraction_leaf_delta,41,0.0005417525220386549,0.002052073148867009,0.002794991295046711,0.0005942819406367065
mortality_fraction_stem_delta,41,-0.002230589179879147,0.01530546603639025,0.026978498558748027,0.006370898936939218
pool_alloc_froot_sp1,41,0.03024379695143633,0.051879359347654176,0.05989804822245023,0.013156286272035937
pool_alloc_leaf_sp1,41,0.028580257562701328,0.08687372669713175,0.10788787812299573,0.02131897495077623
pool_alloc_stem_sp1,41,-0.01919707966585611,0.28085638629565,0.42991530801128236,0.09521278353131157
pool_turnover_branch_sp1,41,0.05871621802168799,0.15226323791737192,0.24183407576670823,0.055223176880736274
pool_turnover_croot_sp1,41,0.014452556475898081,0.07539773613237778,0.12759284583002153,0.03254165698595529
pool_turnover_froot_sp1,41,0.02442740624062702,0.03183302768948475,0.025469891621622134,0.00472944808088869
pool_turnover_leaf_sp1,41,0.02282223120619438,0.03659080977090795,0.03585313006796339,0.006105711811476325
pool_turnover_stem_sp1,41,3.3552112711412647,5.669214716990231,9.15996476176703,2.129223667960829
proj_cover,41,0.3014150037669751,0.35452432801633227,0.4902115412670383,0.1416881748554562
proj_fire_off,41,0.02339493953944246,0.02339493953944246,0.07196133832964131,0.02342570071968794
proj_fire_on,41,0.24696066160565952,0.24696066160565952,0.3214647684146164,0.10499777646643933
proj_mortality,41,0.46050625198456957,0.5292112219007832,1.3779661092573114,0.4367114495582829
proj_thinning_delta,41,4.524241898002687,6.14520949454269,10.68016102387386,2.87588959960082
roth_c_cover_c,41,-0.004223015614036006,0.00584758821972745,0.01436531730059079,0.0039036671122293703
roth_c_dpm_frac_crop,41,-0.005187505008006188,0.005187505008006188,0.008525482865498632,0.002880920504556472
roth_c_dpm_frac_tree,41,-0.010059033735549273,0.013765273028597747,0.016054509101102173,0.00411519370147696
roth_c_moisture_b_slope,41,0.09206273416738578,0.15214578819823737,0.33322161186835186,0.08850421041854757
roth_c_temp_a1,41,-0.019051417726671592,0.15731813007662204,0.2527861542512,0.05710067105781043
roth_c_temp_a2,41,0.09053859246620541,0.31630735733725657,0.45695521818868995,0.11028004490248879
thinning_fraction_branch_delta,41,0.03369668061617426,0.03369668061617426,0.028514963871828572,0.008878035399104046
thinning_fraction_croot_delta,41,0.009338450981873681,0.009338450981873681,0.009239871528242278,0.00276220015874415
thinning_fraction_froot_delta,41,0.007071710497721572,0.007071710497721572,0.007643003834617639,0.002498097354142976
thinning_fraction_leaf_delta,41,0.0086214448812764,0.0086214448812764,0.00972892271541284,0.0030665112168273352
thinning_fraction_stem_delta,41,0.06757705845114874,0.06757705845114874,0.10293699694540348,0.03624980026302327
tree_carbon_sp1,41,-0.03162362234405288,0.6074407391737694,1.0358328622766464,0.2523775739856204
tree_nitrogen_branch_sp1,41,0.0008279620667700965,0.0008279620667700965,0.0008846794995773038,0.0002458485568389243
tree_nitrogen_croot_sp1,41,0.000936216302705288,0.000936216302705288,0.002455102011769681,0.0007378660867341533
tree_nitrogen_froot_sp1,41,0.021692575096987486,0.021692575096987486,0.031964107207517384,0.010045418948613775
tree_nitrogen_leaf_sp1,41,0.03775545148862251,0.03775545148862251,0.0667401830239119,0.019582911559914932
tree_nitrogen_stem_sp1,41,0.0018144521041082856,0.0018144521041082856,0.001970647890837739,0.0006240019340575491
tree_root_in_top_30,41,0.014266569584952713,0.07559720664194605,0.10859996294988264,0.023796508195397446
tree_root_to_shoot_sp1,41,-0.010865487195570248,0.06381289919928754,0.12170115643940212,0.029691712422313936
cy0,42,0.009543920228227292,0.2175561512239407,0.32876273842524667,0.0684938660863153
clay,42,-0.127499545058072,0.5972177717359803,1.5173273876335382,0.41074306860792803
temp_ci_delta,42,0.023929031981080994,0.11642804102782194,0.1896785359009543,0.04718595773815633
rain_ci_delta,42,0.008899067678097432,0.40563955821462133,0.8058047272780612,0.21900531065547832
evap_ci_delta,42,-0.013194452962277035,0.030441142160730995,0.11841759923317181,0.03480058506316449
ef_burn_crop_N2O_scale,42,-0.0052650886213578135,0.005280373647965961,0.0031715425661116886,0.000792916078846479
ef_burn_crop_CH4_scale,42,-0.019646628497269926,0.01966816130121952,0.011926626289819294,0.003358149983668429
ef_burn_tree_N2O_scale,42,0.004305388634619253,0.004305388634619253,0.007614191921439844,0.002284843807970723
ef_burn_tree_CH4_scale,42,0.018944869922883724,0.018944869922883724,0.028496583063944092,0.008636862198335612
ef_N_inputs,42,-0.08802188538909925,0.12769334245016614,0.11345621082797613,0.021231896663163212
combustion_factor_crop,42,-0.023108582373568044,0.023134396611240577,0.015554308587243774,0.004563672827451539
combustion_factor_tree,42,0.02635119098220485,0.02635119098220485,0.04395071049833521,0.013159710999816462
volatile_frac_organic_fertiliser,42,-0.0028754256509738174,0.0028754256509738174,0.0003055624420978722,8.220332913377698e-05
volatile_frac_synthetic_fertiliser,42,0.016297396888963034,0.016297396888963034,0.0016405654386364408,0.0005054828205225757
base_sf_qty_scale,42,-0.12981374696526454,0.12981374696526454,0.011684697112334436,0.003828718301943754
proj_lit_qty_scale,42,0.016444544974909985,0.016769778303937017,0.00920092249406693,0.002500912416940705
base_stand_density_scale,42,0.0,0.0,0.0,0.0
proj_stand_density_scale,42,0.12942358072380367,0.4270758062777239,0.5911831196119425,0.14324197354442206
tree_wood_dens_sp1,42,0.17941323248109636,0.4466512558273944,0.5721163144160958,0.12132766606646732
base_cover,42,-0.02977902361196782,0.20524567439182673,0.31187150332768737,0.07336069140642316
base_fire_off,42,-0.02488531306065852,0.02488531306065852,0.08969221031413543,0.023475185917333722
base_fire_on,42,-0.03493285974000271,0.03493285974000271,0.0059561448956428845,0.0018859905989436635
base_mortality,42,0.0,0.0,0.0,0.0
base_sf_n_delta,42,-0.1329016327182007,0.1329016327182007,0.013646164833617226,0.004551771405151789
base_thinning_delta,42,0.0,0.0,0.0,0.0
crop_base_left_delta,42,0.05779781289809103,0.05817671749691118,0.03004060600493431,0.009333849978781254
crop_base_yield_delta,42,-0.04645382868606631,0.05275423577021221,0.03465362508898603,0.0068369313422836624
crop_carbon_above_sp3,42,0.015625529354717164,0.015709107103055477,0.009963293433321696,0.002901531129905344
crop_carbon_below_sp3,42,0.02896248604320123,0.02896248604320123,0.012883582824261811,0.0042101101917131
crop_intercept_sp3,42,0.0001519119990353729,0.003148444503513495,0.004708936340573967,0.00110546835146558
crop_nitrogen_above_sp3,42,-0.011008484110479503,0.011008484110479503,0.004182521244884089,0.0012498817122695907
crop_nitrogen_below_sp3,42,-0.016081035434720812,0.016081035434720812,0.002230587608651713,0.0006893207916086908
crop_carbon_above_sp10,42,0.01571629020093786,0.01571629020093786,0.009868761367896628,0.003019366759044421
crop_carbon_below_sp10,42,0.006411488993263673,0.006565707443710147,0.0054246994964170904,0.0015310100345274206
crop_intercept_sp10,42,0.001456325817582077,0.0062269068458120636,0.006878973350354002,0.000936975529933588
crop_nitrogen_above_sp10,42,-0.007081677975079054,0.007081677975079054,0.0014323384656657473,0.00043741116246518976
crop_nitrogen_below_sp10,42,-0.0044574072401057305,0.0044574072401057305,0.00145064152503722,0.0004333593057344803
crop_proj_left_delta,42,0.013932802654120951,0.01885153576837806,0.017785601126615997,0.004020347086968293
crop_proj_yield_delta,42,0.15330881429990462,0.16518529932657305,0.09911058418217325,0.021131266122328216
crop_root_in_top_30,42,0.013753482145974444,0.014490962613192788,0.01529367319475197,0.004920136315135357
crop_root_to_shoot_sp3,42,0.010584279056298817,0.01094347978331871,0.009935945096910396,0.002980341937231426
crop_slope_sp3,42,-0.004475968328441338,0.005250199290865132,0.004000159977435682,0.0008033173582810302
crop_root_to_shoot_sp10,42,0.002879630191883012,0.0037298906063682443,0.005632162728630852,0.0015132615912812944
crop_slope_sp10,42,-0.006316640032778678,0.008605870640592098,0.008562979663592011,0.0018394039897858603
cy0_to_ceq_multiplier,42,0.0014231992488710238,0.0033309582552031787,0.008084809740411265,0.0021332264824421017
litter_carbon,42,-0.009253630141590748,0.009253630141590748,0.005811044473578589,0.001826984645717318
litter_nitrogen,42,0.02384058149275816,0.02384058149275816,0.0026222280512939616,0.0007248192172948892
mortality_fraction_branch_delta,42,0.004088245673278016,0.0052530778382659325,0.004597517866848202,0.000915363531461386
mortality_fraction_croot_delta,42,0.000297775350991325,0.0025560900677704334,0.004562350954214458,0.0011382612202618363
mortality_fraction_froot_delta,42,0.0004313600660687533,0.0012790947706572743,0.0017633759188973603,0.00043197452223109816
mortality_fraction_leaf_delta,42,0.0004898781368541466,0.0020315297097717204,0.002789153487974009,0.0005947642498875362
mortality_fraction_stem_delta,42,-0.002610459092272685,0.015183281633267395,0.02723040502206755,0.0065052088155252135
pool_alloc_froot_sp1,42,0.028565037939331666,0.0502841009493598,0.059695754510384294,0.013313674859588448
pool_alloc_leaf_sp1,42,0.025733958744186027,0.08492154695718787,0.10758634197710466,0.021665438424600447
pool_alloc_stem_sp1,42,-0.01002454527189838,0.27839539257791535,0.42485242308390836,0.0941937270989922
pool_turnover_branch_sp1,42,0.0545001428310947,0.1495970428909971,0.24190626396792284,0.05631977909299102
pool_turnover_croot_sp1,42,0.01165972436578,0.07506286769271683,0.1309512223639628,0.03382476192497373
pool_turnover_froot_sp1,42,0.022814476360273873,0.03152978248934214,0.02727762657688959,0.005097567000838462
pool_turnover_leaf_sp1,42,0.021351506579617416,0.03606954089584837,0.03670153328962477,0.006414099013024608
pool_turnover_stem_sp1,42,3.298207304844431,5.512537839774191,8.897067957136375,2.065239758296722
proj_cover,42,0.26736607337844365,0.32927687354790136,0.4601553121995062,0.13097572226166845
proj_fire_off,42,0.02339493953944246,0.02339493953944246,0.07196133832964131,0.02342570071968794
proj_fire_on,42,0.24571274559892298,0.24571274559892298,0.3260313743541946,0.1064932892299776
proj_mortality,42,0.46899134980738477,0.5351630027326194,1.392022137425268,0.44147473751457006
proj_thinning_delta,42,4.478622915454523,6.0476074274676614,10.433519131830913,2.8147004014812707
roth_c_cover_c,42,-0.00376272758128387,0.005916827758973187,0.014445631485064676,0.003900152783175957
roth_c_dpm_frac_crop,42,-0.004477682588618739,0.004477682588618739,0.007187784782872839,0.0024299336488242825
roth_c_dpm_frac_tree,42,-0.007176596019313165,0.012509436288537923,0.016528535725946286,0.004138634959099395
roth_c_moisture_b_slope,42,0.07313310823447108,0.16232757363279243,0.33708073913977304,0.08746354354545234
roth_c_temp_a1,42,0.00328806494193621,0.16699866276406689,0.27917472726627995,0.06229191680905161
roth_c_temp_a2,42,0.04406096375244688,0.328512262061109,0.5114195428121905,0.12566913388776982
thinning_fraction_branch_delta,42,0.024269662713190733,0.024269662713190733,0.019174647653153,0.005986091120740443
thinning_fraction_croot_delta,42,0.0068692882856287805,0.0068692882856287805,0.005967333419988063,0.0018361975268630494
thinning_fraction_froot_delta,42,0.005023353393211619,0.005023353393211619,0.00515666552312369,0.0016868040063431748
thinning_fraction_leaf_delta,42,0.006342180418459765,0.006342180418459765,0.006182012365926854,0.0019667790122193385
thinning_fraction_stem_delta,42,0.04853957218428619,0.04853957218428619,0.06777515170286158,0.023690171458991514
tree_carbon_sp1,42,-0.041989063443577626,0.589742885902898,1.0119138421438256,0.24839014051548075
tree_nitrogen_branch_sp1,42,0.0008173655490696125,0.0008173655490696125,0.0008923314512794145,0.000247962318113563
tree_nitrogen_croot_sp1,42,0.0009412783505134747,0.0009412783505134747,0.0024971029336073986,0.0007505249906657688
tree_nitrogen_froot_sp1,42,0.021705551660499697,0.021705551660499697,0.03240012156881077,0.010180534209705428
tree_nitrogen_leaf_sp1,42,0.03787405215137797,0.03787405215137797,0.06784603058375464,0.01990045431788941
tree_nitrogen_stem_sp1,42,0.0017982896967338818,0.0017982896967338818,0.0019963673486725095,0.0006311257451190881
tree_root_in_top_30,42,0.010237270372866123,0.07450974042845893,0.11019083585540083,0.02438293571643188
tree_root_to_shoot_sp1,42,-0.011930472562256943,0.0621114590729559,0.11827750795060607,0.029040022620910474
cy0,43,0.012215414366477292,0.22043701595350287,0.33261797188346487,0.06879080873748505
clay,43,-0.1276874503963044,0.5941705247387173,1.517551466506041,0.41121102154627975
temp_ci_delta,43,0.03730978343379116,0.12344888819006652,0.20903448071137495,0.05419034391700533
rain_ci_delta,43,0.048844502530300496,0.4135100666434807,0.8371672998692239,0.2285264781342208
evap_ci_delta,43,-0.018014829749903184,0.031088493194753035,0.12888126479006792,0.03821031109648999
ef_burn_crop_N2O_scale,43,-0.005265088621357872,0.005280373647965952,0.0031715425661116236,0.0007929160788464734
ef_burn_crop_CH4_scale,43,-0.019646628497269936,0.019668161301219567,0.011926626289819308,0.003358149983668387
ef_burn_tree_N2O_scale,43,0.004290232167793821,0.004290232167793821,0.007706493435621023,0.0023117460708268226
ef_burn_tree_CH4_scale,43,0.01891473776884852,0.01891473776884852,0.0288713938671315,0.008762976685236696
ef_N_inputs,43,-0.08800852549772262,0.12842183204184088,0.11504898391353882,0.021605415903167034
combustion_factor_crop,43,-0.023108582373567978,0.023134396611240494,0.01555430858724377,0.00456367282745155
combustion_factor_tree,43,0.026335925416871013,0.026335925416871013,0.04454486588360461,0.013351706066863341
volatile_frac_organic_fertiliser,43,-0.0028754256509738174,0.0028754256509738174,0.0003055624420978664,8.220332913377161e-05
volatile_frac_synthetic_fertiliser,43,0.016297396888962888,0.016297396888962888,0.0016405654386363665,0.0005054828205225539
base_sf_qty_scale,43,-0.12981374696526457,0.12981374696526457,0.011684697112334353,0.003828718301943724
proj_lit_qty_scale,43,0.016769604535673232,0.017034839239927435,0.009141488679949688,0.0025193778482762914
base_stand_density_scale,43,0.0,0.0,0.0,0.0
proj_stand_density_scale,43,0.12353526036189677,0.41368500290121346,0.5757140154255651,0.13998943850692613
tree_wood_dens_sp1,43,0.17219208739603414,0.43011969661923005,0.5587624258327375,0.12032301593235714
base_cover,43,-0.033076937559003844,0.20445959450930812,0.31000906332233247,0.07246884130046118
base_fire_off,43,-0.024885313060658495,0.024885313060658495,0.08969221031413534,0.023475185917333698
base_fire_on,43,-0.03493285974000266,0.03493285974000266,0.00595614489564285,0.001885990598943649
base_mortality,43,0.0,0.0,0.0,0.0
base_sf_n_delta,43,-0.13290163271820082,0.13290163271820082,0.013646164833617351,0.004551771405151835
base_thinning_delta,43,0.0,0.0,0.0,0.0
crop_base_left_delta,43,0.056480148552146156,0.05692674359734799,0.029881089223838638,0.00924454001992852
crop_base_yield_delta,43,-0.04822675221216326,0.054079700575775914,0.03434169690765448,0.006838059178865983
crop_carbon_above_sp3,43,0.014929072971231092,0.015054364683749568,0.009593568855298176,0.002770544217205998
crop_carbon_below_sp3,43,0.027741852363045705,0.027741852363045705,0.012604429789182872,0.004111561841131571
crop_intercept_sp3,43,-0.00026584177831055213,0.0030492629531209932,0.0043863744956566956,0.0009963379853262751
crop_nitrogen_above_sp3,43,-0.011008484110479718,0.011008484110479718,0.0041825212448840954,0.0012498817122696092
crop_nitrogen_below_sp3,43,-0.016081035434720815,0.016081035434720815,0.0022305876086517527,0.0006893207916087168
crop_carbon_above_sp10,43,0.01521672046112719,0.01521672046112719,0.009771129406425485,0.002991526817089
crop_carbon_below_sp10,43,0.006211244821311171,0.006374440448578625,0.005381747663157177,0.0015145798108080171
crop_intercept_sp10,43,0.0012916289451750176,0.006245311450700945,0.00689986987262919,0.0009162508342384873
crop_nitrogen_above_sp10,43,-0.007081677975078945,0.007081677975078945,0.0014323384656658254,0.00043741116246520613
crop_nitrogen_below_sp10,43,-0.004457407240105763,0.004457407240105763,0.0014506415250371547,0.00043335930573447275
crop_proj_left_delta,43,0.013125699096169183,0.018120386167451562,0.017231618045743323,0.003823181665415508
crop_proj_yield_delta,43,0.16024966322474662,0.16939488066055802,0.09694571585178192,0.02176085699347468
crop_root_in_top_30,43,0.012372667124438907,0.013445388936599795,0.015034692383518913,0.004678210943908113
crop_root_to_shoot_sp3,43,0.00948639076124165,0.00991355148826927,0.009758042734531857,0.0028879111584606395
crop_slope_sp3,43,-0.004884460628084064,0.005538819320098176,0.003948611747075693,0.0008163410905225272
crop_root_to_shoot_sp10,43,0.002659107534888115,0.0035932985387075664,0.005572667958753704,0.001474867075157111
crop_slope_sp10,43,-0.006764423316449691,0.008864523059089541,0.008524854111175675,0.0018445954347791973
cy0_to_ceq_multiplier,43,0.0014865475662736577,0.0033934964209752978,0.008066560302363666,0.0021220878571565753
litter_carbon,43,-0.008942430961525177,0.008942430961525177,0.005763327166054722,0.001814775706681428
litter_nitrogen,43,0.023840581492758063,0.023840581492758063,0.002622228051294067,0.0007248192172948742
mortality_fraction_branch_delta,43,0.003996278682135776,0.005090217664159294,0.00444773525074082,0.00089256526053793
mortality_fraction_croot_delta,43,0.00027150946780146875,0.002504101094951773,0.0044945290415108596,0.001124151626749372
mortality_fraction_froot_delta,43,0.0004141994116876768,0.001255790979631788,0.0017305836831950422,0.0004228485116083008
mortality_fraction_leaf_delta,43,0.00046623155403924396,0.002000066165882282,0.002740972926503831,0.00058293721818367
mortality_fraction_stem_delta,43,-0.0027301979191810015,0.01493653757370512,0.02704176683697889,0.0065043863603402785
pool_alloc_froot_sp1,43,0.027628752195515544,0.04892558437061746,0.05864076397533763,0.013139019888338823
pool_alloc_leaf_sp1,43,0.024477814871792025,0.08258712731857025,0.10494218876867827,0.021241365290856903
pool_alloc_stem_sp1,43,-0.0034215539902895027,0.2762149330804437,0.4180671432295013,0.09246187139540175
pool_turnover_branch_sp1,43,0.046322518899143066,0.15077597467395076,0.24161705059840274,0.054537945666280105
pool_turnover_croot_sp1,43,0.010000025263815354,0.07471943295521674,0.13263024736561962,0.03451454439384165
pool_turnover_froot_sp1,43,0.021713266520674467,0.031318138434478594,0.028563025173762892,0.00539213112216718
pool_turnover_leaf_sp1,43,0.020570176084367262,0.03553424244328939,0.036779020741411594,0.0064920604266782145
pool_turnover_stem_sp1,43,3.1233360491213213,5.281654930065648,8.518725985330956,1.9652065671665653
proj_cover,43,0.24108910686122634,0.3115461415441162,0.43811023798523574,0.12229307545032757
proj_fire_off,43,0.02339493953944246,0.02339493953944246,0.07196133832964131,0.02342570071968794
proj_fire_on,43,0.24439308696310796,0.24439308696310796,0.3301502351317139,0.10784098724398128
proj_mortality,43,0.4708337121592642,0.5365109426737316,1.3935972646371615,0.44206242368776927
proj_thinning_delta,43,4.316037956121212,5.867933896283949,10.045910782896803,2.702662415077508
roth_c_cover_c,43,-0.003387743477636071,0.006031536191961015,0.014520094267793446,0.0038931559107939348
roth_c_dpm_frac_crop,43,-0.003923651722258589,0.003923651722258589,0.006077222363594534,0.002055254573624977
roth_c_dpm_frac_tree,43,-0.005426486469069715,0.011674185410721228,0.01642179033594776,0.004153120068932232
roth_c_moisture_b_slope,43,0.05708645012080722,0.1688548079260934,0.33702320045250794,0.08552710804571577
roth_c_temp_a1,43,0.01958576230433299,0.17600747661164656,0.30373832302160836,0.06806060626671048
roth_c_temp_a2,43,0.014696545237779832,0.33656107257845147,0.5524733865216177,0.1393893131340639
thinning_fraction_branch_delta,43,0.0188110634891025,0.0188110634891025,0.014098400976183518,0.004443007309390218
thinning_fraction_croot_delta,43,0.005496766021271049,0.005496766021271049,0.004383402523984368,0.0013852160762679985
thinning_fraction_froot_delta,43,0.0038603470825086415,0.0038603470825086415,0.0038647038366139454,0.00124094118655318
thinning_fraction_leaf_delta,43,0.005043268635563525,0.005043268635563525,0.004304586723809416,0.0013789158941173235
thinning_fraction_stem_delta,43,0.037540026080075464,0.037540026080075464,0.0480540322646219,0.016461411322938355
tree_carbon_sp1,43,-0.04224001367003403,0.5687537022213565,0.9715605638166716,0.2387875415951531
tree_nitrogen_branch_sp1,43,0.0008069308261363789,0.0008069308261363789,0.0008993410143070631,0.00024987471430865896
tree_nitrogen_croot_sp1,43,0.0009458117923377806,0.0009458117923377806,0.002535787997312283,0.0007621741846577973
tree_nitrogen_froot_sp1,43,0.021711638470550635,0.021711638470550635,0.03280882707603499,0.010306657470670859
tree_nitrogen_leaf_sp1,43,0.03796974069827105,0.03796974069827105,0.06886721811558406,0.020193789467487525
tree_nitrogen_stem_sp1,43,0.0017825416139400766,0.0017825416139400766,0.0020211396217210335,0.0006379946261835562
tree_root_in_top_30,43,0.008263840592237295,0.07286725337593428,0.10897979290482922,0.024128495182591046
tree_root_to_shoot_sp1,43,-0.011823801690973431,0.05991148601199375,0.11303431299267018,0.027817859964837353
cy0,44,0.014708416114716608,0.2227352014350322,0.33644430025142325,0.069278634630517
clay,44,-0.1283177392267996,0.5910991462022966,1.5163368251224412,0.41115100868917437
temp_ci_delta,44,0.0462122169109887,0.1278307139533647,0.2217915801635014,0.05893833418883797
rain_ci_delta,44,0.07921439156248614,0.4191987692350021,0.869140109525525,0.2400512541077529
evap_ci_delta,44,-0.02193892138274675,0.032326589156451084,0.1385033250114462,0.04124832295449706
ef_burn_crop_N2O_scale,44,-0.005265088621357913,0.005280373647966061,0.0031715425661116826,0.0007929160788464761
ef_burn_crop_CH4_scale,44,-0.019646628497269968,0.019668161301219598,0.011926626289819251,0.0033581499836683806
ef_burn_tree_N2O_scale,44,0.004274417567799256,0.004274417567799256,0.007791343512508982,0.0023363805141939586
ef_burn_tree_CH4_scale,44,0.018879794939280922,0.018879794939280922,0.02921882222575758,0.008880672912327135
ef_N_inputs,44,-0.08803394691372693,0.12909464201505055,0.11647508065252704,0.021944118625696785
combustion_factor_crop,44,-0.023108582373567818,0.023134396611240334,0.01555430858724371,0.0045636728274515165
combustion_factor_tree,44,0.02631343432893888,0.02631343432893888,0.045103395614619325,0.013532627602348055
volatile_frac_organic_fertiliser,44,-0.0028754256509737758,0.0028754256509737758,0.00030556244209787084,8.22033291337603e-05
volatile_frac_synthetic_fertiliser,44,0.01629739688896296,0.01629739688896296,0.0016405654386363365,0.0005054828205225291
base_sf_qty_scale,44,-0.1298137469652645,0.1298137469652645,0.011684697112334205,0.003828718301943639
proj_lit_qty_scale,44,0.017083108322688677,0.01728924850796861,0.009080931873422656,0.0025385357259959987
base_stand_density_scale,44,0.0,0.0,0.0,0.0
proj_stand_density_scale,44,0.1234133734871449,0.3987136221698556,0.5522144251049581,0.13437005386080467
tree_wood_dens_sp1,44,0.16949626169020643,0.4132915177767297,0.5407251891490523,0.1178116673000399
base_cover,44,-0.035947283352794346,0.20340316399148387,0.3080497304934119,0.07164744091640093
base_fire_off,44,-0.024885313060658495,0.024885313060658495,0.08969221031413534,0.023475185917333698
base_fire_on,44,-0.03493285974000278,0.03493285974000278,0.005956144895643018,0.00188599059894368
base_mortality,44,0.0,0.0,0.0,0.0
base_sf_n_delta,44,-0.13290163271820057,0.13290163271820057,0.013646164833617348,0.004551771405151907
base_thinning_delta,44,0.0,0.0,0.0,0.0
crop_base_left_delta,44,0.055213777477351254,0.05572546974832608,0.029719486000816895,0.00915717897861845
crop_base_yield_delta,44,-0.04993346903815108,0.055347864885874024,0.034026581778697565,0.006861096215737612
crop_carbon_above_sp3,44,0.014295159228878456,0.014458102305037418,0.009284205648816692,0.002659517053581338
crop_carbon_below_sp3,44,0.02661439607027819,0.02661439607027819,0.012373787336098929,0.0040286809709718305
crop_intercept_sp3,44,-0.0006437139103931553,0.0029714049237841364,0.004144352783758828,0.0009351407735594614
crop_nitrogen_above_sp3,44,-0.011008484110479628,0.011008484110479628,0.004182521244883835,0.0012498817122695237
crop_nitrogen_below_sp3,44,-0.01608103543472072,0.01608103543472072,0.0022305876086517198,0.000689320791608714
crop_carbon_above_sp10,44,0.014736262604788681,0.014736262604788681,0.009672736096129122,0.0029635363422504737
crop_carbon_below_sp10,44,0.006019166529610656,0.0061905932881138135,0.005339026631506085,0.0014987394317079554
crop_intercept_sp10,44,0.00113336871583901,0.006263947533722443,0.006920675752945979,0.0008987997145210793
crop_nitrogen_above_sp10,44,-0.007081677975079045,0.007081677975079045,0.0014323384656658076,0.0004374111624651685
crop_nitrogen_below_sp10,44,-0.004457407240105726,0.004457407240105726,0.001450641525037189,0.00043335930573449444
crop_proj_left_delta,44,0.012404518221394148,0.01745075390447545,0.016727306217697666,0.003652267135120934
crop_proj_yield_delta,44,0.1665992920564862,0.1733608522087997,0.09523293773975974,0.022470944561768468
crop_root_in_top_30,44,0.01109025867728146,0.012635975345619416,0.0148195506347745,0.004472632049777054
crop_root_to_shoot_sp3,44,0.008464550864099907,0.00905150767308694,0.009603519652639603,0.002779242352343727
crop_slope_sp3,44,-0.00526779776656654,0.005820463900386314,0.003902036988253996,0.0008321176878154395
crop_root_to_shoot_sp10,44,0.0024462926549905575,0.003488464927341507,0.005514510939303829,0.0014304446567232187
crop_slope_sp10,44,-0.007194427166166302,0.009123239797345424,0.008487720436786226,0.0018522200544777647
cy0_to_ceq_multiplier,44,0.0015416519635115644,0.0034436323293801975,0.008056825817221471,0.002117527727998109
litter_carbon,44,-0.008643185200353329,0.008643185200353329,0.005715198628486201,0.0018023085173745799
litter_nitrogen,44,0.023840581492757796,0.023840581492757796,0.0026222280512940613,0.0007248192172948628
mortality_fraction_branch_delta,44,0.0039526359469655575,0.0049389078714315495,0.0042896569490107695,0.0008761744372571704
mortality_fraction_croot_delta,44,0.0002662867782153147,0.0024508086695367594,0.0043936899960972985,0.0010987968023656726
mortality_fraction_froot_delta,44,0.00040560976719767325,0.0012312012857083221,0.0016860249675468859,0.00040958786178801475
mortality_fraction_leaf_delta,44,0.000460332288757434,0.0019602655793750506,0.002664923343726865,0.0005631402409414923
mortality_fraction_stem_delta,44,-0.002688116663288395,0.01460423478165879,0.02658192427879539,0.006419737210814793
pool_alloc_froot_sp1,44,0.027114303434204217,0.047692528604253874,0.05709315527332322,0.012772782747998397
pool_alloc_leaf_sp1,44,0.024158776460700335,0.08002309757122276,0.1009334856511874,0.02035962816518445
pool_alloc_stem_sp1,44,0.0017344116620129717,0.2737780239140403,0.4110268175530403,0.09069815540722197
pool_turnover_branch_sp1,44,0.036240785251593764,0.15336898978104418,0.24245592337872723,0.05213178647296922
pool_turnover_croot_sp1,44,0.00902301494592959,0.0743214931524045,0.13323470210329233,0.034830958062249034
pool_turnover_froot_sp1,44,0.02092227743932318,0.03113226185382053,0.029468018814536017,0.005612434171106588
pool_turnover_leaf_sp1,44,0.020202978444900536,0.034976877059441455,0.03635950420015832,0.006404504523393085
pool_turnover_stem_sp1,44,2.881189511458122,5.007009146235076,8.07882936730654,1.849702456974316
proj_cover,44,0.22231278940783059,0.300009850766074,0.4231400382073712,0.11561790126005833
proj_fire_off,44,0.02339493953944246,0.02339493953944246,0.07196133832964131,0.02342570071968794
proj_fire_on,44,0.24299696589979747,0.24299696589979747,0.333807919280138,0.10903643295358571
proj_mortality,44,0.4685114753919806,0.5347951382382046,1.386252697258579,0.43965074676770205
proj_thinning_delta,44,4.085506256975079,5.637728015187627,9.574058867356694,2.560688261246828
roth_c_cover_c,44,-0.0031012652251509775,0.0061422263247364346,0.014562323137824821,0.0038839503388818073
roth_c_dpm_frac_crop,44,-0.0034806955580894915,0.0034806955580894915,0.005158163291293976,0.0017449870391864238
roth_c_dpm_frac_tree,44,-0.0043395734076235645,0.010946240698411085,0.01588996671071151,0.004057805457550072
roth_c_moisture_b_slope,44,0.04423476682167067,0.17200646075029996,0.33322361789128224,0.08294002286719603
roth_c_temp_a1,44,0.030260451228667447,0.1825400810118339,0.32257165426834056,0.07287476884585335
roth_c_temp_a2,44,-0.0017087864512524364,0.34148167759798315,0.5787132714085229,0.14880978883192156
thinning_fraction_branch_delta,44,0.015497315829429908,0.015497315829429908,0.01118172543565065,0.003559573745366146
thinning_fraction_croot_delta,44,0.004691075878170928,0.004691075878170928,0.0036025782799380063,0.0011588543364102345
thinning_fraction_froot_delta,44,0.00316738253568048,0.00316738253568048,0.003120405954456037,0.0009725987981384717
thinning_fraction_leaf_delta,44,0.004273742435904541,0.004273742435904541,0.003374343964392839,0.0010808667251732626
thinning_fraction_stem_delta,44,0.030913835154282338,0.030913835154282338,0.036683219044226376,0.012212507581814028
tree_carbon_sp1,44,-0.03650074819938955,0.5456117281257435,0.9214811531464367,0.22582059077872013
tree_nitrogen_branch_sp1,44,0.0007966362222674009,0.0007966362222674009,0.0009056993338088861,0.0002515842158913934
tree_nitrogen_croot_sp1,44,0.0009497752931277609,0.0009497752931277609,0.0025710248628458866,0.000772773610736234
tree_nitrogen_froot_sp1,44,0.021710215448273597,0.021710215448273597,0.0331892838133377,0.010423493397122573
tree_nitrogen_leaf_sp1,44,0.03804114245919325,0.03804114245919325,0.06980065094264973,0.02046203684047955
tree_nitrogen_stem_sp1,44,0.0017671287137974389,0.0017671287137974389,0.0020448557473640794,0.0006445767651677876
tree_root_in_top_30,44,0.007487805534746891,0.07092087086539449,0.10614473427979884,0.023372802574181072
tree_root_to_shoot_sp1,44,-0.01100997840656443,0.05739471113347454,0.10667769457089014,0.02623874328701937
cy0,45,0.01703294520704883,0.2245121154897082,0.34015636053759535,0.0699057560451832
clay,45,-0.12886026888251942,0.5884298226073363,1.512668765257618,0.41006167305629837
temp_ci_delta,45,0.051649347572272644,0.13011134585582423,0.229081496416295,0.061798587994133986
rain_ci_delta,45,0.10090765014628826,0.4224719426419853,0.897796098697443,0.25158956112444025
evap_ci_delta,45,-0.024826250364749187,0.03484108784831606,0.1465368828897726,0.043432097472150204
ef_burn_crop_N2O_scale,45,-0.00526508862135783,0.005280373647966044,0.0031715425661117532,0.0007929160788464831
ef_burn_crop_CH4_scale,45,-0.01964662849726989,0.01966816130121952,0.011926626289819225,0.0033581499836683273
ef_burn_tree_N2O_scale,45,0.004257807351450646,0.004257807351450646,0.007868395245199066,0.0023586445742667336
ef_burn_tree_CH4_scale,45,0.01883942397895083,0.01883942397895083,0.02953726640454494,0.008989425300476531
ef_N_inputs,45,-0.08809967292449641,0.1297115645200268,0.11773030080922846,0.022245957009429444
combustion_factor_crop,45,-0.02310858237356802,0.023134396611240535,0.015554308587243703,0.004563672827451483
combustion_factor_tree,45,0.026282886682288474,0.026282886682288474,0.04562437222239186,0.013701887836115539
volatile_frac_organic_fertiliser,45,-0.0028754256509737923,0.0028754256509737923,0.0003055624420978451,8.22033291337514e-05
volatile_frac_synthetic_fertiliser,45,0.01629739688896298,0.01629739688896298,0.0016405654386363589,0.0005054828205225428
base_sf_qty_scale,45,-0.12981374696526443,0.12981374696526443,0.01168469711233444,0.0038287183019437452
proj_lit_qty_scale,45,0.017385603171306375,0.017546986040816427,0.00901935811483631,0.002551513130990972
base_stand_density_scale,45,0.0,0.0,0.0,0.0
proj_stand_density_scale,45,0.11697897343078645,0.38949994356633355,0.5269901266883056,0.12532596626756093
tree_wood_dens_sp1,45,0.17349106288716634,0.40446082318290416,0.5196662184077582,0.11387172959035294
base_cover,45,-0.03842381889289554,0.20210027216703158,0.3059911767294994,0.07088271912789391
base_fire_off,45,-0.024885313060658512,0.024885313060658512,0.08969221031413539,0.023475185917333708
base_fire_on,45,-0.03493285974000278,0.03493285974000278,0.005956144895642767,0.0018859905989436012
base_mortality,45,0.0,0.0,0.0,0.0
base_sf_n_delta,45,-0.1329016327182007,0.1329016327182007,0.013646164833617322,0.0045517714051518
base_thinning_delta,45,0.0,0.0,0.0,0.0
crop_base_left_delta,45,0.053995897485576816,0.0545701776166701,0.02955619048470244,0.00907181088800688
crop_base_yield_delta,45,-0.05157628328427296,0.05658997090372726,0.03370890704414971,0.006894368032469762
crop_carbon_above_sp3,45,0.013711789360492142,0.013908592798086598,0.009020585720704856,0.002564231796467493
crop_carbon_below_sp3,45,0.025564725730724425,0.025564725730724425,0.012180872830076694,0.003958058813667108
crop_intercept_sp3,45,-0.0009885797385245144,0.002958708957869605,0.0039697260192600795,0.0008931290949320722
crop_nitrogen_above_sp3,45,-0.011008484110479652,0.011008484110479652,0.004182521244883959,0.0012498817122695615
crop_nitrogen_below_sp3,45,-0.016081035434720746,0.016081035434720746,0.0022305876086516243,0.0006893207916086688
crop_carbon_above_sp10,45,0.014274292597465169,0.014274292597465169,0.009574355132556453,0.0029356677716888863
crop_carbon_below_sp10,45,0.00583483715378683,0.006013940571177255,0.005296458675737503,0.0014832815335236798
crop_intercept_sp10,45,0.0009815859618580128,0.006281708427349335,0.006940557089827126,0.0008845393706532857
crop_nitrogen_above_sp10,45,-0.00708167797507907,0.00708167797507907,0.001432338465665722,0.0004374111624651644
crop_nitrogen_below_sp10,45,-0.004457407240105601,0.004457407240105601,0.0014506415250371005,0.0004333593057344598
crop_proj_left_delta,45,0.011750158390220174,0.016829958872774716,0.016261392281369757,0.003501296154986875
crop_proj_yield_delta,45,0.1724722203489571,0.17732938573285337,0.09387007429939136,0.023044196942352376
crop_root_in_top_30,45,0.009889667324633405,0.011892880308135605,0.014637531881647802,0.004294518926336869
crop_root_to_shoot_sp3,45,0.007505367783356784,0.00839467967326218,0.009466250344362714,0.00265226386566905
crop_slope_sp3,45,-0.005630033035917614,0.006097141390795163,0.0038597856061139413,0.0008485435047636456
crop_root_to_shoot_sp10,45,0.002241581584828044,0.0034053269445109098,0.005457580462284815,0.0013895239353644163
crop_slope_sp10,45,-0.007607798506677525,0.009385168402314696,0.008451271123772955,0.001861261383259037
cy0_to_ceq_multiplier,45,0.0015892431336077067,0.0034827233408315865,0.008051580058964645,0.0021176703743952677
litter_carbon,45,-0.008355445143766377,0.008355445143766377,0.005666638225530612,0.0017895843079029819
litter_nitrogen,45,0.023840581492757924,0.023840581492757924,0.0026222280512939993,0.0007248192172948244
mortality_fraction_branch_delta,45,0.00393940124274008,0.004852780833721672,0.004133971214058188,0.0008515350716540226
mortality_fraction_croot_delta,45,0.0002749070753977276,0.0023962251700567804,0.004270158778308282,0.0010656997745408167
mortality_fraction_froot_delta,45,0.00040271493737469163,0.0012051397218059798,0.0016338922519500993,0.0003938560063121724
mortality_fraction_leaf_delta,45,0.00046623688084571486,0.0019151175496493907,0.002570139816125477,0.0005380847933091359
mortality_fraction_stem_delta,45,-0.0025404308109191255,0.014208082342432444,0.02594991227087731,0.00628148138203523
pool_alloc_froot_sp1,45,0.026868379705880963,0.04654067321642608,0.055242970923786015,0.012291156675553416
pool_alloc_leaf_sp1,45,0.024439816724539883,0.0773263622038181,0.09611428137485493,0.019201168049272212
pool_alloc_stem_sp1,45,0.0040814893715167945,0.27314049965670933,0.4049030741893817,0.08870001968134386
pool_turnover_branch_sp1,45,0.023978774367181953,0.15724339092601905,0.24531824736032995,0.050372400753940304
pool_turnover_croot_sp1,45,0.008480732888613254,0.07384858814134196,0.1331058661490873,0.03489848865921083
pool_turnover_froot_sp1,45,0.02030324021807726,0.030909416347047174,0.030090131175051195,0.005788990683163227
pool_turnover_leaf_sp1,45,0.02009399735213522,0.034395189009741985,0.035617135313939646,0.0062129483758533504
pool_turnover_stem_sp1,45,2.5774570198626363,4.727465255336193,7.618762636821641,1.7341965332714921
proj_cover,45,0.20966750592796085,0.2931185118058275,0.4134629242172057,0.11062587442634046
proj_fire_off,45,0.023394939539442466,0.023394939539442466,0.07196133832964133,0.023425700719687945
proj_fire_on,45,0.24152096237694268,0.24152096237694268,0.3369952718875429,0.11007658526524747
proj_mortality,45,0.4633877560021058,0.5311975865451986,1.3721455078299256,0.4350183006300659
proj_thinning_delta,45,3.8136148202176443,5.374669567589331,9.050825510760667,2.4009136965498024
roth_c_cover_c,45,-0.002890905785861568,0.006221473544442034,0.014561617730052436,0.003868710963023304
roth_c_dpm_frac_crop,45,-0.0031199983235517094,0.0031199983235517094,0.004399470576778601,0.001488523881632416
roth_c_dpm_frac_tree,45,-0.0036531589503580805,0.010273928910308382,0.015109059872106423,0.0038784205460295745
roth_c_moisture_b_slope,45,0.034159243088588434,0.17248854040678316,0.3264850246521011,0.07994198600712113
roth_c_temp_a1,45,0.03650315018334792,0.18671319471179534,0.33494189201046554,0.07614681565843698
roth_c_temp_a2,45,-0.009285897987244584,0.3441763531249185,0.5933280604881412,0.15439160611923258
thinning_fraction_branch_delta,45,0.013375523536507616,0.013375523536507616,0.009350494997313401,0.0029943114859578915
thinning_fraction_croot_delta,45,0.004187316893048179,0.004187316893048179,0.0031970314187838304,0.0010376472509843685
thinning_fraction_froot_delta,45,0.002729798192475491,0.002729798192475491,0.0026352108178916045,0.0007956210434217702
thinning_fraction_leaf_delta,45,0.003794981891074664,0.003794981891074664,0.002932340484703125,0.000934230322008598
thinning_fraction_stem_delta,45,0.026727880942800965,0.026727880942800965,0.029794315328200833,0.009630205441335667
tree_carbon_sp1,45,-0.023398151205550766,0.5247099519856214,0.8664119712721192,0.2097063390516283
tree_nitrogen_branch_sp1,45,0.0007864626516299975,0.0007864626516299975,0.0009114001427666896,0.0002530902184813847
tree_nitrogen_croot_sp1,45,0.0009531338428076186,0.0009531338428076186,0.002602712982896854,0.0007822928870622828
tree_nitrogen_froot_sp1,45,0.02170073230793759,0.02170073230793759,0.03354069768790737,0.010530795859341168
tree_nitrogen_leaf_sp1,45,0.038087143215153135,0.038087143215153135,0.07064395603415667,0.02070452067247741
tree_nitrogen_stem_sp1,45,0.001751979077686343,0.001751979077686343,0.0020674147170295187,0.0006508422751178235
tree_root_in_top_30,45,0.007443991647573195,0.06880002727710532,0.10233926121076839,0.022313674339492277
tree_root_to_shoot_sp1,45,-0.00975374378791318,0.05467614343686463,0.09964672287320672,0.024436833357643593
cy0,46,0.01919931423526438,0.2258026934030469,0.3436898088349045,0.07063467293311419
clay,46,-0.12902282487995007,0.5856475156660581,1.5059913049484956,0.40780511186357554
temp_ci_delta,46,0.05453904667750005,0.13085154712693364,0.2322847559089193,0.06324136229721106
rain_ci_delta,46,0.11551300777723358,0.42392287102320647,0.9217594556480588,0.2620275658719199
evap_ci_delta,46,-0.026745640783702396,0.03684758654523862,0.15272536206359627,0.04511520213902788
ef_burn_crop_N2O_scale,46,-0.005265088621357938,0.005280373647966102,0.003171542566111663,0.0007929160788464674
ef_burn_crop_CH4_scale,46,-0.019646628497269957,0.019668161301219587,0.011926626289819263,0.003358149983668366
ef_burn_tree_N2O_scale,46,0.004240171715661998,0.004240171715661998,0.007937434438115199,0.002378460861860543
ef_burn_tree_CH4_scale,46,0.01878341737453277,0.01878341737453277,0.029830072203960417,0.009088910982456188
ef_N_inputs,46,-0.08820675447480496,0.1302727568334488,0.11881199122400346,0.022509424370098216
combustion_factor_crop,46,-0.023108582373568092,0.023134396611240608,0.015554308587243635,0.004563672827451502
combustion_factor_tree,46,0.026243566924918617,0.026243566924918617,0.04610613266581642,0.013858981004555404
volatile_frac_organic_fertiliser,46,-0.0028754256509738755,0.0028754256509738755,0.0003055624420979142,8.220332913377769e-05
volatile_frac_synthetic_fertiliser,46,0.01629739688896287,0.01629739688896287,0.0016405654386363502,0.0005054828205225398
base_sf_qty_scale,46,-0.12981374696526454,0.12981374696526454,0.011684697112334453,0.0038287183019437574
proj_lit_qty_scale,46,0.017677469670919235,0.017799477863647113,0.008956832019518255,0.002562540661787497
base_stand_density_scale,46,0.0,0.0,0.0,0.0
proj_stand_density_scale,46,-0.12025550859461412,0.6204705158708814,1.3394013457695881,0.382405686307272
tree_wood_dens_sp1,46,0.1965198016803849,0.41517908589486535,0.526697217558741,0.11256196588482974
base_cover,46,-0.0405393921993496,0.20058104252300554,0.30383417067719537,0.07016297637438172
base_fire_off,46,-0.024885313060658488,0.024885313060658488,0.0896922103141353,0.023475185917333687
base_fire_on,46,-0.03493285974000267,0.03493285974000267,0.0059561448956427405,0.0018859905989435848
base_mortality,46,0.0,0.0,0.0,0.0
base_sf_n_delta,46,-0.1329016327182007,0.1329016327182007,0.013646164833617214,0.00455177140515178
base_thinning_delta,46,0.0,0.0,0.0,0.0
crop_base_left_delta,46,0.052825278450618685,0.05345978707192891,0.02939131784306143,0.008988182718454427
crop_base_yield_delta,46,-0.05315793579948771,0.05788230844141795,0.03338885927083795,0.006907301693370156
crop_carbon_above_sp3,46,0.013169735777332842,0.013397070644136566,0.008791560296839035,0.0024812104751216527
crop_carbon_below_sp3,46,0.024581907025537128,0.024581907025537128,0.012016406840188745,0.0038969882281932626
crop_intercept_sp3,46,-0.0013065173911190526,0.0029950613714246205,0.0038512174046642753,0.0008695473234238202
crop_nitrogen_above_sp3,46,-0.011008484110479461,0.011008484110479461,0.004182521244884014,0.0012498817122695847
crop_nitrogen_below_sp3,46,-0.016081035434720836,0.016081035434720836,0.0022305876086516096,0.0006893207916086622
crop_carbon_above_sp10,46,0.01383004871372349,0.01383004871372349,0.009475767112783664,0.0029077413372797073
crop_carbon_below_sp10,46,0.005657683238108684,0.005843776360230983,0.005254022675361682,0.001468259036005578
crop_intercept_sp10,46,0.000835604662229078,0.00629913794422321,0.006959833967505465,0.0008731338154722723
crop_nitrogen_above_sp10,46,-0.007081677975078945,0.007081677975078945,0.0014323384656657805,0.00043741116246519095
crop_nitrogen_below_sp10,46,-0.004457407240105576,0.004457407240105576,0.0014506415250372742,0.0004333593057345152
crop_proj_left_delta,46,0.011149697099177989,0.016249483529734963,0.01582643124459865,0.0033659923012036293
crop_proj_yield_delta,46,0.17794784377493053,0.181379966052013,0.09277844805500765,0.023399935488374737
crop_root_in_top_30,46,0.008759372409106963,0.011188447611369955,0.014480558428336909,0.004146869600464683
crop_root_to_shoot_sp3,46,0.006599894252419821,0.007841837176897007,0.009341230670647394,0.002533026632160093
crop_slope_sp3,46,-0.005974214147700449,0.00636066888254351,0.003820562216406992,0.000869772845343657
crop_root_to_shoot_sp10,46,0.002044483756811635,0.003329104713956374,0.005401961066927228,0.001352780013041794
crop_slope_sp10,46,-0.008005035644911548,0.009647100809615913,0.008415608179137057,0.0018720519531093772
cy0_to_ceq_multiplier,46,0.0016302772466846387,0.0035117394280390927,0.008048323545040537,0.0021211199693884613
litter_carbon,46,-0.008078723190578002,0.008078723190578002,0.005617685903913657,0.0017766138196840533
litter_nitrogen,46,0.023840581492758056,0.023840581492758056,0.002622228051294032,0.000724819217294876
mortality_fraction_branch_delta,46,0.003948914875032916,0.004798159003416774,0.003985524079626554,0.0008273883271996128
mortality_fraction_croot_delta,46,0.0002937437744379018,0.002343296892727839,0.0041299006538321895,0.0010268363835793288
mortality_fraction_froot_delta,46,0.00040421196700334006,0.0011779628156148275,0.001576796699751637,0.00037661542036853085
mortality_fraction_leaf_delta,46,0.00048425008771397354,0.0018701741644592442,0.002462596355213912,0.000509336253929653
mortality_fraction_stem_delta,46,-0.002286477094174197,0.01380083420852363,0.02521380232708251,0.006108963522052133
pool_alloc_froot_sp1,46,0.027264096934732536,0.04590172749617326,0.05335223252609202,0.011597499730018005
pool_alloc_leaf_sp1,46,0.025471619069490782,0.07488650159998922,0.09086780611405386,0.01779719402905568
pool_alloc_stem_sp1,46,0.02875142756493338,0.2878576565088561,0.42308091206955467,0.09541216449861427
pool_turnover_branch_sp1,46,0.005399849499868004,0.16666079073755152,0.2528735473490007,0.04884866181151356
pool_turnover_croot_sp1,46,0.00704111657973035,0.07209911958162687,0.1322088639178576,0.035056849476588256
pool_turnover_froot_sp1,46,0.01783950069633609,0.030862966905575988,0.03193395998970684,0.005907584420853956
pool_turnover_leaf_sp1,46,0.01988610280264179,0.033522147631460754,0.03477045022164968,0.005991457725093075
pool_turnover_stem_sp1,46,2.098223565415475,4.586769530868519,7.3391812570396935,1.6690621026106771
proj_cover,46,0.2018691343976121,0.28970285187568245,0.40765413439448905,0.1069996590740609
proj_fire_off,46,0.02339493953944246,0.02339493953944246,0.07196133832964131,0.02342570071968794
proj_fire_on,46,0.23996291477836623,0.23996291477836623,0.3397074131600472,0.110959802932007
proj_mortality,46,0.4669050130312085,0.5464138309566788,1.351448848656855,0.4263225388573825
proj_thinning_delta,46,3.5187535389610622,5.085860800125905,8.494488186464126,2.2326734160373802
roth_c_cover_c,46,-0.0027444906286354805,0.0062591778206395375,0.014535317228928821,0.0038544650176562836
roth_c_dpm_frac_crop,46,-0.0028215240969849025,0.0028222827832880175,0.0037746199146766438,0.0012770519561930394
roth_c_dpm_frac_tree,46,-0.0032252728477200955,0.009629123542121166,0.014200078336594615,0.0036491353228449586
roth_c_moisture_b_slope,46,0.026326148558172648,0.17101079728762408,0.31768991123144646,0.07672559122846079
roth_c_temp_a1,46,0.03932584581211468,0.18899605377057788,0.3416111832864117,0.07794054350957934
roth_c_temp_a2,46,-0.011083609094654074,0.34461199696448797,0.5997991157366493,0.15732329120687327
thinning_fraction_branch_delta,46,0.011964875923498158,0.011964875923498158,0.008077824487525467,0.002589409458741826
thinning_fraction_croot_delta,46,0.0038532727887621242,0.0038532727887621242,0.0029621825746446962,0.0009636342842870115
thinning_fraction_froot_delta,46,0.0024480705298853406,0.0024480705298853406,0.0022838894285467197,0.0006688910841369189
thinning_fraction_leaf_delta,46,0.003503692162072067,0.003503692162072067,0.0027137850221884085,0.000859278962124204
thinning_fraction_stem_delta,46,0.02395099164293549,0.02395099164293549,0.025329205206207548,0.007980854404809903
tree_carbon_sp1,46,0.016374696369624527,0.5271549634414192,0.829885829523579,0.1986381122600846
tree_nitrogen_branch_sp1,46,0.0007756398478632742,0.0007756398478632742,0.0009170856977772524,0.0002544896103823046
tree_nitrogen_croot_sp1,46,0.0009557930482729709,0.0009557930482729709,0.0026308085021887057,0.0007907234501925368
tree_nitrogen_froot_sp1,46,0.02168199235584607,0.02168199235584607,0.033862892606658264,0.010628563284458103
tree_nitrogen_leaf_sp1,46,0.038105867559764035,0.038105867559764035,0.07139605318665591,0.020920893353765856
tree_nitrogen_stem_sp1,46,0.0017368992532441423,0.0017368992532441423,0.0020888334077913866,0.0006567880960463168
tree_root_in_top_30,46,0.00792179752525452,0.06661928465346481,0.09793375462478954,0.02104973497607409
tree_root_to_shoot_sp1,46,-0.007173213092484454,0.05286594806763949,0.09273786161409893,0.022383470270427103
cy0,47,0.021216141152213867,0.2266391293819138,0.34699731442410797,0.0714346971253054
clay,47,-0.12780194048438345,0.5830025638215026,1.4964133973838105,0.4046404882600921
temp_ci_delta,47,0.05563808302093391,0.13046524209440774,0.23255803130397754,0.06368415553503651
rain_ci_delta,47,0.12397991050827824,0.42394674911280006,0.9409019463447819,0.27109516145177914
evap_ci_delta,47,-0.027841708853126413,0.038150898914949036,0.15711961711800368,0.046340063342400706
ef_burn_crop_N2O_scale,47,-0.0052650886213578135,0.00528037364796601,0.003171542566111674,0.0007929160788464368
ef_burn_crop_CH4_scale,47,-0.019646628497269975,0.019668161301219574,0.011926626289819232,0.003358149983668389
ef_burn_tree_N2O_scale,47,0.00420481024981635,0.00420481024981635,0.008004147899068437,0.002402930614547963
ef_burn_tree_CH4_scale,47,0.018724204051820854,0.018724204051820854,0.030090843166182178,0.009179661835150283
ef_N_inputs,47,-0.08846790131413969,0.13089085934713243,0.11978876819429807,0.022756137227507207
combustion_factor_crop,47,-0.023108582373568075,0.023134396611240594,0.015554308587243795,0.0045636728274515434
combustion_factor_tree,47,0.026177536867173567,0.026177536867173567,0.04655574610190286,0.014007167953086718
volatile_frac_organic_fertiliser,47,-0.0028754256509738755,0.0028754256509738755,0.00030556244209782005,8.220332913376195e-05
volatile_frac_synthetic_fertiliser,47,0.01629739688896306,0.01629739688896306,0.0016405654386363862,0.0005054828205225495
base_sf_qty_scale,47,-0.12981374696526443,0.12981374696526443,0.011684697112334429,0.0038287183019437426
proj_lit_qty_scale,47,0.017959170623173964,0.018042386942076567,0.008893462068279828,0.0025739549426490906
base_stand_density_scale,47,0.0,0.0,0.0,0.0
proj_stand_density_scale,47,0.21447225006678322,0.7852422796508047,1.7638161052444878,0.4846162032072665
tree_wood_dens_sp1,47,0.1968332832287702,0.40194850573921015,0.49728726343512464,0.10037612431576798
base_cover,47,-0.04232356402552684,0.19886186959232388,0.3015810678026755,0.06948652050899125
base_fire_off,47,-0.024885313060658512,0.024885313060658512,0.08969221031413539,0.023475185917333708
base_fire_on,47,-0.034932859740002806,0.034932859740002806,0.0059561448956429635,0.0018859905989436548
base_mortality,47,0.0,0.0,0.0,0.0
base_sf_n_delta,47,-0.1329016327182007,0.1329016327182007,0.013646164833617302,0.004551771405151804
base_thinning_delta,47,0.0,0.0,0.0,0.0
crop_base_left_delta,47,0.051699311891083656,0.052391726954895544,0.02922478911523233,0.00890617654980833
crop_base_yield_delta,47,-0.05468068677778607,0.05912135048525104,0.033067325656624576,0.006931619130524816
crop_carbon_above_sp3,47,0.012662192291891444,0.012917013332788446,0.008589617968974207,0.002408119054579289
crop_carbon_below_sp3,47,0.02365787864776309,0.02365787864776309,0.011873982609668064,0.0038433633133024164
crop_intercept_sp3,47,-0.0016008802710328104,0.0030366026126726216,0.0037789012374798447,0.0008726897916394182
crop_nitrogen_above_sp3,47,-0.011008484110479676,0.011008484110479676,0.0041825212448839055,0.0012498817122695563
crop_nitrogen_below_sp3,47,-0.01608103543472068,0.01608103543472068,0.0022305876086517267,0.0006893207916087166
crop_carbon_above_sp10,47,0.013402575696658106,0.013402575696658106,0.009377014714430847,0.00287981291716001
crop_carbon_below_sp10,47,0.005488041205985098,0.005680715848062326,0.005211785491061535,0.0014535608662095806
crop_intercept_sp10,47,0.0006953429017030014,0.006316206631332676,0.006978624660078013,0.0008644503679580077
crop_nitrogen_above_sp10,47,-0.007081677975078929,0.007081677975078929,0.0014323384656658353,0.00043741116246520396
crop_nitrogen_below_sp10,47,-0.00445740724010561,0.00445740724010561,0.001450641525037169,0.00043335930573448425
crop_proj_left_delta,47,0.010593992408073658,0.015703321500475053,0.015417387520580328,0.003243378136553462
crop_proj_yield_delta,47,0.18308351861258482,0.18551916590891177,0.09189699741291317,0.023630636967042807
crop_root_in_top_30,47,0.007690855394630327,0.010737721927539525,0.014342203439278564,0.003970429999191146
crop_root_to_shoot_sp3,47,0.005742450440614888,0.007382654112882109,0.009225538175684972,0.002417971291302779
crop_slope_sp3,47,-0.006302636374433917,0.006612922113797171,0.00378412841290089,0.0008945638316119627
crop_root_to_shoot_sp10,47,0.0018544932712115491,0.003265233148864055,0.005347357231719274,0.0013193546224111099
crop_slope_sp10,47,-0.0083872490176744,0.009900761910794576,0.008380748367883563,0.0018857978931558891
cy0_to_ceq_multiplier,47,0.0016651235813636089,0.003532036507357361,0.008045117922414283,0.002126674157384704
litter_carbon,47,-0.00781252108055111,0.00781252108055111,0.005568400741929074,0.0017634287048812012
litter_nitrogen,47,0.023840581492758084,0.023840581492758084,0.0026222280512941394,0.0007248192172948954
mortality_fraction_branch_delta,47,0.004038496282378243,0.004849005914968982,0.0038455379337736404,0.000793051108346553
mortality_fraction_croot_delta,47,0.0003581935855588095,0.002327879070042095,0.003990005011693534,0.0009745076239177294
mortality_fraction_froot_delta,47,0.0004081526826523463,0.0011488226600484264,0.0015167523007225665,0.0003588659564229185
mortality_fraction_leaf_delta,47,0.0005344226642089251,0.0018474989671582258,0.00235967548706836,0.000472880081991533
mortality_fraction_stem_delta,47,-0.00177202370876723,0.013568570862925625,0.02454664647837938,0.005870552992900381
pool_alloc_froot_sp1,47,0.027405439772520263,0.04491411431388929,0.051260652761828625,0.010982840475140686
pool_alloc_leaf_sp1,47,0.027619019899843993,0.07320857026348529,0.08595773882571901,0.01645707380162036
pool_alloc_stem_sp1,47,0.005368627083036165,0.27320193389312836,0.39648372175367114,0.08435262969640234
pool_turnover_branch_sp1,47,0.00013877818772244644,0.1628562544469097,0.2549769594250336,0.05147828886940014
pool_turnover_croot_sp1,47,0.0025495499964684116,0.07408354708956925,0.1323474765948232,0.0344343519087159
pool_turnover_froot_sp1,47,0.01907881406131999,0.031697793989588816,0.03239027218645877,0.005985982295593245
pool_turnover_leaf_sp1,47,0.019501658155838285,0.03283568867860229,0.0338776847899208,0.005829689426058011
pool_turnover_stem_sp1,47,1.582323159494293,4.458056833301024,6.966666096209432,1.525680825956725
proj_cover,47,0.19852863329025425,0.289562679794778,0.40443881537315207,0.10438044901908122
proj_fire_off,47,0.02339493953944246,0.02339493953944246,0.07196133832964131,0.02342570071968794
proj_fire_on,47,0.23786668852254214,0.23786668852254214,0.3422205697996992,0.11182078194443226
proj_mortality,47,0.8010540628593132,0.892137871471306,2.009927809569935,0.6061860027985915
proj_thinning_delta,47,3.6244378759289724,5.093318829112901,8.490512480589725,2.3265401846551765
roth_c_cover_c,47,-0.0026484940142020826,0.006260966095498885,0.014458347521165501,0.0038309701404912007
roth_c_dpm_frac_crop,47,-0.002571357296984822,0.0025734770357740524,0.0032608642824510396,0.0011029925196496852
roth_c_dpm_frac_tree,47,-0.0032088095237672656,0.009259303422457812,0.013337583813541252,0.0034956137409832117
roth_c_moisture_b_slope,47,0.020264317615441486,0.16815555176364294,0.30760563457237866,0.0734362972578091
roth_c_temp_a1,47,0.03992589094696035,0.1895694798889415,0.3437478592570664,0.07849071170778353
roth_c_temp_a2,47,-0.009319747844007114,0.34419952335904275,0.6007799302489133,0.15841949658848986
thinning_fraction_branch_delta,47,0.011094759165927434,0.011094759165927434,0.007391534680854675,0.002366646315643018
thinning_fraction_croot_delta,47,0.003828230162577595,0.003828230162577595,0.003283911020848368,0.0010344329987350218
thinning_fraction_froot_delta,47,0.002352286335986517,0.002352286335986517,0.0022578630686235415,0.0006427308213266421
thinning_fraction_leaf_delta,47,0.0032675327281494805,0.0032675327281494805,0.0025862092649220503,0.0008154501978647827
thinning_fraction_stem_delta,47,0.02316977446002721,0.02316977446002721,0.025034827044089575,0.007437619597891099
tree_carbon_sp1,47,0.0016563522568659949,0.47291578975204657,0.7461439162878827,0.17709819609414512
tree_nitrogen_branch_sp1,47,0.00076508904175287,0.00076508904175287,0.0009219303244522298,0.0002556940960131976
tree_nitrogen_croot_sp1,47,0.0009556264888106736,0.0009556264888106736,0.0026560131408465727,0.0007984512295301172
tree_nitrogen_froot_sp1,47,0.021624578159444286,0.021624578159444286,0.034173676660530686,0.010718397724028354
tree_nitrogen_leaf_sp1,47,0.03803029535869037,0.03803029535869037,0.07209109037370302,0.021124553273487917
tree_nitrogen_stem_sp1,47,0.001719777413286941,0.001719777413286941,0.0021107000113565776,0.0006632233602846749
tree_root_in_top_30,47,0.009737607371136778,0.0653783346133657,0.09390554233835116,0.019583170398742474
tree_root_to_shoot_sp1,47,-0.0058623088452296164,0.04951234337908158,0.08478184726420038,0.020279542693206386
cy0,48,0.023092756962543214,0.22705962132919022,0.3500456850111296,0.07227808873598043
clay,48,-0.12633178602691578,0.5791859506320638,1.4831709997174478,0.4003987375763002
temp_ci_delta,48,0.05470717582785213,0.13029616715827863,0.23127329673024852,0.06342892686375586
rain_ci_delta,48,0.12778688534285637,0.42279648745007653,0.9555637496110976,0.27913612657022924
evap_ci_delta,48,-0.0282345232973036,0.038897953839458516,0.15994135883470076,0.0471608697924378
ef_burn_crop_N2O_scale,48,-0.005265088621357922,0.005280373647966019,0.0031715425661115295,0.0007929160788464421
ef_burn_crop_CH4_scale,48,-0.01964662849726996,0.01966816130121959,0.011926626289819284,0.0033581499836683676
ef_burn_tree_N2O_scale,48,0.004168316305969947,0.004168316305969947,0.008061901769075744,0.002424122345498262
ef_burn_tree_CH4_scale,48,0.018637764752721216,0.018637764752721216,0.030330003485157245,0.009262013904593103
ef_N_inputs,48,-0.08874429141690357,0.13142777531322722,0.12055165046771486,0.022938263064366842
combustion_factor_crop,48,-0.023108582373568103,0.0231343966112406,0.015554308587243777,0.004563672827451561
combustion_factor_tree,48,0.026081527487365586,0.026081527487365586,0.04697181199207997,0.0141323128238896
volatile_frac_organic_fertiliser,48,-0.0028754256509737923,0.0028754256509737923,0.00030556244209790993,8.220332913376446e-05
volatile_frac_synthetic_fertiliser,48,0.016297396888963145,0.016297396888963145,0.001640565438636369,0.0005054828205225286
base_sf_qty_scale,48,-0.12981374696526443,0.12981374696526443,0.011684697112334321,0.0038287183019436928
proj_lit_qty_scale,48,0.018231105562437344,0.018276101113905364,0.008829308487552758,0.0025857155943297297
base_stand_density_scale,48,0.0,0.0,0.0,0.0
proj_stand_density_scale,48,0.3401003344289346,0.5464105871453746,1.1921199762745205,0.35236331041199853
tree_wood_dens_sp1,48,0.19837385208499955,0.38901802608275404,0.47220769893911907,0.10024594916151498
base_cover,48,-0.043803929949066886,0.1969772042149413,0.29923567565011205,0.06884789825381547
base_fire_off,48,-0.024885313060658495,0.024885313060658495,0.08969221031413534,0.023475185917333698
base_fire_on,48,-0.03493285974000273,0.03493285974000273,0.005956144895642861,0.0018859905989436513
base_mortality,48,0.0,0.0,0.0,0.0
base_sf_n_delta,48,-0.13290163271820074,0.13290163271820074,0.013646164833617263,0.004551771405151793
base_thinning_delta,48,0.0,0.0,0.0,0.0
crop_base_left_delta,48,0.05061592211207412,0.0513640804066834,0.029056973012786015,0.008825749203854576
crop_base_yield_delta,48,-0.05614712787310845,0.06030940772991045,0.03274441370549229,0.006966200060363236
crop_carbon_above_sp3,48,0.012185179673295337,0.01246481467482659,0.008408634787817192,0.002342974979652574
crop_carbon_below_sp3,48,0.02278612003207191,0.02278612003207191,0.011748229248643317,0.003795476765043081
crop_intercept_sp3,48,-0.0018753010812085787,0.003086659765631432,0.003744734563200869,0.000895805085174099
crop_nitrogen_above_sp3,48,-0.011008484110479527,0.011008484110479527,0.00418252124488394,0.0012498817122695563
crop_nitrogen_below_sp3,48,-0.01608103543472084,0.01608103543472084,0.002230587608651785,0.0006893207916087203
crop_carbon_above_sp10,48,0.012991336965773575,0.012991336965773575,0.009278170505764224,0.002851902462188247
crop_carbon_below_sp10,48,0.005324440674753869,0.005523015496379899,0.005169320923916744,0.001439179146038457
crop_intercept_sp10,48,0.0005607242442924765,0.006332616814546837,0.006996739839183994,0.0008583475824165938
crop_nitrogen_above_sp10,48,-0.0070816779750791205,0.0070816779750791205,0.0014323384656657052,0.00043741116246514904
crop_nitrogen_below_sp10,48,-0.004457407240105576,0.004457407240105576,0.001450641525037121,0.0004333593057344774
crop_proj_left_delta,48,0.010076443490078161,0.015187160465776043,0.015030672123271438,0.003131274937222882
crop_proj_yield_delta,48,0.18792218767789706,0.18961366756338563,0.09117864590962495,0.02379924583516204
crop_root_in_top_30,48,0.006678285259675761,0.010457197599432522,0.014217980001450584,0.0037975874353999416
crop_root_to_shoot_sp3,48,0.0049267639332864765,0.0070087567090452215,0.009116279944748354,0.0023077068490204504
crop_slope_sp3,48,-0.006616712176033174,0.006854127393979453,0.003749332131401938,0.0009221774544200045
crop_root_to_shoot_sp10,48,0.0016713000971621094,0.0032164476453781675,0.0052938942348233434,0.0012864118577229312
crop_slope_sp10,48,-0.008754627694600484,0.01016798923240481,0.008346279638892918,0.0018928983880163038
cy0_to_ceq_multiplier,48,0.0016945744628392712,0.0035439263971518862,0.008040378306518152,0.0021335547602957376
litter_carbon,48,-0.007556420537930894,0.007556420537930894,0.005518794153313351,0.0017500393049119285
litter_nitrogen,48,0.023840581492758132,0.023840581492758132,0.0026222280512940943,0.0007248192172948875
mortality_fraction_branch_delta,48,0.004119419552162955,0.004894827210970646,0.0037157240560826603,0.0007505299083871756
mortality_fraction_croot_delta,48,0.0004159158080394784,0.0022989928260673796,0.003837582016800166,0.0009313342453836763
mortality_fraction_froot_delta,48,0.00041691554947944075,0.0011208879388026449,0.001454992049033615,0.0003400979855585553
mortality_fraction_leaf_delta,48,0.0005420026818888313,0.0017744351798532176,0.0022280313937328034,0.00044373420982392597
mortality_fraction_stem_delta,48,-0.0012550184949031,0.013283434862057191,0.02378599278905051,0.005634434457091709
pool_alloc_froot_sp1,48,0.027847436203015503,0.04415386048841016,0.04911118079127565,0.010554770318983313
pool_alloc_leaf_sp1,48,0.02919518157990799,0.07069001113978132,0.0804772019559414,0.015104208913312985
pool_alloc_stem_sp1,48,0.04592945718497846,0.29372757405544797,0.4256769337026034,0.0949589536322299
pool_turnover_branch_sp1,48,-0.007467847680641973,0.16163521525246916,0.26055991914276644,0.05316391658191047
pool_turnover_croot_sp1,48,0.008074663405258142,0.07637180355712878,0.1325996191859447,0.03428930921379419
pool_turnover_froot_sp1,48,0.01917423088123925,0.031523690496735875,0.03202802405467908,0.0057780481843362095
pool_turnover_leaf_sp1,48,0.019294111997883785,0.03248630002883875,0.03343068572448582,0.0057018056526855175
pool_turnover_stem_sp1,48,1.6244656292641153,3.8499257078975426,6.212389939608716,1.3898693667909097
proj_cover,48,0.20364339640997722,0.2968805510562595,0.4081598516049178,0.10473797895728777
proj_fire_off,48,0.023394939539442394,0.023394939539442394,0.07196133832964115,0.023425700719687848
proj_fire_on,48,0.2360541851288283,0.2360541851288283,0.3440352199507207,0.11243978243015366
proj_mortality,48,0.05531402299815809,0.8933997265053083,2.157801224232881,0.6049471695531143
proj_thinning_delta,48,3.1321551048006087,4.667022095319512,7.844209551951367,2.0767090654467215
roth_c_cover_c,48,-0.0025828031769890457,0.006226360130523157,0.01432674566753701,0.0037963660872722565
roth_c_dpm_frac_crop,48,-0.0023598911413969413,0.0023632216037915766,0.002839231100412601,0.0009598249766358265
roth_c_dpm_frac_tree,48,-0.003351335260455572,0.008966884712692462,0.01244474984495887,0.0031517147816685245
roth_c_moisture_b_slope,48,0.01570036406393362,0.16458331154332873,0.2968343853344517,0.07012777277711968
roth_c_temp_a1,48,0.03808081235568843,0.18978183028209802,0.342957939533129,0.07826176486488005
roth_c_temp_a2,48,-0.001230853284329575,0.34692887736231176,0.5999461738151226,0.1579131719291428
thinning_fraction_branch_delta,48,0.010248258531936175,0.010248258531936175,0.006610284260113218,0.002117904521269796
thinning_fraction_croot_delta,48,0.0036658039324313136,0.0036658039324313136,0.0031216535339994443,0.001046490888565024
thinning_fraction_froot_delta,48,0.0021237174440411786,0.0021237174440411786,0.0018961287148399385,0.0005337751194845928
thinning_fraction_leaf_delta,48,0.003354203041695676,0.003354203041695676,0.0030948848884415655,0.0009619107762788073
thinning_fraction_stem_delta,48,0.023049447983596424,0.023049447983596424,0.02524844097943252,0.007520435536366138
tree_carbon_sp1,48,0.036814379612218784,0.46711821416079874,0.7107704060537285,0.16461907752490154
tree_nitrogen_branch_sp1,48,0.0007535449083080084,0.0007535449083080084,0.0009269504250246685,0.0002570863507436779
tree_nitrogen_croot_sp1,48,0.0009562889871722061,0.0009562889871722061,0.00267703618489594,0.0008049051804870693
tree_nitrogen_froot_sp1,48,0.021524827840839218,0.021524827840839218,0.03447404870963418,0.010810108953974142
tree_nitrogen_leaf_sp1,48,0.03789016772046108,0.03789016772046108,0.07271207540895863,0.021323264042725366
tree_nitrogen_stem_sp1,48,0.001701595797857261,0.001701595797857261,0.0021319529951768328,0.0006694822081001057
tree_root_in_top_30,48,0.011415813603088548,0.0637108304211588,0.0892028919007228,0.018186340615091556
tree_root_to_shoot_sp1,48,0.0014057470981171077,0.051935570988460446,0.08372914901810206,0.01975052631262279
cy0,49,0.024837008623948796,0.2270989932605314,0.3528126374164328,0.0731421902895629
clay,49,-0.12364385138062381,0.5750872471123727,1.46657521308069,0.3951394023894135
temp_ci_delta,49,0.05205198686640804,0.13052148161881397,0.22914595853938452,0.06257562331429165
rain_ci_delta,49,0.1288267366922677,0.4199459493929748,0.9658334118691975,0.28566039743909416
evap_ci_delta,49,-0.028127642062917502,0.039140056669747826,0.16144291482214268,0.04763220787246216
ef_burn_crop_N2O_scale,49,-0.005265088621357788,0.005280373647965986,0.003171542566111721,0.0007929160788464729
ef_burn_crop_CH4_scale,49,-0.01964662849726985,0.01966816130121948,0.011926626289819296,0.0033581499836683863
ef_burn_tree_N2O_scale,49,0.004150792171876376,0.004150792171876376,0.008104602434946994,0.0024349975503751924
ef_burn_tree_CH4_scale,49,0.01852123373562662,0.01852123373562662,0.03054644307782435,0.009333238268875521
ef_N_inputs,49,-0.08895797125102946,0.13180702659175095,0.12110166438598027,0.023080178921032257
combustion_factor_crop,49,-0.02310858237356801,0.02313439661124051,0.015554308587243642,0.004563672827451513
combustion_factor_tree,49,0.02594908134315324,0.02594908134315324,0.04735646559306045,0.01425082800321376
volatile_frac_organic_fertiliser,49,-0.0028754256509737593,0.0028754256509737593,0.00030556244209797064,8.220332913377727e-05
volatile_frac_synthetic_fertiliser,49,0.016297396888962996,0.016297396888962996,0.0016405654386363786,0.0005054828205225357
base_sf_qty_scale,49,-0.12981374696526443,0.12981374696526443,0.01168469711233436,0.0038287183019437175
proj_lit_qty_scale,49,0.018493745535774396,0.018519761212786857,0.00876455012905534,0.0025818232199319668
base_stand_density_scale,49,0.0,0.0,0.0,0.0
proj_stand_density_scale,49,0.17542984733994496,0.36139855871116533,0.41157280272017066,0.09236747285288892
tree_wood_dens_sp1,49,0.18153700467156958,0.35698514931724806,0.42785592451860316,0.09083987494429392
base_cover,49,-0.04500669666682341,0.1949281144314037,0.2968028763001284,0.0682384231176175
base_fire_off,49,-0.024885313060658495,0.024885313060658495,0.08969221031413534,0.023475185917333698
base_fire_on,49,-0.034932859740002785,0.034932859740002785,0.005956144895642871,0.0018859905989436411
base_mortality,49,0.0,0.0,0.0,0.0
base_sf_n_delta,49,-0.1329016327182006,0.1329016327182006,0.013646164833617363,0.00455177140515181
base_thinning_delta,49,0.0,0.0,0.0,0.0
crop_base_left_delta,49,0.04957348285922817,0.050375212866687016,0.028887687403454772,0.008746746854428273
crop_base_yield_delta,49,-0.0575594441945961,0.06144863631746694,0.03242069077299481,0.00701000045442919
crop_carbon_above_sp3,49,0.011734596945766788,0.012036551119328675,0.0082444479254275,0.0022844229601669715
crop_carbon_below_sp3,49,0.021961609267963367,0.021961609267963367,0.01163518622240837,0.0037521548531020844
crop_intercept_sp3,49,-0.002131762584891102,0.003164014263478422,0.003741610274725946,0.0009303715691984742
crop_nitrogen_above_sp3,49,-0.011008484110479498,0.011008484110479498,0.004182521244883956,0.0012498817122695589
crop_nitrogen_below_sp3,49,-0.01608103543472078,0.01608103543472078,0.002230587608651677,0.0006893207916086935
crop_carbon_above_sp10,49,0.012595249091904865,0.012595249091904865,0.009179346224711026,0.002823948136909151
crop_carbon_below_sp10,49,0.005167409719490645,0.0053715634612067405,0.0051272240790097325,0.0014250325250490111
crop_intercept_sp10,49,0.0004314586629981243,0.006348682611414946,0.0070142016955727715,0.0008544039971520883
crop_nitrogen_above_sp10,49,-0.007081677975079062,0.007081677975079062,0.0014323384656657555,0.00043741116246517507
crop_nitrogen_below_sp10,49,-0.004457407240105626,0.004457407240105626,0.0014506415250371664,0.00043335930573448295
crop_proj_left_delta,49,0.009592055702191408,0.014697574699507835,0.014663673989384248,0.0030281937752272546
crop_proj_yield_delta,49,0.19249748209720052,0.19350774165390644,0.09058733489422854,0.023987319993486668
crop_root_in_top_30,49,0.00571564454433811,0.010186254806879135,0.014104009015317512,0.003651230413870463
crop_root_to_shoot_sp3,49,0.004150285125198394,0.006684993609898232,0.009012565593724523,0.002209652544177514
crop_slope_sp3,49,-0.006917345694582994,0.0070865334344833945,0.0037163119068472166,0.000951058006012944
crop_root_to_shoot_sp10,49,0.0014948437676285536,0.003183321996226743,0.005241389498792017,0.0012520270305742217
crop_slope_sp10,49,-0.009108445760130948,0.010434068694687822,0.008312652789636095,0.0019008057134428866
cy0_to_ceq_multiplier,49,0.001719064336811782,0.0035486182978259175,0.008033443054766014,0.002141046711006341
litter_carbon,49,-0.007310029109402096,0.007310029109402096,0.005468968182164006,0.0017364622841884443
litter_nitrogen,49,0.023840581492758126,0.023840581492758126,0.0026222280512940236,0.0007248192172948866
mortality_fraction_branch_delta,49,0.00407783500129279,0.0048144119388680295,0.0036287697057843,0.0007546982847436042
mortality_fraction_croot_delta,49,0.0004108533890139765,0.0022018105064210425,0.0036498418438026883,0.0008851013222907371
mortality_fraction_froot_delta,49,0.00046938550813228343,0.0011336563777709558,0.0014152206899935183,0.00032971894821198094
mortality_fraction_leaf_delta,49,0.0006096080361963103,0.001755044842925138,0.002127611759014712,0.0004188928304853808
mortality_fraction_stem_delta,49,-0.0011958317930587283,0.012495351129005,0.02270345766704079,0.005438970095394324
pool_alloc_froot_sp1,49,0.02814346966961398,0.04318901018915215,0.04699811574254763,0.010038778242661597
pool_alloc_leaf_sp1,49,0.029305804076940715,0.06649285537547796,0.07417130629230463,0.013719153092156907
pool_alloc_stem_sp1,49,0.017077414524824905,0.2572778727863657,0.3874242192521327,0.08748645349957448
pool_turnover_branch_sp1,49,-0.01733896937871008,0.16245167891551643,0.2670904772088939,0.05554637729520805
pool_turnover_croot_sp1,49,0.012563309802646153,0.07506210502299812,0.13042039294673138,0.03413787037968403
pool_turnover_froot_sp1,49,0.02040302061685319,0.031180357488697668,0.03089160704032041,0.0059509227976917035
pool_turnover_leaf_sp1,49,0.022605789841718647,0.03353273625684196,0.031993616663166434,0.0052214138935634275
pool_turnover_stem_sp1,49,1.3224246695261552,3.6138059939427785,5.773752520331635,1.2776021584301147
proj_cover,49,0.20608669432185883,0.30069022920400756,0.41049019673842585,0.104682763049886
proj_fire_off,49,0.023394939539442494,0.023394939539442494,0.07196133832964141,0.02342570071968797
proj_fire_on,49,0.2343030665832578,0.2343030665832578,0.34529727254567644,0.11283655056196609
proj_mortality,49,0.39794877226684466,0.5308514651116397,1.287721050171046,0.40146199926231674
proj_thinning_delta,49,2.549444527797429,4.163977863039214,6.787048308584571,1.708992677245926
roth_c_cover_c,49,-0.0025378419759054223,0.006161631657534097,0.014159644448534445,0.003754996857564038
roth_c_dpm_frac_crop,49,-0.002179039334179467,0.0021834515830447708,0.0024936418468797013,0.0008421435045577963
roth_c_dpm_frac_tree,49,-0.002950078186415317,0.008080884090212981,0.011380503399644195,0.0028843620962069913
roth_c_moisture_b_slope,49,0.012261133680328615,0.16049697023002674,0.2858199597080974,0.06686428711159689
roth_c_temp_a1,49,0.0338515825734603,0.19098337004958266,0.340480170275766,0.07678754067439232
roth_c_temp_a2,49,0.010544508338151511,0.3512601963369052,0.598747951229113,0.15749548411487072
thinning_fraction_branch_delta,49,0.009736341871643125,0.009736341871643125,0.0063108764014700395,0.0019754296543264653
thinning_fraction_croot_delta,49,0.0033776170213101696,0.0033776170213101696,0.002769626799077167,0.000919767012676605
thinning_fraction_froot_delta,49,0.0019562237581660035,0.0019562237581660035,0.0016866875982370073,0.0004654908118617855
thinning_fraction_leaf_delta,49,0.0032137234731757875,0.0032137234731757875,0.003139090066915273,0.0009503317949818929
thinning_fraction_stem_delta,49,0.020496862585478455,0.020496862585478455,0.020445658023546157,0.006058661167302736
tree_carbon_sp1,49,0.027705626874407308,0.41616384358830205,0.6230996130605699,0.14386055091373193
tree_nitrogen_branch_sp1,49,0.0007423372082923749,0.0007423372082923749,0.0009310422144426769,0.0002587466792469755
tree_nitrogen_croot_sp1,49,0.0009550855601984376,0.0009550855601984376,0.0026948216918496644,0.0008104873138845747
tree_nitrogen_froot_sp1,49,0.02148812954166382,0.02148812954166382,0.03469827219497075,0.010876223528182254
tree_nitrogen_leaf_sp1,49,0.03784547628213601,0.03784547628213601,0.073176350854839,0.021455175401349846
tree_nitrogen_stem_sp1,49,0.001683814494413924,0.001683814494413924,0.0021513609859339323,0.0006749648054224815
tree_root_in_top_30,49,0.0115287294189159,0.06026003652770022,0.08332967551492848,0.016760846672012667
tree_root_to_shoot_sp1,49,-0.002734510112138963,0.042835868933976604,0.06932664518853582,0.01641469292491132
cy0,50,0.026457127816502102,0.22679035446592533,0.3552847347110884,0.07400854287107457
clay,50,-0.12098890604092834,0.5694226012488197,1.4463463049066287,0.38890701649085674
temp_ci_delta,50,0.05025590647909785,0.12881191583766177,0.22511986083359597,0.061348144181318544
rain_ci_delta,50,0.12822565887374743,0.4158766080048254,0.9719857741914631,0.2904458790268142
evap_ci_delta,50,-0.027654470074590896,0.03896600460556824,0.16189352408850302,0.047821965415667904
ef_burn_crop_N2O_scale,50,-0.005265088621357938,0.005280373647966102,0.0031715425661115837,0.0007929160788464309
ef_burn_crop_CH4_scale,50,-0.019646628497269926,0.019668161301219556,0.011926626289819288,0.003358149983668391
ef_burn_tree_N2O_scale,50,0.004131795385046036,0.004131795385046036,0.00813894712893913,0.0024434381655143744
ef_burn_tree_CH4_scale,50,0.018456954715314715,0.018456954715314715,0.030702215048511082,0.00939222244633497
ef_N_inputs,50,-0.0892144942010434,0.13213633484115034,0.12148326854882242,0.023183091055479662
combustion_factor_crop,50,-0.023108582373568144,0.02313439661124066,0.015554308587243758,0.004563672827451539
combustion_factor_tree,50,0.025881351202969926,0.025881351202969926,0.04766470902578946,0.014356032391512275
volatile_frac_organic_fertiliser,50,-0.002875425650973726,0.002875425650973726,0.0003055624420979611,8.220332913377041e-05
volatile_frac_synthetic_fertiliser,50,0.016297396888962992,0.016297396888962992,0.0016405654386363498,0.0005054828205225383
base_sf_qty_scale,50,-0.1298137469652644,0.1298137469652644,0.011684697112334408,0.0038287183019437426
proj_lit_qty_scale,50,0.018747324730335236,0.01875533572778907,0.008699115927333419,0.0025773818479802096
base_stand_density_scale,50,0.0,0.0,0.0,0.0
proj_stand_density_scale,50,0.1703060538888522,0.3352724794131892,0.37175222049899787,0.08101679251440266
tree_wood_dens_sp1,50,0.1841188153703396,0.3437882400760036,0.40479575067215073,0.08635242508970964
base_cover,50,-0.04595494324909501,0.19273315334276347,0.2942880572804214,0.0676532294160321
base_fire_off,50,-0.024885313060658495,0.024885313060658495,0.08969221031413534,0.023475185917333698
base_fire_on,50,-0.034932859740002764,0.034932859740002764,0.005956144895642812,0.0018859905989435984
base_mortality,50,0.0,0.0,0.0,0.0
base_sf_n_delta,50,-0.1329016327182007,0.1329016327182007,0.013646164833617316,0.004551771405151815
base_thinning_delta,50,0.0,0.0,0.0,0.0
crop_base_left_delta,50,0.048570602666042004,0.049423926496472634,0.028717185877894843,0.008669032664004487
crop_base_yield_delta,50,-0.05891969444315863,0.06260378914687649,0.03209636029966604,0.006993968566440664
crop_carbon_above_sp3,50,0.011307997821942781,0.011630045318793195,0.00809385223189337,0.0022314000749402473
crop_carbon_below_sp3,50,0.021179775871249223,0.021179775871249223,0.011532096650080903,0.0037124177361064882
crop_intercept_sp3,50,-0.002372866395272756,0.0032416127643626626,0.0037630305329088704,0.0009755939221489242
crop_nitrogen_above_sp3,50,-0.011008484110479631,0.011008484110479631,0.0041825212448838925,0.0012498817122695437
crop_nitrogen_below_sp3,50,-0.0160810354347209,0.0160810354347209,0.0022305876086516204,0.0006893207916086642
crop_carbon_above_sp10,50,0.012213758340797232,0.012213758340797232,0.009080349503741187,0.002795936376568757
crop_carbon_below_sp10,50,0.005016674523069932,0.005225864928364234,0.00508501045803575,0.0014111801859458793
crop_intercept_sp10,50,0.0003072470920489345,0.006364415579378069,0.00703131264690865,0.0008525857077225666
crop_nitrogen_above_sp10,50,-0.007081677975079137,0.007081677975079137,0.0014323384656657562,0.0004374111624651784
crop_nitrogen_below_sp10,50,-0.004457407240105793,0.004457407240105793,0.0014506415250371604,0.0004333593057344638
crop_proj_left_delta,50,0.009136903832048803,0.014232041719363143,0.01431446475660437,0.0029329070074891874
crop_proj_yield_delta,50,0.19683541035333632,0.1974299162863689,0.0900943824379774,0.024049891182976256
crop_root_in_top_30,50,0.0047990846079850324,0.009950015588327175,0.013997683828774917,0.0035105072242091165
crop_root_to_shoot_sp3,50,0.0034093071488267316,0.006440510216611017,0.008912619587116177,0.002112789834094957
crop_slope_sp3,50,-0.007205824209452564,0.007322284647753046,0.0036846849929260544,0.0009739626941040719
crop_root_to_shoot_sp10,50,0.0013246252335519751,0.003158730196991107,0.005189708614797475,0.0012190506664997245
crop_slope_sp10,50,-0.009448696355817774,0.010691356327760363,0.008279856118173726,0.0019112348885692895
cy0_to_ceq_multiplier,50,0.0017389487698304576,0.003546639526393254,0.008022978606145974,0.0021485083924947753
litter_carbon,50,-0.007072830703515697,0.007072830703515697,0.005418819667118407,0.0017227032488659393
litter_nitrogen,50,0.023840581492757987,0.023840581492757987,0.0026222280512940184,0.0007248192172948779
mortality_fraction_branch_delta,50,0.004081926843693688,0.00477642388054733,0.0035625039908685776,0.0007602388574382965
mortality_fraction_croot_delta,50,0.0004320821404539876,0.002126389169863324,0.003466873912502678,0.0008354069372502472
mortality_fraction_froot_delta,50,0.00045111226087670987,0.0010731844198958145,0.0013379427033939483,0.00030884952696652
mortality_fraction_leaf_delta,50,0.0006090741937342492,0.0016625739355781931,0.0019817430789450556,0.00038503532143524636
mortality_fraction_stem_delta,50,-0.0009482041117393717,0.011863487715860165,0.02171571032205345,0.005223035777231615
pool_alloc_froot_sp1,50,0.027578874181088626,0.04131606173551389,0.04443353627385415,0.009380689166683281
pool_alloc_leaf_sp1,50,0.030205362331946223,0.06291228550285417,0.06843054805876933,0.012499958473343334
pool_alloc_stem_sp1,50,0.017556261293812665,0.2506482661844602,0.38467973671171996,0.08872149055083035
pool_turnover_branch_sp1,50,-0.02699110215127871,0.1628953200094158,0.27355236525770743,0.058332215241883964
pool_turnover_croot_sp1,50,0.011230394539097844,0.07245021122393569,0.12717606823234257,0.033361585560806796
pool_turnover_froot_sp1,50,0.01967790793826656,0.030232398705176865,0.030175949865698933,0.005784410018454219
pool_turnover_leaf_sp1,50,0.02205572246065656,0.03191725844821775,0.030048167104077227,0.004905179168558008
pool_turnover_stem_sp1,50,1.000429976427594,3.3914939773956676,5.384474939242027,1.184747395428201
proj_cover,50,0.20427471199185895,0.2995394121665138,0.4082363943058437,0.10295713921661957
proj_fire_off,50,0.023394939539442487,0.023394939539442487,0.0719613383296414,0.023425700719687963
proj_fire_on,50,0.23246731713647698,0.23246731713647698,0.34610808554856554,0.11308477106982397
proj_mortality,50,0.40607523039564225,0.5009012937872879,1.2406231654317872,0.38967658316447823
proj_thinning_delta,50,2.18098618130801,3.8228439350306487,6.1900515672258445,1.5223931577497716
roth_c_cover_c,50,-0.0025115205564102032,0.006076160061914938,0.013967323231040885,0.0037084398083211054
roth_c_dpm_frac_crop,50,-0.0020232686075087073,0.0020286139671812004,0.0022106600526380434,0.0007454596718824366
roth_c_dpm_frac_tree,50,-0.0027483774783528176,0.00736583518134726,0.010450773807424492,0.002655660195121807
roth_c_moisture_b_slope,50,0.0096041651811887,0.15591800551608911,0.2748665920538585,0.0637910167820762
roth_c_temp_a1,50,0.031041168258863643,0.18955149563932033,0.33541489345903974,0.07512108019493895
roth_c_temp_a2,50,0.016625142659523667,0.3485621912802588,0.5923353043993708,0.15648281352018026
thinning_fraction_branch_delta,50,0.009062063777177854,0.009062063777177854,0.00565027230096413,0.0017530693841340482
thinning_fraction_croot_delta,50,0.003189764151377375,0.003189764151377375,0.002599830112730018,0.0008572173583426631
thinning_fraction_froot_delta,50,0.001832307740367667,0.001832307740367667,0.0015417200623318505,0.0004185663056066947
thinning_fraction_leaf_delta,50,0.0029411239792838965,0.0029411239792838965,0.002632165132923937,0.0008112917082736213
thinning_fraction_stem_delta,50,0.01896630194545677,0.01896630194545677,0.017969777255199333,0.00529242559351206
tree_carbon_sp1,50,0.041438213436536656,0.387581273212088,0.56263651430746,0.12761936277789485
tree_nitrogen_branch_sp1,50,0.0007330341422472728,0.0007330341422472728,0.0009330337634070537,0.00025906354892101446
tree_nitrogen_croot_sp1,50,0.0009555934265116667,0.0009555934265116667,0.002708191874878478,0.0008143749430858987
tree_nitrogen_froot_sp1,50,0.021440899798549296,0.021440899798549296,0.03489220742076809,0.010932449758272839
tree_nitrogen_leaf_sp1,50,0.03777219149579464,0.03777219149579464,0.07355019445496676,0.021561407526611
tree_nitrogen_stem_sp1,50,0.0016699864081300114,0.0016699864081300114,0.002166187263401615,0.0006789994879281909
tree_root_in_top_30,50,0.012365954428886211,0.05736106280626829,0.0778615404277196,0.015342223377968742
tree_root_to_shoot_sp1,50,-0.001024373339087517,0.039520062026216954,0.06178406025201711,0.014429817964477515
cy0,total,-6.9532206007967945,19.684310128901835,40.1909646619993,9.681369593796685
clay,total,-24.855704003261593,26.330171129298428,56.47749345024811,15.800146914008133
temp_ci_delta,total,8.276673311359778,8.38147881719768,9.588767638894216,3.0367291000704255
rain_ci_delta,total,39.04125606761829,48.972864127439834,113.69145664015183,35.80698211359085
evap_ci_delta,total,-4.9385858672396115,5.024272377836384,18.94684494082531,5.650051198387396
ef_burn_crop_N2O_scale,total,-0.19713604760796583,0.20195435085383143,0.1322533144663676,0.0316986899828395
ef_burn_crop_CH4_scale,total,-0.7413217587047087,0.7496681025326386,0.49752419801535663,0.13634347590659693
ef_burn_tree_N2O_scale,total,0.29906918961138473,0.29906918961138473,0.29609839811116767,0.08774626478644684
ef_burn_tree_CH4_scale,total,1.2108333259722799,1.2108333259722799,1.1113478562293218,0.33077770076630836
ef_N_inputs,total,-3.3071381316973616,4.50774722920748,3.7212365324089873,0.7217486849318885
combustion_factor_crop,total,-0.8645835394304642,0.8867712853161109,0.6577616562307684,0.18107803837965492
combustion_factor_tree,total,1.6572077298019487,1.6572077298019487,1.6077668057887597,0.4694996977424955
volatile_frac_organic_fertiliser,total,-0.14377128254867635,0.14377128254867635,0.015278122104907014,0.004110166456692217
volatile_frac_synthetic_fertiliser,total,0.8148698444481519,0.8148698444481519,0.08202827193183337,0.02527414102613228
base_sf_qty_scale,total,-6.490687348263224,6.490687348263224,0.5842348556167023,0.1914359150971811
proj_lit_qty_scale,total,-0.12165794294297547,0.492399190267139,0.6718979487697827,0.1542774878131272
base_stand_density_scale,total,0.0,0.0,0.0,0.0
proj_stand_density_scale,total,-28.184442348158683,28.27133380401758,43.06127487791268,14.594412219638416
tree_wood_dens_sp1,total,-23.306303872854254,23.41223398312968,39.17282298286582,12.165978674315802
base_cover,total,18.92932174455364,18.92932174455364,25.053953533883703,8.442615653543797
base_fire_off,total,-1.2442656530329237,1.2442656530329237,4.484610515706761,1.1737592958666838
base_fire_on,total,-1.7466429870001405,1.7466429870001405,0.2978072447821467,0.09429952994718518
base_mortality,total,0.0,0.0,0.0,0.0
base_sf_n_delta,total,-6.645081635910024,6.645081635910024,0.6823082416808639,0.22758857025759108
base_thinning_delta,total,0.0,0.0,0.0,0.0
crop_base_left_delta,total,6.031254890611909,6.031254890611909,1.924916070371224,0.609077788525211
crop_base_yield_delta,total,1.739008568048059,2.021167212485131,2.1163713336023195,0.5538145117190616
crop_carbon_above_sp3,total,0.5608987204126857,0.6034238657150197,0.41901854787918313,0.10467627975571978
crop_carbon_below_sp3,total,1.2722121002942126,1.272810725322512,0.6358291951155005,0.20158087582933107
crop_intercept_sp3,total,0.03033180254752955,0.16122239833300736,0.23892418838285226,0.0557284881775433
crop_nitrogen_above_sp3,total,-0.29418251918730365,0.29418251918730365,0.12813114249655888,0.039638201666098626
crop_nitrogen_below_sp3,total,-0.49743534117988586,0.49743534117988586,0.07289807588207714,0.02275745641970431
crop_carbon_above_sp10,total,1.5632282621684743,1.5632282621684743,0.6823069182672815,0.21393134322685392
crop_carbon_below_sp10,total,0.6605282271405332,0.6607805414752664,0.383078440300997,0.11468866452467436
crop_intercept_sp10,total,0.3461791595804556,0.37214027034274233,0.30660362140361697,0.07861137447644266
crop_nitrogen_above_sp10,total,-0.31982048300013133,0.31982048300013133,0.07109842267676525,0.021345672430873024
crop_nitrogen_below_sp10,total,-0.20100538024451317,0.20100538024451317,0.07033832876423582,0.020942363784681572
crop_proj_left_delta,total,-1.280752721305381,1.3255672272196473,1.132316750219531,0.30955055069813125
crop_proj_yield_delta,total,3.658113017992951,4.660144127058908,3.8863466356356366,0.7275644898470757
crop_root_in_top_30,total,1.2000147180890819,1.229341209031689,0.8313630767500416,0.27140286564892435
crop_root_to_shoot_sp3,total,0.7273311066256362,0.738313421879956,0.5013896845605662,0.15238241011878953
crop_slope_sp3,total,0.034673113456801616,0.15031960722904986,0.20444980854110406,0.0442499873824883
crop_root_to_shoot_sp10,total,0.5368917598686543,0.5368917598686543,0.4602134462023834,0.1418044413080264
crop_slope_sp10,total,0.5091129928792059,0.5600710406396014,0.5523230109292198,0.14663997682207988
cy0_to_ceq_multiplier,total,-0.18021770710692786,0.2610927211119382,0.9072579934284769,0.28553720437778374
litter_carbon,total,-1.3485911606878556,1.3485911606878556,0.45277000782819,0.1391097893143666
litter_nitrogen,total,1.1920290746379174,1.1920290746379174,0.13111140256467096,0.036240960864739054
mortality_fraction_branch_delta,total,-0.3733630635766502,0.3737170750857657,0.4405976971559202,0.12219228588559952
mortality_fraction_croot_delta,total,-0.14815622232594863,0.14815622232594863,0.2045217773782443,0.06305952060151036
mortality_fraction_froot_delta,total,-0.05580767756957844,0.05670300833469527,0.10127098527397464,0.03268199251912795
mortality_fraction_leaf_delta,total,-0.09569931526919526,0.0999935500431866,0.17231540390015512,0.05128489129154895
mortality_fraction_stem_delta,total,-0.9046730118903442,0.9061228217743247,1.5220134587216623,0.46557388012765877
pool_alloc_froot_sp1,total,-1.960357374893902,1.9903661112475142,3.349812809338125,1.0924442228909765
pool_alloc_leaf_sp1,total,-3.7599178559420805,3.923535665307928,6.7594057862877905,1.8988104484869448
pool_alloc_stem_sp1,total,9.536713739617444,21.34941531569544,29.42107856544916,6.481174494246936
pool_turnover_branch_sp1,total,11.687017903277711,11.690607663866107,12.583948432087572,3.200401693041906
pool_turnover_croot_sp1,total,-5.076253665155584,5.076253665155584,7.292717308489355,2.318787639181897
pool_turnover_froot_sp1,total,-1.219674115161844,1.2877691349310099,2.154283697332301,0.6284769315275525
pool_turnover_leaf_sp1,total,-1.5024679346361223,1.6390573316855566,2.3031480401423727,0.6567329592360589
pool_turnover_stem_sp1,total,372.3402204103952,372.38526784849887,479.84066350416583,136.64435972485504
proj_cover,total,-54.6067598690327,54.6067598690327,97.34843933790184,30.615661499452365
proj_fire_off,total,1.6664870602032988,1.6664870602032988,4.059700114861169,1.284654260483544
proj_fire_on,total,16.514913168490914,16.514913168490914,10.572471461140243,3.4053744311424796
proj_mortality,total,23.555180700012222,23.555180700012222,44.27361055877514,13.944282233704747
proj_thinning_delta,total,409.1496666986965,409.1496666986965,510.3832016371773,154.9550244172444
roth_c_cover_c,total,0.35300188301040736,0.4394967462992906,0.7614547591244936,0.22272299637805273
roth_c_dpm_frac_crop,total,-1.1498039975937848,1.1498039975937848,0.8503406621463953,0.2776227685946204
roth_c_dpm_frac_tree,total,0.6891460817822594,0.6942861971981349,1.0545302930818992,0.37190188939867896
roth_c_moisture_b_slope,total,-11.61002794575019,15.735588180146888,27.59962151689871,7.651956112701108
roth_c_temp_a1,total,12.797430996704412,13.282598114871181,14.923861598972303,4.017793632431494
roth_c_temp_a2,total,-20.848751501289055,21.98296142648691,24.77894072600008,7.654467120716322
thinning_fraction_branch_delta,total,-0.21515403849961853,0.21647710655179417,0.2269758195828517,0.06298013693814837
thinning_fraction_croot_delta,total,-0.10563227739240717,0.10563227739240717,0.125639901276817,0.04168658746870982
thinning_fraction_froot_delta,total,-0.026892743061309198,0.03121064392181343,0.05481120132706252,0.015410828156040291
thinning_fraction_leaf_delta,total,-0.018257050424427067,0.03329113635851921,0.042490632620465235,0.009452529666243556
thinning_fraction_stem_delta,total,-0.5149481914858767,0.5284282157424792,1.056173898186237,0.3519361425505873
tree_carbon_sp1,total,-32.40006317393618,32.40006317393618,59.20837391314606,18.12023625164535
tree_nitrogen_branch_sp1,total,0.06539417027552737,0.06539417027552737,0.030500840960436166,0.008396418372902493
tree_nitrogen_croot_sp1,total,0.05071773004924145,0.05071773004924145,0.08270571456353555,0.02428456684790901
tree_nitrogen_froot_sp1,total,1.2807190989340462,1.2807190989340462,1.1472733772087473,0.3633014206054298
tree_nitrogen_leaf_sp1,total,2.081604701891851,2.081604701891851,2.2203587454010996,0.6550362792316909
tree_nitrogen_stem_sp1,total,0.16096945305845747,0.16096945305845747,0.067147691121058,0.02245382377800417
tree_root_in_top_30,total,-3.925111140027307,3.9344166466996335,5.889873531838389,1.7536543871914794
tree_root_to_shoot_sp1,total,-4.114322372082111,4.114322372082111,7.416936423286832,2.195398264172788
