parameter,year,mu,mu_star,sigma,mu_star_conf
cy0,1,-1.1514831143346342,6.017364388347202,9.782388715103812,2.219460549090952
clay,1,0.06979645842798518,0.9874146844390111,2.6931201193769114,0.8165136230731722
temp_ci_delta,1,-0.36576164129969585,0.4127104202796389,0.9088379746715358,0.25935298799610623
rain_ci_delta,1,1.2304906564346,3.0077748290224844,5.885430690585444,1.7470361079847878
evap_ci_delta,1,-0.07212018066733314,0.1174425445401635,0.3988377344826728,0.11630590100276035
ef_burn_crop_N2O_scale,1,-0.00024922641624058883,0.0014020530064044578,0.001844483264963355,0.00037143291671642043
ef_burn_crop_CH4_scale,1,-0.0015075344076969088,0.004823479065051118,0.006501911200412413,0.0014668917888626784
ef_burn_tree_N2O_scale,1,0.0006301347932428314,0.0006301347932428314,0.00045272340229394006,0.00012180565484508136
ef_burn_tree_CH4_scale,1,0.002280131779894745,0.002280131779894745,0.0015874279873325501,0.0005076551026967523
ef_N_inputs,1,-0.11243416633855716,0.11243416633855716,0.014814660061968172,0.00464792099197395
combustion_factor_crop,1,-0.0012512126820006131,0.007176639844417565,0.010253720701596823,0.002312065614396876
combustion_factor_tree,1,0.003292818548671761,0.003292818548671761,0.0019931044342652465,0.0006493433778109965
volatile_frac_organic_fertiliser,1,-0.002875425650965724,0.002875425650965724,0.00030556244209811105,8.220332913346979e-05
volatile_frac_synthetic_fertiliser,1,0.016297396888966274,0.016297396888966274,0.0016405654386381452,0.0005054828205220501
base_sf_qty_scale,1,-0.12981374696526515,0.12981374696526515,0.01168469711232938,0.003828718301942153
proj_lit_qty_scale,1,-0.18091332418249378,0.18091332418249378,0.029556897401827358,0.008857425199168342
base_stand_density_scale,1,0.0,0.0,0.0,0.0
proj_stand_density_scale,1,-38.21263235867647,38.21263235867647,3.334656668222243,1.204483112459978
tree_wood_dens_sp1,1,-38.775664333769306,38.775664333769306,3.7483761980447983,1.1103892732014744
base_cover,1,4.360370276517348,4.360370276517348,5.118367053785274,1.7879489545718519
base_fire_off,1,-0.024885313060659088,0.024885313060659088,0.08969221031413774,0.023475185917334492
base_fire_on,1,-0.034932859739997824,0.034932859739997824,0.00595614489564504,0.0018859905989449387
base_mortality,1,0.0,0.0,0.0,0.0
base_sf_n_delta,1,-0.13290163271820213,0.13290163271820213,0.013646164833619244,0.0045517714051518466
base_thinning_delta,1,0.0,0.0,0.0,0.0
crop_base_left_delta,1,0.6088823044153994,0.6088823044153994,0.09309762417158945,0.030104633641593097
crop_base_yield_delta,1,0.7027529807207564,0.7027529807207564,0.16225382057762572,0.04808505576895573
crop_carbon_above_sp3,1,0.006867602708315346,0.021937648234534278,0.02738773222241468,0.005337301854849867
crop_carbon_below_sp3,1,0.0339019029280017,0.03908680891967364,0.04238237555764157,0.011856982569308887
crop_intercept_sp3,1,-0.0019191055856332185,0.011540767248755657,0.014849103504193873,0.0027890647301953104
crop_nitrogen_above_sp3,1,-0.0013829849470138101,0.002082364054984609,0.002267851845145939,0.0005020846647986039
crop_nitrogen_below_sp3,1,-0.00318516913226361,0.00318516913226361,0.0007438279445808861,0.00023880611581064682
crop_carbon_above_sp10,1,-0.013805054287998076,0.049247228429630495,0.06130688101324149,0.013494638648916186
crop_carbon_below_sp10,1,-0.00022193554783278557,0.01978198276113723,0.025005942334532807,0.00468110529829065
crop_intercept_sp10,1,-0.0025527125315555565,0.00935611343210212,0.011337952823041455,0.0017574348720952907
crop_nitrogen_above_sp10,1,-0.00022899482431562034,0.0015789172150281416,0.0018849667345599349,0.0003306200938837363
crop_nitrogen_below_sp10,1,-8.441088795301255e-05,0.0008590760851031831,0.0011558114040116784,0.0002637245058247584
crop_proj_left_delta,1,-0.60404423373387,0.60404423373387,0.10715422208799658,0.030931175660997144
crop_proj_yield_delta,1,-0.7074743148625018,0.7074743148625018,0.16518502371490834,0.04632679000618756
crop_root_in_top_30,1,0.03904460425327727,0.0523121975931744,0.09603421315916609,0.029987450561382308
crop_root_to_shoot_sp3,1,0.038006856068007265,0.039906198442061225,0.06224156746154158,0.01956569014170503
crop_slope_sp3,1,0.01847878651383361,0.021528726990078084,0.055667132837361424,0.015160831718592522
crop_root_to_shoot_sp10,1,0.015362685096409123,0.027746629142381705,0.06742430678011799,0.019367552057434977
crop_slope_sp10,1,-0.01037852411439566,0.052983304615965565,0.06426579529082263,0.010099316313148157
cy0_to_ceq_multiplier,1,0.20950365345781066,0.535128695146797,1.6254891335095576,0.5070519175140699
litter_carbon,1,-0.20190231589802857,0.20190231589802857,0.02334265548812151,0.007450856618299614
litter_nitrogen,1,0.02384058149276278,0.02384058149276278,0.002622228051294424,0.0007248192172956145
mortality_fraction_branch_delta,1,0.0,0.0,0.0,0.0
mortality_fraction_croot_delta,1,0.0,0.0,0.0,0.0
mortality_fraction_froot_delta,1,0.0,0.0,0.0,0.0
mortality_fraction_leaf_delta,1,0.0,0.0,0.0,0.0
mortality_fraction_stem_delta,1,0.0,0.0,0.0,0.0
pool_alloc_froot_sp1,1,-2.6998531167109707,2.6998531167109707,0.2943329341113926,0.08594135712122533
pool_alloc_leaf_sp1,1,-2.6804966618752193,2.6804966618752193,0.2517196613289533,0.07295259287394967
pool_alloc_stem_sp1,1,-4.941600272259089,4.941600272259089,0.6024926366083825,0.20072832576994876
pool_turnover_branch_sp1,1,0.0,0.0,0.0,0.0
pool_turnover_croot_sp1,1,0.0,0.0,0.0,0.0
pool_turnover_froot_sp1,1,0.0,0.0,0.0,0.0
pool_turnover_leaf_sp1,1,0.0,0.0,0.0,0.0
pool_turnover_stem_sp1,1,0.0,0.0,0.0,0.0
proj_cover,1,-6.504886657698714,6.504886657698714,9.771251099026165,2.935302716050981
proj_fire_off,1,0.05973419738979189,0.05973419738979189,0.12463274165293116,0.03769705162639058
proj_fire_on,1,0.06644873313502941,0.06644873313502941,0.00785776363084619,0.0025470416054067797
proj_mortality,1,0.0,0.0,0.0,0.0
proj_thinning_delta,1,0.0,0.0,0.0,0.0
roth_c_cover_c,1,0.14199077640324304,0.2536595216960464,0.8013979201752811,0.21949709283909746
roth_c_dpm_frac_crop,1,-0.012696781383696986,0.06130725971589328,0.07637684061775157,0.014527737573474569
roth_c_dpm_frac_tree,1,0.025890543014295275,0.025890543014295275,0.03185469918858354,0.010588964318322364
roth_c_moisture_b_slope,1,-0.11431639505236006,0.5666798468109782,1.3129007871108547,0.31751072852866924
roth_c_temp_a1,1,0.13796096517537643,0.493262510972318,1.3258896621884226,0.3832717803413049
roth_c_temp_a2,1,0.16521470541308075,0.6226325018091629,1.216943010825586,0.3102649310919771
thinning_fraction_branch_delta,1,0.0,0.0,0.0,0.0
thinning_fraction_croot_delta,1,0.0,0.0,0.0,0.0
thinning_fraction_froot_delta,1,0.0,0.0,0.0,0.0
thinning_fraction_leaf_delta,1,0.0,0.0,0.0,0.0
thinning_fraction_stem_delta,1,0.0,0.0,0.0,0.0
tree_carbon_sp1,1,-38.27817189409821,38.27817189409821,3.3349569586826506,0.9832780530951997
tree_nitrogen_branch_sp1,1,0.0,0.0,0.0,0.0
tree_nitrogen_croot_sp1,1,0.0,0.0,0.0,0.0
tree_nitrogen_froot_sp1,1,0.0,0.0,0.0,0.0
tree_nitrogen_leaf_sp1,1,0.0,0.0,0.0,0.0
tree_nitrogen_stem_sp1,1,0.0,0.0,0.0,0.0
tree_root_in_top_30,1,0.0,0.0,0.0,0.0
tree_root_to_shoot_sp1,1,-4.9386933086210245,4.9386933086210245,0.6746286989763028,0.20407510066449314
cy0,2,-0.7272425848948234,2.3119574820881965,4.224836760236601,0.9775320204385869
clay,2,-0.1274904528230891,0.2438357085669723,0.48998958800468007,0.14532091260880045
temp_ci_delta,2,0.0115298764161182,0.16822662460856025,0.32692026259595697,0.07698726429831619
rain_ci_delta,2,1.3018828420221353,2.358471611310867,4.1918801331609075,1.203477219398424
evap_ci_delta,2,-0.13109307203859205,0.14191118649385198,0.4253479289206186,0.12212184018158662
ef_burn_crop_N2O_scale,2,-0.00024922641624178785,0.0014020530064115188,0.0018444832649690635,0.0003714329167162673
ef_burn_crop_CH4_scale,2,-0.0015075344077009722,0.00482347906505518,0.00650191120041384,0.001466891788861532
ef_burn_tree_N2O_scale,2,0.0006301347932353707,0.0006301347932353707,0.00045272340228795033,0.00012180565484312576
ef_burn_tree_CH4_scale,2,0.0022801317798908814,0.0022801317798908814,0.0015874279873298047,0.0005076551026955261
ef_N_inputs,2,-0.11243416633855836,0.11243416633855836,0.014814660061965801,0.004647920991972361
combustion_factor_crop,2,-0.0012512126820015458,0.007176639844419297,0.010253720701596462,0.0023120656143938807
combustion_factor_tree,2,0.003292818548671095,0.003292818548671095,0.001993104434259503,0.0006493433778106886
volatile_frac_organic_fertiliser,2,-0.0028754256509723854,0.0028754256509723854,0.00030556244209764435,8.220332913381788e-05
volatile_frac_synthetic_fertiliser,2,0.016297396888962545,0.016297396888962545,0.001640565438636458,0.0005054828205227174
base_sf_qty_scale,2,-0.12981374696526315,0.12981374696526315,0.011684697112334556,0.0038287183019438875
proj_lit_qty_scale,2,-0.09831094491627765,0.09831094491627765,0.04510555108848773,0.013719742999570057
base_stand_density_scale,2,0.0,0.0,0.0,0.0
proj_stand_density_scale,2,6.594121990493457,6.594121990493457,1.8710284556552663,0.6412661176752258
tree_wood_dens_sp1,2,6.870296829868984,6.870296829868984,1.637582194800497,0.5004108184349498
base_cover,2,1.8290848650488407,1.8290848650488407,2.502370521693698,0.8783962488081779
base_fire_off,2,-0.024885313060658686,0.024885313060658686,0.0896922103141359,0.023475185917333826
base_fire_on,2,-0.034932859740003284,0.034932859740003284,0.005956144895642075,0.0018859905989433378
base_mortality,2,0.0,0.0,0.0,0.0
base_sf_n_delta,2,-0.1329016327181998,0.1329016327181998,0.013646164833617285,0.0045517714051518665
base_thinning_delta,2,0.0,0.0,0.0,0.0
crop_base_left_delta,2,0.3742872553692812,0.3742872553692812,0.09379305196010927,0.030262243161068448
crop_base_yield_delta,2,0.36567447697971217,0.36567447697971217,0.1033252385178714,0.028493147044346547
crop_carbon_above_sp3,2,0.0023576916257918245,0.016781300618780692,0.023655804806743584,0.004654785824404012
crop_carbon_below_sp3,2,0.01637052140656885,0.028755742831493115,0.035674430918450475,0.008771048648364258
crop_intercept_sp3,2,-0.002343620225486465,0.009592060468709196,0.013323845318107012,0.0030132602560323384
crop_nitrogen_above_sp3,2,-0.0013829849470206046,0.0020823640549895383,0.002267851845145466,0.0005020846647994172
crop_nitrogen_below_sp3,2,-0.003185169132261878,0.003185169132261878,0.0007438279445791976,0.00023880611581107082
crop_carbon_above_sp10,2,-0.010732242073714704,0.03522864285563709,0.048144087155842064,0.011977881406121358
crop_carbon_below_sp10,2,-0.0017824376908070817,0.01604022292987419,0.02180828750517227,0.0045310262366374905
crop_intercept_sp10,2,-0.0023171127127282086,0.0077191901123833786,0.010592670952946628,0.001785025662378927
crop_nitrogen_above_sp10,2,-0.00022899482431548712,0.0015789172150290742,0.001884966734562947,0.0003306200938848486
crop_nitrogen_below_sp10,2,-8.441088795434482e-05,0.0008590760851021173,0.001155811404009082,0.00026372450582462395
crop_proj_left_delta,2,-0.37764746148145056,0.37764746148145056,0.10750716664838812,0.03242537483022542
crop_proj_yield_delta,2,-0.3957608233163316,0.3957608233163316,0.1669220584913378,0.04633640048634119
crop_root_in_top_30,2,0.013276855943242395,0.033649781441863036,0.05003900863333614,0.013991925744020238
crop_root_to_shoot_sp3,2,0.015386105431053832,0.02205505220089954,0.026062998324552455,0.006503395174616459
crop_slope_sp3,2,0.008441763503208665,0.0122385572688966,0.027115536407135633,0.007235068705486705
crop_root_to_shoot_sp10,2,0.0057762448670998666,0.014782343859175451,0.029111863432307688,0.008089183751363301
crop_slope_sp10,2,-0.007152465828684118,0.03379473951441501,0.04441588772083151,0.008373410579319885
cy0_to_ceq_multiplier,2,-0.010489062923190762,0.07737915684459677,0.18327552790677934,0.047087963281540794
litter_carbon,2,-0.11817737905481636,0.11817737905481636,0.03306778355341948,0.010305675437389167
litter_nitrogen,2,0.023840581492755853,0.023840581492755853,0.002622228051292668,0.0007248192172946302
mortality_fraction_branch_delta,2,0.0,0.0,0.0,0.0
mortality_fraction_croot_delta,2,0.0,0.0,0.0,0.0
mortality_fraction_froot_delta,2,0.0,0.0,0.0,0.0
mortality_fraction_leaf_delta,2,0.0,0.0,0.0,0.0
mortality_fraction_stem_delta,2,0.0,0.0,0.0,0.0
pool_alloc_froot_sp1,2,2.1199974922866325,2.1199974922866325,0.2508292567315804,0.07361611803938028
pool_alloc_leaf_sp1,2,2.5450419190401994,2.5450419190401994,0.2547139066725998,0.07374634994322835
pool_alloc_stem_sp1,2,1.4753839938343538,1.5985455945512332,1.3149549920660477,0.3311562948770633
pool_turnover_branch_sp1,2,0.43487794519778744,0.43487794519778744,0.07450899966363626,0.020506001885275398
pool_turnover_croot_sp1,2,5.155840806581614,5.155840806581614,0.7765314003002866,0.25140311813540855
pool_turnover_froot_sp1,2,2.258530638044717,2.258530638044717,0.2817066973199191,0.1040841843912739
pool_turnover_leaf_sp1,2,1.4873073634937257,1.4873073634937257,0.2043424633834355,0.06344925713717993
pool_turnover_stem_sp1,2,19.23518178804216,19.23518178804216,2.860617693550888,0.9272604269777793
proj_cover,2,-2.8409130396344815,2.8409130396344815,4.158651062079131,1.2432402497754138
proj_fire_off,2,0.059734197389792555,0.059734197389792555,0.12463274165293273,0.037697051626390914
proj_fire_on,2,0.06644873313502582,0.06644873313502582,0.007857763630845949,0.0025470416054071874
proj_mortality,2,0.6352066967824497,0.6352066967824497,0.07355391928730619,0.021492544105818127
proj_thinning_delta,2,15.948003965303382,15.948003965303382,10.76200245997578,3.3028694233148745
roth_c_cover_c,2,0.01767185013190393,0.0652417842286559,0.16645725999515923,0.044057505421016226
roth_c_dpm_frac_crop,2,-2.4436024086993414e-05,0.06079845528791812,0.09963864352448715,0.023046381801353297
roth_c_dpm_frac_tree,2,0.009184684541337496,0.012804764130798651,0.011619519759852209,0.0023341174772537766
roth_c_moisture_b_slope,2,-0.14147572119340696,0.3912246650357061,0.8942596790137288,0.2135205894836632
roth_c_temp_a1,2,-0.015029144423241303,0.1932917717475984,0.45708286990423297,0.1295472137819828
roth_c_temp_a2,2,-0.22463984064234963,0.4190405467028647,0.6648824143317527,0.16635643415141982
thinning_fraction_branch_delta,2,0.0,0.0,0.0,0.0
thinning_fraction_croot_delta,2,0.0,0.0,0.0,0.0
thinning_fraction_froot_delta,2,0.0,0.0,0.0,0.0
thinning_fraction_leaf_delta,2,0.0,0.0,0.0,0.0
thinning_fraction_stem_delta,2,0.0,0.0,0.0,0.0
tree_carbon_sp1,2,6.992913235873582,6.992913235873582,1.8737645045246596,0.6144777272714022
tree_nitrogen_branch_sp1,2,0.0,0.0,0.0,0.0
tree_nitrogen_croot_sp1,2,0.0,0.0,0.0,0.0
tree_nitrogen_froot_sp1,2,0.0,0.0,0.0,0.0
tree_nitrogen_leaf_sp1,2,0.0,0.0,0.0,0.0
tree_nitrogen_stem_sp1,2,0.0,0.0,0.0,0.0
tree_root_in_top_30,2,0.0,0.0,0.0,0.0
tree_root_to_shoot_sp1,2,0.34538012045637906,0.39707241632401263,0.3565114042380761,0.09517857806881797
cy0,3,-0.5968089711986874,1.848988847214183,3.330508538387737,0.8035783665290973
clay,3,-1.3105054733451964,1.3774000105534596,1.734113572773619,0.5102626308564145
temp_ci_delta,3,1.1207014898059706,1.1270435464957602,0.4827888807275632,0.137407626895562
rain_ci_delta,3,6.301279019261964,6.865406338731309,5.908450420307103,1.7115336779171293
evap_ci_delta,3,-0.6784225945780586,0.6829776524352256,1.27943884494103,0.3585160779498828
ef_burn_crop_N2O_scale,3,-0.0002492264162409552,0.001402053006411419,0.0018444832649696283,0.0003714329167167541
ef_burn_crop_CH4_scale,3,-0.0015075344077003726,0.004823479065055647,0.006501911200414839,0.001466891788862053
ef_burn_tree_N2O_scale,3,0.013293291154785503,0.013293291154785503,0.010366873530886292,0.0030483274301420925
ef_burn_tree_CH4_scale,3,0.04713246210366988,0.04713246210366988,0.03695249442516358,0.012580466850798153
ef_N_inputs,3,0.009110621983096723,0.01652727627798515,0.01831932546521346,0.00361875015757531
combustion_factor_crop,3,-0.0012512126819999802,0.007176639844418464,0.01025372070159612,0.002312065614393873
combustion_factor_tree,3,0.06629465483626833,0.06629465483626833,0.04270746749970626,0.013878439903570487
volatile_frac_organic_fertiliser,3,-0.002875425650974184,0.002875425650974184,0.0003055624420973394,8.220332913371467e-05
volatile_frac_synthetic_fertiliser,3,0.016297396888963277,0.016297396888963277,0.0016405654386358664,0.0005054828205223471
base_sf_qty_scale,3,-0.12981374696526488,0.12981374696526488,0.01168469711233465,0.003828718301943731
proj_lit_qty_scale,3,-0.06030765986291118,0.06034781736965589,0.0439988358286767,0.013507416473126027
base_stand_density_scale,3,0.0,0.0,0.0,0.0
proj_stand_density_scale,3,-3.632259856301239,3.632259856301239,1.2368750887656483,0.4100706734940477
tree_wood_dens_sp1,3,-3.663053763887406,3.663053763887406,1.237080052978019,0.3380922215198441
base_cover,3,1.342178480407378,1.365939230327358,1.9582061644495963,0.6734864435526187
base_fire_off,3,-0.024885313060658755,0.024885313060658755,0.08969221031413627,0.023475185917333902
base_fire_on,3,-0.03493285974000242,0.03493285974000242,0.005956144895642474,0.0018859905989435416
base_mortality,3,0.0,0.0,0.0,0.0
base_sf_n_delta,3,-0.13290163271820105,0.13290163271820105,0.013646164833617757,0.004551771405151881
base_thinning_delta,3,0.0,0.0,0.0,0.0
crop_base_left_delta,3,0.28322124568147045,0.28322124568147045,0.09174026760472079,0.02974700590118691
crop_base_yield_delta,3,0.2344679667876733,0.2344679667876733,0.0874128282236137,0.02401641037831147
crop_carbon_above_sp3,3,0.0009604618349070115,0.013923864911475325,0.02144603199742648,0.004432142869476471
crop_carbon_below_sp3,3,0.010993540926980867,0.02363686353055841,0.032480857247090975,0.00828818999090671
crop_intercept_sp3,3,-0.0021194687416895563,0.00763745876733426,0.011256203704896205,0.002759468416504396
crop_nitrogen_above_sp3,3,-0.0013829849470185728,0.0020823640549884393,0.0022678518451467356,0.0005020846647998217
crop_nitrogen_below_sp3,3,-0.0031851691322611455,0.0031851691322611455,0.0007438279445785694,0.00023880611581092987
crop_carbon_above_sp10,3,-0.009348213094216429,0.028341364358338183,0.041751536676043935,0.011012151111444848
crop_carbon_below_sp10,3,-0.0016678775446490103,0.013535669436967868,0.019757592980843616,0.004325103396399673
crop_intercept_sp10,3,-0.002072722515309167,0.006274729485978225,0.009563520785237915,0.0018031481523454714
crop_nitrogen_above_sp10,3,-0.00022899482431671948,0.001578917215029041,0.001884966734563602,0.00033062009388564855
crop_nitrogen_below_sp10,3,-8.441088795491103e-05,0.0008590760851017509,0.00115581140400982,0.0002637245058250842
crop_proj_left_delta,3,-0.2845039729920743,0.2845039729920743,0.09928746529142528,0.029872756715811796
crop_proj_yield_delta,3,-0.27089463625296667,0.27089463625296667,0.15396323973359194,0.04252696250208295
crop_root_in_top_30,3,0.005150929306695695,0.025805148747493577,0.043848768249153125,0.011847580420723324
crop_root_to_shoot_sp3,3,0.008889322532667355,0.015365614006979033,0.018283621542768216,0.004379683329192175
crop_slope_sp3,3,0.004801071348075126,0.008347372732421188,0.01699134272050379,0.004464023322606933
crop_root_to_shoot_sp10,3,0.0027115646865221834,0.009485409730715277,0.016776014322971728,0.0044146343168913645
crop_slope_sp10,3,-0.005410224159832866,0.02452222195200319,0.03502028014022047,0.007392480854643822
cy0_to_ceq_multiplier,3,-0.054562477918749505,0.15471769354422138,0.3869390678460525,0.11393877040236469
litter_carbon,3,-0.07970062333722491,0.07970062333722491,0.03048730309359383,0.009397396046406992
litter_nitrogen,3,0.02384058149275785,0.02384058149275785,0.002622228051293539,0.0007248192172945614
mortality_fraction_branch_delta,3,-0.11946602145309637,0.11946602145309637,0.03191271459794715,0.00902615917335324
mortality_fraction_croot_delta,3,-0.04891865564941662,0.04891865564941662,0.011092816604692895,0.003821650996103883
mortality_fraction_froot_delta,3,-0.025039498899107594,0.025039498899107594,0.005675007454429205,0.0017004933963192736
mortality_fraction_leaf_delta,3,-0.03667359071635108,0.03667359071635108,0.007200518217246169,0.0021807262964638266
mortality_fraction_stem_delta,3,-0.26642037862907086,0.26642037862907086,0.050361013743511394,0.01618609299156225
pool_alloc_froot_sp1,3,-0.977045473016209,0.977045473016209,0.18762646842841954,0.05401289351680228
pool_alloc_leaf_sp1,3,-1.6969772982969544,1.6969772982969544,0.30556218153095777,0.08164442302301328
pool_alloc_stem_sp1,3,0.43164099445303794,0.7428915552920552,0.7798198289961827,0.1444426608248635
pool_turnover_branch_sp1,3,0.22944188226007506,0.22944188226007506,0.06785209951796835,0.01870211637068257
pool_turnover_croot_sp1,3,-2.6726948237447195,2.6726948237447195,0.5764929331992957,0.18318677162744815
pool_turnover_froot_sp1,3,-1.1179783482748054,1.1179783482748054,0.2599664102209777,0.08773688619958026
pool_turnover_leaf_sp1,3,-1.0044810261361108,1.0044810261361108,0.23383716238775307,0.07451816823265037
pool_turnover_stem_sp1,3,7.728029280761722,7.728029280761722,2.879840710069335,0.8928577910921518
proj_cover,3,-6.5872371698811305,6.5872371698811305,8.613186182568102,2.716507732942515
proj_fire_off,3,0.05973419738979189,0.05973419738979189,0.12463274165293116,0.037697051626390546
proj_fire_on,3,0.6475645031282166,0.6475645031282166,0.1405071978748118,0.04439034712280155
proj_mortality,3,0.4348927711379629,0.4348927711379629,0.09484973672748766,0.026851358794565905
proj_thinning_delta,3,10.566271312796246,10.566271312796246,7.26864833933646,2.198630232810007
roth_c_cover_c,3,0.022527873278365584,0.08265189328056795,0.19475470587401267,0.05016014559207333
roth_c_dpm_frac_crop,3,0.0008117671328557563,0.044704787521924104,0.08999901962080946,0.022852997696438705
roth_c_dpm_frac_tree,3,0.4376398169834112,0.4376398169834112,0.08379052554999625,0.026927097443504962
roth_c_moisture_b_slope,3,-1.114741177226465,1.2612276547758399,1.4178795514802318,0.36919635060224104
roth_c_temp_a1,3,1.3120585627714338,1.3584694723436532,0.5827506008695778,0.1376822856828033
roth_c_temp_a2,3,-3.2188926427927194,3.2327375366775057,1.0544241853611773,0.2920894256889577
thinning_fraction_branch_delta,3,-0.14848789743099483,0.14848789743099483,0.20639349068414597,0.05968371406275455
thinning_fraction_croot_delta,3,-0.07681089050931945,0.07681089050931945,0.08643578075670993,0.025032945472399717
thinning_fraction_froot_delta,3,-0.03280279075603928,0.03280279075603928,0.04396888903964857,0.014298442475498862
thinning_fraction_leaf_delta,3,-0.06205577585537301,0.06205577585537301,0.07339575272257522,0.022841698818942418
thinning_fraction_stem_delta,3,-0.46408008217793545,0.46408008217793545,0.49534228914778,0.15763968303196774
tree_carbon_sp1,3,-3.7412534603897414,3.7412534603897414,1.292510634036627,0.3741824761390648
tree_nitrogen_branch_sp1,3,0.002439383351613311,0.002439383351613311,0.0008579119572877436,0.0002770384534085701
tree_nitrogen_croot_sp1,3,0.0015719293501064047,0.0015719293501064047,0.000870499160428291,0.0002516495151359396
tree_nitrogen_froot_sp1,3,0.0436613306455943,0.0436613306455943,0.007290529734584672,0.0019903025881059773
tree_nitrogen_leaf_sp1,3,0.06509850938188352,0.06509850938188352,0.00824097015400634,0.002565820239653114
tree_nitrogen_stem_sp1,3,0.009647438875350845,0.009647438875350845,0.004681056326653425,0.0012434564072153938
tree_root_in_top_30,3,-1.3186525114732506,1.3186525114732506,0.2651900680158211,0.08113429757222144
tree_root_to_shoot_sp1,3,-0.1120220475502524,0.21667544524555415,0.2699874662783309,0.06026881256622178
cy0,4,-0.5353349351234057,1.6513791513783371,2.9717687074171515,0.717406728439018
clay,4,-1.8051737769782068,1.8441823308933767,2.2768398977429727,0.6780881543367587
temp_ci_delta,4,1.6345653617103033,1.6345653617103033,0.4352169472717468,0.1268518565515125
rain_ci_delta,4,9.392781887050177,9.819638228011197,8.10180948996276,2.5020679567901323
evap_ci_delta,4,-0.9887039074759085,0.9932349072945664,1.8176501675719359,0.5219388566649176
ef_burn_crop_N2O_scale,4,-0.0002492264162408303,0.0014020530064108444,0.0018444832649689225,0.0003714329167165036
ef_burn_crop_CH4_scale,4,-0.0015075344076999398,0.004823479065055281,0.006501911200414643,0.001466891788862099
ef_burn_tree_N2O_scale,4,0.012259106892420065,0.012259106892420065,0.009231360157454948,0.0026741976881406934
ef_burn_tree_CH4_scale,4,0.04403582320694518,0.04403582320694518,0.03348700859669371,0.011304896807780445
ef_N_inputs,4,0.0012140625878028666,0.013101602352478925,0.017285588184056042,0.003434590750915551
combustion_factor_crop,4,-0.001251212682000205,0.0071766398444190055,0.01025372070159622,0.0023120656143936083
combustion_factor_tree,4,0.06140047690925236,0.06140047690925236,0.037800153791282404,0.012220468250478903
volatile_frac_organic_fertiliser,4,-0.002875425650973386,0.002875425650973386,0.00030556244209770756,8.2203329133678e-05
volatile_frac_synthetic_fertiliser,4,0.01629739688896295,0.01629739688896295,0.001640565438636729,0.0005054828205226838
base_sf_qty_scale,4,-0.12981374696526476,0.12981374696526476,0.011684697112334297,0.003828718301943714
proj_lit_qty_scale,4,-0.040497018162398105,0.041506091257433125,0.03829561973283612,0.011485395331199973
base_stand_density_scale,4,0.0,0.0,0.0,0.0
proj_stand_density_scale,4,-1.359922007151928,1.7600671619727195,1.7552586854942143,0.4305058421214488
tree_wood_dens_sp1,4,-1.3875910417459667,1.678536748926906,1.6468786330445093,0.41588945129393357
base_cover,4,1.2481475537578381,1.2501922360428135,1.714328284723107,0.6019505431413916
base_fire_off,4,-0.02488531306065847,0.02488531306065847,0.08969221031413525,0.023475185917333684
base_fire_on,4,-0.0349328597400032,0.0349328597400032,0.005956144895643059,0.0018859905989436654
base_mortality,4,0.0,0.0,0.0,0.0
base_sf_n_delta,4,-0.13290163271820024,0.13290163271820024,0.01364616483361725,0.004551771405151847
base_thinning_delta,4,0.0,0.0,0.0,0.0
crop_base_left_delta,4,0.23624221709323656,0.23624221709323656,0.08277694452347942,0.026751142851817324
crop_base_yield_delta,4,0.1700651458646739,0.1700651458646739,0.0729152818949766,0.02008396157682381
crop_carbon_above_sp3,4,0.0006048003967503712,0.011487837935561901,0.0188256886247279,0.003971069798329343
crop_carbon_below_sp3,4,0.008905950890358389,0.019573745183615727,0.028042602588819018,0.007351185923625885
crop_intercept_sp3,4,-0.0017871611996420928,0.006051676578298202,0.009149378445443904,0.0023197249245320542
crop_nitrogen_above_sp3,4,-0.0013829849470183482,0.0020823640549892802,0.002267851845147533,0.0005020846647995692
crop_nitrogen_below_sp3,4,-0.0031851691322601463,0.0031851691322601463,0.0007438279445778349,0.00023880611581069859
crop_carbon_above_sp10,4,-0.008302024879175718,0.023480102740195397,0.03604411488702341,0.009762389402028171
crop_carbon_below_sp10,4,-0.0012922438244322653,0.011142751950549628,0.017060272125036215,0.0039050414941893164
crop_intercept_sp10,4,-0.0018422174771592227,0.005105601862981321,0.008186386468187333,0.001627967010608432
crop_nitrogen_above_sp10,4,-0.00022899482431671113,0.0015789172150295822,0.0018849667345630157,0.0003306200938849409
crop_nitrogen_below_sp10,4,-8.441088795434066e-05,0.0008590760851024462,0.0011558114040100497,0.00026372450582502153
crop_proj_left_delta,4,-0.2343072291244896,0.2343072291244896,0.08713691704941075,0.026376559848934954
crop_proj_yield_delta,4,-0.2049827743739562,0.2049827743739562,0.13422497053878044,0.03703984435063748
crop_root_in_top_30,4,0.0025718998285864823,0.020856103937832132,0.038917704441763706,0.010670104666696139
crop_root_to_shoot_sp3,4,0.006565589827592161,0.011521375850968168,0.01443210990142861,0.003665099611930891
crop_slope_sp3,4,0.003140271526983043,0.00618985563441872,0.012530778165256235,0.0032868180579318394
crop_root_to_shoot_sp10,4,0.0015993634993704624,0.006754214867230565,0.011875649795676317,0.0030405428699152343
crop_slope_sp10,4,-0.0043766113258285645,0.019059770180345027,0.028233073631853543,0.006220559750294423
cy0_to_ceq_multiplier,4,-0.05453208402918085,0.14189455652377303,0.39638145468479635,0.12206257693318161
litter_carbon,4,-0.06016882211264858,0.06016882211264858,0.025235467733198607,0.007689185933434611
litter_nitrogen,4,0.023840581492758313,0.023840581492758313,0.0026222280512941468,0.0007248192172950353
mortality_fraction_branch_delta,4,-0.07115017478813504,0.07115017478813504,0.03404468824422009,0.009976359266172442
mortality_fraction_croot_delta,4,-0.027952904554282475,0.027952904554282475,0.01097214106946118,0.0036261570828891115
mortality_fraction_froot_delta,4,-0.012671658683505041,0.012671658683505041,0.005933553581414558,0.001804803432622636
mortality_fraction_leaf_delta,4,-0.019044285424553185,0.019044285424553185,0.008164615708079099,0.0024327797059648013
mortality_fraction_stem_delta,4,-0.14496121620292288,0.14496121620292288,0.06002135376750009,0.020057089667993543
pool_alloc_froot_sp1,4,-0.5137991497408994,0.5137991497408994,0.21945233450440949,0.06280472571204743
pool_alloc_leaf_sp1,4,-0.8980404507621185,0.8980404507621185,0.37444049900529996,0.09966265088849015
pool_alloc_stem_sp1,4,0.9305721009383763,1.2701567704925867,1.2119737960883696,0.25683769228731124
pool_turnover_branch_sp1,4,0.40124493071781886,0.40124493071781886,0.11177006386426559,0.03031457532981908
pool_turnover_croot_sp1,4,-1.5511513929562695,1.5511513929562695,0.5205381033343093,0.15482905045946196
pool_turnover_froot_sp1,4,-0.634889038982048,0.634889038982048,0.2531043115107235,0.0833771523990232
pool_turnover_leaf_sp1,4,-0.5705251303071549,0.5705251303071549,0.2476257536099398,0.07574633885817152
pool_turnover_stem_sp1,4,14.535812464895226,14.535812464895226,4.223830467620589,1.319009993088457
proj_cover,4,-8.748500752712156,8.748500752712156,11.83941691772588,3.780320797801998
proj_fire_off,4,0.05973419738979169,0.05973419738979169,0.12463274165293059,0.03769705162639034
proj_fire_on,4,0.6085826698574002,0.6085826698574002,0.10610050662092929,0.033525868319620775
proj_mortality,4,0.5473409916939866,0.5473409916939866,0.13634331173829695,0.03944666295895482
proj_thinning_delta,4,13.207335097329514,13.207335097329514,9.096960778163542,2.7523170205183027
roth_c_cover_c,4,0.043065919150043916,0.08295351694058209,0.14919257720564189,0.037924926285876764
roth_c_dpm_frac_crop,4,-0.0004231874563428384,0.031809548876915686,0.07547222522794607,0.019934063253442363
roth_c_dpm_frac_tree,4,0.2569497477727521,0.2569497477727521,0.12397785008138197,0.03652889643417711
roth_c_moisture_b_slope,4,-1.8096644545560387,1.9304991657763815,2.2488175674652267,0.6178181192902007
roth_c_temp_a1,4,1.853585365367514,1.853585365367514,0.4826745546215211,0.16166661838368837
roth_c_temp_a2,4,-4.384784912423987,4.384784912423987,0.9422119851104005,0.26612855386678497
thinning_fraction_branch_delta,4,-0.08061019299941406,0.08061019299941406,0.11223396817856211,0.03235312081364316
thinning_fraction_croot_delta,4,-0.03872115686320297,0.03872115686320297,0.04513579858767213,0.014011073415428526
thinning_fraction_froot_delta,4,-0.015976510678094417,0.015976510678094417,0.021164258668269983,0.006525323867606517
thinning_fraction_leaf_delta,4,-0.02896043346744619,0.02896043346744619,0.03365564686140712,0.010527025087424077
thinning_fraction_stem_delta,4,-0.19656685435946109,0.19656685435946109,0.2025556015065805,0.06356861953192296
tree_carbon_sp1,4,-1.413396537879483,1.7421373872829586,1.792445500474219,0.43759994432158633
tree_nitrogen_branch_sp1,4,0.002369621102313513,0.002369621102313513,0.0007374321479804031,0.00023995508850617152
tree_nitrogen_croot_sp1,4,0.0014863850396867773,0.0014863850396867773,0.0008441136118712354,0.0002411099679009696
tree_nitrogen_froot_sp1,4,0.04117847962455634,0.04117847962455634,0.007173532261098178,0.0021034106273040303
tree_nitrogen_leaf_sp1,4,0.061892189555122525,0.061892189555122525,0.0092338499000066,0.0027808453264145756
tree_nitrogen_stem_sp1,4,0.008615249175906847,0.008615249175906847,0.0036981501625105123,0.0009874939803495022
tree_root_in_top_30,4,-0.724413470936408,0.724413470936408,0.2862370087311054,0.09290910017741322
tree_root_to_shoot_sp1,4,-0.003965549359819007,0.18063524026554126,0.24499366503749695,0.05106243819672585
cy0,5,-0.49228189014940443,1.5525464856388065,2.7550619923432045,0.6504959286732535
clay,5,-1.8517039389806613,1.8688944374493979,2.3448445325831337,0.7031021293077468
temp_ci_delta,5,1.3897267680068004,1.3897267680068004,0.41949173404519424,0.1095387081476056
rain_ci_delta,5,8.461295860775559,8.904057827307724,8.078333836056553,2.4959534305296343
evap_ci_delta,5,-0.866045983266169,0.8711405037669027,1.5901606273209195,0.4522841898924506
ef_burn_crop_N2O_scale,5,-0.0002492264162406721,0.0014020530064116688,0.001844483264969491,0.00037143291671652457
ef_burn_crop_CH4_scale,5,-0.001507534407700406,0.0048234790650562385,0.0065019112004153145,0.001466891788862075
ef_burn_tree_N2O_scale,5,0.011379703030475174,0.011379703030475174,0.008353828626435914,0.0023896064877952923
ef_burn_tree_CH4_scale,5,0.04136667880102603,0.04136667880102603,0.030752620790612906,0.010282564406722306
ef_N_inputs,5,-0.005481580090078092,0.015112692778451935,0.01932409501167751,0.004330340280406408
combustion_factor_crop,5,-0.001251212681999947,0.007176639844418265,0.010253720701596039,0.002312065614393833
combustion_factor_tree,5,0.05725094081568756,0.05725094081568756,0.034168323868646065,0.010951783832798075
volatile_frac_organic_fertiliser,5,-0.0028754256509735095,0.0028754256509735095,0.000305562442097999,8.220332913383165e-05
volatile_frac_synthetic_fertiliser,5,0.016297396888962774,0.016297396888962774,0.001640565438636354,0.0005054828205225386
base_sf_qty_scale,5,-0.129813746965265,0.129813746965265,0.01168469711233401,0.003828718301943614
proj_lit_qty_scale,5,-0.028928532439050296,0.030902217679515336,0.032383098863929156,0.00945661084114867
base_stand_density_scale,5,0.0,0.0,0.0,0.0
proj_stand_density_scale,5,-0.3990238833861851,1.4315104441164948,1.813519978496937,0.3496441675291193
tree_wood_dens_sp1,5,-0.3934427329076353,1.3571709982130835,1.6351286586367741,0.3316212397081287
base_cover,5,1.193358344924507,1.193358344924507,1.5694302777133347,0.5575513991420418
base_fire_off,5,-0.024885313060658488,0.024885313060658488,0.08969221031413531,0.0234751859173337
base_fire_on,5,-0.03493285974000302,0.03493285974000302,0.005956144895643065,0.0018859905989436403
base_mortality,5,0.0,0.0,0.0,0.0
base_sf_n_delta,5,-0.13290163271820077,0.13290163271820077,0.0136461648336171,0.004551771405151767
base_thinning_delta,5,0.0,0.0,0.0,0.0
crop_base_left_delta,5,0.20831694475492823,0.20831694475492823,0.07370779420062344,0.023651973900244382
crop_base_yield_delta,5,0.13421255450181144,0.13421255450181144,0.062062502163634105,0.017198841448553537
crop_carbon_above_sp3,5,0.0005371627007169949,0.009745676821426238,0.016520804895059665,0.0034991419883152507
crop_carbon_below_sp3,5,0.007870605135114771,0.016616924290823676,0.024154123408925896,0.006446825945662429
crop_intercept_sp3,5,-0.0015309220544737587,0.004966155342495314,0.0075280661761070265,0.0019340953221772983
crop_nitrogen_above_sp3,5,-0.0013829849470181732,0.002082364054988672,0.0022678518451473154,0.0005020846647997534
crop_nitrogen_below_sp3,5,-0.0031851691322612786,0.0031851691322612786,0.000743827944577893,0.00023880611581062093
crop_carbon_above_sp10,5,-0.007442810861612215,0.0201431795479196,0.03147158873072006,0.008632173690100008
crop_carbon_below_sp10,5,-0.0009914139743777916,0.009334481647474885,0.014724752679934417,0.0034894118382119694
crop_intercept_sp10,5,-0.001663171799853476,0.004304197111319215,0.007042073442567713,0.0014397746078033387
crop_nitrogen_above_sp10,5,-0.00022899482431597008,0.0015789172150289243,0.0018849667345627215,0.00033062009388495065
crop_nitrogen_below_sp10,5,-8.441088795395346e-05,0.0008590760851031581,0.0011558114040105638,0.0002637245058248294
crop_proj_left_delta,5,-0.2041576350631252,0.2041576350631252,0.07654422269144452,0.02343723742095886
crop_proj_yield_delta,5,-0.1655171550114155,0.1655171550114155,0.11625653811959377,0.032072001113146106
crop_root_in_top_30,5,0.0017698886545109676,0.017424532602309636,0.034022729744059815,0.009452746227294244
crop_root_to_shoot_sp3,5,0.00546985874352289,0.009306144507592515,0.011655940387107683,0.0030014437832738207
crop_slope_sp3,5,0.002264661108001978,0.004970548437759384,0.010288540115242628,0.0027060115549640473
crop_root_to_shoot_sp10,5,0.0011734116248576481,0.005528973705190013,0.00956852525599161,0.002426406019597317
crop_slope_sp10,5,-0.0037598385388805155,0.015656317073522948,0.023393122565584196,0.005226173300332877
cy0_to_ceq_multiplier,5,-0.046498167122995315,0.11280712631308876,0.3457911274681763,0.10865356855466445
litter_carbon,5,-0.049277131981044976,0.049277131981044976,0.020558464778609512,0.006194424691435065
litter_nitrogen,5,0.023840581492757914,0.023840581492757914,0.0026222280512944274,0.0007248192172949939
mortality_fraction_branch_delta,5,-0.04760506103295591,0.04760506103295591,0.03236836617921984,0.009554107483624022
mortality_fraction_croot_delta,5,-0.017477179253433582,0.017477179253433582,0.00971893447292006,0.003040887664604234
mortality_fraction_froot_delta,5,-0.00719345496498436,0.00724165121508218,0.005317500054129361,0.0016332624436297956
mortality_fraction_leaf_delta,5,-0.011068400831902112,0.011068400831902112,0.007601330412248264,0.0022046557811593063
mortality_fraction_stem_delta,5,-0.08627444551945675,0.08627444551945675,0.05651623886718238,0.019196039896618104
pool_alloc_froot_sp1,5,-0.29352630919330647,0.29352630919330647,0.20046283160526912,0.057240371552379196
pool_alloc_leaf_sp1,5,-0.514357415448891,0.514357415448891,0.35360736673903775,0.09449717607706527
pool_alloc_stem_sp1,5,1.0723711298990817,1.4249048802565774,1.3217897630832494,0.2784878404976488
pool_turnover_branch_sp1,5,0.4751342994448701,0.4751342994448701,0.14192398750340626,0.03746341057591756
pool_turnover_croot_sp1,5,-1.006265886163948,1.006265886163948,0.4374119654434825,0.12596091471697896
pool_turnover_froot_sp1,5,-0.4044593518621438,0.4044593518621438,0.2178973695018702,0.07011945263767007
pool_turnover_leaf_sp1,5,-0.3637662139745605,0.3637662139745605,0.21410947345921968,0.06403522599708344
pool_turnover_stem_sp1,5,16.66744532403236,16.66744532403236,5.259813328025117,1.5926778449099468
proj_cover,5,-7.665278762782082,7.665278762782082,11.172545809814837,3.590627001156052
proj_fire_off,5,0.05973419738979195,0.05973419738979195,0.12463274165293135,0.03769705162639057
proj_fire_on,5,0.5753064970594606,0.5753064970594606,0.08518469450389418,0.026895085523671255
proj_mortality,5,0.5828514438868818,0.5828514438868818,0.18414609066613644,0.05390257942634658
proj_thinning_delta,5,14.050364561500597,14.050364561500597,9.961955359970872,3.006614517518766
roth_c_cover_c,5,0.04713907326294056,0.07122162766105727,0.1088815979241989,0.028543431319097822
roth_c_dpm_frac_crop,5,-0.0014428574722420025,0.02285101092622635,0.061776972399237025,0.01662923505409007
roth_c_dpm_frac_tree,5,0.13965998658275186,0.14535390620391506,0.12248992784310701,0.034637897252084104
roth_c_moisture_b_slope,5,-1.8957796805961167,2.021916439086868,2.7687496456515506,0.7642417337275228
roth_c_temp_a1,5,1.4861283870188196,1.4861283870188196,0.5371113440128837,0.184465226446387
roth_c_temp_a2,5,-3.364688968334554,3.364688968334554,1.019122940875911,0.2657820704252334
thinning_fraction_branch_delta,5,-0.04752128385701262,0.04752128385701262,0.0706112684864462,0.02063466230753728
thinning_fraction_croot_delta,5,-0.021341059823802955,0.021341059823802955,0.027943121857085494,0.009181315095854407
thinning_fraction_froot_delta,5,-0.008191783748354785,0.008191783748354785,0.011818804363096435,0.003359835342389357
thinning_fraction_leaf_delta,5,-0.014123330368788762,0.014123330368788762,0.017642893250284165,0.005613113639065939
thinning_fraction_stem_delta,5,-0.08381254997371679,0.08511558853550616,0.0965477224399131,0.028369421135432248
tree_carbon_sp1,5,-0.41247333262796104,1.521831853038012,1.8235530794936363,0.29993493210403155
tree_nitrogen_branch_sp1,5,0.0022988867561384934,0.0022988867561384934,0.0006326731431121592,0.0002073049590519161
tree_nitrogen_croot_sp1,5,0.001413064721308027,0.001413064721308027,0.0008326944865077206,0.00023591895047968026
tree_nitrogen_froot_sp1,5,0.03908360354700857,0.03908360354700857,0.007921626867947508,0.0024386599167530052
tree_nitrogen_leaf_sp1,5,0.05914747568011412,0.05914747568011412,0.011171186794701136,0.0033165088359209806
tree_nitrogen_stem_sp1,5,0.007754648951460841,0.007754648951460841,0.002954838033815363,0.0007983333102086975
tree_root_in_top_30,5,-0.43640626483014755,0.43640626483014755,0.27207668409908825,0.08629302373070555
tree_root_to_shoot_sp1,5,0.0401482853107065,0.17270160646027,0.22614633447927546,0.043504623971957215
cy0,6,-0.4563322707235408,1.464627568575118,2.5795595321965212,0.5983739444627463
clay,6,-1.6246749924276955,1.640589012093945,2.137171106744452,0.6431230176055083
temp_ci_delta,6,0.9953465030402027,0.9953465030402027,0.555647241454058,0.14291305635468243
rain_ci_delta,6,6.295731078884673,6.769580276754725,7.08749851894457,2.136387180273529
evap_ci_delta,6,-0.6314391833132044,0.6368507100417619,1.2659944647071413,0.35975601077013697
ef_burn_crop_N2O_scale,6,-0.003327603001722549,0.0034728063259308406,0.0025192035771980257,0.0005980928663087427
ef_burn_crop_CH4_scale,6,-0.012543540146484233,0.012839927987752275,0.009503528698989336,0.0025326410642439053
ef_burn_tree_N2O_scale,6,0.010627822187916058,0.010627822187916058,0.007677822349943044,0.002175628874525447
ef_burn_tree_CH4_scale,6,0.03905567522512714,0.03905567522512714,0.028588864243301117,0.009459435396209566
ef_N_inputs,6,-0.02262214513864467,0.026088635317057917,0.022723946749807676,0.006356750376151079
combustion_factor_crop,6,-0.014493638588728913,0.015388645910984983,0.012609924446931495,0.003294075996257385
combustion_factor_tree,6,0.0537160619803997,0.0537160619803997,0.03154576511050107,0.009994734226877317
volatile_frac_organic_fertiliser,6,-0.0028754256509735342,0.0028754256509735342,0.000305562442098174,8.220332913379273e-05
volatile_frac_synthetic_fertiliser,6,0.01629739688896302,0.01629739688896302,0.001640565438636175,0.0005054828205225377
base_sf_qty_scale,6,-0.12981374696526443,0.12981374696526443,0.011684697112334797,0.0038287183019438203
proj_lit_qty_scale,6,-0.02142801844396164,0.024178391454580662,0.027382900283846136,0.007808430073150773
base_stand_density_scale,6,0.0,0.0,0.0,0.0
proj_stand_density_scale,6,0.019022280910048206,1.3679483309800131,1.7311124268773608,0.30825411570659633
tree_wood_dens_sp1,6,0.0742965910745671,1.2333674850713265,1.5159273462478247,0.2886741937881968
base_cover,6,1.1210189878367678,1.1210189878367678,1.4525520744640195,0.517943340604593
base_fire_off,6,-0.024885313060658488,0.024885313060658488,0.08969221031413527,0.02347518591733367
base_fire_on,6,-0.034932859740002334,0.034932859740002334,0.005956144895642657,0.001885990598943463
base_mortality,6,0.0,0.0,0.0,0.0
base_sf_n_delta,6,-0.13290163271820055,0.13290163271820055,0.013646164833617507,0.004551771405151873
base_thinning_delta,6,0.0,0.0,0.0,0.0
crop_base_left_delta,6,0.18956301561498817,0.18956301561498817,0.06602612416612935,0.0210142297227719
crop_base_yield_delta,6,0.11160001779899065,0.11160001779899065,0.054852165743858206,0.015336490438853174
crop_carbon_above_sp3,6,0.0005301617056474514,0.008582081318599293,0.014634250933967911,0.003090095306827968
crop_carbon_below_sp3,6,0.007203203923755674,0.0145619692979159,0.021103111006034875,0.005677806802654717
crop_intercept_sp3,6,-0.001363246831631995,0.004250817315377584,0.0063723461234310025,0.001638565131654017
crop_nitrogen_above_sp3,6,-0.0013829849470188144,0.002082364054989397,0.002267851845147377,0.0005020846647997623
crop_nitrogen_below_sp3,6,-0.0031851691322609494,0.0031851691322609494,0.0007438279445781606,0.00023880611581071807
crop_carbon_above_sp10,6,0.191180826652943,0.191180826652943,0.03483548551319137,0.010682729169868045
crop_carbon_below_sp10,6,0.07786245905434706,0.07786245905434706,0.016400410034917587,0.004943861609056059
crop_intercept_sp10,6,0.05932917973781123,0.05932917973781123,0.012359513494616153,0.004198851068713184
crop_nitrogen_above_sp10,6,-0.007081677975079391,0.007081677975079391,0.001432338465665791,0.0004374111624651255
crop_nitrogen_below_sp10,6,-0.004457407240106076,0.004457407240106076,0.0014506415250374694,0.0004333593057345707
crop_proj_left_delta,6,0.18718349773466927,0.18718349773466927,0.05389027697094322,0.01683019980533825
crop_proj_yield_delta,6,0.29924552476029687,0.29924552476029687,0.07980202897019276,0.02440869121317195
crop_root_in_top_30,6,0.07362702831424388,0.07466420199877022,0.024342007488052188,0.006466624757568535
crop_root_to_shoot_sp3,6,0.004774475542183174,0.007933604419155912,0.009779714822141848,0.0024954461936792026
crop_slope_sp3,6,0.001720936797274597,0.004251812251020481,0.00903418834484431,0.0023815640578195322
crop_root_to_shoot_sp10,6,0.07487586472620045,0.07487586472620045,0.01113258121376976,0.0036305774312614214
crop_slope_sp10,6,0.15392301599141767,0.15392301599141767,0.030468546039734715,0.008905622882455583
cy0_to_ceq_multiplier,6,-0.03888025981957577,0.08789859342244422,0.2924500175972487,0.0928317776505829
litter_carbon,6,-0.042594247660435874,0.042594247660435874,0.016984207563569255,0.005065759634849471
litter_nitrogen,6,0.023840581492757626,0.023840581492757626,0.0026222280512942305,0.0007248192172949707
mortality_fraction_branch_delta,6,-0.03470487165697493,0.03470521352091982,0.028886670281954956,0.008473953378714962
mortality_fraction_croot_delta,6,-0.011709146853272095,0.011846925499327426,0.008117593793078448,0.0023677470603055664
mortality_fraction_froot_delta,6,-0.00450447430180848,0.004641879160047645,0.004450588403999932,0.001351194585647415
mortality_fraction_leaf_delta,6,-0.0070620002172194106,0.00707478167428095,0.006734066349377549,0.0019192732980850265
mortality_fraction_stem_delta,6,-0.05522504883177872,0.055305821043899896,0.050542376006762785,0.017276324458416047
pool_alloc_froot_sp1,6,-0.17783115140741476,0.18553769271886508,0.1694064681326619,0.044894788094159026
pool_alloc_leaf_sp1,6,-0.3132614001157773,0.3141529805007415,0.309501208511576,0.08342360723619201
pool_alloc_stem_sp1,6,1.0750573711533178,1.4299949866783197,1.3245457879616418,0.2737188410368435
pool_turnover_branch_sp1,6,0.506703018909576,0.506703018909576,0.17047769989119305,0.044429888385031376
pool_turnover_croot_sp1,6,-0.7115463107745242,0.7115463107745242,0.35150489202950097,0.10184052656142147
pool_turnover_froot_sp1,6,-0.2817627128116592,0.2817627128116592,0.17627574025748544,0.05608003626616804
pool_turnover_leaf_sp1,6,-0.252661359808027,0.252661359808027,0.17053744579589544,0.04995665808791324
pool_turnover_stem_sp1,6,16.98553079529195,16.98553079529195,6.49453364279027,1.9241337429323229
proj_cover,6,-5.824477802162592,5.824477802162592,9.184642425028526,2.944853936211599
proj_fire_off,6,0.038276337181795475,0.038276337181795475,0.08866578947612412,0.027751019787327812
proj_fire_on,6,0.5241814395732621,0.5241814395732621,0.07672367530933069,0.02400494404245575
proj_mortality,6,0.5886255749811821,0.5886255749811821,0.23343625822314537,0.06846679883734133
proj_thinning_delta,6,14.127278019914517,14.127278019914517,10.454443832250991,3.149928340286817
roth_c_cover_c,6,0.04189096087568763,0.05925021418210948,0.08792221720413515,0.023638732146565786
roth_c_dpm_frac_crop,6,-0.1964371582214857,0.1964371582214857,0.051799541906622205,0.014727318091580899
roth_c_dpm_frac_tree,6,0.07604239188374176,0.08903666809165396,0.10704958097033536,0.028557885349066166
roth_c_moisture_b_slope,6,-1.67390399656916,1.8049462610734257,2.84008437507667,0.7856810859672647
roth_c_temp_a1,6,1.0146065196681706,1.0285437117120309,0.695136668638365,0.21719346201118447
roth_c_temp_a2,6,-2.1096320975401843,2.128548132546599,1.2726918735413917,0.343074780154014
thinning_fraction_branch_delta,6,-0.029488009215040533,0.029488009215040533,0.04858180909111721,0.014479815730488054
thinning_fraction_croot_delta,6,-0.012455938187120144,0.013155332235514242,0.018909331871407916,0.006064701476802674
thinning_fraction_froot_delta,6,-0.004253203544206566,0.0042770105184151055,0.0076732956673926135,0.0020283681866098474
thinning_fraction_leaf_delta,6,-0.006874853205341601,0.0073397759129893315,0.010842824641478122,0.0034366952943807637
thinning_fraction_stem_delta,6,-0.0341475436442248,0.04520406690098375,0.06830835565763266,0.018715243605487746
tree_carbon_sp1,6,0.03929329793858039,1.4465449742561762,1.729741515035924,0.25900968138473657
tree_nitrogen_branch_sp1,6,0.0022284478291523108,0.0022284478291523108,0.0005450897283969623,0.00017929261484308704
tree_nitrogen_croot_sp1,6,0.001350090156031558,0.001350090156031558,0.0008332011893966319,0.00023496014669585527
tree_nitrogen_froot_sp1,6,0.03730820027891734,0.03730820027891734,0.009038009297136867,0.0028434433568728305
tree_nitrogen_leaf_sp1,6,0.056790527377930014,0.056790527377930014,0.013357258628980186,0.003953443321578075
tree_nitrogen_stem_sp1,6,0.007033393500884713,0.007033393500884713,0.002404637818542071,0.0006636578664299877
tree_root_in_top_30,6,-0.2841581796348838,0.2865432099350582,0.24294448138940813,0.07462867345337151
tree_root_to_shoot_sp1,6,0.0563650452570141,0.16787481012919447,0.21037806301961556,0.03871848475079212
cy0,7,-0.4241615897718155,1.3809371468420137,2.4067844528828997,0.5552107256397701
clay,7,-1.4890473571863805,1.4957700399301934,1.9592717416845151,0.5917919537908437
temp_ci_delta,7,0.7161477451669919,0.7534886729620165,0.6134658977458834,0.1463898805477101
rain_ci_delta,7,4.479190868478723,4.966093917331819,6.198108519695616,1.8118847508487657
evap_ci_delta,7,-0.4509116330635061,0.4578991653977191,1.0741066826314598,0.3099071447980083
ef_burn_crop_N2O_scale,7,-0.0033276030017228174,0.003472806325930905,0.00251920357719805,0.000598092866308734
ef_burn_crop_CH4_scale,7,-0.012543540146484244,0.01283992798775222,0.009503528698989573,0.0025326410642439977
ef_burn_tree_N2O_scale,7,0.009981537667372331,0.009981537667372331,0.007158692757587414,0.002016785988557158
ef_burn_tree_CH4_scale,7,0.037046271882587,0.037046271882587,0.02687225717820976,0.008793883998877709
ef_N_inputs,7,-0.0274878939247384,0.03182379217626831,0.026461537131991487,0.0072268051362898815
combustion_factor_crop,7,-0.01449363858872931,0.015388645910985646,0.012609924446931844,0.003294075996257301
combustion_factor_tree,7,0.05069106727245483,0.05069106727245483,0.029711236975542718,0.009285948431618016
volatile_frac_organic_fertiliser,7,-0.0028754256509736925,0.0028754256509736925,0.0003055624420980616,8.220332913378166e-05
volatile_frac_synthetic_fertiliser,7,0.016297396888962746,0.016297396888962746,0.0016405654386360455,0.0005054828205224857
base_sf_qty_scale,7,-0.12981374696526493,0.12981374696526493,0.011684697112334136,0.0038287183019436784
proj_lit_qty_scale,7,-0.016137466732464887,0.019424765095627013,0.02342371526052475,0.006540628870515633
base_stand_density_scale,7,0.0,0.0,0.0,0.0
proj_stand_density_scale,7,0.7994568169102484,1.6397943878369112,1.7589240881213213,0.2901861857316149
tree_wood_dens_sp1,7,0.9245009548820201,1.5398672612445021,1.5391501541178887,0.23793734285458637
base_cover,7,1.0340231075745447,1.0340231075745447,1.3407990379085202,0.4781421142853667
base_fire_off,7,-0.024885313060658488,0.024885313060658488,0.08969221031413531,0.0234751859173337
base_fire_on,7,-0.03493285974000261,0.03493285974000261,0.005956144895643263,0.001885990598943803
base_mortality,7,0.0,0.0,0.0,0.0
base_sf_n_delta,7,-0.13290163271820082,0.13290163271820082,0.013646164833617283,0.004551771405151797
base_thinning_delta,7,0.0,0.0,0.0,0.0
crop_base_left_delta,7,0.1757011116603584,0.1757011116603584,0.05979722539047663,0.018889664258777042
crop_base_yield_delta,7,0.09564389829763847,0.09564389829763847,0.05028683165558472,0.014187251124646406
crop_carbon_above_sp3,7,0.0005201536700712606,0.00773597864564895,0.013119442902621426,0.0027553893335984818
crop_carbon_below_sp3,7,0.0066837230534203705,0.013077675750152323,0.018786881492235372,0.005070425278134515
crop_intercept_sp3,7,-0.001260911585606557,0.00378113912244072,0.005565381623167393,0.0014183075690463345
crop_nitrogen_above_sp3,7,-0.0013829849470184397,0.0020823640549890053,0.0022678518451472495,0.0005020846647996562
crop_nitrogen_below_sp3,7,-0.003185169132261062,0.003185169132261062,0.0007438279445780017,0.00023880611581065197
crop_carbon_above_sp10,7,0.11536484231300728,0.11536484231300728,0.030812817039374763,0.009171617233559203
crop_carbon_below_sp10,7,0.048100302337161185,0.048100302337161185,0.014519548691181581,0.004341195744867154
crop_intercept_sp10,7,0.03394795973344768,0.03394795973344768,0.010697672754335075,0.0032387717014549
crop_nitrogen_above_sp10,7,-0.00708167797507922,0.00708167797507922,0.001432338465665997,0.00043741116246527514
crop_nitrogen_below_sp10,7,-0.004457407240105069,0.004457407240105069,0.0014506415250374644,0.00043335930573460324
crop_proj_left_delta,7,0.0649973880508963,0.06566916124764574,0.03017985034748427,0.00922686225868369
crop_proj_yield_delta,7,0.186650737496901,0.186650737496901,0.0549397123700068,0.016608684649582307
crop_root_in_top_30,7,0.044170896941750346,0.04595138998882804,0.021183934545622746,0.005347505628346729
crop_root_to_shoot_sp3,7,0.004238478860360696,0.007062198799928034,0.008642135376517495,0.0021641278212481364
crop_slope_sp3,7,0.0013292241199268306,0.0038184669271846493,0.008264908052204449,0.002181495705570234
crop_root_to_shoot_sp10,7,0.04406605012447216,0.04406605012447216,0.01196643179871731,0.003996857513421455
crop_slope_sp10,7,0.08452137601112336,0.08452137601112336,0.027813598576942645,0.008156325360909066
cy0_to_ceq_multiplier,7,-0.03291514209429024,0.06937487597183276,0.24715051606384236,0.0788403158050116
litter_carbon,7,-0.03811300300887001,0.03811300300887001,0.014363695974891347,0.0042469556593716755
litter_nitrogen,7,0.023840581492758202,0.023840581492758202,0.0026222280512946668,0.0007248192172950611
mortality_fraction_branch_delta,7,-0.0268945644110812,0.027099343999721515,0.02530053479231247,0.007293016904837807
mortality_fraction_croot_delta,7,-0.008314500448622203,0.008548847856040704,0.006781159735441404,0.001863344420973392
mortality_fraction_froot_delta,7,-0.003049212878051877,0.0034102463678525098,0.0037204428035072516,0.001073893221026513
mortality_fraction_leaf_delta,7,-0.004867307712002988,0.00517446753271873,0.00603733350457961,0.0016459691382171287
mortality_fraction_stem_delta,7,-0.03780018759053392,0.0416668427426794,0.045841982396184165,0.014543519426366176
pool_alloc_froot_sp1,7,-0.1018676927872992,0.12834799940187896,0.14406420338660064,0.03375398310037222
pool_alloc_leaf_sp1,7,-0.19811022031176675,0.2131162715829245,0.27037539899928686,0.07112532586941708
pool_alloc_stem_sp1,7,1.002829794818976,1.243280184882576,1.1473170458737991,0.2449946079292164
pool_turnover_branch_sp1,7,0.4482929658569542,0.4482929658569542,0.2163355111979217,0.05486174995890248
pool_turnover_croot_sp1,7,-0.6300003101242553,0.6300003101242553,0.27787731432069873,0.08283689279853287
pool_turnover_froot_sp1,7,-0.2514706227166286,0.2514706227166286,0.14926423071653075,0.04648822511736177
pool_turnover_leaf_sp1,7,-0.21342473014313007,0.21342473014313007,0.13290599821706128,0.03848384352481405
pool_turnover_stem_sp1,7,14.141471834540997,14.141471834540997,7.956438165762743,2.279107819182573
proj_cover,7,-4.407086635403801,4.407086635403801,7.44163637455168,2.36288414219364
proj_fire_off,7,0.0382763371817955,0.0382763371817955,0.0886657894761242,0.02775101978732784
proj_fire_on,7,0.4995777146816831,0.4995777146816831,0.07863265310629076,0.0245027260310108
proj_mortality,7,0.5237418915557741,0.5237418915557741,0.30299964852731875,0.08712231022379822
proj_thinning_delta,7,19.75344992140301,19.75344992140301,9.483636508239451,2.842275970428384
roth_c_cover_c,7,0.03507383127504735,0.048523992997678886,0.07732225460932375,0.021158894724952484
roth_c_dpm_frac_crop,7,-0.11541745290783675,0.11541745290783675,0.05292243620664238,0.01644922823993751
roth_c_dpm_frac_tree,7,0.04011921550773411,0.0636931292599563,0.09008372081729847,0.02175085743968747
roth_c_moisture_b_slope,7,-1.430951300607527,1.5607736236417364,2.7362679389172064,0.7609007992090289
roth_c_temp_a1,7,0.7158777426935388,0.7557093972548902,0.7395497605553878,0.21702882346245797
roth_c_temp_a2,7,-1.2906832567046034,1.3524905383283807,1.2786615414627787,0.34851951541450754
thinning_fraction_branch_delta,7,-0.018702916205961734,0.019422093232430198,0.03506679511824064,0.010342407305456925
thinning_fraction_croot_delta,7,-0.007475859662065309,0.008754613308220504,0.013516415554130539,0.00413178191796542
thinning_fraction_froot_delta,7,-0.002121201075641968,0.002857110216748651,0.005816650613146033,0.0014806646821090709
thinning_fraction_leaf_delta,7,-0.003088843380286388,0.004845200490444945,0.007984729727092686,0.0023482539734122265
thinning_fraction_stem_delta,7,-0.011573187741506785,0.040542599050798545,0.06342778658806948,0.0142229263066929
tree_carbon_sp1,7,0.8427072759731216,1.7325148865207958,1.8268543008027915,0.2903418321067546
tree_nitrogen_branch_sp1,7,0.002159221200872874,0.002159221200872874,0.0004763254112196601,0.0001561674652711577
tree_nitrogen_croot_sp1,7,0.001295914735082962,0.001295914735082962,0.00084322874667786,0.00023733271563965307
tree_nitrogen_froot_sp1,7,0.035797320016621954,0.035797320016621954,0.010251859451338382,0.0032526688175996705
tree_nitrogen_leaf_sp1,7,0.05476160605203574,0.05476160605203574,0.015540939808392353,0.0046031109865758025
tree_nitrogen_stem_sp1,7,0.006425751997454682,0.006425751997454682,0.0020114257583675513,0.0005731403734034868
tree_root_in_top_30,7,-0.1983185367371811,0.20969307371813306,0.215245795942453,0.06258828456415964
tree_root_to_shoot_sp1,7,0.14551661439567543,0.23667526659803775,0.23194406176227633,0.03979990837008395
cy0,8,-0.3944264838966255,1.2753637172828862,2.230538031801203,0.515010109465126
clay,8,-1.3902122594402746,1.3902122594402746,1.8154749757931417,0.5507251945790176
temp_ci_delta,8,0.5631340432480237,0.6131932579703755,0.5862666140329421,0.14099677762396867
rain_ci_delta,8,3.2705945590104397,3.792823573458704,5.487417053160107,1.5616325979934287
evap_ci_delta,8,-0.3408262667891738,0.35909628949217703,0.9540533682929369,0.27769509672538756
ef_burn_crop_N2O_scale,8,-0.003327603001722734,0.0034728063259308883,0.002519203577197816,0.0005980928663087426
ef_burn_crop_CH4_scale,8,-0.01254354014648372,0.012839927987751429,0.009503528698988612,0.002532641064243837
ef_burn_tree_N2O_scale,8,0.00980919755729277,0.00980919755729277,0.0070244572404629555,0.0019579211943324963
ef_burn_tree_CH4_scale,8,0.03638048956542717,0.03638048956542717,0.0259567833919552,0.008390025125300777
ef_N_inputs,8,-0.031617140385418796,0.03699653610881891,0.030241405953493054,0.008035834290709497
combustion_factor_crop,8,-0.014493638588729077,0.01538864591098488,0.012609924446931233,0.00329407599625733
combustion_factor_tree,8,0.04994553627358505,0.04994553627358505,0.02951820539281461,0.009232198223560735
volatile_frac_organic_fertiliser,8,-0.0028754256509740004,0.0028754256509740004,0.0003055624420981108,8.220332913385385e-05
volatile_frac_synthetic_fertiliser,8,0.016297396888962996,0.016297396888962996,0.0016405654386363994,0.0005054828205225565
base_sf_qty_scale,8,-0.1298137469652647,0.1298137469652647,0.01168469711233436,0.0038287183019437947
proj_lit_qty_scale,8,-0.012161033239446386,0.01601167627059922,0.020370244019162112,0.005569947472086861
base_stand_density_scale,8,0.0,0.0,0.0,0.0
proj_stand_density_scale,8,0.10422569227421423,1.186196932786673,1.4825886384635734,0.27124314753121176
tree_wood_dens_sp1,8,0.23487402051180814,1.0450935498431548,1.280156503203506,0.24150008586011013
base_cover,8,0.9417162932477054,0.9417162932477054,1.230596428868064,0.43821713408485796
base_fire_off,8,-0.024885313060658554,0.024885313060658554,0.08969221031413553,0.02347518591733375
base_fire_on,8,-0.03493285974000236,0.03493285974000236,0.005956144895642461,0.0018859905989435332
base_mortality,8,0.0,0.0,0.0,0.0
base_sf_n_delta,8,-0.13290163271820077,0.13290163271820077,0.013646164833617493,0.004551771405151856
base_thinning_delta,8,0.0,0.0,0.0,0.0
crop_base_left_delta,8,0.1647075152303456,0.1647075152303456,0.05480380718230888,0.01721296606237104
crop_base_yield_delta,8,0.08331453090274736,0.08331453090274736,0.047431806499935274,0.01347875793029432
crop_carbon_above_sp3,8,0.0004936202303253562,0.007102066123765918,0.011908691543541735,0.0024863775157218148
crop_carbon_below_sp3,8,0.006237478615832226,0.01198588787142949,0.017050663554475064,0.004597844617562473
crop_intercept_sp3,8,-0.0012007714715288984,0.0034622329140006555,0.005003151546922663,0.001257802077808486
crop_nitrogen_above_sp3,8,-0.0013829849470185895,0.002082364054988872,0.0022678518451474026,0.0005020846647997467
crop_nitrogen_below_sp3,8,-0.003185169132260979,0.003185169132260979,0.000743827944578016,0.00023880611581065825
crop_carbon_above_sp10,8,0.08609391546429576,0.08609391546429576,0.028536398227076726,0.008743317191279852
crop_carbon_below_sp10,8,0.03600718052529197,0.03600718052529197,0.013400524086912904,0.0038978307817098385
crop_intercept_sp10,8,0.0238470684669287,0.0238470684669287,0.00981750647562143,0.002845230855606406
crop_nitrogen_above_sp10,8,-0.0070816779750791535,0.0070816779750791535,0.0014323384656660045,0.0004374111624652342
crop_nitrogen_below_sp10,8,-0.0044574072401054685,0.0044574072401054685,0.0014506415250373531,0.0004333593057345409
crop_proj_left_delta,8,0.020100859900432387,0.025272863522856792,0.02125024917902858,0.0038755815060238716
crop_proj_yield_delta,8,0.1486308045494301,0.14934484333260065,0.04892219245099228,0.013712507339009793
crop_root_in_top_30,8,0.03236438601274171,0.03408563911104254,0.018551809469845137,0.0048486975855991
crop_root_to_shoot_sp3,8,0.0037850544381558826,0.006585889564280178,0.008030191747517991,0.001938660230182774
crop_slope_sp3,8,0.0010152701002100236,0.0035528747331380825,0.007750051031665073,0.0020485202209622765
crop_root_to_shoot_sp10,8,0.031621980969164985,0.031621980969164985,0.011426090739590859,0.0037730596624665426
crop_slope_sp10,8,0.05698678583070852,0.05698678583070852,0.026008787326461273,0.0076939359777341235
cy0_to_ceq_multiplier,8,-0.028299705235537063,0.05577455880757472,0.20996108521667947,0.06715441902461677
litter_carbon,8,-0.03486545390613702,0.03486545390613702,0.01245857229597442,0.00365825463607271
litter_nitrogen,8,0.023840581492758268,0.023840581492758268,0.0026222280512943463,0.0007248192172949399
mortality_fraction_branch_delta,8,-0.019282012355486888,0.020299108961509736,0.022722535152513684,0.006192408720726343
mortality_fraction_croot_delta,8,-0.0052451182252853164,0.00600568695366136,0.005819826226399861,0.0014579262596203053
mortality_fraction_froot_delta,8,-0.0017317220523650687,0.0025117246863452167,0.0032274477309827752,0.0008244969493692194
mortality_fraction_leaf_delta,8,-0.0029478965474616925,0.004112970005040417,0.005715147719717951,0.0014691409102371774
mortality_fraction_stem_delta,8,-0.022781028766445256,0.03425755125945103,0.04233624896320315,0.011481778493332173
pool_alloc_froot_sp1,8,-0.06700818502889282,0.10395737234182542,0.12328625473228175,0.02740434106558363
pool_alloc_leaf_sp1,8,-0.11971176372093602,0.16807511308366657,0.2441284675640417,0.05827233396699181
pool_alloc_stem_sp1,8,0.9529168364442191,1.3263614096036693,1.2791926093614074,0.2522393532357587
pool_turnover_branch_sp1,8,0.5313887777060279,0.5313887777060279,0.21988755123742237,0.057145754716941076
pool_turnover_croot_sp1,8,-0.3786473090530009,0.3786473090530009,0.24651813365839545,0.07644514628955534
pool_turnover_froot_sp1,8,-0.142723624572438,0.142723624572438,0.11061210791074885,0.03537689449886339
pool_turnover_leaf_sp1,8,-0.12659025359505374,0.12711566302537602,0.10646238879159572,0.02894773096650636
pool_turnover_stem_sp1,8,16.359060809602802,16.359060809602802,8.746907175150318,2.556274843780592
proj_cover,8,-3.5232502208052217,3.5316941846683143,6.12229668361732,1.8988204022382995
proj_fire_off,8,0.03827633718179537,0.03827633718179537,0.08866578947612405,0.02775101978732777
proj_fire_on,8,0.49730968685892896,0.49730968685892896,0.08890144817055512,0.028221549629751094
proj_mortality,8,0.580876688940473,0.580876688940473,0.3225619223645689,0.09468789169786185
proj_thinning_delta,8,11.608913198688736,11.627510791475528,11.32878274564226,3.423288754939272
roth_c_cover_c,8,0.028864045018692174,0.04031678093425454,0.06923677590447076,0.018946388919899713
roth_c_dpm_frac_crop,8,-0.0674028630923386,0.0674028630923386,0.04914049648957905,0.015786178299837868
roth_c_dpm_frac_tree,8,0.029970190632475302,0.0511222633039766,0.0726105645970366,0.01754389600017812
roth_c_moisture_b_slope,8,-1.2083106293049741,1.3316432556413678,2.475977520232024,0.6935507515948798
roth_c_temp_a1,8,0.571590022088739,0.6145235884072141,0.6984650123289112,0.19699188740127294
roth_c_temp_a2,8,-0.8773533136668137,0.9569835050272462,1.1327361840744774,0.31267798293024357
thinning_fraction_branch_delta,8,-0.1265863077258408,0.1265863077258408,0.11375888325474251,0.0314545422125789
thinning_fraction_croot_delta,8,-0.05478102021419188,0.05478102021419188,0.040656135485071875,0.012140049535044325
thinning_fraction_froot_delta,8,-0.023597079102357015,0.023597079102357015,0.022371254389255593,0.0057080647680842495
thinning_fraction_leaf_delta,8,-0.037379570651081766,0.037379570651081766,0.0290550455248957,0.009612593169190895
thinning_fraction_stem_delta,8,-0.2436103960710526,0.2440721917859167,0.248167107904465,0.07655538311428256
tree_carbon_sp1,8,0.14593133080870493,1.1966610429462192,1.5002541082743095,0.25396420706561884
tree_nitrogen_branch_sp1,8,0.0023718969662307353,0.0023718969662307353,0.0005654671728752369,0.00018037910937769423
tree_nitrogen_croot_sp1,8,0.0013277636019016353,0.0013277636019016353,0.0008425580048489149,0.00023629942574115447
tree_nitrogen_froot_sp1,8,0.03419624936839237,0.03419624936839237,0.011458727720680685,0.003632497402458735
tree_nitrogen_leaf_sp1,8,0.05241695598061478,0.05241695598061478,0.017626412703886544,0.005233729992398316
tree_nitrogen_stem_sp1,8,0.006310340185997809,0.006310340185997809,0.0016662018159445168,0.0005165091523340532
tree_root_in_top_30,8,-0.15681944527188546,0.17499619019547152,0.1928323291334879,0.05310382182292927
tree_root_to_shoot_sp1,8,0.03540331881162625,0.14108454321362,0.1814103843468953,0.03281927886155719
cy0,9,-0.36651079716001944,1.1611844070641293,2.054268623569534,0.47642986824459377
clay,9,-1.227252108457561,1.2287492431515115,1.635515998959879,0.4961214876357012
temp_ci_delta,9,0.40653886434275305,0.4953311675198341,0.5578025067332049,0.13195715256068827
rain_ci_delta,9,2.2714405040071117,2.982888014663679,4.950925814039851,1.3856232836506976
evap_ci_delta,9,-0.24964084223472788,0.2922793211664302,0.8374543286294743,0.24091745032618506
ef_burn_crop_N2O_scale,9,-0.0033276030017226925,0.0034728063259310132,0.002519203577198227,0.0005980928663087306
ef_burn_crop_CH4_scale,9,-0.012543540146483567,0.012839927987751344,0.009503528698988713,0.002532641064243796
ef_burn_tree_N2O_scale,9,0.008729086103203557,0.008729086103203557,0.006325661690449333,0.0017862522654842246
ef_burn_tree_CH4_scale,9,0.03316217687927041,0.03316217687927041,0.024231985822965305,0.00775507830573176
ef_N_inputs,9,-0.03727187898386729,0.04329702475031584,0.03403923124182606,0.00903564702499741
combustion_factor_crop,9,-0.014493638588728753,0.015388645910984688,0.012609924446931396,0.0032940759962573336
combustion_factor_tree,9,0.04488324054354429,0.04488324054354429,0.027327416567194736,0.00823968824038012
volatile_frac_organic_fertiliser,9,-0.0028754256509738174,0.0028754256509738174,0.0003055624420980094,8.220332913378877e-05
volatile_frac_synthetic_fertiliser,9,0.01629739688896308,0.01629739688896308,0.0016405654386362721,0.0005054828205225567
base_sf_qty_scale,9,-0.12981374696526451,0.12981374696526451,0.011684697112334271,0.0038287183019436767
proj_lit_qty_scale,9,-0.00902778429908424,0.013620665156699397,0.018044062226883227,0.0047861957925546565
base_stand_density_scale,9,0.0,0.0,0.0,0.0
proj_stand_density_scale,9,0.40701175179411725,1.2413534897339358,1.4461639864029099,0.23935350705664746
tree_wood_dens_sp1,9,0.5791022122846587,1.1763012328740174,1.2527521485055721,0.1949638189144264
base_cover,9,0.8505445572822982,0.8505445572822982,1.1236153041906103,0.3992390903585413
base_fire_off,9,-0.024885313060658453,0.024885313060658453,0.08969221031413516,0.023475185917333646
base_fire_on,9,-0.03493285974000266,0.03493285974000266,0.005956144895643195,0.0018859905989437769
base_mortality,9,0.0,0.0,0.0,0.0
base_sf_n_delta,9,-0.1329016327182006,0.1329016327182006,0.013646164833617472,0.004551771405151821
base_thinning_delta,9,0.0,0.0,0.0,0.0
crop_base_left_delta,9,0.15554323695292385,0.15554323695292385,0.05081523479179792,0.015902708385006473
crop_base_yield_delta,9,0.07312454912478138,0.0734762027902928,0.045638402640462296,0.012815633664380557
crop_carbon_above_sp3,9,0.0004502685921195709,0.006615878041168569,0.01094177136468793,0.0022720500215460695
crop_carbon_below_sp3,9,0.005836841066524772,0.011188798102399472,0.015761166642844493,0.004215547833024074
crop_intercept_sp3,9,-0.0011665704249891509,0.003238025883533925,0.004609988471336171,0.00114204982243216
crop_nitrogen_above_sp3,9,-0.0013829849470181732,0.002082364054988872,0.0022678518451472026,0.0005020846647995977
crop_nitrogen_below_sp3,9,-0.0031851691322608037,0.0031851691322608037,0.0007438279445777978,0.00023880611581067376
crop_carbon_above_sp10,9,0.07071618642974534,0.07071618642974534,0.025026567850715987,0.007848966285333265
crop_carbon_below_sp10,9,0.029459516556086574,0.029459516556086574,0.0120797267858098,0.0034358473414838435
crop_intercept_sp10,9,0.018667983033748725,0.018667983033748725,0.008830466536181128,0.00253601245598609
crop_nitrogen_above_sp10,9,-0.007081677975079253,0.007081677975079253,0.0014323384656658633,0.0004374111624651636
crop_nitrogen_below_sp10,9,-0.004457407240105989,0.004457407240105989,0.001450641525037209,0.0004333593057344913
crop_proj_left_delta,9,-0.0009612204035725769,0.011474165969187438,0.017092911277436562,0.0036071258725711482
crop_proj_yield_delta,9,0.13270528675144427,0.1347515857405919,0.04785746097988616,0.01209439134313184
crop_root_in_top_30,9,0.025992312080060163,0.027662379602726505,0.016644190127864035,0.0044512789958607605
crop_root_to_shoot_sp3,9,0.003385219185458585,0.006337308878890921,0.007755448131732023,0.0017948803999095395
crop_slope_sp3,9,0.0007469600286320155,0.0033970722734685153,0.007376967286946914,0.0019521408216331278
crop_root_to_shoot_sp10,9,0.02509212511457387,0.02509212511457387,0.010152297432351635,0.0033135155692204624
crop_slope_sp10,9,0.0426017197359111,0.0426017197359111,0.02273558406685847,0.0067351780366392755
cy0_to_ceq_multiplier,9,-0.024596655012932095,0.04561579625156302,0.1792820370799853,0.05743050894442007
litter_carbon,9,-0.0323543757384285,0.0323543757384285,0.011072997017351757,0.003235777794347254
litter_nitrogen,9,0.02384058149275812,0.02384058149275812,0.002622228051294295,0.0007248192172949721
mortality_fraction_branch_delta,9,-0.01661782395861162,0.017666510014803814,0.019703635805003478,0.005222580232202178
mortality_fraction_croot_delta,9,-0.004253521466901386,0.005093489258498815,0.00514962563443885,0.001258069912151273
mortality_fraction_froot_delta,9,-0.0013934017706064756,0.00208841910422837,0.0028282822073874064,0.0007240523233492015
mortality_fraction_leaf_delta,9,-0.0024376894221052577,0.0037368043153119894,0.005207898971355906,0.001310958181880075
mortality_fraction_stem_delta,9,-0.018734763333596926,0.031017639205180046,0.04005124812203223,0.010307575854402154
pool_alloc_froot_sp1,9,-0.03332353142569687,0.08587325061513487,0.11186822311426826,0.02391587534234061
pool_alloc_leaf_sp1,9,-0.06909962412247561,0.15187049117286938,0.22570079904567858,0.048552488611644275
pool_alloc_stem_sp1,9,0.855818581739938,1.1875125951179435,1.1822169373448164,0.23483873750353745
pool_turnover_branch_sp1,9,0.4944274215479071,0.4944274215479071,0.2512371254818612,0.06461041254024114
pool_turnover_croot_sp1,9,-0.3224165434771803,0.3224165434771803,0.2103756733799522,0.06749930269008644
pool_turnover_froot_sp1,9,-0.11946074464431859,0.11946074464431859,0.08981073763560164,0.02866566169511918
pool_turnover_leaf_sp1,9,-0.10518541433970563,0.10683264757933911,0.08468698380709733,0.021976108070599423
pool_turnover_stem_sp1,9,14.493634369733078,14.493634369733078,9.744274272215971,2.8187261698306467
proj_cover,9,-2.6664839902309696,2.699957373013061,4.952598726253856,1.5038308805395642
proj_fire_off,9,0.038276337181795204,0.038276337181795204,0.08866578947612389,0.027751019787327812
proj_fire_on,9,0.45039853720940465,0.45039853720940465,0.09796727456345855,0.030368438292225085
proj_mortality,9,0.5455509726401138,0.5455509726401138,0.3731466522426114,0.10882513726047201
proj_thinning_delta,9,14.129021266337322,14.129021266337322,10.930414300005147,3.29992166782217
roth_c_cover_c,9,0.02241515903746045,0.03295852076699656,0.0610675874665328,0.016665520645539594
roth_c_dpm_frac_crop,9,-0.04258228154463857,0.04258228154463857,0.04181414585651675,0.013678092909962468
roth_c_dpm_frac_tree,9,-0.005139108093026016,0.05329166723789761,0.06869717412291657,0.012470777366090183
roth_c_moisture_b_slope,9,-0.9778343326145116,1.1136999043046725,2.160864919473402,0.6035253559701288
roth_c_temp_a1,9,0.420208877251806,0.5150997761092156,0.6628316234660502,0.17580978975481124
roth_c_temp_a2,9,-0.510408486437611,0.7451243462070873,0.9950726719277323,0.2440995420193809
thinning_fraction_branch_delta,9,0.041793694886967964,0.04375871299218297,0.04371454950589586,0.013274672171533572
thinning_fraction_croot_delta,9,0.019887404759654264,0.019887404759654264,0.014940075250812673,0.004413958429921621
thinning_fraction_froot_delta,9,0.009376216480793897,0.009619377819755614,0.008846379863922975,0.002709033547510064
thinning_fraction_leaf_delta,9,0.017755685737520684,0.017755685737520684,0.013932996288267878,0.004533536353615795
thinning_fraction_stem_delta,9,0.11787062774457664,0.11787062774457664,0.08133957289880553,0.023010332589371803
tree_carbon_sp1,9,0.46158799011474405,1.3055507738445689,1.528580585752872,0.250732346995469
tree_nitrogen_branch_sp1,9,0.0019763025868152428,0.0019763025868152428,0.00038897308663071885,0.00012123946945399374
tree_nitrogen_croot_sp1,9,0.001186224345366485,0.001186224345366485,0.0008810024950231043,0.00024902074390843157
tree_nitrogen_froot_sp1,9,0.03259614229229143,0.03259614229229143,0.012651440410409786,0.004007559704346937
tree_nitrogen_leaf_sp1,9,0.050265763154645725,0.050265763154645725,0.019679724524458975,0.005868767651777269
tree_nitrogen_stem_sp1,9,0.005354184570632181,0.005354184570632181,0.001587404561816713,0.0004890847316945024
tree_root_in_top_30,9,-0.08686198570264415,0.13464429660486704,0.17796722018728214,0.04324249426421608
tree_root_to_shoot_sp1,9,0.060097964008710994,0.15993871906377338,0.18503348492958607,0.02992055525295224
cy0,10,-0.3401319799070862,1.0461913865758166,1.8822738470762852,0.43947874881611343
clay,10,-1.0924268576775278,1.097624709929307,1.48233261067178,0.4491492632872652
temp_ci_delta,10,0.29196096149974426,0.4146153420399519,0.5140255988446849,0.12025448505055383
rain_ci_delta,10,1.5489784638058346,2.494516725275805,4.557966383027361,1.2880908077785318
evap_ci_delta,10,-0.18394019048061852,0.24974259586125003,0.7273310376339193,0.20483419784625428
ef_burn_crop_N2O_scale,10,-0.0033276030017229882,0.0034728063259310757,0.0025192035771980587,0.0005980928663086925
ef_burn_crop_CH4_scale,10,-0.012543540146483817,0.012839927987751593,0.009503528698988944,0.002532641064243926
ef_burn_tree_N2O_scale,10,0.00832111042602901,0.00832111042602901,0.006111828853002594,0.0017313892185205865
ef_burn_tree_CH4_scale,10,0.03185260908023282,0.03185260908023282,0.02340923266174746,0.007409668268267076
ef_N_inputs,10,-0.04022567205351281,0.04750411753442968,0.037377323236330515,0.00960918690667421
combustion_factor_crop,10,-0.014493638588729194,0.015388645910985063,0.01260992444693146,0.003294075996257356
combustion_factor_tree,10,0.04300950715339918,0.04300950715339918,0.02696886256338871,0.008032036577291594
volatile_frac_organic_fertiliser,10,-0.0028754256509740733,0.0028754256509740733,0.0003055624420979293,8.220332913383322e-05
volatile_frac_synthetic_fertiliser,10,0.016297396888963103,0.016297396888963103,0.001640565438636378,0.0005054828205225141
base_sf_qty_scale,10,-0.12981374696526465,0.12981374696526465,0.011684697112334334,0.003828718301943679
proj_lit_qty_scale,10,-0.006468954710759972,0.012036428008013262,0.016284362625650913,0.0041432303356556165
base_stand_density_scale,10,0.0,0.0,0.0,0.0
proj_stand_density_scale,10,0.8342094796931647,1.441603148420741,1.428100025642727,0.23618784038166735
tree_wood_dens_sp1,10,1.0351277391364704,1.5028085506927538,1.2967394101575058,0.1840744945012705
base_cover,10,0.7639044776514978,0.7639044776514978,1.0220350847077866,0.3621120406281521
base_fire_off,10,-0.024885313060658453,0.024885313060658453,0.08969221031413516,0.023475185917333646
base_fire_on,10,-0.03493285974000263,0.03493285974000263,0.005956144895642987,0.001885990598943703
base_mortality,10,0.0,0.0,0.0,0.0
base_sf_n_delta,10,-0.13290163271820085,0.13290163271820085,0.013646164833617214,0.00455177140515167
base_thinning_delta,10,0.0,0.0,0.0,0.0
crop_base_left_delta,10,0.14763243390446368,0.14763243390446368,0.04763630055947606,0.014885061749333578
crop_base_yield_delta,10,0.06429945334681539,0.06542924180148667,0.04450094167609355,0.012271146539246497
crop_carbon_above_sp3,10,0.00039429686170366907,0.0062345651477838104,0.01016928790244256,0.0021022899542260105
crop_carbon_below_sp3,10,0.005470689768521131,0.010587189926297935,0.01481322907828433,0.003916175327626218
crop_intercept_sp3,10,-0.00114794633229095,0.0030742643797071812,0.0043331843045736115,0.001059553945573085
crop_nitrogen_above_sp3,10,-0.001382984947018398,0.0020823640549887806,0.0022678518451470717,0.0005020846647997407
crop_nitrogen_below_sp3,10,-0.003185169132260679,0.003185169132260679,0.0007438279445786731,0.0002388061158109054
crop_carbon_above_sp10,10,0.06143881931808941,0.06143881931808941,0.021866934111079542,0.006957964512235157
crop_carbon_below_sp10,10,0.025465277646723856,0.025465277646723856,0.010916037076911644,0.003056690446933675
crop_intercept_sp10,10,0.015674473005050447,0.015674473005050447,0.008050108359746212,0.0023162447416256995
crop_nitrogen_above_sp10,10,-0.007081677975079391,0.007081677975079391,0.0014323384656656118,0.0004374111624651436
crop_nitrogen_below_sp10,10,-0.004457407240105855,0.004457407240105855,0.0014506415250371085,0.000433359305734425
crop_proj_left_delta,10,-0.011425005284180566,0.014437621254346389,0.01626946580705749,0.0038459112170775448
crop_proj_yield_delta,10,0.12618738726851922,0.12852679708000037,0.04832434117157461,0.011856396286481993
crop_root_in_top_30,10,0.022060543036294435,0.023695712192124564,0.01536671478410228,0.004185805537576073
crop_root_to_shoot_sp3,10,0.0030249336801913634,0.006189572299939092,0.007681531535870752,0.0017228830162725587
crop_slope_sp3,10,0.0005093137787113344,0.003307139241015317,0.0070882727817010325,0.0018741122552645812
crop_root_to_shoot_sp10,10,0.02122751164294815,0.02122751164294815,0.009014402181131597,0.002913937150068387
crop_slope_sp10,10,0.03406328181014699,0.03406328181014699,0.019661891104302363,0.005830818373976356
cy0_to_ceq_multiplier,10,-0.02149907160822061,0.037800979973959446,0.1536867959357837,0.049285343700324495
litter_carbon,10,-0.03030938980016813,0.03030938980016813,0.010063986298666049,0.0029331948524412062
litter_nitrogen,10,0.02384058149275819,0.02384058149275819,0.0026222280512945544,0.0007248192172951068
mortality_fraction_branch_delta,10,-0.014291529843349993,0.0154823959059886,0.01744390187660717,0.004481725653660383
mortality_fraction_croot_delta,10,-0.003504152514344344,0.004383759878309096,0.0048072309381732205,0.0011956328968859742
mortality_fraction_froot_delta,10,-0.0011025490264072375,0.001773656573900148,0.0026076876967730395,0.0006601640413699861
mortality_fraction_leaf_delta,10,-0.002025894426458899,0.003492822167489576,0.004859059759106619,0.001175658220856076
mortality_fraction_stem_delta,10,-0.015869231689928927,0.028707036815779484,0.03894460307626954,0.009728258796408934
pool_alloc_froot_sp1,10,-0.014737221897213715,0.07330223987970012,0.10348568394726244,0.02374956374226403
pool_alloc_leaf_sp1,10,-0.04998709015034149,0.13890381878221908,0.20743746102666724,0.04220145941450193
pool_alloc_stem_sp1,10,0.741733040276096,0.9812961753298859,1.0310809005173796,0.21607500128597915
pool_turnover_branch_sp1,10,0.40208565556461284,0.4025050027004882,0.2957445537280379,0.07464719130459732
pool_turnover_croot_sp1,10,-0.3508979894300336,0.3508979894300336,0.19137921119423784,0.06113679228987209
pool_turnover_froot_sp1,10,-0.13410470103768396,0.13410470103768396,0.0855974133046665,0.026726654093182825
pool_turnover_leaf_sp1,10,-0.11003204354243816,0.11111155133263899,0.07316935259941126,0.01853640553576952
pool_turnover_stem_sp1,10,11.042659595060417,11.31010452281638,10.483265811831695,2.9195770122059375
proj_cover,10,-2.0052065570781847,2.0537778525536123,4.046130387574411,1.2029329703528522
proj_fire_off,10,0.0382763371817955,0.0382763371817955,0.0886657894761242,0.02775101978732784
proj_fire_on,10,0.43472397960018283,0.43472397960018283,0.10848791948850088,0.03377297608235451
proj_mortality,10,0.4691558464995363,0.4753942272334066,0.43667539830751945,0.12333688440910881
proj_thinning_delta,10,17.430685615281472,17.430685615281472,10.9586829887964,3.289809603256522
roth_c_cover_c,10,0.0168080049510956,0.02670663596940277,0.053051948263631514,0.014492819386032502
roth_c_dpm_frac_crop,10,-0.028834735449241138,0.028834735449241138,0.034386608012749634,0.011348536393300105
roth_c_dpm_frac_tree,10,-0.008050062557444724,0.0451284181486458,0.05751059978136042,0.01088847761304484
roth_c_moisture_b_slope,10,-0.771978879617204,0.9446512424132532,1.8362040944579916,0.5001536480049867
roth_c_temp_a1,10,0.31508917942873704,0.4587425846843255,0.6122282380850947,0.15651448129737275
roth_c_temp_a2,10,-0.26628240044029117,0.6542110609676838,0.8672508372455189,0.17687433506731798
thinning_fraction_branch_delta,10,0.020076259466774694,0.02102742668920483,0.022472185120477727,0.006923179314162429
thinning_fraction_croot_delta,10,0.009265639711060536,0.009265639711060536,0.007748297211804183,0.002303928601147307
thinning_fraction_froot_delta,10,0.0051520573815100725,0.005426104005979054,0.0053523557043241065,0.0015868114018367185
thinning_fraction_leaf_delta,10,0.009229104217782147,0.009229104217782147,0.00821535797877308,0.0027137539608498274
thinning_fraction_stem_delta,10,0.0582601037439213,0.0582601037439213,0.05169936754957877,0.01593404595745503
tree_carbon_sp1,10,0.8602640486009095,1.628911175881905,1.6416217886783158,0.23890630027077212
tree_nitrogen_branch_sp1,10,0.0019164574242168664,0.0019164574242168664,0.0003867063681285887,0.00011579411810043969
tree_nitrogen_croot_sp1,10,0.001152929172390349,0.001152929172390349,0.0009108740042434763,0.00025824371424039
tree_nitrogen_froot_sp1,10,0.031685744751147694,0.031685744751147694,0.013714485840451205,0.004348338037796301
tree_nitrogen_leaf_sp1,10,0.04902082670933114,0.04902082670933114,0.021605375898464223,0.00645055123319593
tree_nitrogen_stem_sp1,10,0.00499004316833126,0.00499004316833126,0.0015001464275384146,0.00047727355420974706
tree_root_in_top_30,10,-0.07751259572725665,0.1196654722235162,0.16094407376062803,0.03858066484230669
tree_root_to_shoot_sp1,10,0.11916317534305813,0.20610561182723935,0.20706124518573132,0.034807760167281515
cy0,11,-0.3151582263480474,0.9345453237533121,1.7176236479155975,0.4044134227072632
clay,11,-1.01554125036968,1.0202614796925373,1.3968268569193225,0.4233465926513614
temp_ci_delta,11,0.2605540369015996,0.3717682422435064,0.453721538494296,0.10590827934989705
rain_ci_delta,11,1.2301323558427666,2.2852154661636774,4.2167434856142245,1.2025823646132208
evap_ci_delta,11,-0.1571664885720716,0.21438309228182367,0.639113531794797,0.18032784708800137
ef_burn_crop_N2O_scale,11,-0.003327603001722551,0.003472806325930755,0.0025192035771977434,0.0005980928663087052
ef_burn_crop_CH4_scale,11,-0.012543540146484188,0.01283992798775203,0.009503528698989511,0.0025326410642440103
ef_burn_tree_N2O_scale,11,0.008274553717754462,0.008274553717754462,0.0061376399756324935,0.0017299353433512885
ef_burn_tree_CH4_scale,11,0.03158383323257434,0.03158383323257434,0.023031971822482223,0.0072108605889325515
ef_N_inputs,11,-0.04272088415102278,0.05132425055361665,0.04063880411453373,0.010139034903217409
combustion_factor_crop,11,-0.014493638588729211,0.01538864591098508,0.012609924446931363,0.003294075996257374
combustion_factor_tree,11,0.04286283604311966,0.04286283604311966,0.02748164723415149,0.008194339408106543
volatile_frac_organic_fertiliser,11,-0.0028754256509736613,0.0028754256509736613,0.00030556244209779853,8.220332913373947e-05
volatile_frac_synthetic_fertiliser,11,0.016297396888962937,0.016297396888962937,0.0016405654386364064,0.0005054828205225582
base_sf_qty_scale,11,-0.1298137469652644,0.1298137469652644,0.01168469711233454,0.0038287183019438398
proj_lit_qty_scale,11,-0.004319932333872575,0.010895932755788592,0.01495978435295371,0.003682827433717174
base_stand_density_scale,11,0.0,0.0,0.0,0.0
proj_stand_density_scale,11,0.146699682250665,1.0146558317718672,1.2921842236663552,0.24848252584692482
tree_wood_dens_sp1,11,0.3423491875497925,0.9763618388858337,1.128489368696139,0.19496290553989756
base_cover,11,0.6832668599895855,0.6832668599895855,0.927402162284711,0.3273994994630311
base_fire_off,11,-0.02488531306065852,0.02488531306065852,0.08969221031413543,0.023475185917333725
base_fire_on,11,-0.03493285974000249,0.03493285974000249,0.005956144895642792,0.0018859905989436344
base_mortality,11,0.0,0.0,0.0,0.0
base_sf_n_delta,11,-0.1329016327182006,0.1329016327182006,0.013646164833617587,0.004551771405151898
base_thinning_delta,11,0.0,0.0,0.0,0.0
crop_base_left_delta,11,0.14063536923431638,0.14063536923431638,0.045109907993501876,0.01409859575859475
crop_base_yield_delta,11,0.05641177910421803,0.058612728330748466,0.043773374679449764,0.011770637249520812
crop_carbon_above_sp3,11,0.0003293933078093447,0.005929586235739642,0.009551665702511196,0.0019685484563443604
crop_carbon_below_sp3,11,0.005133093705914174,0.010117051675463132,0.014126089600966462,0.0036899495903302756
crop_intercept_sp3,11,-0.0011383167178220799,0.002954618225184796,0.0041358220809947725,0.000999815126255341
crop_nitrogen_above_sp3,11,-0.001382984947018523,0.0020823640549891887,0.0022678518451474216,0.0005020846647996582
crop_nitrogen_below_sp3,11,-0.003185169132260729,0.003185169132260729,0.0007438279445781097,0.00023880611581072016
crop_carbon_above_sp10,11,0.05516245526455406,0.05516245526455406,0.01937399916067313,0.006205359157218454
crop_carbon_below_sp10,11,0.022764359600277874,0.022764359600277874,0.009974031555085857,0.002767661769066206
crop_intercept_sp10,11,0.013735332953467455,0.013778702005912807,0.007491868557094356,0.0021496360176193165
crop_nitrogen_above_sp10,11,-0.007081677975079042,0.007081677975079042,0.0014323384656659186,0.0004374111624651807
crop_nitrogen_below_sp10,11,-0.0044574072401059265,0.0044574072401059265,0.0014506415250371328,0.0004333593057344684
crop_proj_left_delta,11,-0.016780446486035085,0.018409888530617372,0.016988816387910062,0.004270188015520252
crop_proj_yield_delta,11,0.12396600460135158,0.1262264269363242,0.049216907294856345,0.012036750165471122
crop_root_in_top_30,11,0.01934624331349325,0.021006969743347138,0.014555207415399462,0.004005959470300252
crop_root_to_shoot_sp3,11,0.002696622081938638,0.006097850853623732,0.007719657468577734,0.0016980321804816788
crop_slope_sp3,11,0.00029485788066945515,0.003261667330815346,0.006853124120032206,0.0018082388502469733
crop_root_to_shoot_sp10,11,0.018678870197707215,0.018678870197707215,0.008164969560970388,0.0026216792667586104
crop_slope_sp10,11,0.028380853283082007,0.028380853283082007,0.01719112498161294,0.005107178522176575
cy0_to_ceq_multiplier,11,-0.018824823675109688,0.031608326257962296,0.13211887169194275,0.042409989580981286
litter_carbon,11,-0.02857559858534236,0.02857559858534236,0.009328826970039693,0.0027171419025735447
litter_nitrogen,11,0.02384058149275813,0.02384058149275813,0.0026222280512940826,0.000724819217294938
mortality_fraction_branch_delta,11,-0.010246221103763966,0.012848591632260445,0.016277216716835744,0.003868295871435544
mortality_fraction_croot_delta,11,-0.00216535727909893,0.0036072053888801816,0.004707235593174733,0.0011213242996614685
mortality_fraction_froot_delta,11,-0.0005124913718149937,0.0016511116670678172,0.002537823089123817,0.0005827481525532959
mortality_fraction_leaf_delta,11,-0.001208077107289099,0.0033040709052151534,0.004766113058204561,0.0010833651254585801
mortality_fraction_stem_delta,11,-0.01001067699501372,0.02611761883962016,0.03726524223129715,0.008848289225792292
pool_alloc_froot_sp1,11,-0.010107160462904252,0.06848058396454938,0.0972506870778463,0.02285134413589668
pool_alloc_leaf_sp1,11,-0.027639773393691797,0.1382517067419113,0.19841316284453844,0.03727602166805114
pool_alloc_stem_sp1,11,0.7236902259155704,1.0940866902990127,1.1513599686055391,0.22275007018330725
pool_turnover_branch_sp1,11,0.5045427326364051,0.5045427326364051,0.2861984066424585,0.07402089348579734
pool_turnover_croot_sp1,11,-0.20190148102250122,0.2078034745019261,0.18642556908024485,0.05916182011433843
pool_turnover_froot_sp1,11,-0.06735674277316378,0.06993515025025941,0.06522618267896128,0.019905637464934643
pool_turnover_leaf_sp1,11,-0.05887130731262842,0.06396038756815055,0.06683049529943728,0.01722076848712309
pool_turnover_stem_sp1,11,13.979333439094262,14.00719045916513,11.123885604038765,3.238519471572501
proj_cover,11,-1.7174703770822823,1.7446970713320678,3.495428656635142,1.0074823778047441
proj_fire_off,11,0.038276337181795406,0.038276337181795406,0.08866578947612395,0.02775101978732775
proj_fire_on,11,0.43743325281983025,0.43743325281983025,0.12311595308207621,0.03876994471278244
proj_mortality,11,0.5491783575749711,0.549866810465937,0.44699500796992375,0.13145716854796782
proj_thinning_delta,11,10.967425218850973,10.995180370334507,11.853827392128142,3.59247868498195
roth_c_cover_c,11,0.013090466734043155,0.022139916642284513,0.04580514779879676,0.012509344570078495
roth_c_dpm_frac_crop,11,-0.020619369864174335,0.020619369864174335,0.027953533338780662,0.009250202488784432
roth_c_dpm_frac_tree,11,-0.000434183723174919,0.03227735597045407,0.046280271167882726,0.01011432565561238
roth_c_moisture_b_slope,11,-0.629546620056919,0.8095221513245004,1.52930224428063,0.41038577126560666
roth_c_temp_a1,11,0.2983658485540043,0.41561918542101617,0.543044289105536,0.14522767733779623
roth_c_temp_a2,11,-0.2214690136298499,0.569671804528473,0.7453016331601171,0.14876976664875338
thinning_fraction_branch_delta,11,-0.08743109285664394,0.08743109285664394,0.08386387315529574,0.023337770773968786
thinning_fraction_croot_delta,11,-0.0366293558757056,0.03668958320547021,0.0318265756256507,0.009441319454191834
thinning_fraction_froot_delta,11,-0.015759726680415996,0.015759726680415996,0.01683591581367467,0.004261780029106178
thinning_fraction_leaf_delta,11,-0.024410782981926112,0.024410782981926112,0.02243005863833334,0.007474876052591472
thinning_fraction_stem_delta,11,-0.1678597424593544,0.1724907393149287,0.22796285130400923,0.07185701509176069
tree_carbon_sp1,11,0.18934402884492,1.0733143783674997,1.4038819887626737,0.25142096843363204
tree_nitrogen_branch_sp1,11,0.0020938171632238767,0.0020938171632238767,0.0004520471874475835,0.00013206964120389013
tree_nitrogen_croot_sp1,11,0.0011875087439000482,0.0011875087439000482,0.0009315749765469412,0.00026286464465484
tree_nitrogen_froot_sp1,11,0.03064381403247577,0.03064381403247577,0.014711760731367918,0.004654609732985096
tree_nitrogen_leaf_sp1,11,0.047451998774437155,0.047451998774437155,0.023425364972122352,0.007002747902075903
tree_nitrogen_stem_sp1,11,0.004996915569850674,0.004996915569850674,0.0014129913698083926,0.00047444040762259146
tree_root_in_top_30,11,-0.07624480148355457,0.11058579749106359,0.14882014378193117,0.03609141319815683
tree_root_to_shoot_sp1,11,0.022233587740144924,0.12851075509074633,0.1712628282057611,0.03155692943634908
cy0,12,-0.2915180431910379,0.8283383368070553,1.56213320223232,0.3714342376690333
clay,12,-0.8732438714299271,0.8967671855264931,1.2883508703769788,0.38660504407618596
temp_ci_delta,12,0.1880531756634803,0.324958544235871,0.4198719810789872,0.10035219178119142
rain_ci_delta,12,0.8709278158904681,2.05131591841881,3.9255845989290874,1.1392198194823997
evap_ci_delta,12,-0.12180062725479332,0.18304898428842484,0.5467162981871789,0.15180033728909564
ef_burn_crop_N2O_scale,12,-0.003638788124261155,0.003751511874069441,0.002509270825381212,0.0005998161336373009
ef_burn_crop_CH4_scale,12,-0.013689076860133575,0.01389007042081788,0.009499423496897504,0.0025885634209473715
ef_burn_tree_N2O_scale,12,0.007486867352754729,0.007486867352754729,0.005752230930922383,0.0016525613322748117
ef_burn_tree_CH4_scale,12,0.029215146036788386,0.029215146036788386,0.02217399440439708,0.006878466940680258
ef_N_inputs,12,-0.05114476044202386,0.05953860491365739,0.04360179383231475,0.010938639786020079
combustion_factor_crop,12,-0.015907965509252733,0.01649480824505745,0.01265113430952313,0.003403241646915856
combustion_factor_tree,12,0.039216769606803835,0.039216769606803835,0.026730593274675307,0.007777933372988543
volatile_frac_organic_fertiliser,12,-0.0028754256509733013,0.0028754256509733013,0.00030556244209799287,8.220332913376923e-05
volatile_frac_synthetic_fertiliser,12,0.01629739688896312,0.01629739688896312,0.0016405654386363782,0.000505482820522555
base_sf_qty_scale,12,-0.12981374696526457,0.12981374696526457,0.011684697112334327,0.0038287183019437275
proj_lit_qty_scale,12,-0.002474029402972544,0.010130949338981909,0.013966651401367047,0.0033407553737011915
base_stand_density_scale,12,0.0,0.0,0.0,0.0
proj_stand_density_scale,12,0.3482292346522901,1.0680868311180949,1.256464489338426,0.2184486017595237
tree_wood_dens_sp1,12,0.5564045416074999,1.0867867874706865,1.12035762422378,0.17023524254654582
base_cover,12,0.6090587942781273,0.6090587942781273,0.8405764119085958,0.2953936479410618
base_fire_off,12,-0.024885313060658488,0.024885313060658488,0.0896922103141353,0.023475185917333687
base_fire_on,12,-0.03493285974000287,0.03493285974000287,0.005956144895642982,0.0018859905989437155
base_mortality,12,0.0,0.0,0.0,0.0
base_sf_n_delta,12,-0.13290163271820057,0.13290163271820057,0.013646164833617516,0.004551771405151944
base_thinning_delta,12,0.0,0.0,0.0,0.0
crop_base_left_delta,12,0.13433680784530502,0.13433680784530502,0.04310754776559316,0.013492880521460544
crop_base_yield_delta,12,0.049212728397054296,0.0528087835927343,0.04330489265266904,0.01128620089312211
crop_carbon_above_sp3,12,0.012453946956556725,0.013876756850533264,0.007788202018571046,0.0015016039380491137
crop_carbon_below_sp3,12,0.04160452031156464,0.04160452031156464,0.01178911177236187,0.0037390187180443633
crop_intercept_sp3,12,-0.0011342928345500687,0.002859750664991237,0.003991984301175944,0.0009578705415870941
crop_nitrogen_above_sp3,12,-0.0027879445380390886,0.002921889537422706,0.002133191177484709,0.0006244334717795424
crop_nitrogen_below_sp3,12,-0.006290349959597491,0.006290349959597491,0.0010248475026808028,0.0003213931329965249
crop_carbon_above_sp10,12,0.05052619219212886,0.05052619219212886,0.017485427419255763,0.005603318623422745
crop_carbon_below_sp10,12,0.020779973573234866,0.020779973573234866,0.009227637764518066,0.0025509505078641693
crop_intercept_sp10,12,0.012347345640799642,0.012428489668710371,0.00710069087809871,0.0020332683987723974
crop_nitrogen_above_sp10,12,-0.007081677975079424,0.007081677975079424,0.0014323384656655114,0.0004374111624650732
crop_nitrogen_below_sp10,12,-0.0044574072401057305,0.0044574072401057305,0.0014506415250370125,0.0004333593057344355
crop_proj_left_delta,12,0.0030941771831063435,0.011275226336226813,0.015460453015811367,0.003443425680065495
crop_proj_yield_delta,12,0.12382397910854223,0.12587650015226212,0.050153553605270705,0.01231655652348033
crop_root_in_top_30,12,0.04946833415404596,0.04946833415404596,0.014965362052015442,0.00497961720109783
crop_root_to_shoot_sp3,12,0.03459811335113272,0.03459811335113272,0.009616784744679205,0.002749510914670842
crop_slope_sp3,12,0.011835557286279469,0.011835557286279469,0.006374692243423701,0.0018298897980270365
crop_root_to_shoot_sp10,12,0.016841222277407857,0.016841222277407857,0.007562056943384079,0.0024195339845794746
crop_slope_sp10,12,0.024231206862742764,0.024231206862742764,0.015304526066685281,0.00455528408673946
cy0_to_ceq_multiplier,12,-0.016473665875952108,0.026573800833059335,0.1138006784325784,0.03656648254330951
litter_carbon,12,-0.027060606233228156,0.027060606233228156,0.008792931591246531,0.002563432013371837
litter_nitrogen,12,0.023840581492758244,0.023840581492758244,0.002622228051294077,0.0007248192172949625
mortality_fraction_branch_delta,12,-0.009457296150626576,0.011715782970020978,0.01456648232239401,0.003421090921217282
mortality_fraction_croot_delta,12,-0.0020643705765848257,0.0033958282701265522,0.0045924140602976735,0.001140771189297761
mortality_fraction_froot_delta,12,-0.000499193924064087,0.001571971728351626,0.002418732624136955,0.0005724262165644372
mortality_fraction_leaf_delta,12,-0.0012109440817320237,0.0031064343483569457,0.004472211608609182,0.0010170088885713593
mortality_fraction_stem_delta,12,-0.010453969585978157,0.024761636591633933,0.037155449570043374,0.009130743549309654
pool_alloc_froot_sp1,12,0.0032537284694687334,0.06679784104246377,0.09579379327939642,0.022421747062775933
pool_alloc_leaf_sp1,12,-0.010502821697340426,0.13928595404109206,0.1919257772245578,0.034037267052489696
pool_alloc_stem_sp1,12,0.6297606105507187,0.972710291736159,1.0698231700199432,0.2065911437225669
pool_turnover_branch_sp1,12,0.45313675499564354,0.4534683145716695,0.31477767684535696,0.08031470831524179
pool_turnover_croot_sp1,12,-0.187687739660991,0.19341923207054354,0.1745501250645197,0.055149934242784554
pool_turnover_froot_sp1,12,-0.061314870873160086,0.06358060485290672,0.05830935356244531,0.017570469221167583
pool_turnover_leaf_sp1,12,-0.054136279111637854,0.0585603955190972,0.06101772034266733,0.01604173623506955
pool_turnover_stem_sp1,12,12.085681451998017,12.296278132996145,11.649153551640092,3.3377196629849757
proj_cover,12,-1.296799257692891,1.350677096592267,2.9853589111006156,0.8499682193280309
proj_fire_off,12,0.03588058569107102,0.03588058569107102,0.08438609015576848,0.02649264881855678
proj_fire_on,12,0.39979786914774507,0.39979786914774507,0.1291267963511697,0.04041821920006203
proj_mortality,12,0.5119249096326652,0.5171358241994223,0.49554475210718163,0.14354661490752046
proj_thinning_delta,12,12.688444994361307,12.688444994361307,11.75864539241621,3.5658516615169833
roth_c_cover_c,12,0.009225096703805963,0.018988763917087297,0.03892763621172743,0.010229695855831658
roth_c_dpm_frac_crop,12,-0.04944430036863329,0.04944430036863329,0.024644621955781796,0.008003955750187542
roth_c_dpm_frac_tree,12,-0.01998923272120558,0.04350712739492684,0.04775555751584607,0.00842290247864211
roth_c_moisture_b_slope,12,-0.4776496542979932,0.6691505051028949,1.2471150521643448,0.32786124064346395
roth_c_temp_a1,12,0.22666499657825795,0.3729972600820258,0.5021996588533791,0.13148919084313285
roth_c_temp_a2,12,-0.08639150029668038,0.5037477042325089,0.6737458244717863,0.13465157832577154
thinning_fraction_branch_delta,12,0.05076104277791553,0.05076104277791553,0.043227095495508475,0.013133633988175549
thinning_fraction_croot_delta,12,0.022317563409088952,0.022317563409088952,0.01498249326696853,0.004306223702826467
thinning_fraction_froot_delta,12,0.01033502600738613,0.01033502600738613,0.008787837003624342,0.0026364554432001448
thinning_fraction_leaf_delta,12,0.018711776420698368,0.018711776420698368,0.013940486157441485,0.004579630847997503
thinning_fraction_stem_delta,12,0.11565705138407063,0.11565705138407063,0.08614224667301168,0.023821711688174093
tree_carbon_sp1,12,0.3755781638006394,1.1798079304979212,1.4631644905930639,0.2621991168619464
tree_nitrogen_branch_sp1,12,0.0017632794332697655,0.0017632794332697655,0.0004254967329357041,0.000118789746105489
tree_nitrogen_croot_sp1,12,0.001081329275101356,0.001081329275101356,0.0009812296962403752,0.00028127013764759316
tree_nitrogen_froot_sp1,12,0.029557328457686903,0.029557328457686903,0.015681450368454836,0.00495702149080591
tree_nitrogen_leaf_sp1,12,0.04599626171591636,0.04599626171591636,0.025266544981172367,0.007570040941410307
tree_nitrogen_stem_sp1,12,0.004318375284011628,0.004318375284011628,0.0014689545049498419,0.000483669666001539
tree_root_in_top_30,12,-0.03818420062633675,0.10501347122634845,0.14776584000818596,0.03205911420145444
tree_root_to_shoot_sp1,12,0.03933578047720981,0.14195471229903095,0.17703375917278652,0.03059351892530768
cy0,13,-0.2691601127628086,0.7285206599025887,1.4167352008140623,0.3406430809022358
clay,13,-0.7781192289258437,0.8225758571269347,1.2172641121371843,0.35601756227171566
temp_ci_delta,13,0.13782341961876987,0.2864047922980255,0.3940503814825747,0.09998121093896317
rain_ci_delta,13,0.6293559816011437,1.9309398518725813,3.6949651542384943,1.0657926713486081
evap_ci_delta,13,-0.09689822129582626,0.16240157132054236,0.4668777901257285,0.12834082479455577
ef_burn_crop_N2O_scale,13,-0.0036387881242614466,0.003751511874069699,0.0025092708253815917,0.0005998161336373981
ef_burn_crop_CH4_scale,13,-0.013689076860133435,0.013890070420817737,0.009499423496898073,0.002588563420947451
ef_burn_tree_N2O_scale,13,0.007219225958120104,0.007219225958120104,0.005682072245206229,0.0016413814693978495
ef_burn_tree_CH4_scale,13,0.02833985710535574,0.02833985710535574,0.021815405483137058,0.0067066894297079
ef_N_inputs,13,-0.052939666605848326,0.06272341881655019,0.046578666637697955,0.011327684447765546
combustion_factor_crop,13,-0.01590796550925305,0.016494808245057765,0.012651134309523,0.0034032416469158455
combustion_factor_tree,13,0.038024736347833044,0.038024736347833044,0.026971764898602084,0.007800305300766804
volatile_frac_organic_fertiliser,13,-0.002875425650973601,0.002875425650973601,0.00030556244209789833,8.220332913374126e-05
volatile_frac_synthetic_fertiliser,13,0.016297396888962937,0.016297396888962937,0.001640565438636374,0.0005054828205225318
base_sf_qty_scale,13,-0.12981374696526454,0.12981374696526454,0.011684697112334308,0.0038287183019437027
proj_lit_qty_scale,13,-0.0008591050278658113,0.009640924847021013,0.013224085359452402,0.003084772721726069
base_stand_density_scale,13,0.0,0.0,0.0,0.0
proj_stand_density_scale,13,0.2571016681435502,0.9968433373502202,1.2221825569341696,0.22535686801109608
tree_wood_dens_sp1,13,0.46828879270405455,1.0132288464999248,1.0911208018892284,0.17535439171009012
base_cover,13,0.541186623728719,0.541186623728719,0.7619174179938691,0.2662114995456478
base_fire_off,13,-0.024885313060658488,0.024885313060658488,0.0896922103141353,0.023475185917333687
base_fire_on,13,-0.03493285974000264,0.03493285974000264,0.005956144895642681,0.0018859905989435904
base_mortality,13,0.0,0.0,0.0,0.0
base_sf_n_delta,13,-0.13290163271820077,0.13290163271820077,0.013646164833617285,0.004551771405151804
base_thinning_delta,13,0.0,0.0,0.0,0.0
crop_base_left_delta,13,0.12859589220601772,0.12859589220601772,0.0415256524847695,0.013027668107529852
crop_base_yield_delta,13,0.04255080938948436,0.04807652575540197,0.04300017764459525,0.010756003448157794
crop_carbon_above_sp3,13,0.007776003320743213,0.009421746821980043,0.007445346247067393,0.0015675294354884155
crop_carbon_below_sp3,13,0.0273750949407059,0.027464393599078783,0.01117738903528405,0.0035118592077035857
crop_intercept_sp3,13,-0.0011323937769701282,0.002782276046484203,0.0038849153529960704,0.0009285573545151769
crop_nitrogen_above_sp3,13,-0.0027879445380388224,0.002921889537422573,0.0021331911774850744,0.0006244334717797041
crop_nitrogen_below_sp3,13,-0.0062903499595978575,0.0062903499595978575,0.001024847502680952,0.0003213931329964945
crop_carbon_above_sp10,13,0.04687445825920604,0.04687445825920604,0.01607399171594444,0.005131592936204551
crop_carbon_below_sp10,13,0.019226401048182483,0.019226401048182483,0.008639510345708389,0.0023889312459109803
crop_intercept_sp10,13,0.011270500752944971,0.011384144554535151,0.006826700930565252,0.0019502710260434891
crop_nitrogen_above_sp10,13,-0.007081677975079308,0.007081677975079308,0.0014323384656655524,0.00043741116246506567
crop_nitrogen_below_sp10,13,-0.004457407240105543,0.004457407240105543,0.001450641525037171,0.0004333593057344771
crop_proj_left_delta,13,-0.00706127535076286,0.01170772247275502,0.015752821713687748,0.0036844250286769764
crop_proj_yield_delta,13,0.12473314267370199,0.126538880598088,0.05101092351575341,0.012601567346602742
crop_root_in_top_30,13,0.03412625674635484,0.03412625674635484,0.014679295390500299,0.0048923212012896575
crop_root_to_shoot_sp3,13,0.02026944521378394,0.02026944521378394,0.009474805761197242,0.002794813297493051
crop_slope_sp3,13,0.005773467354410314,0.005835820624565682,0.006217312309877886,0.0017424613819374093
crop_root_to_shoot_sp10,13,0.015418069880128496,0.015418069880128496,0.007137813261950151,0.002281857257506075
crop_slope_sp10,13,0.020980548180192776,0.02099130547917703,0.013887621606273428,0.004134788573390609
cy0_to_ceq_multiplier,13,-0.014385655582295098,0.022398343898531504,0.09815194501295042,0.031572360267559274
litter_carbon,13,-0.02570647943618224,0.02570647943618224,0.008401579724792035,0.0024541785083916487
litter_nitrogen,13,0.02384058149275786,0.02384058149275786,0.0026222280512937157,0.000724819217294815
mortality_fraction_branch_delta,13,-0.00844903911604052,0.0106930588322886,0.013380749672525394,0.0030887504550569226
mortality_fraction_croot_delta,13,-0.0019047403274269543,0.003275347450309571,0.004578896984038569,0.0011496880991866232
mortality_fraction_froot_delta,13,-0.0004262032566157148,0.00152204284108311,0.002363276992431921,0.0005714572094280861
mortality_fraction_leaf_delta,13,-0.0011270924243559494,0.002940110417928135,0.00428683641428657,0.0009803094590657023
mortality_fraction_stem_delta,13,-0.01043398558262211,0.02409138227935365,0.03738001536340927,0.009306896583934387
pool_alloc_froot_sp1,13,0.0028940483923867886,0.062273566618469854,0.0927999367962376,0.022770062999032017
pool_alloc_leaf_sp1,13,-0.010982537240215967,0.13140552282063578,0.18308059858170755,0.03336622446714131
pool_alloc_stem_sp1,13,0.5745588580669764,0.9382952657910337,1.0552161484381632,0.20085343004377343
pool_turnover_branch_sp1,13,0.4516529021866952,0.4533621674265949,0.33011531507411823,0.0837396982109019
pool_turnover_croot_sp1,13,-0.17019222585158142,0.17595463240626125,0.1679060577187744,0.052574103038090826
pool_turnover_froot_sp1,13,-0.05376979496857639,0.056375345482733194,0.054283534581669735,0.016047701679898912
pool_turnover_leaf_sp1,13,-0.048053854769828964,0.053593635232079974,0.05879504938124064,0.01552965453676813
pool_turnover_stem_sp1,13,11.828411877663914,12.109763245951367,12.138767956915974,3.481300045588239
proj_cover,13,-0.9769307878265605,1.1479257168912225,2.627858992358595,0.7659995289244383
proj_fire_off,13,0.03588058569107115,0.03588058569107115,0.08438609015576885,0.02649264881855695
proj_fire_on,13,0.3894760356802962,0.3894760356802962,0.13858947454192602,0.043540013865604556
proj_mortality,13,0.5154253614044231,0.5218696949567924,0.5328020176762583,0.15521187599652905
proj_thinning_delta,13,11.822129923310875,11.822278816504731,12.177333619144898,3.697051111752155
roth_c_cover_c,13,0.006172312827548274,0.016279267563831832,0.03282813875055528,0.008274781087116356
roth_c_dpm_frac_crop,13,-0.03184057301646379,0.03184057301646379,0.024631632885834875,0.008029077534356933
roth_c_dpm_frac_tree,13,-0.01673695373045435,0.036892832333185833,0.04204670711776176,0.007852382069399434
roth_c_moisture_b_slope,13,-0.355285957886421,0.5539722807959346,1.022764581886975,0.26465614026872664
roth_c_temp_a1,13,0.18007222433245165,0.3482386664633292,0.46446964191768625,0.11459242784259527
roth_c_temp_a2,13,-0.005150610296201013,0.4811369752174147,0.6359025019802609,0.12739983507890543
thinning_fraction_branch_delta,13,0.02784110531503666,0.02784110531503666,0.02492025364536362,0.007539473107484541
thinning_fraction_croot_delta,13,0.011624510251563813,0.011624510251563813,0.008255123419591235,0.0023330745127495486
thinning_fraction_froot_delta,13,0.0060530551973385525,0.0060530551973385525,0.0053088843818769925,0.0016053063270807621
thinning_fraction_leaf_delta,13,0.010340443490017937,0.010340443490017937,0.008228599282283713,0.0026697487014398294
thinning_fraction_stem_delta,13,0.0603715156010862,0.0603715156010862,0.047026790309944694,0.01376954713188041
tree_carbon_sp1,13,0.27692443106535747,1.102286577890784,1.4468315605539854,0.2753543023145856
tree_nitrogen_branch_sp1,13,0.0017134479341328669,0.0017134479341328669,0.0004536143241874263,0.00012438550224668597
tree_nitrogen_croot_sp1,13,0.0010614398296090732,0.0010614398296090732,0.001022846279570072,0.00029419337399165513
tree_nitrogen_froot_sp1,13,0.029001525441772584,0.029001525441772584,0.016594170196083502,0.005249020246698603
tree_nitrogen_leaf_sp1,13,0.045253906270297115,0.045253906270297115,0.027061917938766507,0.008108846083766531
tree_nitrogen_stem_sp1,13,0.004089201998273817,0.004089201998273817,0.0014736663120660356,0.0004894452038609696
tree_root_in_top_30,13,-0.04156851459974019,0.09686786176308795,0.13949656807792962,0.031443827437393684
tree_root_to_shoot_sp1,13,0.028364741342549626,0.13399517587370874,0.17588711587722336,0.03210189337936671
cy0,14,-0.2480378659413224,0.6354165842705546,1.2818071074264004,0.3120641403875509
clay,14,-0.7088383084854311,0.7678812573200562,1.1765526732552698,0.33677644621385694
temp_ci_delta,14,0.12456822685049831,0.26794659767179085,0.3681923464136625,0.09277973722640548
rain_ci_delta,14,0.5559600342369969,1.8539173848833173,3.4680136361472336,0.9838305354651468
evap_ci_delta,14,-0.08783490051385132,0.1456048867102886,0.399625022750845,0.10933981140216198
ef_burn_crop_N2O_scale,14,-0.0036387881242613386,0.003751511874069591,0.0025092708253812517,0.0005998161336373058
ef_burn_crop_CH4_scale,14,-0.013689076860133358,0.013890070420817663,0.0094994234968976,0.0025885634209473927
ef_burn_tree_N2O_scale,14,0.0069821606556819595,0.0069821606556819595,0.005640371310289352,0.001638125172589158
ef_burn_tree_CH4_scale,14,0.027563793454443902,0.027563793454443902,0.021562052807374756,0.0065752093407626215
ef_N_inputs,14,-0.054473460663976084,0.06569742727374296,0.049528853463459345,0.0116998006029048
combustion_factor_crop,14,-0.015907965509252917,0.0164948082450577,0.012651134309522947,0.003403241646915811
combustion_factor_tree,14,0.03698222543419462,0.03698222543419462,0.027316504834210754,0.007864061710468702
volatile_frac_organic_fertiliser,14,-0.002875425650973601,0.002875425650973601,0.00030556244209785084,8.220332913374291e-05
volatile_frac_synthetic_fertiliser,14,0.01629739688896308,0.01629739688896308,0.0016405654386364178,0.000505482820522569
base_sf_qty_scale,14,-0.12981374696526463,0.12981374696526463,0.011684697112334297,0.003828718301943698
proj_lit_qty_scale,14,0.0005754377100244124,0.009464529167471475,0.012669744096482976,0.0028605349507877325
base_stand_density_scale,14,0.0,0.0,0.0,0.0
proj_stand_density_scale,14,0.2047417956452411,0.9507687067358063,1.20192288976998,0.23328206530334936
tree_wood_dens_sp1,14,0.4149055283430262,0.9659996646132042,1.0718918250354912,0.1797777263789604
base_cover,14,0.4793222672997038,0.4793222672997038,0.6914732472455152,0.23986992281861777
base_fire_off,14,-0.02488531306065852,0.02488531306065852,0.0896922103141354,0.023475185917333708
base_fire_on,14,-0.03493285974000272,0.03493285974000272,0.005956144895642751,0.001885990598943591
base_mortality,14,0.0,0.0,0.0,0.0
base_sf_n_delta,14,-0.1329016327182007,0.1329016327182007,0.013646164833617355,0.004551771405151858
base_thinning_delta,14,0.0,0.0,0.0,0.0
crop_base_left_delta,14,0.12331510661787168,0.12331510661787168,0.0402797790303076,0.012670997233611666
crop_base_yield_delta,14,0.03632836704864164,0.044054779362367624,0.04279758250327212,0.010264002829905108
crop_carbon_above_sp3,14,0.005836243715570821,0.007586058966713949,0.007130678066256491,0.0015696955195668568
crop_carbon_below_sp3,14,0.021417668847407055,0.021668928115592685,0.011001090862227118,0.0034192142976954723
crop_intercept_sp3,14,-0.001131995361124763,0.002718898769826658,0.003802393332985477,0.0009081915179516903
crop_nitrogen_above_sp3,14,-0.002787944538038789,0.002921889537422273,0.0021331911774847404,0.0006244334717796985
crop_nitrogen_below_sp3,14,-0.0062903499595974,0.0062903499595974,0.0010248475026808101,0.00032139313299647186
crop_carbon_above_sp10,14,0.04386110800200876,0.04386110800200876,0.015024967868405344,0.004765167965984486
crop_carbon_below_sp10,14,0.01795049905872605,0.01795049905872605,0.008175646508404192,0.0022673040810471394
crop_intercept_sp10,14,0.010384218377090193,0.010553731077344086,0.006635081002641627,0.0018773966658573794
crop_nitrogen_above_sp10,14,-0.00708167797507917,0.00708167797507917,0.0014323384656657198,0.000437411162465125
crop_nitrogen_below_sp10,14,-0.004457407240105843,0.004457407240105843,0.0014506415250372317,0.00043335930573450637
crop_proj_left_delta,14,-0.011223418542022306,0.014489777036725344,0.016484641418988234,0.003915529841324683
crop_proj_yield_delta,14,0.1261867386837669,0.12774027506904234,0.05175753551520969,0.01286619679358926
crop_root_in_top_30,14,0.027314145120267252,0.027314145120267252,0.014250004089285328,0.004747075597854434
crop_root_to_shoot_sp3,14,0.014373674752671007,0.014400356502644684,0.009377508522584671,0.002808858568448064
crop_slope_sp3,14,0.003199951815745761,0.003939152993280004,0.0060694256253855106,0.0016111406854598304
crop_root_to_shoot_sp10,14,0.01425613429169166,0.01425613429169166,0.006836403298149292,0.002187872753559177
crop_slope_sp10,14,0.018301839931551784,0.018429745891493415,0.012826413255911582,0.003780458121041022
cy0_to_ceq_multiplier,14,-0.012525185633146483,0.018893976625722373,0.0847213590377994,0.0272804220636973
litter_carbon,14,-0.024476036968198937,0.024476036968198937,0.008114653481067217,0.002376503513266977
litter_nitrogen,14,0.023840581492758275,0.023840581492758275,0.0026222280512940327,0.0007248192172949063
mortality_fraction_branch_delta,14,-0.007440705328583927,0.009776079553048985,0.012511029366155864,0.002844250001973485
mortality_fraction_croot_delta,14,-0.0017474226031560195,0.003168585892007776,0.004607527293708339,0.0011642623741157632
mortality_fraction_froot_delta,14,-0.00034428931789851904,0.0014855411991739037,0.0023349683499330628,0.0005735386077449686
mortality_fraction_leaf_delta,14,-0.0010264072452158602,0.0028208634389258304,0.004166068011886451,0.0009616784009735424
mortality_fraction_stem_delta,14,-0.010328338502915462,0.023759967849033177,0.037745783226020395,0.009432154454327801
pool_alloc_froot_sp1,14,0.004150326590921116,0.05991366650966975,0.09135362841093997,0.02293994362207919
pool_alloc_leaf_sp1,14,-0.009185873533442435,0.12640792064702186,0.17724742191733764,0.03299641323986367
pool_alloc_stem_sp1,14,0.5216296979119163,0.9019530827475991,1.0374010459367748,0.19524483629831488
pool_turnover_branch_sp1,14,0.44510623966868784,0.4491523774251426,0.34603805343486116,0.08714490421309772
pool_turnover_croot_sp1,14,-0.1532999507561265,0.1591319639169523,0.16347672207907735,0.0507289509051843
pool_turnover_froot_sp1,14,-0.046416234714339075,0.04967501759918512,0.05167089254715346,0.015027494785308178
pool_turnover_leaf_sp1,14,-0.042183067500052754,0.04916246268324628,0.05801373609995143,0.01532358359569234
pool_turnover_stem_sp1,14,11.497468399659846,11.852523274097312,12.613630001350003,3.6220301151039678
proj_cover,14,-0.8241829422771838,1.0420853544471709,2.394996799204959,0.7122054205436582
proj_fire_off,14,0.03588058569107092,0.03588058569107092,0.08438609015576842,0.02649264881855677
proj_fire_on,14,0.3803482051428542,0.3803482051428542,0.1477816529400952,0.04658124945867021
proj_mortality,14,0.51587223519394,0.5242367472601884,0.5726791855226264,0.16754993167093676
proj_thinning_delta,14,11.299444408078712,11.337846102255913,12.547610357846695,3.81002261790367
roth_c_cover_c,14,0.004161510214524577,0.013836862291148532,0.027560835343028327,0.00671750201259564
roth_c_dpm_frac_crop,14,-0.020931639404025218,0.020931639404025218,0.021319417101035874,0.0069720030137735345
roth_c_dpm_frac_tree,14,-0.014318422223572564,0.03269599346873602,0.037817393211304146,0.007124622120207344
roth_c_moisture_b_slope,14,-0.2699518334892323,0.45971793484965434,0.8438715130926567,0.2172865287902811
roth_c_temp_a1,14,0.17232901542196521,0.3260681769682111,0.4225126018618051,0.0998462448413838
roth_c_temp_a2,14,-0.007725718941115861,0.45886856927033665,0.6127709654769529,0.12468521444815184
thinning_fraction_branch_delta,14,0.018325920881978253,0.018325920881978253,0.019770359679126902,0.00616934329883
thinning_fraction_croot_delta,14,0.007205344768970029,0.007205344768970029,0.006673283745999841,0.0019405301365642033
thinning_fraction_froot_delta,14,0.0040806397365881165,0.0040806397365881165,0.0038837593307690867,0.0011902505915054816
thinning_fraction_leaf_delta,14,0.0067334243186579126,0.0067334243186579126,0.006282084110555947,0.0019734765086446577
thinning_fraction_stem_delta,14,0.03694246174590936,0.03694246174590936,0.03392852842678993,0.010640348910697473
tree_carbon_sp1,14,0.21260707666830134,1.0579693697747368,1.4489279354215483,0.2887415171200944
tree_nitrogen_branch_sp1,14,0.0016661371994451362,0.0016661371994451362,0.00048388366106170256,0.00013128479116692802
tree_nitrogen_croot_sp1,14,0.0010446807117808043,0.0010446807117808043,0.0010675043502328656,0.0003080136531832421
tree_nitrogen_froot_sp1,14,0.028522974377022458,0.028522974377022458,0.01748331242744027,0.005533353795622094
tree_nitrogen_leaf_sp1,14,0.04462733763010681,0.04462733763010681,0.028852484724067505,0.008644555236655301
tree_nitrogen_stem_sp1,14,0.003888914850104064,0.003888914850104064,0.0014882734182160818,0.0004966071372168523
tree_root_in_top_30,14,-0.04099051604699142,0.09229387639743873,0.13514635583803464,0.030983861505062466
tree_root_to_shoot_sp1,14,0.02059016394654369,0.1288514301367562,0.1764447733696738,0.033658443455874966
cy0,15,-0.22810277149402144,0.5503161561750277,1.1574013352440742,0.28528830265484945
clay,15,-0.6530139003523374,0.7236244940177601,1.1573773725747776,0.3256206299781857
temp_ci_delta,15,0.12214392427238115,0.25555986145141113,0.35076927054234425,0.08844986648900756
rain_ci_delta,15,0.5524838012954847,1.7732359774433477,3.2572595166834213,0.912302939850316
evap_ci_delta,15,-0.08520232084279285,0.13270968315093673,0.34983303915155894,0.09529851130568599
ef_burn_crop_N2O_scale,15,-0.003638788124261172,0.003751511874069324,0.0025092708253808644,0.000599816133637253
ef_burn_crop_CH4_scale,15,-0.013689076860133941,0.01389007042081818,0.009499423496897912,0.0025885634209475692
ef_burn_tree_N2O_scale,15,0.0067715318926636235,0.0067715318926636235,0.005622642905588923,0.0016412709347499279
ef_burn_tree_CH4_scale,15,0.026874909485894778,0.026874909485894778,0.021401540871275625,0.006479418674964732
ef_N_inputs,15,-0.05577837725576497,0.06849217800263599,0.05247242398597362,0.012064776684816715
combustion_factor_crop,15,-0.0159079655092525,0.016494808245057283,0.012651134309523457,0.0034032416469159067
combustion_factor_tree,15,0.036069066011475824,0.036069066011475824,0.027743581457529948,0.007961378772655285
volatile_frac_organic_fertiliser,15,-0.0028754256509739506,0.0028754256509739506,0.00030556244209803803,8.22033291338341e-05
volatile_frac_synthetic_fertiliser,15,0.016297396888963003,0.016297396888963003,0.0016405654386361572,0.0005054828205224716
base_sf_qty_scale,15,-0.12981374696526457,0.12981374696526457,0.011684697112334379,0.0038287183019437123
proj_lit_qty_scale,15,0.001865991203325662,0.0095064932702347,0.012255868208719538,0.002698269199152157
base_stand_density_scale,15,0.0,0.0,0.0,0.0
proj_stand_density_scale,15,1.0296077098717957,1.3237628264328516,1.076957580593299,0.2070237087714894
tree_wood_dens_sp1,15,1.1290240385647,1.5582394889061355,1.2591749267961931,0.18326074454347502
base_cover,15,0.42304602320679063,0.42429050090510706,0.6291056261415638,0.21623113379259531
base_fire_off,15,-0.024885313060658453,0.024885313060658453,0.08969221031413516,0.023475185917333646
base_fire_on,15,-0.03493285974000301,0.03493285974000301,0.0059561448956430155,0.0018859905989436635
base_mortality,15,0.0,0.0,0.0,0.0
base_sf_n_delta,15,-0.13290163271820096,0.13290163271820096,0.013646164833617414,0.00455177140515185
base_thinning_delta,15,0.0,0.0,0.0,0.0
crop_base_left_delta,15,0.11842285350993143,0.11842285350993143,0.039300711453295396,0.012397613384519966
crop_base_yield_delta,15,0.030480437813976864,0.040278550630365464,0.04265470828636181,0.009934146585130716
crop_carbon_above_sp3,15,0.004750154261084991,0.006720841926226254,0.006930627203071951,0.0015050435848009726
crop_carbon_below_sp3,15,0.018100378072171824,0.018549959197971182,0.010986902186130309,0.003353123743082002
crop_intercept_sp3,15,-0.0011330511943269937,0.002674529106348937,0.003736180859844677,0.0008933665104628628
crop_nitrogen_above_sp3,15,-0.0027879445380388475,0.002921889537422398,0.0021331911774843263,0.0006244334717794893
crop_nitrogen_below_sp3,15,-0.006290349959598174,0.006290349959598174,0.001024847502681232,0.0003213931329966508
crop_carbon_above_sp10,15,0.0412878341639253,0.0412878341639253,0.014246551950824103,0.004481294395470259
crop_carbon_below_sp10,15,0.016865846767334425,0.016865846767334425,0.007808179534449958,0.002175630112071189
crop_intercept_sp10,15,0.009622682668021989,0.009883268987150275,0.00650250248368188,0.0018048640200521394
crop_nitrogen_above_sp10,15,-0.007081677975079158,0.007081677975079158,0.0014323384656658089,0.00043741116246507353
crop_nitrogen_below_sp10,15,-0.004457407240105659,0.004457407240105659,0.0014506415250369997,0.00043335930573441405
crop_proj_left_delta,15,-0.013246665594168445,0.01617951742228138,0.017224937702638585,0.004113364018880514
crop_proj_yield_delta,15,0.12792084334076473,0.12926374164741775,0.052394183439855406,0.013084700157194906
crop_root_in_top_30,15,0.02322822295066116,0.023439746847764044,0.01384986792731627,0.004495658590086345
crop_root_to_shoot_sp3,15,0.011220109786115744,0.011605555120720663,0.009209187416884273,0.0026573976061732177
crop_slope_sp3,15,0.001797065536101977,0.003249547537431846,0.005946456363882101,0.0015554708612844639
crop_root_to_shoot_sp10,15,0.013268774223145877,0.013268774223145877,0.006619036659297103,0.0021230906339528444
crop_slope_sp10,15,0.01601337724216929,0.016292654243052217,0.012029141173287551,0.0034916889672759284
cy0_to_ceq_multiplier,15,-0.010866016364996891,0.015919113167735914,0.07315257930299524,0.02357782572737131
litter_carbon,15,-0.0233445438682578,0.0233445438682578,0.007902707193243002,0.0023210789934580344
litter_nitrogen,15,0.023840581492757786,0.023840581492757786,0.002622228051294047,0.0007248192172949032
mortality_fraction_branch_delta,15,-0.0064997089565634655,0.009088688722643234,0.01185124043184743,0.002643017621095138
mortality_fraction_croot_delta,15,-0.0016074010669601124,0.003084702518497928,0.004655740800804898,0.0011813899335625206
mortality_fraction_froot_delta,15,-0.0002683540526255246,0.001455571510693926,0.0023194808546266412,0.0005773067722542485
mortality_fraction_leaf_delta,15,-0.0009295132066046375,0.002737659780253443,0.004088667240201842,0.0009515213801565663
mortality_fraction_stem_delta,15,-0.010241796533256214,0.023503616648414476,0.038184696936776334,0.009563111242532308
pool_alloc_froot_sp1,15,0.018946246169626844,0.06442765027380228,0.08960520024585583,0.020808737433860924
pool_alloc_leaf_sp1,15,-0.003779020310003822,0.12410433842134691,0.17272275128725678,0.03241104416525706
pool_alloc_stem_sp1,15,0.3497193250153696,0.7142102529082258,0.8273874374261766,0.14648238337959443
pool_turnover_branch_sp1,15,0.19801332498404156,0.2726592522882084,0.3613712293299856,0.0793139607564528
pool_turnover_croot_sp1,15,-0.2527345588716924,0.25466361999678117,0.2136378782301931,0.06464809994229515
pool_turnover_froot_sp1,15,-0.09152927151061158,0.09236064918020269,0.0785313305899515,0.02393421851377297
pool_turnover_leaf_sp1,15,-0.07364024454708912,0.07602041122774067,0.07277721010929022,0.020088848905696084
pool_turnover_stem_sp1,15,4.552666815330407,8.710156874005248,11.982620533138373,2.6003098164623184
proj_cover,15,-0.7282795015029764,0.965767583064609,2.2276591061055755,0.6730558622143954
proj_fire_off,15,0.035880585691070985,0.035880585691070985,0.08438609015576853,0.026492648818556803
proj_fire_on,15,0.3722554453006931,0.3722554453006931,0.15675099968908343,0.04955636335145662
proj_mortality,15,0.33095160600109147,0.42570766224331413,0.637519090652773,0.17640568132932666
proj_thinning_delta,15,13.365489192505564,14.157359823277895,12.546915970844204,3.439293412255395
roth_c_cover_c,15,0.002761754652047521,0.011972022303858553,0.02307452169103652,0.0054770811531551136
roth_c_dpm_frac_crop,15,-0.014740867207803326,0.014740867207803326,0.017708050303001387,0.00579819996544889
roth_c_dpm_frac_tree,15,-0.01284336304159694,0.029965972785494604,0.034867993698267145,0.006549490777748372
roth_c_moisture_b_slope,15,-0.2090810709581513,0.3827072011034363,0.7197415943915941,0.18642343622384355
roth_c_temp_a1,15,0.17206067864046617,0.30708226030654245,0.3926631390970353,0.09002513789001694
roth_c_temp_a2,15,-0.028161237438140106,0.4651037394447536,0.603858152606544,0.11838458893862969
thinning_fraction_branch_delta,15,0.013948355755516163,0.014030514101013015,0.017852917498287182,0.0057166278463770094
thinning_fraction_croot_delta,15,0.005215677902788462,0.005479203321889348,0.00609737181651655,0.0017777674256346378
thinning_fraction_froot_delta,15,0.0030609368912156375,0.0030609368912156375,0.0031650193027521405,0.0009832694208450532
thinning_fraction_leaf_delta,15,0.005048934658297288,0.005048934658297288,0.005520896548901643,0.0016901575184515621
thinning_fraction_stem_delta,15,0.026041716235436295,0.027389977767501607,0.029234903014455072,0.00920052047163755
tree_carbon_sp1,15,0.8926297873684603,1.5809331187238231,1.5570397820891428,0.23736203531405994
tree_nitrogen_branch_sp1,15,0.0016212924704930188,0.0016212924704930188,0.0005147912428204411,0.0001389078325782749
tree_nitrogen_croot_sp1,15,0.0010307068625815374,0.0010307068625815374,0.0011149898245685584,0.00032266596331101486
tree_nitrogen_froot_sp1,15,0.028111469779026222,0.028111469779026222,0.01835506127509164,0.005812081508783691
tree_nitrogen_leaf_sp1,15,0.04410404278095231,0.04410404278095231,0.03064728338296137,0.009179739439047548
tree_nitrogen_stem_sp1,15,0.0037130369834071975,0.0037130369834071975,0.0015085832090774329,0.0005044174605147979
tree_root_in_top_30,15,-0.0391388586829987,0.08938692559708489,0.13302674506186063,0.030807399791914974
tree_root_to_shoot_sp1,15,0.12991363805740377,0.20295861116999525,0.20608949651788308,0.038480568553598445
cy0,16,-0.20930538103089105,0.47810417963440044,1.0433890604075924,0.25931150939402486
clay,16,-0.6489838991962851,0.721217617539914,1.179969213554869,0.3306935973211148
temp_ci_delta,16,0.16244583699582657,0.2625981981438127,0.34196676575925894,0.09217972494782824
rain_ci_delta,16,0.7134191250710277,1.7443231646823072,3.1177379404210868,0.8611363372374196
evap_ci_delta,16,-0.09860703707352891,0.1225999856116338,0.33246471348697565,0.0912546376919949
ef_burn_crop_N2O_scale,16,-0.0036387881242615342,0.0037515118740697783,0.002509270825381364,0.0005998161336373481
ef_burn_crop_CH4_scale,16,-0.013689076860133436,0.013890070420817673,0.009499423496897662,0.0025885634209473992
ef_burn_tree_N2O_scale,16,0.007021229498644288,0.007021229498644288,0.005878888209249031,0.0016969164087491987
ef_burn_tree_CH4_scale,16,0.027589417169103243,0.027589417169103243,0.021769073464885588,0.0065369476553162505
ef_N_inputs,16,-0.05680550780043252,0.07108522603709562,0.05546671601417908,0.012441590084092506
combustion_factor_crop,16,-0.015907965509252456,0.016494808245057137,0.012651134309522846,0.0034032416469157774
combustion_factor_tree,16,0.03732087591139522,0.03732087591139522,0.028837217927982616,0.00830937203764482
volatile_frac_organic_fertiliser,16,-0.0028754256509738196,0.0028754256509738196,0.00030556244209777093,8.220332913373247e-05
volatile_frac_synthetic_fertiliser,16,0.01629739688896302,0.01629739688896302,0.0016405654386363723,0.0005054828205225432
base_sf_qty_scale,16,-0.12981374696526443,0.12981374696526443,0.011684697112334339,0.003828718301943706
proj_lit_qty_scale,16,0.0030391921536448937,0.009733393264835865,0.011945963877732882,0.0025473143797874274
base_stand_density_scale,16,0.0,0.0,0.0,0.0
proj_stand_density_scale,16,-0.06959665992038909,0.8500075581523742,1.2525039442824832,0.3024569980045794
tree_wood_dens_sp1,16,0.1438709737512708,0.7819965802592288,1.0401366299522024,0.21674006528382891
base_cover,16,0.37191576963670875,0.3768879733380165,0.5745675653947754,0.19527938331940095
base_fire_off,16,-0.024885313060658536,0.024885313060658536,0.08969221031413546,0.02347518591733373
base_fire_on,16,-0.03493285974000257,0.03493285974000257,0.00595614489564279,0.0018859905989436414
base_mortality,16,0.0,0.0,0.0,0.0
base_sf_n_delta,16,-0.13290163271820074,0.13290163271820074,0.013646164833617355,0.004551771405151816
base_thinning_delta,16,0.0,0.0,0.0,0.0
crop_base_left_delta,16,0.11386750307765489,0.11386750307765489,0.03853272411430092,0.012187776143705776
crop_base_yield_delta,16,0.024960595098582755,0.03714277078592505,0.042543078563175206,0.009553669163915254
crop_carbon_above_sp3,16,0.004056505397647571,0.006258524553761237,0.006802551371334558,0.0014327662336166055
crop_carbon_below_sp3,16,0.016004954198277247,0.016765818100599243,0.011046968619743368,0.003228176210701764
crop_intercept_sp3,16,-0.0011340089486572835,0.002632612703020626,0.0036802375379553463,0.0008824031907453054
crop_nitrogen_above_sp3,16,-0.002787944538038989,0.002921889537422473,0.0021331911774846403,0.0006244334717795862
crop_nitrogen_below_sp3,16,-0.006290349959597458,0.006290349959597458,0.0010248475026809155,0.00032139313299652005
crop_carbon_above_sp10,16,0.03903590868608174,0.03903590868608174,0.013667528875703997,0.004261054358197478
crop_carbon_below_sp10,16,0.015919772681662246,0.015919772681662246,0.007514551965478191,0.002105602636436589
crop_intercept_sp10,16,0.008948087312309495,0.009293120714256533,0.0064139379428774,0.0017515334096267865
crop_nitrogen_above_sp10,16,-0.00708167797507892,0.00708167797507892,0.0014323384656659784,0.00043741116246525096
crop_nitrogen_below_sp10,16,-0.004457407240105427,0.004457407240105427,0.0014506415250371985,0.0004333593057345103
crop_proj_left_delta,16,-0.01420706077015867,0.017057384370632773,0.01778456775172636,0.0042358039008839
crop_proj_yield_delta,16,0.1297913396035737,0.13099255291739018,0.05293167871412891,0.013246923778912036
crop_root_in_top_30,16,0.020409274303366278,0.020901335369456254,0.013595263543076299,0.004276114883481795
crop_root_to_shoot_sp3,16,0.009296140268889998,0.010026882196159638,0.0090892040997968,0.0025422921358286012
crop_slope_sp3,16,0.0009316514950772528,0.003045009801350125,0.0058421681093485875,0.0015128842144849172
crop_root_to_shoot_sp10,16,0.012404095298287312,0.012404095298287312,0.006460713324982432,0.002078070988355926
crop_slope_sp10,16,0.014006850185319192,0.01450337700482393,0.011426418118448687,0.003236988394811166
cy0_to_ceq_multiplier,16,-0.009387045346584317,0.013412459026312162,0.06315817158156709,0.02036656897390703
litter_carbon,16,-0.022294771506711736,0.022294771506711736,0.007744251525321903,0.0022811806735531996
litter_nitrogen,16,0.023840581492757626,0.023840581492757626,0.002622228051294234,0.0007248192172948912
mortality_fraction_branch_delta,16,-0.0022339272077757906,0.008571275995750291,0.01146571914430225,0.0020704495584002772
mortality_fraction_croot_delta,16,-0.00020467523873408112,0.0028078685578804387,0.004470910728316976,0.0010182048289169143
mortality_fraction_froot_delta,16,0.00029525421833781067,0.001771657820539231,0.0023644576849125285,0.000521682835710352
mortality_fraction_leaf_delta,16,-3.337293439110989e-05,0.0031246490699158554,0.004134398347952098,0.0008091362477232825
mortality_fraction_stem_delta,16,-0.003378978761359899,0.02212901390352736,0.033354300049888395,0.0072249934390220035
pool_alloc_froot_sp1,16,0.014797164275348515,0.060650944008389496,0.08971409878340433,0.022082253838423698
pool_alloc_leaf_sp1,16,0.010168489668678487,0.13156687010952323,0.17318555573396227,0.030707658400078223
pool_alloc_stem_sp1,16,0.46164111917543915,0.8894214717484067,1.062168875935856,0.20440677906005228
pool_turnover_branch_sp1,16,0.4795619719205817,0.4824585979202366,0.3779310568229115,0.09633610356173497
pool_turnover_croot_sp1,16,-0.07001184607332309,0.10170539297164702,0.15744333351514977,0.04514089521025541
pool_turnover_froot_sp1,16,-0.008767224034855938,0.030285546944006193,0.04244530513434942,0.009203447577510274
pool_turnover_leaf_sp1,16,-0.008426177208434941,0.041151816413617245,0.05786100736964506,0.012486533509590617
pool_turnover_stem_sp1,16,12.330810747988854,12.583072902534303,13.75806242817444,4.031617037660427
proj_cover,16,-0.8023920473766335,1.0340487177380364,2.1701973147300957,0.635101961295142
proj_fire_off,16,0.03588058569107096,0.03588058569107096,0.08438609015576833,0.026492648818556726
proj_fire_on,16,0.39226852639375664,0.39226852639375664,0.179062975906896,0.05674484740873696
proj_mortality,16,0.5523453860975546,0.5586223647949384,0.6554262053752505,0.19550160341368644
proj_thinning_delta,16,9.60073802480218,9.921707411598486,14.100406134152932,4.235319226810459
roth_c_cover_c,16,0.002477414185166796,0.010952108157477556,0.019636327109138856,0.004434405296351953
roth_c_dpm_frac_crop,16,-0.010959442497669633,0.010959442497669633,0.014484315606800715,0.004738753086235739
roth_c_dpm_frac_tree,16,0.0031587674131655615,0.02530033516078345,0.03461103486913507,0.007836610026890168
roth_c_moisture_b_slope,16,-0.19886704908922773,0.3573663805561503,0.6573662116155775,0.1666321464272761
roth_c_temp_a1,16,0.22033639043775607,0.3119592416375408,0.37837364229135906,0.08972468446167255
roth_c_temp_a2,16,-0.12863057250580062,0.46775758573099957,0.6213772105058184,0.12842865844089754
thinning_fraction_branch_delta,16,-0.16294487304072852,0.16294487304072852,0.14601354803163305,0.04211081130842072
thinning_fraction_croot_delta,16,-0.05957325510668861,0.05957325510668861,0.06166009853132189,0.01782549997200468
thinning_fraction_froot_delta,16,-0.03061091704887961,0.03061091704887961,0.03185966099100183,0.00848284717635929
thinning_fraction_leaf_delta,16,-0.040893373680159516,0.040893373680159516,0.0415748941603618,0.014179482269074466
thinning_fraction_stem_delta,16,-0.31449234567057677,0.31509893199214745,0.46304659008829174,0.15807676791417508
tree_carbon_sp1,16,-0.07542645295170305,0.9272988610937436,1.466626147502848,0.3281771625042131
tree_nitrogen_branch_sp1,16,0.001942596887728526,0.001942596887728526,0.0006291746848650849,0.00017255366927000935
tree_nitrogen_croot_sp1,16,0.0011143557913007752,0.0011143557913007752,0.0011577481487428014,0.000329975070221184
tree_nitrogen_froot_sp1,16,0.027349905117335593,0.027349905117335593,0.019087642198081397,0.0060249874575885294
tree_nitrogen_leaf_sp1,16,0.04282624596078398,0.04282624596078398,0.032068844768873575,0.009602763276774092
tree_nitrogen_stem_sp1,16,0.004067170723230751,0.004067170723230751,0.001738100267636998,0.0005829152525996144
tree_root_in_top_30,16,-0.04955551943556703,0.08863984078220362,0.13290628038162183,0.031479415731660416
tree_root_to_shoot_sp1,16,-0.017685914140806714,0.10668380486565501,0.17783066348420581,0.04111615403770216
cy0,17,-0.19159670712250393,0.4218303240715893,0.9395510673366599,0.2335178103445803
clay,17,-0.5629266104819437,0.6699958143612561,1.16599437515541,0.31740270598716663
temp_ci_delta,17,0.12176282933799983,0.23808245641282388,0.3351910872168473,0.08765883688016335
rain_ci_delta,17,0.6059465985954122,1.6275648001720324,2.9150879847441473,0.7989615967939467
evap_ci_delta,17,-0.08619813453178934,0.1158249589895866,0.29819901575928226,0.08106415917822314
ef_burn_crop_N2O_scale,17,-0.003638788124261555,0.003751511874069774,0.0025092708253812964,0.0005998161336373596
ef_burn_crop_CH4_scale,17,-0.01368907686013356,0.013890070420817862,0.009499423496897925,0.0025885634209473762
ef_burn_tree_N2O_scale,17,0.006194477597202997,0.006194477597202997,0.005529548577472242,0.001638685547529797
ef_burn_tree_CH4_scale,17,0.02506126950326255,0.02506126950326255,0.021188595238699846,0.00634874988779776
ef_N_inputs,17,-0.060530052626611805,0.07487255869528706,0.05724715927189717,0.012974239351336484
combustion_factor_crop,17,-0.01590796550925305,0.016494808245057634,0.012651134309523122,0.003403241646915908
combustion_factor_tree,17,0.03357303465623861,0.03357303465623861,0.028652805636043013,0.008197651693712556
volatile_frac_organic_fertiliser,17,-0.0028754256509738174,0.0028754256509738174,0.0003055624420978501,8.220332913375723e-05
volatile_frac_synthetic_fertiliser,17,0.016297396888962996,0.016297396888962996,0.0016405654386362882,0.0005054828205225183
base_sf_qty_scale,17,-0.12981374696526446,0.12981374696526446,0.011684697112334398,0.0038287183019437565
proj_lit_qty_scale,17,0.0041149795801950165,0.010038939729221836,0.011712609291643854,0.002431332719773499
base_stand_density_scale,17,0.0,0.0,0.0,0.0
proj_stand_density_scale,17,0.3037825907865693,0.9143359097312892,1.0814150407491938,0.20648150792508915
tree_wood_dens_sp1,17,0.4700103059139266,0.9852963643468098,1.0359470163198736,0.16431770125317396
base_cover,17,0.3255038022100919,0.3358780851877904,0.5275411576323135,0.17701429559228596
base_fire_off,17,-0.024885313060658554,0.024885313060658554,0.08969221031413553,0.02347518591733375
base_fire_on,17,-0.034932859740002584,0.034932859740002584,0.005956144895642716,0.0018859905989435995
base_mortality,17,0.0,0.0,0.0,0.0
base_sf_n_delta,17,-0.1329016327182008,0.1329016327182008,0.01364616483361737,0.004551771405151831
base_thinning_delta,17,0.0,0.0,0.0,0.0
crop_base_left_delta,17,0.10960758090417907,0.10960758090417907,0.037930140781240684,0.012025999797500173
crop_base_yield_delta,17,0.019734826356559217,0.035213018426465945,0.04244301068333622,0.008978065557346478
crop_carbon_above_sp3,17,0.0035637704072632864,0.005934646862255491,0.00672007396551963,0.0013929696258102647
crop_carbon_below_sp3,17,0.014535964262339806,0.015557706938470629,0.011136814698380184,0.003153452845868417
crop_intercept_sp3,17,-0.0011343352058120885,0.0025928954567210464,0.0036308130256247476,0.0008739712056346009
crop_nitrogen_above_sp3,17,-0.002787944538038839,0.0029218895374223896,0.0021331911774848124,0.0006244334717796353
crop_nitrogen_below_sp3,17,-0.0062903499595977075,0.0062903499595977075,0.0010248475026810987,0.0003213931329965919
crop_carbon_above_sp10,17,0.037027183414744,0.037027183414744,0.013234196503919698,0.004089358901869433
crop_carbon_below_sp10,17,0.015078153931928646,0.015078153931928646,0.007278459137202741,0.002051814029776705
crop_intercept_sp10,17,0.008338521825698619,0.008762065675247788,0.006356896577611177,0.0017134121313692407
crop_nitrogen_above_sp10,17,-0.0070816779750789705,0.0070816779750789705,0.0014323384656659084,0.0004374111624651876
crop_nitrogen_below_sp10,17,-0.004457407240105618,0.004457407240105618,0.0014506415250371129,0.00043335930573446755
crop_proj_left_delta,17,-0.014597850386566986,0.017446559255960375,0.018149799364936273,0.004297477088052063
crop_proj_yield_delta,17,0.13171617931696142,0.13278170844918918,0.05338355399425453,0.01339302246288244
crop_root_in_top_30,17,0.0182549613795693,0.018973438636602835,0.013468297158094462,0.004144909930760865
crop_root_to_shoot_sp3,17,0.0079753076809063,0.009083646182752217,0.009023704662628088,0.0024314132552137424
crop_slope_sp3,17,0.000335287817317792,0.003020610862601153,0.005743752044239001,0.001470575121544879
crop_root_to_shoot_sp10,17,0.011630899110249813,0.011630899110249813,0.006343541863212847,0.002046354661841919
crop_slope_sp10,17,0.012213784796449042,0.01298734687668893,0.010967241725553611,0.0030058838974725134
cy0_to_ceq_multiplier,17,-0.00807077829132882,0.011327795832856705,0.0545029576055266,0.017567145355603202
litter_carbon,17,-0.02131448755782838,0.02131448755782838,0.0076236866952582505,0.0022520427916304254
litter_nitrogen,17,0.02384058149275785,0.02384058149275785,0.002622228051293981,0.0007248192172948388
mortality_fraction_branch_delta,17,-0.0028839250093289025,0.007875143872955714,0.010730782109536714,0.0020798361472461817
mortality_fraction_croot_delta,17,-0.0006079034869566957,0.0027664418178561024,0.0045836594962512574,0.0010932170553786
mortality_fraction_froot_delta,17,0.00011778798223287257,0.0015909590192087625,0.0022907893943897874,0.0005402591714829115
mortality_fraction_leaf_delta,17,-0.00034442895923545434,0.002820114590536149,0.003992729965956759,0.0008598502237314903
mortality_fraction_stem_delta,17,-0.006153511089234442,0.02192825519297782,0.03513752199185566,0.00820881294387772
pool_alloc_froot_sp1,17,0.02656111191626499,0.06766682777986871,0.09041144417369049,0.02069796425895437
pool_alloc_leaf_sp1,17,0.02154640758219666,0.13638692656943138,0.17288596282124197,0.029777284586769696
pool_alloc_stem_sp1,17,0.3439075014192485,0.7385165244319525,0.9197269233748097,0.17477457862258325
pool_turnover_branch_sp1,17,0.35804796185778753,0.3781041642387191,0.3815033611955703,0.09238676915449234
pool_turnover_croot_sp1,17,-0.08139845058279999,0.10590260895486703,0.15217468128124656,0.043941102282650114
pool_turnover_froot_sp1,17,-0.013792572714876017,0.028485197592292157,0.04092444294069026,0.009645085586699988
pool_turnover_leaf_sp1,17,-0.01455199223074069,0.037189155221067076,0.056146697217638875,0.014021846829029233
pool_turnover_stem_sp1,17,9.05931436634601,10.226180184346154,13.211179114021029,3.615465984515449
proj_cover,17,-0.581453652169159,0.8537442426001087,1.992140054788101,0.6060755893422778
proj_fire_off,17,0.03588058569107104,0.03588058569107104,0.08438609015576866,0.02649264881855689
proj_fire_on,17,0.3463355734119266,0.3463355734119266,0.17136677822956808,0.054611244122449894
proj_mortality,17,0.47040108413407467,0.491797750272507,0.6999534838479933,0.2063978738274657
proj_thinning_delta,17,10.781139220131262,11.021322799222643,12.53868464874353,3.7547281071367467
roth_c_cover_c,17,0.000986098196285251,0.009563209732578421,0.016471809168362127,0.003585545363590583
roth_c_dpm_frac_crop,17,-0.008483797466383756,0.008483797466383756,0.011791650105720215,0.003849090575340382
roth_c_dpm_frac_tree,17,-0.025555613876006272,0.038783889117950235,0.034789928028908144,0.005506467814173792
roth_c_moisture_b_slope,17,-0.1362177651567616,0.33894370996911916,0.6116311855478467,0.14978022082742964
roth_c_temp_a1,17,0.16709970280738404,0.286995515092984,0.37946988630006173,0.08519995787094083
roth_c_temp_a2,17,-0.056035097866345494,0.44717864372004545,0.5992676622225752,0.12254819455052099
thinning_fraction_branch_delta,17,0.08429190499053998,0.08429190499053998,0.06350474351707448,0.019715871033236933
thinning_fraction_croot_delta,17,0.03260493391842974,0.03260493391842974,0.02752400363673219,0.007992152274090999
thinning_fraction_froot_delta,17,0.015350765325516769,0.015350765325516769,0.012840465351331584,0.0033528067820204305
thinning_fraction_leaf_delta,17,0.02527271147868238,0.02527271147868238,0.020031724021419207,0.0067173012841739085
thinning_fraction_stem_delta,17,0.16484924811777374,0.16484924811777374,0.1569904997785564,0.04806691928170081
tree_carbon_sp1,17,0.2368524960250636,1.0889746763344645,1.4895512098394528,0.3033627192820105
tree_nitrogen_branch_sp1,17,0.001478055739448514,0.001478055739448514,0.0005834482926329774,0.00015759181311303215
tree_nitrogen_croot_sp1,17,0.0009811253147699595,0.0009811253147699595,0.0012151829733226104,0.00035673617086255893
tree_nitrogen_froot_sp1,17,0.0263585856203218,0.0263585856203218,0.01971627662720736,0.0062004931091295045
tree_nitrogen_leaf_sp1,17,0.04156826522956946,0.04156826522956946,0.03358755841902581,0.010062490676569516
tree_nitrogen_stem_sp1,17,0.003300589973067719,0.003300589973067719,0.0015585948519827877,0.0005203144262010016
tree_root_in_top_30,17,0.001484064922306777,0.10007405836903545,0.13609401079481007,0.026174243072445518
tree_root_to_shoot_sp1,17,0.01753136742768053,0.1235284328043866,0.18032791401262413,0.03658187889709431
cy0,18,-0.17492652434617334,0.37468615115005666,0.8456350091495638,0.2108291909045536
clay,18,-0.5000325939771245,0.6329141634800153,1.1563075294785659,0.30814137982107676
temp_ci_delta,18,0.08300493443056808,0.22714634564969788,0.32938026478524596,0.08313434107791515
rain_ci_delta,18,0.4698041296890757,1.5239641113841231,2.7277310059577258,0.7374098236643271
evap_ci_delta,18,-0.07052016052087352,0.11072211200918677,0.2659347038198167,0.07207919325747186
ef_burn_crop_N2O_scale,18,-0.003638788124261297,0.0037515118740695493,0.0025092708253812365,0.0005998161336373002
ef_burn_crop_CH4_scale,18,-0.013689076860133525,0.01389007042081783,0.009499423496897655,0.0025885634209474252
ef_burn_tree_N2O_scale,18,0.006055222280502886,0.006055222280502886,0.005574390436712779,0.0016569777010759636
ef_burn_tree_CH4_scale,18,0.024606815319345797,0.024606815319345797,0.02125411486646968,0.0063408208634501174
ef_N_inputs,18,-0.06123011572480075,0.07715874379794749,0.06013749952228963,0.013316168104008024
combustion_factor_crop,18,-0.015907965509252782,0.016494808245057432,0.012651134309522954,0.0034032416469158234
combustion_factor_tree,18,0.033004845725730016,0.033004845725730016,0.02926754537425579,0.00837590984922242
volatile_frac_organic_fertiliser,18,-0.002875425650973934,0.002875425650973934,0.00030556244209777224,8.220332913373647e-05
volatile_frac_synthetic_fertiliser,18,0.016297396888963027,0.016297396888963027,0.0016405654386362546,0.0005054828205224991
base_sf_qty_scale,18,-0.12981374696526454,0.12981374696526454,0.011684697112334264,0.003828718301943686
proj_lit_qty_scale,18,0.005108681278111632,0.010397470007412807,0.011535112415321375,0.00235435067303032
base_stand_density_scale,18,0.0,0.0,0.0,0.0
proj_stand_density_scale,18,0.18736933874263087,0.84772712674184,1.0974759584574436,0.23021047674641418
tree_wood_dens_sp1,18,0.3598257978646791,0.8970640047620163,1.0226229732739873,0.1811429828814325
base_cover,18,0.2834063665380476,0.30150726764433733,0.48765085954182535,0.16139150480520442
base_fire_off,18,-0.024885313060658554,0.024885313060658554,0.08969221031413553,0.02347518591733375
base_fire_on,18,-0.034932859740002736,0.034932859740002736,0.005956144895642811,0.0018859905989436294
base_mortality,18,0.0,0.0,0.0,0.0
base_sf_n_delta,18,-0.13290163271820088,0.13290163271820088,0.01364616483361743,0.004551771405151847
base_thinning_delta,18,0.0,0.0,0.0,0.0
crop_base_left_delta,18,0.10561055171143834,0.10561055171143834,0.03745581326956505,0.011900138080363823
crop_base_yield_delta,18,0.014776437415362383,0.03425809155730959,0.0423405511322819,0.008341632925587233
crop_carbon_above_sp3,18,0.003184739602136927,0.00572045540997958,0.006664746882800699,0.0013600874728231344
crop_carbon_below_sp3,18,0.013417478868606194,0.01465948212211147,0.011234814208912307,0.0031099709188217987
crop_intercept_sp3,18,-0.0011351531641014684,0.0025541625222356727,0.0035864157899542135,0.0008676128410739814
crop_nitrogen_above_sp3,18,-0.002787944538039189,0.002921889537422806,0.002133191177485148,0.0006244334717798245
crop_nitrogen_below_sp3,18,-0.006290349959597691,0.006290349959597691,0.0010248475026809409,0.0003213931329965415
crop_carbon_above_sp10,18,0.03521001280411876,0.03521001280411876,0.012906138285264407,0.0039546386157943095
crop_carbon_below_sp10,18,0.014318955237152629,0.014318955237152629,0.007085055428019053,0.0020095509184511967
crop_intercept_sp10,18,0.007780357202017444,0.00827691542760928,0.006323320626324881,0.0016880721852384792
crop_nitrogen_above_sp10,18,-0.007081677975078908,0.007081677975078908,0.0014323384656658076,0.00043741116246517783
crop_nitrogen_below_sp10,18,-0.0044574072401059595,0.0044574072401059595,0.0014506415250370478,0.0004333593057344264
crop_proj_left_delta,18,-0.01466656355949392,0.01753963304033917,0.018355360699861087,0.004317695808088625
crop_proj_yield_delta,18,0.13364725200914776,0.1345834513824607,0.05376265106144789,0.013524124377069431
crop_root_in_top_30,18,0.01649146059690768,0.01747296135287427,0.013429607263575921,0.004069746866939435
crop_root_to_shoot_sp3,18,0.006978297409149808,0.008477654618703773,0.00899349883995824,0.0023385910624746467
crop_slope_sp3,18,-0.00011608960859872675,0.0031008308228654387,0.0056457488928042246,0.0014215738671112172
crop_root_to_shoot_sp10,18,0.010927710423908277,0.010928356338015944,0.006255952403672473,0.002023384346561769
crop_slope_sp10,18,0.010589017877158971,0.01183029392939208,0.010613753170986038,0.002744602211179501
cy0_to_ceq_multiplier,18,-0.00689974999212796,0.009535023464668932,0.0469935343471445,0.01512981982903341
litter_carbon,18,-0.020394604497699458,0.020394604497699458,0.007529674561956374,0.0022302669683121087
litter_nitrogen,18,0.02384058149275821,0.02384058149275821,0.002622228051294154,0.0007248192172949655
mortality_fraction_branch_delta,18,-0.0028887031384771276,0.007488391660022192,0.010312469110858138,0.0020433869527983293
mortality_fraction_croot_delta,18,-0.0007781315909358988,0.0027427001265511288,0.004693186038114594,0.0011488808043633772
mortality_fraction_froot_delta,18,6.332394213384718e-05,0.0015152056772138101,0.0022661896208855973,0.000552742274282791
mortality_fraction_leaf_delta,18,-0.0004449943460997113,0.0026969282694724733,0.003946086964816731,0.0008847540330858086
mortality_fraction_stem_delta,18,-0.007536556582570675,0.021911238236380515,0.03652865927375674,0.008821846176308247
pool_alloc_froot_sp1,18,0.019662335131250822,0.062091238849536226,0.09013093723463396,0.022022778407838495
pool_alloc_leaf_sp1,18,0.011726945684923601,0.12646928823912484,0.16901532689038176,0.031574106350467916
pool_alloc_stem_sp1,18,0.3204767682424067,0.7281263379518692,0.9292822384565464,0.18241016568842372
pool_turnover_branch_sp1,18,0.37188934895523534,0.39081457585914703,0.3939607961431366,0.09533308061792417
pool_turnover_croot_sp1,18,-0.0815311667363103,0.10425611377583484,0.15003001141732578,0.043334279014217554
pool_turnover_froot_sp1,18,-0.013952552540069173,0.027864491278593494,0.04055536294249659,0.009518708560044704
pool_turnover_leaf_sp1,18,-0.015788952516375913,0.03575619446128097,0.0563037717582686,0.014912541936672049
pool_turnover_stem_sp1,18,9.420569147609156,10.408559567294372,13.612632545047163,3.7891667913622715
proj_cover,18,-0.3648338846054555,0.7182693353019957,1.8253458769041044,0.5723086199418937
proj_fire_off,18,0.03588058569107096,0.03588058569107096,0.08438609015576835,0.026492648818556754
proj_fire_on,18,0.3409721747903787,0.3409721747903787,0.1796687699126227,0.05738735435233856
proj_mortality,18,0.491473505946806,0.5111391469335879,0.741185603079092,0.22057618295216233
proj_thinning_delta,18,10.2793840898554,10.485831804873937,13.133646252388306,3.9509169767588626
roth_c_cover_c,18,-0.0004481098130819733,0.008279355933622515,0.01395650591104852,0.003039683540400594
roth_c_dpm_frac_crop,18,-0.006771392747820526,0.006771392747820526,0.009597962218030753,0.0031236862083132057
roth_c_dpm_frac_tree,18,-0.019334735275192968,0.03194260718322899,0.03178483370269405,0.005239881750249033
roth_c_moisture_b_slope,18,-0.0725890501858385,0.3312829326725197,0.5800658029947892,0.14009309151416813
roth_c_temp_a1,18,0.12268228861430308,0.2811079719853472,0.3742352366537098,0.07507965243947777
roth_c_temp_a2,18,0.0075844641822978235,0.45731956141204916,0.5983393069916997,0.11973828667869023
thinning_fraction_branch_delta,18,0.04453792365040328,0.04453792365040328,0.031461150552384465,0.009395330723848901
thinning_fraction_croot_delta,18,0.01663265590186385,0.01663265590186385,0.012345231695971105,0.003537342030987756
thinning_fraction_froot_delta,18,0.008806844613196353,0.008806844613196353,0.0069418090677128685,0.0018600267523825407
thinning_fraction_leaf_delta,18,0.013659949613035885,0.013659949613035885,0.010695152341003447,0.003570798531105725
thinning_fraction_stem_delta,18,0.08545985092825556,0.08545985092825556,0.07908832034855377,0.024590393293437676
tree_carbon_sp1,18,0.12233344414910138,1.011022779608021,1.5018142130799619,0.3255541814792838
tree_nitrogen_branch_sp1,18,0.0014425937232001001,0.0014425937232001001,0.0006106726587262277,0.00016507595338467545
tree_nitrogen_croot_sp1,18,0.0009749534619745593,0.0009749534619745593,0.001270159602339245,0.00037359960377470147
tree_nitrogen_froot_sp1,18,0.026127016808631554,0.026127016808631554,0.020522668086216635,0.0064592106153057785
tree_nitrogen_leaf_sp1,18,0.04133460878664981,0.04133460878664981,0.035375924043879244,0.010588760722110378
tree_nitrogen_stem_sp1,18,0.003184212304433792,0.003184212304433792,0.0015802752389706518,0.0005270676131352925
tree_root_in_top_30,18,-0.012113214914650228,0.09076507668286515,0.13394103184470724,0.028543078650375225
tree_root_to_shoot_sp1,18,0.006136680559397384,0.1174578410499848,0.1820063858471924,0.03871527308294426
cy0,19,-0.1592449986819587,0.33748764107059137,0.7613874898644704,0.19032561862131683
clay,19,-0.4623901838551303,0.6163385249868213,1.1614037122790957,0.3049331653330723
temp_ci_delta,19,0.08534654123101963,0.22499369821600465,0.32653381006927107,0.08170210805184203
rain_ci_delta,19,0.47878603146067683,1.4590678759587987,2.585856915467642,0.6892402791184867
evap_ci_delta,19,-0.06775451284019852,0.10372575589289648,0.24261157736160993,0.06667310646449308
ef_burn_crop_N2O_scale,19,-0.003638788124261405,0.003751511874069624,0.0025092708253813515,0.0005998161336373547
ef_burn_crop_CH4_scale,19,-0.013689076860133358,0.013890070420817597,0.009499423496897403,0.002588563420947336
ef_burn_tree_N2O_scale,19,0.005930618749461497,0.005930618749461497,0.00563285348959018,0.0016786507046321906
ef_burn_tree_CH4_scale,19,0.024203993628093657,0.024203993628093657,0.021380985297858247,0.0063565553522090855
ef_N_inputs,19,-0.061797025642770745,0.07935419754112356,0.06307492659435314,0.013681099573946334
combustion_factor_crop,19,-0.01590796550925274,0.01649480824505739,0.012651134309523039,0.003403241646915856
combustion_factor_tree,19,0.03250851413221408,0.03250851413221408,0.029922492382460985,0.008570178313223433
volatile_frac_organic_fertiliser,19,-0.002875425650973834,0.002875425650973834,0.00030556244209784564,8.220332913377019e-05
volatile_frac_synthetic_fertiliser,19,0.01629739688896296,0.01629739688896296,0.0016405654386363875,0.0005054828205225449
base_sf_qty_scale,19,-0.1298137469652645,0.1298137469652645,0.011684697112334365,0.0038287183019437045
proj_lit_qty_scale,19,0.0060319938440029615,0.010799318469077437,0.011398059317592918,0.0023015816786823183
base_stand_density_scale,19,0.0,0.0,0.0,0.0
proj_stand_density_scale,19,0.12801103988304116,0.8129179391494569,1.1104250157045785,0.24644361351851293
tree_wood_dens_sp1,19,0.30119244353521724,0.8487696022850273,1.015152474902662,0.19057444705735954
base_cover,19,0.24525234778624103,0.2730323134035051,0.45445786112860603,0.14855453584058065
base_fire_off,19,-0.02488531306065852,0.02488531306065852,0.08969221031413543,0.023475185917333725
base_fire_on,19,-0.03493285974000264,0.03493285974000264,0.005956144895642977,0.0018859905989437016
base_mortality,19,0.0,0.0,0.0,0.0
base_sf_n_delta,19,-0.1329016327182007,0.1329016327182007,0.01364616483361744,0.004551771405151922
base_thinning_delta,19,0.0,0.0,0.0,0.0
crop_base_left_delta,19,0.1018510167496703,0.1018510167496703,0.03708053558674691,0.011801012899661827
crop_base_yield_delta,19,0.010065369757708609,0.034014017513488835,0.04222664140564901,0.007760010792746286
crop_carbon_above_sp3,19,0.0028739978064422577,0.005558699879443907,0.0066268161964799744,0.0013373281600185742
crop_carbon_below_sp3,19,0.01251281113509809,0.013984090373357383,0.011331486970403837,0.0030580225500441757
crop_intercept_sp3,19,-0.0011353182527171295,0.00251523985160311,0.003543771089001371,0.0008619959561861899
crop_nitrogen_above_sp3,19,-0.002787944538038797,0.0029218895374222816,0.0021331911774848463,0.0006244334717797206
crop_nitrogen_below_sp3,19,-0.006290349959597841,0.006290349959597841,0.0010248475026810012,0.0003213931329965468
crop_carbon_above_sp10,19,0.03354892784058323,0.03354892784058323,0.012652826693090992,0.0038475034108510172
crop_carbon_below_sp10,19,0.013627078799400116,0.013627078799400116,0.006924632777438686,0.0019756338727208804
crop_intercept_sp10,19,0.00726319734653572,0.007865906926393738,0.00630686183003283,0.0016512323112587194
crop_nitrogen_above_sp10,19,-0.007081677975078958,0.007081677975078958,0.001432338465666082,0.00043741116246529574
crop_nitrogen_below_sp10,19,-0.004457407240105818,0.004457407240105818,0.0014506415250370443,0.0004333593057344215
crop_proj_left_delta,19,-0.014546576388927823,0.01745170025666797,0.01844100741187914,0.004310430070917928
crop_proj_yield_delta,19,0.13555569252762162,0.13636886583023322,0.05408031853880845,0.013641564133726407
crop_root_in_top_30,19,0.014979674954462197,0.01629682575164564,0.01344523286995221,0.004031835307583484
crop_root_to_shoot_sp3,19,0.006172154688761275,0.008035899955155171,0.00898190507980164,0.0022664393831144073
crop_slope_sp3,19,-0.00048233975262843286,0.0031804241253668847,0.005547272386767698,0.001375941372503777
crop_root_to_shoot_sp10,19,0.010280943507753377,0.010304660888742139,0.006190219553780872,0.0019954902220474377
crop_slope_sp10,19,0.009101638532180868,0.010911585080479503,0.010337924011705774,0.0024911310605277557
cy0_to_ceq_multiplier,19,-0.005859171573022878,0.008203504963626804,0.040469628746727056,0.012985583495090838
litter_carbon,19,-0.01952827053908123,0.01952827053908123,0.007454053401835384,0.0022134393835344375
litter_nitrogen,19,0.0238405814927581,0.0238405814927581,0.002622228051294042,0.0007248192172948972
mortality_fraction_branch_delta,19,-0.0026492618207441033,0.007176116403320815,0.010020957954683331,0.002012925908055162
mortality_fraction_croot_delta,19,-0.0008504175178436796,0.0027240457665125813,0.00479148941215512,0.0011908890285653704
mortality_fraction_froot_delta,19,5.227130242007882e-05,0.0014815325678040586,0.0022597748057086595,0.0005622447438150507
mortality_fraction_leaf_delta,19,-0.00046876686526334255,0.0026415962603287104,0.0039383248028128735,0.0008999609726098353
mortality_fraction_stem_delta,19,-0.008319863222485019,0.02188937263430731,0.03760630980997394,0.009238061606529725
pool_alloc_froot_sp1,19,0.016778858154717708,0.05937805776393795,0.09027154011763266,0.022785488404497425
pool_alloc_leaf_sp1,19,0.007454475223448415,0.1209164286291899,0.16682210922978286,0.032686862724149
pool_alloc_stem_sp1,19,0.29263467803145937,0.7110645193722969,0.9287918926848884,0.18700013296311702
pool_turnover_branch_sp1,19,0.37233523331856344,0.39195489617972945,0.4063478735716377,0.09822414540646662
pool_turnover_croot_sp1,19,-0.07771477564868076,0.10064115223097833,0.14870603467931567,0.04274911712844019
pool_turnover_froot_sp1,19,-0.01237918770070211,0.026732422980878856,0.04036428720464253,0.009311965336666606
pool_turnover_leaf_sp1,19,-0.0151985870053352,0.03509488993481438,0.05675293100859478,0.015392418643705214
pool_turnover_stem_sp1,19,9.481233548149984,10.46615926197146,13.97995773349327,3.9113227318747072
proj_cover,19,-0.31211149566557783,0.6792324565467827,1.712397950853939,0.5384730396412627
proj_fire_off,19,0.035880585691071054,0.035880585691071054,0.08438609015576848,0.02649264881855678
proj_fire_on,19,0.3361854753903776,0.3361854753903776,0.18799145168571374,0.06016853521566624
proj_mortality,19,0.5022058460194534,0.5218918978378613,0.7867575796395587,0.2357797790380603
proj_thinning_delta,19,9.992621752943894,10.200221006756376,13.598403365556093,4.0970069115669245
roth_c_cover_c,19,-0.0010360833004506797,0.007275470688447766,0.012460301538767317,0.0027858934030172322
roth_c_dpm_frac_crop,19,-0.005536118699910014,0.005536118699910014,0.007829321662713195,0.0025399128936430706
roth_c_dpm_frac_tree,19,-0.014524425989722872,0.0271104372554594,0.029903742411941558,0.005345028654969477
roth_c_moisture_b_slope,19,-0.04687182399513669,0.3335984449634929,0.574736778701789,0.14000189177880862
roth_c_temp_a1,19,0.12533670212333894,0.2723511060964589,0.3646870211098115,0.07383658140889782
roth_c_temp_a2,19,-0.013838596188420893,0.45645562227143166,0.6068777922282379,0.12431538854374079
thinning_fraction_branch_delta,19,0.027832509745923616,0.027832509745923616,0.022265790374222095,0.006748706717944997
thinning_fraction_croot_delta,19,0.009980306616623691,0.009980306616623691,0.0075216288080704,0.002119935761464695
thinning_fraction_froot_delta,19,0.005754928877240451,0.005754928877240451,0.0045862061479524634,0.0012823241428676045
thinning_fraction_leaf_delta,19,0.008615943479273549,0.008615943479273549,0.006984297420058029,0.002251387538677366
thinning_fraction_stem_delta,19,0.05148020009248968,0.05148020009248968,0.04536143274286843,0.013938075154114824
tree_carbon_sp1,19,0.05553508828242222,0.9752225522465701,1.522605731524734,0.3429333906036967
tree_nitrogen_branch_sp1,19,0.001409046871201125,0.001409046871201125,0.0006367312186173959,0.0001723820235819557
tree_nitrogen_croot_sp1,19,0.0009705268124224953,0.0009705268124224953,0.0013273564199679983,0.0003911082208049431
tree_nitrogen_froot_sp1,19,0.02593283935956196,0.02593283935956196,0.02132707552684187,0.006717116521840273
tree_nitrogen_leaf_sp1,19,0.041165367955203286,0.041165367955203286,0.03718878045510046,0.011120639247399538
tree_nitrogen_stem_sp1,19,0.0030802181502788185,0.0030802181502788185,0.0016032760460550554,0.0005339804516134118
tree_root_in_top_30,19,-0.01789351680444399,0.08724311732876078,0.13423438152077014,0.029802588601692246
tree_root_to_shoot_sp1,19,-0.0009000969839983747,0.11416646297122841,0.18454867994752971,0.04052534803844728
cy0,20,-0.1445037220414243,0.30791461999082276,0.6865727359145217,0.1718491808554769
clay,20,-0.4354515039818513,0.6115063179617152,1.1767852408341892,0.3056268031702838
temp_ci_delta,20,0.09657805766567859,0.2254099506949844,0.32649643328015543,0.08227719961475052
rain_ci_delta,20,0.5302078068118837,1.4052766504220766,2.471607620259617,0.6528362276194964
evap_ci_delta,20,-0.069630554545999,0.097669690344213,0.22917011509294424,0.0641555596943613
ef_burn_crop_N2O_scale,20,-0.003638788124261272,0.0037515118740694907,0.002509270825381449,0.0005998161336374272
ef_burn_crop_CH4_scale,20,-0.013689076860133518,0.01389007042081782,0.009499423496897625,0.002588563420947456
ef_burn_tree_N2O_scale,20,0.005818984711506052,0.005818984711506052,0.0057036502325568126,0.0017033790377759218
ef_burn_tree_CH4_scale,20,0.023847464807150554,0.023847464807150554,0.02156491627087666,0.006394209137007457
ef_N_inputs,20,-0.06224503183303692,0.0814705368716519,0.06606306927943331,0.014073366551745958
combustion_factor_crop,20,-0.015907965509252674,0.016494808245057325,0.012651134309523183,0.003403241646915908
combustion_factor_tree,20,0.03207572969698757,0.03207572969698757,0.030613486032276146,0.008778645725571802
volatile_frac_organic_fertiliser,20,-0.0028754256509739007,0.0028754256509739007,0.0003055624420978017,8.220332913378414e-05
volatile_frac_synthetic_fertiliser,20,0.016297396888962985,0.016297396888962985,0.0016405654386363673,0.0005054828205225388
base_sf_qty_scale,20,-0.1298137469652644,0.1298137469652644,0.011684697112334762,0.0038287183019439105
proj_lit_qty_scale,20,0.00689420031619693,0.011197522013550131,0.011289939005721908,0.002276593861383479
base_stand_density_scale,20,0.0,0.0,0.0,0.0
proj_stand_density_scale,20,0.09284396500983325,0.7911175581106646,1.119443634950527,0.25753335112878456
tree_wood_dens_sp1,20,0.26374904328925414,0.8172323750475574,1.0089524079350118,0.19609917471755492
base_cover,20,0.2107000410065468,0.25223567162796484,0.42745488053442043,0.1371846610924507
base_fire_off,20,-0.02488531306065852,0.02488531306065852,0.08969221031413543,0.023475185917333725
base_fire_on,20,-0.03493285974000295,0.03493285974000295,0.005956144895643145,0.0018859905989436754
base_mortality,20,0.0,0.0,0.0,0.0
base_sf_n_delta,20,-0.13290163271820074,0.13290163271820074,0.013646164833617363,0.004551771405151891
base_thinning_delta,20,0.0,0.0,0.0,0.0
crop_base_left_delta,20,0.09830647926256691,0.09830647926256691,0.03678045351838328,0.011721374692235907
crop_base_yield_delta,20,0.005582773686837012,0.034087253238691606,0.04209427397409377,0.007256838902319578
crop_carbon_above_sp3,20,0.002610913623389305,0.0054277527226637475,0.006600299114907084,0.001325235053755476
crop_carbon_below_sp3,20,0.011748689535652742,0.013434848058093671,0.011421664840173108,0.0030144893275303656
crop_intercept_sp3,20,-0.0011346291276021242,0.0024762061596446975,0.00350261625497427,0.0008570361952614792
crop_nitrogen_above_sp3,20,-0.0027879445380389056,0.0029218895374224564,0.002133191177484814,0.00062443347177967
crop_nitrogen_below_sp3,20,-0.006290349959597657,0.006290349959597657,0.0010248475026810849,0.0003213931329966101
crop_carbon_above_sp10,20,0.03201768862573767,0.03201768862573767,0.012451701050919984,0.003760938341995165
crop_carbon_below_sp10,20,0.012991227440793732,0.012991227440793732,0.006788866483977091,0.0019478585993683893
crop_intercept_sp10,20,0.006781394044234272,0.007533591312099646,0.00630385265433936,0.0016012144151674843
crop_nitrogen_above_sp10,20,-0.007081677975079158,0.007081677975079158,0.0014323384656657868,0.0004374111624651689
crop_nitrogen_below_sp10,20,-0.00445740724010561,0.00445740724010561,0.001450641525037179,0.0004333593057344882
crop_proj_left_delta,20,-0.014313770732358486,0.01725252058817269,0.018439830020190767,0.004285074983082889
crop_proj_yield_delta,20,0.1374241400091983,0.13812037991366394,0.05434636380518951,0.013746786230041788
crop_root_in_top_30,20,0.013643594402121631,0.015259488740898821,0.013492226867847257,0.004021366431752392
crop_root_to_shoot_sp3,20,0.005488221978380617,0.007723484883243567,0.008978202051699047,0.0021945960482617557
crop_slope_sp3,20,-0.0007949043016189678,0.0032781619020930326,0.005448643170101917,0.0013287859947854934
crop_root_to_shoot_sp10,20,0.009680373293114294,0.009725357355028604,0.006139841998695093,0.0019741213182757214
crop_slope_sp10,20,0.007729496467615143,0.01006788010947542,0.010118821237798788,0.0022961621470372314
cy0_to_ceq_multiplier,20,-0.004935098443172361,0.007056114183643145,0.03479860510724379,0.0111174726971804
litter_carbon,20,-0.018710138289758364,0.018710138289758364,0.00739079548439618,0.002199817799516661
litter_nitrogen,20,0.02384058149275815,0.02384058149275815,0.0026222280512939564,0.0007248192172948856
mortality_fraction_branch_delta,20,-0.0023186423897805174,0.006902526147825211,0.009788042506172892,0.0019868443617198353
mortality_fraction_croot_delta,20,-0.0008766767119002428,0.0027098716076885353,0.004882521924190595,0.0012270757199017122
mortality_fraction_froot_delta,20,5.6784053078554055e-05,0.0014628081984002978,0.002261484956557983,0.0005711650931672723
mortality_fraction_leaf_delta,20,-0.00046298454784105827,0.0026152491501741787,0.003948370471649899,0.0009115300052381052
mortality_fraction_stem_delta,20,-0.008813238250155852,0.021840809582956068,0.03846939746806167,0.009544127593255958
pool_alloc_froot_sp1,20,0.01552176290056267,0.05781366174860787,0.09054257957588738,0.02329353511752218
pool_alloc_leaf_sp1,20,0.005525184971823948,0.11739480928253616,0.1654471343554319,0.033459352580946414
pool_alloc_stem_sp1,20,0.2640389313877413,0.690705376110125,0.9240904189676581,0.1906429856900115
pool_turnover_branch_sp1,20,0.3675196311366288,0.3882195029750263,0.4177489711520912,0.100864381846449
pool_turnover_croot_sp1,20,-0.0726293394254405,0.09669228981543002,0.14775396576305108,0.042195996078479514
pool_turnover_froot_sp1,20,-0.01021699532127851,0.025552029023461965,0.040160383107888276,0.009077220530907914
pool_turnover_leaf_sp1,20,-0.013909761315960976,0.03499443335805105,0.0571685282266868,0.015581811931114067
pool_turnover_stem_sp1,20,9.435537275858078,10.482212665876562,14.304721741576088,4.0042932137210006
proj_cover,20,-0.29972919184759983,0.6598024166364022,1.61621152734086,0.5054403398264762
proj_fire_off,20,0.03588058569107109,0.03588058569107109,0.08438609015576849,0.026492648818556785
proj_fire_on,20,0.3319071202806647,0.3319071202806647,0.19636048673539827,0.06296255737621997
proj_mortality,20,0.5093680715398663,0.5295937346130619,0.8343748830586323,0.2515265403095984
proj_thinning_delta,20,9.805733787893411,10.041126953436988,13.987144261860747,4.212461790786944
roth_c_cover_c,20,-0.0012957885501087008,0.006836494681417116,0.011938806396374355,0.002766385968396739
roth_c_dpm_frac_crop,20,-0.004615940427574255,0.004615940427574255,0.006410021034990362,0.0020727581268080806
roth_c_dpm_frac_tree,20,-0.011591007864049175,0.024290005426594728,0.028696615509760336,0.005503560470102386
roth_c_moisture_b_slope,20,-0.03857676221860206,0.33595656999395307,0.5795630892598792,0.143707969303018
roth_c_temp_a1,20,0.13454974696684904,0.2678840009326456,0.3633771418828385,0.07617978146379167
roth_c_temp_a2,20,-0.046515828492113095,0.44988472909713006,0.6126732543787957,0.12960941199578332
thinning_fraction_branch_delta,20,0.019956371243336664,0.019956371243336664,0.01866979041208495,0.005901818006566116
thinning_fraction_croot_delta,20,0.006957552584026283,0.006957552584026283,0.005980192507882733,0.0017009898840252367
thinning_fraction_froot_delta,20,0.004147953634784646,0.004147953634784646,0.00346008999624463,0.000998386659180111
thinning_fraction_leaf_delta,20,0.006220251164582372,0.006220251164582372,0.005450648019201943,0.0016840519805713064
thinning_fraction_stem_delta,20,0.03540502237192543,0.03540502237192543,0.030435793049337065,0.009146194774677633
tree_carbon_sp1,20,0.009361087959397097,0.9540590208677993,1.5453837659720042,0.3577989728876695
tree_nitrogen_branch_sp1,20,0.0013773134249830787,0.0013773134249830787,0.0006616412423337365,0.00017947759773113433
tree_nitrogen_croot_sp1,20,0.0009676845727778383,0.0009676845727778383,0.0013866520994090283,0.00040922935603891286
tree_nitrogen_froot_sp1,20,0.02577177997676967,0.02577177997676967,0.02213073969539964,0.00697460966042811
tree_nitrogen_leaf_sp1,20,0.04105448456037043,0.04105448456037043,0.03902711150097334,0.011658492327087074
tree_nitrogen_stem_sp1,20,0.002986931511674873,0.002986931511674873,0.0016274311147992263,0.000541068407353617
tree_root_in_top_30,20,-0.02042190398457312,0.08549092496721197,0.13538515968151832,0.03076896210309082
tree_root_to_shoot_sp1,20,-0.0059513035304358695,0.111995877148753,0.1872848202624607,0.04211261129972813
cy0,21,-0.13065483534275385,0.288467350941906,0.6209761411295617,0.15505288903176964
clay,21,-0.4146673294299278,0.608747871126597,1.1981379100340905,0.30919168822058885
temp_ci_delta,21,0.1077676142675921,0.22534083390144874,0.3279130193570066,0.08414969896243873
rain_ci_delta,21,0.5837619459656954,1.3658176822190513,2.3778824420452156,0.6203689809554331
evap_ci_delta,21,-0.07246245823595172,0.09316659208777833,0.22242624509627348,0.06331480885342185
ef_burn_crop_N2O_scale,21,-0.0036387881242613052,0.003751511874069524,0.002509270825381518,0.0005998161336374119
ef_burn_crop_CH4_scale,21,-0.013689076860133301,0.013890070420817604,0.009499423496897861,0.0025885634209475202
ef_burn_tree_N2O_scale,21,0.0057188709257108145,0.0057188709257108145,0.005785666678825238,0.0017308934888401117
ef_burn_tree_CH4_scale,21,0.02353254631471389,0.02353254631471389,0.021802012330891435,0.006452189093452696
ef_N_inputs,21,-0.06258678838656465,0.08351728634214543,0.06910330615222424,0.014496200858311829
combustion_factor_crop,21,-0.015907965509253108,0.01649480824505769,0.012651134309522725,0.0034032416469158325
combustion_factor_tree,21,0.03169931148350831,0.03169931148350831,0.031337109555519285,0.008999805823036307
volatile_frac_organic_fertiliser,21,-0.002875425650973884,0.002875425650973884,0.0003055624420978008,8.220332913377103e-05
volatile_frac_synthetic_fertiliser,21,0.016297396888963055,0.016297396888963055,0.001640565438636328,0.000505482820522514
base_sf_qty_scale,21,-0.1298137469652645,0.1298137469652645,0.011684697112334571,0.0038287183019438116
proj_lit_qty_scale,21,0.007702619182520571,0.011614112317173025,0.011202209937659798,0.002242287308161457
base_stand_density_scale,21,0.0,0.0,0.0,0.0
proj_stand_density_scale,21,0.06911819037850168,0.7751524359188806,1.125876036181747,0.26578175415598015
tree_wood_dens_sp1,21,0.2364505019953446,0.7934741152726003,1.003637792520125,0.20002193128529
base_cover,21,0.17943844086258162,0.23785368937893372,0.40606229816351747,0.12654586983539773
base_fire_off,21,-0.024885313060658554,0.024885313060658554,0.08969221031413553,0.02347518591733375
base_fire_on,21,-0.03493285974000264,0.03493285974000264,0.0059561448956428654,0.0018859905989436262
base_mortality,21,0.0,0.0,0.0,0.0
base_sf_n_delta,21,-0.13290163271820102,0.13290163271820102,0.013646164833617198,0.004551771405151712
base_thinning_delta,21,0.0,0.0,0.0,0.0
crop_base_left_delta,21,0.0949593116794218,0.0949593116794218,0.03653710180345129,0.011655822261387847
crop_base_yield_delta,21,0.0013150059861343267,0.034160962833473835,0.04194107837598688,0.006972308580449502
crop_carbon_above_sp3,21,0.0023800368874749957,0.0053144527967840085,0.0065798134054877045,0.0013201440843350841
crop_carbon_below_sp3,21,0.011081882647310764,0.012950431010997738,0.011502346577511645,0.002988765630574026
crop_intercept_sp3,21,-0.001134212785009614,0.0024375898692361674,0.0034626642670280345,0.0008525589504365336
crop_nitrogen_above_sp3,21,-0.002787944538038989,0.0029218895374225062,0.002133191177484745,0.0006244334717797277
crop_nitrogen_below_sp3,21,-0.006290349959597949,0.006290349959597949,0.0010248475026806906,0.00032139313299640307
crop_carbon_above_sp10,21,0.030596314493250926,0.030596314493250926,0.012286819838568483,0.003689727983102713
crop_carbon_below_sp10,21,0.012402377161126127,0.012402377161126127,0.006672069455213399,0.0019244741989432057
crop_intercept_sp10,21,0.006330562231225428,0.007229494321864821,0.006309595330321326,0.001558279774427068
crop_nitrogen_above_sp10,21,-0.007081677975078954,0.007081677975078954,0.0014323384656659422,0.0004374111624652148
crop_nitrogen_below_sp10,21,-0.004457407240105743,0.004457407240105743,0.0014506415250371686,0.00043335930573449005
crop_proj_left_delta,21,-0.014013271055384646,0.016985102055937795,0.018376706327221,0.0042479125837633505
crop_proj_yield_delta,21,0.1392420447371356,0.139827182364777,0.05456867719276993,0.013840963992651304
crop_root_in_top_30,21,0.012437671361657068,0.014382896596565045,0.013554915833076815,0.003991411794940325
crop_root_to_shoot_sp3,21,0.004888285647051618,0.007449779362506878,0.008975344728918883,0.002144442394751193
crop_slope_sp3,21,-0.0010709916886754434,0.003365810282435261,0.005350636864927463,0.0012876041524160764
crop_root_to_shoot_sp10,21,0.0091193471020073,0.009184011605594209,0.006101170562069393,0.00195772648592593
crop_slope_sp10,21,0.006455259653485102,0.009319105969083275,0.009941864203892467,0.00213531975157928
cy0_to_ceq_multiplier,21,-0.004114412801271605,0.006204815378132988,0.029871069004020256,0.009492590977131692
litter_carbon,21,-0.01793579034634913,0.01793579034634913,0.00733557686807248,0.0021881541346137046
litter_nitrogen,21,0.023840581492758202,0.023840581492758202,0.002622228051294123,0.0007248192172949852
mortality_fraction_branch_delta,21,-0.0019622008285933024,0.00666481161655334,0.00958635363491719,0.0019622861712059346
mortality_fraction_croot_delta,21,-0.0008805873461907906,0.002698137233757518,0.004969980110657499,0.0012618017336976566
mortality_fraction_froot_delta,21,6.641833082423055e-05,0.0014498497833333513,0.002267343960791946,0.0005802088749896441
mortality_fraction_leaf_delta,21,-0.000445755176366483,0.0026047402913242394,0.003966624018396279,0.0009209684814216135
mortality_fraction_stem_delta,21,-0.0091557378740095,0.021771806240124154,0.03919421398054257,0.009786677776844518
pool_alloc_froot_sp1,21,0.014979997690249675,0.056775451425159384,0.09090029451334848,0.02369265844616937
pool_alloc_leaf_sp1,21,0.004631414295879882,0.11491856230034045,0.16459265296409845,0.03407444205372945
pool_alloc_stem_sp1,21,0.23617324967827286,0.6688124320488091,0.9177114827619005,0.19408111957900928
pool_turnover_branch_sp1,21,0.3603573395738181,0.3832341054210536,0.42793311535635253,0.10272579834024105
pool_turnover_croot_sp1,21,-0.06732251082069053,0.09319861227511152,0.14708759129987717,0.04168587221087232
pool_turnover_froot_sp1,21,-0.00792248820320049,0.024571021808192733,0.039914076781727294,0.008868921281870256
pool_turnover_leaf_sp1,21,-0.012380093286633153,0.03490118771179157,0.05750900151855242,0.015698943940381495
pool_turnover_stem_sp1,21,9.348858536595252,10.463851801723363,14.59020884867554,4.083094544406753
proj_cover,21,-0.29064663715400224,0.646495366491794,1.528910088598447,0.4718146429409689
proj_fire_off,21,0.035880585691070985,0.035880585691070985,0.0843860901557684,0.02649264881855675
proj_fire_on,21,0.32807748955051363,0.32807748955051363,0.2047937142075553,0.06577472409711815
proj_mortality,21,0.5153002488827788,0.5374078090120883,0.8832247253182832,0.26746666536376995
proj_thinning_delta,21,9.67076980157979,9.95683590571175,14.331845916439999,4.310503820074668
roth_c_cover_c,21,-0.0014348509058497994,0.007303007931355171,0.01220254956287324,0.002778400724531519
roth_c_dpm_frac_crop,21,-0.003913978930203746,0.003916333735701408,0.005273866823485544,0.0017005668018777165
roth_c_dpm_frac_tree,21,-0.009653965597104606,0.022483109016246082,0.02784343251242037,0.005642907474429359
roth_c_moisture_b_slope,21,-0.03782348955705339,0.3376983711955973,0.5860022101989449,0.14688126256057857
roth_c_temp_a1,21,0.14201375704490282,0.26822032582852723,0.36789881180637785,0.07900858246975442
roth_c_temp_a2,21,-0.07327126404900762,0.443832021887996,0.6146195688772932,0.1342221147522887
thinning_fraction_branch_delta,21,0.0158843081883099,0.0158843081883099,0.016625920202328465,0.005389112678070821
thinning_fraction_croot_delta,21,0.005474339059342326,0.00558101930122531,0.005313863583580686,0.0015273490786934661
thinning_fraction_froot_delta,21,0.003246621750670539,0.003246621750670539,0.0028714122726758527,0.000843312223840225
thinning_fraction_leaf_delta,21,0.005014341339311798,0.005014341339311798,0.004846301588033363,0.0014599343653768557
thinning_fraction_stem_delta,21,0.027213047156579427,0.02762864569182578,0.025461243366421683,0.00767246381145833
tree_carbon_sp1,21,-0.026364187743830408,0.9396460079207263,1.5682226656602147,0.37095376860789425
tree_nitrogen_branch_sp1,21,0.0013472904397905995,0.0013472904397905995,0.0006854562353793502,0.00018634911997617536
tree_nitrogen_croot_sp1,21,0.000966282539679128,0.000966282539679128,0.001447917485851265,0.00042792729461317927
tree_nitrogen_froot_sp1,21,0.02564010241568109,0.02564010241568109,0.022934348401188822,0.007231910232387498
tree_nitrogen_leaf_sp1,21,0.04099645486618419,0.04099645486618419,0.040890882491755993,0.012202398061557972
tree_nitrogen_stem_sp1,21,0.002902942264695929,0.002902942264695929,0.001652670591873527,0.0005483541659200459
tree_root_in_top_30,21,-0.021447726505098623,0.08475342967605921,0.1368930047575254,0.03154553675713093
tree_root_to_shoot_sp1,21,-0.00991812063473373,0.1103575429232091,0.18999861857588102,0.043534174091263714
cy0,22,-0.11765294843887009,0.2721913996974649,0.5643931662774168,0.1399821732343912
clay,22,-0.3747145987960154,0.6068138790987815,1.2155545748159597,0.3099652880564547
temp_ci_delta,22,0.1065595481658164,0.2232093791931257,0.3300303620739844,0.08518300105622144
rain_ci_delta,22,0.5779976047485406,1.3034260366456532,2.2799133563816136,0.5897416822293592
evap_ci_delta,22,-0.06960590895880495,0.08862295441456058,0.21380852478640974,0.061425628946451434
ef_burn_crop_N2O_scale,22,-0.0039499732468002095,0.004030217422208493,0.002500904991259276,0.0006045975340585384
ef_burn_crop_CH4_scale,22,-0.014834613573783148,0.014975786882222472,0.009501749994655338,0.0026422060556692954
ef_burn_tree_N2O_scale,22,0.005629020072573501,0.005629020072573501,0.005877904325018239,0.0017609596525506156
ef_burn_tree_CH4_scale,22,0.023255098277218084,0.023255098277218084,0.02208861166852128,0.006528997217308292
ef_N_inputs,22,-0.0673690134959019,0.0890740194087543,0.07209780709902507,0.0148048228622366
combustion_factor_crop,22,-0.017322292429776433,0.017762096117359127,0.01270621612105918,0.0034883349075351296
combustion_factor_tree,22,0.031373006358571695,0.031373006358571695,0.03209039731716415,0.009232354032045883
volatile_frac_organic_fertiliser,22,-0.002875425650974067,0.002875425650974067,0.0003055624420978545,8.220332913380093e-05
volatile_frac_synthetic_fertiliser,22,0.016297396888962846,0.016297396888962846,0.0016405654386363378,0.0005054828205225402
base_sf_qty_scale,22,-0.12981374696526427,0.12981374696526427,0.011684697112334573,0.0038287183019438007
proj_lit_qty_scale,22,0.008463252134375149,0.012015342570112868,0.011128546668672055,0.0022303185459211475
base_stand_density_scale,22,0.0,0.0,0.0,0.0
proj_stand_density_scale,22,0.05136880348746613,0.7620647973093598,1.1306533753455184,0.2723752175352945
tree_wood_dens_sp1,22,0.2147670065308566,0.7739697895591082,0.9988864537449034,0.2031023957289126
base_cover,22,0.15118319782704265,0.22451627955588632,0.38963542763212494,0.1180633120445734
base_fire_off,22,-0.02488531306065852,0.02488531306065852,0.08969221031413543,0.023475185917333725
base_fire_on,22,-0.034932859740002806,0.034932859740002806,0.005956144895643132,0.0018859905989437055
base_mortality,22,0.0,0.0,0.0,0.0
base_sf_n_delta,22,-0.1329016327182008,0.1329016327182008,0.013646164833617084,0.004551771405151654
base_thinning_delta,22,0.0,0.0,0.0,0.0
crop_base_left_delta,22,0.0917932600049344,0.0917932600049344,0.03633504165480334,0.011599895904059871
crop_base_yield_delta,22,-0.0027515080313990693,0.034476978961411324,0.041763488491375414,0.006804293203249378
crop_carbon_above_sp3,22,0.014368788502929011,0.014508543359057926,0.00578060014162089,0.0018059014128150074
crop_carbon_below_sp3,22,0.047272629455939894,0.047272629455939894,0.011916721290002003,0.003858836100669234
crop_intercept_sp3,22,-0.0011327089004841613,0.0023980387477616468,0.003422537054944571,0.0008482353877149691
crop_nitrogen_above_sp3,22,-0.004192904129059438,0.004202156345794095,0.002013372278427488,0.0006350256518791396
crop_nitrogen_below_sp3,22,-0.009395530786934078,0.009395530786934078,0.001373147458225841,0.0004214654685625818
crop_carbon_above_sp10,22,0.029271128340896735,0.029271128340896735,0.012146061113715972,0.003629698018167425
crop_carbon_below_sp10,22,0.011855030329320757,0.011855030329320757,0.00656958955282982,0.0019041372647904075
crop_intercept_sp10,22,0.005906299861282618,0.0070316775087056445,0.006322387096906651,0.0014893005949803766
crop_nitrogen_above_sp10,22,-0.007081677975078871,0.007081677975078871,0.0014323384656657397,0.00043741116246512313
crop_nitrogen_below_sp10,22,-0.004457407240105735,0.004457407240105735,0.0014506415250372972,0.0004333593057344875
crop_proj_left_delta,22,0.008928280251288011,0.014576424502216046,0.015243515917894369,0.0030386966782266194
crop_proj_yield_delta,22,0.14100343150393593,0.14148301280367642,0.054753970098923826,0.01392529436817022
crop_root_in_top_30,22,0.04350298787186428,0.04350298787186428,0.015008630718490085,0.004979767400197638
crop_root_to_shoot_sp3,22,0.03655437953476949,0.03655437953476949,0.011034735368788615,0.00323651257991556
crop_slope_sp3,22,0.010416372611122932,0.010416372611122932,0.005311762721633312,0.0015260048518601348
crop_root_to_shoot_sp10,22,0.008592427979761197,0.008675325782721144,0.006070424904370333,0.0019447784354325419
crop_slope_sp10,22,0.0052668857511539244,0.008742107513369466,0.009796126492694755,0.001996526753217374
cy0_to_ceq_multiplier,22,-0.0033856598490252547,0.005521839097721912,0.02559541607561459,0.00808421638613232
litter_carbon,22,-0.01720168292729186,0.01720168292729186,0.007285224758748282,0.0021775556277162196
litter_nitrogen,22,0.02384058149275809,0.02384058149275809,0.002622228051294131,0.0007248192172949393
mortality_fraction_branch_delta,22,-0.0016082670840355056,0.006489232680670851,0.00940363761056175,0.0019386795200202795
mortality_fraction_croot_delta,22,-0.0008733039980310095,0.0026831554331290296,0.005055830633070243,0.0012954728161161673
mortality_fraction_froot_delta,22,7.714225337779879e-05,0.0014388554150873423,0.002275470278815622,0.000589512320283431
mortality_fraction_leaf_delta,22,-0.00042442264485541005,0.0025985250572553575,0.003988510583253468,0.0009300789701766848
mortality_fraction_stem_delta,22,-0.009413527467995822,0.021689860347155747,0.03982764688469487,0.009990524530784436
pool_alloc_froot_sp1,22,0.014769004722182778,0.05600208591987339,0.09132477833981158,0.0240426069763935
pool_alloc_leaf_sp1,22,0.004202173745540205,0.1132988607804154,0.164081209139626,0.034512265487590725
pool_alloc_stem_sp1,22,0.209723101523201,0.6463324650658555,0.9104999980041998,0.19741323696233476
pool_turnover_branch_sp1,22,0.3520093883034714,0.377437832663174,0.4367863190725492,0.10404298896703328
pool_turnover_croot_sp1,22,-0.06220029448728716,0.09006735934358931,0.1466786481524266,0.0413037403183116
pool_turnover_froot_sp1,22,-0.005679893805941194,0.023975453603978535,0.039628676221004216,0.00868401338590718
pool_turnover_leaf_sp1,22,-0.010801524324015946,0.034750822535936456,0.05778897722545795,0.015796444295489574
pool_turnover_stem_sp1,22,9.246006705076592,10.42933476779673,14.839617606073398,4.150213037842015
proj_cover,22,-0.2332590134419811,0.609533455650131,1.431601220243698,0.43756037671371206
proj_fire_off,22,0.03348483420034655,0.03348483420034655,0.08017837640439104,0.02525629079929045
proj_fire_on,22,0.3232485764291287,0.3232485764291287,0.21326357312534663,0.0685839704513595
proj_mortality,22,0.5208727400075925,0.5464321676713644,0.9329405041883962,0.28376709276593065
proj_thinning_delta,22,9.564075403333968,9.90119101835223,14.646187620319667,4.399164256155211
roth_c_cover_c,22,-0.0017742732806555362,0.007778351052848053,0.012996511010230557,0.0029856687713514813
roth_c_dpm_frac_crop,22,-0.03744672585492674,0.03744672585492674,0.007192633628137492,0.002190336324972645
roth_c_dpm_frac_tree,22,-0.00826345463656114,0.021294729295881998,0.027200271590973827,0.0057223578980030235
roth_c_moisture_b_slope,22,-0.0295874095607426,0.3370491149739768,0.5932762918335893,0.14995944479104056
roth_c_temp_a1,22,0.13451605329792793,0.2648203825937786,0.37551710977296177,0.08170568883106542
roth_c_temp_a2,22,-0.06596720068343713,0.42934881594180646,0.6125277444778123,0.13769824193353503
thinning_fraction_branch_delta,22,0.01355816831786722,0.01355816831786722,0.015201838971453845,0.004961991209814826
thinning_fraction_croot_delta,22,0.004677554605347861,0.004874940541166989,0.004916577731400207,0.0014112390365860388
thinning_fraction_froot_delta,22,0.0027092302638755533,0.0027092302638755533,0.002547040613529494,0.0007573430043955737
thinning_fraction_leaf_delta,22,0.004369224019177916,0.004369224019177916,0.004582022907451269,0.0013693569827857596
thinning_fraction_stem_delta,22,0.022695227017840058,0.02431757823671561,0.024865276206776636,0.007296318442425011
tree_carbon_sp1,22,-0.05603288858311227,0.9286765464984399,1.5902849535172914,0.3828003373580684
tree_nitrogen_branch_sp1,22,0.0013188753954854998,0.0013188753954854998,0.0007082469905397867,0.0001929942024699655
tree_nitrogen_croot_sp1,22,0.0009661896314723251,0.0009661896314723251,0.0015110118210301558,0.0004471622131816388
tree_nitrogen_froot_sp1,22,0.02553450714218421,0.02553450714218421,0.02373811307456603,0.007489085446514597
tree_nitrogen_leaf_sp1,22,0.04098621027710297,0.04098621027710297,0.04277912003253043,0.012752167439084968
tree_nitrogen_stem_sp1,22,0.002827058687751902,0.002827058687751902,0.0016789694229622674,0.0005558596239443874
tree_root_in_top_30,22,-0.021752677145902607,0.08446902613276001,0.13855292029329994,0.03223528769079462
tree_root_to_shoot_sp1,22,-0.013215188732799716,0.10900270740038172,0.1925928053526264,0.044818368127151155
cy0,23,-0.105451835143902,0.2603583525749814,0.5165996964964538,0.1266528109829364
clay,23,-0.3597347455833916,0.6066070792140111,1.241864303419598,0.3163928538120066
temp_ci_delta,23,0.11202481336292354,0.22137557607024858,0.3323498878171982,0.08764684635781513
rain_ci_delta,23,0.596501597985402,1.2550188129079107,2.2101918830912113,0.5690402105997187
evap_ci_delta,23,-0.07023281408277804,0.08619042830402121,0.21227322089008938,0.06138500504408619
ef_burn_crop_N2O_scale,23,-0.003949973246800034,0.004030217422208252,0.0025009049912594547,0.0006045975340585913
ef_burn_crop_CH4_scale,23,-0.014834613573783106,0.014975786882222498,0.009501749994655499,0.0026422060556694476
ef_burn_tree_N2O_scale,23,0.005548333141720073,0.005548333141720073,0.005979437816055793,0.0017933626431749985
ef_burn_tree_CH4_scale,23,0.023011428798133705,0.023011428798133705,0.022421166379471846,0.006623190269535354
ef_N_inputs,23,-0.06753137690438146,0.09100319833011719,0.07523808634423662,0.015262539291867258
combustion_factor_crop,23,-0.017322292429776256,0.01776209611735905,0.012706216121059561,0.00348833490753513
combustion_factor_tree,23,0.031091324092373206,0.031091324092373206,0.03287063005562151,0.009475113742751052
volatile_frac_organic_fertiliser,23,-0.0028754256509740173,0.0028754256509740173,0.00030556244209789345,8.220332913381906e-05
volatile_frac_synthetic_fertiliser,23,0.016297396888963027,0.016297396888963027,0.0016405654386363714,0.0005054828205225487
base_sf_qty_scale,23,-0.12981374696526476,0.12981374696526476,0.01168469711233422,0.003828718301943645
proj_lit_qty_scale,23,0.00918094747151047,0.01242428758616324,0.011064256836924687,0.0022288657108455573
base_stand_density_scale,23,0.0,0.0,0.0,0.0
proj_stand_density_scale,23,0.037161640981736924,0.7505073712151532,1.1341308687973324,0.277838953823443
tree_wood_dens_sp1,23,0.19670710084691384,0.7570503290109882,0.9943102555051532,0.20560349904012257
base_cover,23,0.12567551283960535,0.21769094817890275,0.3774865062988525,0.11183924246632854
base_fire_off,23,-0.024885313060658536,0.024885313060658536,0.08969221031413546,0.02347518591733373
base_fire_on,23,-0.0349328597400026,0.0349328597400026,0.00595614489564277,0.0018859905989435843
base_mortality,23,0.0,0.0,0.0,0.0
base_sf_n_delta,23,-0.1329016327182003,0.1329016327182003,0.013646164833617384,0.004551771405151887
base_thinning_delta,23,0.0,0.0,0.0,0.0
crop_base_left_delta,23,0.08879507513052029,0.08879507513052029,0.03616275729578067,0.01155044045889282
crop_base_yield_delta,23,-0.006629194243826653,0.03505682517280889,0.041561316207169643,0.0066629803937699
crop_carbon_above_sp3,23,0.009578222882596268,0.010012044588304117,0.005749595207344686,0.0016246029570776898
crop_carbon_below_sp3,23,0.03279601971530175,0.03279601971530175,0.011634708257709618,0.0037942636867155824
crop_intercept_sp3,23,-0.0011311601529468362,0.0023610231422165396,0.0033824567391632122,0.0008434289614263045
crop_nitrogen_above_sp3,23,-0.004192904129059446,0.004202156345794137,0.002013372278427567,0.0006350256518791226
crop_nitrogen_below_sp3,23,-0.00939553078693422,0.00939553078693422,0.0013731474582257402,0.0004214654685625746
crop_carbon_above_sp10,23,0.028030369452201408,0.028030369452201408,0.012022015321002725,0.0035781651776451693
crop_carbon_below_sp10,23,0.011344526116990817,0.011344526116990817,0.006478105834086331,0.0018860084115832217
crop_intercept_sp10,23,0.00550702068474076,0.0068763871978251845,0.006340333674608827,0.0014270018170363062
crop_nitrogen_above_sp10,23,-0.007081677975079054,0.007081677975079054,0.0014323384656656922,0.0004374111624651253
crop_nitrogen_below_sp10,23,-0.004457407240105618,0.004457407240105618,0.0014506415250372625,0.00043335930573447747
crop_proj_left_delta,23,0.00043717225457641783,0.01058651014922805,0.014581562144545755,0.002767419715590367
crop_proj_yield_delta,23,0.14270509921802618,0.14308443607593765,0.054907940166901745,0.014000848252791218
crop_root_in_top_30,23,0.02878799642215867,0.02878799642215867,0.015082802882639834,0.005004736348046357
crop_root_to_shoot_sp3,23,0.022014714674139103,0.022014714674139103,0.010954353292657244,0.0032800654053690226
crop_slope_sp3,23,0.004304488922263169,0.004703070632221282,0.005180694210546835,0.0013773141355336845
crop_root_to_shoot_sp10,23,0.008095667889389535,0.00819548881789096,0.006045623358913372,0.0019344479361058865
crop_slope_sp10,23,0.0041543832798242395,0.008333295452176533,0.009672389510444654,0.0018543541500170388
cy0_to_ceq_multiplier,23,-0.0027385689194699774,0.00505869856990904,0.02189916392563277,0.006882918350480642
litter_carbon,23,-0.016504706452549325,0.016504706452549325,0.00723746060142399,0.0021673711238631363
litter_nitrogen,23,0.0238405814927581,0.0238405814927581,0.002622228051294003,0.0007248192172949165
mortality_fraction_branch_delta,23,-0.0012689933319810665,0.00636447113718171,0.009233332483565821,0.0019136422653410288
mortality_fraction_croot_delta,23,-0.0008604359285681068,0.0026708457659205625,0.005140857585217333,0.0013269772385688262
mortality_fraction_froot_delta,23,8.753864609371553e-05,0.0014282907948682977,0.0022848193998800848,0.0005989764901960026
mortality_fraction_leaf_delta,23,-0.0004020817972241464,0.0025935958229903965,0.004011390604821073,0.0009389136174598484
mortality_fraction_stem_delta,23,-0.009619109841657095,0.02159921215973818,0.040395636474334,0.010168760638885685
pool_alloc_froot_sp1,23,0.014716849805439237,0.05537071560268454,0.09179417473688262,0.024366015329688306
pool_alloc_leaf_sp1,23,0.0039835780221281255,0.11217101731150467,0.16378408282412374,0.03487580108515349
pool_alloc_stem_sp1,23,0.1849753699957258,0.6237070366724019,0.9025585909152928,0.20051717681284156
pool_turnover_branch_sp1,23,0.34295013180650336,0.3707912797073246,0.4441957141386749,0.10511838090510492
pool_turnover_croot_sp1,23,-0.057410686747193296,0.08744756386919247,0.14650150717774071,0.04102332271938706
pool_turnover_froot_sp1,23,-0.0035628658378412613,0.02345014959823826,0.0393128243475145,0.008530548837654342
pool_turnover_leaf_sp1,23,-0.00925571746258538,0.034779256016742796,0.058025558438957354,0.01583285018532647
pool_turnover_stem_sp1,23,9.135809693753021,10.382763433703213,15.053891160789536,4.206748821233988
proj_cover,23,-0.20663575479938462,0.5807755442322012,1.3515305556453285,0.40884915068558336
proj_fire_off,23,0.033484834200346654,0.033484834200346654,0.0801783764043914,0.025256290799290617
proj_fire_on,23,0.3201650333665545,0.3201650333665545,0.2218498719904229,0.07143932635294313
proj_mortality,23,0.5263985027841337,0.5551370378832512,0.9832600849276423,0.3003531149974807
proj_thinning_delta,23,9.472940774801085,9.85406238708143,14.934256396716867,4.480137429984096
roth_c_cover_c,23,-0.0019029670013607307,0.008191020356089044,0.014053747690342283,0.00328758597310882
roth_c_dpm_frac_crop,23,-0.02295936942098289,0.02295936942098289,0.011088368673126953,0.0034564934884266955
roth_c_dpm_frac_tree,23,-0.007191478629672185,0.020395293411106272,0.026689426175457973,0.005783780097105991
roth_c_moisture_b_slope,23,-0.032298794823068674,0.3340181138918377,0.5928560546221837,0.1501230660547441
roth_c_temp_a1,23,0.135747466082614,0.26426299305250023,0.3832082154645976,0.08488356041162468
roth_c_temp_a2,23,-0.07473481481402486,0.41766837369289195,0.6095898400171199,0.14094568225381154
thinning_fraction_branch_delta,23,0.012095681428036898,0.012095681428036898,0.014103445137658285,0.004583805079211484
thinning_fraction_croot_delta,23,0.004207142074562464,0.004448321137332523,0.004641477751425024,0.0013237111717220563
thinning_fraction_froot_delta,23,0.0023703153742562324,0.0023703153742562324,0.0023588599417635314,0.0007098385724404884
thinning_fraction_leaf_delta,23,0.0040001638246778114,0.0040001638246778114,0.004427089368638502,0.0013233821168157861
thinning_fraction_stem_delta,23,0.020002229989567657,0.023588814563763418,0.025561832343091923,0.006605748990329574
tree_carbon_sp1,23,-0.0816395189760676,0.9196058443927464,1.6110051023326948,0.39350016517964465
tree_nitrogen_branch_sp1,23,0.0012919673454091646,0.0012919673454091646,0.0007300895413585443,0.00019941656719393952
tree_nitrogen_croot_sp1,23,0.0009672850083471046,0.0009672850083471046,0.001575779790463831,0.0004668893709290307
tree_nitrogen_froot_sp1,23,0.025452050029973573,0.025452050029973573,0.024541833853738794,0.007746070809478688
tree_nitrogen_leaf_sp1,23,0.04101901945000492,0.04101901945000492,0.04468997687523526,0.013307361349384341
tree_nitrogen_stem_sp1,23,0.002758268964163274,0.002758268964163274,0.001706317422465099,0.000563601874379652
tree_root_in_top_30,23,-0.021703672780576052,0.08452743816693883,0.14025956722108296,0.032842467579756514
tree_root_to_shoot_sp1,23,-0.016045902220725643,0.10780983178603876,0.19500133858446278,0.045976229960521454
cy0,24,-0.09400842424555592,0.2519101566640375,0.47731388021667776,0.11568421301866329
clay,24,-0.3486411703231976,0.6081791346656417,1.2698133699515453,0.32325016825431524
temp_ci_delta,24,0.1193371095065952,0.2194912736566422,0.33525798119943384,0.09051873372698434
rain_ci_delta,24,0.6237690610284842,1.2175172150402014,2.1569737590095475,0.552893012970735
evap_ci_delta,24,-0.07218282988700558,0.08553823656674892,0.21323429474657865,0.06194693900400066
ef_burn_crop_N2O_scale,24,-0.003949973246800359,0.0040302174222084765,0.002500904991259355,0.0006045975340585845
ef_burn_crop_CH4_scale,24,-0.014834613573783148,0.01497578688222254,0.009501749994655693,0.002642206055669456
ef_burn_tree_N2O_scale,24,0.005475841911184107,0.005475841911184107,0.006089384174230709,0.001827896286052755
ef_burn_tree_CH4_scale,24,0.022798215533870358,0.022798215533870358,0.022796154917051437,0.006733351421202556
ef_N_inputs,24,-0.06761876774445737,0.092881471589309,0.07842272656221295,0.015755546066196235
combustion_factor_crop,24,-0.017322292429776464,0.01776209611735926,0.012706216121058957,0.003488334907535018
combustion_factor_tree,24,0.030849402168244378,0.030849402168244378,0.03367519206897211,0.009726983929463454
volatile_frac_organic_fertiliser,24,-0.0028754256509740004,0.0028754256509740004,0.0003055624420979114,8.220332913382498e-05
volatile_frac_synthetic_fertiliser,24,0.016297396888963027,0.016297396888963027,0.0016405654386364682,0.0005054828205225586
base_sf_qty_scale,24,-0.1298137469652642,0.1298137469652642,0.011684697112334497,0.0038287183019437947
proj_lit_qty_scale,24,0.009859772734203447,0.012821683784936883,0.011005904713717657,0.0022411337755735964
base_stand_density_scale,24,0.0,0.0,0.0,0.0
proj_stand_density_scale,24,0.025359071470360844,0.7402920652697961,1.1363224315645806,0.28232961734123085
tree_wood_dens_sp1,24,0.1813009362508482,0.7418138912131751,0.9895381094190141,0.2076031912599453
base_cover,24,0.10267899044658288,0.21470275045477086,0.3689139577581995,0.10700047463773682
base_fire_off,24,-0.024885313060658505,0.024885313060658505,0.08969221031413536,0.023475185917333705
base_fire_on,24,-0.03493285974000271,0.03493285974000271,0.005956144895642851,0.0018859905989436292
base_mortality,24,0.0,0.0,0.0,0.0
base_sf_n_delta,24,-0.13290163271820105,0.13290163271820105,0.013646164833617068,0.004551771405151673
base_thinning_delta,24,0.0,0.0,0.0,0.0
crop_base_left_delta,24,0.08595196754351701,0.08595196754351701,0.03601068892626923,0.011504915657432668
crop_base_yield_delta,24,-0.010327081221777196,0.0356543280339955,0.04133380668977094,0.0067091945569554565
crop_carbon_above_sp3,24,0.007543437806344857,0.008175454969087328,0.005687850875511135,0.0015178840421227167
crop_carbon_below_sp3,24,0.02661699830505338,0.02661699830505338,0.011543421600937832,0.0037748802204593044
crop_intercept_sp3,24,-0.0011287837244698174,0.0023247347735010472,0.0033417123193237863,0.0008382475315815589
crop_nitrogen_above_sp3,24,-0.004192904129059163,0.00420215634579382,0.0020133722784272637,0.0006350256518790059
crop_nitrogen_below_sp3,24,-0.009395530786933937,0.009395530786933937,0.0013731474582259397,0.0004214654685626525
crop_carbon_above_sp10,24,0.026864876013470318,0.026864876013470318,0.011906863055603746,0.0035323625321314073
crop_carbon_below_sp10,24,0.010866097175368619,0.010866097175368619,0.006394838682192455,0.00186941376374017
crop_intercept_sp10,24,0.005130070506011239,0.006730375796085283,0.0063616327294249335,0.0013751760124714179
crop_nitrogen_above_sp10,24,-0.007081677975079079,0.007081677975079079,0.001432338465665665,0.0004374111624651182
crop_nitrogen_below_sp10,24,-0.00445740724010586,0.00445740724010586,0.001450641525037168,0.00043335930573447026
crop_proj_left_delta,24,-0.002852935687998165,0.010264729229073372,0.014654051988961905,0.00298541877642553
crop_proj_yield_delta,24,0.14434578678394808,0.1446298806951833,0.05503501829979176,0.014068530728936761
crop_root_in_top_30,24,0.022415463983379805,0.02245421746942889,0.014887004161769213,0.00491485792298546
crop_root_to_shoot_sp3,24,0.015926638313609805,0.015980600881513436,0.010756225551593654,0.0032369158098095835
crop_slope_sp3,24,0.0016840388692444558,0.0034348559063140634,0.0050551079485127905,0.0011734022227261065
crop_root_to_shoot_sp10,24,0.00762583697773699,0.007741348208240141,0.006024891162606173,0.0019260259927283943
crop_slope_sp10,24,0.0031089231397829014,0.00798432913064446,0.009565649701647007,0.0017481804033195347
cy0_to_ceq_multiplier,24,-0.002163796330845821,0.004737649378681727,0.018722797584072564,0.005828927330879214
litter_carbon,24,-0.015842265161290208,0.015842265161290208,0.007190681908815257,0.002157174869415187
litter_nitrogen,24,0.023840581492758126,0.023840581492758126,0.0026222280512942088,0.000724819217294967
mortality_fraction_branch_delta,24,-0.0009490895916174802,0.006255291817181064,0.009071048663605492,0.0018916415977453121
mortality_fraction_croot_delta,24,-0.0008448101350842757,0.0026562582963670007,0.005224816834870567,0.0013582563894984437
mortality_fraction_froot_delta,24,9.697215669572379e-05,0.0014180247976499471,0.00229456600550981,0.0006081622661728435
mortality_fraction_leaf_delta,24,-0.00038016079203420373,0.0025882021899778867,0.004033466044349215,0.0009473938059405506
mortality_fraction_stem_delta,24,-0.00978897289723178,0.0215009892890131,0.040910168422241544,0.010327961491072847
pool_alloc_froot_sp1,24,0.014742220460502425,0.054909908606216085,0.09228386553229852,0.024648641229596598
pool_alloc_leaf_sp1,24,0.0038620591873106238,0.11150488692039491,0.16360132111531078,0.03517985407187161
pool_alloc_stem_sp1,24,0.16203238684097418,0.6053548904244221,0.8937041535662068,0.2012569024992967
pool_turnover_branch_sp1,24,0.3333719154582346,0.363571086578127,0.4500300986440279,0.10590286150658633
pool_turnover_croot_sp1,24,-0.05299546224901469,0.08590058530574549,0.1465273662668996,0.04081428314669788
pool_turnover_froot_sp1,24,-0.0015980892918635136,0.022914805457694375,0.03897497014167185,0.008426115586619973
pool_turnover_leaf_sp1,24,-0.007777152000781875,0.03499196717821292,0.058229213928418164,0.01583661749242802
pool_turnover_stem_sp1,24,9.020605775482325,10.319618117206002,15.23231358387481,4.253699483423042
proj_cover,24,-0.19167043573066483,0.5602039924197374,1.2785835470500537,0.3826298721097986
proj_fire_off,24,0.03348483420034669,0.03348483420034669,0.0801783764043914,0.02525629079929062
proj_fire_on,24,0.3173896670576018,0.3173896670576018,0.23050977049713803,0.07431503120890508
proj_mortality,24,0.5319690759848632,0.5635606274374045,1.0339178118237167,0.3171288512119359
proj_thinning_delta,24,9.389661025136762,9.818471670427291,15.195744884716389,4.549946375161607
roth_c_cover_c,24,-0.0019545332631857788,0.008564975785231707,0.015232724391653135,0.0036302341821941274
roth_c_dpm_frac_crop,24,-0.014205249436086361,0.014205249436086361,0.010530789570841288,0.0033277217830654676
roth_c_dpm_frac_tree,24,-0.006318196982164337,0.019645727401758895,0.026265289463120713,0.005839716132817189
roth_c_moisture_b_slope,24,-0.03694465123771763,0.33114118251416924,0.5925429989258487,0.15011115849350767
roth_c_temp_a1,24,0.14000686176620017,0.26494631821658376,0.391366301026446,0.08793055881018665
roth_c_temp_a2,24,-0.08970224835126113,0.40862248111092425,0.6086894292240651,0.14473509869796763
thinning_fraction_branch_delta,24,0.011094156294335944,0.011094156294335944,0.013202940536345699,0.0042474036336483546
thinning_fraction_croot_delta,24,0.0039031329688729854,0.004169774552975775,0.004437582829049537,0.001256350335014394
thinning_fraction_froot_delta,24,0.0021450830707938407,0.0021450830707938407,0.002241998429944152,0.0006829316804033536
thinning_fraction_leaf_delta,24,0.0037719648140309425,0.0037719648140309425,0.004306481778334743,0.0012913003842358274
thinning_fraction_stem_delta,24,0.018271968553107792,0.02308389016860312,0.0264095478995856,0.006385610617140112
tree_carbon_sp1,24,-0.10414682247788112,0.9115930678749138,1.6298777529530453,0.4030884650018697
tree_nitrogen_branch_sp1,24,0.001266467717766892,0.001266467717766892,0.0007510576202428435,0.000205622756146711
tree_nitrogen_croot_sp1,24,0.0009694556915221614,0.0009694556915221614,0.0016420492675097793,0.00048705850492606863
tree_nitrogen_froot_sp1,24,0.025390076495023,0.025390076495023,0.025344954836621105,0.008002687897184863
tree_nitrogen_leaf_sp1,24,0.04109040842462598,0.04109040842462598,0.04662078644212971,0.013867304977988543
tree_nitrogen_stem_sp1,24,0.0026957098804274602,0.0026957098804274602,0.0017347024730657763,0.000571591469459085
tree_root_in_top_30,24,-0.02148116937476745,0.0848711161353794,0.141945895070545,0.03334314398828318
tree_root_to_shoot_sp1,24,-0.01851577159756307,0.10670802700194466,0.19716469064024325,0.047008790469712805
cy0,25,-0.08328029933489192,0.24803759267155984,0.4461422580832848,0.1059979801511368
clay,25,-0.33979281233040926,0.6119798773719259,1.298722079123791,0.3310086832577363
temp_ci_delta,25,0.12614648618010618,0.21744047361331237,0.3385005497779066,0.0935546477400449
rain_ci_delta,25,0.6497222440000843,1.183848321341465,2.1182452764119324,0.541608274632078
evap_ci_delta,25,-0.0740753252609958,0.0857530098689004,0.2157301424955052,0.06281664670481013
ef_burn_crop_N2O_scale,25,-0.003949973246800251,0.004030217422208368,0.002500904991259409,0.0006045975340586289
ef_burn_crop_CH4_scale,25,-0.014834613573782757,0.014975786882222081,0.009501749994655482,0.0026422060556694042
ef_burn_tree_N2O_scale,25,0.005410686389199224,0.005410686389199224,0.006206880631016551,0.001864355563640102
ef_burn_tree_CH4_scale,25,0.022612440794013644,0.022612440794013644,0.023210019834920867,0.006858071050877929
ef_N_inputs,25,-0.06764009392633442,0.09471244125747005,0.08164556087953694,0.01628305339809974
combustion_factor_crop,25,-0.017322292429776807,0.017762096117359603,0.012706216121058987,0.0034883349075350042
combustion_factor_tree,25,0.030642894887939486,0.030642894887939486,0.03450147238966305,0.009986902171565601
volatile_frac_organic_fertiliser,25,-0.002875425650973851,0.002875425650973851,0.0003055624420978293,8.220332913379728e-05
volatile_frac_synthetic_fertiliser,25,0.01629739688896298,0.01629739688896298,0.0016405654386363589,0.0005054828205225527
base_sf_qty_scale,25,-0.12981374696526465,0.12981374696526465,0.011684697112334228,0.003828718301943628
proj_lit_qty_scale,25,0.010503145476130021,0.013200545531703505,0.010950974574721948,0.002266599503280599
base_stand_density_scale,25,0.0,0.0,0.0,0.0
proj_stand_density_scale,25,0.015404389881813951,0.7309079197645667,1.1370747925774864,0.28593494658804636
tree_wood_dens_sp1,25,0.16801890112040427,0.7277071332988637,0.9842496614489596,0.20911314384278853
base_cover,25,0.08197714529953826,0.2141767473024962,0.36323785813214465,0.10235848315429082
base_fire_off,25,-0.02488531306065847,0.02488531306065847,0.08969221031413528,0.02347518591733368
base_fire_on,25,-0.034932859740002875,0.034932859740002875,0.005956144895643119,0.001885990598943728
base_mortality,25,0.0,0.0,0.0,0.0
base_sf_n_delta,25,-0.13290163271820102,0.13290163271820102,0.013646164833617335,0.00455177140515176
base_thinning_delta,25,0.0,0.0,0.0,0.0
crop_base_left_delta,25,0.08325399175451845,0.08325399175451845,0.03587201769818735,0.011461493110406987
crop_base_yield_delta,25,-0.013856078058972265,0.03629356542161165,0.041082158015807474,0.006908598453524765
crop_carbon_above_sp3,25,0.0063755013559346485,0.0072865740552800155,0.005661553423344496,0.0013843332876925475
crop_carbon_below_sp3,25,0.023098102934273147,0.023098102934273147,0.011414374332404099,0.0037255219710096363
crop_intercept_sp3,25,-0.0011259646017921343,0.0022889699458440937,0.0033012875345664688,0.0008329493614349555
crop_nitrogen_above_sp3,25,-0.0041929041290593464,0.004202156345794036,0.002013372278427544,0.0006350256518791141
crop_nitrogen_below_sp3,25,-0.00939553078693447,0.00939553078693447,0.0013731474582254803,0.00042146546856244215
crop_carbon_above_sp10,25,0.025767114451565914,0.025767114451565914,0.01179813740897353,0.0034909755278595576
crop_carbon_below_sp10,25,0.01041586040990869,0.01041586040990869,0.006317775300164942,0.0018536625915070747
crop_intercept_sp10,25,0.004772815962072579,0.006591845497094584,0.006385283095418135,0.001333354413363162
crop_nitrogen_above_sp10,25,-0.0070816779750791535,0.0070816779750791535,0.0014323384656655333,0.0004374111624650909
crop_nitrogen_below_sp10,25,-0.004457407240105402,0.004457407240105402,0.0014506415250373271,0.0004333593057345027
crop_proj_left_delta,25,-0.004465909644692037,0.010680707547235815,0.014916305341766183,0.003138782384161857
crop_proj_yield_delta,25,0.1459253234054798,0.1461189489325311,0.05513899025760169,0.01412910302918694
crop_root_in_top_30,25,0.018651626828106064,0.018856524979564374,0.014578079969417094,0.004729974649114734
crop_root_to_shoot_sp3,25,0.012595590387108963,0.012841805516972333,0.010420823771949717,0.0030665241267476945
crop_slope_sp3,25,0.00023643301262947503,0.003223720096935953,0.004945572367821834,0.0010677287396596343
crop_root_to_shoot_sp10,25,0.007180501426127778,0.007310679009138727,0.006007049006214451,0.001918947738672372
crop_slope_sp10,25,0.0021249089697795293,0.007718923919715695,0.009471465473408188,0.001666699790127968
cy0_to_ceq_multiplier,25,-0.0016528912573299276,0.004452579537548698,0.016021661349800553,0.004922471100039246
litter_carbon,25,-0.015212123908941843,0.015212123908941843,0.0071436417606383145,0.002146611550701653
litter_nitrogen,25,0.023840581492758035,0.023840581492758035,0.0026222280512941923,0.0007248192172949335
mortality_fraction_branch_delta,25,-0.0006496874841376815,0.006157634346176763,0.008913292855632556,0.0018701514681973277
mortality_fraction_croot_delta,25,-0.0008278605837876207,0.002642299507303081,0.0053070473086866765,0.001388534044727762
mortality_fraction_froot_delta,25,0.00010536117054095462,0.001411004961426296,0.0023040523751047615,0.0006156231618089797
mortality_fraction_leaf_delta,25,-0.0003591173655900337,0.002581563043369517,0.004053493218456432,0.0009552942696740504
mortality_fraction_stem_delta,25,-0.009931373856000745,0.02140619702716174,0.041375293199928775,0.010469488860951707
pool_alloc_froot_sp1,25,0.014805901950049067,0.05473914475860807,0.09276711392222768,0.024840095099010646
pool_alloc_leaf_sp1,25,0.003788610715892876,0.11086706790797725,0.1634514026101237,0.03546338045049041
pool_alloc_stem_sp1,25,0.14091245676891404,0.5885889903280608,0.8836614646557217,0.20183117776021636
pool_turnover_branch_sp1,25,0.3233445112747093,0.3554878079267397,0.45414939635325974,0.1064017059543406
pool_turnover_croot_sp1,25,-0.04895228866216801,0.08436821982613983,0.1467260468843377,0.04073248695154291
pool_turnover_froot_sp1,25,0.00020778909246224608,0.022456268257242736,0.038622341284915436,0.008347402308969626
pool_turnover_leaf_sp1,25,-0.00637839974594503,0.03512529130226201,0.05840345422020956,0.01585261677763882
pool_turnover_stem_sp1,25,8.899994682190327,10.239824730260388,15.373206055047868,4.290411489201062
proj_cover,25,-0.17832524361542806,0.5403385538598131,1.2107600297108707,0.3580595057205928
proj_fire_off,25,0.033484834200346654,0.033484834200346654,0.0801783764043914,0.025256290799290617
proj_fire_on,25,0.31488490242441636,0.31488490242441636,0.23923326679610926,0.07720774162690058
proj_mortality,25,0.5375806405718049,0.5716923909975968,1.0846154911101074,0.3339839171527927
proj_thinning_delta,25,9.308929990196038,9.779949490302887,15.428365692697701,4.611358605334957
roth_c_cover_c,25,-0.0019626991688116435,0.008903895956054286,0.016424280532173943,0.00397974876997875
roth_c_dpm_frac_crop,25,-0.0095554880034354,0.0095554880034354,0.00902278004367208,0.002877684155459504
roth_c_dpm_frac_tree,25,-0.005578474126800367,0.01899504042200053,0.025898219117891846,0.00588962032900827
roth_c_moisture_b_slope,25,-0.04365895678128952,0.32763780853569024,0.5894744428470311,0.14900882503592036
roth_c_temp_a1,25,0.14369020748934677,0.26508578486625894,0.399950762769561,0.09107648133080687
roth_c_temp_a2,25,-0.10215749943829444,0.3991470871461981,0.6074612625795026,0.14819218917651258
thinning_fraction_branch_delta,25,0.010356883612933137,0.010356883612933137,0.012434807646067319,0.003948549035177142
thinning_fraction_croot_delta,25,0.0036895548898389805,0.003973978121357341,0.004279702993726129,0.0012042166542243595
thinning_fraction_froot_delta,25,0.0019877850258315346,0.0019877850258315346,0.002162883662041058,0.0006663536303241289
thinning_fraction_leaf_delta,25,0.003617826355929457,0.003617826355929457,0.004198336834712349,0.0012636323237153167
thinning_fraction_stem_delta,25,0.01707773083669984,0.022675835870064415,0.02710335250386555,0.006344033758067534
tree_carbon_sp1,25,-0.12404438477945408,0.9041029876871096,1.646407644792111,0.4115337112729687
tree_nitrogen_branch_sp1,25,0.0012422808591330686,0.0012422808591330686,0.0007712180922017619,0.00021162002598217692
tree_nitrogen_croot_sp1,25,0.0009725946109795103,0.0009725946109795103,0.0017096296875493068,0.0005076134064011786
tree_nitrogen_froot_sp1,25,0.025346168216927468,0.025346168216927468,0.0261466113485526,0.008258659378749493
tree_nitrogen_leaf_sp1,25,0.04119609615199429,0.04119609615199429,0.0485681113271295,0.014431100742942167
tree_nitrogen_stem_sp1,25,0.002638641310194545,0.002638641310194545,0.0017641016284255222,0.000579831942915488
tree_root_in_top_30,25,-0.021175087655584523,0.08525258750710403,0.14355839348158675,0.03380239919308556
tree_root_to_shoot_sp1,25,-0.020682135521906238,0.10564896519915483,0.1990244947865184,0.04791146297649113
cy0,26,-0.07322797068164175,0.24340058736227504,0.4225363721300184,0.09966090841798808
clay,26,-0.3326631843405516,0.616196176235116,1.3281264148932916,0.3389577565454695
temp_ci_delta,26,0.13166157635839282,0.21560724521792354,0.34193463420316206,0.09647038125598177
rain_ci_delta,26,0.6691890365082449,1.1514411548921515,2.089494494774103,0.5336886068962304
evap_ci_delta,26,-0.07531534103315116,0.08609499502623366,0.2185874824490662,0.06372425527753715
ef_burn_crop_N2O_scale,26,-0.0039499732468000846,0.0040302174222082345,0.0025009049912592756,0.0006045975340585368
ef_burn_crop_CH4_scale,26,-0.014834613573782632,0.014975786882222022,0.00950174999465546,0.002642206055669353
ef_burn_tree_N2O_scale,26,0.005352096322952688,0.005352096322952688,0.006331068955866451,0.0019025314610383597
ef_burn_tree_CH4_scale,26,0.022451337985293668,0.022451337985293668,0.02365912563597323,0.0069959344786965074
ef_N_inputs,26,-0.06760376160823428,0.0964986553466378,0.08489884164389394,0.016843321483342576
combustion_factor_crop,26,-0.01732229242977638,0.017762096117359145,0.012706216121059002,0.0034883349075350385
combustion_factor_tree,26,0.030467882472153106,0.030467882472153106,0.03534679763059974,0.010253818878901243
volatile_frac_organic_fertiliser,26,-0.002875425650973734,0.002875425650973734,0.000305562442097772,8.220332913375892e-05
volatile_frac_synthetic_fertiliser,26,0.016297396888962777,0.016297396888962777,0.0016405654386361377,0.0005054828205224576
base_sf_qty_scale,26,-0.1298137469652642,0.1298137469652642,0.011684697112334483,0.0038287183019437895
proj_lit_qty_scale,26,0.011113906324794542,0.013585258985693193,0.010897563705997829,0.0022863497403231613
base_stand_density_scale,26,0.0,0.0,0.0,0.0
proj_stand_density_scale,26,0.0070149029843963985,0.721603580077619,1.136164744288666,0.2887013096924417
tree_wood_dens_sp1,26,0.15653798234323374,0.7143520364438467,0.9781775529546529,0.21012292573311572
base_cover,26,0.06337286020784164,0.21418668733540147,0.3598273627218938,0.09839181460798156
base_fire_off,26,-0.02488531306065852,0.02488531306065852,0.08969221031413543,0.023475185917333725
base_fire_on,26,-0.03493285974000289,0.03493285974000289,0.005956144895642782,0.0018859905989435542
base_mortality,26,0.0,0.0,0.0,0.0
base_sf_n_delta,26,-0.1329016327182003,0.1329016327182003,0.013646164833617273,0.004551771405151852
base_thinning_delta,26,0.0,0.0,0.0,0.0
crop_base_left_delta,26,0.0806908186157641,0.0806908186157641,0.03574052846318752,0.011418557642023935
crop_base_yield_delta,26,-0.01722491718023724,0.03716139469574246,0.040806286170169244,0.007115841014235967
crop_carbon_above_sp3,26,0.005611857773776555,0.0067682635458819005,0.0056639443085759016,0.001293762416701877
crop_carbon_below_sp3,26,0.020817400501389097,0.020817400501389097,0.011310806942644828,0.003675925657599098
crop_intercept_sp3,26,-0.0011226112390817305,0.0022518626548016425,0.0032592352039423145,0.0008272523954939458
crop_nitrogen_above_sp3,26,-0.004192904129059363,0.004202156345794053,0.002013372278427481,0.0006350256518790878
crop_nitrogen_below_sp3,26,-0.009395530786933962,0.009395530786933962,0.0013731474582261488,0.0004214654685627135
crop_carbon_above_sp10,26,0.02473082123139104,0.02473082123139104,0.011691957434295389,0.003452658396776622
crop_carbon_below_sp10,26,0.009992693595690761,0.009992693595690761,0.006245449026760028,0.0018386426999967742
crop_intercept_sp10,26,0.004435110502233458,0.006479043802472495,0.006410527329986894,0.0012933312292079289
crop_nitrogen_above_sp10,26,-0.007081677975078871,0.007081677975078871,0.0014323384656659394,0.0004374111624652144
crop_nitrogen_below_sp10,26,-0.004457407240105918,0.004457407240105918,0.001450641525037183,0.0004333593057344563
crop_proj_left_delta,26,-0.005291232559984277,0.011004998365286072,0.01512248076207671,0.003214266307471119
crop_proj_yield_delta,26,0.14744443145692415,0.14755213068275402,0.05522303232582401,0.01418328044073942
crop_root_in_top_30,26,0.016078780079788323,0.01653939582529757,0.01432496401048156,0.004580631940872123
crop_root_to_shoot_sp3,26,0.010505589814137555,0.011033544595951622,0.010114876304172363,0.0029089154134403147
crop_slope_sp3,26,-0.0006730835840073945,0.0033107557701640366,0.004856149059300497,0.001037848127540536
crop_root_to_shoot_sp10,26,0.006757681270329693,0.006901432331712818,0.0059901757043040495,0.0019125841713324469
crop_slope_sp10,26,0.0011967145577637174,0.0075948775592021124,0.009385496164969354,0.0015955278248446908
cy0_to_ceq_multiplier,26,-0.0011990779168931404,0.004196959237657874,0.013762478548320356,0.004152800847421934
litter_carbon,26,-0.01461213408608702,0.01461213408608702,0.007095538107258049,0.002135475533470101
litter_nitrogen,26,0.023840581492757876,0.023840581492757876,0.002622228051293853,0.0007248192172948258
mortality_fraction_branch_delta,26,-0.00037028342019468916,0.006140439869444808,0.008756976427130442,0.0018331179414497205
mortality_fraction_croot_delta,26,-0.0008103110632304344,0.002635291947360646,0.005386515910456652,0.0014184401452654125
mortality_fraction_froot_delta,26,0.00011277370260997233,0.0014053053627064744,0.002312652114205149,0.0006217858300288968
mortality_fraction_leaf_delta,26,-0.0003390906649234082,0.002573029756636408,0.004070391479406875,0.0009624144152439579
mortality_fraction_stem_delta,26,-0.010049872571378163,0.02135411147411267,0.04179027747549121,0.010595570545514639
pool_alloc_froot_sp1,26,0.014888293891564996,0.05467021163049712,0.09321736151863796,0.024995498855748005
pool_alloc_leaf_sp1,26,0.003745533484838867,0.11021158238243486,0.16326631870284386,0.03571593070835441
pool_alloc_stem_sp1,26,0.12159783301017466,0.571868432921475,0.8721489662587885,0.20180118999072846
pool_turnover_branch_sp1,26,0.312881349240535,0.34658897539691885,0.45641402314084173,0.10655589665590937
pool_turnover_croot_sp1,26,-0.04526080966426187,0.0830179338183644,0.14706725541931087,0.04070422885254186
pool_turnover_froot_sp1,26,0.001857907459562469,0.0222573970952629,0.03826083196492311,0.00827816596027629
pool_turnover_leaf_sp1,26,-0.005061914515245888,0.03518253793206514,0.058546987433006015,0.0158789588218354
pool_turnover_stem_sp1,26,8.772406227022161,10.149928628431358,15.474398057293937,4.316534822899097
proj_cover,26,-0.16291713572748628,0.5188256100327459,1.1468232867734744,0.33525485394973975
proj_fire_off,26,0.03348483420034652,0.03348483420034652,0.08017837640439109,0.025256290799290447
proj_fire_on,26,0.3126165147964306,0.3126165147964306,0.24800463087052807,0.08011233117280565
proj_mortality,26,0.5431836864254349,0.5794940161341634,1.1350158963632375,0.3507954247500173
proj_thinning_delta,26,9.226679340778563,9.739503851220773,15.628928534221243,4.661894906356737
roth_c_cover_c,26,-0.001959458441767409,0.009196421391905445,0.017568274098420596,0.004321466919962303
roth_c_dpm_frac_crop,26,-0.006904300465089633,0.006904300465089633,0.007468831548688419,0.0023948735419236675
roth_c_dpm_frac_tree,26,-0.0049357923810244755,0.018413398705129494,0.025567410567975353,0.0059325143577666955
roth_c_moisture_b_slope,26,-0.05105341286858036,0.3232766333922016,0.5841036596890135,0.14713721148652026
roth_c_temp_a1,26,0.14610740463653454,0.26439912566056833,0.4083330503069466,0.09415107973477016
roth_c_temp_a2,26,-0.11058330151353739,0.3898294996015838,0.6062412983065477,0.15105903737167944
thinning_fraction_branch_delta,26,0.009781101219643729,0.009781101219643729,0.011762302630390962,0.003682973715721522
thinning_fraction_croot_delta,26,0.0035283432970417417,0.003826697164342091,0.0041526779314892456,0.0011636120620209947
thinning_fraction_froot_delta,26,0.0018725144384789643,0.0018725144384789643,0.0021037479557031737,0.0006544407697953843
thinning_fraction_leaf_delta,26,0.0035036844801765304,0.0035036844801765304,0.004096660480923113,0.0012376200257552801
thinning_fraction_stem_delta,26,0.016196485448721026,0.022311080130442314,0.02759887822589168,0.006356977338900352
tree_carbon_sp1,26,-0.14159235275117263,0.8967452619166716,1.6601050475637593,0.41877075754670273
tree_nitrogen_branch_sp1,26,0.0012193143899457358,0.0012193143899457358,0.0007906283791927005,0.00021741504050954184
tree_nitrogen_croot_sp1,26,0.0009765990261863117,0.0009765990261863117,0.001778311024880038,0.0005284916690521148
tree_nitrogen_froot_sp1,26,0.025318100184903984,0.025318100184903984,0.026945671016840093,0.008513621971362762
tree_nitrogen_leaf_sp1,26,0.04133194339423944,0.04133194339423944,0.05052778961576061,0.014997640821192646
tree_nitrogen_stem_sp1,26,0.0025864253642978565,0.0025864253642978565,0.0017944769113002357,0.0005883199946076444
tree_root_in_top_30,26,-0.02082940965768116,0.08560513082683167,0.14505105222564701,0.03422031230678981
tree_root_to_shoot_sp1,26,-0.022576644390640964,0.1045953120769644,0.2005226536262072,0.048676521155159184
cy0,27,-0.06381150145542566,0.23811057878419156,0.4057739769912744,0.09640637446375312
clay,27,-0.326902685543355,0.6197057117816781,1.35770519450751,0.34722840856854514
temp_ci_delta,27,0.13594956547466044,0.21475760300373584,0.34547784800614295,0.09869336721266489
rain_ci_delta,27,0.6818872173327787,1.1201757317272247,2.0679992869425012,0.5280443867737047
evap_ci_delta,27,-0.07587256531596094,0.08637738656346536,0.2213274979261746,0.06455613316212797
ef_burn_crop_N2O_scale,27,-0.003949973246800247,0.004030217422208398,0.00250090499125938,0.0006045975340585975
ef_burn_crop_CH4_scale,27,-0.014834613573783031,0.014975786882222421,0.009501749994655603,0.0026422060556694042
ef_burn_tree_N2O_scale,27,0.0052993760620891036,0.0052993760620891036,0.006461084794058211,0.0019422076172226548
ef_burn_tree_CH4_scale,27,0.022312347661146783,0.022312347661146783,0.02413973283004487,0.007145514948369022
ef_N_inputs,27,-0.06751778254158362,0.09824173218993179,0.08817335388081542,0.01743375434849533
combustion_factor_crop,27,-0.017322292429776988,0.017762096117359787,0.012706216121058976,0.0034883349075350008
combustion_factor_tree,27,0.030320796731913385,0.030320796731913385,0.03620838809267482,0.010526679784164278
volatile_frac_organic_fertiliser,27,-0.0028754256509737506,0.0028754256509737506,0.0003055624420977912,8.220332913376674e-05
volatile_frac_synthetic_fertiliser,27,0.01629739688896297,0.01629739688896297,0.0016405654386363964,0.0005054828205225413
base_sf_qty_scale,27,-0.12981374696526463,0.12981374696526463,0.01168469711233445,0.00382871830194376
proj_lit_qty_scale,27,0.01169466923845291,0.013955992357741791,0.01084446236966271,0.002310845951520575
base_stand_density_scale,27,0.0,0.0,0.0,0.0
proj_stand_density_scale,27,4.343004546433771e-05,0.7121656849292592,1.1333484632651996,0.29059469679000377
tree_wood_dens_sp1,27,0.14664330738233544,0.7014706359931842,0.9711014860417928,0.21061582379903748
base_cover,27,0.04668528801150598,0.2186561374100262,0.3581235955976588,0.09445925296538059
base_fire_off,27,-0.024885313060658488,0.024885313060658488,0.08969221031413534,0.0234751859173337
base_fire_on,27,-0.03493285974000254,0.03493285974000254,0.005956144895642699,0.001885990598943611
base_mortality,27,0.0,0.0,0.0,0.0
base_sf_n_delta,27,-0.1329016327182005,0.1329016327182005,0.013646164833617282,0.004551771405151848
base_thinning_delta,27,0.0,0.0,0.0,0.0
crop_base_left_delta,27,0.07825458778746988,0.07825458778746988,0.03561213064733397,0.011375222509310686
crop_base_yield_delta,27,-0.0204413782274787,0.03841865363802069,0.04050870829209645,0.007246978728189887
crop_carbon_above_sp3,27,0.005058468270799765,0.006424323743774924,0.005681940684584998,0.00122717050114022
crop_carbon_below_sp3,27,0.01917580908938396,0.01917580908938396,0.011235242611738036,0.0036334651551037174
crop_intercept_sp3,27,-0.0011190462303484194,0.0022157882652795724,0.003217238440266584,0.0008212931917562339
crop_nitrogen_above_sp3,27,-0.004192904129059339,0.004202156345794028,0.0020133722784275608,0.0006350256518790748
crop_nitrogen_below_sp3,27,-0.009395530786934645,0.009395530786934645,0.00137314745822583,0.00042146546856255463
crop_carbon_above_sp10,27,0.02375081960311834,0.02375081960311834,0.011586478109740363,0.0034163270864862225
crop_carbon_below_sp10,27,0.009593250208750464,0.009594798225132612,0.006176933615441124,0.0018228385501557589
crop_intercept_sp10,27,0.00411454968831349,0.006373210229317955,0.0064363531412002855,0.0012613535779262385
crop_nitrogen_above_sp10,27,-0.0070816779750789375,0.0070816779750789375,0.001432338465665827,0.0004374111624651699
crop_nitrogen_below_sp10,27,-0.00445740724010556,0.00445740724010556,0.0014506415250372083,0.0004333593057345002
crop_proj_left_delta,27,-0.00571315013668674,0.0111551997677645,0.015230021070948545,0.003249330054731466
crop_proj_yield_delta,27,0.14890444694243965,0.14893050864429966,0.055289767277618265,0.014231681545393688
crop_root_in_top_30,27,0.014120324069442566,0.015066511682831943,0.014145973790699045,0.004424879136897845
crop_root_to_shoot_sp3,27,0.009028207318358688,0.009855400228388645,0.009866906022504736,0.002759790751906532
crop_slope_sp3,27,-0.0013119660254154563,0.0034895307579072667,0.004774967817889572,0.001011149993785497
crop_root_to_shoot_sp10,27,0.006355037537568949,0.006527228888331978,0.005974581679609237,0.0018957926212522624
crop_slope_sp10,27,0.0003196910883423859,0.007515635698082371,0.00930660258430416,0.001565620436703923
cy0_to_ceq_multiplier,27,-0.0007957034936736107,0.003965408972947187,0.011922608460273345,0.0035136515693004354
litter_carbon,27,-0.014040522126617893,0.014040522126617893,0.007045876859032243,0.002123636653500237
litter_nitrogen,27,0.023840581492757792,0.023840581492757792,0.002622228051293937,0.0007248192172948122
mortality_fraction_branch_delta,27,-0.00010948683285603444,0.006136892115346584,0.008599304614199122,0.001785852354529388
mortality_fraction_croot_delta,27,-0.0007923398556689998,0.0026304887355590332,0.0054620153699853615,0.001446519676582265
mortality_fraction_froot_delta,27,0.0001193525212859925,0.0014042890872642821,0.002319756195670664,0.0006253104866328791
mortality_fraction_leaf_delta,27,-0.00031993162838215986,0.0025679686187056695,0.004083262664448218,0.0009667980820905357
mortality_fraction_stem_delta,27,-0.010145690841276696,0.0213012915388232,0.04215166473018015,0.010708669834890503
pool_alloc_froot_sp1,27,0.014980448922208355,0.054616386331309205,0.09360877341254151,0.025124489260802747
pool_alloc_leaf_sp1,27,0.0037299581918445015,0.10950706045765216,0.16298696328392417,0.03592609212240583
pool_alloc_stem_sp1,27,0.10405498327750211,0.5551324157994009,0.8589196652314417,0.20105208191812673
pool_turnover_branch_sp1,27,0.3019700211865035,0.3368996767742199,0.4566972304243991,0.10631241188832669
pool_turnover_croot_sp1,27,-0.041893795976450265,0.08174584518293342,0.14752145616018514,0.040745046411738796
pool_turnover_froot_sp1,27,0.0033592340344279605,0.022256457227147163,0.03789565005845965,0.008232262280789649
pool_turnover_leaf_sp1,27,-0.0038244598705194114,0.03516785631841712,0.05865586157954044,0.015912049825793795
pool_turnover_stem_sp1,27,8.635807998555473,10.045987342879155,15.533528704392232,4.328281202624076
proj_cover,27,-0.14553385694575557,0.4960475635939307,1.086676245542069,0.31423633542178653
proj_fire_off,27,0.0334848342003465,0.0334848342003465,0.08017837640439107,0.02525629079929045
proj_fire_on,27,0.310553073043087,0.310553073043087,0.2568029321634313,0.08302204654771912
proj_mortality,27,0.5487046893184715,0.5873132770192381,1.1847462857228297,0.367319425260809
proj_thinning_delta,27,9.139543848114062,9.711104101517288,15.79384872751002,4.691378898929139
roth_c_cover_c,27,-0.0019558198322005282,0.00945793878399095,0.01862835691651805,0.004640540257718449
roth_c_dpm_frac_crop,27,-0.005274266963191773,0.005274266963191773,0.006120528867482702,0.00196799464178876
roth_c_dpm_frac_tree,27,-0.004368433417929531,0.01788216244613753,0.025257650235039654,0.005967406897053779
roth_c_moisture_b_slope,27,-0.058545307814107904,0.31839658701855716,0.5770812053810837,0.14476061440163202
roth_c_temp_a1,27,0.14747824658321249,0.2629497328901581,0.41615660352671396,0.09706342486420855
roth_c_temp_a2,27,-0.11569292168129744,0.3798685595249699,0.605416015039749,0.15382560919365623
thinning_fraction_branch_delta,27,0.009309788654339384,0.009309788654339384,0.011163274630771118,0.003446509633303513
thinning_fraction_croot_delta,27,0.0033990849220459306,0.003708868887051403,0.004046773447578878,0.0011316844364358664
thinning_fraction_froot_delta,27,0.001784072518142854,0.001784072518142854,0.002055063950666188,0.0006441977978873289
thinning_fraction_leaf_delta,27,0.003411703390715895,0.003411703390715895,0.00399968659898725,0.001212467068775441
thinning_fraction_stem_delta,27,0.015506000998197138,0.02196488990857199,0.02791717718650088,0.0063769096540372515
tree_carbon_sp1,27,-0.15692743317448693,0.8892116759791294,1.6704925991530597,0.42471659743736084
tree_nitrogen_branch_sp1,27,0.0011974794261473548,0.0011974794261473548,0.000809335232117683,0.0002230131047573713
tree_nitrogen_croot_sp1,27,0.0009813692759861048,0.0009813692759861048,0.0018478633694884474,0.0005496246093187036
tree_nitrogen_froot_sp1,27,0.025303806266023094,0.025303806266023094,0.027740770255024045,0.008767137900139586
tree_nitrogen_leaf_sp1,27,0.04149391341822213,0.04149391341822213,0.05249498235348258,0.015565620178480719
tree_nitrogen_stem_sp1,27,0.0025385093156608278,0.0025385093156608278,0.0018257738535438926,0.0005970459943488068
tree_root_in_top_30,27,-0.020463398258177546,0.08600649914719664,0.1463813228356559,0.03458700211834045
tree_root_to_shoot_sp1,27,-0.024216975071039076,0.10351661002513395,0.20160251231162185,0.049294578601583046
cy0,28,-0.054995307049208256,0.23642528735250537,0.3949762589655987,0.0936968287148466
clay,28,-0.3222592496468738,0.6225243899992163,1.3872024516240933,0.35569497909992803
temp_ci_delta,28,0.1392135179521917,0.21406175202572317,0.349065700886027,0.10062670672410103
rain_ci_delta,28,0.6887839510077695,1.0911365673265283,2.0518860683119824,0.5239051228542606
evap_ci_delta,28,-0.07585082082831512,0.08652687721622097,0.2237613881357299,0.06528320775565213
ef_burn_crop_N2O_scale,28,-0.003949973246800005,0.004030217422208123,0.002500904991259164,0.000604597534058535
ef_burn_crop_CH4_scale,28,-0.014834613573782966,0.014975786882222356,0.009501749994655615,0.002642206055669422
ef_burn_tree_N2O_scale,28,0.005251892208382053,0.005251892208382053,0.006596050966116534,0.001983158370765001
ef_burn_tree_CH4_scale,28,0.022193081784246282,0.022193081784246282,0.024647985273974295,0.007305370606064241
ef_N_inputs,28,-0.06738985591582104,0.09994247159963852,0.09145853581882572,0.01805100455329714
combustion_factor_crop,28,-0.0173222924297766,0.017762096117359395,0.012706216121059256,0.003488334907535084
combustion_factor_tree,28,0.030198360573846905,0.030198360573846905,0.037083331407540665,0.010804414656865925
volatile_frac_organic_fertiliser,28,-0.0028754256509737177,0.0028754256509737177,0.0003055624420977391,8.220332913373924e-05
volatile_frac_synthetic_fertiliser,28,0.01629739688896297,0.01629739688896297,0.0016405654386365143,0.0005054828205225931
base_sf_qty_scale,28,-0.1298137469652644,0.1298137469652644,0.011684697112334325,0.00382871830194372
proj_lit_qty_scale,28,0.012247510151978174,0.014308184404316476,0.01079060070500819,0.002341900053181779
base_stand_density_scale,28,0.0,0.0,0.0,0.0
proj_stand_density_scale,28,-0.005586720394613715,0.7024257698592563,1.1283875894012367,0.29157141242347967
tree_wood_dens_sp1,28,0.13818231106544604,0.6888480654322942,0.9628414207709863,0.21057544763545133
base_cover,28,0.03174849520778272,0.22491819827019183,0.3576476867371212,0.09086427902645165
base_fire_off,28,-0.02488531306065852,0.02488531306065852,0.08969221031413542,0.023475185917333715
base_fire_on,28,-0.03493285974000261,0.03493285974000261,0.005956144895642648,0.001885990598943574
base_mortality,28,0.0,0.0,0.0,0.0
base_sf_n_delta,28,-0.13290163271820074,0.13290163271820074,0.013646164833617101,0.004551771405151646
base_thinning_delta,28,0.0,0.0,0.0,0.0
crop_base_left_delta,28,0.07593650864386506,0.07593650864386506,0.03548331132943832,0.011330575480565602
crop_base_yield_delta,28,-0.023514089461300396,0.039732444542331116,0.04019016880131034,0.00740905554143571
crop_carbon_above_sp3,28,0.00462503671768634,0.006193418325618191,0.005704864881984707,0.0011650240611587924
crop_carbon_below_sp3,28,0.017897108203719127,0.017991304144374907,0.011178617776937419,0.003530321924085391
crop_intercept_sp3,28,-0.0011149164158520575,0.002179187732324456,0.0031747316214176717,0.0008151545059829181
crop_nitrogen_above_sp3,28,-0.004192904129059255,0.004202156345793945,0.002013372278427423,0.0006350256518790153
crop_nitrogen_below_sp3,28,-0.009395530786934057,0.009395530786934057,0.0013731474582259775,0.0004214654685627107
crop_carbon_above_sp10,28,0.02282250452117998,0.02282250452117998,0.01148065390105593,0.003381538533777257
crop_carbon_below_sp10,28,0.009215340010205245,0.009241469332675082,0.006110874183478341,0.0017899430879685675
crop_intercept_sp10,28,0.0038105779135912204,0.006272515184873842,0.006462625239347568,0.0012378431822357558
crop_nitrogen_above_sp10,28,-0.007081677975079062,0.007081677975079062,0.00143233846566572,0.0004374111624651476
crop_nitrogen_below_sp10,28,-0.004457407240105943,0.004457407240105943,0.0014506415250370623,0.0004333593057344166
crop_proj_left_delta,28,-0.005913718304404808,0.011176924375204655,0.015250350890153468,0.003258480182017885
crop_proj_yield_delta,28,0.15030690511393807,0.15030690511393807,0.05534139325524503,0.01424397738988595
crop_root_in_top_30,28,0.012515765000211548,0.013969767116040676,0.014024578147289342,0.0042933741106042315
crop_root_to_shoot_sp3,28,0.007883045393814675,0.009001625476493047,0.009667640919416286,0.0026397835855111536
crop_slope_sp3,28,-0.0018049901594625827,0.003655339111080946,0.00469577388621367,0.000995205423493415
crop_root_to_shoot_sp10,28,0.005972005664659143,0.006186887816862764,0.005958802788986131,0.00187144700121655
crop_slope_sp10,28,-0.0005102115977889343,0.007436248687151143,0.009232476182532106,0.0015804001970821993
cy0_to_ceq_multiplier,28,-0.00043722996708236707,0.0037904148066149807,0.010484812530898563,0.0029993902660523366
litter_carbon,28,-0.013495580480036084,0.013495580480036084,0.006994283639436126,0.002110994713457253
litter_nitrogen,28,0.023840581492757994,0.023840581492757994,0.002622228051294028,0.0007248192172949274
mortality_fraction_branch_delta,28,0.00013438024536218396,0.006145973727504509,0.008437709238347106,0.001726502250396121
mortality_fraction_croot_delta,28,-0.0007739681978300688,0.002623096489922175,0.00553221659825415,0.0014729208985026325
mortality_fraction_froot_delta,28,0.0001253042090658074,0.001401451276933291,0.002324794927079496,0.0006284352717490153
mortality_fraction_leaf_delta,28,-0.0003014800253229435,0.0025648604877175365,0.004091240923529232,0.000968694919583395
mortality_fraction_stem_delta,28,-0.010218623921060632,0.021280334919144196,0.04245451577318746,0.010816914950322642
pool_alloc_froot_sp1,28,0.015078994696988427,0.054524483957343585,0.09391693816767761,0.025229002004840944
pool_alloc_leaf_sp1,28,0.003746682086195735,0.10873091432530231,0.1625611438557452,0.03608253842349748
pool_alloc_stem_sp1,28,0.08824225178940362,0.5402484068675292,0.8437832811470877,0.1986011842605732
pool_turnover_branch_sp1,28,0.2905877663547611,0.3271767829134813,0.45489682955019184,0.10558795678617908
pool_turnover_croot_sp1,28,-0.03882238864171316,0.08046202661090232,0.14805974241645878,0.04086387872987901
pool_turnover_froot_sp1,28,0.004720341550405455,0.022299502088097185,0.0375315856727441,0.008192204388488701
pool_turnover_leaf_sp1,28,-0.002660910413146436,0.03508442722523486,0.058724034876999245,0.015947611916990807
pool_turnover_stem_sp1,28,8.488051342919539,9.936786928235843,15.548252073438631,4.3222466817513645
proj_cover,28,-0.12689580146724155,0.4749054162232979,1.0304482345724566,0.29414438946978855
proj_fire_off,28,0.03348483420034682,0.03348483420034682,0.08017837640439181,0.025256290799290797
proj_fire_on,28,0.30866549548129785,0.30866549548129785,0.2656025792405178,0.08592866771819307
proj_mortality,28,0.554056637784868,0.5949262938150197,1.2334035926232017,0.3834616691641047
proj_thinning_delta,28,9.044611261147029,9.675281923749226,15.919418888554933,4.7072244824634035
roth_c_cover_c,28,-0.0019553564396712795,0.00967469695020401,0.019586506740909036,0.004931418637684108
roth_c_dpm_frac_crop,28,-0.004204761902563395,0.004211724744184267,0.005014865287097346,0.0016151999282462298
roth_c_dpm_frac_tree,28,-0.003863538155020449,0.01738817954011842,0.02495517012751582,0.005992261586791566
roth_c_moisture_b_slope,28,-0.06585095794867457,0.3139762760720324,0.5690062814193664,0.14181314435204082
roth_c_temp_a1,28,0.1480736055069342,0.26095780113154365,0.4232732386571987,0.09971225153211177
roth_c_temp_a2,28,-0.11833962531639156,0.3708537255609797,0.6051696938146507,0.15628475443819784
thinning_fraction_branch_delta,28,0.008909413220000828,0.008909413220000828,0.010623447397968621,0.0032353839700188917
thinning_fraction_croot_delta,28,0.0032902800025407576,0.003609434143144863,0.003955458434096122,0.0011062132729129544
thinning_fraction_froot_delta,28,0.0017132331129435547,0.0017132331129435547,0.002011680080262636,0.0006341418570492619
thinning_fraction_leaf_delta,28,0.003332371437299755,0.003332371437299755,0.003906719813027422,0.0011879449071351394
thinning_fraction_stem_delta,28,0.014936703629675318,0.02162459398072818,0.028088120147439638,0.006386936058987207
tree_carbon_sp1,28,-0.17011946807512673,0.8812448475341101,1.6771138335740996,0.4292816851120229
tree_nitrogen_branch_sp1,28,0.0011766907086092847,0.0011766907086092847,0.0008273744242343101,0.00022841776956387716
tree_nitrogen_croot_sp1,28,0.000986807822712213,0.000986807822712213,0.0019180371136993408,0.0005709373630139922
tree_nitrogen_froot_sp1,28,0.025301351851869026,0.025301351851869026,0.028530347518238987,0.009018705333849129
tree_nitrogen_leaf_sp1,28,0.04167804323483588,0.04167804323483588,0.054464224959833725,0.016133550873103242
tree_nitrogen_stem_sp1,28,0.0024944115880422128,0.0024944115880422128,0.0018579215995165584,0.0006059946136134044
tree_root_in_top_30,28,-0.020082159382568167,0.08634660429833725,0.1475096570184297,0.0348947443029305
tree_root_to_shoot_sp1,28,-0.02561266602985791,0.10238673152432631,0.20220965035163252,0.049755548765915265
cy0,29,-0.046743143263706745,0.23547908902839013,0.389165516657004,0.09210682323547012
clay,29,-0.3185378172336986,0.624673222635232,1.4163873267276623,0.36425063230652993
temp_ci_delta,29,0.14163407902789832,0.2133281945164148,0.35263159505521974,0.10239985103902374
rain_ci_delta,29,0.6909828367921989,1.065690057354686,2.0397234359969847,0.5208660535644433
evap_ci_delta,29,-0.07536588674894508,0.08668413446139375,0.2258273091444736,0.0659565520052707
ef_burn_crop_N2O_scale,29,-0.0039499732468003135,0.0040302174222084635,0.0025009049912594282,0.0006045975340586028
ef_burn_crop_CH4_scale,29,-0.014834613573782865,0.014975786882222222,0.009501749994655494,0.002642206055669341
ef_burn_tree_N2O_scale,29,0.005209063595068048,0.005209063595068048,0.006735073989796761,0.002025147914383305
ef_burn_tree_CH4_scale,29,0.022091295075793903,0.022091295075793903,0.025179908595531268,0.007474044578965611
ef_N_inputs,29,-0.06722742777836757,0.10162442649404675,0.09474261083125578,0.018681350769554544
combustion_factor_crop,29,-0.017322292429776683,0.017762096117359478,0.012706216121059242,0.0034883349075350814
combustion_factor_tree,29,0.030097539139096713,0.030097539139096713,0.03796856981344626,0.011085930816639052
volatile_frac_organic_fertiliser,29,-0.002875425650973676,0.002875425650973676,0.0003055624420977882,8.220332913376294e-05
volatile_frac_synthetic_fertiliser,29,0.016297396888963138,0.016297396888963138,0.0016405654386365803,0.0005054828205226206
base_sf_qty_scale,29,-0.12981374696526457,0.12981374696526457,0.011684697112334087,0.0038287183019435917
proj_lit_qty_scale,29,0.012774411084404302,0.014642443433350106,0.010735413706947083,0.0023784360824508056
base_stand_density_scale,29,0.0,0.0,0.0,0.0
proj_stand_density_scale,29,-0.009915721647055443,0.6922456087380029,1.121062177516711,0.29158696798961276
tree_wood_dens_sp1,29,0.13104051595779673,0.6763129492430834,0.9532528396628436,0.20998868063796666
base_cover,29,0.018411033527677364,0.23006087203532619,0.3580039133115301,0.08807019256966256
base_fire_off,29,-0.024885313060658488,0.024885313060658488,0.08969221031413532,0.02347518591733369
base_fire_on,29,-0.03493285974000304,0.03493285974000304,0.005956144895643333,0.001885990598943729
base_mortality,29,0.0,0.0,0.0,0.0
base_sf_n_delta,29,-0.13290163271820093,0.13290163271820093,0.013646164833617264,0.00455177140515173
base_thinning_delta,29,0.0,0.0,0.0,0.0
crop_base_left_delta,29,0.07372993835037035,0.07377870019124491,0.03535206268511067,0.011252637002199065
crop_base_yield_delta,29,-0.02644953555716898,0.041038906713975046,0.039851872030252915,0.007617809033669457
crop_carbon_above_sp3,29,0.004267567827948529,0.006001592039362272,0.005727758355717268,0.0011244953282249052
crop_carbon_below_sp3,29,0.016841616268149496,0.017080599303224697,0.011133343311206242,0.00342161047314995
crop_intercept_sp3,29,-0.001110679799803177,0.0021428756227077684,0.0031323406974492806,0.000808908063360968
crop_nitrogen_above_sp3,29,-0.004192904129059355,0.004202156345794012,0.0020133722784272216,0.0006350256518789557
crop_nitrogen_below_sp3,29,-0.009395530786934387,0.009395530786934387,0.0013731474582257038,0.00042146546856253474
crop_carbon_above_sp10,29,0.021942319446320198,0.021942319446320198,0.011373425392631786,0.003347663506993881
crop_carbon_below_sp10,29,0.008858229705802198,0.008906436219451294,0.006046785317478111,0.0017595431429518191
crop_intercept_sp10,29,0.0035214853008155023,0.006176660211936147,0.006489142755903679,0.0012216883200520427
crop_nitrogen_above_sp10,29,-0.00708167797507917,0.00708167797507917,0.001432338465665893,0.00043741116246517816
crop_nitrogen_below_sp10,29,-0.004457407240105768,0.004457407240105768,0.0014506415250371471,0.00043335930573443833
crop_proj_left_delta,29,-0.005986187066335186,0.011109870445072889,0.01520478478260768,0.003252788763182791
crop_proj_yield_delta,29,0.15165369950134253,0.15165369950134253,0.05537976083244041,0.014237711622099419
crop_root_in_top_30,29,0.011137378755933828,0.013107174732138968,0.013942076920927748,0.004180604861852047
crop_root_to_shoot_sp3,29,0.006935980059408685,0.008346237340400924,0.009503883395015282,0.0025356950672684934
crop_slope_sp3,29,-0.0022120980227777975,0.003828996307389987,0.00461716058511532,0.0009806711875308366
crop_root_to_shoot_sp10,29,0.005606875189576274,0.005864631482223634,0.0059425945256718045,0.0018481155306744592
crop_slope_sp10,29,-0.0012968732615876472,0.007442224895745378,0.009161694209287242,0.00158241426701218
cy0_to_ceq_multiplier,29,-0.00011801187165389193,0.0036620468290178647,0.009431762076401243,0.002607058395793946
litter_carbon,29,-0.012975844252528599,0.012975844252528599,0.00694052248284961,0.002097513014054738
litter_nitrogen,29,0.02384058149275816,0.02384058149275816,0.0026222280512938284,0.0007248192172948513
mortality_fraction_branch_delta,29,0.000363115283684412,0.006158679083941088,0.00826990966009788,0.0016673125240070485
mortality_fraction_croot_delta,29,-0.0007550402063376427,0.0026186267450593824,0.0055957516767172685,0.0014956641639970098
mortality_fraction_froot_delta,29,0.00013079707932727724,0.0013993475192101978,0.0023271947355699213,0.0006297240891250611
mortality_fraction_leaf_delta,29,-0.00028343971734315495,0.002560034680200875,0.004093560450664592,0.0009688775443296524
mortality_fraction_stem_delta,29,-0.01026757028542407,0.021271950982561717,0.04269330017435541,0.010896701383645553
pool_alloc_froot_sp1,29,0.015183615178273668,0.05445888786443855,0.09411909794492397,0.02527173225947336
pool_alloc_leaf_sp1,29,0.0038044592652592803,0.10786603073775822,0.16194227532354669,0.03617433484675072
pool_alloc_stem_sp1,29,0.07411366219094831,0.5245764449970258,0.8266218638812616,0.19551859939165092
pool_turnover_branch_sp1,29,0.2787104807705786,0.3170361632409393,0.45094566200867503,0.10435894161679553
pool_turnover_croot_sp1,29,-0.03601808792747678,0.0791660082513536,0.14865365880376355,0.041042132884090164
pool_turnover_froot_sp1,29,0.005950692836530508,0.022511286237354995,0.037172685566777185,0.008116399582630813
pool_turnover_leaf_sp1,29,-0.0015648609872184415,0.034935233192480306,0.05874463313677736,0.015981126072335778
pool_turnover_stem_sp1,29,8.327055284678803,9.833734015143694,15.516392423884126,4.296171438945597
proj_cover,29,-0.10763903487049453,0.4597965748732313,0.9782515159266153,0.2737584217372604
proj_fire_off,29,0.03348483420034655,0.03348483420034655,0.08017837640439109,0.02525629079929045
proj_fire_on,29,0.30692670202870465,0.30692670202870465,0.2743738777068705,0.0888226748072315
proj_mortality,29,0.5591440469533266,0.6019735655992619,1.2805619759995446,0.39915226861494
proj_thinning_delta,29,8.939303557735744,9.622923899388667,16.00198544187817,4.711803728480696
roth_c_cover_c,29,-0.0019575463772893266,0.009845553453803285,0.020435276521677762,0.005191600993642424
roth_c_dpm_frac_crop,29,-0.003464658024402445,0.0034869986508537674,0.004128589271971761,0.0013323244010647359
roth_c_dpm_frac_tree,29,-0.0034128303807679796,0.01692268611260854,0.024650080053730164,0.006005632671733523
roth_c_moisture_b_slope,29,-0.07280796849772814,0.30960792755356004,0.5603517320166775,0.13880767527274385
roth_c_temp_a1,29,0.1480856545082001,0.2587267745551377,0.4296362633937677,0.10196254565339331
roth_c_temp_a2,29,-0.11916391332683782,0.36251044496295304,0.6055192196799775,0.15847694580129024
thinning_fraction_branch_delta,29,0.008559338403507182,0.008559338403507182,0.010132961359270293,0.0030462838090173708
thinning_fraction_croot_delta,29,0.0031951257201356664,0.003521699890495461,0.0038741370097794222,0.0010854430931380914
thinning_fraction_froot_delta,29,0.0016542301728144442,0.0016542301728144442,0.0019708216026272833,0.0006235989421393581
thinning_fraction_leaf_delta,29,0.0032604767128722096,0.0032604767128722096,0.003817173000247952,0.0011639395067408467
thinning_fraction_stem_delta,29,0.01444766432585837,0.02128280611630217,0.028136220178932407,0.006381596046791737
tree_carbon_sp1,29,-0.18119986089101398,0.8726243871672639,1.6795422645524944,0.4323764920225654
tree_nitrogen_branch_sp1,29,0.0011568666719167452,0.0011568666719167452,0.0008447710780780764,0.00023363069131937186
tree_nitrogen_croot_sp1,29,0.0009928185620752927,0.0009928185620752927,0.0019885637623164227,0.0005923491639725476
tree_nitrogen_froot_sp1,29,0.025308912418347547,0.025308912418347547,0.029312674433347622,0.009267768169931424
tree_nitrogen_leaf_sp1,29,0.04188042436528257,0.04188042436528257,0.05642948483448403,0.016699778252600616
tree_nitrogen_stem_sp1,29,0.0024537102398362763,0.0024537102398362763,0.0018908338714076836,0.0006151454839343726
tree_root_in_top_30,29,-0.019683110723317132,0.08658016489212253,0.14839885867279273,0.03513367590861495
tree_root_to_shoot_sp1,29,-0.026768654787640393,0.10118311015442898,0.2022937609112487,0.05004958100792645
cy0,30,-0.0390223415267684,0.23707618840195321,0.3873431068836938,0.09118963044539657
clay,30,-0.31557590690439463,0.6261720865812628,1.4450282443371765,0.37279566340620024
temp_ci_delta,30,0.14334530993218886,0.2130414882281424,0.35609862697903855,0.10391391044807256
rain_ci_delta,30,0.6894225154785889,1.045154672146738,2.030343449037618,0.5184001106816188
evap_ci_delta,30,-0.07451655779743002,0.08659074084775588,0.2275193984751723,0.06650912568135016
ef_burn_crop_N2O_scale,30,-0.003949973246800201,0.004030217422208285,0.002500904991259243,0.0006045975340585693
ef_burn_crop_CH4_scale,30,-0.014834613573783132,0.014975786882222489,0.009501749994655608,0.0026422060556694246
ef_burn_tree_N2O_scale,30,0.0051703532262645764,0.0051703532262645764,0.006877243295465303,0.002067930356889188
ef_burn_tree_CH4_scale,30,0.022004862526915275,0.022004862526915275,0.025731418034282243,0.007650067529361202
ef_N_inputs,30,-0.06703773060307662,0.1033045056330281,0.09801273413910702,0.019313435979940303
combustion_factor_crop,30,-0.017322292429776315,0.01776209611735908,0.012706216121058904,0.0034883349075349687
combustion_factor_tree,30,0.03001550079195771,0.03001550079195771,0.03886089838130402,0.011370110451235774
volatile_frac_organic_fertiliser,30,-0.0028754256509736925,0.0028754256509736925,0.00030556244209777955,8.22033291337576e-05
volatile_frac_synthetic_fertiliser,30,0.016297396888962937,0.016297396888962937,0.0016405654386364456,0.0005054828205225761
base_sf_qty_scale,30,-0.12981374696526427,0.12981374696526427,0.011684697112334488,0.0038287183019438116
proj_lit_qty_scale,30,0.013277097473401075,0.014959399771101075,0.010678466374045065,0.002419506945774676
base_stand_density_scale,30,0.0,0.0,0.0,0.0
proj_stand_density_scale,30,-0.012964350342946207,0.6815112790973697,1.1111795559235407,0.29060127278670705
tree_wood_dens_sp1,30,0.12512909549412257,0.6637265050193084,0.9422233209949902,0.20884717489796464
base_cover,30,0.0065341722405949584,0.23441920370036784,0.35887264188791856,0.08593033947441082
base_fire_off,30,-0.024885313060658477,0.024885313060658477,0.0896922103141353,0.023475185917333687
base_fire_on,30,-0.03493285974000306,0.03493285974000306,0.0059561448956433225,0.0018859905989437231
base_mortality,30,0.0,0.0,0.0,0.0
base_sf_n_delta,30,-0.1329016327182007,0.1329016327182007,0.01364616483361738,0.004551771405151906
base_thinning_delta,30,0.0,0.0,0.0,0.0
crop_base_left_delta,30,0.07162828910048688,0.0717809447465387,0.035216116241026815,0.011139374372148162
crop_base_yield_delta,30,-0.029255302084331906,0.042441083250977854,0.03949575692424937,0.007795848253704564
crop_carbon_above_sp3,30,0.0039611902229844675,0.005830719838675424,0.005746511852238484,0.001099538668738476
crop_carbon_below_sp3,30,0.01593496150921873,0.016372382146589766,0.011093716999747072,0.003315650629727834
crop_intercept_sp3,30,-0.0011056701086660098,0.002106292349445868,0.0030890011600842914,0.000802223510636183
crop_nitrogen_above_sp3,30,-0.0041929041290594965,0.004202156345794186,0.002013372278427367,0.0006350256518790168
crop_nitrogen_below_sp3,30,-0.009395530786934152,0.009395530786934152,0.0013731474582259543,0.000421465468562672
crop_carbon_above_sp10,30,0.021106029246438788,0.021106029246438788,0.011264774918667184,0.0033144405517279143
crop_carbon_below_sp10,30,0.008519127886254932,0.00858745598394706,0.005984262008155662,0.001731032967040507
crop_intercept_sp10,30,0.00324696304213089,0.006100007304953586,0.006515602022431124,0.001205445694076345
crop_nitrogen_above_sp10,30,-0.007081677975079195,0.007081677975079195,0.0014323384656657072,0.0004374111624651587
crop_nitrogen_below_sp10,30,-0.004457407240105568,0.004457407240105568,0.0014506415250371467,0.0004333593057344719
crop_proj_left_delta,30,-0.005981342349182492,0.010988612900939335,0.015112333772066725,0.0032363070760249653
crop_proj_yield_delta,30,0.152946815458841,0.152946815458841,0.05540656668812569,0.014228767913851087
crop_root_in_top_30,30,0.009915594455558984,0.012341904855149088,0.013882671188497116,0.004106081243746663
crop_root_to_shoot_sp3,30,0.006117007375499283,0.007818332359104879,0.009363719262122212,0.002444725891428388
crop_slope_sp3,30,-0.00256467568528346,0.004032749940759769,0.0045382767478305145,0.0009543493189420623
crop_root_to_shoot_sp10,30,0.005258552890951208,0.005565414331107672,0.005925672487610019,0.001825030197319317
crop_slope_sp10,30,-0.002042729794933698,0.007506971582662811,0.009094000844198449,0.0015918405040983995
cy0_to_ceq_multiplier,30,0.00016540670844029104,0.003541775752515142,0.008737410037770404,0.0023377563868726
litter_carbon,30,-0.01247989532732836,0.01247989532732836,0.006884495195882373,0.002083164279835204
litter_nitrogen,30,0.023840581492757775,0.023840581492757775,0.0026222280512939885,0.0007248192172948052
mortality_fraction_branch_delta,30,0.0005784961714114217,0.00615525840507152,0.008093930451890283,0.0016083927651659744
mortality_fraction_croot_delta,30,-0.0007353232236429697,0.0026136684851703505,0.005651250980616835,0.0015156158580203387
mortality_fraction_froot_delta,30,0.00013605095452433325,0.0013973254069551493,0.0023264453330350686,0.0006292114760120543
mortality_fraction_leaf_delta,30,-0.0002655109273717399,0.0025516332873716935,0.004089499858947231,0.0009675907489397617
mortality_fraction_stem_delta,30,-0.010291117896844332,0.02123546195366437,0.04286227746344948,0.010958539429482753
pool_alloc_froot_sp1,30,0.015295741833461423,0.0543618595201355,0.09419435863048732,0.025267587704351994
pool_alloc_leaf_sp1,30,0.003913324145638469,0.10689842689273235,0.16108879080233734,0.03619138936636798
pool_alloc_stem_sp1,30,0.061618798471275424,0.5097962588781711,0.807398997959407,0.1921375134257908
pool_turnover_branch_sp1,30,0.2663177575238128,0.3065669698275926,0.44482269155222115,0.10257075679407798
pool_turnover_croot_sp1,30,-0.03345373228996858,0.07785635481259859,0.14927487277437654,0.041262794571654396
pool_turnover_froot_sp1,30,0.007059820274279366,0.022843751400949446,0.036822835574754305,0.008019084075584377
pool_turnover_leaf_sp1,30,-0.000529421316227574,0.03472266643335982,0.05871015288335447,0.016008065839189903
pool_turnover_stem_sp1,30,8.150914586927925,9.71084643208272,15.436072709040914,4.255146047203341
proj_cover,30,-0.08821430008376765,0.44460342747849085,0.9301205739772851,0.25502978148416927
proj_fire_off,30,0.03348483420034682,0.03348483420034682,0.08017837640439181,0.025256290799290797
proj_fire_on,30,0.30531134883636785,0.30531134883636785,0.2830836128712807,0.09169342433198724
proj_mortality,30,0.5638669434124438,0.608412532052249,1.3257806192579042,0.4142386492013892
proj_thinning_delta,30,8.821324863068707,9.55910374741509,16.038085718468945,4.704012299049371
roth_c_cover_c,30,-0.0019624918364271327,0.009974389118464978,0.021172336644532472,0.005419618313418665
roth_c_dpm_frac_crop,30,-0.0029301589892475528,0.002961353381306539,0.0034262654079849734,0.0011077631317750363
roth_c_dpm_frac_tree,30,-0.003011902436741784,0.016479074840014537,0.024332681873340666,0.006005605490822952
roth_c_moisture_b_slope,30,-0.07931248498259293,0.3049484255460321,0.5514553549864277,0.13589249322296634
roth_c_temp_a1,30,0.1476386488327313,0.25646401753812154,0.43523602975706155,0.10387698454571953
roth_c_temp_a2,30,-0.11861068245082543,0.35486721723222076,0.6063833683639369,0.1604649137200309
thinning_fraction_branch_delta,30,0.008246331308202837,0.008246331308202837,0.009684653330275728,0.0028763753144470496
thinning_fraction_croot_delta,30,0.003109419462100338,0.003441458235189121,0.0037994477360840445,0.0010679751816865303
thinning_fraction_froot_delta,30,0.0016033682885165184,0.0016033682885165184,0.0019310349987716453,0.0006123243587564428
thinning_fraction_leaf_delta,30,0.003193146691826504,0.003193146691826504,0.003730591362654761,0.0011403916435919063
thinning_fraction_stem_delta,30,0.014014271826636174,0.02093479293004277,0.028079102063696758,0.006359514295514319
tree_carbon_sp1,30,-0.19017876255502694,0.8631600035921803,1.6773904708231595,0.43391684333973657
tree_nitrogen_branch_sp1,30,0.0011379294759514603,0.0011379294759514603,0.0008615404268135299,0.00023865166784065711
tree_nitrogen_croot_sp1,30,0.0009993063746960712,0.0009993063746960712,0.002059157375470514,0.000613773808983704
tree_nitrogen_froot_sp1,30,0.025324757048416347,0.025324757048416347,0.030085885651977635,0.009513725451954962
tree_nitrogen_leaf_sp1,30,0.042097192261066965,0.042097192261066965,0.058384226825574204,0.01726249950237774
tree_nitrogen_stem_sp1,30,0.0024160334865975935,0.0024160334865975935,0.001924410386967939,0.0006244738334541984
tree_root_in_top_30,30,-0.01925923988717789,0.0866926483759122,0.14901402827968976,0.0352933996874929
tree_root_to_shoot_sp1,30,-0.027687128056031945,0.09988610550727983,0.20180896875156018,0.05016733153570369
cy0,31,-0.03180071218262591,0.24447300281863016,0.3885622966828421,0.08955717594176542
clay,31,-0.31322947945462015,0.6270333514566321,1.472879463152191,0.38123166762678085
temp_ci_delta,31,0.14444662978876244,0.21277528166493545,0.35938560390640295,0.10527548361673422
rain_ci_delta,31,0.6848331516360766,1.0263224879550523,2.0227612567029025,0.5163652121785937
evap_ci_delta,31,-0.07338032168477863,0.08627221983592848,0.22885808363539742,0.06695637886142164
ef_burn_crop_N2O_scale,31,-0.003949973246800351,0.004030217422208502,0.0025009049912592387,0.0006045975340585244
ef_burn_crop_CH4_scale,31,-0.014834613573782681,0.01497578688222204,0.009501749994655419,0.0026422060556694103
ef_burn_tree_N2O_scale,31,0.005135261873670541,0.005135261873670541,0.007021632741464026,0.0021112505453485327
ef_burn_tree_CH4_scale,31,0.021931762295665996,0.021931762295665996,0.026298334398799993,0.007831962256659955
ef_N_inputs,31,-0.066827805256391,0.10493719239154697,0.10125515649050273,0.01996093591781491
combustion_factor_crop,31,-0.017322292429776714,0.01776209611735951,0.012706216121059126,0.003488334907535052
combustion_factor_tree,31,0.029949586493699082,0.029949586493699082,0.03975697230036127,0.011655811030379815
volatile_frac_organic_fertiliser,31,-0.002875425650973709,0.002875425650973709,0.0003055624420977848,8.220332913374632e-05
volatile_frac_synthetic_fertiliser,31,0.016297396888962902,0.016297396888962902,0.0016405654386364098,0.0005054828205225645
base_sf_qty_scale,31,-0.12981374696526465,0.12981374696526465,0.011684697112334257,0.0038287183019436585
proj_lit_qty_scale,31,0.013757032301455299,0.015259640313865733,0.010619437996639641,0.0024642887444399865
base_stand_density_scale,31,0.0,0.0,0.0,0.0
proj_stand_density_scale,31,-0.0147448205023272,0.6701294383723593,1.0985799801666583,0.2885818914407804
tree_wood_dens_sp1,31,0.12037625893685519,0.650975974541654,0.929670837876514,0.20714828640235988
base_cover,31,-0.004009830332559444,0.23786761127420136,0.36000373714228256,0.08434476101389268
base_fire_off,31,-0.024885313060658512,0.024885313060658512,0.08969221031413539,0.023475185917333708
base_fire_on,31,-0.03493285974000299,0.03493285974000299,0.005956144895643291,0.0018859905989437279
base_mortality,31,0.0,0.0,0.0,0.0
base_sf_n_delta,31,-0.13290163271820057,0.13290163271820057,0.013646164833617398,0.004551771405151899
base_thinning_delta,31,0.0,0.0,0.0,0.0
crop_base_left_delta,31,0.06962518786647169,0.06987662492596067,0.03507466346039632,0.01103039121955406
crop_base_yield_delta,31,-0.0319371251362221,0.043952147108126914,0.039123616334082685,0.007872979761524505
crop_carbon_above_sp3,31,0.003691636625091835,0.005677033917330607,0.005759522883922252,0.0010840769506263493
crop_carbon_below_sp3,31,0.015134088016635289,0.015737201342075773,0.011055390055244018,0.003231697435517484
crop_intercept_sp3,31,-0.0011001624394464643,0.0020698584449424045,0.0030456817126629353,0.0007954485225061744
crop_nitrogen_above_sp3,31,-0.004192904129059196,0.004202156345793887,0.00201337227842745,0.0006350256518790669
crop_nitrogen_below_sp3,31,-0.009395530786934444,0.009395530786934444,0.0013731474582254959,0.00042146546856246936
crop_carbon_above_sp10,31,0.020311479003021705,0.020311479003021705,0.011153394754449717,0.0032814014838331257
crop_carbon_below_sp10,31,0.008197882759610645,0.00828436619462323,0.005922809149120914,0.0017041822689076124
crop_intercept_sp10,31,0.0029855142850880117,0.006065412472317075,0.006541513796990406,0.0011696745048753272
crop_nitrogen_above_sp10,31,-0.007081677975079012,0.007081677975079012,0.0014323384656658295,0.00043741116246520613
crop_nitrogen_below_sp10,31,-0.00445740724010556,0.00445740724010556,0.0014506415250372896,0.00043335930573449845
crop_proj_left_delta,31,-0.005928406334882017,0.010837790962534446,0.014987580188793684,0.0032121172884277418
crop_proj_yield_delta,31,0.1541882697012662,0.1541882697012662,0.05542313242338613,0.014217433747830325
crop_root_in_top_30,31,0.008810022205309537,0.011792782934928603,0.01383567959421514,0.0039721069946411424
crop_root_to_shoot_sp3,31,0.005388284207319788,0.007450295476924723,0.00923965542028688,0.0023442896095137726
crop_slope_sp3,31,-0.0028797393293061692,0.00421677873836585,0.004460296719821044,0.0009321997080040676
crop_root_to_shoot_sp10,31,0.004925854287932381,0.005305227209673737,0.005907882281380526,0.0017927334700409475
crop_slope_sp10,31,-0.002751012329166408,0.007613474588736407,0.009027827800029437,0.0016111139405887741
cy0_to_ceq_multiplier,31,0.00041741778599780623,0.00342790541836461,0.00835826951149574,0.002184657843687095
litter_carbon,31,-0.012006423149233319,0.012006423149233319,0.006826240300930731,0.002067971184089738
litter_nitrogen,31,0.023840581492757536,0.023840581492757536,0.002622228051294231,0.0007248192172948792
mortality_fraction_branch_delta,31,0.0007821854710225839,0.006136371872869145,0.007908137857804304,0.001549056566399547
mortality_fraction_croot_delta,31,-0.0007145199617701464,0.0026084993903405878,0.005697387944159349,0.0015325585751553433
mortality_fraction_froot_delta,31,0.00014125607315411404,0.001393231957402627,0.002322068024747573,0.0006277154228072497
mortality_fraction_leaf_delta,31,-0.0002473595691518393,0.0025435391569836817,0.004078399913157557,0.0009645372178787996
mortality_fraction_stem_delta,31,-0.01028753309972543,0.021168670735672912,0.042955945477997054,0.011000734287874429
pool_alloc_froot_sp1,31,0.015417820367284419,0.054235001955441973,0.09412386088421906,0.02522058111154903
pool_alloc_leaf_sp1,31,0.004084156539311689,0.10581686363859774,0.15996386293823753,0.03612450288577898
pool_alloc_stem_sp1,31,0.05070165670691602,0.4946865773555552,0.7861685949331644,0.18786861871872207
pool_turnover_branch_sp1,31,0.2533972212013936,0.2956331932630268,0.4365627761508467,0.10027385966063365
pool_turnover_croot_sp1,31,-0.031103393343423165,0.07695468453558263,0.14989516973967662,0.04140556124802696
pool_turnover_froot_sp1,31,0.008057105358514055,0.02308836550641789,0.03648541877013167,0.007949187655600634
pool_turnover_leaf_sp1,31,0.0004523518557569106,0.03448758327413342,0.05861299907112857,0.016018547087465574
pool_turnover_stem_sp1,31,7.9579669943249955,9.563257154726447,15.30582666850867,4.199592204218784
proj_cover,31,-0.06892061712696547,0.4291774510940156,0.886008117085653,0.2379832157049445
proj_fire_off,31,0.03348483420034655,0.03348483420034655,0.08017837640439109,0.02525629079929045
proj_fire_on,31,0.30379563365572704,0.30379563365572704,0.29169566218603743,0.09452933669522108
proj_mortality,31,0.5681231009709435,0.6145175067995685,1.3686129837369105,0.42858276879777185
proj_thinning_delta,31,8.688642964982899,9.480671307645153,16.02456684562686,4.682748839883845
roth_c_cover_c,31,-0.0019693648394390195,0.010098879395800186,0.021800468538764172,0.005598508370769019
roth_c_dpm_frac_crop,31,-0.0025311658891230744,0.002574603876552914,0.0028736769615037463,0.0009259699795116953
roth_c_dpm_frac_tree,31,-0.0026562912132378548,0.016051713612946123,0.02399521262049409,0.005990708434477005
roth_c_moisture_b_slope,31,-0.08529410433545846,0.3001048631638305,0.542535299158853,0.1331158071893595
roth_c_temp_a1,31,0.1468089539356662,0.254427530802405,0.4400696730590462,0.10534387445758116
roth_c_temp_a2,31,-0.11698808872941706,0.3482502974931878,0.6076267250585792,0.16216603463230408
thinning_fraction_branch_delta,31,0.007961547080953577,0.007961547080953577,0.009273021577507349,0.0027232401387652463
thinning_fraction_croot_delta,31,0.0030305295753871504,0.0033660338955772222,0.0037289222375383757,0.001052714695165267
thinning_fraction_froot_delta,31,0.0015582358433858274,0.0015582358433858274,0.001891635196610722,0.0006002984297708374
thinning_fraction_leaf_delta,31,0.0031287251459755417,0.0031287251459755417,0.0036465055283941027,0.0011172322611387262
thinning_fraction_stem_delta,31,0.013621456814221247,0.020577279031201483,0.027928915765423685,0.006320651291123647
tree_carbon_sp1,31,-0.19705598993580767,0.8532024238415131,1.6703189838566996,0.43381709447968586
tree_nitrogen_branch_sp1,31,0.0011198050170986185,0.0011198050170986185,0.000877688868235138,0.00024347879512490392
tree_nitrogen_croot_sp1,31,0.0010061768976815572,0.0010061768976815572,0.0021295166425896687,0.0006351203098331397
tree_nitrogen_froot_sp1,31,0.02534723613218447,0.02534723613218447,0.03084800802991525,0.009755940619796595
tree_nitrogen_leaf_sp1,31,0.04232452357977982,0.04232452357977982,0.060321487626894495,0.017819784835793436
tree_nitrogen_stem_sp1,31,0.002381051894996511,0.002381051894996511,0.001958538497274145,0.0006339510830090028
tree_root_in_top_30,31,-0.01880128525041806,0.08667254678563237,0.14932317024232147,0.035363838990924754
tree_root_to_shoot_sp1,31,-0.028368884419675732,0.09847876135723707,0.20071507871405417,0.05010047303093915
cy0,32,-0.02504844160282334,0.25048505718633374,0.3919817186613068,0.08886695076746406
clay,32,-0.25121701798505036,0.6403299794136605,1.488649294519342,0.3835883133141565
temp_ci_delta,32,0.11696903297126263,0.21644841483295285,0.36375316972825283,0.10194488761136639
rain_ci_delta,32,0.5459134542136594,0.9944982652583094,1.973204216844163,0.5020715544091517
evap_ci_delta,32,-0.056648483819264274,0.08164511852838773,0.2194941646476208,0.06453447729996045
ef_burn_crop_N2O_scale,32,-0.0052650886213577676,0.005280373647965982,0.003171542566111764,0.0007929160788464749
ef_burn_crop_CH4_scale,32,-0.019646628497269936,0.019668161301219532,0.011926626289819196,0.003358149983668391
ef_burn_tree_N2O_scale,32,0.005103323078510602,0.005103323078510602,0.007167304116447707,0.0021548455327860317
ef_burn_tree_CH4_scale,32,0.0218700633177668,0.0218700633177668,0.026876407065561804,0.008018250047025053
ef_N_inputs,32,-0.07944262433897314,0.11640548172436169,0.10419137949458827,0.019725745361178
combustion_factor_crop,32,-0.023108582373568075,0.023134396611240594,0.015554308587243701,0.004563672827451559
combustion_factor_tree,32,0.029897286338765684,0.029897286338765684,0.04065332182238456,0.011941868290058348
volatile_frac_organic_fertiliser,32,-0.002875425650973884,0.002875425650973884,0.0003055624420977906,8.220332913377157e-05
volatile_frac_synthetic_fertiliser,32,0.016297396888962944,0.016297396888962944,0.0016405654386365005,0.000505482820522591
base_sf_qty_scale,32,-0.1298137469652645,0.1298137469652645,0.011684697112334342,0.003828718301943724
proj_lit_qty_scale,32,0.01421568239428513,0.01554392502757706,0.010558234661754871,0.0025121290275146794
base_stand_density_scale,32,0.0,0.0,0.0,0.0
proj_stand_density_scale,32,-0.015266394103701836,0.658024938066621,1.0831406224676072,0.2855064772748732
tree_wood_dens_sp1,32,0.11672178701061373,0.637970002986304,0.9155424830038029,0.2048958966680371
base_cover,32,-0.013338387079235885,0.24042399224880445,0.36120480274712496,0.08319877846961993
base_fire_off,32,-0.024885313060658495,0.024885313060658495,0.08969221031413534,0.023475185917333698
base_fire_on,32,-0.03493285974000244,0.03493285974000244,0.0059561448956426625,0.0018859905989435824
base_mortality,32,0.0,0.0,0.0,0.0
base_sf_n_delta,32,-0.13290163271820082,0.13290163271820082,0.01364616483361734,0.00455177140515175
base_thinning_delta,32,0.0,0.0,0.0,0.0
crop_base_left_delta,32,0.06771501958244075,0.06806036058911277,0.03492631371097456,0.010924902815599097
crop_base_yield_delta,32,-0.034501646794539646,0.04549549667760693,0.03873713927335619,0.00787941237928034
crop_carbon_above_sp3,32,0.06066788179790681,0.06066788179790681,0.033465419381398076,0.00949339393091032
crop_carbon_below_sp3,32,0.09401154985980564,0.09401154985980564,0.01857234566858099,0.0058396416076564725
crop_intercept_sp3,32,0.02887079560141954,0.03067067434528269,0.031740343127981185,0.011162253699223799
crop_nitrogen_above_sp3,32,-0.011008484110479718,0.011008484110479718,0.004182521244883912,0.0012498817122695359
crop_nitrogen_below_sp3,32,-0.016081035434721034,0.016081035434721034,0.002230587608651597,0.0006893207916086665
crop_carbon_above_sp10,32,0.019555153550143027,0.019555153550143027,0.01104016396524764,0.003248575275178523
crop_carbon_below_sp10,32,0.007892562733266873,0.007995494213990763,0.0058621357695853625,0.001678739613488908
crop_intercept_sp10,32,0.0027369060257252413,0.006036729987936365,0.006566863520577954,0.0011375638029214774
crop_nitrogen_above_sp10,32,-0.007081677975078996,0.007081677975078996,0.0014323384656657705,0.0004374111624651767
crop_nitrogen_below_sp10,32,-0.004457407240105552,0.004457407240105552,0.0014506415250372844,0.0004333593057345357
crop_proj_left_delta,32,0.0895063666081499,0.0895063666081499,0.058164690806990965,0.018701955384132867
crop_proj_yield_delta,32,-0.3050620534851511,0.3050620534851511,0.15903423852556153,0.04693048380192627
crop_root_in_top_30,32,0.07753900706667922,0.07753900706667922,0.02182382039252183,0.007064789576120124
crop_root_to_shoot_sp3,32,0.07502116593646738,0.07502116593646738,0.017844677073705243,0.0054093101072499395
crop_slope_sp3,32,0.019446528187630673,0.019446528187630673,0.006415344917526706,0.002021234888543171
crop_root_to_shoot_sp10,32,0.004607980929529231,0.0050896933949463805,0.005888684617879071,0.0017508402375805163
crop_slope_sp10,32,-0.003424430631474862,0.007728277400950295,0.008963454759319549,0.0016501317597388708
cy0_to_ceq_multiplier,32,0.0006411169267061367,0.0033199347961030356,0.008236623529108368,0.002132461495670741
litter_carbon,32,-0.011554233260133195,0.011554233260133195,0.006765770644247849,0.0020519582295537996
litter_nitrogen,32,0.023840581492758132,0.023840581492758132,0.0026222280512939486,0.0007248192172948883
mortality_fraction_branch_delta,32,0.0009757007392556972,0.006102676105098031,0.007711279423679041,0.001488754903047451
mortality_fraction_croot_delta,32,-0.0006923565645681418,0.0025993391062559823,0.005732890799630498,0.0015461705280477897
mortality_fraction_froot_delta,32,0.00014659549565222972,0.0013900304301954602,0.002313638132638299,0.0006252144421379371
mortality_fraction_leaf_delta,32,-0.00022870345369012667,0.0025326094711749627,0.004059656142349893,0.0009595876361932779
mortality_fraction_stem_delta,32,-0.010255204207538482,0.02106945056457099,0.042969180037340765,0.011021703928830076
pool_alloc_froot_sp1,32,0.015552713597608986,0.05415216445911902,0.0938908993345384,0.025126963279615052
pool_alloc_leaf_sp1,32,0.004327398370288169,0.10488685333423034,0.15853577606984112,0.03585139907237336
pool_alloc_stem_sp1,32,0.04130037443623268,0.4788285989073082,0.763077323920986,0.18289926077081403
pool_turnover_branch_sp1,32,0.23994648377665279,0.2843231202796895,0.42626632728361674,0.097493719622523
pool_turnover_croot_sp1,32,-0.028942963447808757,0.07636161686506056,0.15048615141117574,0.04150473155180206
pool_turnover_froot_sp1,32,0.008951460145962802,0.02337404579988585,0.0361632301603981,0.007850179867600433
pool_turnover_leaf_sp1,32,0.0013873189663108076,0.03430967631656478,0.058445649509642206,0.015998236862222865
pool_turnover_stem_sp1,32,7.746839198826471,9.398551696384368,15.124698162498191,4.126939428125138
proj_cover,32,0.07411201532613573,0.40910323149521055,0.7847364489033886,0.20730882413221752
proj_fire_off,32,0.023394939539442595,0.023394939539442595,0.0719613383296417,0.02342570071968813
proj_fire_on,32,0.2962077356460069,0.2962077356460069,0.30077214822908127,0.0976285439283463
proj_mortality,32,0.5718104954791811,0.6205308846642256,1.4086163346803926,0.44199280640298216
proj_thinning_delta,32,8.539490221805519,9.381380087014254,15.958696411325642,4.647024946097285
roth_c_cover_c,32,-0.002679170300777861,0.010227656988143208,0.02237133452615816,0.005736834795825621
roth_c_dpm_frac_crop,32,-0.09694596982081062,0.09694596982081062,0.030379254967776922,0.008551323407369126
roth_c_dpm_frac_tree,32,-0.0023436412800146274,0.01563566288195028,0.02363032695394421,0.005959421217719884
roth_c_moisture_b_slope,32,-0.056662801746426426,0.2958620597068369,0.5444693306774788,0.13444208881462885
roth_c_temp_a1,32,0.11083074233624753,0.25982682391949036,0.4461403038443195,0.10127625481781495
roth_c_temp_a2,32,-0.045057670002819995,0.3570154063402028,0.6053091036562951,0.1542367491165711
thinning_fraction_branch_delta,32,0.0076989375581758,0.0076989375581758,0.008893718066957794,0.002584824392926637
thinning_fraction_croot_delta,32,0.002956751079219999,0.003293675781964578,0.0036606810381103728,0.0010388005464746668
thinning_fraction_froot_delta,32,0.001517199445642764,0.001517199445642764,0.0018523233338870063,0.0005876005661812344
thinning_fraction_leaf_delta,32,0.003066286478142327,0.003066286478142327,0.0035645993520234944,0.0010944234830951472
thinning_fraction_stem_delta,32,0.013259910049030932,0.020207949285582096,0.02769390141070076,0.006265302703406573
tree_carbon_sp1,32,-0.20182901204949805,0.8422171094411365,1.6580448470358464,0.43202642354052456
tree_nitrogen_branch_sp1,32,0.0011024229305051925,0.0011024229305051925,0.0008932152066770553,0.00024810870526930376
tree_nitrogen_croot_sp1,32,0.0010133364955925317,0.0010133364955925317,0.0021993275696755477,0.0006562937281449075
tree_nitrogen_froot_sp1,32,0.025374772583871292,0.025374772583871292,0.031596989507446174,0.009993750717222308
tree_nitrogen_leaf_sp1,32,0.0425586405367454,0.0425586405367454,0.06223395953959587,0.01836960143691089
tree_nitrogen_stem_sp1,32,0.0023484719514183738,0.0023484719514183738,0.0019930949178208917,0.0006435453992263005
tree_root_in_top_30,32,-0.018298737631305205,0.08651028700618575,0.14929718842994893,0.035335669986974495
tree_root_to_shoot_sp1,32,-0.028814361088070478,0.09694684301431447,0.19897917599507747,0.04984221510677608
cy0,33,-0.018737579491722993,0.25524202102210525,0.396892235520827,0.08892513633848592
clay,33,-0.2462293420483331,0.6439104910934556,1.5133855907885456,0.3917557379475625
temp_ci_delta,33,0.11158900761540565,0.21560078651735579,0.365563761754808,0.10214303744208515
rain_ci_delta,33,0.49733650301283594,0.9757021191072761,1.953642549196265,0.4990073941253394
evap_ci_delta,33,-0.05136782072497807,0.0808048638807121,0.21879534169042364,0.06430019223160506
ef_burn_crop_N2O_scale,33,-0.005265088621357928,0.005280373647966075,0.0031715425661115416,0.000792916078846438
ef_burn_crop_CH4_scale,33,-0.019646628497269777,0.019668161301219407,0.011926626289819314,0.003358149983668354
ef_burn_tree_N2O_scale,33,0.005074099344702515,0.005074099344702515,0.007313312355036612,0.0021984465936389207
ef_burn_tree_CH4_scale,33,0.021817917028746848,0.021817917028746848,0.027461343053149574,0.008207458538393105
ef_N_inputs,33,-0.07921261745523576,0.1178847254861151,0.10733942715391169,0.020368881188297085
combustion_factor_crop,33,-0.02310858237356798,0.023134396611240497,0.015554308587243774,0.004563672827451526
combustion_factor_tree,33,0.029856222210351568,0.029856222210351568,0.04154637373878079,0.012227101371862607
volatile_frac_organic_fertiliser,33,-0.002875425650973859,0.002875425650973859,0.0003055624420978016,8.220332913378167e-05
volatile_frac_synthetic_fertiliser,33,0.016297396888962996,0.016297396888962996,0.0016405654386364304,0.0005054828205225604
base_sf_qty_scale,33,-0.12981374696526435,0.12981374696526435,0.011684697112334753,0.0038287183019439035
proj_lit_qty_scale,33,0.014654243806474654,0.015834521980898037,0.010494768902715253,0.002556826116826166
base_stand_density_scale,33,0.0,0.0,0.0,0.0
proj_stand_density_scale,33,-0.014539832403625075,0.6452194277477183,1.0647797933889038,0.28133588295473005
tree_wood_dens_sp1,33,0.11411323481889694,0.6246362335711914,0.8998141175884281,0.202100999139509
base_cover,33,-0.021558067776988828,0.24219572736534664,0.3623317848375131,0.08238133839436115
base_fire_off,33,-0.024885313060658505,0.024885313060658505,0.08969221031413536,0.023475185917333705
base_fire_on,33,-0.03493285974000293,0.03493285974000293,0.005956144895643052,0.001885990598943742
base_mortality,33,0.0,0.0,0.0,0.0
base_sf_n_delta,33,-0.13290163271820093,0.13290163271820093,0.01364616483361729,0.00455177140515173
base_thinning_delta,33,0.0,0.0,0.0,0.0
crop_base_left_delta,33,0.06589289632692223,0.0663275439880929,0.03477123309421048,0.010822371540065132
crop_base_yield_delta,33,-0.03695436188096122,0.04706421244473289,0.03833727333596806,0.007818654813909713
crop_carbon_above_sp3,33,0.039431116977683894,0.039431116977683894,0.024199490020509678,0.0069650006948260524
crop_carbon_below_sp3,33,0.06303625821903538,0.06303625821903538,0.01759620212043464,0.005556673903138315
crop_intercept_sp3,33,0.014513287833596062,0.016295554958991782,0.01821321142280744,0.006128244780994428
crop_nitrogen_above_sp3,33,-0.011008484110479319,0.011008484110479319,0.004182521244884216,0.0012498817122696556
crop_nitrogen_below_sp3,33,-0.016081035434720784,0.016081035434720784,0.002230587608651692,0.0006893207916086789
crop_carbon_above_sp10,33,0.018834879294349384,0.018834879294349384,0.01092406927013969,0.0032155360845086928
crop_carbon_below_sp10,33,0.007602266736464254,0.0077201608438587435,0.005801741378439729,0.0016543368226387474
crop_intercept_sp10,33,0.0024999608209864952,0.006009770281936779,0.006591836827252412,0.0011114728965303609
crop_nitrogen_above_sp10,33,-0.007081677975079216,0.007081677975079216,0.00143233846566558,0.0004374111624650961
crop_nitrogen_below_sp10,33,-0.004457407240105335,0.004457407240105335,0.0014506415250372,0.00043335930573448094
crop_proj_left_delta,33,0.052553304454047024,0.05288890515657507,0.03908334787711633,0.012365080282502085
crop_proj_yield_delta,33,-0.07769618468790124,0.13692783339718134,0.16118654013130285,0.035316498546913475
crop_root_in_top_30,33,0.046978120225687335,0.046978120225687335,0.021674610469580764,0.007069997001552069
crop_root_to_shoot_sp3,33,0.04380881765009473,0.04380881765009473,0.017272253369709417,0.005228736076006159
crop_slope_sp3,33,0.007845194161351132,0.008016522403897363,0.005958913344192185,0.0017627446471257682
crop_root_to_shoot_sp10,33,0.004304205620850395,0.004887870157414977,0.005868193910084807,0.0017105316762118762
crop_slope_sp10,33,-0.004064354656718272,0.007836156376511149,0.008900177598540348,0.0017090981599160652
cy0_to_ceq_multiplier,33,0.0008397275038424523,0.0032152507642393357,0.00830531854347872,0.002157879750171876
litter_carbon,33,-0.011122214775114315,0.011122214775114315,0.006703182932215328,0.0020351597087789938
litter_nitrogen,33,0.023840581492757966,0.023840581492757966,0.0026222280512938766,0.0007248192172948422
mortality_fraction_branch_delta,33,0.001160389170342728,0.006054821968406861,0.007502516730664221,0.001427124990633441
mortality_fraction_croot_delta,33,-0.0006685262855366303,0.002586003951860294,0.005756586818921864,0.001556073975904228
mortality_fraction_froot_delta,33,0.0001522365188080188,0.0013856082098473166,0.0023008044051738286,0.000621095021342548
mortality_fraction_leaf_delta,33,-0.000209228815454629,0.002517554538070607,0.004032741534945942,0.0009525868567433518
mortality_fraction_stem_delta,33,-0.010192359714691832,0.020935998158714983,0.0428975687939252,0.011020011339984016
pool_alloc_froot_sp1,33,0.015703606097575533,0.05400058666851563,0.09348102125324412,0.024978516249905946
pool_alloc_leaf_sp1,33,0.004653031307289534,0.1038184383132088,0.15677795244183998,0.035486981354214985
pool_alloc_stem_sp1,33,0.03334585167237869,0.46247552644589085,0.7383664485453529,0.1773014617305674
pool_turnover_branch_sp1,33,0.22597525007525637,0.2734117377130022,0.4141077976112971,0.09396973822690934
pool_turnover_croot_sp1,33,-0.026949622252142418,0.07578334434548101,0.15101956734547575,0.04160600325410114
pool_turnover_froot_sp1,33,0.00975181803046508,0.0238991915335455,0.035858326941695697,0.007646030716612578
pool_turnover_leaf_sp1,33,0.002282035501336166,0.034340073757738496,0.05820090345625827,0.015901910284975278
pool_turnover_stem_sp1,33,7.516479477546689,9.229959382322711,14.89232902646729,4.034381860602826
proj_cover,33,0.11968196723114066,0.4059922737896787,0.7483344310724771,0.1974472713768578
proj_fire_off,33,0.023394939539442595,0.023394939539442595,0.0719613383296417,0.02342570071968813
proj_fire_on,33,0.2948254361633841,0.2948254361633841,0.30907720117780274,0.10035822313002145
proj_mortality,33,0.574829560830465,0.6256040619576929,1.4453621380776966,0.45434903468647064
proj_thinning_delta,33,8.372373972489058,9.259719005373752,15.838264327502175,4.596014336224095
roth_c_cover_c,33,-0.0028536144441355356,0.010302825956076803,0.02280709950148528,0.005848140933298804
roth_c_dpm_frac_crop,33,-0.05775590292052855,0.05775590292052855,0.0313178513096719,0.009304149039195138
roth_c_dpm_frac_tree,33,-0.002072478618038895,0.015228133903349626,0.02323279509757844,0.005910456828648122
roth_c_moisture_b_slope,33,-0.05640252298979218,0.28864404459974274,0.5284537348684213,0.12970400619349134
roth_c_temp_a1,33,0.10298245513201709,0.25879235825387015,0.44662949862362933,0.10048344929590906
roth_c_temp_a2,33,-0.028220329371190782,0.35710629091507873,0.604139444791062,0.1535646007890278
thinning_fraction_branch_delta,33,0.007454206968792243,0.007454206968792243,0.008543164707256991,0.0024593659164325182
thinning_fraction_croot_delta,33,0.0028869417633795276,0.003223191025535846,0.0035933077019872414,0.001025571499852127
thinning_fraction_froot_delta,33,0.001479183956755592,0.001479183956755592,0.0018130679890921335,0.0005743606921410947
thinning_fraction_leaf_delta,33,0.0030052378006548445,0.0030052378006548445,0.0034845439221608656,0.0010719078038783979
thinning_fraction_stem_delta,33,0.012923758126432353,0.019825096251811693,0.02737991036929262,0.006193866355227118
tree_carbon_sp1,33,-0.20449851732639096,0.8299526042096147,1.640349648528265,0.4285018674400414
tree_nitrogen_branch_sp1,33,0.0010857165903993993,0.0010857165903993993,0.0009081120021662205,0.00025253685601495714
tree_nitrogen_croot_sp1,33,0.0010206924098399683,0.0010206924098399683,0.0022682667416686086,0.0006771961823138451
tree_nitrogen_froot_sp1,33,0.02540585600907766,0.02540585600907766,0.0323307278552944,0.010226475613138563
tree_nitrogen_leaf_sp1,33,0.0427958215258849,0.0427958215258849,0.06411408338500833,0.01890984008262996
tree_nitrogen_stem_sp1,33,0.0023180307643066874,0.0023180307643066874,0.002027947487487268,0.000653222209919904
tree_root_in_top_30,33,-0.017740965062480532,0.08619798136657815,0.14891018209019055,0.03520040693210036
tree_root_to_shoot_sp1,33,-0.029024420796591417,0.09527884566604913,0.19657767783591415,0.0493879023975097
cy0,34,-0.012840634783077867,0.25886321450117633,0.40272082779556806,0.08955210367845023
clay,34,-0.24543688416363132,0.6458383806346173,1.5371692030642574,0.3997483096549999
temp_ci_delta,34,0.11375995100087073,0.21323493945745325,0.3664228937680631,0.10311129417864345
rain_ci_delta,34,0.49291281283543753,0.9643610611278548,1.9414618791677352,0.495041466655275
evap_ci_delta,34,-0.05096145928830427,0.07947976715829146,0.2168000408464966,0.06410239585176077
ef_burn_crop_N2O_scale,34,-0.005265088621357845,0.005280373647966025,0.0031715425661117454,0.0007929160788465059
ef_burn_crop_CH4_scale,34,-0.019646628497269735,0.019668161301219365,0.011926626289819383,0.00335814998366842
ef_burn_tree_N2O_scale,34,0.005047179337362701,0.005047179337362701,0.007458712203227958,0.0022417816951087795
ef_burn_tree_CH4_scale,34,0.02177355263750522,0.02177355263750522,0.02804884121976658,0.008398130889574092
ef_N_inputs,34,-0.07898235405379729,0.11931462298612341,0.11041494881387637,0.02101377791398957
combustion_factor_crop,34,-0.02310858237356831,0.02313439661124083,0.015554308587243583,0.004563672827451521
combustion_factor_tree,34,0.029824135643511544,0.029824135643511544,0.04243247839170152,0.012510319760410645
volatile_frac_organic_fertiliser,34,-0.0028754256509739675,0.0028754256509739675,0.00030556244209781,8.220332913378232e-05
volatile_frac_synthetic_fertiliser,34,0.016297396888962944,0.016297396888962944,0.0016405654386363565,0.0005054828205225537
base_sf_qty_scale,34,-0.1298137469652645,0.1298137469652645,0.011684697112334353,0.003828718301943721
proj_lit_qty_scale,34,0.015073831241277143,0.016117214374334245,0.010428998522321825,0.002600607022583906
base_stand_density_scale,34,0.0,0.0,0.0,0.0
proj_stand_density_scale,34,-0.012580751026147419,0.632063550549369,1.0434598166892497,0.2759304758689193
tree_wood_dens_sp1,34,0.11250276208351337,0.6109187125005118,0.8824893532973486,0.19878194926784698
base_cover,34,-0.028768065115256924,0.24324629338068302,0.3632798952683363,0.08181538295954952
base_fire_off,34,-0.024885313060658505,0.024885313060658505,0.08969221031413538,0.023475185917333708
base_fire_on,34,-0.0349328597400028,0.0349328597400028,0.005956144895643135,0.001885990598943676
base_mortality,34,0.0,0.0,0.0,0.0
base_sf_n_delta,34,-0.13290163271820082,0.13290163271820082,0.013646164833617325,0.004551771405151742
base_thinning_delta,34,0.0,0.0,0.0,0.0
crop_base_left_delta,34,0.06415396432045019,0.06467339229304382,0.03460844214636557,0.010722135490209743
crop_base_yield_delta,34,-0.03930090438832579,0.04854874575281218,0.03792590306745585,0.007797877304678241
crop_carbon_above_sp3,34,0.030558414645252312,0.030558414645252312,0.020071186640537107,0.005830268169461836
crop_carbon_below_sp3,34,0.050081559075255425,0.050081559075255425,0.01680944643752483,0.0053854504240552796
crop_intercept_sp3,34,0.008730682188780403,0.0104953237156239,0.013080172209828801,0.004242037724341178
crop_nitrogen_above_sp3,34,-0.011008484110479628,0.011008484110479628,0.004182521244883858,0.0012498817122695222
crop_nitrogen_below_sp3,34,-0.016081035434720642,0.016081035434720642,0.002230587608651672,0.0006893207916086806
crop_carbon_above_sp10,34,0.01814865272054384,0.01814865272054384,0.0108061644906685,0.003182450893964905
crop_carbon_below_sp10,34,0.007326183085442294,0.007457561397459199,0.005742204094575998,0.001631142539978294
crop_intercept_sp10,34,0.0022743874980408014,0.005983648256201825,0.0066158884459101485,0.0010911279194564224
crop_nitrogen_above_sp10,34,-0.007081677975078975,0.007081677975078975,0.001432338465665902,0.00043741116246520873
crop_nitrogen_below_sp10,34,-0.0044574072401056515,0.0044574072401056515,0.0014506415250371523,0.0004333593057344772
crop_proj_left_delta,34,0.037323451442003046,0.038311298416095846,0.030905009163033015,0.009471989206078314
crop_proj_yield_delta,34,0.014283064401568018,0.12201173321204939,0.1524439029834839,0.03026574750969491
crop_root_in_top_30,34,0.0343595917778093,0.0343595917778093,0.02078609668931495,0.00681408026013629
crop_root_to_shoot_sp3,34,0.030959984116678087,0.030959984116678087,0.01643421624743538,0.005019480095043737
crop_slope_sp3,34,0.0029558747690017844,0.004892825224649564,0.005521268394833089,0.0011521962983018072
crop_root_to_shoot_sp10,34,0.004013576290252854,0.004696200620234422,0.0058462480480942014,0.0016722656163673643
crop_slope_sp10,34,-0.004674027325479066,0.007994800156548623,0.008837262453449785,0.0017436053464681264
cy0_to_ceq_multiplier,34,0.001015798362172335,0.0033953206521562277,0.008502704490844178,0.0022161601200161684
litter_carbon,34,-0.01070932824216601,0.01070932824216601,0.0066385759411917026,0.002017621977273008
litter_nitrogen,34,0.023840581492758077,0.023840581492758077,0.0026222280512940514,0.0007248192172948702
mortality_fraction_branch_delta,34,0.0013375283334633946,0.005993586203965612,0.007281474019785902,0.0013639917385479452
mortality_fraction_croot_delta,34,-0.0006427462214245533,0.0025728438531000012,0.00576742310610166,0.0015612791296636265
mortality_fraction_froot_delta,34,0.00015833742102240033,0.0013812726735485698,0.002283270627066746,0.0006147870415610594
mortality_fraction_leaf_delta,34,-0.00018866232711629293,0.0025008415640168395,0.003997222312703817,0.0009425596499233284
mortality_fraction_stem_delta,34,-0.010097542816525112,0.02080267817786314,0.04273740130086065,0.010991414173895842
pool_alloc_froot_sp1,34,0.015873357835023548,0.05377850640252384,0.09288240519116514,0.02477128886624878
pool_alloc_leaf_sp1,34,0.005070131059582303,0.10260034628792677,0.15466926957979535,0.03502677202698816
pool_alloc_stem_sp1,34,0.026760987885863907,0.4459017964744908,0.7123686827404231,0.17113452543046875
pool_turnover_branch_sp1,34,0.2115067280048442,0.2630472869530952,0.4003429814821804,0.09012612644281777
pool_turnover_croot_sp1,34,-0.02510225907080721,0.07534480049299973,0.15146726736417265,0.04173743043329979
pool_turnover_froot_sp1,34,0.010466849053170857,0.024354712529741383,0.03557183324754865,0.007462719481472682
pool_turnover_leaf_sp1,34,0.003142677096064908,0.0343901595938917,0.05787203164290697,0.015760239311161446
pool_turnover_stem_sp1,34,7.266179524158973,9.048184754217406,14.60903309248597,3.9199439924099964
proj_cover,34,0.12378294085072616,0.3884688679062821,0.7082462423505154,0.18585529400926332
proj_fire_off,34,0.023394939539442328,0.023394939539442328,0.07196133832964094,0.02342570071968775
proj_fire_on,34,0.29347952212698697,0.29347952212698697,0.3171646096086827,0.10301457818294224
proj_mortality,34,0.5770847267727114,0.6297149798624637,1.4784462643769032,0.4654856963680621
proj_thinning_delta,34,8.18609087352257,9.126208026909895,15.661676050512494,4.5290560806939055
roth_c_cover_c,34,-0.002875657257763298,0.010299381247818557,0.023092207845720872,0.0059166741298413185
roth_c_dpm_frac_crop,34,-0.034275508291002066,0.034275508291002066,0.027714155124099124,0.008664943292281697
roth_c_dpm_frac_tree,34,-0.00184073581271232,0.014825339436539669,0.022797697594646126,0.005842982251188529
roth_c_moisture_b_slope,34,-0.057316072452376056,0.28474234399794973,0.5237700799470423,0.1286310132971537
roth_c_temp_a1,34,0.10668727590807739,0.2539761322314854,0.4461344618992219,0.10142260780766107
roth_c_temp_a2,34,-0.03755432037132278,0.35132735858905506,0.6060681135373257,0.15603225740442284
thinning_fraction_branch_delta,34,0.007224250940183838,0.007224250940183838,0.008218367293695494,0.0023453507855699177
thinning_fraction_croot_delta,34,0.002820328809565914,0.003153826728948622,0.0035258103138980784,0.0010125384228724715
thinning_fraction_froot_delta,34,0.0014434213710824788,0.0014434213710824788,0.0017739274273868087,0.0005607154290259
thinning_fraction_leaf_delta,34,0.0029452274393215435,0.0029452274393215435,0.003406140993047013,0.0010496529087575398
thinning_fraction_stem_delta,34,0.012609343428234063,0.019427611110152728,0.02699144311704725,0.006106771129294941
tree_carbon_sp1,34,-0.20507295370632656,0.8163208736983758,1.617086790569398,0.4232159427979255
tree_nitrogen_branch_sp1,34,0.0010696231119182386,0.0010696231119182386,0.0009223669620638526,0.0002567578490832463
tree_nitrogen_croot_sp1,34,0.0010281530643018399,0.0010281530643018399,0.0023360050988273473,0.000697728008680597
tree_nitrogen_froot_sp1,34,0.02543903932610938,0.02543903932610938,0.033047099263470894,0.01045342723204154
tree_nitrogen_leaf_sp1,34,0.04303241714460761,0.04303241714460761,0.06595414970451227,0.01943834418534561
tree_nitrogen_stem_sp1,34,0.0022894917037152517,0.0022894917037152517,0.0020629569236992116,0.0006629446899376441
tree_root_in_top_30,34,-0.017117703873686295,0.08572936154028478,0.1481407676698871,0.03495096771240339
tree_root_to_shoot_sp1,34,-0.029000136973904737,0.09346578641992229,0.1934936232657648,0.04873436998232316
cy0,35,-0.00733315996497724,0.2614583557060449,0.40902090775546146,0.09059064804283247
clay,35,-0.2458056732881031,0.648193796330999,1.559452028085881,0.40678361196606216
temp_ci_delta,35,0.1174694729812733,0.2115839095362778,0.36771607937739,0.10433677123379521
rain_ci_delta,35,0.5042777427726836,0.9552300431621379,1.9362070051417304,0.4927344735915798
evap_ci_delta,35,-0.052003641309159576,0.0789537597414943,0.21711528744257494,0.06445620873259819
ef_burn_crop_N2O_scale,35,-0.00526508862135793,0.005280373647966144,0.0031715425661117845,0.0007929160788464923
ef_burn_crop_CH4_scale,35,-0.019646628497269277,0.019668161301218907,0.011926626289820016,0.003358149983668748
ef_burn_tree_N2O_scale,35,0.00502217592138367,0.00502217592138367,0.007602566060775503,0.0022845783313707626
ef_burn_tree_CH4_scale,35,0.021735275413733372,0.021735275413733372,0.028634630578024175,0.008588836028855715
ef_N_inputs,35,-0.07875804775787654,0.12069287477735502,0.11340256794222464,0.021654555394739677
combustion_factor_crop,35,-0.023108582373567152,0.023134396611239668,0.01555430858724332,0.004563672827451448
combustion_factor_tree,35,0.029798880078078998,0.029798880078078998,0.0433079412475973,0.012790331685472984
volatile_frac_organic_fertiliser,35,-0.002875425650974184,0.002875425650974184,0.0003055624420978846,8.2203329133855e-05
volatile_frac_synthetic_fertiliser,35,0.016297396888963263,0.016297396888963263,0.001640565438636855,0.0005054828205226727
base_sf_qty_scale,35,-0.12981374696526393,0.12981374696526393,0.01168469711233451,0.003828718301943791
proj_lit_qty_scale,35,0.015475649882802617,0.01639914879753806,0.010361157972254823,0.002638293944285195
base_stand_density_scale,35,0.0,0.0,0.0,0.0
proj_stand_density_scale,35,3.030586377503881,3.030586377503881,3.6023869118498233,1.2526040692859168
tree_wood_dens_sp1,35,2.4728821090164916,2.4728821090164916,2.594276274276109,0.7716467657390873
base_cover,35,-0.035058594320547906,0.24364091767930346,0.36397467800355554,0.08143326031333717
base_fire_off,35,-0.024885313060658512,0.024885313060658512,0.0896922103141354,0.023475185917333715
base_fire_on,35,-0.03493285974000339,0.03493285974000339,0.00595614489564245,0.001885990598943456
base_mortality,35,0.0,0.0,0.0,0.0
base_sf_n_delta,35,-0.13290163271820105,0.13290163271820105,0.01364616483361732,0.0045517714051518015
base_thinning_delta,35,0.0,0.0,0.0,0.0
crop_base_left_delta,35,0.0624932181998483,0.06309335335527311,0.03443833013470029,0.010623931447713173
crop_base_yield_delta,35,-0.041546148985117416,0.049953327246015214,0.03750456437444151,0.00781348548345551
crop_carbon_above_sp3,35,0.025548145836136425,0.025548145836136425,0.01710867869828792,0.004997422029323035
crop_carbon_below_sp3,35,0.042899868559145474,0.042899868559145474,0.015666551652609804,0.005071295486130171
crop_intercept_sp3,35,0.0056568578389877364,0.0074493755259814245,0.010130492223428244,0.003174442362272042
crop_nitrogen_above_sp3,35,-0.011008484110480684,0.011008484110480684,0.0041825212448837815,0.0012498817122693375
crop_nitrogen_below_sp3,35,-0.01608103543472119,0.01608103543472119,0.0022305876086513,0.0006893207916084469
crop_carbon_above_sp10,35,0.017493958372942604,0.017493958372942604,0.010686062778717703,0.0031492459246205387
crop_carbon_below_sp10,35,0.007063081917003921,0.007206715450056611,0.005682641106247484,0.0016086689226646068
crop_intercept_sp10,35,0.002059341488331562,0.005958774565382047,0.0066391166708205185,0.0010759042274718518
crop_nitrogen_above_sp10,35,-0.0070816779750805525,0.0070816779750805525,0.001432338465665101,0.0004374111624648837
crop_nitrogen_below_sp10,35,-0.004457407240105593,0.004457407240105593,0.0014506415250372356,0.0004333593057344663
crop_proj_left_delta,35,0.02910328965519992,0.03103622535375396,0.026185159861845997,0.0077127826524145595
crop_proj_yield_delta,35,0.06355322573505169,0.13150140974426533,0.13888500908857387,0.02393222984830986
crop_root_in_top_30,35,0.027297089159244135,0.027315667142322454,0.01939500045339469,0.006370211455554887
crop_root_to_shoot_sp3,35,0.024070954495375926,0.024070954495375926,0.01516634003614697,0.0046705596831660935
crop_slope_sp3,35,0.00031495837873593004,0.004032397753990913,0.00513359265337219,0.0008663718659992676
crop_root_to_shoot_sp10,35,0.0037354169272041994,0.004525137727776634,0.005823051926412841,0.0016259206814525139
crop_slope_sp10,35,-0.005254307889889181,0.008163743303308208,0.00877547137955429,0.0017769427809025916
cy0_to_ceq_multiplier,35,0.0011718259345573495,0.0036078559197950306,0.008778074855864801,0.002307387913250384
litter_carbon,35,-0.01031459600158216,0.01031459600158216,0.00657211878437486,0.0019993891766307763
litter_nitrogen,35,0.023840581492758375,0.023840581492758375,0.0026222280512948185,0.0007248192172951336
mortality_fraction_branch_delta,35,0.0015080499440475181,0.005919554791069292,0.007048213855783297,0.0012994255811704669
mortality_fraction_croot_delta,35,-0.0006147727117906704,0.0025633707424405267,0.0057644820230028145,0.001561506400554739
mortality_fraction_froot_delta,35,0.00016502432858169768,0.0013745459932313687,0.002260835278287704,0.0006070909898171922
mortality_fraction_leaf_delta,35,-0.0001667633755178033,0.0024819489948878226,0.003952746761674672,0.0009295405521757306
mortality_fraction_stem_delta,35,-0.009969538704300155,0.02065486793601059,0.04248584803962869,0.010937050291439817
pool_alloc_froot_sp1,35,0.05792691638090419,0.06819263627820087,0.050358664514284585,0.010683875110735012
pool_alloc_leaf_sp1,35,0.01788620110446267,0.09650439922036022,0.13484448027219145,0.028922990316402997
pool_alloc_stem_sp1,35,-0.682069626239417,2.092733329902535,2.9352045799439623,0.6887848025179925
pool_turnover_branch_sp1,35,-1.218292397660196,1.218292397660196,1.0048845094557255,0.2693161283108922
pool_turnover_croot_sp1,35,-0.34710960565738225,0.35490480436478633,0.643302369916749,0.19616321836160977
pool_turnover_froot_sp1,35,-0.14495088255323035,0.14734610447507865,0.23445823728462184,0.07341129965275733
pool_turnover_leaf_sp1,35,-0.11832923519700926,0.12160879651632917,0.20967554385301193,0.06722179873001233
pool_turnover_stem_sp1,35,-33.139854288125704,33.139854288125704,35.82747004515729,11.189124783389035
proj_cover,35,0.11826830328741991,0.3735489518975189,0.6784895808915016,0.17559909632444967
proj_fire_off,35,0.023394939539442626,0.023394939539442626,0.07196133832964183,0.02342570071968813
proj_fire_on,35,0.292151483269851,0.292151483269851,0.3249934189872755,0.10558442034773706
proj_mortality,35,-1.1707997533600971,1.1707997533600971,1.1020525785159359,0.34859935415461163
proj_thinning_delta,35,-26.359507539518166,30.792799821023387,45.59716382554154,13.202660671103944
roth_c_cover_c,35,-0.002800254173822031,0.010281106366520215,0.02329902602188761,0.005970700403282815
roth_c_dpm_frac_crop,35,-0.021981132341810296,0.021981132341810296,0.022919704736600495,0.0074004329878375
roth_c_dpm_frac_tree,35,-0.0016469845701283681,0.014424819962981566,0.022321661751573595,0.005756382726374633
roth_c_moisture_b_slope,35,-0.0624843946689694,0.2807954862895923,0.5182024335775198,0.1272109039712892
roth_c_temp_a1,35,0.11118924813277273,0.2503207036412637,0.4472086678783095,0.10284051249391306
roth_c_temp_a2,35,-0.04812786334005988,0.3453756246474519,0.6088175653977308,0.15907826663882646
thinning_fraction_branch_delta,35,0.0070068368841555515,0.0070068368841555515,0.007916798623922385,0.002241474269651827
thinning_fraction_croot_delta,35,0.002756426252566746,0.003085037457979445,0.0034573821965671616,0.0009993313816005034
thinning_fraction_froot_delta,35,0.0014093788164422695,0.0014093788164422695,0.0017350112949449203,0.0005467951056482795
thinning_fraction_leaf_delta,35,0.002886048248632078,0.002886048248632078,0.0033292728831961983,0.0010276410011351897
thinning_fraction_stem_delta,35,0.012314349813427827,0.01901481192855019,0.02653229935590678,0.006004519047363102
tree_carbon_sp1,35,2.49768254950967,2.49768254950967,3.116138112910605,0.9655116127193196
tree_nitrogen_branch_sp1,35,0.0010540833550598233,0.0010540833550598233,0.0009359643213933992,0.00026076575899063097
tree_nitrogen_croot_sp1,35,0.0010356285030821144,0.0010356285030821144,0.0024022121420363427,0.0007177890516365173
tree_nitrogen_froot_sp1,35,0.025472937397705862,0.025472937397705862,0.033743986589149906,0.010673918736779942
tree_nitrogen_leaf_sp1,35,0.043264870680498106,0.043264870680498106,0.0677464067544914,0.019952940817775683
tree_nitrogen_stem_sp1,35,0.002262640816727321,0.002262640816727321,0.0020979785588872953,0.0006726742256094669
tree_root_in_top_30,35,-0.01641946211137166,0.08509952497154934,0.14697160745528368,0.034581582610230935
tree_root_to_shoot_sp1,35,0.41640003962815164,0.41640003962815164,0.4431675787125259,0.1470632001972141
cy0,36,-0.00219108693060146,0.26312795478163686,0.41545218570799347,0.09190823121881468
clay,36,-0.4056019308357679,0.741379183535502,1.925329307291139,0.5119159257847261
temp_ci_delta,36,0.2606312173623414,0.31157266758190977,0.59175161795901,0.18491633660414677
rain_ci_delta,36,1.1350205706096992,1.4355486355027447,3.0075517293079055,0.7593190698903373
evap_ci_delta,36,-0.10343907218357642,0.12316066727830335,0.31205194791711244,0.09406081476019879
ef_burn_crop_N2O_scale,36,-0.005265088621357897,0.00528037364796601,0.003171542566111485,0.0007929160788464097
ef_burn_crop_CH4_scale,36,-0.019646628497270162,0.01966816130121976,0.01192662628981907,0.0033581499836681868
ef_burn_tree_N2O_scale,36,0.006438487166231487,0.006438487166231487,0.01018903429303231,0.0030556237990324304
ef_burn_tree_CH4_scale,36,0.028197479484996468,0.028197479484996468,0.040056440951214335,0.012123692586149874
ef_N_inputs,36,-0.07822023117060274,0.12216665484404891,0.11696161144808179,0.02250928855873685
combustion_factor_crop,36,-0.023108582373568016,0.023134396611240532,0.015554308587243638,0.00456367282745148
combustion_factor_tree,36,0.03828892010781752,0.03828892010781752,0.057659437480095076,0.017211154217245908
volatile_frac_organic_fertiliser,36,-0.0028754256509735967,0.0028754256509735967,0.000305562442098196,8.220332913386086e-05
volatile_frac_synthetic_fertiliser,36,0.01629739688896309,0.01629739688896309,0.0016405654386367615,0.000505482820522691
base_sf_qty_scale,36,-0.12981374696526476,0.12981374696526476,0.011684697112334226,0.0038287183019436416
proj_lit_qty_scale,36,0.01586053042387418,0.016683196981113806,0.010291142029537792,0.0026677708989178432
base_stand_density_scale,36,0.0,0.0,0.0,0.0
proj_stand_density_scale,36,-0.7144327495199453,0.9099693842140578,1.9046831365036396,0.611747149099381
tree_wood_dens_sp1,36,-0.4652887523765162,0.6736957022201021,1.4961279995567809,0.43644169151892315
base_cover,36,-0.04051220134611662,0.2434680324998626,0.3643672216181507,0.08117380912304224
base_fire_off,36,-0.024885313060658505,0.024885313060658505,0.08969221031413538,0.023475185917333708
base_fire_on,36,-0.03493285974000232,0.03493285974000232,0.005956144895642596,0.0018859905989435893
base_mortality,36,0.0,0.0,0.0,0.0
base_sf_n_delta,36,-0.13290163271820082,0.13290163271820082,0.013646164833617282,0.004551771405151701
base_thinning_delta,36,0.0,0.0,0.0,0.0
crop_base_left_delta,36,0.06090660753903456,0.061583449055083526,0.034260978572682545,0.010527361700059636
crop_base_yield_delta,36,-0.04369516376840915,0.05128259850724907,0.037074819775054384,0.00786173074186096
crop_carbon_above_sp3,36,0.022376151655050344,0.022376151655050344,0.01492827292454007,0.004381728202847204
crop_carbon_below_sp3,36,0.0383789629676111,0.0383789629676111,0.014630075029057141,0.004761198070194646
crop_intercept_sp3,36,0.0038083204821097796,0.005692410326504997,0.008188285882553145,0.002448756317607294
crop_nitrogen_above_sp3,36,-0.011008484110479735,0.011008484110479735,0.004182521244884048,0.0012498817122695372
crop_nitrogen_below_sp3,36,-0.016081035434720923,0.016081035434720923,0.002230587608651388,0.0006893207916085857
crop_carbon_above_sp10,36,0.016869181814833073,0.016869181814833073,0.01056399181781895,0.0031157434653010206
crop_carbon_below_sp10,36,0.00681263868207658,0.006967337067259008,0.005623275056501627,0.001586865316392568
crop_intercept_sp10,36,0.0018540985530486735,0.005935120836180595,0.006661682068179839,0.0010652722743380518
crop_nitrogen_above_sp10,36,-0.007081677975079333,0.007081677975079333,0.0014323384656654771,0.0004374111624650553
crop_nitrogen_below_sp10,36,-0.004457407240105897,0.004457407240105897,0.0014506415250371515,0.0004333593057344945
crop_proj_left_delta,36,0.024187458434541446,0.027062057921390714,0.023305904187311807,0.0064876324830624
crop_proj_yield_delta,36,0.09353133575851622,0.140002691777892,0.12670523651692425,0.021037171914540416
crop_root_in_top_30,36,0.022743694389516074,0.022932793415815757,0.01816212937250491,0.005902083250330976
crop_root_to_shoot_sp3,36,0.019854700804045704,0.019860600907599796,0.014027067998523221,0.004338302710691742
crop_slope_sp3,36,-0.001297526501277109,0.004040924168420383,0.004864577625156729,0.0008337999585033663
crop_root_to_shoot_sp10,36,0.0034689942774077734,0.004366466274670279,0.0057982410987999985,0.0015820298688525136
crop_slope_sp10,36,-0.005807289972924554,0.008320471620851106,0.008714479300934995,0.0018225514015677013
cy0_to_ceq_multiplier,36,0.001309642076283407,0.0037919082638816436,0.00909342635977624,0.002419666910399853
litter_carbon,36,-0.009937029529639393,0.009937029529639393,0.00650400213066712,0.0019805568801839267
litter_nitrogen,36,0.023840581492758056,0.023840581492758056,0.0026222280512940422,0.0007248192172948858
mortality_fraction_branch_delta,36,0.011090371732527075,0.011090371732527075,0.005943031889495684,0.0016557831028935065
mortality_fraction_croot_delta,36,0.0033950089043476165,0.0034953298342463948,0.002036119892722827,0.0005472774582582303
mortality_fraction_froot_delta,36,0.0018492505583921487,0.001952595703732732,0.0010675082898293177,0.000251194241374691
mortality_fraction_leaf_delta,36,0.003042490242505494,0.0030891035122522477,0.0017795075116511488,0.0005722937071072642
mortality_fraction_stem_delta,36,0.01807081509299967,0.019418649499692374,0.017905139032346175,0.004864724279117853
pool_alloc_froot_sp1,36,0.04003143674075253,0.05813757956765063,0.05936180655430855,0.012128920398877955
pool_alloc_leaf_sp1,36,0.06627987918663171,0.09360849444391214,0.08563945429298642,0.016058176009531626
pool_alloc_stem_sp1,36,0.22568036732674313,0.8003805440794608,1.2385287360610555,0.2932893399025415
pool_turnover_branch_sp1,36,0.5144960338994774,0.5233849275681316,0.6647544174705932,0.1671140113992483
pool_turnover_croot_sp1,36,0.12720499218211206,0.12863400907229802,0.10697553077475891,0.033697599772955264
pool_turnover_froot_sp1,36,0.08026981597209934,0.08026981597209934,0.0652426887857256,0.02217010716697154
pool_turnover_leaf_sp1,36,0.08373002368684383,0.08373002368684383,0.06262204997528661,0.016883232283853866
pool_turnover_stem_sp1,36,15.478302968614338,15.774516171985752,22.760101574082757,6.597339993164084
proj_cover,36,-0.19522399511682756,0.4918202405977505,0.9941725683148378,0.24978156944686042
proj_fire_off,36,0.023394939539442352,0.023394939539442352,0.071961338329641,0.023425700719687765
proj_fire_on,36,0.3877276366540643,0.3877276366540643,0.4835694504539967,0.15660387580319077
proj_mortality,36,0.9567294050837705,0.9652442717637486,2.022700640078865,0.6376323014545003
proj_thinning_delta,36,15.086993190059994,15.322793536684506,25.447464362406034,7.685254177934196
roth_c_cover_c,36,-0.0001662579875911868,0.012146769562388957,0.02500751819507601,0.006159442181846519
roth_c_dpm_frac_crop,36,-0.015088602881349316,0.015088602881349316,0.018437530082150426,0.006076838840269865
roth_c_dpm_frac_tree,36,0.05773915236228185,0.05844644027647489,0.10593403266677555,0.03722133027927793
roth_c_moisture_b_slope,36,-0.2355323637874253,0.4065012661838484,0.7519993358895791,0.18635003090049423
roth_c_temp_a1,36,0.28232405215774387,0.3616848383008945,0.6619171779655891,0.1726367353577294
roth_c_temp_a2,36,-0.31309613807836295,0.4984947565121738,1.0114442668399921,0.2915039419138462
thinning_fraction_branch_delta,36,-0.6582086603972476,0.6585488015879787,0.7045215674778625,0.212347576766367
thinning_fraction_croot_delta,36,-0.17733692865955028,0.1774264119842816,0.28634283247442077,0.08193784203173085
thinning_fraction_froot_delta,36,-0.1384322291131918,0.1385047182418834,0.1970130128180952,0.06159774380169214
thinning_fraction_leaf_delta,36,-0.13985298819756048,0.14004651260431483,0.21275548840497469,0.06650148026130628
thinning_fraction_stem_delta,36,-1.2964004144011945,1.299177715242018,2.4652532283143835,0.8656859426845172
tree_carbon_sp1,36,-0.8610690931857062,1.049785297476833,2.5597269035847647,0.753198988230714
tree_nitrogen_branch_sp1,36,0.002112595200901508,0.002112595200901508,0.0018614072148324164,0.0005245355875976636
tree_nitrogen_croot_sp1,36,0.0014463677904717046,0.0014463677904717046,0.0030277198216291787,0.0009141185160830864
tree_nitrogen_froot_sp1,36,0.02406576365184634,0.02406576365184634,0.03250862553457526,0.01028251938082918
tree_nitrogen_leaf_sp1,36,0.04027127349151105,0.04027127349151105,0.064754489112159,0.019058266136804704
tree_nitrogen_stem_sp1,36,0.004444039909804765,0.004444039909804765,0.006215755597878784,0.0018117089836938872
tree_root_in_top_30,36,-0.060234090844339394,0.10264374151207492,0.21328215432222175,0.055773101276784726
tree_root_to_shoot_sp1,36,-0.12056958383038667,0.13254155436204348,0.29664769920521383,0.08634306071527213
cy0,37,0.0026078181487889816,0.26396441661323516,0.42176485985122314,0.09339805486969338
clay,37,-0.2525916686745303,0.6732429793536039,1.640403911971487,0.43052761690038627
temp_ci_delta,37,0.1309360323553417,0.22394391700475844,0.4105529789510404,0.1180533582010173
rain_ci_delta,37,0.6102466190203059,1.0351403527700256,2.2721994924033613,0.5790238222449366
evap_ci_delta,37,-0.05933003411333648,0.08777124358454864,0.2549163251652117,0.0752633310460047
ef_burn_crop_N2O_scale,37,-0.005265088621357788,0.005280373647965869,0.0031715425661116917,0.0007929160788465519
ef_burn_crop_CH4_scale,37,-0.0196466284972699,0.0196681613012195,0.011926626289819298,0.0033581499836684283
ef_burn_tree_N2O_scale,37,0.004377510206089341,0.004377510206089341,0.007057965709244585,0.0021214159068497305
ef_burn_tree_CH4_scale,37,0.019051674078969925,0.019051674078969925,0.026289273765319355,0.00790523043797372
ef_N_inputs,37,-0.08858444733606471,0.12324689836651662,0.10324219531264126,0.018950894564019428
combustion_factor_crop,37,-0.023108582373568127,0.023134396611240643,0.01555430858724368,0.004563672827451502
combustion_factor_tree,37,0.026356086265758905,0.026356086265758905,0.04052960094944137,0.012059431575476814
volatile_frac_organic_fertiliser,37,-0.0028754256509738426,0.0028754256509738426,0.0003055624420978163,8.220332913379136e-05
volatile_frac_synthetic_fertiliser,37,0.016297396888962857,0.016297396888962857,0.0016405654386363467,0.0005054828205225383
base_sf_qty_scale,37,-0.12981374696526457,0.12981374696526457,0.0116846971123343,0.0038287183019436884
proj_lit_qty_scale,37,0.01622940781742356,0.016958018261251154,0.010219148572626442,0.0026956488391715093
base_stand_density_scale,37,0.0,0.0,0.0,0.0
proj_stand_density_scale,37,0.6515976876697513,0.6961639479465338,0.4679856722435341,0.12295779018656
tree_wood_dens_sp1,37,0.6249434895929629,0.7131126213375175,0.5128212558115807,0.10633426846901943
base_cover,37,-0.04520596924606453,0.24276908427040372,0.36442674250007756,0.08099217042236917
base_fire_off,37,-0.024885313060658488,0.024885313060658488,0.08969221031413531,0.023475185917333694
base_fire_on,37,-0.034932859740002806,0.034932859740002806,0.0059561448956429956,0.0018859905989436498
base_mortality,37,0.0,0.0,0.0,0.0
base_sf_n_delta,37,-0.13290163271820066,0.13290163271820066,0.013646164833617538,0.004551771405151894
base_thinning_delta,37,0.0,0.0,0.0,0.0
crop_base_left_delta,37,0.05939061527213001,0.06014040212104628,0.03407650452638276,0.010432133268885056
crop_base_yield_delta,37,-0.045752501116511954,0.052540151127914894,0.03663740845399285,0.007938702950589321
crop_carbon_above_sp3,37,0.020172837080433343,0.020172837080433343,0.013308489004385722,0.003926866226637054
crop_carbon_below_sp3,37,0.03521221531987982,0.03521221531987982,0.013782606567715489,0.0044950703189193825
crop_intercept_sp3,37,0.002565993353989536,0.0045166385436324575,0.006817206947133042,0.0019577647950595953
crop_nitrogen_above_sp3,37,-0.01100848411047953,0.01100848411047953,0.004182521244883898,0.0012498817122695233
crop_nitrogen_below_sp3,37,-0.016081035434720885,0.016081035434720885,0.0022305876086517735,0.0006893207916087092
crop_carbon_above_sp10,37,0.01627235023927198,0.01627235023927198,0.010440370653101378,0.0030820821760638344
crop_carbon_below_sp10,37,0.0065738726606881775,0.006738596777027593,0.005564081825402942,0.0015657069296132608
crop_intercept_sp10,37,0.0016586588966356814,0.005923493654474474,0.006683653676401856,0.0010541658128505795
crop_nitrogen_above_sp10,37,-0.007081677975079104,0.007081677975079104,0.001432338465665656,0.00043741116246513744
crop_nitrogen_below_sp10,37,-0.004457407240105568,0.004457407240105568,0.0014506415250371575,0.0004333593057344753
crop_proj_left_delta,37,0.020977946441692236,0.02457358729586197,0.021437612846001975,0.005633352099677374
crop_proj_yield_delta,37,0.11391059335334726,0.14483077184401338,0.11705950946704242,0.021173140340489532
crop_root_in_top_30,37,0.019461774572358724,0.019751128531404427,0.017196880822455657,0.005550451644365489
crop_root_to_shoot_sp3,37,0.016949305023960647,0.01708758762754149,0.01312215514431501,0.004010186308249326
crop_slope_sp3,37,-0.002399171683355528,0.004327451474842298,0.004678498204221742,0.0008372173078080719
crop_root_to_shoot_sp10,37,0.003214094836257328,0.004248696527581405,0.00577213391408003,0.0015404531949332338
crop_slope_sp10,37,-0.0063344757434106985,0.008489622299082993,0.008653729991323683,0.0018823090610957367
cy0_to_ceq_multiplier,37,0.0014310336335784045,0.003949505405041192,0.009422770444551195,0.002541285032577542
litter_carbon,37,-0.009575869342495468,0.009575869342495468,0.00643431060418868,0.001961130932436176
litter_nitrogen,37,0.023840581492757786,0.023840581492757786,0.0026222280512939755,0.0007248192172948392
mortality_fraction_branch_delta,37,0.0076265346797518814,0.007881422680889335,0.004446718369884991,0.001144350192649318
mortality_fraction_croot_delta,37,0.0018502704497708078,0.002714345208257707,0.0025982783730729916,0.0004639246544682266
mortality_fraction_froot_delta,37,0.0011325197558785416,0.0014301495785658258,0.0011304687048808064,0.00023857021141112148
mortality_fraction_leaf_delta,37,0.001764773424049379,0.002274758474107172,0.0016998950474799654,0.0002734769690018328
mortality_fraction_stem_delta,37,0.007947890839214457,0.013271029762428258,0.014249133900971806,0.0028755824742454643
pool_alloc_froot_sp1,37,0.06997266061688731,0.07685741351180225,0.04826108249187723,0.011455146249488242
pool_alloc_leaf_sp1,37,0.10735953360091703,0.11313161083267409,0.0674240422383263,0.016200507319860294
pool_alloc_stem_sp1,37,-0.2051875001511152,0.4560433560802072,0.5374476086959382,0.11173011822148067
pool_turnover_branch_sp1,37,-0.15559217851738238,0.19194771285853843,0.15487714921304963,0.030149817631210794
pool_turnover_croot_sp1,37,0.07036114865607579,0.08472459048946199,0.06164387618174765,0.011942767712386334
pool_turnover_froot_sp1,37,0.05196740361196371,0.05196740361196371,0.03000346500844286,0.010482365572014492
pool_turnover_leaf_sp1,37,0.0532004821473356,0.056268286588624095,0.03289663783389947,0.007106517807236498
pool_turnover_stem_sp1,37,-2.3315444107392986,4.926063946889297,5.675412665262365,1.019188361423917
proj_cover,37,0.1146624347155055,0.4051237344197854,0.7140978846388154,0.1706125115360806
proj_fire_off,37,0.023394939539442394,0.023394939539442394,0.07196133832964118,0.02342570071968789
proj_fire_on,37,0.2513755264400369,0.2513755264400369,0.2991309152222392,0.09767226643545754
proj_mortality,37,0.15107657814076716,0.41569664463422323,0.9631434513883511,0.3003843748501513
proj_thinning_delta,37,-0.5685262457752868,4.674430433515022,8.490549290217174,2.1388389505891805
roth_c_cover_c,37,-0.0021718077264978332,0.01088492898119351,0.02424039007158447,0.006191038209688719
roth_c_dpm_frac_crop,37,-0.010939151725140739,0.010939151725140739,0.01470282314938371,0.004909314234226181
roth_c_dpm_frac_tree,37,-0.053063760970920124,0.053063760970920124,0.053533504060814335,0.018526295780281164
roth_c_moisture_b_slope,37,-0.10406838281943638,0.29858151198727484,0.5694797691156185,0.14051207720464373
roth_c_temp_a1,37,0.13463763800968226,0.30086935631109074,0.5688706245615214,0.1351827681086922
roth_c_temp_a2,37,-0.03352521329088389,0.36959057773044135,0.658506131985427,0.17401861719560432
thinning_fraction_branch_delta,37,0.27409497412917594,0.27409497412917594,0.296559621809783,0.09456492754671003
thinning_fraction_croot_delta,37,0.08070506116501366,0.08070506116501366,0.13167744299306117,0.037219541448553384
thinning_fraction_froot_delta,37,0.05955937848905897,0.05955937848905897,0.08543798527213052,0.026797476205491656
thinning_fraction_leaf_delta,37,0.06511529341784497,0.06511529341784497,0.08665490433155658,0.026929078142153635
thinning_fraction_stem_delta,37,0.53346881322276,0.53346881322276,0.9310224527261963,0.3169943598403377
tree_carbon_sp1,37,0.41548308179884447,0.6125758424882083,0.6344918880385105,0.12533607215739023
tree_nitrogen_branch_sp1,37,0.0008724955563492148,0.0008724955563492148,0.0008479109964750607,0.00023544218861578004
tree_nitrogen_croot_sp1,37,0.0009117145245363528,0.0009117145245363528,0.0022576159297959864,0.000678247515123981
tree_nitrogen_froot_sp1,37,0.02158652086063794,0.02158652086063794,0.029970561185293697,0.009422554087160981
tree_nitrogen_leaf_sp1,37,0.037088047732122084,0.037088047732122084,0.06155539163949803,0.01809485718921766
tree_nitrogen_stem_sp1,37,0.001885107034813463,0.001885107034813463,0.0018607107421522654,0.0005936467694632268
tree_root_in_top_30,37,0.11964109678694013,0.12229759513646918,0.08769956182950268,0.02552945618249789
tree_root_to_shoot_sp1,37,0.03639553847825504,0.07230017165676686,0.08948783092370453,0.018840425371566893
cy0,38,0.0070844689494759805,0.2640676396187455,0.42777920773246353,0.09497044942298344
clay,38,-0.153806569391396,0.6238491114553273,1.4609857786392844,0.3829541186076066
temp_ci_delta,38,-0.02288338747591716,0.15279476700765646,0.21202286622952532,0.0461253297064563
rain_ci_delta,38,-0.0923379964296479,0.7477771367478477,1.205196087272411,0.2700004956515149
evap_ci_delta,38,0.0011839525796832728,0.06687393553448448,0.1822162761679001,0.05442540811100155
ef_burn_crop_N2O_scale,38,-0.0052650886213578465,0.005280373647965994,0.003171542566111729,0.0007929160788464769
ef_burn_crop_CH4_scale,38,-0.01964662849726985,0.01966816130121948,0.011926626289819333,0.0033581499836684023
ef_burn_tree_N2O_scale,38,0.004362883613722099,0.004362883613722099,0.007179892236890212,0.002157372382849685
ef_burn_tree_CH4_scale,38,0.019033006118105253,0.019033006118105253,0.026766376552355368,0.00806217316516386
ef_N_inputs,38,-0.08841625318166232,0.12423888657213893,0.10555445746009971,0.01944933719306741
combustion_factor_crop,38,-0.023108582373568002,0.023134396611240518,0.01555430858724373,0.004563672827451534
combustion_factor_tree,38,0.026360572243868417,0.026360572243868417,0.04126482681356348,0.012295405468303674
volatile_frac_organic_fertiliser,38,-0.0028754256509738755,0.0028754256509738755,0.0003055624420980386,8.220332913383935e-05
volatile_frac_synthetic_fertiliser,38,0.016297396888962895,0.016297396888962895,0.001640565438636358,0.0005054828205225517
base_sf_qty_scale,38,-0.1298137469652644,0.1298137469652644,0.01168469711233442,0.0038287183019437335
proj_lit_qty_scale,38,0.016583124569730365,0.017219617006758156,0.010145312119159733,0.002724505871258215
base_stand_density_scale,38,0.0,0.0,0.0,0.0
proj_stand_density_scale,38,0.36769726896940486,0.4977449662274755,0.4371499892797515,0.09174599760394671
tree_wood_dens_sp1,38,0.37929959191420226,0.5389325994617036,0.48778560029366247,0.08450093541397945
base_cover,38,-0.04920878875420738,0.24159754225135033,0.364136500593063,0.08085160758912013
base_fire_off,38,-0.024885313060658495,0.024885313060658495,0.08969221031413534,0.023475185917333705
base_fire_on,38,-0.03493285974000264,0.03493285974000264,0.005956144895642906,0.001885990598943661
base_mortality,38,0.0,0.0,0.0,0.0
base_sf_n_delta,38,-0.13290163271820074,0.13290163271820074,0.013646164833617368,0.004551771405151833
base_thinning_delta,38,0.0,0.0,0.0,0.0
crop_base_left_delta,38,0.057941097281694456,0.05876011176144147,0.03388509908126876,0.010338046743633393
crop_base_yield_delta,38,-0.04772270623258952,0.0538730853286253,0.03619399843847723,0.007964141006467734
crop_carbon_above_sp3,38,0.018527043007235747,0.018527043007235747,0.01209421719610654,0.0035890935734819887
crop_carbon_below_sp3,38,0.032799122494616896,0.032799122494616896,0.013109452535499944,0.004276594405407845
crop_intercept_sp3,38,0.001651592659222352,0.0037869298991365192,0.005813666502889713,0.0015875016897350246
crop_nitrogen_above_sp3,38,-0.011008484110479718,0.011008484110479718,0.0041825212448838925,0.0012498817122695335
crop_nitrogen_below_sp3,38,-0.016081035434720833,0.016081035434720833,0.0022305876086516963,0.0006893207916087189
crop_carbon_above_sp10,38,0.015702373755466133,0.015702373755466133,0.010315283678873566,0.003048143333525818
crop_carbon_below_sp10,38,0.006345942391465256,0.006519793125902054,0.005504777293461911,0.0015450323202707726
crop_intercept_sp10,38,0.0014718483018828581,0.005929588622439821,0.0067048667399898666,0.0010376306282081065
crop_nitrogen_above_sp10,38,-0.007081677975079112,0.007081677975079112,0.0014323384656658,0.0004374111624651822
crop_nitrogen_below_sp10,38,-0.0044574072401056515,0.0044574072401056515,0.0014506415250373108,0.0004333593057345118
crop_proj_left_delta,38,0.018718521377269322,0.02284876720452632,0.02012989593380543,0.00500797258554754
crop_proj_yield_delta,38,0.12905216979916326,0.14922956325682862,0.10976145433008164,0.02218500296871705
crop_root_in_top_30,38,0.01689476545090714,0.017347474186155443,0.016468394833760343,0.005245415252531123
crop_root_to_shoot_sp3,38,0.014748162521603245,0.014971184618325892,0.012426745203166728,0.0037604361239989793
crop_slope_sp3,38,-0.003226268716517722,0.004629100723797086,0.004540392994341892,0.000858373285198153
crop_root_to_shoot_sp10,38,0.0029696634276438288,0.004150864060260592,0.005744463416334907,0.0015017881495047389
crop_slope_sp10,38,-0.00683768848195076,0.008693263094428038,0.008593956627066175,0.001936269020787898
cy0_to_ceq_multiplier,38,0.0015379289900173065,0.00408346475282243,0.009748559692895526,0.002664367422991952
litter_carbon,38,-0.009230260158797295,0.009230260158797295,0.006363237962787856,0.0019411914050926524
litter_nitrogen,38,0.023840581492757966,0.023840581492757966,0.0026222280512939733,0.0007248192172948731
mortality_fraction_branch_delta,38,0.0059156242734121536,0.006376835237130005,0.004189632286255089,0.00098429878369611
mortality_fraction_croot_delta,38,0.0010863084047633225,0.0026416558336126742,0.0035030924884128767,0.0007694839644438918
mortality_fraction_froot_delta,38,0.0008062778127711223,0.0012991225104535154,0.0013664638621274261,0.00030765710896129146
mortality_fraction_leaf_delta,38,0.0011610946181844662,0.002015668731735698,0.0021102051001934455,0.0003985611302986428
mortality_fraction_stem_delta,38,0.002714293625448433,0.013718168871076148,0.020138239991689167,0.004267981868417181
pool_alloc_froot_sp1,38,0.047926899068926304,0.061207629943361555,0.05058412540835159,0.009564816801410634
pool_alloc_leaf_sp1,38,0.06628015747001034,0.0842115570963822,0.0667019860895342,0.01157771484904763
pool_alloc_stem_sp1,38,-0.10801742395123373,0.32525682224776625,0.4221731087887668,0.08381597264636566
pool_turnover_branch_sp1,38,-0.018727580869000872,0.14210327890262464,0.19074266120627778,0.0381294300955188
pool_turnover_croot_sp1,38,0.04376121781008615,0.07031214524709065,0.07485769676732784,0.015624418999176973
pool_turnover_froot_sp1,38,0.038814075146957706,0.038814075146957706,0.016843179080883383,0.005747675276344709
pool_turnover_leaf_sp1,38,0.038245221401038074,0.043593712369030334,0.028210598156458783,0.004887539100737176
pool_turnover_stem_sp1,38,1.1945477006020018,4.954549066689442,7.766975005872163,1.5949334215476152
proj_cover,38,0.44715213499641376,0.5227683934929672,0.694036537341061,0.19184795404106747
proj_fire_off,38,0.02339493953944246,0.02339493953944246,0.07196133832964131,0.02342570071968794
proj_fire_on,38,0.2503409881842168,0.2503409881842168,0.30527417745472585,0.09968868197879191
proj_mortality,38,0.32022084185128075,0.4502746111774064,1.1622611558950822,0.36787960896234423
proj_thinning_delta,38,2.4002292587777516,5.225759495096919,9.062874804723483,2.234201927419214
roth_c_cover_c,38,-0.004865607982008519,0.009783682128232375,0.023002422246890104,0.0060427834095009725
roth_c_dpm_frac_crop,38,-0.008281885253581093,0.008281885253581093,0.011715450721777685,0.003943556036606594
roth_c_dpm_frac_tree,38,-0.0358967553292732,0.0358967553292732,0.030129768540571266,0.01038454724560665
roth_c_moisture_b_slope,38,0.07712669532706391,0.1920783094744048,0.3442415182833161,0.08418113355240454
roth_c_temp_a1,38,-0.03134972339669396,0.24286662331691994,0.35088071989314,0.06605104255487391
roth_c_temp_a2,38,0.22584591926690675,0.35238243591913765,0.43211042269015276,0.10170382468206679
thinning_fraction_branch_delta,38,0.1355636903198377,0.1355636903198377,0.1348441655350348,0.04245692383920607
thinning_fraction_croot_delta,38,0.03857033612894605,0.03857033612894605,0.0556807238450051,0.016015699455244656
thinning_fraction_froot_delta,38,0.030291224314472186,0.030291224314472186,0.04232652051264843,0.013133849506090893
thinning_fraction_leaf_delta,38,0.03377401393887826,0.03377401393887826,0.046092495134947564,0.014313758459408008
thinning_fraction_stem_delta,38,0.2766053149022828,0.2766053149022828,0.49613089057370524,0.1709238071590294
tree_carbon_sp1,38,0.1644796916318784,0.6086862692835677,0.8502380192648827,0.18319224187954186
tree_nitrogen_branch_sp1,38,0.0008609800563455505,0.0008609800563455505,0.0008579953871868864,0.0002383281263092996
tree_nitrogen_croot_sp1,38,0.0009183612556397713,0.0009183612556397713,0.0023109755308688006,0.0006943679394782636
tree_nitrogen_froot_sp1,38,0.02161952069572554,0.02161952069572554,0.03050369335839824,0.009589773398004143
tree_nitrogen_leaf_sp1,38,0.037279661371829156,0.037279661371829156,0.06295577258060063,0.018496708838396384
tree_nitrogen_stem_sp1,38,0.0018663346521744146,0.0018663346521744146,0.0018889988570934143,0.0006014426741903249
tree_root_in_top_30,38,0.06441447471067527,0.07710370390982241,0.05893441648107226,0.011373241143596417
tree_root_to_shoot_sp1,38,0.01042805817818758,0.06554655833831295,0.10840777983182474,0.024606120050441098
cy0,39,0.011258762795511235,0.26351084846188433,0.43337042039636364,0.09656220120021981
clay,39,-0.11932040972619666,0.5955899061801411,1.400651599031871,0.3692291292053024
temp_ci_delta,39,-0.03751816693148684,0.13732842900058834,0.17395436892908417,0.03444755542164946
rain_ci_delta,39,-0.20770384275434237,0.6635388769512716,0.9197647210179772,0.18822906665592903
evap_ci_delta,39,0.01466554681495803,0.05825647197967447,0.14727865948378313,0.0453631084900198
ef_burn_crop_N2O_scale,39,-0.005265088621357822,0.005280373647965969,0.0031715425661116123,0.0007929160788464602
ef_burn_crop_CH4_scale,39,-0.01964662849726988,0.019668161301219476,0.01192662628981928,0.003358149983668391
ef_burn_tree_N2O_scale,39,0.004348584744850423,0.004348584744850423,0.007297122031638135,0.0021918868327924566
ef_burn_tree_CH4_scale,39,0.019014026225397534,0.019014026225397534,0.027228557155303867,0.00821475053113053
ef_N_inputs,39,-0.08827234868804894,0.12518114589238477,0.10774239096708976,0.019930993223640545
combustion_factor_crop,39,-0.02310858237356815,0.023134396611240667,0.015554308587243786,0.004563672827451544
combustion_factor_tree,39,0.02636364770520473,0.02636364770520473,0.0419774443092932,0.012524316421647015
volatile_frac_organic_fertiliser,39,-0.002875425650973801,0.002875425650973801,0.0003055624420980399,8.220332913382508e-05
volatile_frac_synthetic_fertiliser,39,0.01629739688896304,0.01629739688896304,0.001640565438636494,0.0005054828205225911
base_sf_qty_scale,39,-0.1298137469652644,0.1298137469652644,0.011684697112334502,0.003828718301943783
proj_lit_qty_scale,39,0.016922476045789676,0.017468680444696724,0.01006977505143313,0.0027541748002618003
base_stand_density_scale,39,0.0,0.0,0.0,0.0
proj_stand_density_scale,39,0.23845074363760727,0.45767337686033194,0.5232443510522452,0.11735841405706157
tree_wood_dens_sp1,39,0.2712767276703707,0.4902870244179782,0.5410871502864173,0.10498376527580026
base_cover,39,-0.05258572915601739,0.24000609890187508,0.36349252058872095,0.08072408913832985
base_fire_off,39,-0.02488531306065852,0.02488531306065852,0.08969221031413543,0.023475185917333722
base_fire_on,39,-0.034932859740002806,0.034932859740002806,0.005956144895642932,0.0018859905989436405
base_mortality,39,0.0,0.0,0.0,0.0
base_sf_n_delta,39,-0.1329016327182007,0.1329016327182007,0.013646164833617335,0.004551771405151823
base_thinning_delta,39,0.0,0.0,0.0,0.0
crop_base_left_delta,39,0.056554666019687505,0.05743956228196993,0.03368717048785397,0.010244867741485107
crop_base_yield_delta,39,-0.04960961738879458,0.055240347379131784,0.035745467950980984,0.007932740309394488
crop_carbon_above_sp3,39,0.017226337864969656,0.017284633828083953,0.011174751713331883,0.003288392345967263
crop_carbon_below_sp3,39,0.030841940252432122,0.030841940252432122,0.012578603624639407,0.004099846691416755
crop_intercept_sp3,39,0.0009314691612489296,0.0032630141187667246,0.005068135088141635,0.001321744003511819
crop_nitrogen_above_sp3,39,-0.01100848411047969,0.01100848411047969,0.004182521244883872,0.001249881712269543
crop_nitrogen_below_sp3,39,-0.016081035434720874,0.016081035434720874,0.0022305876086516183,0.0006893207916086603
crop_carbon_above_sp10,39,0.015157300320528626,0.015157300320528626,0.010188541562933988,0.003013967987362758
crop_carbon_below_sp10,39,0.0061283008776212376,0.006310377069632697,0.0054457826453740265,0.001524896949683049
crop_intercept_sp10,39,0.0012935164833281665,0.005935890124831022,0.006725094171373145,0.0010247727180424577
crop_nitrogen_above_sp10,39,-0.007081677975079137,0.007081677975079137,0.0014323384656657065,0.000437411162465158
crop_nitrogen_below_sp10,39,-0.004457407240105527,0.004457407240105527,0.0014506415250371495,0.00043335930573451536
crop_proj_left_delta,39,0.017022970671950997,0.021504073544743228,0.019140664350656502,0.004557137877382759
crop_proj_yield_delta,39,0.14107781241680145,0.15535520469654598,0.10434046325744518,0.02223954052473065
crop_root_in_top_30,39,0.014769217115310998,0.015523243401475836,0.015922399365991588,0.00492567613540701
crop_root_to_shoot_sp3,39,0.012960760273669242,0.013243397063275736,0.011893346508512183,0.0035687175988479715
crop_slope_sp3,39,-0.0038944737087743125,0.004967572792881067,0.004429435863708003,0.0008820931278057275
crop_root_to_shoot_sp10,39,0.0027351934843732216,0.004064177212040321,0.005715502033553915,0.0014650531987789644
crop_slope_sp10,39,-0.00731791946598539,0.00898527188896187,0.008534505386881932,0.0019489250960037258
cy0_to_ceq_multiplier,39,0.001631672252144803,0.004196333714005749,0.01005979538452522,0.0027839769054579596
litter_carbon,39,-0.008899445468361512,0.008899445468361512,0.006290980631093085,0.0019207909295265188
litter_nitrogen,39,0.023840581492758108,0.023840581492758108,0.0026222280512941372,0.0007248192172949223
mortality_fraction_branch_delta,39,0.0050046871323499945,0.005646999904534006,0.004165514750880584,0.0009195049264527619
mortality_fraction_croot_delta,39,0.0006870008282728463,0.002584054372663272,0.003974670060773429,0.0009438318160100447
mortality_fraction_froot_delta,39,0.0006449835702386442,0.0012579701618566585,0.0014930882323303959,0.0003505197515489382
mortality_fraction_leaf_delta,39,0.0008479460958843804,0.002014999311279922,0.002396973366563497,0.00047120274301878907
mortality_fraction_stem_delta,39,-0.00011406106939039206,0.014721114079226532,0.02432077502611775,0.005536268312538174
pool_alloc_froot_sp1,39,0.037356218257927655,0.05687968001723951,0.05836818875779491,0.012010308735947682
pool_alloc_leaf_sp1,39,0.04712731617638826,0.08239697249196534,0.08372090222006412,0.014722654752676853
pool_alloc_stem_sp1,39,-0.0643814493861394,0.2901027299520162,0.42057675821041735,0.08975692797680489
pool_turnover_branch_sp1,39,0.032868705729453794,0.1473290517907124,0.22033552330464645,0.046613021113414574
pool_turnover_croot_sp1,39,0.030372596811454773,0.06795643407426229,0.08843077596217931,0.019914975788843645
pool_turnover_froot_sp1,39,0.03214615686274759,0.03261455181998268,0.014392702997746842,0.004146985942852257
pool_turnover_leaf_sp1,39,0.03030806852548968,0.03735564362592621,0.031175357516174885,0.0058286724989461604
pool_turnover_stem_sp1,39,2.559085626757483,5.474189393351061,8.817622473325772,1.9555428514512567
proj_cover,39,0.47262250441157805,0.5168409449934843,0.6530373895768927,0.18647686703239685
proj_fire_off,39,0.02339493953944246,0.02339493953944246,0.07196133832964131,0.02342570071968794
proj_fire_on,39,0.24926675922894032,0.24926675922894032,0.3110627389021832,0.10158778879350495
proj_mortality,39,0.39541581095140843,0.4857750355737747,1.2685274561082467,0.4012158980916291
proj_thinning_delta,39,3.66038990132214,5.759983158116116,9.98917892297096,2.5839337219743577
roth_c_cover_c,39,-0.0054016463293133764,0.008850662631576297,0.022468986240659895,0.006039402532432149
roth_c_dpm_frac_crop,39,-0.006493387941176804,0.006493387941176804,0.00936185794373755,0.003166603400481843
roth_c_dpm_frac_tree,39,-0.021867896399835694,0.021867896399835694,0.018578643363624147,0.005831053718546198
roth_c_moisture_b_slope,39,0.11671576447900674,0.17259669729898464,0.30103966774282137,0.08097618458053506
roth_c_temp_a1,39,-0.05478426503434599,0.19158812599970748,0.2605417929534466,0.05030609606724649
roth_c_temp_a2,39,0.20263845139333408,0.3198902838736467,0.36513351469444094,0.08236706850792272
thinning_fraction_branch_delta,39,0.07517631568169605,0.07517631568169605,0.07062708701759589,0.021617415224813745
thinning_fraction_croot_delta,39,0.020638770726269958,0.020638770726269958,0.02573319679124968,0.007605471766857593
thinning_fraction_froot_delta,39,0.0168326980641079,0.0168326980641079,0.022432399316374304,0.00692984828276999
thinning_fraction_leaf_delta,39,0.01914845819828453,0.01914845819828453,0.025612678626643886,0.007981787174186723
thinning_fraction_stem_delta,39,0.15670649671258574,0.15670649671258574,0.27994333831586327,0.09818668992925715
tree_carbon_sp1,39,0.04536567679622054,0.6124474264762909,0.9789334368748818,0.22846555188674011
tree_nitrogen_branch_sp1,39,0.0008497407482170816,0.0008497407482170816,0.0008674965271255159,0.0002410276774321676
tree_nitrogen_croot_sp1,39,0.0009247018907060977,0.0009247018907060977,0.0023618333750969546,0.0007097254338063384
tree_nitrogen_froot_sp1,39,0.02164877281928719,0.02164877281928719,0.03101461356758458,0.009749629474785176
tree_nitrogen_leaf_sp1,39,0.037456270769040706,0.037456270769040706,0.06429031620622466,0.01887969420907092
tree_nitrogen_stem_sp1,39,0.001848375246549766,0.001848375246549766,0.0019168384570375234,0.000609124926268874
tree_root_in_top_30,39,0.03789561105079301,0.07154113524965978,0.07904119797235505,0.015154734315368087
tree_root_to_shoot_sp1,39,-0.0021651869473836433,0.06473641666159848,0.11920161521878699,0.02824120529379465
cy0,40,0.01514863716064117,0.26544519182705406,0.4384562163741437,0.0976072904884435
clay,40,-0.1068842503795812,0.5853276379768837,1.378359824908817,0.36383229129864675
temp_ci_delta,40,-0.013311830374782058,0.13387944200137386,0.18501908126015176,0.038664329894449026
rain_ci_delta,40,-0.12730934080498796,0.6175234881027234,0.9214140820930321,0.19242061119193088
evap_ci_delta,40,0.010634134581224735,0.0472947521152045,0.13313549385572312,0.04141152016653092
ef_burn_crop_N2O_scale,40,-0.005265088621357913,0.005280373647966061,0.0031715425661116357,0.0007929160788464432
ef_burn_crop_CH4_scale,40,-0.019646628497269985,0.019668161301219584,0.011926626289819149,0.003358149983668345
ef_burn_tree_N2O_scale,40,0.00433437738941903,0.00433437738941903,0.007408983221168807,0.0022247574298512973
ef_burn_tree_CH4_scale,40,0.01899365713546374,0.01899365713546374,0.027672794944782187,0.008361979136121382
ef_N_inputs,40,-0.08815648989860984,0.12607193240554132,0.10979501990537163,0.0203913044494158
combustion_factor_crop,40,-0.023108582373568002,0.0231343966112405,0.015554308587243564,0.00456367282745151
combustion_factor_tree,40,0.02636393980886346,0.02636393980886346,0.04266447752835396,0.012745241085792324
volatile_frac_organic_fertiliser,40,-0.0028754256509737008,0.0028754256509737008,0.00030556244209795064,8.220332913380062e-05
volatile_frac_synthetic_fertiliser,40,0.016297396888962895,0.016297396888962895,0.0016405654386363324,0.0005054828205225416
base_sf_qty_scale,40,-0.1298137469652644,0.1298137469652644,0.01168469711233444,0.003828718301943738
proj_lit_qty_scale,40,0.01724817285329945,0.017723351761603702,0.00999267849931216,0.0027701807679326377
base_stand_density_scale,40,0.0,0.0,0.0,0.0
proj_stand_density_scale,40,0.17609492372685603,0.44305153038901485,0.569775295012203,0.1338387549474122
tree_wood_dens_sp1,40,0.21952316110000406,0.4702252024345194,0.5685625030181989,0.11681910318662157
base_cover,40,-0.055395175492330986,0.2380418138968284,0.36249713692185026,0.08058773278938196
base_fire_off,40,-0.024885313060658505,0.024885313060658505,0.08969221031413536,0.023475185917333705
base_fire_on,40,-0.034932859740002806,0.034932859740002806,0.005956144895642946,0.0018859905989436498
base_mortality,40,0.0,0.0,0.0,0.0
base_sf_n_delta,40,-0.1329016327182008,0.1329016327182008,0.013646164833617393,0.004551771405151836
base_thinning_delta,40,0.0,0.0,0.0,0.0
crop_base_left_delta,40,0.05522853772844194,0.056176122100234795,0.033483296092858716,0.010152527263474315
crop_base_yield_delta,40,-0.05141731777678543,0.05654284909782722,0.03529308321766097,0.007915923829260449
crop_carbon_above_sp3,40,0.01615410422489114,0.016266971869586665,0.010469701509479519,0.0030511863103285554
crop_carbon_below_sp3,40,0.029181943623771005,0.029181943623771005,0.012159982858967106,0.003957190386918564
crop_intercept_sp3,40,0.000336341804839585,0.002932752968406632,0.004514065272363991,0.0011094409356334732
crop_nitrogen_above_sp3,40,-0.011008484110479352,0.011008484110479352,0.004182521244884208,0.0012498817122696818
crop_nitrogen_below_sp3,40,-0.01608103543472076,0.01608103543472076,0.002230587608651652,0.0006893207916086812
crop_carbon_above_sp10,40,0.014636108532352438,0.014636108532352438,0.010061088070061532,0.0029797074783954533
crop_carbon_below_sp10,40,0.005920329622337897,0.006109823376752624,0.005386364542084135,0.0015049975702921504
crop_intercept_sp10,40,0.0011231606103952463,0.005946623401034861,0.006744817259734975,0.0010124404183898819
crop_nitrogen_above_sp10,40,-0.007081677975078996,0.007081677975078996,0.0014323384656657041,0.00043741116246512774
crop_nitrogen_below_sp10,40,-0.004457407240105693,0.004457407240105693,0.0014506415250370842,0.0004333593057344557
crop_proj_left_delta,40,0.015681474836277843,0.0203940526949253,0.018340124490988662,0.004215862211689711
crop_proj_yield_delta,40,0.1510999559985396,0.16145371695224398,0.10034017735508287,0.022423573736521
crop_root_in_top_30,40,0.01293814083398965,0.014131275413926484,0.01551031646074878,0.004586374190421778
crop_root_to_shoot_sp3,40,0.01143714428275938,0.011842552805991944,0.011479667587936107,0.003382605375721706
crop_slope_sp3,40,-0.004463645325653809,0.0053124847751390425,0.004335238348483916,0.0008980417696651662
crop_root_to_shoot_sp10,40,0.0025104165352019454,0.0039901118831708795,0.005685246379745331,0.001427815174935696
crop_slope_sp10,40,-0.007776359390665186,0.009262913006836302,0.008476154310141114,0.0019669169183263975
cy0_to_ceq_multiplier,40,0.001713214076859129,0.004290323559523426,0.010349843084782814,0.00289715129287784
litter_carbon,40,-0.00858264355892941,0.00858264355892941,0.00621760203749885,0.0018999788823300242
litter_nitrogen,40,0.023840581492758143,0.023840581492758143,0.002622228051294067,0.0007248192172948895
mortality_fraction_branch_delta,40,0.004499328015546073,0.0053207615518880815,0.004136497829532778,0.0008567999713498383
mortality_fraction_croot_delta,40,0.0004731924583717906,0.0025309804359743117,0.004184442016038635,0.0010256370105287409
mortality_fraction_froot_delta,40,0.000559445942541209,0.0012296751550473772,0.0015451771802736107,0.000371391198744059
mortality_fraction_leaf_delta,40,0.0006767016340738355,0.0020175161169598567,0.0025487665186079774,0.0005168348970290843
mortality_fraction_stem_delta,40,-0.0016467785714781302,0.015169802971046758,0.02661874890012282,0.006284781770179635
pool_alloc_froot_sp1,40,0.0318825208680951,0.054358309950587526,0.06283359018866345,0.013858571242607967
pool_alloc_leaf_sp1,40,0.03772712834814216,0.08177292459751657,0.09223259783691247,0.017553481614639474
pool_alloc_stem_sp1,40,-0.04217547247266319,0.2804802797962464,0.4260090739530021,0.09483641169833074
pool_turnover_branch_sp1,40,0.04988668323228894,0.14809744044446774,0.23091006170422523,0.05138434197910371
pool_turnover_croot_sp1,40,0.023212603504420844,0.06676439552051816,0.09628472604142134,0.02274037110976272
pool_turnover_froot_sp1,40,0.028470328517376898,0.030048035068103784,0.015591413092266415,0.003664993241920194
pool_turnover_leaf_sp1,40,0.025869223849786682,0.036118313176015486,0.034223503492938866,0.006014962152871816
pool_turnover_stem_sp1,40,3.0618310884129314,5.598949397305264,9.09522664529997,2.0831428580383795
proj_cover,40,0.4236676945055267,0.46755993863131595,0.5855664219817402,0.16431696688682926
proj_fire_off,40,0.02339493953944246,0.02339493953944246,0.07196133832964131,0.02342570071968794
proj_fire_on,40,0.24814287691657952,0.24814287691657952,0.3164680269192268,0.10336024671042039
proj_mortality,40,0.43111977780221916,0.5066739882220087,1.324999746497266,0.41933471492877644
proj_thinning_delta,40,4.166950469331267,5.9301843082761145,10.30763753614982,2.734112653181145
roth_c_cover_c,40,-0.005187737849630399,0.008667630045933246,0.022294128737531674,0.005963634047425492
roth_c_dpm_frac_crop,40,-0.0052416199414012845,0.0052456425807966695,0.007518106800693415,0.0025501878440377375
roth_c_dpm_frac_tree,40,-0.014096296265277048,0.01583534627596564,0.016084891946207318,0.00445287392483472
roth_c_moisture_b_slope,40,0.10224617580122415,0.16206129898891414,0.301058629067538,0.08066137193831299
roth_c_temp_a1,40,-0.03989583988861527,0.17352889669365343,0.24614036786799398,0.049158638212960036
roth_c_temp_a2,40,0.13657592588982212,0.2905746819263296,0.37015003072999,0.08793018703011045
thinning_fraction_branch_delta,40,0.04611536725241853,0.04611536725241853,0.041699725511519896,0.012467174620959746
thinning_fraction_croot_delta,40,0.012449071002572205,0.012449071002572205,0.013565879579233218,0.004139120407337698
thinning_fraction_froot_delta,40,0.010143457455088857,0.010143457455088857,0.012665801968623356,0.003939025148478118
thinning_fraction_leaf_delta,40,0.01179696349739649,0.01179696349739649,0.014693013127359683,0.004605780879904152
thinning_fraction_stem_delta,40,0.09588479956670828,0.09588479956670828,0.16498664682555528,0.05871683075930451
tree_carbon_sp1,40,-0.013690441864799497,0.6084674766136813,1.0331101787696135,0.25030355095702705
tree_nitrogen_branch_sp1,40,0.0008387447497492817,0.0008387447497492817,0.0008763965754594615,0.00024353588930769247
tree_nitrogen_croot_sp1,40,0.0009306730831821625,0.0009306730831821625,0.002409948226837872,0.0007242468554046791
tree_nitrogen_froot_sp1,40,0.0216733972125348,0.0216733972125348,0.031501865644540585,0.009901654655106017
tree_nitrogen_leaf_sp1,40,0.0376155672308584,0.0376155672308584,0.0655534646228322,0.019242237903414734
tree_nitrogen_stem_sp1,40,0.0018311156347160407,0.0018311156347160407,0.0019440974224648679,0.0006166566902677811
tree_root_in_top_30,40,0.02433601144410804,0.07190519673980658,0.09177849560396963,0.018387419659574175
tree_root_to_shoot_sp1,40,-0.008441575895538293,0.0642617827084779,0.12358739125183812,0.029961205702432034
cy0,41,0.018772230748991696,0.27007011483926935,0.4429857816986456,0.09814666720816029
clay,41,-0.10382536972300696,0.5810105490051287,1.3703511720396822,0.36174297665259736
temp_ci_delta,41,0.014027149461033539,0.14134352363946323,0.21800334090000653,0.051927449339401445
rain_ci_delta,41,-0.01579975927090007,0.6176938060993152,1.0245249663863034,0.22482070945762755
evap_ci_delta,41,0.0024824343847389017,0.04625187901798288,0.13422573886144917,0.04104808085182993
ef_burn_crop_N2O_scale,41,-0.005265088621357913,0.005280373647966044,0.0031715425661116067,0.0007929160788464653
ef_burn_crop_CH4_scale,41,-0.01964662849726994,0.019668161301219535,0.011926626289819194,0.003358149983668364
ef_burn_tree_N2O_scale,41,0.004320044510005847,0.004320044510005847,0.007514858571523542,0.0022557987247539177
ef_burn_tree_CH4_scale,41,0.01897090619852083,0.01897090619852083,0.028096308430913836,0.008502955223205282
ef_N_inputs,41,-0.08807202884362834,0.12690973965554317,0.11170248906340434,0.02082615145476898
combustion_factor_crop,41,-0.023108582373567967,0.023134396611240483,0.01555430858724377,0.004563672827451519
combustion_factor_tree,41,0.02636017652261362,0.02636017652261362,0.043323109293361875,0.012957309033232358
volatile_frac_organic_fertiliser,41,-0.002875425650973709,0.002875425650973709,0.000305562442097846,8.220332913375711e-05
volatile_frac_synthetic_fertiliser,41,0.01629739688896286,0.01629739688896286,0.0016405654386362756,0.0005054828205225111
base_sf_qty_scale,41,-0.12981374696526443,0.12981374696526443,0.011684697112334372,0.0038287183019437335
proj_lit_qty_scale,41,0.017560916364487013,0.017981549695957104,0.009914194261826648,0.0027750172796234883
base_stand_density_scale,41,0.0,0.0,0.0,0.0
proj_stand_density_scale,41,0.14587033768646077,0.43067084617278495,0.583386075932573,0.14027833271144066
tree_wood_dens_sp1,41,0.19329781443172336,0.4547882950358389,0.5753392770806703,0.12211062202159736
base_cover,41,-0.0576911858282723,0.23575526329056135,0.3611593070879805,0.08042490203117114
base_fire_off,41,-0.024885313060658505,0.024885313060658505,0.08969221031413536,0.023475185917333705
base_fire_on,41,-0.034932859740002785,0.034932859740002785,0.005956144895642881,0.0018859905989436461
base_mortality,41,0.0,0.0,0.0,0.0
base_sf_n_delta,41,-0.1329016327182007,0.1329016327182007,0.013646164833617462,0.004551771405151935
base_thinning_delta,41,0.0,0.0,0.0,0.0
crop_base_left_delta,41,0.0539589483428639,0.05496614225242062,0.033273886113410076,0.010060922285959575
crop_base_yield_delta,41,-0.05314957185971714,0.05777918620845344,0.034837855894329035,0.00791633385661598
crop_carbon_above_sp3,41,0.015240323423072178,0.015400559989635815,0.009920801203750886,0.0028635223252944444
crop_carbon_below_sp3,41,0.027728399795031205,0.027728399795031205,0.01182686150705028,0.0038413128937424997
crop_intercept_sp3,41,-0.00017324472024538988,0.0027540620767078847,0.004108211364513886,0.0009650301347916015
crop_nitrogen_above_sp3,41,-0.011008484110479336,0.011008484110479336,0.004182521244883995,0.0012498817122695957
crop_nitrogen_below_sp3,41,-0.016081035434720982,0.016081035434720982,0.0022305876086516634,0.0006893207916086709
crop_carbon_above_sp10,41,0.014137177298920788,0.014137177298920788,0.009932296037348989,0.002945123571254305
crop_carbon_below_sp10,41,0.005721873950973562,0.005918009093025013,0.005327577447252524,0.0014856831766666381
crop_intercept_sp10,41,0.000960575765124555,0.0059691212963926986,0.006764022632721859,0.0009944301141452516
crop_nitrogen_above_sp10,41,-0.007081677975079104,0.007081677975079104,0.0014323384656657768,0.00043741116246517626
crop_nitrogen_below_sp10,41,-0.0044574072401055475,0.0044574072401055475,0.0014506415250371942,0.00043335930573452523
crop_proj_left_delta,41,0.01457391467541263,0.019438712113508942,0.017657942890069757,0.00394612925531516
crop_proj_yield_delta,41,0.15974389040064244,0.16681463054714238,0.09738982529520303,0.02297362092583899
crop_root_in_top_30,41,0.011317194704249156,0.013024601733274816,0.015193644957617856,0.004308068462837931
crop_root_to_shoot_sp3,41,0.010095239595621155,0.010659583241888029,0.011153354294771477,0.0032110847381387636
crop_slope_sp3,41,-0.0049669546592709364,0.005652923062981666,0.004252318818566355,0.000910958182414844
crop_root_to_shoot_sp10,41,0.0022948306526834857,0.003929920845506932,0.005653725367322249,0.0013897234703812678
crop_slope_sp10,41,-0.008214395732814763,0.009528306512222065,0.008418115201465766,0.0019895021036552135
cy0_to_ceq_multiplier,41,0.0017845038899402532,0.004367184961499332,0.010615726502004765,0.0030024396415563913
litter_carbon,41,-0.00827925243866073,0.00827925243866073,0.0061433808085939465,0.0018788269447547912
litter_nitrogen,41,0.023840581492758035,0.023840581492758035,0.002622228051294116,0.00072481921729489
mortality_fraction_branch_delta,41,0.004210755395939711,0.0051112859337346574,0.004065779377799508,0.0008192205642013525
mortality_fraction_croot_delta,41,0.00035798573147282075,0.002480039128645417,0.004252141763466113,0.001057461983543256
mortality_fraction_froot_delta,41,0.0005110637399609347,0.001205264401778347,0.0015560852980168636,0.0003779576861635352
mortality_fraction_leaf_delta,41,0.0005804911000354907,0.0020069058678801434,0.002608086999776991,0.0005377255897737572
mortality_fraction_stem_delta,41,-0.002456563425767769,0.015269634328607392,0.027702912744612868,0.006670236517668663
pool_alloc_froot_sp1,41,0.028869059400923346,0.05254355241315813,0.06463050289707423,0.014757547792909564
pool_alloc_leaf_sp1,41,0.03296560123084759,0.08013225373173494,0.09501966054847752,0.01894885536127423
pool_alloc_stem_sp1,41,-0.029498714805878522,0.277578188926895,0.42653176320740704,0.09631848457522232
pool_turnover_branch_sp1,41,0.05168690281396053,0.14717764245883974,0.23274212290054172,0.05245007530417955
pool_turnover_croot_sp1,41,0.019120200946830344,0.06595723628966386,0.10059683967040062,0.02438466038026757
pool_turnover_froot_sp1,41,0.026248329980561712,0.028709478672116283,0.017320772942526947,0.0037477317596930166
pool_turnover_leaf_sp1,41,0.023284889401356524,0.035353652377733816,0.03619913274638249,0.0065314578964858075
pool_turnover_stem_sp1,41,3.174886672749981,5.526860829469259,8.995797745997903,2.0800014672818974
proj_cover,41,0.3723211183131755,0.42650174105916927,0.5337829727970167,0.14554296289263624
proj_fire_off,41,0.02339493953944246,0.02339493953944246,0.07196133832964131,0.02342570071968794
proj_fire_on,41,0.24696066160565952,0.24696066160565952,0.3214647684146164,0.10499777646643937
proj_mortality,41,0.44786655644696893,0.5178239382708718,1.3532558050574397,0.4287761767535377
proj_thinning_delta,41,4.301255058460549,5.937137442261461,10.234277855353737,2.7340688400279487
roth_c_cover_c,41,-0.0047870340850974386,0.008586991708987649,0.022233575151793163,0.005920797764262476
roth_c_dpm_frac_crop,41,-0.004337239944052729,0.004347728682611985,0.006077163245129904,0.002064733247593393
roth_c_dpm_frac_tree,41,-0.009670511115092493,0.013343283350996058,0.015837929676182978,0.004054721444500643
roth_c_moisture_b_slope,41,0.07416323083884652,0.17303705268431732,0.31484072731025037,0.08305319339777505
roth_c_temp_a1,41,-0.018853003787638954,0.16545405117806905,0.2597597610271148,0.0568892915148884
roth_c_temp_a2,41,0.08549547847673307,0.29961773281433196,0.4153742651271927,0.09667344077157697
thinning_fraction_branch_delta,41,0.031175044520791416,0.031175044520791416,0.026892731184152197,0.007982696244734864
thinning_fraction_croot_delta,41,0.008485382263527425,0.008485382263527425,0.00822484594451206,0.0025737937520574944
thinning_fraction_froot_delta,41,0.006681219754630571,0.006681219754630571,0.007746014221757319,0.002438420784847896
thinning_fraction_leaf_delta,41,0.007974323058252223,0.007974323058252223,0.008859685880821913,0.0027975464056505584
thinning_fraction_stem_delta,41,0.06380478595950388,0.06380478595950388,0.10240896089337806,0.036644590120552004
tree_carbon_sp1,41,-0.04147628508538029,0.5969827944908958,1.0401259769278344,0.2566491387855368
tree_nitrogen_branch_sp1,41,0.0008279620667701132,0.0008279620667701132,0.0008846794995773485,0.00024584855683894665
tree_nitrogen_croot_sp1,41,0.0009362163027054296,0.0009362163027054296,0.002455102011769738,0.000737866086734162
tree_nitrogen_froot_sp1,41,0.021692575096987486,0.021692575096987486,0.0319641072075175,0.010045418948613863
tree_nitrogen_leaf_sp1,41,0.03775545148862261,0.03775545148862261,0.06674018302391188,0.019582911559914935
tree_nitrogen_stem_sp1,41,0.0018144521041082023,0.0018144521041082023,0.0019706478908375034,0.0006240019340574638
tree_root_in_top_30,41,0.017215197585968088,0.07109794539403697,0.09709778013733328,0.019958316784739007
tree_root_to_shoot_sp1,41,-0.011318256008469385,0.06346369652886277,0.1234685775154397,0.030294257737257323
cy0,42,0.02214530066249701,0.2738378015819867,0.44693307471665744,0.09866963632725795
clay,42,-0.10486360180434033,0.5770081281016765,1.3672703299519586,0.36115643524906516
temp_ci_delta,42,0.035497237793723144,0.1516330298549294,0.2490173400561347,0.06340852611896959
rain_ci_delta,42,0.07731304813004831,0.6324865235128858,1.1417054247437939,0.2640858506867097
evap_ci_delta,42,-0.005283341207143336,0.04936688722381786,0.14284981375434685,0.04379782579649349
ef_burn_crop_N2O_scale,42,-0.00526508862135793,0.005280373647966028,0.0031715425661116205,0.0007929160788464774
ef_burn_crop_CH4_scale,42,-0.019646628497270016,0.019668161301219646,0.011926626289819215,0.0033581499836683945
ef_burn_tree_N2O_scale,42,0.0043053886346191535,0.0043053886346191535,0.007614191921439874,0.002284843807970725
ef_burn_tree_CH4_scale,42,0.01894486992288385,0.01894486992288385,0.0284965830639443,0.008636862198335699
ef_N_inputs,42,-0.08802188538909905,0.12769334245016625,0.11345621082797672,0.021231896663163417
combustion_factor_crop,42,-0.023108582373568085,0.0231343966112406,0.015554308587243767,0.004563672827451556
combustion_factor_tree,42,0.02635119098220476,0.02635119098220476,0.043950710498334995,0.013159710999816434
volatile_frac_organic_fertiliser,42,-0.002875425650973734,0.002875425650973734,0.00030556244209784076,8.220332913375695e-05
volatile_frac_synthetic_fertiliser,42,0.016297396888962902,0.016297396888962902,0.0016405654386362975,0.0005054828205225203
base_sf_qty_scale,42,-0.12981374696526454,0.12981374696526454,0.011684697112334408,0.003828718301943736
proj_lit_qty_scale,42,0.017861318342373842,0.018241391841364894,0.009834449161798297,0.002770638295851223
base_stand_density_scale,42,0.0,0.0,0.0,0.0
proj_stand_density_scale,42,0.13186858653683076,0.4190402776669302,0.577649406772807,0.13967480380722244
tree_wood_dens_sp1,42,0.17956712952859383,0.4385067775697025,0.569969393392152,0.12377720846065386
base_cover,42,-0.05952326001317643,0.23328212012753896,0.3594928999301626,0.08023624573617767
base_fire_off,42,-0.024885313060658495,0.024885313060658495,0.08969221031413534,0.023475185917333698
base_fire_on,42,-0.0349328597400028,0.0349328597400028,0.00595614489564291,0.0018859905989436435
base_mortality,42,0.0,0.0,0.0,0.0
base_sf_n_delta,42,-0.13290163271820066,0.13290163271820066,0.013646164833617169,0.0045517714051517616
base_thinning_delta,42,0.0,0.0,0.0,0.0
crop_base_left_delta,42,0.052743431256087915,0.05380718974315677,0.03305900006899463,0.009969880328148597
crop_base_yield_delta,42,-0.054809664077749856,0.05897606730378744,0.03438086239678937,0.007917660095295088
crop_carbon_above_sp3,42,0.014442568499663683,0.014644005427137235,0.009485589390644866,0.0027127247393654084
crop_carbon_below_sp3,42,0.026427050496778643,0.026427050496778643,0.011558196885668386,0.0037461086980259658
crop_intercept_sp3,42,-0.000619910042024463,0.0026628806451542697,0.0038204207764171404,0.0008789119796680195
crop_nitrogen_above_sp3,42,-0.011008484110479635,0.011008484110479635,0.004182521244883969,0.0012498817122695576
crop_nitrogen_below_sp3,42,-0.01608103543472085,0.01608103543472085,0.0022305876086516825,0.0006893207916086754
crop_carbon_above_sp10,42,0.013659600124928017,0.013659600124928017,0.009803025015855414,0.0029104864507109827
crop_carbon_below_sp10,42,0.005531928005035264,0.0057341335308547185,0.005268472048010433,0.0014665183307716097
crop_intercept_sp10,42,0.0008051676429521898,0.005990947964016033,0.006782163448865505,0.0009792303959279976
crop_nitrogen_above_sp10,42,-0.00708167797507907,0.00708167797507907,0.001432338465665711,0.0004374111624651715
crop_nitrogen_below_sp10,42,-0.004457407240105664,0.004457407240105664,0.0014506415250371163,0.00043335930573443746
crop_proj_left_delta,42,0.013628406626845158,0.018591729100142198,0.017055084384809672,0.003725042122887762
crop_proj_yield_delta,42,0.1673845286318909,0.17203683236332784,0.09520719573984898,0.02343832146594404
crop_root_in_top_30,42,0.009854397964426241,0.01218140407537263,0.01494442768454712,0.004093267078621754
crop_root_to_shoot_sp3,42,0.00888563619056335,0.009741099135160863,0.010890528463481002,0.0030300089562889884
crop_slope_sp3,42,-0.00542300677701627,0.005986081413932925,0.004177892500925548,0.0009242878397120471
crop_root_to_shoot_sp10,42,0.002087975252886619,0.003886775658403356,0.00562138868787484,0.0013530784030320422
crop_slope_sp10,42,-0.008632945649635343,0.009791221991301686,0.008361146158417126,0.0020133182552301903
cy0_to_ceq_multiplier,42,0.001845842586186544,0.004427977128231361,0.010854753374686932,0.003098738979442999
litter_carbon,42,-0.007988591163811658,0.007988591163811658,0.006068360198599163,0.0018573555919818186
litter_nitrogen,42,0.02384058149275791,0.02384058149275791,0.0026222280512940735,0.0007248192172948849
mortality_fraction_branch_delta,42,0.004044744194232552,0.0049348974988906395,0.003960794964768639,0.0007980794190188597
mortality_fraction_croot_delta,42,0.00029804201186857117,0.002430433241364949,0.004240640876509639,0.0010616828147840093
mortality_fraction_froot_delta,42,0.00048245944558283904,0.0011814311878736827,0.0015439460573504794,0.00037644780639297797
mortality_fraction_leaf_delta,42,0.0005271575255064692,0.0019834505888263938,0.0026075890096797136,0.0005417569196335904
mortality_fraction_stem_delta,42,-0.0028470058039795796,0.015155449161739715,0.028047406747091285,0.006830118144248425
pool_alloc_froot_sp1,42,0.027119648759913913,0.051031215899632,0.06481079875929266,0.015054104891593919
pool_alloc_leaf_sp1,42,0.030545959188283744,0.07797603956304863,0.09468197809453781,0.019367390567110083
pool_alloc_stem_sp1,42,-0.02126431169756127,0.27658677992102965,0.42344222961096817,0.0957581194954082
pool_turnover_branch_sp1,42,0.04648765412496937,0.14422498700305791,0.23174635583193198,0.05309247796531214
pool_turnover_croot_sp1,42,0.01662967652695958,0.06533222877489121,0.10297763228316538,0.025353194863218045
pool_turnover_froot_sp1,42,0.02478264017680305,0.028283389857054742,0.018867204378607137,0.0037179072214910303
pool_turnover_leaf_sp1,42,0.021748229683512907,0.03470468061226366,0.03723982662549253,0.006927619775595008
pool_turnover_stem_sp1,42,3.0964493963898114,5.351786255960131,8.708242774926697,2.0126969541185966
proj_cover,42,0.3334948620379501,0.3988256159419523,0.5025043080919132,0.1332216152381914
proj_fire_off,42,0.02339493953944246,0.02339493953944246,0.07196133832964131,0.02342570071968794
proj_fire_on,42,0.24571274559892298,0.24571274559892298,0.3260313743541946,0.10649328922997758
proj_mortality,42,0.4546980903100132,0.5225886013031684,1.3645912612241198,0.4327096121674776
proj_thinning_delta,42,4.241820939406434,5.817052075694028,9.944892537420378,2.6558994068925283
roth_c_cover_c,42,-0.004378066338641355,0.008522442574996346,0.02218582905794125,0.005894479935361875
roth_c_dpm_frac_crop,42,-0.0036674956329723644,0.0036816145580582686,0.0049521154639640555,0.0016831484649703376
roth_c_dpm_frac_tree,42,-0.00704586163112608,0.011875884682829626,0.01567314915739702,0.003907193150041378
roth_c_moisture_b_slope,42,0.04630585023805515,0.18716872889509564,0.33023801482420606,0.08488814446254156
roth_c_temp_a1,42,-1.672735042731466e-05,0.17150384268089525,0.28264549934652217,0.062162342639196275
roth_c_temp_a2,42,0.05394948172785798,0.3088924982683421,0.45516890565553014,0.10819047393152681
thinning_fraction_branch_delta,42,0.022937902707725746,0.022937902707725746,0.018524569788146726,0.005539839654701763
thinning_fraction_croot_delta,42,0.006422582354931425,0.006422582354931425,0.0056106330026915695,0.0017846172955168767
thinning_fraction_froot_delta,42,0.004796982052588203,0.004796982052588203,0.005172449963180582,0.0016368870944786383
thinning_fraction_leaf_delta,42,0.005909123842925757,0.005909123842925757,0.005748179994019719,0.001829594126812229
thinning_fraction_stem_delta,42,0.046101909168169836,0.046101909168169836,0.06725267970399433,0.023904421180814765
tree_carbon_sp1,42,-0.052126151891430994,0.580055328622673,1.0187050117262415,0.25350963450552255
tree_nitrogen_branch_sp1,42,0.0008173655490697456,0.0008173655490697456,0.0008923314512797151,0.0002479623181136338
tree_nitrogen_croot_sp1,42,0.0009412783505133749,0.0009412783505133749,0.002497102933607418,0.0007505249906657756
tree_nitrogen_froot_sp1,42,0.021705551660499655,0.021705551660499655,0.032400121568810614,0.010180534209705392
tree_nitrogen_leaf_sp1,42,0.037874052151377985,0.037874052151377985,0.0678460305837549,0.019900454317889477
tree_nitrogen_stem_sp1,42,0.0017982896967338735,0.0017982896967338735,0.001996367348672503,0.0006311257451190862
tree_root_in_top_30,42,0.013447516490482456,0.0696556401690138,0.09818429248500934,0.020308853082603735
tree_root_to_shoot_sp1,42,-0.01229206005195645,0.06187240502511593,0.12038906487808586,0.02972543302507806
cy0,43,0.02528339858218842,0.27682006822921856,0.4502881498581035,0.09915882658562397
clay,43,-0.10747138786153335,0.5726886878479472,1.3649158592262702,0.36083611050935577
temp_ci_delta,43,0.05031991121845845,0.15897914627857365,0.2711402535765532,0.07151008402667894
rain_ci_delta,43,0.14310875905146547,0.6517215951351666,1.2379721722127837,0.2957645653701656
evap_ci_delta,43,-0.011428037627508053,0.051283028900558844,0.153516135562194,0.04750643719622507
ef_burn_crop_N2O_scale,43,-0.0052650886213578465,0.005280373647965961,0.003171542566111738,0.0007929160788464881
ef_burn_crop_CH4_scale,43,-0.019646628497269992,0.019668161301219605,0.011926626289819258,0.003358149983668374
ef_burn_tree_N2O_scale,43,0.0042902321677937795,0.0042902321677937795,0.007706493435621031,0.002311746070826804
ef_burn_tree_CH4_scale,43,0.01891473776884853,0.01891473776884853,0.02887139386713138,0.00876297668523666
ef_N_inputs,43,-0.08800852549772267,0.12842183204184093,0.11504898391353884,0.02160541590316705
combustion_factor_crop,43,-0.023108582373568116,0.023134396611240636,0.015554308587243822,0.004563672827451535
combustion_factor_tree,43,0.026335925416871093,0.026335925416871093,0.044544865883604595,0.013351706066863348
volatile_frac_organic_fertiliser,43,-0.0028754256509738755,0.0028754256509738755,0.0003055624420978499,8.220332913376412e-05
volatile_frac_synthetic_fertiliser,43,0.016297396888962864,0.016297396888962864,0.0016405654386363146,0.0005054828205225212
base_sf_qty_scale,43,-0.1298137469652645,0.1298137469652645,0.011684697112334413,0.0038287183019437387
proj_lit_qty_scale,43,0.018150029008267045,0.0184902710967544,0.009753625770141936,0.0027666332871284765
base_stand_density_scale,43,0.0,0.0,0.0,0.0
proj_stand_density_scale,43,0.1265949063708357,0.4052840943549773,0.5608351300277131,0.13603370051370742
tree_wood_dens_sp1,43,0.1725409003427666,0.4217093107391074,0.5574311520682704,0.12311990039738444
base_cover,43,-0.06093709372625243,0.2319652352697003,0.3575146653709502,0.08013906862271618
base_fire_off,43,-0.024885313060658505,0.024885313060658505,0.08969221031413536,0.023475185917333705
base_fire_on,43,-0.034932859740002827,0.034932859740002827,0.00595614489564304,0.0018859905989436778
base_mortality,43,0.0,0.0,0.0,0.0
base_sf_n_delta,43,-0.13290163271820074,0.13290163271820074,0.013646164833617419,0.004551771405151836
base_thinning_delta,43,0.0,0.0,0.0,0.0
crop_base_left_delta,43,0.05157956344241441,0.05269713420050863,0.032839526852702465,0.009879383770257032
crop_base_yield_delta,43,-0.05640130028539869,0.06020242448564987,0.03392250666127628,0.007875943745486015
crop_carbon_above_sp3,43,0.013732370363603127,0.01396951713035017,0.009133714659194752,0.002589634494654345
crop_carbon_below_sp3,43,0.025243627901435296,0.025243627901435296,0.011337993975486382,0.0036668119732502385
crop_intercept_sp3,43,-0.0010188354063184468,0.0026651424308311855,0.0036279866167870127,0.0008357338277122119
crop_nitrogen_above_sp3,43,-0.011008484110479652,0.011008484110479652,0.004182521244883942,0.0012498817122695708
crop_nitrogen_below_sp3,43,-0.016081035434720854,0.016081035434720854,0.002230587608651606,0.0006893207916086777
crop_carbon_above_sp10,43,0.013202005998752658,0.013202005998752658,0.009672887207902435,0.0028756049210491032
crop_carbon_below_sp10,43,0.005350663060256403,0.005558185285887432,0.005209491385807154,0.0014477265979201926
crop_intercept_sp10,43,0.0006565265065217527,0.006012432454865897,0.006799812202804672,0.0009667247263933619
crop_nitrogen_above_sp10,43,-0.007081677975079079,0.007081677975079079,0.0014323384656657568,0.0004374111624651615
crop_nitrogen_below_sp10,43,-0.0044574072401056975,0.0044574072401056975,0.0014506415250371111,0.0004333593057344554
crop_proj_left_delta,43,0.012800216989623941,0.017824962060667342,0.016509135068764638,0.0035384047008482303
crop_proj_yield_delta,43,0.17425998809727866,0.1772461119147653,0.0935831458836307,0.023719579513330046
crop_root_in_top_30,43,0.00851644882505999,0.011610120769530368,0.0147421442185635,0.003885809207719198
crop_root_to_shoot_sp3,43,0.007779088450897226,0.009066112929421572,0.010673536393272124,0.002850691605346175
crop_slope_sp3,43,-0.005843468100220262,0.006293006586043537,0.004109912893232597,0.0009464059230110547
crop_root_to_shoot_sp10,43,0.0018893004058268368,0.0038446895966452272,0.005587674972233412,0.0013194323261822355
crop_slope_sp10,43,-0.009033710206575682,0.010075441045135327,0.00830469487512257,0.0020281888124692176
cy0_to_ceq_multiplier,43,0.0018984543694813005,0.004474963305117841,0.011067491326239525,0.003186044233888642
litter_carbon,43,-0.0077100168888511265,0.0077100168888511265,0.005992782374548901,0.0018356468575268549
litter_nitrogen,43,0.023840581492758067,0.023840581492758067,0.002622228051294014,0.00072481921729484
mortality_fraction_branch_delta,43,0.003951645296489897,0.004775778764161714,0.003835608229905217,0.0007866211785112043
mortality_fraction_croot_delta,43,0.00027091400320352623,0.002381520678405702,0.004182080717053189,0.0010496020390834027
mortality_fraction_froot_delta,43,0.0004653425321032925,0.0011568975300343023,0.0015181563010005536,0.0003703826806386836
mortality_fraction_leaf_delta,43,0.0004999854016301361,0.0019497310865695659,0.0025682272055238577,0.0005347980910476869
mortality_fraction_stem_delta,43,-0.002983485685790793,0.014909440384414985,0.027939327447857102,0.006850405628939518
pool_alloc_froot_sp1,43,0.026066351365261482,0.049663953150212325,0.06403606696957387,0.014989736628542394
pool_alloc_leaf_sp1,43,0.029401800920620613,0.07554557617608307,0.09261966002561574,0.019203716287181965
pool_alloc_stem_sp1,43,-0.01525015580818985,0.275801675267894,0.4185360897920505,0.09427732649557352
pool_turnover_branch_sp1,43,0.0379563790642425,0.1445892791821199,0.23083933188584682,0.05156932610297688
pool_turnover_croot_sp1,43,0.01503705812122284,0.06479192887501399,0.10426252039023604,0.025934047275240957
pool_turnover_froot_sp1,43,0.02374270781423951,0.027997099940702663,0.020122081101695,0.003820945868420063
pool_turnover_leaf_sp1,43,0.020838963501372012,0.03410493589401696,0.03760401622644251,0.007136596393281616
pool_turnover_stem_sp1,43,2.9151299537250037,5.117767568649725,8.322535228276225,1.9152153866412442
proj_cover,43,0.307247559525616,0.3822193568927812,0.48706146084178364,0.12600319758635986
proj_fire_off,43,0.02339493953944246,0.02339493953944246,0.07196133832964131,0.02342570071968794
proj_fire_on,43,0.24439308696310796,0.24439308696310796,0.3301502351317141,0.10784098724398136
proj_mortality,43,0.4558206359457461,0.523548173996101,1.364859118309358,0.4329841835059737
proj_thinning_delta,43,4.0752993150176895,5.624952201156392,9.534261320452634,2.53431380348865
roth_c_cover_c,43,-0.00401506250224079,0.00849885945903336,0.02211599092620743,0.005854569274400488
roth_c_dpm_frac_crop,43,-0.0031602977297803896,0.0031765981656216996,0.004074754418578987,0.0013840715161673456
roth_c_dpm_frac_tree,43,-0.005427375282888389,0.011039204493790986,0.01526563310681205,0.0038048567752142454
roth_c_moisture_b_slope,43,0.02269700939916746,0.19638711715384471,0.3419325432751608,0.08598652562499601
roth_c_temp_a1,43,0.014729890242836413,0.1798195716369546,0.3058493865013967,0.06731819591294776
roth_c_temp_a2,43,0.03650738715309849,0.3147139700916151,0.48133440614168727,0.11691413942375407
thinning_fraction_branch_delta,43,0.01807889826415287,0.01807889826415287,0.013502998047766545,0.004096954057844262
thinning_fraction_croot_delta,43,0.005260969543765292,0.005260969543765292,0.004239911531544265,0.0013631397142708616
thinning_fraction_froot_delta,43,0.003713166626850478,0.003713166626850478,0.003747935136440759,0.001174957243016379
thinning_fraction_leaf_delta,43,0.004744122806397055,0.004744122806397055,0.004109920541410628,0.001317373116944517
thinning_fraction_stem_delta,43,0.03584651004462007,0.03584651004462007,0.04687020718132978,0.016351962250601308
tree_carbon_sp1,43,-0.05287283692719622,0.5595016174725398,0.9800421261249004,0.24454408432649546
tree_nitrogen_branch_sp1,43,0.0008069308261362789,0.0008069308261362789,0.000899341014306891,0.0002498747143086028
tree_nitrogen_croot_sp1,43,0.0009458117923377724,0.0009458117923377724,0.0025357879973122834,0.0007621741846577887
tree_nitrogen_froot_sp1,43,0.0217116384705505,0.0217116384705505,0.03280882707603476,0.01030665747067078
tree_nitrogen_leaf_sp1,43,0.03796974069827098,0.03796974069827098,0.0688672181155839,0.02019378946748748
tree_nitrogen_stem_sp1,43,0.001782541613940093,0.001782541613940093,0.002021139621721035,0.0006379946261835719
tree_root_in_top_30,43,0.011527152461048112,0.06787778589588614,0.0969405279391688,0.019964843653439642
tree_root_to_shoot_sp1,43,-0.01215315000803659,0.05975558789946713,0.11539676400509474,0.028565613293578186
cy0,44,0.028200403949517155,0.27908026210972353,0.45305579174518623,0.09960271307383
clay,44,-0.11035627643191717,0.5679251431412485,1.3612147132897672,0.36012982233941077
temp_ci_delta,44,0.059760408376438715,0.16347545642700628,0.2849192145396651,0.07652769532064665
rain_ci_delta,44,0.18488824222633754,0.6727471888684948,1.3063475980886725,0.3153714144211905
evap_ci_delta,44,-0.01584005813407363,0.05307050965720661,0.16365473493531463,0.05076585832837593
ef_burn_crop_N2O_scale,44,-0.005265088621357797,0.005280373647965977,0.0031715425661116873,0.0007929160788464483
ef_burn_crop_CH4_scale,44,-0.019646628497269912,0.019668161301219525,0.011926626289819314,0.0033581499836683884
ef_burn_tree_N2O_scale,44,0.0042744175677992225,0.0042744175677992225,0.0077913435125089945,0.002336380514193959
ef_burn_tree_CH4_scale,44,0.018879794939281005,0.018879794939281005,0.029218822225757834,0.008880672912327206
ef_N_inputs,44,-0.08803394691372689,0.12909464201505047,0.11647508065252704,0.021944118625696785
combustion_factor_crop,44,-0.02310858237356811,0.023134396611240608,0.015554308587243515,0.004563672827451486
combustion_factor_tree,44,0.026313434328938946,0.026313434328938946,0.045103395614619415,0.013532627602348066
volatile_frac_organic_fertiliser,44,-0.0028754256509739007,0.0028754256509739007,0.00030556244209792896,8.220332913378153e-05
volatile_frac_synthetic_fertiliser,44,0.016297396888962905,0.016297396888962905,0.0016405654386363365,0.0005054828205225375
base_sf_qty_scale,44,-0.12981374696526443,0.12981374696526443,0.011684697112334387,0.003828718301943731
proj_lit_qty_scale,44,0.018427583211139034,0.01872868535532695,0.00967183359135673,0.0027629704980260687
base_stand_density_scale,44,0.0,0.0,0.0,0.0
proj_stand_density_scale,44,0.12634779372494026,0.39259321587675,0.5376323412772983,0.12985035041221468
tree_wood_dens_sp1,44,0.1694568632074974,0.4073529746510891,0.5405396634677168,0.12031912646733366
base_cover,44,-0.06197387101680916,0.23030580995759742,0.3552430363221649,0.07997171282917485
base_fire_off,44,-0.024885313060658505,0.024885313060658505,0.08969221031413536,0.023475185917333705
base_fire_on,44,-0.03493285974000269,0.03493285974000269,0.005956144895642837,0.0018859905989436305
base_mortality,44,0.0,0.0,0.0,0.0
base_sf_n_delta,44,-0.1329016327182007,0.1329016327182007,0.013646164833617244,0.0045517714051517884
base_thinning_delta,44,0.0,0.0,0.0,0.0
crop_base_left_delta,44,0.050463819781222476,0.05163254525718948,0.03261595729589464,0.009789510682488305
crop_base_yield_delta,44,-0.05792765526700343,0.06136982650031449,0.033464105026394644,0.007849112915306983
crop_carbon_above_sp3,44,0.013091200858918062,0.013359390505945035,0.00884282436886179,0.002487380559696097
crop_carbon_below_sp3,44,0.024155046428951804,0.024155046428951804,0.011153311260736258,0.0035995060904215805
crop_intercept_sp3,44,-0.0013795557728674315,0.0027253606557283106,0.003512581101688982,0.0008190288017905237
crop_nitrogen_above_sp3,44,-0.011008484110479578,0.011008484110479578,0.0041825212448840556,0.0012498817122695877
crop_nitrogen_below_sp3,44,-0.01608103543472078,0.01608103543472078,0.002230587608651583,0.0006893207916086545
crop_carbon_above_sp10,44,0.012763655643795052,0.012763655643795052,0.009542486745199133,0.002840630031644723
crop_carbon_below_sp10,44,0.005176597985513026,0.005389035317928897,0.005150755618311423,0.001429174731180554
crop_intercept_sp10,44,0.0005141643398392445,0.006033493313861495,0.00681684176662504,0.0009566581204381895
crop_nitrogen_above_sp10,44,-0.007081677975079179,0.007081677975079179,0.001432338465665746,0.0004374111624651606
crop_nitrogen_below_sp10,44,-0.004457407240105555,0.004457407240105555,0.001450641525037205,0.00043335930573449026
crop_proj_left_delta,44,0.012060529449636221,0.017120567924243397,0.016006679425884716,0.0033771494565226377
crop_proj_yield_delta,44,0.18052887738871362,0.18250632001155792,0.09236484490262992,0.02382890719878165
crop_root_in_top_30,44,0.007280260882782279,0.011151602662763741,0.01457196537073301,0.003698893767138641
crop_root_to_shoot_sp3,44,0.006755324767274154,0.008554258205375906,0.010490389701877857,0.0026842850574723396
crop_slope_sp3,44,-0.006235227927746731,0.006593025512114705,0.004046942185589397,0.0009649603312562834
crop_root_to_shoot_sp10,44,0.0016986707633054447,0.0038016417224482806,0.005552924845735288,0.0012888916092739053
crop_slope_sp10,44,-0.009416480475425652,0.010361353057697779,0.008249530701104797,0.002040695448560703
cy0_to_ceq_multiplier,44,0.001942956571022067,0.004509470609126423,0.01125403973014138,0.0032644459343712574
litter_carbon,44,-0.007443024280034416,0.007443024280034416,0.0059167109128022395,0.0018137237383315332
litter_nitrogen,44,0.023840581492757845,0.023840581492757845,0.0026222280512940817,0.0007248192172948659
mortality_fraction_branch_delta,44,0.0039037741364262315,0.0046370471240435324,0.0037027692251160546,0.000781130308020378
mortality_fraction_croot_delta,44,0.0002644245861242567,0.0023326433659208944,0.004093248468468071,0.0010270692233183532
mortality_fraction_froot_delta,44,0.00045562842098131884,0.0011313148025410668,0.001483882512524722,0.0003617073408933321
mortality_fraction_leaf_delta,44,0.000489809101021721,0.0019082760175117564,0.002503154453554275,0.0005206878524141418
mortality_fraction_stem_delta,44,-0.0029591674750293452,0.01457988103859291,0.027548340675218472,0.006782583875783225
pool_alloc_froot_sp1,44,0.02542441368528623,0.04837370404512339,0.06268246057676953,0.014703929817598112
pool_alloc_leaf_sp1,44,0.02901378658780219,0.07295699376444861,0.08957362842364591,0.018696331732332705
pool_alloc_stem_sp1,44,-0.010448689149779908,0.2746846304557004,0.413014503962893,0.09256095359251328
pool_turnover_branch_sp1,44,0.027844550617791914,0.14733147381603126,0.23133761017871407,0.04916827396374798
pool_turnover_croot_sp1,44,0.013989684217355464,0.06427817673887784,0.10485489608085095,0.026271277329077712
pool_turnover_froot_sp1,44,0.02296306298367392,0.02776805784141484,0.02109542337145104,0.003964046462018754
pool_turnover_leaf_sp1,44,0.020324983497207193,0.0335272020477442,0.03749691105667794,0.007194238308935215
pool_turnover_stem_sp1,44,2.67400456740129,4.847079368380173,7.885619931231243,1.8061670988976872
proj_cover,44,0.29072604781462036,0.3734003596370773,0.48180895284892356,0.12222794377300249
proj_fire_off,44,0.023394939539442446,0.023394939539442446,0.07196133832964127,0.02342570071968792
proj_fire_on,44,0.2429969658997977,0.2429969658997977,0.3338079192801386,0.10903643295358595
proj_mortality,44,0.4533209702407139,0.5218447590379648,1.3572083508729489,0.430607429080327
proj_thinning_delta,44,3.845848456806459,5.388724325601435,9.052268891386216,2.3877855459121053
roth_c_cover_c,44,-0.0037112702159698557,0.008542899087601766,0.022009745384895425,0.005805992101035924
roth_c_dpm_frac_crop,44,-0.0027690256465108865,0.0027867206450477187,0.003391103961869918,0.0011501040832133684
roth_c_dpm_frac_tree,44,-0.004396888058078671,0.010329930604402618,0.01465749665505424,0.003677013892089756
roth_c_moisture_b_slope,44,0.003942329152156812,0.2008351642331943,0.3487337418318518,0.08625522803127406
roth_c_temp_a1,44,0.02540166033503427,0.18648142737418438,0.324905185093272,0.07181331449503957
roth_c_temp_a2,44,0.02797648298022304,0.3178031018437336,0.4970567785483099,0.12269593607455907
thinning_fraction_branch_delta,44,0.015025807809038902,0.015025807809038902,0.010379506969902502,0.003194123898054098
thinning_fraction_croot_delta,44,0.004552479478147723,0.004552479478147723,0.0035045084683467923,0.0011349546545823949
thinning_fraction_froot_delta,44,0.0030523507711253477,0.0030523507711253477,0.002901149967586921,0.0008890924826820033
thinning_fraction_leaf_delta,44,0.004052949680773875,0.004052949680773875,0.003264314721357925,0.0010505257755692775
thinning_fraction_stem_delta,44,0.02959417213612005,0.02959417213612005,0.034720736569222525,0.011782503047233255
tree_carbon_sp1,44,-0.04759030444043204,0.5365907134560706,0.9307727499049573,0.23194659663783937
tree_nitrogen_branch_sp1,44,0.0007966362222674259,0.0007966362222674259,0.0009056993338088904,0.0002515842158913913
tree_nitrogen_croot_sp1,44,0.0009497752931278442,0.0009497752931278442,0.002571024862845852,0.0007727736107362313
tree_nitrogen_froot_sp1,44,0.021710215448273597,0.021710215448273597,0.033189283813337696,0.010423493397122573
tree_nitrogen_leaf_sp1,44,0.038041142459193274,0.038041142459193274,0.0698006509426497,0.02046203684047955
tree_nitrogen_stem_sp1,44,0.0017671287137974473,0.0017671287137974473,0.002044855747364037,0.0006445767651677786
tree_root_in_top_30,44,0.01068810388014273,0.06591879404547178,0.0943777680264762,0.019229222470067534
tree_root_to_shoot_sp1,44,-0.011334248237653693,0.05729638512777786,0.10917533956538446,0.027021503568519522
cy0,45,0.030910338255835168,0.28069903685413,0.45524850450867255,0.09998568237778861
clay,45,-0.11284944589697557,0.5626638038836659,1.3551058999513028,0.3586976794947318
temp_ci_delta,45,0.06525416063288275,0.16582227593805698,0.2924140491626588,0.07924376257283272
rain_ci_delta,45,0.20834726350605964,0.6862584496881653,1.3499623831336558,0.3289555291580655
evap_ci_delta,45,-0.018746632447116628,0.05519479831339441,0.17230910335767122,0.053089005863263726
ef_burn_crop_N2O_scale,45,-0.005265088621357822,0.005280373647966052,0.0031715425661117346,0.0007929160788464636
ef_burn_crop_CH4_scale,45,-0.019646628497269888,0.019668161301219504,0.011926626289819232,0.003358149983668385
ef_burn_tree_N2O_scale,45,0.00425780735145063,0.00425780735145063,0.007868395245199052,0.002358644574266717
ef_burn_tree_CH4_scale,45,0.018839423978950824,0.018839423978950824,0.029537266404544935,0.008989425300476547
ef_N_inputs,45,-0.08809967292449654,0.12971156452002658,0.11773030080922779,0.022245957009429242
combustion_factor_crop,45,-0.023108582373568044,0.02313439661124056,0.015554308587243626,0.0045636728274515
combustion_factor_tree,45,0.026282886682288526,0.026282886682288526,0.045624372222391824,0.013701887836115539
volatile_frac_organic_fertiliser,45,-0.002875425650973834,0.002875425650973834,0.00030556244209789746,8.220332913375786e-05
volatile_frac_synthetic_fertiliser,45,0.016297396888962944,0.016297396888962944,0.001640565438636367,0.0005054828205225464
base_sf_qty_scale,45,-0.12981374696526454,0.12981374696526454,0.011684697112334259,0.003828718301943676
proj_lit_qty_scale,45,0.01869447369306549,0.01895709558152287,0.009589215496133712,0.0027596655831239442
base_stand_density_scale,45,0.0,0.0,0.0,0.0
proj_stand_density_scale,45,0.11942437432599022,0.38618828231685254,0.5140849177122886,0.12022917167141438
tree_wood_dens_sp1,45,0.17282800365134712,0.40045681429813695,0.5206883134713892,0.11633036399790338
base_cover,45,-0.06267210652188285,0.22834273890013926,0.3526973968410134,0.07973305799293347
base_fire_off,45,-0.024885313060658495,0.024885313060658495,0.08969221031413534,0.023475185917333698
base_fire_on,45,-0.03493285974000272,0.03493285974000272,0.0059561448956429175,0.0018859905989436622
base_mortality,45,0.0,0.0,0.0,0.0
base_sf_n_delta,45,-0.13290163271820066,0.13290163271820066,0.013646164833617316,0.004551771405151814
base_thinning_delta,45,0.0,0.0,0.0,0.0
crop_base_left_delta,45,0.049394767268564586,0.0506121381612115,0.03238826432527032,0.009699958335689455
crop_base_yield_delta,45,-0.05939115975802258,0.062480606535038195,0.033006246881243206,0.007836440661452733
crop_carbon_above_sp3,45,0.012505704110360689,0.012800780032890102,0.008597114071988333,0.002400968708666615
crop_carbon_below_sp3,45,0.02314534894218125,0.02314534894218125,0.010995020380635816,0.003541344374201106
crop_intercept_sp3,45,-0.0017094551275283532,0.0028132598005907008,0.003459071147808103,0.0008323063114877276
crop_nitrogen_above_sp3,45,-0.011008484110479652,0.011008484110479652,0.004182521244884013,0.00124988171226956
crop_nitrogen_below_sp3,45,-0.016081035434720874,0.016081035434720874,0.0022305876086516118,0.0006893207916086585
crop_carbon_above_sp10,45,0.012343527856434439,0.012343527856434439,0.009412034036297083,0.0028056616388814097
crop_carbon_below_sp10,45,0.005010210737557102,0.005226945458640326,0.005092243694894067,0.0014109562916072565
crop_intercept_sp10,45,0.0003785041500209252,0.0060540589527309395,0.006833309090590138,0.0009488592517445531
crop_nitrogen_above_sp10,45,-0.007081677975079212,0.007081677975079212,0.0014323384656657239,0.0004374111624651434
crop_nitrogen_below_sp10,45,-0.004457407240105714,0.004457407240105714,0.001450641525037139,0.0004333593057344749
crop_proj_left_delta,45,0.011390166921709615,0.016466754640928456,0.015539237931815966,0.0032352960227893814
crop_proj_yield_delta,45,0.18630193540576342,0.18738010883004286,0.09144049322424368,0.02400171043597329
crop_root_in_top_30,45,0.006129590750558743,0.010715472230456578,0.014423530103699553,0.003550412845040282
crop_root_to_shoot_sp3,45,0.005800647352417698,0.008117903270687765,0.01033181833060371,0.0025457209223454192
crop_slope_sp3,45,-0.006602980564376207,0.006906064969829487,0.00398835790224956,0.0009668026958166166
crop_root_to_shoot_sp10,45,0.0015151762654716557,0.0037575474980055023,0.005517314640621453,0.0012613637664986455
crop_slope_sp10,45,-0.00978329772181038,0.01063341342215401,0.008195047345470592,0.0020565123170457706
cy0_to_ceq_multiplier,45,0.0019805058567086446,0.004532361140910365,0.011415179549920402,0.0033341096866025587
litter_carbon,45,-0.00718700020758512,0.00718700020758512,0.005840274438653605,0.0017916358582810647
litter_nitrogen,45,0.023840581492757997,0.023840581492757997,0.0026222280512940583,0.0007248192172948866
mortality_fraction_branch_delta,45,0.003885016097119917,0.004574356036616803,0.003571985160955775,0.0007621199436101854
mortality_fraction_croot_delta,45,0.00027165440945468996,0.0022832202075216065,0.0039833165533293595,0.0009972669639506462
mortality_fraction_froot_delta,45,0.0004508973824868076,0.0011044203029533504,0.0014440566686511793,0.0003515862219087181
mortality_fraction_leaf_delta,45,0.0004912847152520522,0.0018609991491923355,0.0024207439526087483,0.0005019417939968312
mortality_fraction_stem_delta,45,-0.002828001238755315,0.014195094519101888,0.026975127564266194,0.006657539912664699
pool_alloc_froot_sp1,45,0.02505758917656168,0.0471418797791995,0.060960375005770125,0.01427651204613321
pool_alloc_leaf_sp1,45,0.029127585676963635,0.07028118694449026,0.08595958511400278,0.017986443473854554
pool_alloc_stem_sp1,45,-0.008304976730941525,0.27544254016567804,0.40790039467683886,0.09054088155849374
pool_turnover_branch_sp1,45,0.01570268121805153,0.15207413838168926,0.2340151637948553,0.04703767066087223
pool_turnover_croot_sp1,45,0.013301399731034263,0.0637520886092248,0.104948827909874,0.026436630623710777
pool_turnover_froot_sp1,45,0.022325616978216008,0.027525203644486424,0.021843212357300322,0.004124964385928152
pool_turnover_leaf_sp1,45,0.0200715250909126,0.03295841490451644,0.03706284716429907,0.007145700755826415
pool_turnover_stem_sp1,45,2.3745680028830654,4.573595793766871,7.4342138849225705,1.69925528252856
proj_cover,45,0.2811709009533355,0.3695664196830742,0.48239096544477705,0.12065493694021143
proj_fire_off,45,0.023394939539442477,0.023394939539442477,0.07196133832964137,0.023425700719687952
proj_fire_on,45,0.24152096237694268,0.24152096237694268,0.336995271887543,0.1100765852652475
proj_mortality,45,0.4483066802364214,0.518345143658175,1.3434515550333601,0.4262160149497219
proj_thinning_delta,45,3.5772690142044494,5.1234584315851395,8.5268090903917,2.226577543218021
roth_c_cover_c,45,-0.003465205178664002,0.00855344725378616,0.021860966842479478,0.005752455640208535
roth_c_dpm_frac_crop,45,-0.0024622357810582945,0.0024808761518074736,0.0028592722056916906,0.0009673969806270314
roth_c_dpm_frac_tree,45,-0.0037278772752593267,0.009695200255816615,0.013926691414658065,0.003510997622266259
roth_c_moisture_b_slope,45,-0.01042718763022187,0.20156383693560356,0.3510824639196973,0.08582642051773337
roth_c_temp_a1,45,0.03257836001885391,0.19086802748554327,0.3383281641260495,0.07504685000480525
roth_c_temp_a2,45,0.024877799044813104,0.31898405870011276,0.5059201700637458,0.12639370185473864
thinning_fraction_branch_delta,45,0.012991986204791573,0.012991986204791573,0.00838668024332664,0.0026049535489169715
thinning_fraction_croot_delta,45,0.0040863997315045445,0.0040863997315045445,0.003101105150170177,0.0010090918892920841
thinning_fraction_froot_delta,45,0.0026248881160951696,0.0026248881160951696,0.0023616512691866866,0.0007025550924371807
thinning_fraction_leaf_delta,45,0.0036178736690267387,0.0036178736690267387,0.0028283482453308134,0.0009108139607534942
thinning_fraction_stem_delta,45,0.025576285107455587,0.025576285107455587,0.02729413371342487,0.008970648533515703
tree_carbon_sp1,45,-0.034811614192766946,0.5157998340764476,0.8757853519792312,0.21589272737484405
tree_nitrogen_branch_sp1,45,0.0007864626516299475,0.0007864626516299475,0.0009114001427666792,0.00025309021848139674
tree_nitrogen_croot_sp1,45,0.0009531338428076436,0.0009531338428076436,0.002602712982896792,0.0007822928870622928
tree_nitrogen_froot_sp1,45,0.02170073230793773,0.02170073230793773,0.03354069768790752,0.010530795859341203
tree_nitrogen_leaf_sp1,45,0.03808714321515303,0.03808714321515303,0.07064395603415649,0.020704520672477352
tree_nitrogen_stem_sp1,45,0.0017519790776862095,0.0017519790776862095,0.0020674147170293158,0.0006508422751177337
tree_root_in_top_30,45,0.010521790324411275,0.06385489735398416,0.09103621727188259,0.018266668754754346
tree_root_to_shoot_sp1,45,-0.01008183828185143,0.054614325740951,0.10217217135807492,0.025228581889710586
cy0,46,0.033425260081069386,0.281726722059234,0.4568866595506815,0.1003057978464696
clay,46,-0.11461499474228251,0.5568725155365664,1.3460593133638858,0.356370202370398
temp_ci_delta,46,0.06792248736073303,0.16680847763668102,0.2954881293958604,0.08037779669553974
rain_ci_delta,46,0.21858006117288936,0.6936411817086622,1.3741732235129422,0.33783617850292047
evap_ci_delta,46,-0.020440810927224235,0.05708548234543167,0.17923310093545364,0.05476905944090833
ef_burn_crop_N2O_scale,46,-0.005265088621357805,0.0052803736479660355,0.0031715425661117415,0.0007929160788464749
ef_burn_crop_CH4_scale,46,-0.019646628497270037,0.01966816130121965,0.011926626289819256,0.0033581499836684054
ef_burn_tree_N2O_scale,46,0.004240171715662206,0.004240171715662206,0.007937434438116018,0.0023784608618607926
ef_burn_tree_CH4_scale,46,0.01878341737453289,0.01878341737453289,0.029830072203960587,0.009088910982456226
ef_N_inputs,46,-0.08820675447480476,0.1302727568334487,0.11881199122400361,0.022509424370098237
combustion_factor_crop,46,-0.02310858237356801,0.023134396611240525,0.015554308587243739,0.004563672827451539
combustion_factor_tree,46,0.026243566924918534,0.026243566924918534,0.04610613266581637,0.013858981004555404
volatile_frac_organic_fertiliser,46,-0.0028754256509738257,0.0028754256509738257,0.000305562442097906,8.220332913376493e-05
volatile_frac_synthetic_fertiliser,46,0.01629739688896295,0.01629739688896295,0.0016405654386362977,0.0005054828205225208
base_sf_qty_scale,46,-0.12981374696526457,0.12981374696526457,0.011684697112334313,0.003828718301943692
proj_lit_qty_scale,46,0.018951268303297984,0.019176042120057923,0.009505942519458108,0.002756714659729167
base_stand_density_scale,46,0.0,0.0,0.0,0.0
proj_stand_density_scale,46,-0.11832876967240753,0.6181227734737907,1.3394074731025174,0.3829102405513363
tree_wood_dens_sp1,46,0.1951712972242386,0.41081169166404513,0.5278795548756975,0.11528538666172045
base_cover,46,-0.06306668018123515,0.22611094021070238,0.3498982257143988,0.07942398348166313
base_fire_off,46,-0.024885313060658512,0.024885313060658512,0.08969221031413542,0.023475185917333715
base_fire_on,46,-0.034932859740002625,0.034932859740002625,0.005956144895642831,0.0018859905989436357
base_mortality,46,0.0,0.0,0.0,0.0
base_sf_n_delta,46,-0.13290163271820074,0.13290163271820074,0.013646164833617264,0.004551771405151795
base_thinning_delta,46,0.0,0.0,0.0,0.0
crop_base_left_delta,46,0.048369469749355076,0.04963304340394269,0.03215714493384989,0.009610917224037894
crop_base_yield_delta,46,-0.06079555413771355,0.06353846707360539,0.03254987198794437,0.00783701659318342
crop_carbon_above_sp3,46,0.011966532736022741,0.012284896884528976,0.008384796134722382,0.0023267836356216727
crop_carbon_below_sp3,46,0.022203357417521732,0.022203357417521732,0.010856103226500935,0.003490138025014927
crop_intercept_sp3,46,-0.0020133213009620884,0.0029025435580828083,0.0034537007102937068,0.0008706800696908448
crop_nitrogen_above_sp3,46,-0.011008484110479411,0.011008484110479411,0.004182521244883966,0.0012498817122695769
crop_nitrogen_below_sp3,46,-0.01608103543472076,0.01608103543472076,0.002230587608651617,0.0006893207916086729
crop_carbon_above_sp10,46,0.011940320709359038,0.011940320709359038,0.009281143005780992,0.0027704980134216346
crop_carbon_below_sp10,46,0.004850824723190905,0.005071328874866221,0.005033604294592868,0.0013929197493451797
crop_intercept_sp10,46,0.00024831820558494504,0.0060742046538569145,0.006849267796862335,0.0009430940025772695
crop_nitrogen_above_sp10,46,-0.007081677975078991,0.007081677975078991,0.0014323384656658835,0.00043741116246520195
crop_nitrogen_below_sp10,46,-0.004457407240105718,0.004457407240105718,0.0014506415250371636,0.00043335930573449075
crop_proj_left_delta,46,0.010775901509041393,0.015855357931579057,0.015101198026121369,0.0031087702053184552
crop_proj_yield_delta,46,0.1916589910762845,0.19212909869642766,0.09072879224060228,0.024086010035233377
crop_root_in_top_30,46,0.005052775594121717,0.010358593811599936,0.014289398805434738,0.0034221574447049815
crop_root_to_shoot_sp3,46,0.0049055499294201445,0.0077571737419156045,0.010191521627850244,0.002431532411791535
crop_slope_sp3,46,-0.006949966397113598,0.007220813920226126,0.0039332272950238795,0.000958614273358879
crop_root_to_shoot_sp10,46,0.001339127795393176,0.003712672561948159,0.00548070093275792,0.001236540908623792
crop_slope_sp10,46,-0.010134196220869762,0.010902902454102975,0.008141485121715341,0.0020677618987930166
cy0_to_ceq_multiplier,46,0.0020115428933479285,0.004545208462470585,0.011552210149289897,0.0033953882507758992
litter_carbon,46,-0.0069414743018556945,0.0069414743018556945,0.0057636279806564696,0.001769421657171243
litter_nitrogen,46,0.02384058149275808,0.02384058149275808,0.0026222280512940787,0.0007248192172948791
mortality_fraction_branch_delta,46,0.0038883628074874695,0.004542074622866474,0.0034480013142650866,0.0007434862132910584
mortality_fraction_croot_delta,46,0.00028910896307100256,0.0022334621063417074,0.003857684348298064,0.0009617693143951743
mortality_fraction_froot_delta,46,0.0004501952524010061,0.0010766250640553115,0.0014006423552906805,0.0003406621501057486
mortality_fraction_leaf_delta,46,0.0005050056032276345,0.0018131324627973593,0.0023265795522928795,0.00048014307888180017
mortality_fraction_stem_delta,46,-0.002588287413864801,0.013805658884413883,0.026289349228449034,0.0064954781306975394
pool_alloc_froot_sp1,46,0.025345411243760718,0.04641450886473762,0.059113402876948044,0.0136105555351354
pool_alloc_leaf_sp1,46,0.029939101267381647,0.06789228567441338,0.08206494985619714,0.017109202023905336
pool_alloc_stem_sp1,46,0.01628639581261988,0.29085559080864937,0.42696895255044015,0.09707492080283352
pool_turnover_branch_sp1,46,-0.0026965871649737598,0.16243694651411017,0.24142399215322072,0.04521097185116794
pool_turnover_croot_sp1,46,0.0116763209247245,0.0619959571677869,0.1044564775653892,0.026732306483305438
pool_turnover_froot_sp1,46,0.01982401418329128,0.027822719005727532,0.02486025194502269,0.004214190601549142
pool_turnover_leaf_sp1,46,0.019730451000958892,0.032180191514304256,0.03651773672368878,0.007059340074184604
pool_turnover_stem_sp1,46,1.9008042474085918,4.434481672185582,7.166122849679397,1.6446145870638733
proj_cover,46,0.27668091301889586,0.3690982057134599,0.4863820025864633,0.12056661852879347
proj_fire_off,46,0.023394939539442494,0.023394939539442494,0.07196133832964141,0.02342570071968797
proj_fire_on,46,0.23996291477836612,0.23996291477836612,0.3397074131600472,0.110959802932007
proj_mortality,46,0.45207153826513746,0.5338318548707495,1.3236236362414215,0.4178285639571816
proj_thinning_delta,46,3.286565879505889,4.837007093546718,7.9731946557560045,2.058454822688354
roth_c_cover_c,46,-0.003275060053402473,0.00855662903243935,0.021689665554123196,0.005691854129959696
roth_c_dpm_frac_crop,46,-0.002217392132921686,0.002236713261622408,0.002446098750964349,0.0008249649214962828
roth_c_dpm_frac_tree,46,-0.0032982562259152625,0.009096148549892729,0.013132729797571033,0.0033176238995748296
roth_c_moisture_b_slope,46,-0.021126350928213296,0.19960937151162245,0.3498429496614527,0.08486097999310721
roth_c_temp_a1,46,0.03678141372569434,0.19345756532526345,0.34629765942849355,0.07682397225122789
roth_c_temp_a2,46,0.025145538489126335,0.3189187015853488,0.5102458598045394,0.12864077472945415
thinning_fraction_branch_delta,46,0.011591310118053233,0.011591310118053233,0.007072085769772384,0.002204534856223492
thinning_fraction_croot_delta,46,0.0037608904644511358,0.0037608904644511358,0.0028629832676329596,0.0009332714344729061
thinning_fraction_froot_delta,46,0.002344806249919437,0.002344806249919437,0.0019956322175732014,0.0005747366989098834
thinning_fraction_leaf_delta,46,0.003350062382167354,0.003350062382167354,0.002595564475366602,0.0008343911745555654
thinning_fraction_stem_delta,46,0.022862507712756643,0.022862507712756643,0.022629716870964364,0.00720783792370403
tree_carbon_sp1,46,0.004794096687420946,0.5182923983027676,0.8381370785879775,0.2047178547521353
tree_nitrogen_branch_sp1,46,0.0007756398478632992,0.0007756398478632992,0.000917085697777243,0.00025448961038229944
tree_nitrogen_croot_sp1,46,0.0009557930482729377,0.0009557930482729377,0.0026308085021886705,0.0007907234501925363
tree_nitrogen_froot_sp1,46,0.021681992355846186,0.021681992355846186,0.033862892606658666,0.010628563284458237
tree_nitrogen_leaf_sp1,46,0.038105867559764216,0.038105867559764216,0.0713960531866563,0.020920893353765964
tree_nitrogen_stem_sp1,46,0.0017368992532441508,0.0017368992532441508,0.0020888334077912084,0.0006567880960462423
tree_root_in_top_30,46,0.010847943883962301,0.06177057775002513,0.08721605011252787,0.017152427483365058
tree_root_to_shoot_sp1,46,-0.007505222467629524,0.052824203646398414,0.09518053915454366,0.02318209124650978
cy0,47,0.035757586078887404,0.28222812397010427,0.45799415860692,0.10055619617714287
clay,47,-0.1144847457028968,0.5515411768615607,1.3343116887376842,0.3531200948462858
temp_ci_delta,47,0.06863944849746892,0.1672783742101191,0.29547660804695347,0.08040328379186411
rain_ci_delta,47,0.21883138939482386,0.6956283666058358,1.3839188923965735,0.3432438947811027
evap_ci_delta,47,-0.021009131009569526,0.05858332268745534,0.18456314360953846,0.05591671428382957
ef_burn_crop_N2O_scale,47,-0.005265088621357947,0.00528037364796616,0.0031715425661117576,0.0007929160788464485
ef_burn_crop_CH4_scale,47,-0.01964662849726999,0.0196681613012196,0.011926626289819189,0.0033581499836683603
ef_burn_tree_N2O_scale,47,0.004204810249816433,0.004204810249816433,0.008004147899068701,0.0024029306145480385
ef_burn_tree_CH4_scale,47,0.01872420405182074,0.01872420405182074,0.030090843166181734,0.009179661835150137
ef_N_inputs,47,-0.08846790131413974,0.13089085934713246,0.1197887681942981,0.022756137227507228
combustion_factor_crop,47,-0.023108582373568085,0.0231343966112406,0.015554308587243677,0.0045636728274515365
combustion_factor_tree,47,0.026177536867173452,0.026177536867173452,0.0465557461019028,0.014007167953086685
volatile_frac_organic_fertiliser,47,-0.0028754256509738257,0.0028754256509738257,0.0003055624420978627,8.22033291337631e-05
volatile_frac_synthetic_fertiliser,47,0.016297396888963037,0.016297396888963037,0.0016405654386363413,0.0005054828205225336
base_sf_qty_scale,47,-0.12981374696526463,0.12981374696526463,0.011684697112334382,0.003828718301943723
proj_lit_qty_scale,47,0.01919842097929317,0.019385954936800523,0.009422105492407941,0.0027540926504227205
base_stand_density_scale,47,0.0,0.0,0.0,0.0
proj_stand_density_scale,47,0.21818092200901312,0.7835063736081346,1.7692643828006995,0.48691592421687513
tree_wood_dens_sp1,47,0.19459615623736745,0.39698962845264724,0.4999681184774706,0.10441085766366093
base_cover,47,-0.06318896493856731,0.22364297879014955,0.3468668447380367,0.07904679330325731
base_fire_off,47,-0.024885313060658495,0.024885313060658495,0.08969221031413534,0.023475185917333698
base_fire_on,47,-0.034932859740002604,0.034932859740002604,0.00595614489564274,0.0018859905989435945
base_mortality,47,0.0,0.0,0.0,0.0
base_sf_n_delta,47,-0.1329016327182007,0.1329016327182007,0.013646164833617348,0.004551771405151808
base_thinning_delta,47,0.0,0.0,0.0,0.0
crop_base_left_delta,47,0.04738634738766316,0.04869384406498356,0.031923138439234736,0.009522336078044457
crop_base_yield_delta,47,-0.06214273955094311,0.06454509296611703,0.0320950467047746,0.007849951666604519
crop_carbon_above_sp3,47,0.011466313432149669,0.011804809709269202,0.008197677218768046,0.002262094908478355
crop_carbon_below_sp3,47,0.02131993870012167,0.02131993870012167,0.010730978519404103,0.0034440642540226564
crop_intercept_sp3,47,-0.002294984507752766,0.003009189570961311,0.0034854715491788655,0.0009216963087013634
crop_nitrogen_above_sp3,47,-0.011008484110479735,0.011008484110479735,0.004182521244883937,0.0012498817122695508
crop_nitrogen_below_sp3,47,-0.016081035434720784,0.016081035434720784,0.0022305876086517063,0.0006893207916086946
crop_carbon_above_sp10,47,0.011553928632429383,0.011553928632429383,0.009150910787149802,0.0027355551812473363
crop_carbon_below_sp10,47,0.004698303358142221,0.004922266894627982,0.004975194771496129,0.001375034549589604
crop_intercept_sp10,47,0.00012385481783167145,0.006093783990276468,0.006864472420511129,0.0009390830622475389
crop_nitrogen_above_sp10,47,-0.0070816779750791075,0.0070816779750791075,0.0014323384656657401,0.0004374111624651645
crop_nitrogen_below_sp10,47,-0.004457407240105635,0.004457407240105635,0.0014506415250371606,0.00043335930573448165
crop_proj_left_delta,47,0.010208385236345523,0.015280742834741474,0.014688594255125378,0.002994544163634658
crop_proj_yield_delta,47,0.19665965854775935,0.19686073969386114,0.09017013577634242,0.0240202495926288
crop_root_in_top_30,47,0.004040766651473393,0.010134534330618162,0.01416427484356671,0.003301834833456174
crop_root_to_shoot_sp3,47,0.004062581828892768,0.00751956822128262,0.010064474697654384,0.0023275188652341823
crop_slope_sp3,47,-0.007278918450363718,0.007518973858395538,0.003880771089970072,0.0009527638779449132
crop_root_to_shoot_sp10,47,0.0011697008268957184,0.0036671671452930114,0.00544345710869613,0.0012143290736677246
crop_slope_sp10,47,-0.010470517417880371,0.011163583998989191,0.008089184629003918,0.0020788175421159547
cy0_to_ceq_multiplier,47,0.002036765140748892,0.004548743528834437,0.01166700931271819,0.003448850353708266
litter_carbon,47,-0.006705919072481465,0.006705919072481465,0.005686861412194932,0.0017471173435932477
litter_nitrogen,47,0.02384058149275817,0.02384058149275817,0.002622228051294072,0.0007248192172948882
mortality_fraction_branch_delta,47,0.003967081336105918,0.00457959502787054,0.003325984967465815,0.0007213094945340547
mortality_fraction_croot_delta,47,0.0003493608408224186,0.0022182609305456875,0.0037309807928886103,0.0009118286108272104
mortality_fraction_froot_delta,47,0.0004517826423730539,0.0010471273335117867,0.0013553372272677511,0.00032983700777481934
mortality_fraction_leaf_delta,47,0.0005488070565220132,0.0017855852689441204,0.002235142772474964,0.0004520645950545457
mortality_fraction_stem_delta,47,-0.0021033873115936853,0.01357852485421911,0.02563921162932191,0.006260829490566413
pool_alloc_froot_sp1,47,0.025343893351649372,0.045287383230488684,0.057027701390128936,0.0130143154301318
pool_alloc_leaf_sp1,47,0.03174126721448094,0.06618526797299783,0.07850290379518429,0.016416496131806128
pool_alloc_stem_sp1,47,-0.007267431252458515,0.2761445624639105,0.40019264625671735,0.08618767002660185
pool_turnover_branch_sp1,47,-0.00766765676378017,0.15892255176223835,0.24369448117144796,0.047974051768438254
pool_turnover_croot_sp1,47,0.0069508471893226665,0.06483639026535161,0.10597967163404452,0.026337218395853332
pool_turnover_froot_sp1,47,0.020944900186951047,0.02843249057434044,0.025029987096446937,0.004273338753254912
pool_turnover_leaf_sp1,47,0.01921325353047265,0.031611927250366004,0.03592952715096031,0.006911838299752567
pool_turnover_stem_sp1,47,1.3922945605564334,4.3508391472802845,6.804717299574245,1.487064704926931
proj_cover,47,0.2765963854236811,0.37162290454005126,0.49204094116423874,0.12132579929910514
proj_fire_off,47,0.023394939539442477,0.023394939539442477,0.07196133832964138,0.023425700719687956
proj_fire_on,47,0.23786668852254217,0.23786668852254217,0.34222056979969917,0.11182078194443225
proj_mortality,47,0.7865354148061787,0.880156328241837,1.9954156319235632,0.6016928516783271
proj_thinning_delta,47,3.3966075600796977,4.848340423485391,7.962104531529985,2.1493562625499454
roth_c_cover_c,47,-0.0031311536884478424,0.008546352351210668,0.02146744904941004,0.005616554642987439
roth_c_dpm_frac_crop,47,-0.0020194132032158433,0.002039216869234668,0.0021256418728942783,0.0007141162197476647
roth_c_dpm_frac_tree,47,-0.003254218148912652,0.008758398135801797,0.012396023127745124,0.0032123635819919596
roth_c_moisture_b_slope,47,-0.02884499888159091,0.19581260808488563,0.34586894922763345,0.08349133580401824
roth_c_temp_a1,47,0.03887540130716145,0.19471170925798054,0.34965114538929465,0.07746177288647768
roth_c_temp_a2,47,0.027394223496481566,0.3182381550820025,0.5113685810024838,0.12975478992092168
thinning_fraction_branch_delta,47,0.01069215751894671,0.01069215751894671,0.0064321433941077035,0.0020061736686641466
thinning_fraction_croot_delta,47,0.003717236594141657,0.003717236594141657,0.003100090695643106,0.0009823486145387557
thinning_fraction_froot_delta,47,0.002239025235278605,0.002239025235278605,0.001954097465821775,0.0005507433883357367
thinning_fraction_leaf_delta,47,0.0031258068286850473,0.0031258068286850473,0.00245192356126597,0.0007868976366205082
thinning_fraction_stem_delta,47,0.022017245564456705,0.022017245564456705,0.022183990312853254,0.006577837892127211
tree_carbon_sp1,47,-0.010266684690813243,0.4637507199369534,0.7537008684829453,0.1830531539570984
tree_nitrogen_branch_sp1,47,0.0007650890417527367,0.0007650890417527367,0.0009219303244519232,0.0002556940960131123
tree_nitrogen_croot_sp1,47,0.0009556264888107485,0.0009556264888107485,0.0026560131408466343,0.0007984512295301434
tree_nitrogen_froot_sp1,47,0.021624578159444286,0.021624578159444286,0.03417367666053067,0.010718397724028354
tree_nitrogen_leaf_sp1,47,0.038030295358690396,0.038030295358690396,0.0720910903737033,0.021124553273488
tree_nitrogen_stem_sp1,47,0.0017197774132869908,0.0017197774132869908,0.00211070001135669,0.0006632233602846843
tree_root_in_top_30,47,0.012425698143960412,0.060577276600601374,0.08376066167059219,0.015873437150965015
tree_root_to_shoot_sp1,47,-0.006202103448507709,0.049471195695590414,0.08710887370309034,0.02102794428203121
cy0,48,0.037918156284189077,0.28223635324167795,0.4585977702704405,0.10074116629278547
clay,48,-0.11399862036800154,0.5450540197932698,1.3190372389637166,0.3488338076126608
temp_ci_delta,48,0.06691353790610755,0.16789501609523838,0.2940102629598841,0.07981781429620871
rain_ci_delta,48,0.21087713865422045,0.6973571653910133,1.384302229470497,0.34687829695420763
evap_ci_delta,48,-0.020454556789635973,0.06033972723917715,0.18935394981223058,0.057040715288180784
ef_burn_crop_N2O_scale,48,-0.005265088621357947,0.005280373647966044,0.0031715425661115746,0.0007929160788464555
ef_burn_crop_CH4_scale,48,-0.01964662849727003,0.019668161301219643,0.01192662628981924,0.00335814998366842
ef_burn_tree_N2O_scale,48,0.004168316305969827,0.004168316305969827,0.008061901769075026,0.0024241223454980493
ef_burn_tree_CH4_scale,48,0.018637764752721157,0.018637764752721157,0.030330003485157082,0.00926201390459305
ef_N_inputs,48,-0.08874429141690363,0.13142777531322722,0.12055165046771484,0.022938263064366856
combustion_factor_crop,48,-0.023108582373568134,0.023134396611240636,0.015554308587243776,0.004563672827451557
combustion_factor_tree,48,0.026081527487365634,0.026081527487365634,0.04697181199207989,0.01413231282388958
volatile_frac_organic_fertiliser,48,-0.0028754256509736257,0.0028754256509736257,0.0003055624420979168,8.220332913374248e-05
volatile_frac_synthetic_fertiliser,48,0.016297396888963003,0.016297396888963003,0.0016405654386363088,0.0005054828205225188
base_sf_qty_scale,48,-0.12981374696526463,0.12981374696526463,0.011684697112334299,0.003828718301943706
proj_lit_qty_scale,48,0.019436360501526178,0.019587241765248942,0.00933784455974252,0.0027518174920942865
base_stand_density_scale,48,0.0,0.0,0.0,0.0
proj_stand_density_scale,48,0.34211853747911736,0.5425554644956321,1.19436225639166,0.35373615977875605
tree_wood_dens_sp1,48,0.19531999941157696,0.38350623116822147,0.47549716951691084,0.10374671212476812
base_cover,48,-0.06306925825819477,0.22096839240466787,0.3436227153709606,0.07860435883426135
base_fire_off,48,-0.024885313060658512,0.024885313060658512,0.0896922103141354,0.023475185917333715
base_fire_on,48,-0.03493285974000271,0.03493285974000271,0.00595614489564283,0.001885990598943626
base_mortality,48,0.0,0.0,0.0,0.0
base_sf_n_delta,48,-0.1329016327182008,0.1329016327182008,0.013646164833617244,0.004551771405151798
base_thinning_delta,48,0.0,0.0,0.0,0.0
crop_base_left_delta,48,0.04644296081811929,0.04779233174984474,0.031686772330266955,0.00943420649259855
crop_base_yield_delta,48,-0.06343596784374583,0.06550369882458758,0.03164275380981699,0.00787449524379327
crop_carbon_above_sp3,48,0.010999657309068576,0.01135555637429752,0.008029568744977601,0.002204783291979595
crop_carbon_below_sp3,48,0.020489116705200372,0.020489116705200372,0.010616378370239491,0.0034019661243212458
crop_intercept_sp3,48,-0.002557702471124151,0.0031682346764830504,0.0035448327943601804,0.0009645839966551784
crop_nitrogen_above_sp3,48,-0.011008484110479631,0.011008484110479631,0.004182521244883915,0.0012498817122695318
crop_nitrogen_below_sp3,48,-0.01608103543472092,0.01608103543472092,0.002230587608651698,0.0006893207916086966
crop_carbon_above_sp10,48,0.011182857895015424,0.011182857895015424,0.00902075809582104,0.00270054820750639
crop_carbon_below_sp10,48,0.0045516973214569404,0.0047786499268709735,0.004917047528731538,0.0013574100484254573
crop_intercept_sp10,48,4.868171690272649e-06,0.0061205117695941865,0.006879531945495184,0.0009319055011052703
crop_nitrogen_above_sp10,48,-0.007081677975079137,0.007081677975079137,0.001432338465665697,0.0004374111624651367
crop_nitrogen_below_sp10,48,-0.004457407240105668,0.004457407240105668,0.0014506415250371044,0.00043335930573446663
crop_proj_left_delta,48,0.009680798975779682,0.014739813251304615,0.014298478685176187,0.002889394047421739
crop_proj_yield_delta,48,0.20134955508301972,0.20134955508301972,0.08972082842986469,0.02396694381057816
crop_root_in_top_30,48,0.003086388355714978,0.00993471450649217,0.014044447785283748,0.003195090939941429
crop_root_to_shoot_sp3,48,0.0032661865389430056,0.007358146461752102,0.009947755319035408,0.0022460216323062416
crop_slope_sp3,48,-0.007591029748044776,0.007801664439139334,0.003830966398606188,0.0009489989006483572
crop_root_to_shoot_sp10,48,0.0010067020321178385,0.003625211167097413,0.005405449542652133,0.001192205118156099
crop_slope_sp10,48,-0.01079272858309806,0.011411805463986258,0.00803796510614009,0.0020921053620295326
cy0_to_ceq_multiplier,48,0.0020564273854193683,0.0045439275172010464,0.011760488333185921,0.0034948679350074795
litter_carbon,48,-0.006479909560565961,0.006479909560565961,0.0056100430047215585,0.001724761094743572
litter_nitrogen,48,0.023840581492758146,0.023840581492758146,0.0026222280512940874,0.000724819217294861
mortality_fraction_branch_delta,48,0.004035803796963099,0.004608140646904705,0.0032178265271883247,0.0006997444775461517
mortality_fraction_croot_delta,48,0.00040265979082622637,0.002189456333523604,0.0035931568814670054,0.0008725188612640327
mortality_fraction_froot_delta,48,0.00045794843743624664,0.0010189424846655817,0.0013089457706500262,0.0003184154019282608
mortality_fraction_leaf_delta,48,0.0005519677058712355,0.001709766685766466,0.0021197877906891137,0.0004302544771348046
mortality_fraction_stem_delta,48,-0.0016189297708878226,0.013287699055231283,0.02489502654019183,0.006037133522192289
pool_alloc_froot_sp1,48,0.025703408822256014,0.04443623807715704,0.054885597950676754,0.012565806875616009
pool_alloc_leaf_sp1,48,0.03298144155984967,0.06367542910420067,0.07461200156628914,0.015572140360887854
pool_alloc_stem_sp1,48,0.03333777982646445,0.29627983513966355,0.429856847807997,0.09681538898628063
pool_turnover_branch_sp1,48,-0.01506327862768873,0.15752394433722133,0.24952997144751896,0.05002311982966785
pool_turnover_croot_sp1,48,0.012072140943246315,0.06656516681544529,0.1063146925920318,0.02647525727718109
pool_turnover_froot_sp1,48,0.020936671788196394,0.028271979963643484,0.024740759429607857,0.004296283647233579
pool_turnover_leaf_sp1,48,0.018868338462718275,0.03166571485315666,0.03584227765287302,0.006812092773536497
pool_turnover_stem_sp1,48,1.441492640557694,3.718861690813932,6.072012270496807,1.3711497104569934
proj_cover,48,0.28590669519191175,0.3823805803561525,0.5025748430356402,0.12457030379334866
proj_fire_off,48,0.02339493953944246,0.02339493953944246,0.07196133832964131,0.02342570071968794
proj_fire_on,48,0.23605418512882825,0.23605418512882825,0.34403521995072067,0.11243978243015365
proj_mortality,48,0.03761706793360504,0.8851604038295223,2.1519871571040223,0.6040469613789493
proj_thinning_delta,48,2.9074387347184176,4.424793380248909,7.293308047120964,1.8890869069397096
roth_c_cover_c,48,-0.003017546124041004,0.008496589799365184,0.021187419314559402,0.00552946975110245
roth_c_dpm_frac_crop,48,-0.0018568378390639213,0.0018770079289803037,0.0018773928609246541,0.0006279753173027403
roth_c_dpm_frac_tree,48,-0.003353991654013218,0.00848739703583017,0.011636140884972392,0.002908824177857125
roth_c_moisture_b_slope,48,-0.0340214178104858,0.19091943784559784,0.3399134293259788,0.08179857409099592
roth_c_temp_a1,48,0.038373809789456884,0.19585844682117376,0.3498881800241029,0.077315286503865
roth_c_temp_a2,48,0.03494163208942097,0.3211571994797641,0.5124426790692005,0.12962481227447184
thinning_fraction_branch_delta,48,0.009812643582324814,0.009812643582324814,0.005742189773130593,0.0017919939427616571
thinning_fraction_croot_delta,48,0.0035355144816892198,0.0035355144816892198,0.002930180281427364,0.0009902566583618938
thinning_fraction_froot_delta,48,0.002009066090751152,0.002009066090751152,0.0016198119001423672,0.0004501152524862828
thinning_fraction_leaf_delta,48,0.003198302731890627,0.003198302731890627,0.0028468043141436756,0.0008979018144991865
thinning_fraction_stem_delta,48,0.021774031047295105,0.021774031047295105,0.022486252344119138,0.006660817497702488
tree_carbon_sp1,48,0.024896112492177335,0.4578663382405039,0.7164093180766481,0.16990382425654446
tree_nitrogen_branch_sp1,48,0.000753544908308025,0.000753544908308025,0.000926950425024588,0.0002570863507436462
tree_nitrogen_croot_sp1,48,0.000956288987172331,0.000956288987172331,0.0026770361848959777,0.0008049051804870627
tree_nitrogen_froot_sp1,48,0.02152482784083926,0.02152482784083926,0.03447404870963427,0.010810108953974183
tree_nitrogen_leaf_sp1,48,0.037890167720461033,0.037890167720461033,0.07271207540895858,0.02132326404272534
tree_nitrogen_stem_sp1,48,0.0017015957978573277,0.0017015957978573277,0.002131952995176897,0.0006694822081001345
tree_root_in_top_30,48,0.013863897395745875,0.058977022416898284,0.07975045844224227,0.014646721744804666
tree_root_to_shoot_sp1,48,0.00106717666588617,0.051891016473247564,0.08555754872345546,0.020259025269662008
cy0,49,0.03991714412806092,0.28179908723672786,0.4587271402901766,0.10086018389329797
clay,49,-0.11208163153197732,0.5384776012271828,1.3006748643347532,0.3435678870212811
temp_ci_delta,49,0.06318716577242879,0.16883180862070754,0.2917139660072772,0.07867425336895371
rain_ci_delta,49,0.19914011510518556,0.6975093467551392,1.376558746155261,0.3479057914951665
evap_ci_delta,49,-0.019854712182160145,0.061397693431622935,0.1920590711617765,0.05767524867875005
ef_burn_crop_N2O_scale,49,-0.00526508862135783,0.005280373647966028,0.0031715425661117194,0.0007929160788464575
ef_burn_crop_CH4_scale,49,-0.019646628497270016,0.01966816130121963,0.01192662628981933,0.003358149983668429
ef_burn_tree_N2O_scale,49,0.004150792171876243,0.004150792171876243,0.008104602434946444,0.0024349975503750293
ef_burn_tree_CH4_scale,49,0.018521233735626613,0.018521233735626613,0.030546443077824312,0.009333238268875495
ef_N_inputs,49,-0.08895797125102939,0.13180702659175095,0.12110166438598043,0.023080178921032337
combustion_factor_crop,49,-0.023108582373568092,0.023134396611240608,0.015554308587243616,0.004563672827451513
combustion_factor_tree,49,0.02594908134315327,0.02594908134315327,0.04735646559306042,0.014250828003213747
volatile_frac_organic_fertiliser,49,-0.0028754256509736426,0.0028754256509736426,0.0003055624420979063,8.22033291337508e-05
volatile_frac_synthetic_fertiliser,49,0.016297396888963013,0.016297396888963013,0.0016405654386363832,0.0005054828205225434
base_sf_qty_scale,49,-0.12981374696526465,0.12981374696526465,0.011684697112334304,0.003828718301943684
proj_lit_qty_scale,49,0.019665531220283965,0.019780328335384154,0.009253274005546956,0.0027498829587850066
base_stand_density_scale,49,0.0,0.0,0.0,0.0
proj_stand_density_scale,49,0.1740683396850294,0.35443765612460815,0.40712644141830573,0.0913983152004837
tree_wood_dens_sp1,49,0.17778088149484184,0.3510027895258106,0.4330862657715448,0.09547715187850137
base_cover,49,-0.0627331627791931,0.21811362785839492,0.3401861826215711,0.07810051047595168
base_fire_off,49,-0.024885313060658495,0.024885313060658495,0.08969221031413534,0.023475185917333698
base_fire_on,49,-0.03493285974000272,0.03493285974000272,0.0059561448956429106,0.00188599059894364
base_mortality,49,0.0,0.0,0.0,0.0
base_sf_n_delta,49,-0.1329016327182007,0.1329016327182007,0.013646164833617308,0.004551771405151819
base_thinning_delta,49,0.0,0.0,0.0,0.0
crop_base_left_delta,49,0.045537704613376376,0.04692675785262688,0.03144803261277904,0.00934656186323026
crop_base_yield_delta,49,-0.06467742270974237,0.0664164756044177,0.031193289047625472,0.007909632976805303
crop_carbon_above_sp3,49,0.010562462690365555,0.010933356876539551,0.007875924453939784,0.002153373012507919
crop_carbon_below_sp3,49,0.01970506276041102,0.01970506276041102,0.01050897190237724,0.0033627807213360535
crop_intercept_sp3,49,-0.0028036560463217996,0.003354844210702539,0.003624726119555492,0.001005757422857242
crop_nitrogen_above_sp3,49,-0.01100848411047954,0.01100848411047954,0.004182521244884063,0.0012498817122695992
crop_nitrogen_below_sp3,49,-0.016081035434720843,0.016081035434720843,0.002230587608651627,0.0006893207916086688
crop_carbon_above_sp10,49,0.010826688799349017,0.010826688799349017,0.008890807294386188,0.0026655549440483184
crop_carbon_below_sp10,49,0.004411456756188717,0.004641011682419152,0.004859210028299025,0.0013400321752198127
crop_intercept_sp10,49,-0.00010943363054177201,0.006146611580484751,0.006893756934473501,0.0009259524032913977
crop_nitrogen_above_sp10,49,-0.0070816779750791205,0.0070816779750791205,0.0014323384656657334,0.00043741116246516005
crop_nitrogen_below_sp10,49,-0.004457407240105743,0.004457407240105743,0.0014506415250372078,0.0004333593057344953
crop_proj_left_delta,49,0.00918800271798612,0.014227407092820906,0.013928565055228527,0.0027934358552517183
crop_proj_yield_delta,49,0.20576475862193228,0.20576475862193228,0.0893489919287773,0.0238485793690427
crop_root_in_top_30,49,0.002184637487415346,0.009899166737200203,0.01392769775100076,0.0030661390118189077
crop_root_to_shoot_sp3,49,0.0025122699876284904,0.007317048239903262,0.009838180383957808,0.002146827769776336
crop_slope_sp3,49,-0.007887909592557602,0.008070425032842065,0.0037831855273879533,0.0009468108443221929
crop_root_to_shoot_sp10,49,0.0008500511641262503,0.003587092436278258,0.005366673313727568,0.001170013176241179
crop_slope_sp10,49,-0.011101507309821946,0.011648006799943874,0.007987861867445482,0.002107368624419799
cy0_to_ceq_multiplier,49,0.0020716702648429187,0.004531681724152574,0.011834397480180574,0.0035339773897694227
litter_carbon,49,-0.0062629735076551495,0.0062629735076551495,0.005533341076359086,0.0017023806561592926
litter_nitrogen,49,0.023840581492758143,0.023840581492758143,0.0026222280512939494,0.0007248192172948564
mortality_fraction_branch_delta,49,0.003989575649388818,0.004525055070732966,0.003167591137876072,0.0007152866882736977
mortality_fraction_croot_delta,49,0.0003974803122608922,0.0020967210337323877,0.003422893245910079,0.0008313394541635125
mortality_fraction_froot_delta,49,0.0005045403910318436,0.0010284617729874712,0.0012798329742940134,0.000314856059173503
mortality_fraction_leaf_delta,49,0.0006134218914386619,0.0016861309159743403,0.0020308578877351363,0.0004121161917951921
mortality_fraction_stem_delta,49,-0.0015620234303747108,0.012519571552657854,0.023866235750868384,0.005849901140516963
pool_alloc_froot_sp1,49,0.025891350488501646,0.04334608733846193,0.05271482722720704,0.011985163540204182
pool_alloc_leaf_sp1,49,0.032871069576968656,0.0596190794251817,0.07021364673100014,0.01478309742926021
pool_alloc_stem_sp1,49,0.004400575318820854,0.2592993476841564,0.39119923162387943,0.08935839026120547
pool_turnover_branch_sp1,49,-0.024788373233199563,0.15858974661886655,0.25630165940437166,0.05273078679470379
pool_turnover_croot_sp1,49,0.016224560721468866,0.06487024371384273,0.10394537480008027,0.026320686988110863
pool_turnover_froot_sp1,49,0.022094632656390386,0.02777769086832362,0.02319888100626404,0.0044977229571586935
pool_turnover_leaf_sp1,49,0.021995782608562504,0.03251999624481632,0.034183549975009525,0.006403932725939961
pool_turnover_stem_sp1,49,1.1441618079084908,3.484102415965677,5.6539404371856925,1.2706574655243916
proj_cover,49,0.2902250462315073,0.38719280823151925,0.5096016324924101,0.12651224445321016
proj_fire_off,49,0.02339493953944246,0.02339493953944246,0.07196133832964131,0.02342570071968794
proj_fire_on,49,0.2343030665832578,0.2343030665832578,0.3452972725456766,0.11283655056196616
proj_mortality,49,0.38408546624280643,0.5195245049504917,1.2636312526063251,0.3943942436854908
proj_thinning_delta,49,2.3265663837332844,3.9230272987412333,6.284372961147764,1.5389988025069226
roth_c_cover_c,49,-0.002927525773232696,0.00841264452494424,0.020869194079288913,0.0054354290243386165
roth_c_dpm_frac_crop,49,-0.001721355757310207,0.0017417655224888598,0.0016850562291203348,0.0005611340910882434
roth_c_dpm_frac_tree,49,-0.0029307366821869378,0.007645288551648524,0.010736637688549792,0.0026884566263243423
roth_c_moisture_b_slope,49,-0.037332345837019,0.18619079593752536,0.33253158611379785,0.07965382033837051
roth_c_temp_a1,49,0.035400133121612755,0.19762085771390256,0.3481015782825332,0.07579309296095542
roth_c_temp_a2,49,0.044748433150587616,0.32498637129338553,0.5124852969063289,0.12961183051656797
thinning_fraction_branch_delta,49,0.009271199068622317,0.009271199068622317,0.005547070690210144,0.001703993907300712
thinning_fraction_croot_delta,49,0.0032435185581320804,0.0032435185581320804,0.00261836674482948,0.000874067153394763
thinning_fraction_froot_delta,49,0.0018476878704240473,0.0018476878704240473,0.001451732640977918,0.00039464233589288085
thinning_fraction_leaf_delta,49,0.003046917074450767,0.003046917074450767,0.002873831213705568,0.0008827237441208878
thinning_fraction_stem_delta,49,0.01922990366898692,0.01922990366898692,0.017956657913080314,0.005286508879376557
tree_carbon_sp1,49,0.01586477122392755,0.4068041544844846,0.6273708984032426,0.14889854956133108
tree_nitrogen_branch_sp1,49,0.000742337208292379,0.000742337208292379,0.0009310422144426745,0.0002587466792469756
tree_nitrogen_croot_sp1,49,0.0009550855601982461,0.0009550855601982461,0.002694821691849285,0.0008104873138844441
tree_nitrogen_froot_sp1,49,0.021488129541663875,0.021488129541663875,0.03469827219497091,0.010876223528182332
tree_nitrogen_leaf_sp1,49,0.03784547628213607,0.03784547628213607,0.0731763508548392,0.0214551754013499
tree_nitrogen_stem_sp1,49,0.001683814494413924,0.001683814494413924,0.002151360985933945,0.000674964805422475
tree_root_in_top_30,49,0.01383764218091757,0.05570613862693737,0.07472127896201329,0.0135175245613062
tree_root_to_shoot_sp1,49,-0.0031041992254222687,0.042744847589616816,0.07119800041997025,0.01706527316974682
cy0,50,0.041764745328447865,0.2809590920992101,0.4584110103812879,0.10091345819102786
clay,50,-0.11001249306300162,0.5307996363079789,1.279012853388419,0.33733112042603236
temp_ci_delta,50,0.0610902606871447,0.16689678588202891,0.2868445865105505,0.07714851253047988
rain_ci_delta,50,0.18673228903412353,0.6952141104796602,1.3616216849063345,0.34584256787072054
evap_ci_delta,50,-0.019274966055691616,0.061569589296522245,0.19280360442604116,0.05777310923648568
ef_burn_crop_N2O_scale,50,-0.005265088621357888,0.005280373647965986,0.0031715425661116583,0.0007929160788464814
ef_burn_crop_CH4_scale,50,-0.01964662849726984,0.019668161301219452,0.011926626289819274,0.0033581499836683446
ef_burn_tree_N2O_scale,50,0.004131795385046086,0.004131795385046086,0.008138947128939275,0.002443438165514411
ef_burn_tree_CH4_scale,50,0.018456954715314756,0.018456954715314756,0.030702215048511193,0.009392222446334999
ef_N_inputs,50,-0.08921449420104344,0.13213633484115045,0.12148326854882258,0.023183091055479697
combustion_factor_crop,50,-0.023108582373568158,0.02313439661124066,0.015554308587243706,0.00456367282745154
combustion_factor_tree,50,0.02588135120296996,0.02588135120296996,0.04766470902578953,0.014356032391512301
volatile_frac_organic_fertiliser,50,-0.002875425650973709,0.002875425650973709,0.00030556244209793085,8.220332913375669e-05
volatile_frac_synthetic_fertiliser,50,0.016297396888963003,0.016297396888963003,0.0016405654386363456,0.0005054828205225287
base_sf_qty_scale,50,-0.12981374696526454,0.12981374696526454,0.01168469711233437,0.00382871830194372
proj_lit_qty_scale,50,0.019886340371139698,0.01997513920604255,0.009168505396748948,0.0027409508562663246
base_stand_density_scale,50,0.0,0.0,0.0,0.0
proj_stand_density_scale,50,0.16791805540279428,0.32753235622837573,0.3705469424313615,0.08094879707928994
tree_wood_dens_sp1,50,0.1799869579570879,0.3376371702822191,0.41104932558469626,0.09133989501679018
base_cover,50,-0.06220614934797893,0.215104077977791,0.33657688071453656,0.07753934096019253
base_fire_off,50,-0.024885313060658512,0.024885313060658512,0.0896922103141354,0.023475185917333715
base_fire_on,50,-0.03493285974000261,0.03493285974000261,0.005956144895642832,0.001885990598943634
base_mortality,50,0.0,0.0,0.0,0.0
base_sf_n_delta,50,-0.13290163271820066,0.13290163271820066,0.013646164833617386,0.004551771405151823
base_thinning_delta,50,0.0,0.0,0.0,0.0
crop_base_left_delta,50,0.04466840863453533,0.04609518277623679,0.031207348953409902,0.009259290655794767
crop_base_yield_delta,50,-0.065869480609441,0.06740072077771209,0.03074758842957506,0.007898898968869607
crop_carbon_above_sp3,50,0.010151007214905769,0.010534767627021787,0.007733405275910675,0.0021065953085943547
crop_carbon_below_sp3,50,0.01896316223414626,0.01896316223414626,0.010407052076048839,0.003325891741944827
crop_intercept_sp3,50,-0.003034578942674489,0.0035349207125536476,0.0037189905299928297,0.0010517469397247577
crop_nitrogen_above_sp3,50,-0.011008484110479656,0.011008484110479656,0.004182521244883951,0.0012498817122695517
crop_nitrogen_below_sp3,50,-0.016081035434720805,0.016081035434720805,0.0022305876086516773,0.0006893207916086936
crop_carbon_above_sp10,50,0.01048461706341171,0.01048461706341171,0.008761351423054191,0.0026306424688656883
crop_carbon_below_sp10,50,0.004276651753703405,0.00450924548293737,0.004801710884467835,0.0013226743948651317
crop_intercept_sp10,50,-0.00021847423673511528,0.0061720543358627965,0.006907585452313915,0.0009212660692285721
crop_nitrogen_above_sp10,50,-0.007081677975079062,0.007081677975079062,0.0014323384656657729,0.00043741116246517707
crop_nitrogen_below_sp10,50,-0.004457407240105626,0.004457407240105626,0.0014506415250372042,0.0004333593057344772
crop_proj_left_delta,50,0.008725963429716264,0.013741079435873261,0.013577064214380742,0.002705321231995451
crop_proj_yield_delta,50,0.20993380420502133,0.20993380420502133,0.08903067740826714,0.02374600886116861
crop_root_in_top_30,50,0.0013301294974488718,0.009952847416396033,0.013812050039307749,0.0029424450258636135
crop_root_to_shoot_sp3,50,0.0017967425896251207,0.007299832145554082,0.009734126080880989,0.002059426296297275
crop_slope_sp3,50,-0.00817066760577271,0.008326299636810431,0.003736829904247267,0.0009458087153404078
crop_root_to_shoot_sp10,50,0.0006991914800026533,0.0035482658599463785,0.005327398244737137,0.001150453925176132
crop_slope_sp10,50,-0.011397530392394257,0.011872906513459614,0.007938985089674916,0.0021244999627139556
cy0_to_ceq_multiplier,50,0.002082295450998263,0.004512788311640818,0.011890272072399581,0.0035667230750062503
litter_carbon,50,-0.006054683491154825,0.006054683491154825,0.005456800016333739,0.0016800143688032452
litter_nitrogen,50,0.023840581492757997,0.023840581492757997,0.0026222280512939993,0.0007248192172948735
mortality_fraction_branch_delta,50,0.003992342058334634,0.0044879052373285695,0.003133237769281334,0.0007302267404057912
mortality_fraction_croot_delta,50,0.00041988406919272054,0.002027062638824671,0.0032575482344425976,0.0007859045593348634
mortality_fraction_froot_delta,50,0.00048345963128010316,0.0009680746094577253,0.0012220126365821483,0.00030211105807225006
mortality_fraction_leaf_delta,50,0.0006092596598379948,0.0015919471596823206,0.001903799353961251,0.0003874061002411472
mortality_fraction_stem_delta,50,-0.0013038439736574204,0.011913138689284581,0.022921421094319203,0.00563665440485743
pool_alloc_froot_sp1,50,0.02528029336922502,0.04140293204835151,0.0501927782155586,0.011320029884914769
pool_alloc_leaf_sp1,50,0.033578168888322754,0.05719479368340954,0.06644994375011912,0.01413241812249527
pool_alloc_stem_sp1,50,0.005005729105258724,0.2523360481488427,0.38810727204733264,0.09040343774740663
pool_turnover_branch_sp1,50,-0.03428227916172459,0.15943127077934766,0.26303272659256893,0.055859047590086155
pool_turnover_croot_sp1,50,0.014745315848456531,0.06251474822693455,0.10122471977226064,0.025685332025377226
pool_turnover_froot_sp1,50,0.021334892939896166,0.026933188642306594,0.022812969143822154,0.004470799328632345
pool_turnover_leaf_sp1,50,0.021370720524328674,0.03139186810906367,0.032666335834183456,0.006110115465283112
pool_turnover_stem_sp1,50,0.8264028777795145,3.264020427992537,5.286453720806298,1.1901430534558106
proj_cover,50,0.289165811079741,0.38588191117350557,0.5113650039296669,0.12646504413267812
proj_fire_off,50,0.02339493953944247,0.02339493953944247,0.07196133832964136,0.02342570071968795
proj_fire_on,50,0.2324673171364769,0.2324673171364769,0.34610808554856537,0.11308477106982387
proj_mortality,50,0.39485007702351654,0.4877257807156055,1.2168025290355717,0.38302104058866593
proj_thinning_delta,50,1.9624472044189987,3.5850622006467616,5.707793243888162,1.3594671049588594
roth_c_cover_c,50,-0.002859468406762189,0.0083041411489387,0.020523884613993498,0.005336616729279909
roth_c_dpm_frac_crop,50,-0.001606986139266496,0.0016275295011706312,0.0015357003229249566,0.0005091385819703379
roth_c_dpm_frac_tree,50,-0.0027437199359325827,0.007009293784227445,0.009966538122492635,0.0025046174488987448
roth_c_moisture_b_slope,50,-0.039273656261582815,0.18238958190221122,0.32415609815132496,0.07705450809786164
roth_c_temp_a1,50,0.034202237318374,0.19619533725224728,0.3431494398444617,0.07422049647022486
roth_c_temp_a2,50,0.04801183812315095,0.32132526815497175,0.5070484525832952,0.1290590859250081
thinning_fraction_branch_delta,50,0.008584465291638024,0.008584465291638024,0.005010614359870519,0.0015212286873376706
thinning_fraction_croot_delta,50,0.0030560949795453486,0.0030560949795453486,0.0024770851194711946,0.0008211904557546026
thinning_fraction_froot_delta,50,0.0017294293693750156,0.0017294293693750156,0.0013419583416095688,0.0003590008274866609
thinning_fraction_leaf_delta,50,0.0027814716746563327,0.0027814716746563327,0.002399681629179476,0.0007541052663850807
thinning_fraction_stem_delta,50,0.017779905936664543,0.017779905936664543,0.015982087019204557,0.004671530914884987
tree_carbon_sp1,50,0.029858237587693005,0.37823038581515994,0.5649085621706541,0.1320513528071559
tree_nitrogen_branch_sp1,50,0.0007330341422471937,0.0007330341422471937,0.0009330337634068586,0.0002590635489209659
tree_nitrogen_croot_sp1,50,0.0009555934265116209,0.0009555934265116209,0.002708191874878297,0.0008143749430858408
tree_nitrogen_froot_sp1,50,0.02144089979854935,0.02144089979854935,0.03489220742076824,0.010932449758272882
tree_nitrogen_leaf_sp1,50,0.03777219149579468,0.03777219149579468,0.07355019445496687,0.021561407526611027
tree_nitrogen_stem_sp1,50,0.001669986408130078,0.001669986408130078,0.002166187263401772,0.000678999487928254
tree_root_in_top_30,50,0.014571784941637508,0.05303295990295791,0.07015406116423342,0.012417741878798131
tree_root_to_shoot_sp1,50,-0.001384309159503197,0.03941631630818452,0.06338126651014543,0.015019173525595864
cy0,total,-8.272874940404716,19.328208705164705,39.617338039012566,9.674141168352774
clay,total,-25.385403403149102,26.922337781060833,57.88567506088502,16.397553324164335
temp_ci_delta,total,10.884510302132881,10.963917095075482,12.703320716893662,4.0757154040409755
rain_ci_delta,total,63.3179156521899,76.88310252664401,122.45517801728778,34.481760780912694
evap_ci_delta,total,-6.840734331191281,6.9576310253706835,16.33084666916248,4.63921772217928
ef_burn_crop_N2O_scale,total,-0.19713604760795828,0.2019543508538228,0.13225331446639468,0.03169868998284448
ef_burn_crop_CH4_scale,total,-0.7413217587047075,0.7496681025326428,0.49752419801534226,0.13634347590658769
ef_burn_tree_N2O_scale,total,0.29906918961138895,0.29906918961138895,0.29609839811119526,0.08774626478645718
ef_burn_tree_CH4_scale,total,1.2108333259722737,1.2108333259722737,1.1113478562292867,0.33077770076629637
ef_N_inputs,total,-3.3071381316973527,4.507747229207489,3.7212365324090144,0.721748684931891
combustion_factor_crop,total,-0.864583539430496,0.8867712853161386,0.6577616562307455,0.1810780383796517
combustion_factor_tree,total,1.657207729801918,1.657207729801918,1.607766805788712,0.4694996977424747
volatile_frac_organic_fertiliser,total,-0.14377128254868426,0.14377128254868426,0.015278122104903239,0.004110166456692698
volatile_frac_synthetic_fertiliser,total,0.8148698444481198,0.8148698444481198,0.08202827193180966,0.025274141026123326
base_sf_qty_scale,total,-6.490687348263238,6.490687348263238,0.5842348556167095,0.19143591509718105
proj_lit_qty_scale,total,-0.0035336030649956384,0.5520990544030473,0.7170653016977024,0.15550955678154366
base_stand_density_scale,total,0.0,0.0,0.0,0.0
proj_stand_density_scale,total,-26.913070554029844,27.10402996986725,42.30505940539174,14.22734942231634
tree_wood_dens_sp1,total,-22.560258839186638,22.793594750402146,39.13983248688068,12.275303413510212
base_cover,total,18.70200843516917,18.70200843516917,25.34012349596836,8.67760602618829
base_fire_off,total,-1.2442656530329255,1.2442656530329255,4.484610515706766,1.1737592958666856
base_fire_on,total,-1.7466429870001252,1.7466429870001252,0.29780724478215365,0.09429952994718856
base_mortality,total,0.0,0.0,0.0,0.0
base_sf_n_delta,total,-6.6450816359100315,6.6450816359100315,0.6823082416808786,0.22758857025759632
base_thinning_delta,total,0.0,0.0,0.0,0.0
crop_base_left_delta,total,5.654087421838511,5.654087421838511,2.0708100406481003,0.6599682813289114
crop_base_yield_delta,total,1.1550876107459263,1.7715940227085571,2.159902858434647,0.47709326075382724
crop_carbon_above_sp3,total,0.5034338073262512,0.5498267772735718,0.40590195642773025,0.10171225539256833
crop_carbon_below_sp3,total,1.1838152599924876,1.1901908463098425,0.6325182591999851,0.19822176979805453
crop_intercept_sp3,total,0.009950961151827031,0.14301493846929986,0.21238539970618917,0.04793356444203491
crop_nitrogen_above_sp3,total,-0.29418251918730476,0.29418251918730476,0.12813114249654356,0.03963820166609489
crop_nitrogen_below_sp3,total,-0.49743534117989563,0.49743534117989563,0.0728980758820816,0.022757456419706217
crop_carbon_above_sp10,total,1.4396741286601447,1.4396741286601447,0.6683828678970064,0.2033674947251657
crop_carbon_below_sp10,total,0.6029668973936004,0.6058681459631834,0.36952972912223286,0.10784410364649387
crop_intercept_sp10,total,0.30758728545169417,0.34314296265663313,0.298710053249012,0.07369184902137758
crop_nitrogen_above_sp10,total,-0.31982048300017,0.31982048300017,0.0710984226767596,0.021345672430869517
crop_nitrogen_below_sp10,total,-0.20100538024453055,0.20100538024453055,0.07033832876425049,0.020942363784686356
crop_proj_left_delta,total,-1.190988093204612,1.2482543776165467,1.1020731564336577,0.30002586752037924
crop_proj_yield_delta,total,4.259557509455568,4.954624880301745,3.8349906427487146,0.8114215090798125
crop_root_in_top_30,total,1.0274391146308415,1.0743410862204505,0.8140932241297829,0.2492986000969894
crop_root_to_shoot_sp3,total,0.6561019665820618,0.6780842984852918,0.5393453014965343,0.15721175768204973
crop_slope_sp3,total,0.017677893006575785,0.18470767373840835,0.32925017947631663,0.077127172955792
crop_root_to_shoot_sp10,total,0.47849395203848044,0.47906872035791864,0.37049452215125117,0.11783845886529004
crop_slope_sp10,total,0.36812490495798533,0.47381422526483785,0.5291016029566097,0.12650364435510694
cy0_to_ceq_multiplier,total,-0.19601576683252192,0.3168977086805468,1.2506910035863377,0.401597291066379
litter_carbon,total,-1.2421537134482226,1.2421537134482226,0.46083698651767585,0.13892438061148074
litter_nitrogen,total,1.1920290746378899,1.1920290746378899,0.1311114025647181,0.036240960864748234
mortality_fraction_branch_delta,total,-0.3311520063341319,0.33281869094692607,0.40289633843106115,0.10957861649474933
mortality_fraction_croot_delta,total,-0.1408558818848094,0.1408558818848094,0.19839463310832528,0.06092760500470904
mortality_fraction_froot_delta,total,-0.0466241266246344,0.04862642831728305,0.09013637396927211,0.029490642885114115
mortality_fraction_leaf_delta,total,-0.08503515952139389,0.09181805379121469,0.16592906979517244,0.04937810014275731
mortality_fraction_stem_delta,total,-0.8796995272778958,0.8848359236408967,1.5562226314175809,0.471514622596005
pool_alloc_froot_sp1,total,-1.8893492787384107,1.950815500120326,3.636581870770089,1.1628981294259964
pool_alloc_leaf_sp1,total,-3.2883000203928026,3.55078315044594,6.429415290178167,1.795469233705235
pool_alloc_stem_sp1,total,8.70517934700745,20.436998941100722,28.647849477967224,6.4103371331938295
pool_turnover_branch_sp1,total,11.318548602119284,11.326254769442178,12.353254306846061,3.1471304830717846
pool_turnover_croot_sp1,total,-4.325759430874774,4.325759430874774,6.10210905266214,1.925994410498094
pool_turnover_froot_sp1,total,-0.8542799060655618,1.0489302946779528,1.8630985602092394,0.5320983539601783
pool_turnover_leaf_sp1,total,-1.3366181806585185,1.5560422589230118,2.432557021251482,0.6765688523925176
pool_turnover_stem_sp1,total,361.1353927725994,361.23552546929307,473.0347715450544,134.37482270383353
proj_cover,total,-55.775901217600804,55.775901217600804,96.34494712822709,28.882008821833328
proj_fire_off,total,1.6664870602033162,1.6664870602033162,4.059700114861198,1.2846542604835527
proj_fire_on,total,16.514913168490935,16.514913168490935,10.572471461140292,3.405374431142496
proj_mortality,total,22.949249495762693,22.953824460473527,43.58730866506034,13.70635761499634
proj_thinning_delta,total,400.0959590505298,400.0959590505298,494.9635562070671,149.21683341160602
roth_c_cover_c,total,0.3681836574295578,0.5006503806639905,0.8690663948910481,0.2438205489870244
roth_c_dpm_frac_crop,total,-1.0346049929217283,1.0346049929217283,0.7415850346631683,0.24060174955381652
roth_c_dpm_frac_tree,total,0.6899050443858513,0.6899050443858513,0.9717321601416209,0.3418151605744239
roth_c_moisture_b_slope,total,-14.467067133657059,18.50393135699776,28.783165691171618,7.8411797920117365
roth_c_temp_a1,total,12.171835689279801,12.871577939037303,15.567090921605216,4.135614926013625
roth_c_temp_a2,total,-17.305169428569826,18.281938471012484,21.700655879113583,6.825341511208553
thinning_fraction_branch_delta,total,-0.18436343246583778,0.192039384916275,0.2068400516422638,0.05371381209823526
thinning_fraction_croot_delta,total,-0.09202461312299026,0.09202461312299026,0.11066168398351933,0.03706911719662614
thinning_fraction_froot_delta,total,-0.023267763692219213,0.0300908014393948,0.0509480929622434,0.013760787339076349
thinning_fraction_leaf_delta,total,-0.011909616229030418,0.03625447166307123,0.05176055606063568,0.010680038450032731
thinning_fraction_stem_delta,total,-0.447862489768997,0.4846046784418469,1.009323184389608,0.34028561259109275
tree_carbon_sp1,total,-32.163040242049696,32.163040242049696,60.15024169737333,18.409451808647837
tree_nitrogen_branch_sp1,total,0.06539417027551311,0.06539417027551311,0.030500840960425393,0.008396418372899905
tree_nitrogen_croot_sp1,total,0.05071773004923932,0.05071773004923932,0.08270571456351104,0.024284566847902117
tree_nitrogen_froot_sp1,total,1.2807190989340698,1.2807190989340698,1.1472733772087385,0.36330142060542747
tree_nitrogen_leaf_sp1,total,2.0816047018918433,2.0816047018918433,2.2203587454009943,0.6550362792316585
tree_nitrogen_stem_sp1,total,0.16096945305844707,0.16096945305844707,0.06714769112100592,0.02245382377797841
tree_root_in_top_30,total,-3.5990259468338466,3.6159849721395942,5.422049356366456,1.5961721998425291
tree_root_to_shoot_sp1,total,-4.075745647985301,4.075745647985301,7.554666785835073,2.2321344879728624
