parameter,year,mu,mu_star,sigma,mu_star_conf
cy0,1,1.2040779886766235,2.687294459830507,5.0503618823835374,1.3592027095517463
clay,1,0.1340160809461759,0.5924217867669321,1.1286619282691588,0.26964796411091635
temp_ci_delta,1,0.011296863123915734,0.4946974015634458,1.1072627506295174,0.28406707873333636
rain_ci_delta,1,-0.23080235979070968,3.395743010334263,5.169227654311561,1.3123802624213934
evap_ci_delta,1,0.9468123626491419,1.8201942842855545,4.172194039678918,1.167937456651374
ef_N_inputs,1,-0.8418945196244735,0.8418945196244735,0.17986695316720677,0.0606969190468684
volatile_frac_organic_fertiliser,1,-0.016301567573003873,0.016301567573003873,0.009909378296544405,0.0030138450610001856
volatile_frac_synthetic_fertiliser,1,0.21208655635002352,0.21208655635002352,0.11442689071693735,0.035733729260371896
base_sf_qty_scale,1,-0.12171437219275809,0.12171437219275809,0.06001112738603985,0.01745768862747317
proj_lit_qty_scale,1,-0.16075977081958365,0.16075977081958365,0.06436002102618424,0.019532487944329352
base_stand_density_scale,1,0.0,0.0,0.0,0.0
proj_stand_density_scale,1,-114.79145221553586,114.79145221553586,42.04790742874339,13.344837810709707
tree_wood_dens_sp1,1,-198.0348969352116,198.0348969352116,49.38447343788429,14.107088291386411
base_cover,1,2.8419554240856377,2.8419554240856377,2.7005050862958297,0.807278129211179
base_fire_off,1,-0.07567880067863744,0.07567880067863744,0.1468986914845564,0.048394043003999465
base_fire_on,1,-0.6231239983327705,0.6231239983327705,1.1137536932748533,0.38045286904373476
base_sf_n_delta,1,-0.012054012840149042,0.012054012840149042,0.005283568101082385,0.0016692262153275618
crop_base_left_delta,1,1.7252287142794962,1.7252287142794962,0.7359044665647396,0.22731802779470678
crop_base_yield_delta,1,1.3251633757614045,1.3251633757614045,0.5808434096968329,0.19493184478214634
crop_carbon_above_sp3,1,0.0706372258105202,0.15127918118395528,0.17719137052588166,0.034110282227289825
crop_carbon_below_sp3,1,0.13550688250944276,0.17425572358152905,0.2647963412017222,0.07403159009884946
crop_intercept_sp3,1,0.06666608244733858,0.17605818478681562,0.2481113531176012,0.05718911079056788
crop_nitrogen_above_sp3,1,-0.01745745069615019,0.05111760481864565,0.08621265591421154,0.019159185151934478
crop_nitrogen_below_sp3,1,-0.02545886250268232,0.02545886250268232,0.023336280632623167,0.0076748358350858595
crop_carbon_above_sp10,1,0.023876418825728506,0.23428671349209934,0.302383957718924,0.05502160262293431
crop_carbon_below_sp10,1,-0.003973730591601133,0.10932051048070779,0.14066609924509677,0.028103485947517454
crop_intercept_sp10,1,0.005026361081067065,0.17464405291892468,0.21152116826098946,0.034356860869313714
crop_nitrogen_above_sp10,1,-0.003039780968765715,0.02717488830081587,0.04210209628445897,0.0091312736052092
crop_nitrogen_below_sp10,1,-0.0029833325486253947,0.01293467635316281,0.02203418797898193,0.005081015820978491
crop_proj_left_delta,1,-1.4246940378005242,1.4246940378005242,0.7194750950852797,0.22611008393214
crop_proj_yield_delta,1,-1.2494756506451863,1.2494756506451863,0.6566648318162531,0.21086455458401457
crop_root_in_top_30,1,0.13408476323924584,0.1951355020094466,0.2922221248159551,0.08357158462768387
crop_root_to_shoot_sp3,1,0.17355909248088902,0.18105902520864214,0.13396898392432668,0.035110976081940866
crop_slope_sp3,1,0.04613920838673078,0.14883812306556213,0.1779023679306737,0.03143311655952643
crop_root_to_shoot_sp10,1,0.04513223235267301,0.1776149594981577,0.2286926871189935,0.04540101157147684
crop_slope_sp10,1,0.12576977653876495,0.37256832273682317,0.4707365485903396,0.10461145737818031
cy0_to_ceq_multiplier,1,-0.134394124031588,1.215231065159019,2.8517072079439507,0.7737955677437683
litter_carbon,1,-0.03480602609388832,0.03480602609388832,0.009742139966463186,0.002962667729110148
litter_nitrogen,1,0.013982065601880932,0.013982065601880932,0.007232994521156469,0.002439985892412963
mortality_fraction_branch_delta,1,0.0,0.0,0.0,0.0
mortality_fraction_croot_delta,1,0.0,0.0,0.0,0.0
mortality_fraction_froot_delta,1,0.0,0.0,0.0,0.0
mortality_fraction_leaf_delta,1,0.0,0.0,0.0,0.0
mortality_fraction_stem_delta,1,0.0,0.0,0.0,0.0
pool_alloc_froot_sp1,1,-7.024206838574163,7.024206838574163,3.351179076407555,1.1545026562558245
pool_alloc_leaf_sp1,1,-6.635742712172712,6.635742712172712,3.1923372950596387,0.9965263453016763
pool_alloc_stem_sp1,1,-2.2698053698457175,2.2698053698457175,1.7016992332336676,0.46635683451514603
pool_turnover_branch_sp1,1,0.0,0.0,0.0,0.0
pool_turnover_croot_sp1,1,0.0,0.0,0.0,0.0
pool_turnover_froot_sp1,1,0.0,0.0,0.0,0.0
pool_turnover_leaf_sp1,1,0.0,0.0,0.0,0.0
pool_turnover_stem_sp1,1,0.0,0.0,0.0,0.0
proj_cover,1,-4.522204898209344,4.522204898209344,6.745735103683304,2.2410650687477927
proj_fire_off,1,0.12581089608435397,0.12581089608435397,0.17303529712485988,0.054731205740758467
proj_fire_on,1,1.028592717853583,1.028592717853583,1.5238760716044852,0.4780310385696312
proj_mortality,1,0.0,0.0,0.0,0.0
proj_thinning_delta,1,0.0,0.0,0.0,0.0
roth_c_cover_c,1,-0.08433287451611404,0.5394935249429242,0.8697393963037515,0.21479399976152685
roth_c_dpm_frac_crop,1,-0.07928734627597267,0.1944997428092484,0.3429225505895235,0.08990100222334942
roth_c_dpm_frac_tree,1,0.268528824694566,0.4062220792265993,0.4983191517505708,0.12048686079061821
roth_c_moisture_b_slope,1,0.20510049890502308,0.5316947132688465,1.1301862683798645,0.3231200543662411
roth_c_temp_a1,1,-0.046746958527982406,0.16528698872314732,0.4214732952981549,0.10671115166820962
roth_c_temp_a2,1,0.17011102522328958,0.9471369689621737,1.6864908623425188,0.44730008942694466
thinning_fraction_branch_delta,1,0.0,0.0,0.0,0.0
thinning_fraction_croot_delta,1,0.0,0.0,0.0,0.0
thinning_fraction_froot_delta,1,0.0,0.0,0.0,0.0
thinning_fraction_leaf_delta,1,0.0,0.0,0.0,0.0
thinning_fraction_stem_delta,1,0.0,0.0,0.0,0.0
tree_carbon_sp1,1,-42.2058291516842,42.2058291516842,16.55691835454482,4.780743770244646
tree_nitrogen_branch_sp1,1,0.0,0.0,0.0,0.0
tree_nitrogen_croot_sp1,1,0.0,0.0,0.0,0.0
tree_nitrogen_froot_sp1,1,0.0,0.0,0.0,0.0
tree_nitrogen_leaf_sp1,1,0.0,0.0,0.0,0.0
tree_nitrogen_stem_sp1,1,0.0,0.0,0.0,0.0
tree_root_in_top_30,1,0.0,0.0,0.0,0.0
tree_root_to_shoot_sp1,1,-40.54932698736017,40.54932698736017,20.277239695977183,6.2729517817728055
cy0,2,0.7295971098633437,1.4281916397741363,2.668139675739354,0.7289213327634451
clay,2,-0.02053184983559011,0.2350703326160563,0.5356445911623399,0.12277384458452684
temp_ci_delta,2,0.04608551612907506,0.1700414886104855,0.27021055541243016,0.0637745660441129
rain_ci_delta,2,-0.00208006335230011,2.396788741607311,3.5511035203005403,0.8677048264589838
evap_ci_delta,2,0.40260707815593555,1.0380171321430038,2.022222622647978,0.5368484287172914
ef_N_inputs,2,-0.8418945196244729,0.8418945196244729,0.17986695316720738,0.060696919046870856
volatile_frac_organic_fertiliser,2,-0.01630156757300274,0.01630156757300274,0.009909378296540082,0.003013845060999407
volatile_frac_synthetic_fertiliser,2,0.21208655635002072,0.21208655635002072,0.11442689071693654,0.03573372926037112
base_sf_qty_scale,2,-0.12171437219275243,0.12171437219275243,0.060011127386040065,0.017457688627474488
proj_lit_qty_scale,2,-0.10770040365861273,0.10849879698210614,0.055607366120244965,0.017233391533586617
base_stand_density_scale,2,0.0,0.0,0.0,0.0
proj_stand_density_scale,2,16.997452996137415,16.997452996137415,8.03152697483241,2.2558258269247835
tree_wood_dens_sp1,2,31.08946416724598,31.08946416724598,11.348031690125456,3.065492622795673
base_cover,2,1.8398966257749898,1.8398966257749898,1.8030772813484077,0.5084409189403958
base_fire_off,2,-0.0756788006786389,0.0756788006786389,0.14689869148455909,0.04839404300400023
base_fire_on,2,-0.4673913868950554,0.4673913868950554,0.7489605513030648,0.2561145662522552
base_sf_n_delta,2,-0.012054012840150041,0.012054012840150041,0.005283568101080249,0.001669226215326772
crop_base_left_delta,2,1.230602093848307,1.230602093848307,0.5645374189081619,0.1706608879558241
crop_base_yield_delta,2,0.8744182733568072,0.8744182733568072,0.44196661850849456,0.14708124890653784
crop_carbon_above_sp3,2,0.050524369336382435,0.10716004158401464,0.12235425475850899,0.02283497994606452
crop_carbon_below_sp3,2,0.09358366830875205,0.1243979986754045,0.17916315445780562,0.048154480836644996
crop_intercept_sp3,2,0.03671945050864833,0.11034222210383504,0.14784678713292387,0.03266279827955163
crop_nitrogen_above_sp3,2,-0.017457450696143528,0.05111760481863912,0.08621265591420776,0.019159185151934384
crop_nitrogen_below_sp3,2,-0.02545886250268099,0.02545886250268099,0.02333628063261607,0.007674835835084667
crop_carbon_above_sp10,2,0.019017613607753826,0.1681771764087701,0.22385520365756548,0.04304965822488431
crop_carbon_below_sp10,2,-0.0034523176020215484,0.0785194328634731,0.10163732682921353,0.020602643932765882
crop_intercept_sp10,2,0.0008454367665606921,0.12140515787324158,0.14700153891977166,0.02408043397483905
crop_nitrogen_above_sp10,2,-0.0030397809687665147,0.02717488830081507,0.04210209628446427,0.009131273605211482
crop_nitrogen_below_sp10,2,-0.0029833325486303907,0.012934676353157148,0.022034187978978707,0.005081015820978567
crop_proj_left_delta,2,-0.9825747623246379,0.9845790184822996,0.5555129581340643,0.17531160685029404
crop_proj_yield_delta,2,-0.8107497383673371,0.8107497383673371,0.48439301861591144,0.1494896942534885
crop_root_in_top_30,2,0.08069458052846676,0.12774329973940604,0.16105858434715584,0.03988511132162789
crop_root_to_shoot_sp3,2,0.11864605388395852,0.12352144866506962,0.1028940137554085,0.027793377847636306
crop_slope_sp3,2,0.029514297328476415,0.10311243605297764,0.12563068894346602,0.02297064061319558
crop_root_to_shoot_sp10,2,0.02462422404824477,0.12168085298304536,0.16536531934609494,0.034514700987002496
crop_slope_sp10,2,0.07833151739460044,0.25150157957993813,0.32011081196830066,0.07118082234650697
cy0_to_ceq_multiplier,2,0.10498045400242442,0.32291979900040524,0.6614755257843119,0.18647227493108012
litter_carbon,2,-0.0251513274201006,0.0251513274201006,0.008255172097478402,0.0024811175282243546
litter_nitrogen,2,0.013982065601877935,0.013982065601877935,0.007232994521154612,0.0024399858924105742
mortality_fraction_branch_delta,2,0.0,0.0,0.0,0.0
mortality_fraction_croot_delta,2,0.0,0.0,0.0,0.0
mortality_fraction_froot_delta,2,0.0,0.0,0.0,0.0
mortality_fraction_leaf_delta,2,0.0,0.0,0.0,0.0
mortality_fraction_stem_delta,2,0.0,0.0,0.0,0.0
pool_alloc_froot_sp1,2,5.872014837354432,5.872014837354432,3.171094143829434,1.0950269520039262
pool_alloc_leaf_sp1,2,6.081330508057437,6.081330508057437,3.0399595359260516,0.9509702646643392
pool_alloc_stem_sp1,2,0.5279562684032106,0.5564992312456069,0.7249239761962313,0.2002406569090759
pool_turnover_branch_sp1,2,0.8649410965724937,0.8649410965724937,0.400659783515657,0.1321708602432175
pool_turnover_croot_sp1,2,12.395582359030382,12.395582359030382,8.843804031667672,2.49690688951186
pool_turnover_froot_sp1,2,6.4960194119532275,6.4960194119532275,3.2217079127405395,0.9114839532704113
pool_turnover_leaf_sp1,2,3.09657536724563,3.09657536724563,1.352462836158694,0.38899392286418033
pool_turnover_stem_sp1,2,0.22288629993116865,0.22288629993116865,0.09297084993251761,0.028275873957702955
proj_cover,2,-2.7310747693667614,2.7310747693667614,3.461644206101128,1.1069539797827248
proj_fire_off,2,0.1258108960843524,0.1258108960843524,0.17303529712486,0.05473120574075786
proj_fire_on,2,0.8113810064783221,0.8113810064783221,1.0699432019450565,0.33430043472007326
proj_mortality,2,4.0983711007906525,4.0983711007906525,2.0083268100651983,0.6110131112830193
proj_thinning_delta,2,18.299658654502302,18.299658654502302,13.907547778623474,3.78601366162317
roth_c_cover_c,2,-0.04312557764823436,0.403622458023645,0.6496102940026356,0.1605554042945509
roth_c_dpm_frac_crop,2,-0.052949751746185124,0.16538665493488108,0.2329703711282931,0.054626825113203575
roth_c_dpm_frac_tree,2,0.23966163993404493,0.27044133901950784,0.22571892495988052,0.055187317337124224
roth_c_moisture_b_slope,2,0.001542331343888037,0.4312006623723194,0.9491710340939661,0.2986894020512756
roth_c_temp_a1,2,0.009978746159557628,0.05760870227658212,0.09532083925133096,0.018800225695213075
roth_c_temp_a2,2,0.08686897692611742,0.47357194714400047,0.817846958591254,0.1967949384996098
thinning_fraction_branch_delta,2,0.0,0.0,0.0,0.0
thinning_fraction_croot_delta,2,0.0,0.0,0.0,0.0
thinning_fraction_froot_delta,2,0.0,0.0,0.0,0.0
thinning_fraction_leaf_delta,2,0.0,0.0,0.0,0.0
thinning_fraction_stem_delta,2,0.0,0.0,0.0,0.0
tree_carbon_sp1,2,6.1588801886635505,6.1588801886635505,2.7585179120184837,0.889590062620221
tree_nitrogen_branch_sp1,2,0.0,0.0,0.0,0.0
tree_nitrogen_croot_sp1,2,0.0,0.0,0.0,0.0
tree_nitrogen_froot_sp1,2,0.0,0.0,0.0,0.0
tree_nitrogen_leaf_sp1,2,0.0,0.0,0.0,0.0
tree_nitrogen_stem_sp1,2,0.0,0.0,0.0,0.0
tree_root_in_top_30,2,0.0,0.0,0.0,0.0
tree_root_to_shoot_sp1,2,9.761067214097062,9.761067214097062,7.965464483332879,2.3688601971820797
cy0,3,0.5792974341558333,1.0131287760332293,1.9319571023411146,0.5384912754805702
clay,3,-0.6539111749482458,0.6736189324650643,0.7413496247803605,0.21874176612395932
temp_ci_delta,3,0.9961448765491383,1.007747161051645,0.774594763049678,0.22636597504090447
rain_ci_delta,3,3.0537617896398683,5.507642192317068,6.301900745653264,1.2031948777585015
evap_ci_delta,3,0.13235436531962316,1.8865815509770054,3.2552442791083047,0.8561334755742271
ef_N_inputs,3,0.6355977459518266,0.8566974562123935,0.9586360265043612,0.24208170470081855
volatile_frac_organic_fertiliser,3,-0.016301567573002423,0.016301567573002423,0.00990937829653987,0.003013845060999437
volatile_frac_synthetic_fertiliser,3,0.21208655635002033,0.21208655635002033,0.11442689071693625,0.035733729260370974
base_sf_qty_scale,3,-0.12171437219275241,0.12171437219275241,0.060011127386040204,0.01745768862747473
proj_lit_qty_scale,3,-0.07728250385812685,0.07903876539729948,0.05068275077038831,0.015460086583403181
base_stand_density_scale,3,0.0,0.0,0.0,0.0
proj_stand_density_scale,3,-14.127824689188762,14.249806381295482,7.728637791011869,2.6821050225420215
tree_wood_dens_sp1,3,-24.644177329676815,24.644177329676815,11.286980313592885,3.3423181605094645
base_cover,3,1.4667241424850879,1.4667241424850879,1.5108690718791917,0.4254874417004448
base_fire_off,3,-0.07567880067863811,0.07567880067863811,0.1468986914845579,0.048394043004000006
base_fire_on,3,-0.4002877001150444,0.4002877001150444,0.5923919778911194,0.2029922145045439
base_sf_n_delta,3,-0.012054012840149375,0.012054012840149375,0.005283568101081677,0.001669226215327345
crop_base_left_delta,3,1.0225387585893757,1.0225387585893757,0.5110467267241542,0.1522620479713203
crop_base_yield_delta,3,0.6949800806263194,0.6949800806263194,0.39296818249106186,0.12866633359862967
crop_carbon_above_sp3,3,0.04138095782891912,0.08833884965703341,0.10042642963994114,0.01876332339384721
crop_carbon_below_sp3,3,0.0754624508149915,0.10499066253951635,0.14215474456059674,0.03622366682580344
crop_intercept_sp3,3,0.025891098112122944,0.08552643812754428,0.11211070068356757,0.023675193465340135
crop_nitrogen_above_sp3,3,-0.017457450696145092,0.05111760481863749,0.08621265591420614,0.019159185151934315
crop_nitrogen_below_sp3,3,-0.02545886250268259,0.02545886250268259,0.023336280632616082,0.007674835835084758
crop_carbon_above_sp10,3,0.016604295879509505,0.141429452783205,0.1931467424341717,0.0382650009442422
crop_carbon_below_sp10,3,-0.0025896821640695065,0.06745955038312133,0.08734700628625605,0.017248716747539798
crop_intercept_sp10,3,-0.0016485481981420524,0.10196641217524491,0.12450886253874276,0.02069082480498784
crop_nitrogen_above_sp10,3,-0.0030397809687653155,0.027174888300814538,0.04210209628446528,0.009131273605211975
crop_nitrogen_below_sp10,3,-0.002983332548629625,0.012934676353156848,0.022034187978978548,0.005081015820978621
crop_proj_left_delta,3,-0.8036232762160797,0.8071581081034548,0.49941124437699014,0.1581895020710025
crop_proj_yield_delta,3,-0.6329702928010285,0.6329702928010285,0.43309166635224533,0.1330197600655367
crop_root_in_top_30,3,0.06311204630765502,0.1037908765311426,0.12751866314118881,0.02986959781923508
crop_root_to_shoot_sp3,3,0.09821969146151069,0.10563757828634102,0.1029702050106021,0.028359759441909896
crop_slope_sp3,3,0.024259822503443173,0.08687127450573127,0.109205241062725,0.02086328214096682
crop_root_to_shoot_sp10,3,0.01692295110241584,0.09696053640764461,0.13591835736649172,0.028963225951000555
crop_slope_sp10,3,0.058783254719907606,0.20653311056995555,0.26798491980147526,0.058719596985422465
cy0_to_ceq_multiplier,3,0.10335682373612642,0.2946846267227017,0.828732995875044,0.24466161223526903
litter_carbon,3,-0.019472277469982056,0.019472277469982056,0.007291551983369333,0.0021774179877915166
litter_nitrogen,3,0.013982065601876936,0.013982065601876936,0.007232994521153676,0.002439985892410187
mortality_fraction_branch_delta,3,-0.25842464243391516,0.25842464243391516,0.18303132255029173,0.055992433103051284
mortality_fraction_croot_delta,3,-0.10651734188933326,0.10651734188933326,0.11084763462380456,0.03236482036568136
mortality_fraction_froot_delta,3,-0.06330168622430817,0.06330168622430817,0.05037795128227022,0.015964024261856877
mortality_fraction_leaf_delta,3,-0.06695488992808943,0.06695488992808943,0.04177052320272913,0.012682557760832784
mortality_fraction_stem_delta,3,-0.4465533777618623,0.4465533777618623,0.29861964870481134,0.09347495809605463
pool_alloc_froot_sp1,3,-2.878814767799302,2.878814767799302,1.6236795819431236,0.5262294536926686
pool_alloc_leaf_sp1,3,-3.355629344306333,3.355629344306333,1.9407980608363962,0.587388685683063
pool_alloc_stem_sp1,3,-0.42456142085529003,0.42456142085529003,0.47048623686403784,0.13006868581484649
pool_turnover_branch_sp1,3,0.5223426157459736,0.5223426157459736,0.24410462246623987,0.08180289984977426
pool_turnover_croot_sp1,3,-5.343558671944104,5.343558671944104,4.510182617805913,1.3005197718726662
pool_turnover_froot_sp1,3,-2.732855491472889,2.732855491472889,1.5186496677638512,0.43257011358823183
pool_turnover_leaf_sp1,3,-1.5963971268148047,1.5966151757992724,0.9084162808828184,0.2507065450021146
pool_turnover_stem_sp1,3,0.14483448012684647,0.14483448012684647,0.0734814192947838,0.019660721873522916
proj_cover,3,-4.87837600757035,4.87837600757035,5.265884027091684,1.6409057429980258
proj_fire_off,3,0.12581089608435375,0.12581089608435375,0.17303529712486276,0.054731205740758765
proj_fire_on,3,6.041484502186624,6.041484502186624,9.033503249578034,2.683893424117392
proj_mortality,3,3.3819858714747193,3.3819858714747193,1.7802980940875566,0.5334627537974043
proj_thinning_delta,3,14.709056926505738,14.709056926505738,10.747406065049695,2.996059195632694
roth_c_cover_c,3,0.43696292017601657,0.6729615278806168,0.9227447001440132,0.25234359416963714
roth_c_dpm_frac_crop,3,-0.035677272016607184,0.13198281061170913,0.1870517922385423,0.0434184868360659
roth_c_dpm_frac_tree,3,6.253342814501048,6.253342814501048,3.1205913480196537,0.878941365722749
roth_c_moisture_b_slope,3,-0.9911150841520111,1.203610075498192,2.1455894996003284,0.6764281629610217
roth_c_temp_a1,3,0.4662350410326793,0.4662350410326793,0.4104148776873065,0.1530488233930868
roth_c_temp_a2,3,-3.620701246605954,3.647909657925683,2.8559684784092276,0.8948629645419686
thinning_fraction_branch_delta,3,-0.4158587217377529,0.4158587217377529,0.7157446352452421,0.22831456361462577
thinning_fraction_croot_delta,3,-0.1638853865079587,0.1638853865079587,0.24895967179810732,0.0746185757296554
thinning_fraction_froot_delta,3,-0.10401317014836589,0.10401317014836589,0.16092029366426958,0.04638536565866222
thinning_fraction_leaf_delta,3,-0.12305444498525644,0.12305444498525644,0.2109310329747042,0.07031965123367807
thinning_fraction_stem_delta,3,-0.8800027490086084,0.8800027490086084,1.3926110515695884,0.3893630693865695
tree_carbon_sp1,3,-5.564357035814739,5.564357035814739,3.0217157252867763,0.8664036538606205
tree_nitrogen_branch_sp1,3,0.0441916447751232,0.0441916447751232,0.03855339702404573,0.01220974995659685
tree_nitrogen_croot_sp1,3,0.12791917900286384,0.12791917900286384,0.12472398509418878,0.03935924395585641
tree_nitrogen_froot_sp1,3,0.003357663614326034,0.003357663614326034,0.002641130677323632,0.0008584168355739927
tree_nitrogen_leaf_sp1,3,0.8068000547221063,0.8068000547221063,0.6852678580742042,0.20461473474146544
tree_nitrogen_stem_sp1,3,0.004156201139106636,0.004156201139106636,0.0038010500194768696,0.0012177074166890586
tree_root_in_top_30,3,-5.956664623639512,5.956664623639512,3.587403086674678,1.1766916149187365
tree_root_to_shoot_sp1,3,-6.325012091482517,6.325012091482517,4.413998831818169,1.2064199295537785
cy0,4,0.5181341764725074,0.8397706072663759,1.6507358125422775,0.4673415420787493
clay,4,-0.8988371501644202,0.9216647357496601,0.9308627662303147,0.27330140457376084
temp_ci_delta,4,1.4821200103935943,1.4821200103935943,1.0829919638883005,0.3249738519865892
rain_ci_delta,4,4.862606250428827,7.677983144049307,8.767583228641925,1.7930732213126186
evap_ci_delta,4,0.05205647802106759,2.6827428391234673,4.860112070875904,1.2859782230749814
ef_N_inputs,4,0.6712208926944735,0.8890360453259906,0.9928068199489235,0.25053590628836037
volatile_frac_organic_fertiliser,4,-0.016301567573002322,0.016301567573002322,0.00990937829653938,0.003013845060999207
volatile_frac_synthetic_fertiliser,4,0.21208655635002066,0.21208655635002066,0.11442689071693678,0.0357337292603711
base_sf_qty_scale,4,-0.12171437219275302,0.12171437219275302,0.06001112738604113,0.017457688627474845
proj_lit_qty_scale,4,-0.0567707902157175,0.0598494042350101,0.04591493683216085,0.013500866864761277
base_stand_density_scale,4,0.0,0.0,0.0,0.0
proj_stand_density_scale,4,-10.933412513972005,11.206215125758686,7.31072596083221,2.4665653406800985
tree_wood_dens_sp1,4,-18.95974220225444,18.95974220225444,11.677106877883359,3.469458817118064
base_cover,4,1.267209161647624,1.267209161647624,1.3474462913422467,0.37993146340499157
base_fire_off,4,-0.0756788006786384,0.0756788006786384,0.14689869148455856,0.0483940430040001
base_fire_on,4,-0.3568784676154579,0.3568784676154579,0.4933923051161306,0.16908217571200576
base_sf_n_delta,4,-0.012054012840149907,0.012054012840149907,0.005283568101081232,0.0016692262153271491
crop_base_left_delta,4,0.876138152982131,0.876138152982131,0.4683319074969581,0.1384327731622763
crop_base_yield_delta,4,0.5697091949348443,0.5697091949348443,0.3530065087276021,0.11362303222224446
crop_carbon_above_sp3,4,0.0343701137758326,0.07487367900419827,0.08551486452480747,0.0159813801234812
crop_carbon_below_sp3,4,0.06407368017727769,0.09092502875432043,0.11641524260726198,0.028539892683586334
crop_intercept_sp3,4,0.02032349385222045,0.07019566608436192,0.09242110756733604,0.0195210614446923
crop_nitrogen_above_sp3,4,-0.017457450696144478,0.051117604818637676,0.08621265591420682,0.01915918515193439
crop_nitrogen_below_sp3,4,-0.02545886250268179,0.02545886250268179,0.02333628063261546,0.007674835835084542
crop_carbon_above_sp10,4,0.015114666030147644,0.12213340169528983,0.16970778042963988,0.03417209473680429
crop_carbon_below_sp10,4,-0.0018818497137540247,0.058844598381449134,0.07693188101346048,0.015118672221911794
crop_intercept_sp10,4,-0.002587309339581079,0.08844142510658735,0.10934961533744779,0.0185784800715634
crop_nitrogen_above_sp10,4,-0.0030397809687658815,0.027174888300815637,0.042102096284464686,0.009131273605211668
crop_nitrogen_below_sp10,4,-0.002983332548630474,0.012934676353155867,0.022034187978978628,0.00508101582097902
crop_proj_left_delta,4,-0.6823126212085915,0.6869773185604302,0.4517650678220953,0.14276362810654988
crop_proj_yield_delta,4,-0.5131335071753037,0.5148750768050864,0.39133449697659045,0.11944902283784938
crop_root_in_top_30,4,0.05442698347576265,0.08957216604674877,0.11380118665983029,0.02742563868741676
crop_root_to_shoot_sp3,4,0.08447857413823306,0.09295448737493037,0.10124530837268829,0.028348179700332595
crop_slope_sp3,4,0.0205443906437427,0.07553884994430031,0.09731313125610058,0.01902346815092531
crop_root_to_shoot_sp10,4,0.012639495130476852,0.08142822253351639,0.11712299067192103,0.02570599462860498
crop_slope_sp10,4,0.045249400037423615,0.1764086584607197,0.23371475926273746,0.0505042824817207
cy0_to_ceq_multiplier,4,0.06640211021599153,0.2896697743625437,0.8248495921519937,0.22745455115550753
litter_carbon,4,-0.015640975701523653,0.015640975701523653,0.006369973590541957,0.0018912201343329847
litter_nitrogen,4,0.013982065601876453,0.013982065601876453,0.007232994521154396,0.002439985892410346
mortality_fraction_branch_delta,4,-0.1891455645535381,0.18921494878241424,0.14462856652275524,0.04294767525183434
mortality_fraction_croot_delta,4,-0.07997756512287493,0.07997756512287493,0.0862414155056622,0.02495103986967218
mortality_fraction_froot_delta,4,-0.04852688303556084,0.04852688303556084,0.042365576488053266,0.013364565885271178
mortality_fraction_leaf_delta,4,-0.045315029911034053,0.045315029911034053,0.03149127949811132,0.009770815550030069
mortality_fraction_stem_delta,4,-0.32088777679675956,0.32088777679675956,0.24755232852380454,0.07930500606757782
pool_alloc_froot_sp1,4,-2.192685460524035,2.192685460524035,1.373763754960556,0.4402495890526021
pool_alloc_leaf_sp1,4,-2.3299998268213837,2.349742583310495,1.550487257281922,0.4638275573479611
pool_alloc_stem_sp1,4,-0.37075941671741475,0.37075941671741475,0.41215860174587565,0.1117524330077013
pool_turnover_branch_sp1,4,0.834051044176217,0.834051044176217,0.37593023210206,0.12105143645619033
pool_turnover_croot_sp1,4,-3.9629018891625876,3.9629018891625876,3.486462084925946,1.008752565914459
pool_turnover_froot_sp1,4,-1.9984159029743167,1.9984159029743167,1.255201074301142,0.3557840857189768
pool_turnover_leaf_sp1,4,-1.10847517608799,1.1151828989215893,0.7522149467307971,0.2097312232306157
pool_turnover_stem_sp1,4,0.2223922231654704,0.2223922231654704,0.09921850525418778,0.027093888565978053
proj_cover,4,-6.210673737081111,6.210673737081111,6.75461235155277,2.0815601576470875
proj_fire_off,4,0.1258108960843533,0.1258108960843533,0.1730352971248617,0.05473120574075849
proj_fire_on,4,5.124345626638457,5.124345626638457,6.919192559124381,2.0422879143798816
proj_mortality,4,4.3786402464015275,4.3786402464015275,2.329927052772361,0.7135068454875262
proj_thinning_delta,4,18.347449632568278,18.347449632568278,12.99041663752653,3.5952730002018947
roth_c_cover_c,4,0.6408196285256792,0.8224660954922214,1.019299373875005,0.29976849470732503
roth_c_dpm_frac_crop,4,-0.026009014371860893,0.10875172489169975,0.16321685875696026,0.03844178584738734
roth_c_dpm_frac_tree,4,5.389075046353907,5.389075046353907,3.519115761493774,1.0462106841411463
roth_c_moisture_b_slope,4,-1.731133866132622,1.8913982196245118,3.4043675807089184,1.0920516658682622
roth_c_temp_a1,4,0.7169938015016746,0.7169938015016746,0.6262960947033764,0.23814580091151347
roth_c_temp_a2,4,-5.544746712359744,5.544746712359744,4.246068659564838,1.343192238479872
thinning_fraction_branch_delta,4,-0.28336783749384364,0.28336783749384364,0.5223501313996277,0.1681922091461831
thinning_fraction_croot_delta,4,-0.11461519795482689,0.11461519795482689,0.17640241557591396,0.05424706691207665
thinning_fraction_froot_delta,4,-0.07327374905982478,0.07327374905982478,0.11990802439729832,0.034611201195260545
thinning_fraction_leaf_delta,4,-0.08638058745171938,0.08638058745171938,0.15540009939505142,0.05058196740692164
thinning_fraction_stem_delta,4,-0.5941936579844896,0.6027709629155527,0.9924594410954821,0.274955189509292
tree_carbon_sp1,4,-4.430048513333295,4.430048513333295,2.869663626705639,0.8157417973144133
tree_nitrogen_branch_sp1,4,0.04494515405398168,0.04494515405398168,0.03878496496933708,0.012274833945929238
tree_nitrogen_croot_sp1,4,0.13180026908037817,0.13180026908037817,0.13055823792234997,0.04116945057529894
tree_nitrogen_froot_sp1,4,0.003462251855359433,0.003462251855359433,0.002787005152395175,0.0009122495977141497
tree_nitrogen_leaf_sp1,4,0.8258408221151999,0.8258408221151999,0.7142574777585482,0.2121716117249399
tree_nitrogen_stem_sp1,4,0.004154746790071934,0.004154746790071934,0.003704725175473828,0.0011900205292166132
tree_root_in_top_30,4,-4.551875945292195,4.551875945292195,2.9970404065235576,0.9650297454859447
tree_root_to_shoot_sp1,4,-4.954852334038899,4.9631945804507005,3.7693680756705845,1.0229855083323964
cy0,5,0.4814091640207187,0.7582203785369453,1.5114856932617475,0.4333470664968099
clay,5,-0.9657759064107557,0.9935223219674268,1.0143380022896027,0.2963677017770443
temp_ci_delta,5,1.620797261872681,1.620797261872681,1.2333319140965735,0.39106470047837005
rain_ci_delta,5,5.927278744929019,8.78680061895337,9.969324125803386,2.1026302943231645
evap_ci_delta,5,-0.10574076364622313,3.0507109473838923,5.5771101066178455,1.4648349767184625
ef_N_inputs,5,0.7093831237218666,0.9233551208926739,1.0326726488751798,0.26128970005910546
volatile_frac_organic_fertiliser,5,-0.016301567573002457,0.016301567573002457,0.009909378296539423,0.003013845060999236
volatile_frac_synthetic_fertiliser,5,0.212086556350021,0.212086556350021,0.11442689071693593,0.0357337292603708
base_sf_qty_scale,5,-0.12171437219275297,0.12171437219275297,0.06001112738604065,0.017457688627474745
proj_lit_qty_scale,5,-0.0423676694070775,0.04789355166013006,0.04148702350390151,0.01111064182840962
base_stand_density_scale,5,0.0,0.0,0.0,0.0
proj_stand_density_scale,5,-9.271050822149407,9.596496573539778,7.212867686939034,2.3880442999038847
tree_wood_dens_sp1,5,-15.825951972381414,15.91531785704698,12.12271615805875,3.549206491193633
base_cover,5,1.140456894771902,1.140456894771902,1.2299569431927506,0.3463440875819899
base_fire_off,5,-0.07567880067863873,0.07567880067863873,0.1468986914845588,0.048394043004000194
base_fire_on,5,-0.3276624473883409,0.3276624473883409,0.42716254939898757,0.14618143995239238
base_sf_n_delta,5,-0.012054012840150449,0.012054012840150449,0.00528356810108126,0.0016692262153272701
crop_base_left_delta,5,0.7685371918182484,0.7685818926838485,0.43202600325559093,0.12707466643984622
crop_base_yield_delta,5,0.47744879681363017,0.47768189653934945,0.3190908767426674,0.10118477559342344
crop_carbon_above_sp3,5,0.029259864012405455,0.06524007213797733,0.07465819492153304,0.013837428490656044
crop_carbon_below_sp3,5,0.055970205775347594,0.07985318060823499,0.09795634459187931,0.02339184345941405
crop_intercept_sp3,5,0.017073319361348045,0.06021965439150121,0.07966669124258711,0.01696334674973527
crop_nitrogen_above_sp3,5,-0.017457450696144943,0.05111760481863881,0.08621265591420786,0.019159185151934283
crop_nitrogen_below_sp3,5,-0.025458862502681905,0.025458862502681905,0.023336280632614805,0.007674835835084058
crop_carbon_above_sp10,5,0.01414731118845052,0.10785877468614369,0.15132168848515906,0.03065206771711107
crop_carbon_below_sp10,5,-0.00139447617991518,0.05216633877360399,0.06883778115105456,0.013571721450135778
crop_intercept_sp10,5,-0.003110313057055436,0.07816249539899446,0.09784545658769468,0.01693736566869366
crop_nitrogen_above_sp10,5,-0.0030397809687647158,0.027174888300815637,0.04210209628446454,0.009131273605211451
crop_nitrogen_below_sp10,5,-0.0029833325486300953,0.012934676353155743,0.02203418797897817,0.005081015820978867
crop_proj_left_delta,5,-0.5951643711276138,0.6006698479882328,0.4117594025536202,0.12935528279492373
crop_proj_yield_delta,5,-0.42729533693334576,0.4307282110460163,0.355670108905444,0.10780563238480374
crop_root_in_top_30,5,0.048809971391847895,0.07916848440644765,0.10617725096404786,0.02692397157052938
crop_root_to_shoot_sp3,5,0.07429270169448618,0.08403381529454215,0.09757971186566362,0.0274413041501511
crop_slope_sp3,5,0.017509307804828754,0.0664554000678764,0.08787789197692986,0.017602867583270627
crop_root_to_shoot_sp10,5,0.009910560086629749,0.0703408525354336,0.10283079565938014,0.023052367927284635
crop_slope_sp10,5,0.03541164515220358,0.1563287163058616,0.20942576663624113,0.04451687764140903
cy0_to_ceq_multiplier,5,0.03626912145378387,0.2684863651332653,0.7105318219843211,0.19049235942947138
litter_carbon,5,-0.012979841407905146,0.012979841407905146,0.005521792785464228,0.0016288167959067259
litter_nitrogen,5,0.013982065601877114,0.013982065601877114,0.0072329945211540144,0.0024399858924103192
mortality_fraction_branch_delta,5,-0.1488739271075499,0.14925219835009426,0.12212498082095784,0.03524138599526452
mortality_fraction_croot_delta,5,-0.0647867483579582,0.0647867483579582,0.07219704355079044,0.0206898352429669
mortality_fraction_froot_delta,5,-0.040474454490473454,0.040474454490473454,0.03838759153970965,0.012137713215345803
mortality_fraction_leaf_delta,5,-0.03350942027948423,0.03350942027948423,0.026432132788088383,0.008303905159868142
mortality_fraction_stem_delta,5,-0.25173850703655604,0.2518878534337367,0.21622985641615852,0.07022436833636408
pool_alloc_froot_sp1,5,-1.811741662216339,1.811741662216339,1.2426078992975833,0.38962522533731647
pool_alloc_leaf_sp1,5,-1.7613113286997624,1.8025130880993718,1.3487301830529927,0.3966470857936203
pool_alloc_stem_sp1,5,-0.34380191040191965,0.34380191040191965,0.38771371453620834,0.10337389849167186
pool_turnover_branch_sp1,5,1.0517950547023698,1.0517950547023698,0.4920454255562268,0.1562104171177416
pool_turnover_croot_sp1,5,-3.1707557151128043,3.1707557151128043,2.889560096165235,0.8344932749938393
pool_turnover_froot_sp1,5,-1.598089632450805,1.598089632450805,1.151406479183009,0.32911931228670616
pool_turnover_leaf_sp1,5,-0.8439496339950854,0.8643351919161525,0.6644761280569987,0.18208039962301878
pool_turnover_stem_sp1,5,0.2791750660631371,0.2791750660631371,0.12660092047079233,0.03518178683242708
proj_cover,5,-6.461239984245481,6.461239984245481,6.994537052221578,2.10580433984121
proj_fire_off,5,0.12581089608435272,0.12581089608435272,0.17303529712486065,0.054731205740758126
proj_fire_on,5,4.615012791795565,4.615012791795565,5.669830446184918,1.6606384054754388
proj_mortality,5,5.165791245262215,5.165791245262215,2.866457488359324,0.8929947953656142
proj_thinning_delta,5,20.898629143854624,20.898629143854624,14.534483348388076,4.001789255897042
roth_c_cover_c,5,0.7652492828280517,0.9038844263987798,1.1100946706096555,0.3524460630552885
roth_c_dpm_frac_crop,5,-0.019989696388349677,0.09160828461062911,0.14499845002937248,0.03448313687053485
roth_c_dpm_frac_tree,5,4.219124999296996,4.219124999296996,3.3005184640459855,1.005353733694554
roth_c_moisture_b_slope,5,-2.18955166429257,2.314953040739154,4.1137456110445765,1.3234732803403368
roth_c_temp_a1,5,0.7651128750197792,0.7651128750197792,0.6652297027754662,0.2488477540040591
roth_c_temp_a2,5,-6.309447414437107,6.309447414437107,4.7911448747546785,1.5796645706381975
thinning_fraction_branch_delta,5,-0.20937869850804663,0.20978228457809575,0.41175572297309515,0.135355544218216
thinning_fraction_croot_delta,5,-0.0870688885292992,0.0870688885292992,0.13884561637428658,0.04368393358052811
thinning_fraction_froot_delta,5,-0.05661481516320638,0.05661481516320638,0.10095168250192502,0.029017776906200086
thinning_fraction_leaf_delta,5,-0.06554286210606321,0.06582732907561616,0.12734423281396393,0.040429347265164145
thinning_fraction_stem_delta,5,-0.42291825012160694,0.44109045461105956,0.7389470403703432,0.20164050448877247
tree_carbon_sp1,5,-3.8856661448363874,3.9065432709073136,2.873111940431345,0.8042720788480918
tree_nitrogen_branch_sp1,5,0.045761014951975834,0.045761014951975834,0.03910405963308205,0.012365103674187194
tree_nitrogen_croot_sp1,5,0.1358965741326972,0.1358965741326972,0.1368594748932129,0.04312776194797972
tree_nitrogen_froot_sp1,5,0.0035739852701544227,0.0035739852701544227,0.002945685861104922,0.0009703974884978973
tree_nitrogen_leaf_sp1,5,0.8462486439404284,0.8462486439404284,0.7464585403272016,0.22063918582646638
tree_nitrogen_stem_sp1,5,0.004158760391073252,0.004158760391073252,0.003624446291059659,0.0011669605361466617
tree_root_in_top_30,5,-3.7904469684615485,3.7904469684615485,2.696689608541607,0.8532765406464573
tree_root_to_shoot_sp1,5,-4.207484963450004,4.2521764825659805,3.448284160585564,0.9075315911985045
cy0,6,0.45188091493389226,0.7108909839464397,1.4211323277610721,0.41065769679353903
clay,6,-0.9114201697550776,0.9521240361468266,0.9957037956979631,0.2897329902630921
temp_ci_delta,6,1.5346345009166829,1.5346345009166829,1.3374869468143575,0.4381442104659786
rain_ci_delta,6,6.042755530197104,8.677068389030772,9.973840993138275,2.1696762958406217
evap_ci_delta,6,-0.2713817005550199,2.991949383610726,5.538643713112856,1.4535257314105203
ef_N_inputs,6,0.6864057044504508,0.9399801690369852,1.0801974007436732,0.2665144532800119
volatile_frac_organic_fertiliser,6,-0.016301567573002523,0.016301567573002523,0.009909378296539104,0.0030138450609991873
volatile_frac_synthetic_fertiliser,6,0.212086556350021,0.212086556350021,0.1144268907169358,0.03573372926037085
base_sf_qty_scale,6,-0.12171437219275258,0.12171437219275258,0.06001112738603952,0.017457688627474533
proj_lit_qty_scale,6,-0.03190673016999209,0.03957466449484751,0.03763283984594695,0.009143872461111612
base_stand_density_scale,6,0.0,0.0,0.0,0.0
proj_stand_density_scale,6,-8.25415042624055,8.723243613278997,7.2050445551983255,2.2964415868897223
tree_wood_dens_sp1,6,-13.791866607029124,14.16438124397738,12.532040799970918,3.5496846480486446
base_cover,6,1.048854177869151,1.048854177869151,1.1345209544734054,0.3187921619276555
base_fire_off,6,-0.07567880067863861,0.07567880067863861,0.14689869148455892,0.04839404300400031
base_fire_on,6,-0.3071802476844452,0.3071802476844452,0.3806226419726484,0.12996026484326456
base_sf_n_delta,6,-0.012054012840150062,0.012054012840150062,0.005283568101080601,0.0016692262153270758
crop_base_left_delta,6,0.6872377648292447,0.6897386649346408,0.4012306205108852,0.11662815794543788
crop_base_yield_delta,6,0.40736711185502417,0.4089568685172383,0.2903981735068975,0.09043909349074858
crop_carbon_above_sp3,6,0.025576595283834696,0.058082840728816885,0.06650545582365994,0.012204179627412378
crop_carbon_below_sp3,6,0.04987390664237862,0.0709514057796017,0.0846081493583172,0.0199094167855412
crop_intercept_sp3,6,0.014967839199476973,0.05337665731122847,0.07066793257740553,0.015139174112453191
crop_nitrogen_above_sp3,6,-0.017457450696144204,0.05111760481863746,0.08621265591420757,0.019159185151934502
crop_nitrogen_below_sp3,6,-0.025458862502681943,0.025458862502681943,0.02333628063261486,0.007674835835084073
crop_carbon_above_sp10,6,0.3568620141125564,0.3568620141125564,0.1362252809497547,0.044004800587033675
crop_carbon_below_sp10,6,0.1786920028386821,0.1786920028386821,0.09429894166021639,0.030649438973217466
crop_intercept_sp10,6,0.28019908577289426,0.280373610865389,0.12553763619657188,0.03840293136885265
crop_nitrogen_above_sp10,6,-0.04570356913160273,0.04570356913160273,0.029841637006422228,0.0089738870836951
crop_nitrogen_below_sp10,6,-0.023142435699093265,0.023444840719467903,0.029404467166002864,0.008328548589453115
crop_proj_left_delta,6,0.2608974905136114,0.2854399635108569,0.2087183659288446,0.05524622109462846
crop_proj_yield_delta,6,0.4357284544714461,0.45084505422820104,0.3204138642091019,0.08995155238366219
crop_root_in_top_30,6,0.20889715609706222,0.20889715609706222,0.14250031923804582,0.04397527399267648
crop_root_to_shoot_sp3,6,0.0663685910770456,0.07665438960142879,0.09292221296435964,0.026284063120599232
crop_slope_sp3,6,0.014945578672192367,0.05940588307724417,0.08021750751940285,0.016371783786635254
crop_root_to_shoot_sp10,6,0.2830147500168512,0.2830147500168512,0.15029094774769614,0.051382255161997126
crop_slope_sp10,6,0.60782550493583,0.60782550493583,0.3481179330186369,0.09156982391170564
cy0_to_ceq_multiplier,6,0.016578497730335713,0.2421194989781857,0.5865533846756156,0.15561679631913403
litter_carbon,6,-0.011081013876869956,0.011081013876869956,0.004783588884751061,0.0014009279025907118
litter_nitrogen,6,0.013982065601877269,0.013982065601877269,0.007232994521154012,0.0024399858924102993
mortality_fraction_branch_delta,6,-0.12113228610653586,0.12247832712282744,0.1061038635569165,0.02964542445803351
mortality_fraction_croot_delta,6,-0.054545296629748816,0.054545296629748816,0.0625501812365639,0.01773612928768474
mortality_fraction_froot_delta,6,-0.034943559027178835,0.034943559027178835,0.035166266908323474,0.011175347633179124
mortality_fraction_leaf_delta,6,-0.025903385138930764,0.0259765514984532,0.0227617469288162,0.007137446924361659
mortality_fraction_stem_delta,6,-0.20606088305743198,0.20825094201551106,0.19222892599540417,0.06253982160936827
pool_alloc_froot_sp1,6,-1.5563563204649054,1.5563563204649054,1.1402216142710455,0.35140532198912444
pool_alloc_leaf_sp1,6,-1.383399331534567,1.4454890721966862,1.2052643178929972,0.3438787726732667
pool_alloc_stem_sp1,6,-0.3288795182871024,0.3288795182871024,0.3792709651851781,0.100083344971026
pool_turnover_branch_sp1,6,1.2304410829120276,1.2304410829120276,0.611542282419515,0.193096730847627
pool_turnover_croot_sp1,6,-2.629546559928773,2.629546559928773,2.463547220658324,0.7145350277288455
pool_turnover_froot_sp1,6,-1.3324197160714377,1.3324197160714377,1.0665724184881011,0.3079437304621405
pool_turnover_leaf_sp1,6,-0.6680720590744972,0.7054544236391042,0.5914245547783896,0.15506350763280502
pool_turnover_stem_sp1,6,0.3268648205972748,0.3268648205972748,0.15432401002629054,0.043550093442770534
proj_cover,6,-6.0115613737613725,6.0115613737613725,6.5569169511254,1.93662169263137
proj_fire_off,6,0.08966250142734375,0.08966250142734375,0.13455548928634994,0.04568827020844942
proj_fire_on,6,3.8906861413374907,3.8906861413374907,4.303921661030778,1.2433909560785514
proj_mortality,6,5.876008123646878,5.876008123646878,3.427013677907832,1.0815441609208236
proj_thinning_delta,6,22.962245810852487,22.962245810852487,15.834392791937047,4.336732286130981
roth_c_cover_c,6,0.778359524167094,0.8926840364008891,1.1270438791952524,0.374452931581521
roth_c_dpm_frac_crop,6,-0.222807931779235,0.22920981022796943,0.13777691340326184,0.037636451083592065
roth_c_dpm_frac_tree,6,3.403274805557932,3.403274805557932,3.036829752161973,0.9371791164109897
roth_c_moisture_b_slope,6,-2.306207885779294,2.429210376595897,4.249290615105856,1.360940326536544
roth_c_temp_a1,6,0.7149740124974697,0.7149740124974697,0.6642775571834179,0.24100188960387456
roth_c_temp_a2,6,-6.218034033589893,6.218034033589893,5.059539719809996,1.7057313642940808
thinning_fraction_branch_delta,6,-0.15757030833423474,0.15939578544298946,0.32827430325690204,0.1103088905013936
thinning_fraction_croot_delta,6,-0.06840904754223578,0.06840904754223578,0.1124600950327535,0.035874462198843764
thinning_fraction_froot_delta,6,-0.04477591639846789,0.04477591639846789,0.08566807325969292,0.024540637332618458
thinning_fraction_leaf_delta,6,-0.04997941172905325,0.051046316829420825,0.1052243530699481,0.03261962074471122
thinning_fraction_stem_delta,6,-0.301360089966099,0.32618087256076106,0.5484262088246821,0.14697062610095749
tree_carbon_sp1,6,-3.5676418289183784,3.6371373459565612,2.8963563626156037,0.7957269306502723
tree_nitrogen_branch_sp1,6,0.04663846635133318,0.04663846635133318,0.039510433027845314,0.012480371562883476
tree_nitrogen_croot_sp1,6,0.140213235672445,0.140213235672445,0.14363426468422738,0.045235704497215166
tree_nitrogen_froot_sp1,6,0.0036930597686620076,0.0036930597686620076,0.0031171524934222048,0.0010328713865810234
tree_nitrogen_leaf_sp1,6,0.8680472652220719,0.8680472652220719,0.7818059823472421,0.2300112343543795
tree_nitrogen_stem_sp1,6,0.004168271153757749,0.004168271153757749,0.0035608393742099717,0.0011486944358896117
tree_root_in_top_30,6,-3.2730980239901806,3.2730980239901806,2.494525987395242,0.7847963165217002
tree_root_to_shoot_sp1,6,-3.7109189217360665,3.7865369163234597,3.254609026685003,0.8411100076829453
cy0,7,0.42500407804462875,0.6769725468231396,1.3460151685466464,0.3890090344499468
clay,7,-0.925914611058109,0.9691397195678887,1.0220153834676546,0.3002313706788196
temp_ci_delta,7,1.4613220280690107,1.4613220280690107,1.4354221151402518,0.4812908793955532
rain_ci_delta,7,6.032883938776441,8.382669211141012,9.748184089757874,2.1859368141518316
evap_ci_delta,7,-0.39362688965104825,2.8621788699459794,5.386861471951127,1.4267482537509846
ef_N_inputs,7,0.7297768592203603,0.978015610746732,1.1307296793671555,0.2812939750685653
volatile_frac_organic_fertiliser,7,-0.016301567573002947,0.016301567573002947,0.009909378296539798,0.0030138450609992155
volatile_frac_synthetic_fertiliser,7,0.21208655635002055,0.21208655635002055,0.11442689071693617,0.03573372926037096
base_sf_qty_scale,7,-0.12171437219275302,0.12171437219275302,0.06001112738604019,0.01745768862747465
proj_lit_qty_scale,7,-0.02408575431011796,0.033237137391462106,0.03440216646122328,0.007777392210258886
base_stand_density_scale,7,0.0,0.0,0.0,0.0
proj_stand_density_scale,7,-5.383195624168894,7.4518306498085165,8.211461908693295,2.0603341526078394
tree_wood_dens_sp1,7,-8.663567300521377,12.630958114753765,15.022835666265676,3.529778170622277
base_cover,7,0.9764067048090134,0.9764067048090134,1.05449997226961,0.29564989027477345
base_fire_off,7,-0.07567880067863819,0.07567880067863819,0.14689869148455809,0.048394043004000006
base_fire_on,7,-0.2922150984500059,0.2922150984500059,0.3465120466015964,0.11799942815366954
base_sf_n_delta,7,-0.012054012840150317,0.012054012840150317,0.0052835681010806644,0.0016692262153270223
crop_base_left_delta,7,0.6244346407383429,0.629051882084376,0.3752373939005241,0.1079009751935364
crop_base_yield_delta,7,0.3528793038768542,0.35534438368976246,0.26619925895927454,0.08179598636162819
crop_carbon_above_sp3,7,0.022918821572184316,0.052689860457943924,0.06026915242017156,0.01093761560370691
crop_carbon_below_sp3,7,0.045117326500187085,0.06355200854825552,0.0748521331202404,0.017590284993461925
crop_intercept_sp3,7,0.013486616167719475,0.04815001595733142,0.064022112260428,0.013866348614760065
crop_nitrogen_above_sp3,7,-0.017457450696144478,0.05111760481863777,0.08621265591420686,0.01915918515193434
crop_nitrogen_below_sp3,7,-0.025458862502681846,0.025458862502681846,0.023336280632614715,0.0076748358350840545
crop_carbon_above_sp10,7,0.2500528264253319,0.2500528264253319,0.11396982694813068,0.03488859800111337
crop_carbon_below_sp10,7,0.12519297272271954,0.12519297272271954,0.07551642372136412,0.024265645246835225
crop_intercept_sp10,7,0.18643090863704065,0.18726360365795508,0.10515283260607548,0.030879909873877655
crop_nitrogen_above_sp10,7,-0.04570356913160364,0.04570356913160364,0.029841637006421808,0.008973887083694827
crop_nitrogen_below_sp10,7,-0.02314243569909271,0.023444840719467126,0.029404467166003125,0.008328548589453054
crop_proj_left_delta,7,0.07279707103528452,0.12620372582347533,0.15239648791395075,0.03623501257847429
crop_proj_yield_delta,7,0.24281736351534797,0.26367267363866354,0.20577022205337933,0.05419443762353584
crop_root_in_top_30,7,0.1520113082746199,0.1520113082746199,0.12098678990649692,0.03792329683630755
crop_root_to_shoot_sp3,7,0.060007452450419364,0.07016128531892249,0.0879152795049673,0.025073247853330222
crop_slope_sp3,7,0.012754389639662855,0.05393937438219433,0.07391913850804521,0.015271950895784097
crop_root_to_shoot_sp10,7,0.19353266230956087,0.19353266230956087,0.12181367057513569,0.04092911201005441
crop_slope_sp10,7,0.38211541056572085,0.38211541056572085,0.25336808493370727,0.0702638212277713
cy0_to_ceq_multiplier,7,0.00444773702779373,0.21214831544536156,0.4820104878461444,0.12792880538398924
litter_carbon,7,-0.009691844090168416,0.009691844090168416,0.004164834905534437,0.0012106773343350476
litter_nitrogen,7,0.013982065601877761,0.013982065601877761,0.007232994521155074,0.0024399858924106085
mortality_fraction_branch_delta,7,-0.10166829489334464,0.10371689902125816,0.0952965227722715,0.025861677487049324
mortality_fraction_croot_delta,7,-0.04749352636517484,0.04749352636517484,0.055909025238818924,0.015673613553395093
mortality_fraction_froot_delta,7,-0.031046924543782002,0.031046924543782002,0.03261587089274305,0.010432777743991593
mortality_fraction_leaf_delta,7,-0.02079423805066276,0.021159069509412327,0.01999220499516556,0.006134877767733732
mortality_fraction_stem_delta,7,-0.17478411111639536,0.17858136192821567,0.17453101284962727,0.056673291592772346
pool_alloc_froot_sp1,7,-1.3573197948961104,1.3573197948961104,1.0709676604241807,0.32714607117863675
pool_alloc_leaf_sp1,7,-1.108634441655126,1.1952805250361218,1.1139663645468876,0.3053097742280518
pool_alloc_stem_sp1,7,-0.26830894191432136,0.27897493487520963,0.3735814110417669,0.09596331120509076
pool_turnover_branch_sp1,7,1.2552833982191278,1.2552833982191278,0.7341050388675316,0.2304106927025252
pool_turnover_croot_sp1,7,-2.548619881312812,2.557625220346891,2.3173649393179065,0.6775677051942581
pool_turnover_froot_sp1,7,-1.3005546464564193,1.3005546464564193,1.0614157008401748,0.3085709317703615
pool_turnover_leaf_sp1,7,-0.6187779783119158,0.6405634664211839,0.5323511157739019,0.14473727871873673
pool_turnover_stem_sp1,7,0.3389676245344029,0.3389676245344029,0.18241496929583076,0.05186933355780796
proj_cover,7,-5.617933151800986,5.617933151800986,6.274481532599526,1.8161318333163432
proj_fire_off,7,0.08966250142734425,0.08966250142734425,0.1345554892863503,0.045688270208449545
proj_fire_on,7,3.7431519372102287,3.7431519372102287,3.8417618047051967,1.1079794133213474
proj_mortality,7,6.002577311643305,6.002577311643305,3.9590849343433576,1.2665470157829033
proj_thinning_delta,7,32.94734443709866,32.94734443709866,16.20915903351408,4.319193225615564
roth_c_cover_c,7,0.8034855427868338,0.90638893935753,1.1898068260564723,0.4036945592583523
roth_c_dpm_frac_crop,7,-0.1869966273472996,0.18971306678102753,0.13067888391286045,0.040008665232188365
roth_c_dpm_frac_tree,7,2.8211540491143543,2.828877198972262,2.7913258568887955,0.8644861542249872
roth_c_moisture_b_slope,7,-2.32398340923321,2.444315274776911,4.196005465973244,1.33853790063983
roth_c_temp_a1,7,0.6727268569686643,0.6727268569686643,0.652382668132844,0.23171974536562062
roth_c_temp_a2,7,-6.111172708712793,6.111172708712793,5.420835653636477,1.8236884208771764
thinning_fraction_branch_delta,7,-0.11944382589706207,0.12239254615704487,0.2639446935300395,0.09053554285573416
thinning_fraction_croot_delta,7,-0.055179716554243696,0.055179716554243696,0.09253661607088269,0.029745524843785807
thinning_fraction_froot_delta,7,-0.03593105017894143,0.035992176298588155,0.07267380714035844,0.020747970290806834
thinning_fraction_leaf_delta,7,-0.03795932361038644,0.04001362237144433,0.08722433188179245,0.026607583317569242
thinning_fraction_stem_delta,7,-0.21283377755435579,0.24359456157719972,0.4055687388500561,0.10651657700327354
tree_carbon_sp1,7,-2.554381292477996,3.052164764537454,3.0406407920986402,0.7664356301774167
tree_nitrogen_branch_sp1,7,0.04757680016211491,0.04757680016211491,0.04000414099175786,0.012620547015089342
tree_nitrogen_croot_sp1,7,0.14475519842324164,0.14475519842324164,0.15088991892837916,0.04749506969356136
tree_nitrogen_froot_sp1,7,0.0038196702655545396,0.0038196702655545396,0.0033014331757648357,0.0010997013641955398
tree_nitrogen_leaf_sp1,7,0.8912594308095269,0.8912594308095269,0.8202417262164616,0.24028190161069782
tree_nitrogen_stem_sp1,7,0.0041832969182556,0.0041832969182556,0.003514441836977077,0.001135369433578638
tree_root_in_top_30,7,-2.91241136829009,2.91241136829009,2.3655728119511905,0.7455942281259589
tree_root_to_shoot_sp1,7,-2.5572187049239448,3.03851348017345,3.0953222278089236,0.7047513846827658
cy0,8,0.39951244607683023,0.6471882871272743,1.2742232414406967,0.3666629092022542
clay,8,-0.9684616265278116,1.0050063037119752,1.0500585194857948,0.31491947989490005
temp_ci_delta,8,1.4205299842756332,1.4205299842756332,1.498231815703871,0.5075378568758017
rain_ci_delta,8,5.954171670103032,8.073343581717268,9.48732977516928,2.186314424255831
evap_ci_delta,8,-0.4901261755565967,2.730792764992769,5.22017897648251,1.3953942277959517
ef_N_inputs,8,0.7776100568691204,1.0205658986638864,1.1875615593350004,0.2990616162999968
volatile_frac_organic_fertiliser,8,-0.01630156757300282,0.01630156757300282,0.009909378296539347,0.003013845060999208
volatile_frac_synthetic_fertiliser,8,0.21208655635002058,0.21208655635002058,0.11442689071693578,0.03573372926037096
base_sf_qty_scale,8,-0.12171437219275313,0.12171437219275313,0.060011127386040114,0.01745768862747455
proj_lit_qty_scale,8,-0.018088785252552926,0.028497792532855996,0.03174511090889895,0.00679024999246885
base_stand_density_scale,8,0.0,0.0,0.0,0.0
proj_stand_density_scale,8,-7.699138403105103,8.20727411274358,7.2068910515695235,2.2669814243546207
tree_wood_dens_sp1,8,-12.467423738288007,13.22594865723936,13.004305127346473,3.518073047784099
base_cover,8,0.9155249655114565,0.9155249655114565,0.9869750813999952,0.27611698332437296
base_fire_off,8,-0.07567880067863861,0.07567880067863861,0.14689869148455867,0.048394043004000166
base_fire_on,8,-0.2808346453864525,0.2808346453864525,0.32056947548544973,0.10886624517343348
base_sf_n_delta,8,-0.012054012840150632,0.012054012840150632,0.005283568101080804,0.0016692262153270795
crop_base_left_delta,8,0.5749657367061196,0.5812660240362755,0.353326146576883,0.10062321556167118
crop_base_yield_delta,8,0.30967380275682915,0.3131336537307019,0.24578657355829037,0.07457267801919262
crop_carbon_above_sp3,8,0.020990255362368586,0.048562767459142016,0.05543074074389822,0.009948670300954872
crop_carbon_below_sp3,8,0.04130301174260533,0.05743214272989263,0.06759000467185054,0.01600486563162836
crop_intercept_sp3,8,0.01237814109242465,0.044179327824038356,0.058965033005881545,0.01289345254329528
crop_nitrogen_above_sp3,8,-0.017457450696144093,0.05111760481863729,0.08621265591420643,0.01915918515193414
crop_nitrogen_below_sp3,8,-0.025458862502682165,0.025458862502682165,0.02333628063261572,0.007674835835084427
crop_carbon_above_sp10,8,0.2060782620059188,0.2060782620059188,0.10437051215154447,0.031139089068684168
crop_carbon_below_sp10,8,0.10302897531400552,0.10302897531400552,0.06907998585313237,0.02197921982303181
crop_intercept_sp10,8,0.14997617812061464,0.15110039064668115,0.10079835732738734,0.02874678679624488
crop_nitrogen_above_sp10,8,-0.045703569131603186,0.045703569131603186,0.029841637006422193,0.00897388708369523
crop_nitrogen_below_sp10,8,-0.023142435699092967,0.02344484071946732,0.029404467166003027,0.008328548589453375
crop_proj_left_delta,8,0.015765759589699568,0.09010068273206048,0.13213523340157077,0.032306820030947175
crop_proj_yield_delta,8,0.18470506109167678,0.2095775817301763,0.16374467083674304,0.03956061246759122
crop_root_in_top_30,8,0.1279021660063858,0.1279021660063858,0.1126009263733919,0.035383083102770406
crop_root_to_shoot_sp3,8,0.05478507588991708,0.06453496216597228,0.08292860392351316,0.023820203014345086
crop_slope_sp3,8,0.010866889294156523,0.049517104412394555,0.06868327117510205,0.014319923988628365
crop_root_to_shoot_sp10,8,0.1572996128817489,0.1572996128817489,0.10968425461832243,0.0366184856750708
crop_slope_sp10,8,0.28921960684096265,0.2915998361622436,0.2190509290190056,0.06211045978404895
cy0_to_ceq_multiplier,8,-0.0028827956386946463,0.1833131429245984,0.4003270735049007,0.10731801726225992
litter_carbon,8,-0.008651489020711629,0.008651489020711629,0.003657874638522032,0.0010558347661191916
litter_nitrogen,8,0.013982065601876837,0.013982065601876837,0.007232994521153944,0.002439985892410144
mortality_fraction_branch_delta,8,-0.08204419862981015,0.08525425460823402,0.08460014327770767,0.022164082806767297
mortality_fraction_croot_delta,8,-0.039753547103452115,0.039753547103452115,0.04916888185994076,0.013542536580999728
mortality_fraction_froot_delta,8,-0.02675492630152464,0.02676493598401205,0.02980631911719025,0.009660377270379846
mortality_fraction_leaf_delta,8,-0.015527507813968161,0.016384490298689953,0.018066707937894368,0.005363698873147737
mortality_fraction_stem_delta,8,-0.14126475068315827,0.14774926938619362,0.15709187084946832,0.050388984464506174
pool_alloc_froot_sp1,8,-1.2429611642611704,1.2429611642611704,1.0009842109843672,0.3029910179233367
pool_alloc_leaf_sp1,8,-0.9021972873792918,1.006725482299009,1.0537503486765136,0.2796249681864618
pool_alloc_stem_sp1,8,-0.33070553758472615,0.33070553758472615,0.3825735846972492,0.10167202253042255
pool_turnover_branch_sp1,8,1.5513088737980276,1.5513088737980276,0.8780857769513944,0.2762419453247521
pool_turnover_croot_sp1,8,-1.8490194618683908,1.8650754801921603,1.8786672288175106,0.5576832722408629
pool_turnover_froot_sp1,8,-0.9558310823324895,0.9558310823324895,0.9114089248616606,0.266957660832472
pool_turnover_leaf_sp1,8,-0.4201797733651391,0.4842976085202738,0.4868372910781887,0.12079939328790709
pool_turnover_stem_sp1,8,0.4105556073635611,0.4105556073635611,0.21166150437161238,0.061202596221690574
proj_cover,8,-5.363234879282683,5.363234879282683,6.291573959054729,1.7987545823321776
proj_fire_off,8,0.08966250142734389,0.08966250142734389,0.13455548928634958,0.04568827020844927
proj_fire_on,8,4.173642808987724,4.173642808987724,4.410073985808667,1.2707792801810367
proj_mortality,8,7.243519948280776,7.243519948280776,4.660843150792548,1.4937329657145826
proj_thinning_delta,8,24.27815217813739,24.27815217813739,17.98665297024562,4.912705896761146
roth_c_cover_c,8,0.8293558152700978,0.925484621818741,1.2903273522712257,0.4405419954630465
roth_c_dpm_frac_crop,8,-0.1431973563648114,0.14539950575696703,0.11834034127378584,0.036993437609652687
roth_c_dpm_frac_tree,8,2.653123439892356,2.6576215777832064,2.712304037586206,0.8348122024016954
roth_c_moisture_b_slope,8,-2.2940919464522485,2.41003717601935,4.0938204487504795,1.3010959783059008
roth_c_temp_a1,8,0.6474650901687851,0.6474650901687851,0.634702851873106,0.22269950160068622
roth_c_temp_a2,8,-6.085754661605582,6.085754661605582,5.794818884579864,1.9224661215303323
thinning_fraction_branch_delta,8,-0.36487930292044973,0.36617839679639663,0.46223276867159335,0.1469853395386595
thinning_fraction_croot_delta,8,-0.17999775305701532,0.17999775305701532,0.21574782988692548,0.06981537694383044
thinning_fraction_froot_delta,8,-0.09838446136646335,0.09838446136646335,0.12849784959041857,0.036316814700724655
thinning_fraction_leaf_delta,8,-0.1151200840767868,0.1151200840767868,0.1553076070793139,0.04830607611388203
thinning_fraction_stem_delta,8,-0.705451153007038,0.7240368832412896,0.8935442640861632,0.2308652194136507
tree_carbon_sp1,8,-3.450008258443173,3.5222667777873107,3.0201440183928505,0.8333858509943894
tree_nitrogen_branch_sp1,8,0.059809438834452874,0.059809438834452874,0.0549879083108169,0.017645166007204675
tree_nitrogen_croot_sp1,8,0.1519176183221484,0.1519176183221484,0.16000086499287602,0.05048909031744977
tree_nitrogen_froot_sp1,8,0.003926726503318304,0.003926726503318304,0.0034796805034584054,0.00116602565218278
tree_nitrogen_leaf_sp1,8,0.9053705127767998,0.9053705127767998,0.8519599600652975,0.24784968822429657
tree_nitrogen_stem_sp1,8,0.005450690854614781,0.005450690854614781,0.004954394954213222,0.001582076758450024
tree_root_in_top_30,8,-2.65778758766893,2.65778758766893,2.2741884222529527,0.7196007988954579
tree_root_to_shoot_sp1,8,-3.2666778644246945,3.3530260943311996,3.0660256843400733,0.8116846350861089
cy0,9,0.3750023013673187,0.6159145514215941,1.2024836900010873,0.3448514600828844
clay,9,-0.9718795353811476,1.0026880171399086,1.0525807062735348,0.3199937402845453
temp_ci_delta,9,1.302805269271349,1.302805269271349,1.499864711213425,0.5137309560136935
rain_ci_delta,9,5.599496891815157,7.422533196389198,8.76510173855825,2.049625029261798
evap_ci_delta,9,-0.49016474658375764,2.5452223565231593,4.852653423204898,1.2994626503819975
ef_N_inputs,9,0.7844706860524641,1.036206725727515,1.2300591209343075,0.307379848453599
volatile_frac_organic_fertiliser,9,-0.01630156757300225,0.01630156757300225,0.00990937829653928,0.003013845060999282
volatile_frac_synthetic_fertiliser,9,0.21208655635002,0.21208655635002,0.11442689071693538,0.035733729260370696
base_sf_qty_scale,9,-0.12171437219275308,0.12171437219275308,0.060011127386039885,0.017457688627474512
proj_lit_qty_scale,9,-0.013385626139156781,0.02487947255173143,0.029577797199789566,0.006089624372369655
base_stand_density_scale,9,0.0,0.0,0.0,0.0
proj_stand_density_scale,9,-6.606943344347535,7.6255177871089135,7.6607266684933695,2.1963780760895446
tree_wood_dens_sp1,9,-10.383367194040796,12.675486089627054,14.22390493771097,3.5685043514167756
base_cover,9,0.8622909101340579,0.8622909101340579,0.9294991788257935,0.2594921023406967
base_fire_off,9,-0.07567880067863816,0.07567880067863816,0.146898691484558,0.04839404300399997
base_fire_on,9,-0.2718539586191062,0.2718539586191062,0.30016549791544905,0.10166837271823535
base_sf_n_delta,9,-0.012054012840149526,0.012054012840149526,0.005283568101080287,0.0016692262153268442
crop_base_left_delta,9,0.5352933251141051,0.5429904741529914,0.334821555819594,0.09450574672739798
crop_base_yield_delta,9,0.27480027600861556,0.28013177036475273,0.22853363634597257,0.06806583647122864
crop_carbon_above_sp3,9,0.019578286139075536,0.04535245965950488,0.05162636865641217,0.009174149100745835
crop_carbon_below_sp3,9,0.03817658689379548,0.052381683026259306,0.06205264059160739,0.014870655277169784
crop_intercept_sp3,9,0.011510579268041915,0.04105124627659375,0.05502419480420779,0.012135874010042179
crop_nitrogen_above_sp3,9,-0.01745745069614411,0.05111760481863843,0.08621265591420842,0.01915918515193447
crop_nitrogen_below_sp3,9,-0.02545886250268158,0.02545886250268158,0.02333628063261452,0.007674835835084044
crop_carbon_above_sp10,9,0.1769024321258015,0.1769024321258015,0.09594162787958836,0.0282127027460067
crop_carbon_below_sp10,9,0.08806262326573724,0.08806262326573724,0.06420406943130742,0.020283511003613825
crop_intercept_sp10,9,0.1254536647868761,0.12677337162033148,0.09569964687009841,0.0267924320471597
crop_nitrogen_above_sp10,9,-0.045703569131603464,0.045703569131603464,0.02984163700642207,0.008973887083695226
crop_nitrogen_below_sp10,9,-0.02314243569909334,0.023444840719467827,0.02940446716600269,0.008328548589453158
crop_proj_left_delta,9,-0.017568713819532476,0.08653072859022035,0.12145088271364167,0.02820251317024378
crop_proj_yield_delta,9,0.15049848441582084,0.17764314652470012,0.13802490801245293,0.030288320790075155
crop_root_in_top_30,9,0.11133996453744748,0.11134728536621015,0.10595604830177072,0.0334329596026429
crop_root_to_shoot_sp3,9,0.05042369101527531,0.05960258916094772,0.078165820133662,0.022605492952880165
crop_slope_sp3,9,0.009229110232216207,0.046313975296637735,0.0642852899577831,0.013432207442404507
crop_root_to_shoot_sp10,9,0.1333209982235519,0.1333209982235519,0.09913030906604232,0.033134071564330805
crop_slope_sp10,9,0.2290831594086538,0.23534202121355233,0.1936255658998507,0.054185404092422874
cy0_to_ceq_multiplier,9,-0.007240163770090025,0.15782970175949262,0.3375435187254317,0.09198155964977739
litter_carbon,9,-0.007854920753523478,0.007854920753523478,0.0032477896713288606,0.0009317121799944764
litter_nitrogen,9,0.013982065601877194,0.013982065601877194,0.007232994521153649,0.002439985892410224
mortality_fraction_branch_delta,9,-0.07391016685280657,0.07731077083789041,0.08149335554033371,0.02110763782011774
mortality_fraction_croot_delta,9,-0.037033683125125554,0.037033683125125554,0.04679121913201881,0.012779482082500166
mortality_fraction_froot_delta,9,-0.025127277155497015,0.025146539768275727,0.028506647928307285,0.009289281521119215
mortality_fraction_leaf_delta,9,-0.013607784044216507,0.01478206562925732,0.016497391321480193,0.0047987207498412406
mortality_fraction_stem_delta,9,-0.12942556540865155,0.13617229159826044,0.1493172077918824,0.047582784065777074
pool_alloc_froot_sp1,9,-1.1252624052936113,1.1269893505819504,0.9621410551500846,0.28972337663025327
pool_alloc_leaf_sp1,9,-0.7427241528424382,0.879267141170166,1.0270143694707456,0.2625373963960154
pool_alloc_stem_sp1,9,-0.3115348521873731,0.31394836175052443,0.4077805086246156,0.10643784850504623
pool_turnover_branch_sp1,9,1.627578415726418,1.627578415726418,1.0030948637524033,0.3149352260100559
pool_turnover_croot_sp1,9,-1.69295544221927,1.713827706098149,1.7509947970314312,0.527883790804115
pool_turnover_froot_sp1,9,-0.8828944811130949,0.8828944811130949,0.8724043868496323,0.25698687486598276
pool_turnover_leaf_sp1,9,-0.3673954355475736,0.43358973153141933,0.45724055304795935,0.11489806467111778
pool_turnover_stem_sp1,9,0.4361226886456331,0.4361226886456331,0.24128406344601722,0.07010664825279986
proj_cover,9,-4.887696170792348,4.887696170792348,5.922454384060434,1.6637446737201353
proj_fire_off,9,0.08966250142734351,0.08966250142734351,0.13455548928634922,0.045688270208449185
proj_fire_on,9,3.262396177607954,3.262396177607954,2.9513225392339026,0.8509738481423487
proj_mortality,9,7.672498964887572,7.672498964887572,5.266969608137671,1.7011501782740763
proj_thinning_delta,9,29.1113923614868,29.1113923614868,18.351955747454895,4.933270890034069
roth_c_cover_c,9,0.7987937519142903,0.8937257750235539,1.28103086354622,0.43525281864942594
roth_c_dpm_frac_crop,9,-0.11224874714734948,0.11406551607845308,0.10591297225301179,0.03339346698232377
roth_c_dpm_frac_tree,9,1.89533414190923,2.025500718800008,2.424945258626824,0.7096030581145761
roth_c_moisture_b_slope,9,-2.1661805226734256,2.276472297670007,3.826699850390855,1.2157721187679589
roth_c_temp_a1,9,0.5969440770904317,0.5969440770904317,0.5958990749937566,0.20811923744715216
roth_c_temp_a2,9,-5.741216482219307,5.741216482219307,5.8570217939851394,1.9219129024619048
thinning_fraction_branch_delta,9,0.03600197865336472,0.09499167041227267,0.1644873051393809,0.045568784976241464
thinning_fraction_croot_delta,9,0.0036133588331154183,0.029787551613294126,0.04691321218372636,0.010595856245412923
thinning_fraction_froot_delta,9,-0.0014896928965165424,0.020828095869376277,0.04284026476410204,0.01108817107535977
thinning_fraction_leaf_delta,9,0.008342677145869878,0.03016345899592452,0.05761629096340962,0.014751096070258568
thinning_fraction_stem_delta,9,0.09127681025044361,0.12506228542620074,0.19031493881046727,0.049179629680026704
tree_carbon_sp1,9,-3.059457832237304,3.2757334562243647,3.0520589476244857,0.8245135838645488
tree_nitrogen_branch_sp1,9,0.048448523999603074,0.048448523999603074,0.04008380897503056,0.012579195540373138
tree_nitrogen_croot_sp1,9,0.15093557257584417,0.15093557257584417,0.16401041465790986,0.05147538914253999
tree_nitrogen_froot_sp1,9,0.004020009687066964,0.004020009687066964,0.003657258843416077,0.001235108207992695
tree_nitrogen_leaf_sp1,9,0.9211687331460287,0.9211687331460287,0.8887235170573116,0.2576170262955237
tree_nitrogen_stem_sp1,9,0.004100936646131653,0.004100936646131653,0.0033457038395967773,0.0010821581950410703
tree_root_in_top_30,9,-2.3232864630022227,2.324008410284551,2.2427505668327816,0.7168824401974854
tree_root_to_shoot_sp1,9,-2.801660848568256,3.025704010633105,3.074734143036891,0.8091663126736781
cy0,10,0.3513298535322203,0.5832871560073993,1.1306779748477631,0.32347403649375134
clay,10,-0.9858980989723461,1.012181105172849,1.0607255014610169,0.32456882098263623
temp_ci_delta,10,1.2077531317751022,1.209528482992508,1.5054199565892403,0.5199299883531976
rain_ci_delta,10,5.278099541067957,6.867425433585441,8.153522987494124,1.938695150232657
evap_ci_delta,10,-0.4660503723027503,2.3777290490938823,4.512262309841307,1.2076187962037221
ef_N_inputs,10,0.8355543372455401,1.084852750805976,1.295941201894876,0.32664996566216276
volatile_frac_organic_fertiliser,10,-0.016301567573002974,0.016301567573002974,0.009909378296539945,0.0030138450609993087
volatile_frac_synthetic_fertiliser,10,0.21208655635002094,0.21208655635002094,0.11442689071693626,0.035733729260370904
base_sf_qty_scale,10,-0.12171437219275372,0.12171437219275372,0.06001112738604053,0.01745768862747473
proj_lit_qty_scale,10,-0.009620864872136514,0.022776131950291423,0.027814142628790253,0.00533865184333346
base_stand_density_scale,10,0.0,0.0,0.0,0.0
proj_stand_density_scale,10,-4.5225896314305905,7.642005149121772,8.732755063256095,1.9695219613055772
tree_wood_dens_sp1,10,-6.846180712466719,13.39605257418692,16.57353436301023,3.5230041024602645
base_cover,10,0.8145515039656273,0.8145515039656273,0.8798528329701439,0.2451439264037563
base_fire_off,10,-0.07567880067863839,0.07567880067863839,0.14689869148455867,0.04839404300400017
base_fire_on,10,-0.2645301617893459,0.2645301617893459,0.28361619400701177,0.0958291745178846
base_sf_n_delta,10,-0.012054012840150317,0.012054012840150317,0.005283568101081009,0.0016692262153271016
crop_base_left_delta,10,0.5029293917657872,0.5118188470727318,0.3191332399150527,0.0893242486569689
crop_base_yield_delta,10,0.2461807398011608,0.25303226826070524,0.21391791909700164,0.06270804628661086
crop_carbon_above_sp3,10,0.018533350017737104,0.042813634167839676,0.04859363295806442,0.00856571714437129
crop_carbon_below_sp3,10,0.0355654354946303,0.04821499623588043,0.05772060774141763,0.014011665835715347
crop_intercept_sp3,10,0.010809383997762186,0.03853956750109374,0.05188637756994123,0.01152912929030608
crop_nitrogen_above_sp3,10,-0.017457450696145536,0.05111760481863783,0.08621265591420764,0.019159185151934502
crop_nitrogen_below_sp3,10,-0.025458862502682107,0.025458862502682107,0.023336280632615208,0.007674835835084269
crop_carbon_above_sp10,10,0.15613507317659248,0.15613507317659248,0.08887147735667453,0.02586066779572839
crop_carbon_below_sp10,10,0.07739380532095562,0.07739380532095562,0.060088027378418014,0.018894023332653862
crop_intercept_sp10,10,0.1077321081830461,0.10946687806410993,0.0905277535809337,0.02497047287409553
crop_nitrogen_above_sp10,10,-0.04570356913160248,0.04570356913160248,0.02984163700642187,0.008973887083694971
crop_nitrogen_below_sp10,10,-0.02314243569909295,0.023444840719467435,0.029404467166002545,0.00832854858945312
crop_proj_left_delta,10,-0.03810909613299674,0.08658567823501095,0.11513941419683382,0.027029967512708242
crop_proj_yield_delta,10,0.12911276231296437,0.15738870679445877,0.12209906087835427,0.0245391228760291
crop_root_in_top_30,10,0.09905323284568936,0.09926167863576117,0.1001829081987154,0.03171515224615951
crop_root_to_shoot_sp3,10,0.046730424528778236,0.05525663474504326,0.0737329056795543,0.021468110421057326
crop_slope_sp3,10,0.007797346193124563,0.04373347102458326,0.0605552936531086,0.012670125403778515
crop_root_to_shoot_sp10,10,0.11625987087337156,0.11625987087337156,0.09007999720917013,0.03022152267909589
crop_slope_sp10,10,0.187135690668142,0.19580952269188984,0.17451705821646413,0.048038129102817524
cy0_to_ceq_multiplier,10,-0.009745620747007373,0.136028547136887,0.28871431262696834,0.08018880281762054
litter_carbon,10,-0.007231960767776912,0.007231960767776912,0.0029181045271386087,0.0008329987488454183
litter_nitrogen,10,0.013982065601877253,0.013982065601877253,0.007232994521154318,0.0024399858924102455
mortality_fraction_branch_delta,10,-0.06800903261485525,0.07171249857941557,0.07995113177580344,0.020533706940550223
mortality_fraction_croot_delta,10,-0.03503503186618569,0.03503503186618569,0.04530156589325888,0.012285729584890258
mortality_fraction_froot_delta,10,-0.023899970839133203,0.023933011630550196,0.02757940744140528,0.00902881861242522
mortality_fraction_leaf_delta,10,-0.012105406967187328,0.013539879888908646,0.015449007441092573,0.00440687214231621
mortality_fraction_stem_delta,10,-0.12047200718841447,0.12778472644691174,0.14496174860508848,0.045645889385216146
pool_alloc_froot_sp1,10,-1.0621131626420288,1.0671163388717555,0.9589267145537246,0.288270054713038
pool_alloc_leaf_sp1,10,-0.6546267245912618,0.8165140842633214,1.0109172428856963,0.2512104540789895
pool_alloc_stem_sp1,10,-0.2619197495891633,0.28639998608746475,0.4126374717750188,0.1054455018845754
pool_turnover_branch_sp1,10,1.57304067551966,1.57304067551966,1.146856685995131,0.35825897059149286
pool_turnover_croot_sp1,10,-1.8717894107779625,1.8966180485881796,1.7635983857044792,0.539748928967811
pool_turnover_froot_sp1,10,-0.9743185690529309,0.9743185690529309,0.9093684315691843,0.2688175378601379
pool_turnover_leaf_sp1,10,-0.39590136654988395,0.43536684321637675,0.42779063855348903,0.1140943497650672
pool_turnover_stem_sp1,10,0.42914185474342686,0.42914185474342686,0.2767260237700359,0.08110080557718703
proj_cover,10,-4.554531418909742,4.554531418909742,5.88001766287237,1.6223587973909182
proj_fire_off,10,0.08966250142734353,0.08966250142734353,0.13455548928634928,0.04568827020844914
proj_fire_on,10,3.296508143765145,3.296508143765145,2.9521195544127927,0.8496850324511467
proj_mortality,10,7.551799980445966,7.551799980445966,5.897137657264359,1.9110472360378175
proj_thinning_delta,10,36.911370958373574,36.911370958373574,17.912924475269545,4.684404055142215
roth_c_cover_c,10,0.7934406270066611,0.8904926423326911,1.3597644721394297,0.4576377659933327
roth_c_dpm_frac_crop,10,-0.08960949637661977,0.09109622147922729,0.09456642568176307,0.029917870165378356
roth_c_dpm_frac_tree,10,1.6567322078585327,1.77266234450879,2.2309096445267205,0.6520429866002225
roth_c_moisture_b_slope,10,-2.0373356382952332,2.1413138182535847,3.58128549366368,1.1388936334616717
roth_c_temp_a1,10,0.5565832673579868,0.5565832673579868,0.5684547350777803,0.19747817137863888
roth_c_temp_a2,10,-5.513539696894851,5.519559220370877,6.015114997914541,1.9372301710002109
thinning_fraction_branch_delta,10,0.006905036448345672,0.06260487797204191,0.13302190459645447,0.04070643177778359
thinning_fraction_croot_delta,10,-0.007781345829776273,0.02147243908308005,0.040073588450462695,0.010605719041199906
thinning_fraction_froot_delta,10,-0.006310633524656023,0.015755848916247112,0.03751599502445556,0.009975877877426919
thinning_fraction_leaf_delta,10,0.0020174366561452163,0.022275676175713015,0.04624981478379717,0.012241257713597836
thinning_fraction_stem_delta,10,0.05503769781810787,0.08825794474699904,0.13385908939138744,0.03193670766954527
tree_carbon_sp1,10,-2.288410256385919,2.996662397200147,3.245492521125377,0.804665721553348
tree_nitrogen_branch_sp1,10,0.049560855315248425,0.049560855315248425,0.04087272698946038,0.0128011768473673
tree_nitrogen_croot_sp1,10,0.1561147119248035,0.1561147119248035,0.17271290566869427,0.05417992468351542
tree_nitrogen_froot_sp1,10,0.004169455710289404,0.004169455710289404,0.0038790785260624954,0.001314843126037741
tree_nitrogen_leaf_sp1,10,0.9485626298530377,0.9485626298530377,0.9356356832304642,0.27041183351277465
tree_nitrogen_stem_sp1,10,0.004133962647041236,0.004133962647041236,0.003357803047265736,0.0010857462885034285
tree_root_in_top_30,10,-2.239100601238408,2.239100601238408,2.2499602898618862,0.7230111565116265
tree_root_to_shoot_sp1,10,-1.9658203651420159,2.618795506032856,3.0373351534644084,0.7412319785716888
cy0,11,0.32845306720374357,0.5498807597888227,1.0596091808109707,0.3026664968707437
clay,11,-1.0233894687859395,1.0372006282561164,1.0782236249492803,0.33416324709835254
temp_ci_delta,11,1.18211435962092,1.1831841781173682,1.4966354121841694,0.5177747231046591
rain_ci_delta,11,5.126022103505357,6.597250937569423,7.796949277796224,1.8746422750487344
evap_ci_delta,11,-0.4537287814836658,2.272780170828255,4.281186020428795,1.1404316434893171
ef_N_inputs,11,0.8906333462581897,1.1398247449698962,1.3665269839594616,0.3474078904693677
volatile_frac_organic_fertiliser,11,-0.01630156757300215,0.01630156757300215,0.00990937829653934,0.003013845060999211
volatile_frac_synthetic_fertiliser,11,0.21208655635002088,0.21208655635002088,0.11442689071693632,0.03573372926037097
base_sf_qty_scale,11,-0.12171437219275223,0.12171437219275223,0.06001112738603976,0.017457688627474675
proj_lit_qty_scale,11,-0.006549902242897823,0.021468059633730947,0.02637794263235071,0.004703416321056216
base_stand_density_scale,11,0.0,0.0,0.0,0.0
proj_stand_density_scale,11,-7.171733209050169,7.971816894116012,7.834185541505492,2.34996086770326
tree_wood_dens_sp1,11,-11.159861664309178,12.993928804676377,14.68779899195816,3.7735751465709275
base_cover,11,0.7710581237365209,0.7710581237365209,0.836219434595574,0.23256016565899235
base_fire_off,11,-0.07567880067863847,0.07567880067863847,0.1468986914845583,0.048394043004
base_fire_on,11,-0.2583863354191812,0.2583863354191812,0.2698144235424363,0.09096621655150329
base_sf_n_delta,11,-0.012054012840150207,0.012054012840150207,0.005283568101080645,0.0016692262153269694
crop_base_left_delta,11,0.47609187439492706,0.486018848322502,0.3057656213376829,0.08490257486409376
crop_base_yield_delta,11,0.22232019006662576,0.23044664881402427,0.20151289696725455,0.05826242716013279
crop_carbon_above_sp3,11,0.017749191354050717,0.04077074132844787,0.04613936987324028,0.008085306740546012
crop_carbon_below_sp3,11,0.03334806860794548,0.044791492053304814,0.05425123310578055,0.013317606258389306
crop_intercept_sp3,11,0.010229044234754259,0.03653892670329203,0.049338361684738055,0.011015743777235423
crop_nitrogen_above_sp3,11,-0.01745745069614426,0.051117604818637384,0.08621265591420615,0.019159185151934096
crop_nitrogen_below_sp3,11,-0.025458862502681666,0.025458862502681666,0.023336280632614843,0.007674835835084165
crop_carbon_above_sp10,11,0.14063823899475394,0.14063823899475394,0.08299895362506558,0.023947970680228647
crop_carbon_below_sp10,11,0.0694796830194615,0.0694796830194615,0.056504679567517375,0.017708841839252323
crop_intercept_sp10,11,0.0943283153192797,0.09703141311833255,0.08570088146467286,0.023084563196983755
crop_nitrogen_above_sp10,11,-0.04570356913160277,0.04570356913160277,0.029841637006422422,0.008973887083695271
crop_nitrogen_below_sp10,11,-0.023142435699092783,0.023444840719467303,0.029404467166002864,0.008328548589453227
crop_proj_left_delta,11,-0.05106020134753682,0.08643939090461168,0.11116614024667558,0.027438226689055965
crop_proj_yield_delta,11,0.11545257557805619,0.14484918544107545,0.112301937323026,0.02099344504370447
crop_root_in_top_30,11,0.08951099971678522,0.08986494739178721,0.09508168150700771,0.030217048595080405
crop_root_to_shoot_sp3,11,0.043565097169034825,0.05144147786777427,0.06967753429426113,0.020413266111104434
crop_slope_sp3,11,0.006536923726726404,0.04156621300777948,0.057364742952996574,0.01200599647816729
crop_root_to_shoot_sp10,11,0.10355201967058428,0.10355201967058428,0.08239184526634337,0.027756015106510133
crop_slope_sp10,11,0.15633074106515002,0.16835879695719252,0.1600539360168591,0.04294943509438948
cy0_to_ceq_multiplier,11,-0.011086629637611223,0.11759107694167421,0.24981667809267374,0.07071062680396308
litter_carbon,11,-0.0067347423154175854,0.0067347423154175854,0.0026534921643047212,0.0007546960587852597
litter_nitrogen,11,0.013982065601876578,0.013982065601876578,0.007232994521154729,0.002439985892410583
mortality_fraction_branch_delta,11,-0.058328729404172386,0.06516941758715614,0.07682464071080734,0.01917590947392145
mortality_fraction_croot_delta,11,-0.030922716627941715,0.03107139568314622,0.042717297001031045,0.011444431833181095
mortality_fraction_froot_delta,11,-0.02153044628147525,0.021645025189820193,0.026257028591945487,0.008666478173908511
mortality_fraction_leaf_delta,11,-0.009327849746821226,0.012173671256182683,0.015095984699401698,0.003920854399343325
mortality_fraction_stem_delta,11,-0.10284623614993811,0.11386498319178613,0.13953782545692928,0.042655909296220235
pool_alloc_froot_sp1,11,-1.0404875041596016,1.0431350022620534,0.94089400727564,0.28534567820153317
pool_alloc_leaf_sp1,11,-0.5762231579047257,0.8033319141688964,1.0041824429775252,0.233073387722614
pool_alloc_stem_sp1,11,-0.34213268233408145,0.34290383327225454,0.4425933658660479,0.11865870332567727
pool_turnover_branch_sp1,11,1.9335774284803648,1.9335774284803648,1.3077397320628903,0.4104749844519902
pool_turnover_croot_sp1,11,-1.3636027661462227,1.3920460002983492,1.5966501974260665,0.4981015358088372
pool_turnover_froot_sp1,11,-0.722836410039067,0.722836410039067,0.7990398149667833,0.23597287179981083
pool_turnover_leaf_sp1,11,-0.2576684444541336,0.34947518090079666,0.43643128481276905,0.10865024279388928
pool_turnover_stem_sp1,11,0.5131370066301436,0.5131370066301436,0.30492115069299447,0.08985179568313435
proj_cover,11,-4.469390273161238,4.469390273161238,6.095060651585168,1.6786855732420713
proj_fire_off,11,0.08966250142734365,0.08966250142734365,0.13455548928634928,0.045688270208449136
proj_fire_on,11,3.859068851147986,3.859068851147986,3.74678312213126,1.071035020343008
proj_mortality,11,9.145301433760318,9.145301433760318,6.744215371617634,2.1884539641827345
proj_thinning_delta,11,29.05858717903792,29.05858717903792,20.5194020279291,5.500299321842665
roth_c_cover_c,11,0.816123692963673,0.9081571779893325,1.4773977048739448,0.49653852231379075
roth_c_dpm_frac_crop,11,-0.07259806820574383,0.07380129657623527,0.08465805854713594,0.026817472179537748
roth_c_dpm_frac_tree,11,1.7703719027581966,1.8112444865656623,2.2498102571260747,0.676157458334689
roth_c_moisture_b_slope,11,-1.9685557769245805,2.065975300206542,3.4433214908925787,1.0950955451450775
roth_c_temp_a1,11,0.5473512711203573,0.5473512711203573,0.5515788214441614,0.1914908279481292
roth_c_temp_a2,11,-5.510055823089399,5.510055823089399,6.175385009173018,1.95816526019028
thinning_fraction_branch_delta,11,-0.25881785813239105,0.26239759781847305,0.3099458608250361,0.09607256723924858
thinning_fraction_croot_delta,11,-0.1410164410548645,0.1410164410548645,0.16477096173605596,0.053617558025273404
thinning_fraction_froot_delta,11,-0.07269458641631253,0.07269458641631253,0.0953137278872973,0.02689591378079342
thinning_fraction_leaf_delta,11,-0.08095851245980006,0.08164454131879542,0.11322479977741406,0.03478729165874276
thinning_fraction_stem_delta,11,-0.47931257689940476,0.500661197720251,0.634447888246626,0.16031589590021453
tree_carbon_sp1,11,-3.313983080778877,3.459818064953974,3.25027400647888,0.8999518463356468
tree_nitrogen_branch_sp1,11,0.06194795019555669,0.06194795019555669,0.055501481400541654,0.017769386102897123
tree_nitrogen_croot_sp1,11,0.1640377886037632,0.1640377886037632,0.18345592947910985,0.057727544989784954
tree_nitrogen_froot_sp1,11,0.004299820066635718,0.004299820066635718,0.004094054548950057,0.0013936460823364626
tree_nitrogen_leaf_sp1,11,0.9669269390889514,0.9669269390889514,0.9750408594411115,0.28033430139190413
tree_nitrogen_stem_sp1,11,0.005414477504226497,0.005414477504226497,0.0049636468497170705,0.0015742542580581926
tree_root_in_top_30,11,-2.176055381156675,2.176782277819186,2.2678397079425996,0.7303923163292544
tree_root_to_shoot_sp1,11,-2.8468968482510117,3.0090553546114402,3.153446563463236,0.8792333133626191
cy0,12,0.3063786785096575,0.516278018946311,0.9901714587720726,0.28259899899722296
clay,12,-1.0093194819787803,1.0158707303866756,1.0781079251762877,0.3368947283283022
temp_ci_delta,12,1.0794578157594654,1.0885493194426779,1.4635997593399703,0.5050588200683062
rain_ci_delta,12,4.748526556822819,6.048922352798156,7.176174258977933,1.744719724317984
evap_ci_delta,12,-0.38273895368786426,2.123987187076263,3.954440271403035,1.0485292184891324
ef_N_inputs,12,0.8745590184321426,1.1598778567922008,1.4269242602968966,0.3548674549753212
volatile_frac_organic_fertiliser,12,-0.016301567573002516,0.016301567573002516,0.009909378296539302,0.003013845060999276
volatile_frac_synthetic_fertiliser,12,0.2120865563500205,0.2120865563500205,0.11442689071693642,0.03573372926037117
base_sf_qty_scale,12,-0.12171437219275334,0.12171437219275334,0.060011127386040565,0.017457688627474762
proj_lit_qty_scale,12,-0.004000617010269445,0.02043990197097451,0.025205740535826717,0.004268690580775162
base_stand_density_scale,12,0.0,0.0,0.0,0.0
proj_stand_density_scale,12,-6.427363762007327,7.8232215224820125,8.351098962805718,2.3296063717410824
tree_wood_dens_sp1,12,-9.821940560013442,13.047078668879328,15.933838254101962,3.9172953351239816
base_cover,12,0.7310432583406833,0.7310432583406833,0.7972381067615744,0.22135799179316265
base_fire_off,12,-0.0756788006786386,0.0756788006786386,0.1468986914845589,0.04839404300400028
base_fire_on,12,-0.25310808163408344,0.25310808163408344,0.25801744538295074,0.08682064835877243
base_sf_n_delta,12,-0.012054012840149531,0.012054012840149531,0.005283568101080046,0.0016692262153267842
crop_base_left_delta,12,0.4534826227228218,0.46432561134287387,0.2943104816479583,0.08110192275447127
crop_base_yield_delta,12,0.20212589277485987,0.2121263493547077,0.19097019218834133,0.05423189801407043
crop_carbon_above_sp3,12,0.04123998631047946,0.04838557518371063,0.04210748224265846,0.011258016706204167
crop_carbon_below_sp3,12,0.12610426686749107,0.12610426686749107,0.05922471673036015,0.0160413729583938
crop_intercept_sp3,12,0.009740048690543682,0.0350386133855343,0.04723035144551205,0.01059553960859727
crop_nitrogen_above_sp3,12,-0.025566671930544394,0.05184581026803815,0.08460975637830648,0.018409584526638142
crop_nitrogen_below_sp3,12,-0.046528851372774384,0.046528851372774384,0.036695798426134615,0.011912687054919796
crop_carbon_above_sp10,12,0.12866510259287928,0.12866510259287928,0.07806964017456472,0.022369865191139943
crop_carbon_below_sp10,12,0.06341192534476199,0.06341192534476199,0.053348047317966225,0.016677398631160537
crop_intercept_sp10,12,0.08384837133039955,0.08733815684114486,0.08135555289819982,0.021500327241861822
crop_nitrogen_above_sp10,12,-0.04570356913160299,0.04570356913160299,0.029841637006421593,0.008973887083694891
crop_nitrogen_below_sp10,12,-0.023142435699092724,0.02344484071946721,0.029404467166001973,0.008328548589452875
crop_proj_left_delta,12,0.0013404675426716057,0.07358990109865365,0.09613661202994218,0.018555731850749515
crop_proj_yield_delta,12,0.10670231688112719,0.1366911127546372,0.10634208853088746,0.018983732229159642
crop_root_in_top_30,12,0.15843022668452478,0.15843022668452478,0.10354191252468553,0.032999947695458054
crop_root_to_shoot_sp3,12,0.18279640070281306,0.18279640070281306,0.08335231756061617,0.024483870785985653
crop_slope_sp3,12,0.05954960087317118,0.05954960087317118,0.04417313650010909,0.01243651416056214
crop_root_to_shoot_sp10,12,0.093754095108396,0.093754095108396,0.07586583502766828,0.025648817280250463
crop_slope_sp10,12,0.1328209484126306,0.1483708983527392,0.1489184961626566,0.03870146740615974
cy0_to_ceq_multiplier,12,-0.011692053378656525,0.10202791176723727,0.218015299768258,0.06278273214296096
litter_carbon,12,-0.006330009013991289,0.006330009013991289,0.0024407972587729616,0.000692504147690722
litter_nitrogen,12,0.01398206560187647,0.01398206560187647,0.007232994521153405,0.002439985892410113
mortality_fraction_branch_delta,12,-0.05713938580960498,0.06507221069574645,0.0776487096383208,0.019148118582771365
mortality_fraction_croot_delta,12,-0.030700951006539422,0.030824593660550105,0.04275991500498114,0.011424232271442703
mortality_fraction_froot_delta,12,-0.02129871274434887,0.02139416160115868,0.02604403259599046,0.008615254714991315
mortality_fraction_leaf_delta,12,-0.009037156965481321,0.01196808677462253,0.014550106251677696,0.0037149611460998095
mortality_fraction_stem_delta,12,-0.10186185582682264,0.11244196544673828,0.13955262605991117,0.042272165291933124
pool_alloc_froot_sp1,12,-0.9912216008583965,1.001736042546965,0.9505486315567391,0.28644513357864915
pool_alloc_leaf_sp1,12,-0.5090484226936869,0.7989402105970009,1.0146708857082603,0.2235659392048855
pool_alloc_stem_sp1,12,-0.3296530424071628,0.3405102419062396,0.4752697233815525,0.12437457109789192
pool_turnover_branch_sp1,12,1.9750469821677838,1.9750469821677838,1.4444964468217967,0.452335116742227
pool_turnover_croot_sp1,12,-1.3418185913178728,1.3737294991242002,1.5823511561871908,0.498762402805977
pool_turnover_froot_sp1,12,-0.7127701159399371,0.7127701159399371,0.7924105654861967,0.23468283326414155
pool_turnover_leaf_sp1,12,-0.2447673600373706,0.33815689418168593,0.4326099792460362,0.10915648943632109
pool_turnover_stem_sp1,12,0.531665832606189,0.531665832606189,0.3390481477060311,0.10023661275866126
proj_cover,12,-4.123187239140809,4.123187239140809,5.792824491483214,1.586369001013988
proj_fire_off,12,0.08362089480234369,0.08362089480234369,0.1271550590767726,0.043429197577198146
proj_fire_on,12,3.0418080924516566,3.0418080924516566,2.7236991892654006,0.7911803147652692
proj_mortality,12,9.50123205230058,9.50123205230058,7.434207801502061,2.4212736238503085
proj_thinning_delta,12,33.032850668231035,33.032850668231035,20.268561988555643,5.364726417138491
roth_c_cover_c,12,0.7788830992893127,0.871823648247541,1.4477736752133934,0.48376233080674014
roth_c_dpm_frac_crop,12,-0.09907370091801629,0.09907370091801629,0.07876130770321992,0.024829767416313587
roth_c_dpm_frac_tree,12,1.2483493333962004,1.5043093249195065,2.1105526314120397,0.5887733695582382
roth_c_moisture_b_slope,12,-1.8364743967712134,1.9275852121441304,3.2082266430542075,1.0236136698489664
roth_c_temp_a1,12,0.5103973906116248,0.5106256736888584,0.535721156256438,0.18476611848893443
roth_c_temp_a2,12,-5.182487125144929,5.1960935042360425,6.0396329900970365,1.903064682929361
thinning_fraction_branch_delta,12,0.10004696318005894,0.11900022819827241,0.1430127921474487,0.0357677391896325
thinning_fraction_croot_delta,12,0.028718025710900867,0.033575031611146375,0.042084477874779196,0.012063750824060198
thinning_fraction_froot_delta,12,0.0148270591675886,0.019725738101973724,0.027885698490163577,0.007444052133608445
thinning_fraction_leaf_delta,12,0.03083987322211796,0.03562215961031587,0.04839523877873105,0.013384664077776267
thinning_fraction_stem_delta,12,0.22422494360984668,0.22422494360984668,0.2555883399375562,0.07564580150004042
tree_carbon_sp1,12,-3.031522412254457,3.364959096223923,3.316172452528699,0.8877645444113476
tree_nitrogen_branch_sp1,12,0.05080286277979111,0.05080286277979111,0.04171890964531151,0.012969921365552738
tree_nitrogen_croot_sp1,12,0.16352782342554772,0.16352782342554772,0.18885495072229208,0.05906562275234258
tree_nitrogen_froot_sp1,12,0.004416617294586434,0.004416617294586434,0.00430895367457497,0.0014755942376036796
tree_nitrogen_leaf_sp1,12,0.9870905759397562,0.9870905759397562,1.0196586672737868,0.2925236877045027
tree_nitrogen_stem_sp1,12,0.004096094236190048,0.004096094236190048,0.0033256798220055984,0.0010727077625562987
tree_root_in_top_30,12,-1.9883659361701578,1.9975703808456071,2.317693524980448,0.7516202974351684
tree_root_to_shoot_sp1,12,-2.539560923694903,2.875979495408092,3.2452139634154524,0.9007170684406004
cy0,13,0.28513294335350203,0.48295222460301357,0.923091933075773,0.2634107610055604
clay,13,-1.0214531434753131,1.0258291576340852,1.0966862606187087,0.34283364833495467
temp_ci_delta,13,1.0120798692587774,1.0307748063033972,1.464857196269922,0.5033439927552893
rain_ci_delta,13,4.489401119757483,5.657255492655142,6.7948560421937225,1.6890368067267707
evap_ci_delta,13,-0.3175374413742154,2.025751520263613,3.748914229296139,0.9903474673612032
ef_N_inputs,13,0.9333892886351487,1.2194431829171093,1.5064927495978813,0.3773211228214842
volatile_frac_organic_fertiliser,13,-0.016301567573002815,0.016301567573002815,0.009909378296539371,0.0030138450609993395
volatile_frac_synthetic_fertiliser,13,0.2120865563500204,0.2120865563500204,0.11442689071693617,0.035733729260370994
base_sf_qty_scale,13,-0.12171437219275312,0.12171437219275312,0.06001112738604029,0.01745768862747472
proj_lit_qty_scale,13,-0.0018495863503007691,0.01974473261975255,0.02424603971330739,0.003924154117811826
base_stand_density_scale,13,0.0,0.0,0.0,0.0
proj_stand_density_scale,13,-6.7139911220529225,8.071816688015087,8.56105485100799,2.41116364041878
tree_wood_dens_sp1,13,-10.22955646270945,13.335997062154089,16.389877583231797,4.072383780746745
base_cover,13,0.6940024196831237,0.6940024196831237,0.7619421111751727,0.2112644895589061
base_fire_off,13,-0.07567880067863833,0.07567880067863833,0.14689869148455803,0.04839404300400002
base_fire_on,13,-0.24848284598052678,0.24848284598052678,0.24771933606421065,0.08321450581751194
base_sf_n_delta,13,-0.012054012840149831,0.012054012840149831,0.005283568101080768,0.001669226215326988
crop_base_left_delta,13,0.4341453126197858,0.4462919283237817,0.28443558842971145,0.07758490911016996
crop_base_yield_delta,13,0.18478934764480612,0.1968943835664015,0.1820023341618582,0.050676707600844015
crop_carbon_above_sp3,13,0.033102328518792516,0.0432973730896105,0.04042945390200745,0.009426460299113797
crop_carbon_below_sp3,13,0.09661203932160398,0.09661203932160398,0.05222652701670546,0.014651497050554355
crop_intercept_sp3,13,0.009322144393313483,0.03382145601627083,0.04545661647853772,0.01022711175685655
crop_nitrogen_above_sp3,13,-0.025566671930545327,0.05184581026803762,0.08460975637830674,0.018409584526638434
crop_nitrogen_below_sp3,13,-0.04652885137277501,0.04652885137277501,0.03669579842613451,0.01191268705491953
crop_carbon_above_sp10,13,0.11915619726649289,0.11915619726649289,0.07387004535230611,0.021047675118213507
crop_carbon_below_sp10,13,0.058626385283706936,0.05868729411641242,0.05055177943623036,0.01572102296721792
crop_intercept_sp10,13,0.07544218447336656,0.08016179546073726,0.07751619523893895,0.019917842060609942
crop_nitrogen_above_sp10,13,-0.0457035691316028,0.0457035691316028,0.029841637006421933,0.008973887083695
crop_nitrogen_below_sp10,13,-0.023142435699092252,0.023444840719466703,0.029404467166002635,0.008328548589453057
crop_proj_left_delta,13,-0.023688311344525887,0.07130420913695704,0.09510230589043844,0.020633728287150613
crop_proj_yield_delta,13,0.10118116538747154,0.13123582381357882,0.10275644095956177,0.017997767238778207
crop_root_in_top_30,13,0.126644955368918,0.12675115544274554,0.09571500228293274,0.03039213056780432
crop_root_to_shoot_sp3,13,0.13494086990323528,0.13494086990323528,0.07764268644637277,0.022953319667026656
crop_slope_sp3,13,0.03708336243509437,0.041086253342672324,0.044985612880231084,0.011736516493582481
crop_root_to_shoot_sp10,13,0.08598524983170724,0.08598524983170724,0.07031607988000456,0.02383589469655465
crop_slope_sp10,13,0.11432191367560855,0.13398257492701227,0.14016551523258777,0.03508090974868255
cy0_to_ceq_multiplier,13,-0.011835822408852873,0.08885601306677059,0.19142694712167355,0.0559584209922712
litter_carbon,13,-0.005994274414803813,0.005994274414803813,0.0022692109959039828,0.0006429075604491541
litter_nitrogen,13,0.013982065601876845,0.013982065601876845,0.007232994521154286,0.002439985892410504
mortality_fraction_branch_delta,13,-0.056351357919815936,0.0653320404377733,0.07879075634456373,0.01926810045207774
mortality_fraction_croot_delta,13,-0.030533786114430306,0.03073879095604436,0.043022333998886164,0.011432724482256915
mortality_fraction_froot_delta,13,-0.02111727129390876,0.02121013836362019,0.026011958166786406,0.008616807780015003
mortality_fraction_leaf_delta,13,-0.008695144559169515,0.01181882567539013,0.014304486151928045,0.003579265492467997
mortality_fraction_stem_delta,13,-0.10082220566631346,0.11188227127802577,0.1412880499366732,0.0422039790003334
pool_alloc_froot_sp1,13,-1.0018456547508816,1.0138803752703491,0.9721948155101479,0.2955402330839922
pool_alloc_leaf_sp1,13,-0.4969841198861132,0.7934409431920876,1.0119416198153075,0.2204691842559275
pool_alloc_stem_sp1,13,-0.34648914290791855,0.35563741510139746,0.5039839631648845,0.13255560287589474
pool_turnover_branch_sp1,13,2.1135030075788976,2.1135030075788976,1.6043115820424034,0.5023042860877102
pool_turnover_croot_sp1,13,-1.3251284655569924,1.3604327532668843,1.5869150520321826,0.5040075439207917
pool_turnover_froot_sp1,13,-0.7035744409987142,0.7035744409987142,0.7921408977837489,0.23491035443340583
pool_turnover_leaf_sp1,13,-0.23217004492082544,0.3307456955303366,0.4362104169885115,0.11056854443209187
pool_turnover_stem_sp1,13,0.5678563854208775,0.5678563854208775,0.37425466260321294,0.1111494199437501
proj_cover,13,-3.9402742888007234,3.9402742888007234,5.885690549769249,1.6028803599922892
proj_fire_off,13,0.08362089480234416,0.08362089480234416,0.1271550590767733,0.04342919757719843
proj_fire_on,13,3.1617942514887742,3.1617942514887742,2.8551259309981276,0.8251916509422416
proj_mortality,13,10.26405705399452,10.26405705399452,8.255530266035235,2.692081374482799
proj_thinning_delta,13,33.54923908814786,33.54923908814786,21.189651408507437,5.5952127838481625
roth_c_cover_c,13,0.7810410453468946,0.8751768042512363,1.5352811359049312,0.5092335660323248
roth_c_dpm_frac_crop,13,-0.08211909449551608,0.08211909449551608,0.07505856847968687,0.023580220014635042
roth_c_dpm_frac_tree,13,1.170456859687293,1.4215099603258108,2.0255196695661133,0.5623280599344491
roth_c_moisture_b_slope,13,-1.7410795800961896,1.8259279802651611,3.0440044219060867,0.9755747945983042
roth_c_temp_a1,13,0.4880715740403751,0.49277152874537505,0.5394325721345297,0.18327786857440495
roth_c_temp_a2,13,-5.035948938627345,5.082596929040447,6.116332438554483,1.9003211616941447
thinning_fraction_branch_delta,13,0.05772125581523663,0.07627426934730128,0.10428601688857987,0.02583372604562098
thinning_fraction_croot_delta,13,0.012468376336399642,0.01947730563215164,0.027284487536026227,0.006352177518007016
thinning_fraction_froot_delta,13,0.0070887889375322675,0.012003366532368113,0.019222365141815124,0.005123502940779068
thinning_fraction_leaf_delta,13,0.02016852250063996,0.024983993495604026,0.03283731184246887,0.009015127238600021
thinning_fraction_stem_delta,13,0.1569289918864992,0.1569289918864992,0.18977416579616013,0.05635678607569257
tree_carbon_sp1,13,-3.147832063468288,3.4689455568886096,3.430827032736103,0.923127118035988
tree_nitrogen_branch_sp1,13,0.0520785120335384,0.0520785120335384,0.04280671759868807,0.013274627980691067
tree_nitrogen_croot_sp1,13,0.1693581777260193,0.1693581777260193,0.1990637376934927,0.06222977142397845
tree_nitrogen_froot_sp1,13,0.004589911537182731,0.004589911537182731,0.004568650967869741,0.0015685652412788438
tree_nitrogen_leaf_sp1,13,1.0186696620597757,1.0186696620597757,1.0743437340895947,0.30769154092925377
tree_nitrogen_stem_sp1,13,0.0041460909662572095,0.0041460909662572095,0.0033929067009016824,0.00109252756749931
tree_root_in_top_30,13,-2.0086476886156728,2.0173190969350046,2.3822609296589836,0.7735134928095446
tree_root_to_shoot_sp1,13,-2.606284709863314,2.9364709674475966,3.353665394544635,0.9437466811972666
cy0,14,0.26474740977670863,0.450254134723583,0.8588855311059135,0.24519645540000343
clay,14,-1.04353063691592,1.0466280901819898,1.1210056863569198,0.3496959155862408
temp_ci_delta,14,0.9715376767183782,0.9908775213072568,1.4521601439647205,0.496647763174339
rain_ci_delta,14,4.2950180572555485,5.379365482001579,6.542453404257487,1.6581321535622087
evap_ci_delta,14,-0.24990670398646603,1.9516966374128484,3.613291701417263,0.954940506740944
ef_N_inputs,14,0.9949546686609196,1.2834499282075558,1.5905833481008267,0.4008655019035842
volatile_frac_organic_fertiliser,14,-0.016301567573002315,0.016301567573002315,0.00990937829653926,0.003013845060999267
volatile_frac_synthetic_fertiliser,14,0.21208655635002088,0.21208655635002088,0.11442689071693556,0.035733729260370856
base_sf_qty_scale,14,-0.12171437219275227,0.12171437219275227,0.060011127386039594,0.017457688627474648
proj_lit_qty_scale,14,-6.866084771073311e-06,0.019222612270665664,0.02345743688478341,0.003714462329762735
base_stand_density_scale,14,0.0,0.0,0.0,0.0
proj_stand_density_scale,14,-6.94983011854161,8.306185101220494,8.822918474800272,2.498041889324687
tree_wood_dens_sp1,14,-10.581813414119074,13.680520912217583,16.951349360916037,4.231178968912057
base_cover,14,0.659575954160147,0.659575954160147,0.7296582653721462,0.20208788745989864
base_fire_off,14,-0.07567880067863846,0.07567880067863846,0.14689869148455828,0.04839404300399999
base_fire_on,14,-0.24436272590756417,0.24436272590756417,0.23856882899995074,0.0800230781829839
base_sf_n_delta,14,-0.012054012840150272,0.012054012840150272,0.005283568101080637,0.0016692262153270203
crop_base_left_delta,14,0.4173667196651249,0.43071572198335195,0.27587082063554125,0.0744998213461199
crop_base_yield_delta,14,0.1697043507375599,0.18453873421026507,0.17436950835755372,0.04747025654521597
crop_carbon_above_sp3,14,0.02951298170998991,0.040852432461145824,0.039208287986828294,0.00862682339794027
crop_carbon_below_sp3,14,0.08379035762138039,0.08379035762138039,0.04841806785554504,0.013753041522183714
crop_intercept_sp3,14,0.008960519865437411,0.032756860983503486,0.04394098573641152,0.009924922175547418
crop_nitrogen_above_sp3,14,-0.025566671930544172,0.05184581026803686,0.08460975637830588,0.018409584526638243
crop_nitrogen_below_sp3,14,-0.046528851372774696,0.046528851372774696,0.03669579842613482,0.011912687054919695
crop_carbon_above_sp10,14,0.11142638996131257,0.11142638996131257,0.07024657176121246,0.019924512585144924
crop_carbon_below_sp10,14,0.05475779518454088,0.05491923357751679,0.048065956219333336,0.014837873384065496
crop_intercept_sp10,14,0.06855508316537968,0.07470689236158992,0.0741621289848417,0.018482996154587036
crop_nitrogen_above_sp10,14,-0.04570356913160305,0.04570356913160305,0.029841637006421874,0.00897388708369505
crop_nitrogen_below_sp10,14,-0.023142435699092533,0.023444840719466987,0.029404467166002823,0.008328548589452898
crop_proj_left_delta,14,-0.034597524526972026,0.07329455299031842,0.09387404567997112,0.021316786414759214
crop_proj_yield_delta,14,0.09783625027625997,0.12758994634647278,0.10062019155656564,0.017642055431008146
crop_root_in_top_30,14,0.11097945864500662,0.11151208611638097,0.09081745076595608,0.028697964678466168
crop_root_to_shoot_sp3,14,0.11447845715159706,0.1147630886298027,0.07404774621983942,0.02171509137569855
crop_slope_sp3,14,0.027496576629602733,0.03510854102568696,0.04449082413749555,0.011189746057007514
crop_root_to_shoot_sp10,14,0.07967624563698186,0.07967624563698186,0.06558611934913652,0.02226970561398051
crop_slope_sp10,14,0.09938804038701893,0.12331713485403753,0.133149649609255,0.0319500616800922
cy0_to_ceq_multiplier,14,-0.011695139627338601,0.07769442836209492,0.16881624434795692,0.049972119043619916
litter_carbon,14,-0.00571070860555572,0.00571070860555572,0.0021300728098257323,0.0006031192649409936
litter_nitrogen,14,0.01398206560187632,0.01398206560187632,0.007232994521154376,0.0024399858924103765
mortality_fraction_branch_delta,14,-0.05607473596194743,0.0660688589995037,0.08024011114809851,0.019514617948206307
mortality_fraction_croot_delta,14,-0.0305013030421922,0.030799246473287727,0.04349204877030596,0.011498790018790481
mortality_fraction_froot_delta,14,-0.02103735895124443,0.021144653470797012,0.02615190253457452,0.008664836273445359
mortality_fraction_leaf_delta,14,-0.008397023903701705,0.011782630535866567,0.014247334884469243,0.0034739854619565604
mortality_fraction_stem_delta,14,-0.10028306249137982,0.11197060750407561,0.14413520458302562,0.042451952472816065
pool_alloc_froot_sp1,14,-1.0141704521043358,1.0285735437552497,1.0014747523812333,0.30659396999188954
pool_alloc_leaf_sp1,14,-0.4855786040470358,0.7953362559864992,1.0169442981228805,0.21856438629196465
pool_alloc_stem_sp1,14,-0.3624548927497374,0.3713716233773661,0.5346081737069657,0.14111737475770644
pool_turnover_branch_sp1,14,2.247171769832196,2.247171769832196,1.7709629494936594,0.5543783746124609
pool_turnover_croot_sp1,14,-1.3171019307313572,1.3557512994464187,1.6063200208952833,0.5130876500817099
pool_turnover_froot_sp1,14,-0.6984948361591531,0.6984948361591531,0.7985715580264141,0.23696243199705683
pool_turnover_leaf_sp1,14,-0.22207531908649453,0.326383540540374,0.4444040074925107,0.11296158415114124
pool_turnover_stem_sp1,14,0.6031166138338099,0.6031166138338099,0.4108820126364123,0.1225151672768116
proj_cover,14,-3.838491288861153,3.838491288861153,5.9152513504260265,1.6169947819428032
proj_fire_off,14,0.08362089480234358,0.08362089480234358,0.1271550590767724,0.043429197577198125
proj_fire_on,14,3.242045034044099,3.242045034044099,2.955699580632777,0.8521577040518205
proj_mortality,14,11.030085649884214,11.030085649884214,9.123482441026324,2.9777687927137944
proj_thinning_delta,14,34.35964573402165,34.35964573402165,22.00693206596779,5.796468334338184
roth_c_cover_c,14,0.7843506038114879,0.876274567916871,1.5946957122918572,0.5271038404650009
roth_c_dpm_frac_crop,14,-0.06611954940735697,0.06611954940735697,0.06881546832748782,0.02163111485684835
roth_c_dpm_frac_tree,14,1.157798269744107,1.396881505725501,2.0182917656172,0.5618870615162325
roth_c_moisture_b_slope,14,-1.6708662018746026,1.7496520972345846,2.9213158916223723,0.9402266509864153
roth_c_temp_a1,14,0.4799061766695708,0.48627897663643865,0.5458732179252797,0.18393895872663374
roth_c_temp_a2,14,-4.946323527896926,5.02462568770323,6.09894091513403,1.8790066700805101
thinning_fraction_branch_delta,14,0.041793075593868426,0.055249887915428196,0.08494883234673144,0.021334522758763737
thinning_fraction_croot_delta,14,0.0063179636122926725,0.013546134318669346,0.021809007794782332,0.004664483988653364
thinning_fraction_froot_delta,14,0.004422927304221336,0.00851866246657606,0.013155141009674614,0.0032973174095030345
thinning_fraction_leaf_delta,14,0.016666198865423205,0.019563583687544635,0.025281680979997136,0.007126911677439698
thinning_fraction_stem_delta,14,0.1270771619359046,0.12763044408402696,0.16459776191751677,0.04871535912236088
tree_carbon_sp1,14,-3.2479302404822086,3.5722666414809816,3.5557774424112747,0.958931076456251
tree_nitrogen_branch_sp1,14,0.053408117359357965,0.053408117359357965,0.04398501209614266,0.013604882357276776
tree_nitrogen_croot_sp1,14,0.17543042713693516,0.17543042713693516,0.20980842041019762,0.06555958481728234
tree_nitrogen_froot_sp1,14,0.0047717142432374595,0.0047717142432374595,0.004841924726443896,0.0016663041774313448
tree_nitrogen_leaf_sp1,14,1.0517130571511148,1.0517130571511148,1.1317735513789524,0.3236988859246825
tree_nitrogen_stem_sp1,14,0.004201192189172595,0.004201192189172595,0.0034759618379548375,0.0011170816784023875
tree_root_in_top_30,14,-2.0275906373548223,2.0438570703903127,2.460757953132148,0.7973032093074327
tree_root_to_shoot_sp1,14,-2.660353309445518,2.994679913747498,3.4684805108856587,0.9867877978233034
cy0,15,0.24524721555696835,0.41843234841670585,0.7978843100125259,0.22801108681878884
clay,15,-1.0666948174298887,1.069129475904013,1.151242420594565,0.35795921681216214
temp_ci_delta,15,0.9490484449036929,0.9657544252219177,1.4503618665875433,0.4942586012470533
rain_ci_delta,15,4.178517729975129,5.214410198019282,6.440333103453635,1.663193434532647
evap_ci_delta,15,-0.19139749505928033,1.9119367446444688,3.562146650006442,0.9453285388364677
ef_N_inputs,15,1.0592514389847647,1.3514748199227788,1.6791620938444782,0.4254184176992774
volatile_frac_organic_fertiliser,15,-0.01630156757300285,0.01630156757300285,0.009909378296539517,0.0030138450609992744
volatile_frac_synthetic_fertiliser,15,0.2120865563500205,0.2120865563500205,0.1144268907169352,0.03573372926037069
base_sf_qty_scale,15,-0.12171437219275319,0.12171437219275319,0.06001112738604037,0.017457688627474707
proj_lit_qty_scale,15,0.0015940131733868158,0.018926591572378255,0.022806706862725252,0.003541843679260365
base_stand_density_scale,15,0.0,0.0,0.0,0.0
proj_stand_density_scale,15,-2.6317500174390944,8.192117502424683,9.871060248676859,1.8131802529797234
tree_wood_dens_sp1,15,-4.136020698948029,15.61004748052008,19.36113660304984,3.461144488396047
base_cover,15,0.6274895734821151,0.6274895734821151,0.6999165764015309,0.19369229996031245
base_fire_off,15,-0.07567880067863846,0.07567880067863846,0.14689869148455875,0.048394043004000194
base_fire_on,15,-0.24064217865744814,0.24064217865744814,0.23031824405498835,0.0771575474419575
base_sf_n_delta,15,-0.012054012840149658,0.012054012840149658,0.005283568101080241,0.0016692262153268364
crop_base_left_delta,15,0.40261024483784863,0.41701509313311946,0.26839657457228716,0.07180402828299637
crop_base_yield_delta,15,0.15641337029476976,0.17450933496938886,0.1678686372101053,0.04463022192441786
crop_carbon_above_sp3,15,0.027155399948218428,0.03911407044883927,0.038194124952279015,0.0081241243862867
crop_carbon_below_sp3,15,0.07464386330538406,0.07464386330538406,0.04569071356657575,0.013064228164791424
crop_intercept_sp3,15,0.008644167010566625,0.03181130792871787,0.04262806409180721,0.00967589343174886
crop_nitrogen_above_sp3,15,-0.025566671930544578,0.05184581026803736,0.08460975637830563,0.018409584526638254
crop_nitrogen_below_sp3,15,-0.04652885137277407,0.04652885137277407,0.036695798426134255,0.011912687054919598
crop_carbon_above_sp10,15,0.10501421818542016,0.10501421818542016,0.06708893125328727,0.018958520906261534
crop_carbon_below_sp10,15,0.051562534536719905,0.05181418268531594,0.04584945329209594,0.014053152899783188
crop_intercept_sp10,15,0.06280979297539395,0.07051925691042868,0.0712547256759096,0.017162758664714353
crop_nitrogen_above_sp10,15,-0.04570356913160386,0.04570356913160386,0.029841637006421912,0.00897388708369499
crop_nitrogen_below_sp10,15,-0.023142435699093432,0.023444840719468053,0.02940446716600274,0.008328548589453104
crop_proj_left_delta,15,-0.04154899857371364,0.07475976340674115,0.09294514607559243,0.021905021791136646
crop_proj_yield_delta,15,0.09598465587892273,0.125182831935865,0.09935846188299287,0.017653712960588906
crop_root_in_top_30,15,0.09967809554038772,0.10048800945968753,0.08658712102289509,0.02734656322317652
crop_root_to_shoot_sp3,15,0.10003079381247282,0.10108024115671307,0.07031200067245597,0.020486838242208413
crop_slope_sp3,15,0.020852036536503738,0.03120391303708898,0.04363918524854001,0.01073143444092038
crop_root_to_shoot_sp10,15,0.07444353133569483,0.07444353133569483,0.06154640514637699,0.020912876481566683
crop_slope_sp10,15,0.08706051097688859,0.11538577285713547,0.12743543650641598,0.029393845220346944
cy0_to_ceq_multiplier,15,-0.011385949867843309,0.06820857621447655,0.1493593149968323,0.04466604938294641
litter_carbon,15,-0.0054670915986172516,0.0054670915986172516,0.00201654404785697,0.0005709704432973059
litter_nitrogen,15,0.013982065601878035,0.013982065601878035,0.007232994521154462,0.002439985892410389
mortality_fraction_branch_delta,15,-0.05619926650177477,0.06703065344963174,0.08189844776103304,0.019855615415455427
mortality_fraction_croot_delta,15,-0.0305901805756091,0.031097971289084585,0.04411651960617692,0.011583586817861835
mortality_fraction_froot_delta,15,-0.021045741625411413,0.02117453797989461,0.026424011267079574,0.008751683997841769
mortality_fraction_leaf_delta,15,-0.00815166495977287,0.01178249694889973,0.014313192432857252,0.0034206917797682604
mortality_fraction_stem_delta,15,-0.10024194174237873,0.11286547084756944,0.1477394058121654,0.042880827072691065
pool_alloc_froot_sp1,15,-0.971571251108544,1.0031217310568095,1.045114338525766,0.3174686158680598
pool_alloc_leaf_sp1,15,-0.4549204828769013,0.8113300122448035,1.0348044217734818,0.21509219101804208
pool_alloc_stem_sp1,15,-0.22801461712624943,0.2989876113855382,0.5005955695586936,0.12865642589841556
pool_turnover_branch_sp1,15,1.7689954970959874,1.8412542320871914,1.88752627403309,0.5672663243957649
pool_turnover_croot_sp1,15,-1.963014895450509,2.0049688148141387,1.9288977356300614,0.6187820356539766
pool_turnover_froot_sp1,15,-1.0077994726616049,1.0077994726616049,1.0100679728150241,0.2987170277769264
pool_turnover_leaf_sp1,15,-0.36535374633975437,0.4042484582430873,0.464018349999588,0.12740375549104355
pool_turnover_stem_sp1,15,0.4932164441960561,0.5062544371402256,0.4465012573829961,0.12978591685323934
proj_cover,15,-3.7953814887969854,3.7953814887969854,5.9928111685392835,1.6478502940703854
proj_fire_off,15,0.08362089480234387,0.08362089480234387,0.12715505907677238,0.043429197577198035
proj_fire_on,15,3.315846471904726,3.315846471904726,3.057265602289813,0.8810430088182661
proj_mortality,15,9.09021546759443,9.266279686311847,9.406718671061995,3.01229645070766
proj_thinning_delta,15,39.97201000684952,39.97201000684952,19.687266206408854,5.4176751334821045
roth_c_cover_c,15,0.7937351511956947,0.8864434761678484,1.6457264062114672,0.5433966092156872
roth_c_dpm_frac_crop,15,-0.05423769588780929,0.05423769588780929,0.0626909222467422,0.019703586156477347
roth_c_dpm_frac_tree,15,1.1518982275352099,1.3894612397812076,2.0389173586928693,0.5690413864519472
roth_c_moisture_b_slope,15,-1.6319881417897093,1.7050060608377997,2.849038629429682,0.9203547126592727
roth_c_temp_a1,15,0.4801293397345018,0.48644737864925913,0.5587831706385739,0.18737844603509235
roth_c_temp_a2,15,-4.914575190173249,5.008406085505866,6.097867930628973,1.8716357642663553
thinning_fraction_branch_delta,15,0.03400788594030851,0.042914516846371764,0.07336894126358907,0.018797668316428002
thinning_fraction_croot_delta,15,0.002796369653020758,0.011830215185503345,0.02016127619642155,0.0043496397023569085
thinning_fraction_froot_delta,15,0.0030195885807155266,0.006460226748940878,0.009801860624165657,0.00230398051000843
thinning_fraction_leaf_delta,15,0.014768120374609872,0.015930726851851252,0.020805691782881223,0.006025272036629565
thinning_fraction_stem_delta,15,0.10741924849403964,0.1092626526195172,0.14988286451417293,0.044231150325634155
tree_carbon_sp1,15,-1.6524949350139344,3.188620799794911,3.750203225157447,0.7739247489285875
tree_nitrogen_branch_sp1,15,0.054790391036670306,0.054790391036670306,0.04525404642574888,0.013960775397886715
tree_nitrogen_croot_sp1,15,0.18174493851900733,0.18174493851900733,0.22109792196315237,0.06905760013571403
tree_nitrogen_froot_sp1,15,0.004962119995790137,0.004962119995790137,0.00512899920322453,0.001768901922619907
tree_nitrogen_leaf_sp1,15,1.08621718335796,1.08621718335796,1.1919390907423904,0.34054584115319775
tree_nitrogen_stem_sp1,15,0.004261327146570987,0.004261327146570987,0.0035742029388652267,0.0011462267587655011
tree_root_in_top_30,15,-2.05278060033561,2.0806026289617305,2.5519317277292606,0.8235094723403998
tree_root_to_shoot_sp1,15,-1.0906082369988854,2.55340664971015,3.2121103521064884,0.6765000411064036
cy0,16,0.2266486170104623,0.38765489808389697,0.7402782809786603,0.21187855426689828
clay,16,-1.1248141254548432,1.1265165864798443,1.1977888747039296,0.37276642824961953
temp_ci_delta,16,1.0125661909789876,1.0250432954417619,1.4790022421410276,0.5020920831150103
rain_ci_delta,16,4.379857486209126,5.476028848527905,6.743866156179995,1.750656147282202
evap_ci_delta,16,-0.19171790680988138,1.959764067816454,3.66338877912281,0.9685383884488381
ef_N_inputs,16,1.1274336969681396,1.425529121266859,1.7721571254469881,0.45136835419857013
volatile_frac_organic_fertiliser,16,-0.01630156757300219,0.01630156757300219,0.009909378296539257,0.0030138450609991938
volatile_frac_synthetic_fertiliser,16,0.21208655635002094,0.21208655635002094,0.11442689071693633,0.03573372926037093
base_sf_qty_scale,16,-0.12171437219275298,0.12171437219275298,0.06001112738603982,0.017457688627474523
proj_lit_qty_scale,16,0.0030027867026112378,0.018759812626134676,0.022267165906527338,0.003394153186924841
base_stand_density_scale,16,0.0,0.0,0.0,0.0
proj_stand_density_scale,16,-8.257306243935485,9.134421747777727,9.368154603342472,2.839760340748931
tree_wood_dens_sp1,16,-12.723004274608286,14.708842447903873,17.844562012917017,4.624462037556553
base_cover,16,0.5975204855328148,0.5975204855328148,0.6723798007230178,0.1859783715863783
base_fire_off,16,-0.0756788006786382,0.0756788006786382,0.14689869148455778,0.04839404300399984
base_fire_on,16,-0.2372440356126543,0.2372440356126543,0.22278986363329842,0.07455352189364164
base_sf_n_delta,16,-0.012054012840149305,0.012054012840149305,0.0052835681010808145,0.0016692262153270277
crop_base_left_delta,16,0.3894681509197431,0.4048133362172456,0.2618339127305871,0.06943199450057236
crop_base_yield_delta,16,0.14456641772960108,0.16564416523916797,0.1623277697314953,0.042229273977258154
crop_carbon_above_sp3,16,0.02549166447376212,0.03775947610551415,0.03728394505050023,0.007769975635504842
crop_carbon_below_sp3,16,0.06776442412558992,0.06784727426668158,0.043638645848088464,0.012470809294069964
crop_intercept_sp3,16,0.00836481393790713,0.030968654319375805,0.04147707775726685,0.009462917601582499
crop_nitrogen_above_sp3,16,-0.025566671930545116,0.051845810268037876,0.08460975637830663,0.01840958452663802
crop_nitrogen_below_sp3,16,-0.0465288513727745,0.0465288513727745,0.03669579842613409,0.011912687054919458
crop_carbon_above_sp10,16,0.09959652382755987,0.09959652382755987,0.06431688666011966,0.018119026689949504
crop_carbon_below_sp10,16,0.04887173977893985,0.04920475953970852,0.04386847894276061,0.01335358925494004
crop_intercept_sp10,16,0.05793959840678843,0.06709528243489894,0.06874765316771182,0.01602730147267046
crop_nitrogen_above_sp10,16,-0.04570356913160286,0.04570356913160286,0.029841637006421205,0.00897388708369486
crop_nitrogen_below_sp10,16,-0.023142435699093647,0.02344484071946814,0.029404467166002847,0.008328548589453217
crop_proj_left_delta,16,-0.04601664526076721,0.07536265055972305,0.09214205640843556,0.022462577564883388
crop_proj_yield_delta,16,0.09517138011785116,0.12363913033622823,0.0986190115385007,0.017869330445562173
crop_root_in_top_30,16,0.09101058160304777,0.09225421631765313,0.08287005579487246,0.02619863841629758
crop_root_to_shoot_sp3,16,0.08920814769083249,0.09076534449287237,0.0669004579290625,0.01945586855373658
crop_slope_sp3,16,0.01595821019807589,0.029188162136444356,0.042670271846347835,0.010257195944199028
crop_root_to_shoot_sp10,16,0.07002152540976465,0.07002152540976465,0.058088452955583285,0.019735114964695186
crop_slope_sp10,16,0.07667890883410138,0.10880866359377714,0.12272558651649369,0.02737231037290205
cy0_to_ceq_multiplier,16,-0.010983478085352823,0.06007361327437978,0.1324869159173011,0.03994576621799741
litter_carbon,16,-0.005254448666800027,0.005254448666800027,0.0019232631957979592,0.0005447881060947076
litter_nitrogen,16,0.013982065601877045,0.013982065601877045,0.007232994521154339,0.0024399858924105504
mortality_fraction_branch_delta,16,-0.044784526530128994,0.0629772779640825,0.07694460181277767,0.017230009806987127
mortality_fraction_croot_delta,16,-0.02547601488924036,0.028043611714153836,0.04104487510354263,0.010362076298114788
mortality_fraction_froot_delta,16,-0.0178117676907758,0.018432544949891935,0.02451690516521848,0.008007879316684348
mortality_fraction_leaf_delta,16,-0.004572752206802921,0.011085534309830624,0.014084583669952537,0.0027772311350261966
mortality_fraction_stem_delta,16,-0.0788500664942027,0.10471509816125284,0.1424823109081013,0.03826136287606137
pool_alloc_froot_sp1,16,-1.0025986648652188,1.0281329350022046,1.0515376550649898,0.32447413169798245
pool_alloc_leaf_sp1,16,-0.40812490674703844,0.8197787194584301,1.0390876566066496,0.20442057310903833
pool_alloc_stem_sp1,16,-0.41179336466584315,0.41397356114924266,0.5994998565141588,0.16661463792453288
pool_turnover_branch_sp1,16,2.649417466755525,2.649417466755525,2.1879288682282603,0.6864463756580792
pool_turnover_croot_sp1,16,-1.0482292186360098,1.1117085327280947,1.6258809290712202,0.5171795635440939
pool_turnover_froot_sp1,16,-0.5673450061584345,0.5804084733130933,0.7580504733153123,0.21961598249988834
pool_turnover_leaf_sp1,16,-0.1331093888208499,0.3140066889282417,0.4688019338413787,0.11061489160176577
pool_turnover_stem_sp1,16,0.6941899965043337,0.6941899965043337,0.48882356308901337,0.1470527557065716
proj_cover,16,-4.09677666772483,4.09677666772483,6.805066285146786,1.8916509873222107
proj_fire_off,16,0.08362089480234403,0.08362089480234403,0.1271550590767728,0.043429197577198264
proj_fire_on,16,4.451674322447832,4.451674322447832,4.847442353043358,1.3581658150817026
proj_mortality,16,13.07871862328508,13.07871862328508,11.249431923836458,3.657794969028521
proj_thinning_delta,16,34.63162154212384,34.63162154212384,26.11461041227643,6.860362160791492
roth_c_cover_c,16,0.8684162372820452,0.9558440134520969,1.8576110960267864,0.6176140083557222
roth_c_dpm_frac_crop,16,-0.045155559191224534,0.045155559191224534,0.05707677276792244,0.017933015766922134
roth_c_dpm_frac_tree,16,1.653111727721567,1.7089540997894317,2.50003196926406,0.7603560445803027
roth_c_moisture_b_slope,16,-1.7047746781225013,1.7722383611104238,2.9412276223474123,0.948151718521623
roth_c_temp_a1,16,0.5173519068922057,0.5205413385733516,0.5782180950142787,0.1959819440117044
roth_c_temp_a2,16,-5.275588528181861,5.310680861761414,6.478241566380112,1.9849724262261828
thinning_fraction_branch_delta,16,-0.4911112909669195,0.4936590825879083,0.537898357823013,0.16060695265043937
thinning_fraction_croot_delta,16,-0.26046351373890086,0.26046351373890086,0.2936392613392745,0.09441423449910527
thinning_fraction_froot_delta,16,-0.122138226868273,0.122138226868273,0.16803602515298738,0.04616999588931905
thinning_fraction_leaf_delta,16,-0.1551441443605821,0.1552237210203596,0.22385848786742346,0.07094142874157934
thinning_fraction_stem_delta,16,-0.9599804557019714,0.9721369229520223,1.3793993143258427,0.4049268549467253
tree_carbon_sp1,16,-3.808353417011639,3.984676517529409,3.9457580628360245,1.1028645090755835
tree_nitrogen_branch_sp1,16,0.08131191758785883,0.08131191758785883,0.07591086607247814,0.024011860907596355
tree_nitrogen_croot_sp1,16,0.19478428365162953,0.19478428365162953,0.23789497348114003,0.07483243854132325
tree_nitrogen_froot_sp1,16,0.0051038528864477154,0.0051038528864477154,0.0053742027573424195,0.0018587813149981657
tree_nitrogen_leaf_sp1,16,1.0992292447883298,1.0992292447883298,1.2257751673390473,0.34879783670754533
tree_nitrogen_stem_sp1,16,0.006924610207949466,0.006924610207949466,0.007821557074458373,0.0024205437160783956
tree_root_in_top_30,16,-2.0869178553609586,2.119950556145194,2.6341693071343264,0.848128327536888
tree_root_to_shoot_sp1,16,-2.9560969245874045,3.1573531308955896,3.6660649897305486,1.0909021009081308
cy0,17,0.20895672278195437,0.358029999959352,0.6861571602357913,0.19680082377364913
clay,17,-1.108381990440154,1.1095058416653067,1.2276589989105977,0.37933493606792484
temp_ci_delta,17,0.9276793223443441,0.9577181420389387,1.4619859571583373,0.4920552670677783
rain_ci_delta,17,4.105508579383103,5.120417035840188,6.543124000786199,1.73659160871201
evap_ci_delta,17,-0.12074370199423276,1.9069107583081817,3.648573361071263,0.9804436938042587
ef_N_inputs,17,1.1129727778269745,1.438951404028655,1.8241791940732885,0.4561271729535162
volatile_frac_organic_fertiliser,17,-0.01630156757300275,0.01630156757300275,0.00990937829653927,0.003013845060999324
volatile_frac_synthetic_fertiliser,17,0.21208655635002133,0.21208655635002133,0.11442689071693594,0.03573372926037095
base_sf_qty_scale,17,-0.12171437219275294,0.12171437219275294,0.06001112738603963,0.017457688627474495
proj_lit_qty_scale,17,0.004257096592509789,0.018618660714205794,0.021817357930858067,0.0033143170276991353
base_stand_density_scale,17,0.0,0.0,0.0,0.0
proj_stand_density_scale,17,-6.684510882736831,8.602041113639325,9.63020962628192,2.5516386453944584
tree_wood_dens_sp1,17,-10.323412779706771,14.637125946698541,19.030243082413143,4.587982406432825
base_cover,17,0.569478403744814,0.569478403744814,0.6467955565471488,0.1788699736763781
base_fire_off,17,-0.07567880067863866,0.07567880067863866,0.14689869148455897,0.04839404300400032
base_fire_on,17,-0.23411040481165038,0.23411040481165038,0.21585320094038246,0.07216333819853982
base_sf_n_delta,17,-0.012054012840150157,0.012054012840150157,0.005283568101080775,0.0016692262153270385
crop_base_left_delta,17,0.3776281921996643,0.39382158976836107,0.25603637496583265,0.06733139214247258
crop_base_yield_delta,17,0.13389454951276689,0.1582553860361095,0.15759963391864454,0.03986505512379739
crop_carbon_above_sp3,17,0.02425054283471877,0.03664174404949775,0.03644395773034126,0.00749571978706299
crop_carbon_below_sp3,17,0.06239107314927587,0.06280819132954804,0.04205455698799744,0.011838670489045234
crop_intercept_sp3,17,0.008116368180660218,0.030290463993998363,0.04045715953707453,0.009223633477309754
crop_nitrogen_above_sp3,17,-0.025566671930544942,0.05184581026803743,0.0846097563783067,0.018409584526638365
crop_nitrogen_below_sp3,17,-0.04652885137277456,0.04652885137277456,0.03669579842613518,0.011912687054919793
crop_carbon_above_sp10,17,0.09494398493231157,0.09494398493231157,0.06186910060272313,0.017382645390083405
crop_carbon_below_sp10,17,0.0465669587383117,0.046973592220810954,0.04209396189131586,0.012728272612103842
crop_intercept_sp10,17,0.05375224591978996,0.06414040955694013,0.06659363562669351,0.01509068716382903
crop_nitrogen_above_sp10,17,-0.045703569131603644,0.045703569131603644,0.029841637006421538,0.00897388708369496
crop_nitrogen_below_sp10,17,-0.023142435699093432,0.023444840719467952,0.029404467166003,0.008328548589453057
crop_proj_left_delta,17,-0.048824348997938444,0.07541556282258174,0.09139505822860057,0.022897451962026832
crop_proj_yield_delta,17,0.09508677470925855,0.12270604648567988,0.09818837167678886,0.018192954993857143
crop_root_in_top_30,17,0.08408575593985819,0.0856623243551828,0.07958929346119799,0.025192601854315138
crop_root_to_shoot_sp3,17,0.08077578750422798,0.08268312228731514,0.06393127162087818,0.018602524280400174
crop_slope_sp3,17,0.012199642452834721,0.028206585574537528,0.04169368233569313,0.00981727615901202
crop_root_to_shoot_sp10,17,0.06622089027870692,0.06622089027870692,0.05512134982099954,0.018710919101806733
crop_slope_sp10,17,0.06777859901609021,0.10342016020907734,0.11880857771233005,0.02572099061671015
cy0_to_ceq_multiplier,17,-0.010536699082946164,0.053102519333297994,0.1177859744652695,0.035721157417170066
litter_carbon,17,-0.0050661151347570765,0.0050661151347570765,0.0018460438650740965,0.0005232885720416778
litter_nitrogen,17,0.013982065601876878,0.013982065601876878,0.00723299452115433,0.0024399858924104042
mortality_fraction_branch_delta,17,-0.04852852593847589,0.06513505375465074,0.07964991026537369,0.018333769578004817
mortality_fraction_croot_delta,17,-0.02711123465996279,0.02931511016905892,0.04241942797300991,0.01073815628361152
mortality_fraction_froot_delta,17,-0.018747866095194726,0.019248292078850156,0.025256835566749652,0.008291021753993157
mortality_fraction_leaf_delta,17,-0.005543539270372741,0.011351748288752642,0.014116518941150992,0.0028781531226610584
mortality_fraction_stem_delta,17,-0.08604555557306005,0.10764733889075875,0.1470598939494153,0.03991856700836302
pool_alloc_froot_sp1,17,-0.938136770329477,0.9928459519840915,1.0687348461955732,0.32193677884004157
pool_alloc_leaf_sp1,17,-0.35723642258878846,0.8294986250965843,1.0587623012762792,0.2041579756743654
pool_alloc_stem_sp1,17,-0.37542009327000414,0.39554825723351855,0.6178915107881926,0.16355620103166985
pool_turnover_branch_sp1,17,2.491686607192629,2.491686607192629,2.2541221647321024,0.7049954000707909
pool_turnover_croot_sp1,17,-1.133842736816533,1.194864437999721,1.6777142804364276,0.5385586006251122
pool_turnover_froot_sp1,17,-0.6102330037620156,0.6143908507808314,0.7807517135555109,0.22900110696607814
pool_turnover_leaf_sp1,17,-0.15495435519493309,0.322011809975099,0.4777302002206839,0.11517430825776656
pool_turnover_stem_sp1,17,0.6736810398175029,0.6738974473399081,0.5151830959735834,0.15471405915440156
proj_cover,17,-3.752656211755645,3.752656211755645,6.140577633962657,1.7092094252349237
proj_fire_off,17,0.08362089480234369,0.08362089480234369,0.1271550590767725,0.043429197577198105
proj_fire_on,17,2.9565067875348934,3.064605162631932,2.9283813377697183,0.8460833321382001
proj_mortality,17,12.734532626010518,12.734532626010518,11.649499406887877,3.8160790750170994
proj_thinning_delta,17,37.7940128808615,37.7940128808615,21.784761988222456,5.707034328208949
roth_c_cover_c,17,0.8092810695307477,0.9037965639752763,1.666900897365289,0.5527075727944969
roth_c_dpm_frac_crop,17,-0.038060384651429496,0.038137071082702215,0.05205858456307234,0.016319819976484566
roth_c_dpm_frac_tree,17,0.8200104246470307,1.4026895027744257,2.1466653382856906,0.5500239975724288
roth_c_moisture_b_slope,17,-1.6240352013455883,1.686515245487976,2.8124387691748547,0.9126674026749348
roth_c_temp_a1,17,0.4911111123740367,0.4977904174786424,0.5924775044162256,0.1972284075679748
roth_c_temp_a2,17,-4.914283462140444,5.006022562511336,6.10929771248072,1.8838850213289362
thinning_fraction_branch_delta,17,0.216710418044365,0.216710418044365,0.22259985348284478,0.06327798412611628
thinning_fraction_croot_delta,17,0.07628551096877553,0.07628551096877553,0.08094127805160926,0.02640360866780076
thinning_fraction_froot_delta,17,0.04004721272400671,0.04004721272400671,0.04694638006891823,0.013192534270497278
thinning_fraction_leaf_delta,17,0.06793208188323727,0.06793208188323727,0.07718849594135094,0.02251262414967629
thinning_fraction_stem_delta,17,0.4074356249571352,0.4074356249571352,0.4383105815142943,0.1296794342632344
tree_carbon_sp1,17,-3.1830861536873236,3.6272553961999234,3.8273526434151064,1.0376466431586917
tree_nitrogen_branch_sp1,17,0.05527943779538499,0.05527943779538499,0.04624096160250683,0.014146253680355774
tree_nitrogen_croot_sp1,17,0.18718282753653812,0.18718282753653812,0.23945125377362833,0.07442123333597597
tree_nitrogen_froot_sp1,17,0.005199600303248131,0.005199600303248131,0.00559404122193774,0.0019437116531357927
tree_nitrogen_leaf_sp1,17,1.1138764525901137,1.1138764525901137,1.2682918000740107,0.36110727573340096
tree_nitrogen_stem_sp1,17,0.004184075934236714,0.004184075934236714,0.0036303434436053307,0.0011597654316542981
tree_root_in_top_30,17,-1.819276178413433,1.972188073042807,2.664950138101455,0.8412174536859433
tree_root_to_shoot_sp1,17,-2.4403581415233604,2.9649831267296007,3.6807140226913737,1.0520754830248655
cy0,18,0.192166637447251,0.33011305517426937,0.635540848693668,0.18268369455641384
clay,18,-1.1150493365578054,1.1158183304082794,1.2651508695377116,0.3881750491507288
temp_ci_delta,18,0.8722634499588067,0.934100597895459,1.5041359470669151,0.499605386167883
rain_ci_delta,18,3.912799790164437,4.872334726763899,6.499287358438985,1.7678967776863268
evap_ci_delta,18,-0.061980931507099546,1.8822553293340796,3.710868553488601,1.012249836436758
ef_N_inputs,18,1.1837421600377112,1.5140638940595428,1.9240529140608036,0.48360197922784437
volatile_frac_organic_fertiliser,18,-0.01630156757300288,0.01630156757300288,0.0099093782965393,0.00301384506099932
volatile_frac_synthetic_fertiliser,18,0.21208655635002102,0.21208655635002102,0.11442689071693586,0.035733729260370925
base_sf_qty_scale,18,-0.12171437219275301,0.12171437219275301,0.060011127386039156,0.017457688627474422
proj_lit_qty_scale,18,0.005385720566414809,0.018499434250457913,0.021440019447632214,0.0032871743351292645
base_stand_density_scale,18,0.0,0.0,0.0,0.0
proj_stand_density_scale,18,-7.20072338690319,8.889465071972404,9.892858736843689,2.7063132247084356
tree_wood_dens_sp1,18,-11.123459277391223,14.991470976939544,19.596754544191693,4.83810707696173
base_cover,18,0.5431973723338466,0.5431973723338466,0.6229658918306662,0.17230603148424478
base_fire_off,18,-0.07567880067863861,0.07567880067863861,0.1468986914845588,0.04839404300400023
base_fire_on,18,-0.23119725824468293,0.23119725824468293,0.20941130873367916,0.06995130160595332
base_sf_n_delta,18,-0.012054012840149158,0.012054012840149158,0.005283568101079353,0.0016692262153265392
crop_base_left_delta,18,0.3668496574600816,0.383817079220125,0.2508835474347191,0.06545992648628991
crop_base_yield_delta,18,0.12418827512019286,0.1519257614563449,0.1535589376384949,0.0376626183646059
crop_carbon_above_sp3,18,0.02328065226831755,0.03566681408189783,0.03565947699254824,0.007282519743923358
crop_carbon_below_sp3,18,0.05806821661654343,0.058790115775854766,0.04080944613732926,0.011325939802731852
crop_intercept_sp3,18,0.00789264298030809,0.029708597810647545,0.039545388732576923,0.009004487638954797
crop_nitrogen_above_sp3,18,-0.02556667193054455,0.05184581026803751,0.08460975637830723,0.01840958452663853
crop_nitrogen_below_sp3,18,-0.04652885137277622,0.04652885137277622,0.036695798426135184,0.011912687054919886
crop_carbon_above_sp10,18,0.0908884205961292,0.0908884205961292,0.05969692277620642,0.016731564512229624
crop_carbon_below_sp10,18,0.04456333904807872,0.045073900856136474,0.04050016537393498,0.012155828083286883
crop_intercept_sp10,18,0.050105468266544384,0.06166209689041778,0.06474716539865245,0.014307711585394416
crop_nitrogen_above_sp10,18,-0.04570356913160374,0.04570356913160374,0.029841637006422613,0.008973887083695193
crop_nitrogen_below_sp10,18,-0.02314243569909359,0.02344484071946806,0.029404467166002854,0.008328548589452998
crop_proj_left_delta,18,-0.0504836647865476,0.07512193856842098,0.0906745021761746,0.0231932682624115
crop_proj_yield_delta,18,0.09551638005681279,0.12220985136879634,0.09793825343371518,0.018570466611777355
crop_root_in_top_30,18,0.07838235328848545,0.08031625761046968,0.07667826475081614,0.024257215500985904
crop_root_to_shoot_sp3,18,0.07400913670019073,0.07633432422904295,0.06138694973003561,0.017813934473850684
crop_slope_sp3,18,0.009214184140066747,0.02774563554318531,0.04076017404374097,0.009404699067446443
crop_root_to_shoot_sp10,18,0.06290497618247701,0.06290497618247701,0.052567501988114496,0.017818540399147365
crop_slope_sp10,18,0.06002342254764098,0.09878133044192816,0.11552993806769983,0.024422390629631505
cy0_to_ceq_multiplier,18,-0.010076198447306834,0.04709863880135402,0.1049421696318718,0.03194285469609322
litter_carbon,18,-0.004897094515105232,0.004897094515105232,0.0017816164386988639,0.0005054850976912171
litter_nitrogen,18,0.013982065601876602,0.013982065601876602,0.007232994521154682,0.002439985892410502
mortality_fraction_branch_delta,18,-0.05118134546724081,0.06719613046077486,0.08207694246461768,0.019172726032152088
mortality_fraction_croot_delta,18,-0.028256546709573588,0.03030998514090962,0.0436703842832824,0.01105851436520131
mortality_fraction_froot_delta,18,-0.019381724858567498,0.019918293604675154,0.025913930066983046,0.00850157205434186
mortality_fraction_leaf_delta,18,-0.00604560796752584,0.011616141553202036,0.014312416606131348,0.002975424784786721
mortality_fraction_stem_delta,18,-0.0906833593048564,0.1112235798551755,0.1524522847461741,0.04136118265280069
pool_alloc_froot_sp1,18,-0.9916100612374448,1.0358014112133853,1.117392583749961,0.34190109044611683
pool_alloc_leaf_sp1,18,-0.3931750195185586,0.8384846369410951,1.0656154255093784,0.2069815823822567
pool_alloc_stem_sp1,18,-0.4000160601640513,0.41686462158545384,0.655040661915897,0.1742942702549896
pool_turnover_branch_sp1,18,2.6504349835236267,2.6504349835236267,2.4355873543028093,0.7618518139797467
pool_turnover_croot_sp1,18,-1.193695078986638,1.2551674550824632,1.7358792643737597,0.5595537272707142
pool_turnover_froot_sp1,18,-0.638104323401375,0.6413902144222513,0.8044321374582828,0.2360611177470085
pool_turnover_leaf_sp1,18,-0.16642598138984036,0.332125254998848,0.49243578170852104,0.11926345382081646
pool_turnover_stem_sp1,18,0.7134950333189621,0.7138752119063358,0.5545922958051632,0.166925559803982
proj_cover,18,-3.6086261914496225,3.6215843610915486,6.393578517643156,1.7674563563149368
proj_fire_off,18,0.08362089480234366,0.08362089480234366,0.12715505907677271,0.043429197577198125
proj_fire_on,18,3.183131224209099,3.2533286072514565,3.10880736248408,0.8982944731497142
proj_mortality,18,13.73498982534185,13.73498982534185,12.68848010884686,4.15566857519081
proj_thinning_delta,18,38.20275427406406,38.20275427406406,22.958608427820636,6.001173250448576
roth_c_cover_c,18,0.8237833190697808,0.9247705421712181,1.796399307972294,0.5924181281214329
roth_c_dpm_frac_crop,18,-0.03242840763013424,0.032566886889457906,0.04760887476666928,0.014896413935029636
roth_c_dpm_frac_tree,18,0.8238773601321903,1.3569957764296001,2.097087217545451,0.539244472181019
roth_c_moisture_b_slope,18,-1.559398223218835,1.6173068235626544,2.7307084582530248,0.8952296229617371
roth_c_temp_a1,18,0.47574549437522773,0.4930249456296849,0.6222916861331046,0.20310031950778498
roth_c_temp_a2,18,-4.806143523984715,4.9647887879088595,6.310119808898746,1.939738087873759
thinning_fraction_branch_delta,18,0.13087994494947758,0.13087994494947758,0.13999308783118597,0.038808285314483555
thinning_fraction_croot_delta,18,0.043503595739235054,0.043503595739235054,0.048710819656634756,0.015970478344179383
thinning_fraction_froot_delta,18,0.02446476300645967,0.02446476300645967,0.02754986806212915,0.007750691649976545
thinning_fraction_leaf_delta,18,0.04438937695260128,0.04438937695260128,0.04716055663120263,0.014232936131281418
thinning_fraction_stem_delta,18,0.27859333282627985,0.27859333282627985,0.30650013231864853,0.08894436261309842
tree_carbon_sp1,18,-3.3877301774091206,3.7902363209390395,3.9790480896926637,1.0898490418624411
tree_nitrogen_branch_sp1,18,0.0567808858453764,0.0567808858453764,0.04780503459819124,0.014586731543306235
tree_nitrogen_croot_sp1,18,0.19402717416794307,0.19402717416794307,0.25228050893836024,0.0783763249110479
tree_nitrogen_froot_sp1,18,0.00541207738630531,0.00541207738630531,0.005916403888775294,0.0020587298287532336
tree_nitrogen_leaf_sp1,18,1.151759579908062,1.151759579908062,1.334124890516612,0.3797812561267347
tree_nitrogen_stem_sp1,18,0.004258810197573615,0.004258810197573615,0.0037695603332427202,0.0012018354748453504
tree_root_in_top_30,18,-1.935124401577887,2.0748104963502874,2.777355089991868,0.8771769639288179
tree_root_to_shoot_sp1,18,-2.5998010086484484,3.065617115131219,3.825138938235517,1.1119723050582335
cy0,19,0.1762644174414308,0.30347729337495044,0.588404662934713,0.16958652388025855
clay,19,-1.135399148854122,1.1356051671789409,1.3092384684141771,0.39935353867525897
temp_ci_delta,19,0.8540325318067638,0.9261109400903415,1.5199419258308569,0.5015664164617631
rain_ci_delta,19,3.814220883943925,4.798377088298653,6.5830696436824505,1.7962829829475506
evap_ci_delta,19,-0.007210492349531861,1.8694696266601423,3.800477074696818,1.0534787749245758
ef_N_inputs,19,1.2570435507318438,1.5921290044981116,2.028163655827745,0.5121902288314464
volatile_frac_organic_fertiliser,19,-0.01630156757300298,0.01630156757300298,0.009909378296539642,0.00301384506099929
volatile_frac_synthetic_fertiliser,19,0.2120865563500205,0.2120865563500205,0.11442689071693607,0.03573372926037077
base_sf_qty_scale,19,-0.12171437219275268,0.12171437219275268,0.060011127386039746,0.01745768862747451
proj_lit_qty_scale,19,0.006410881521888179,0.018399006617241986,0.02112126583383382,0.0032999633693464496
base_stand_density_scale,19,0.0,0.0,0.0,0.0
proj_stand_density_scale,19,-7.572058433785633,9.158147717414447,10.202949511619662,2.835299494900949
tree_wood_dens_sp1,19,-11.731614485744329,15.387361656571201,20.264950990027614,5.064427317688236
base_cover,19,0.5185307914350223,0.5191267752475217,0.6007289332106255,0.16599766740722746
base_fire_off,19,-0.07567880067863815,0.07567880067863815,0.1468986914845577,0.04839404300399982
base_fire_on,19,-0.22847020181641242,0.22847020181641242,0.2033901500524898,0.06788987310317048
base_sf_n_delta,19,-0.012054012840150074,0.012054012840150074,0.005283568101080048,0.001669226215326849
crop_base_left_delta,19,0.35694534555618335,0.37462626989286646,0.24627646868092432,0.06378330665839439
crop_base_yield_delta,19,0.11528486937815688,0.1462191091513411,0.15009889574914564,0.035766165514065446
crop_carbon_above_sp3,19,0.022492310231762597,0.034793121706778826,0.034921586900015775,0.007108930391252819
crop_carbon_below_sp3,19,0.05450340051521809,0.05550410512147426,0.03981906114227694,0.010909714075182977
crop_intercept_sp3,19,0.0076901395365024505,0.029168186142293367,0.03872374819510388,0.00881558586989977
crop_nitrogen_above_sp3,19,-0.025566671930544217,0.05184581026803757,0.08460975637830535,0.0184095845266377
crop_nitrogen_below_sp3,19,-0.04652885137277567,0.04652885137277567,0.03669579842613494,0.01191268705491979
crop_carbon_above_sp10,19,0.08730589196243645,0.08730589196243645,0.057760625024063525,0.016151702303828674
crop_carbon_below_sp10,19,0.0427973164297292,0.04339843853717652,0.03906592347915843,0.011642632723701626
crop_intercept_sp10,19,0.04689206538602973,0.05970710228570557,0.06316485322141668,0.013561074310488325
crop_nitrogen_above_sp10,19,-0.04570356913160431,0.04570356913160431,0.02984163700642199,0.008973887083695023
crop_nitrogen_below_sp10,19,-0.023142435699092866,0.023444840719467352,0.029404467166002268,0.008328548589452884
crop_proj_left_delta,19,-0.05133084831110864,0.07464112059392529,0.08996872139292518,0.023355724117627284
crop_proj_yield_delta,19,0.09630952012655679,0.12202907089038528,0.09779210598102694,0.01897225000555644
crop_root_in_top_30,19,0.07357172857762315,0.07600113282123776,0.0740792285547881,0.02333044690514419
crop_root_to_shoot_sp3,19,0.0684504173507513,0.07121012166510159,0.05921472731625163,0.01710705939292924
crop_slope_sp3,19,0.00677522203549083,0.027433045332063415,0.03989146834805638,0.00904860357900886
crop_root_to_shoot_sp10,19,0.059972519488162845,0.059972519488162845,0.050360888277237344,0.01703913369762894
crop_slope_sp10,19,0.05316714124518231,0.09490758485658284,0.11277193563603924,0.023358871480528648
cy0_to_ceq_multiplier,19,-0.009621157177446854,0.04184576055625478,0.09370953392319607,0.028591629831842963
litter_carbon,19,-0.004743605979025523,0.004743605979025523,0.0017274242477290066,0.0004906173227794016
litter_nitrogen,19,0.01398206560187667,0.01398206560187667,0.007232994521154539,0.0024399858924105365
mortality_fraction_branch_delta,19,-0.05344117725358377,0.06914811423960969,0.08447307025289166,0.019936692282262115
mortality_fraction_croot_delta,19,-0.02920658281628234,0.031196634770788084,0.044902326062311315,0.011369483484242047
mortality_fraction_froot_delta,19,-0.019920612646814925,0.02051369083701273,0.026600426053844082,0.008717954401044874
mortality_fraction_leaf_delta,19,-0.006348885823283595,0.01186469282390155,0.01456488040734099,0.0030630447094063483
mortality_fraction_stem_delta,19,-0.09435521235174066,0.11469047962392342,0.15806653381197985,0.04280126273260941
pool_alloc_froot_sp1,19,-1.0343965605266923,1.076077791821907,1.1679648466937111,0.3599540243614466
pool_alloc_leaf_sp1,19,-0.4147458382978423,0.8483982866505315,1.0788436662399121,0.2110397270702668
pool_alloc_stem_sp1,19,-0.4202204760973352,0.4359957720055382,0.690686163268711,0.18434256251598558
pool_turnover_branch_sp1,19,2.789968812285749,2.7900104843611304,2.6192830890155654,0.8193547288755828
pool_turnover_croot_sp1,19,-1.2443670939048888,1.3097520763593462,1.8005459646564914,0.581117481010507
pool_turnover_froot_sp1,19,-0.6614611382403492,0.665588904800318,0.8317622222494336,0.2438073804024719
pool_turnover_leaf_sp1,19,-0.17441086532666766,0.34249257075817613,0.5097460622229185,0.12353511365294084
pool_turnover_stem_sp1,19,0.7493236242676236,0.749887603013853,0.5942377606877123,0.17921416351137265
proj_cover,19,-3.5629640302297836,3.5963917883343877,6.420516067427263,1.782006546515276
proj_fire_off,19,0.083620894802344,0.083620894802344,0.12715505907677244,0.043429197577198105
proj_fire_on,19,3.326953196715196,3.3780258671567998,3.259361409113379,0.9422904562262651
proj_mortality,19,14.682035263856978,14.682035263856978,13.757459643357675,4.505086560076106
proj_thinning_delta,19,38.8763350919853,38.8763350919853,23.856849608678402,6.228754438134377
roth_c_cover_c,19,0.8315564323511445,0.9330421604619719,1.8563814162149097,0.610693190015508
roth_c_dpm_frac_crop,19,-0.02790107989306408,0.028062136891863283,0.04366700953143036,0.013652263762299511
roth_c_dpm_frac_tree,19,0.9173027027860648,1.3856686406026353,2.1556928508233004,0.5715354035278349
roth_c_moisture_b_slope,19,-1.521977895568694,1.57556486595417,2.695102235968677,0.8895999281703352
roth_c_temp_a1,19,0.48255121506844423,0.5068405426512207,0.646586161828307,0.2096763303201237
roth_c_temp_a2,19,-4.772902554056094,4.945202147459159,6.344546399559349,1.9487735349928224
thinning_fraction_branch_delta,19,0.09477724329081957,0.09477724329081957,0.10767406631477168,0.030117221235970073
thinning_fraction_croot_delta,19,0.03019848060440012,0.030708310141221624,0.03717613929208104,0.011708030992226847
thinning_fraction_froot_delta,19,0.017934013625226973,0.017934013625226973,0.019711529257145116,0.005526890297411311
thinning_fraction_leaf_delta,19,0.03502681532200522,0.03502681532200522,0.03736847465337336,0.01135309050909578
thinning_fraction_stem_delta,19,0.21879044732439734,0.21879044732439734,0.2463043451183235,0.07063528457713242
tree_carbon_sp1,19,-3.5384518744352738,3.9253826121948427,4.128460734700874,1.1383005320080966
tree_nitrogen_branch_sp1,19,0.058326783436260285,0.058326783436260285,0.04945705820949633,0.01505239174717499
tree_nitrogen_croot_sp1,19,0.20109879306727824,0.20109879306727824,0.2656750118208166,0.08250478560969847
tree_nitrogen_froot_sp1,19,0.005633046408391932,0.005633046408391932,0.00625287671963645,0.002178747117950926
tree_nitrogen_leaf_sp1,19,1.1909835115187548,1.1909835115187548,1.4024961436306176,0.39924441264967175
tree_nitrogen_stem_sp1,19,0.004337953134452682,0.004337953134452682,0.003920269041116577,0.001247544910135175
tree_root_in_top_30,19,-2.0234359504433974,2.164860194604498,2.8920701279968095,0.9131787104066201
tree_root_to_shoot_sp1,19,-2.7119516911713584,3.1533144457985647,3.9578455986633974,1.161819684126727
cy0,20,0.161228778399742,0.2780397561188837,0.5446950001340315,0.15749607123144163
clay,20,-1.158255605967304,1.158255605967304,1.3573977878507246,0.41207203316338437
temp_ci_delta,20,0.8581522469851229,0.932015416321158,1.5459812272339288,0.5080520165756083
rain_ci_delta,20,3.8155486691152767,4.8288080620853915,6.7813130024421815,1.857055839798781
evap_ci_delta,20,0.03258371769003167,1.9284283745802022,3.9234707372513853,1.0923057377334409
ef_N_inputs,20,1.3328059198690139,1.672392164530655,2.1364609966903587,0.5421155958215546
volatile_frac_organic_fertiliser,20,-0.016301567573002933,0.016301567573002933,0.009909378296539685,0.0030138450609993993
volatile_frac_synthetic_fertiliser,20,0.21208655635002122,0.21208655635002122,0.11442689071693578,0.035733729260370974
base_sf_qty_scale,20,-0.12171437219275365,0.12171437219275365,0.060011127386040974,0.01745768862747489
proj_lit_qty_scale,20,0.007349906099703735,0.018332827628444053,0.020849930077829714,0.003330982944904103
base_stand_density_scale,20,0.0,0.0,0.0,0.0
proj_stand_density_scale,20,-7.887528046896845,9.417030507621257,10.532225576703791,2.9547151960513554
tree_wood_dens_sp1,20,-12.265115164938736,15.793053151339146,20.981555914288293,5.286809413761228
base_cover,20,0.49534667457981,0.49842239890326756,0.5799472171233923,0.1596253546895978
base_fire_off,20,-0.07567880067863872,0.07567880067863872,0.146898691484559,0.04839404300400032
base_fire_on,20,-0.22590251411671963,0.22590251411671963,0.19773316103649624,0.06595799489921915
base_sf_n_delta,20,-0.01205401284014925,0.01205401284014925,0.005283568101080698,0.0016692262153269097
crop_base_left_delta,20,0.3477683631091205,0.36611281244013755,0.24213294457027465,0.06227322300805919
crop_base_yield_delta,20,0.10705429837161118,0.14118638960071778,0.14712897833378744,0.03412133933630827
crop_carbon_above_sp3,20,0.021829531823338622,0.033994609390991345,0.034223275731505694,0.00696201756933278
crop_carbon_below_sp3,20,0.0515028226960354,0.05275903243997572,0.03902304336231171,0.010571693484627623
crop_intercept_sp3,20,0.007504911982096174,0.028659375605670834,0.03797833564972145,0.00865324580060206
crop_nitrogen_above_sp3,20,-0.02556667193054491,0.05184581026803733,0.08460975637830656,0.018409584526638326
crop_nitrogen_below_sp3,20,-0.04652885137277408,0.04652885137277408,0.036695798426134504,0.01191268705491969
crop_carbon_above_sp10,20,0.08410371386089542,0.08410371386089542,0.056027266904572416,0.015631999525897493
crop_carbon_below_sp10,20,0.041222403704124666,0.04190018665373785,0.037772443036505635,0.011182465418634551
crop_intercept_sp10,20,0.044031252202605245,0.05796710181950544,0.06180911264877244,0.012928724230819626
crop_nitrogen_above_sp10,20,-0.04570356913160226,0.04570356913160226,0.02984163700642119,0.00897388708369463
crop_nitrogen_below_sp10,20,-0.02314243569909346,0.02344484071946796,0.029404467166002545,0.008328548589452868
crop_proj_left_delta,20,-0.05159537874881178,0.0739815196956827,0.08927419142959075,0.023421506289676534
crop_proj_yield_delta,20,0.09735905587177343,0.12218445020480254,0.0977046116642604,0.019326415237882682
crop_root_in_top_30,20,0.06943487308499502,0.07229713502924415,0.07174485340352911,0.022493775665204205
crop_root_to_shoot_sp3,20,0.06379407412141921,0.06692622431394962,0.05735811653356899,0.016508413110056196
crop_slope_sp3,20,0.0047346807784692194,0.02721443037452611,0.03909526600877324,0.00873492714831851
crop_root_to_shoot_sp10,20,0.05734803611150361,0.05734803611150361,0.04844594382466075,0.016356397860650167
crop_slope_sp10,20,0.04702673895582231,0.09146024415676132,0.11044290842454968,0.022545847765989918
cy0_to_ceq_multiplier,20,-0.009182468596256124,0.037234594847566055,0.08388695402661561,0.02562414395864529
litter_carbon,20,-0.00460276378200643,0.00460276378200643,0.0016814612162251907,0.0004780957624849145
litter_nitrogen,20,0.013982065601877352,0.013982065601877352,0.007232994521154155,0.002439985892410255
mortality_fraction_branch_delta,20,-0.05543508106678703,0.07101197234520248,0.0868078189595803,0.020631564527616317
mortality_fraction_croot_delta,20,-0.03003454143419475,0.03201319340689292,0.04610427756683378,0.011670650595745008
mortality_fraction_froot_delta,20,-0.02040097748104497,0.021058433304501255,0.02729626727143201,0.008936608734201589
mortality_fraction_leaf_delta,20,-0.006537427963854231,0.012095283490114567,0.014833879956752616,0.0031395661686542376
mortality_fraction_stem_delta,20,-0.09748954738559759,0.11828895221772176,0.16366547897499392,0.04429196848460993
pool_alloc_froot_sp1,20,-1.0731020993323885,1.1159473185103483,1.2197581113524478,0.37675903856576953
pool_alloc_leaf_sp1,20,-0.43035565303725665,0.8592265790705085,1.0953466189921426,0.21553507789780874
pool_alloc_stem_sp1,20,-0.43894714611861013,0.45442741175420237,0.7272225796924864,0.19454365436575152
pool_turnover_branch_sp1,20,2.921957396018627,2.9246202806019173,2.8058724073565164,0.8767739312658925
pool_turnover_croot_sp1,20,-1.2899459591431492,1.3619301363043357,1.8698230513963927,0.6031209140666507
pool_turnover_froot_sp1,20,-0.6827528878305792,0.6878969530572462,0.8610742689337352,0.25217366393414176
pool_turnover_leaf_sp1,20,-0.18073641459543363,0.35300712972606657,0.5285421290965149,0.12799240563720843
pool_turnover_stem_sp1,20,0.7832023827202065,0.7839429792582366,0.6335552047929377,0.19140045715583356
proj_cover,20,-3.5911401646567014,3.630067328344591,6.527358996555724,1.8251965138201354
proj_fire_off,20,0.08362089480234355,0.08362089480234355,0.1271550590767723,0.04342919757719807
proj_fire_on,20,3.4479503390390436,3.486239064611717,3.4054531839813724,0.9862026614110146
proj_mortality,20,15.636541822193468,15.636541822193468,14.87047644425924,4.868507148472929
proj_thinning_delta,20,39.65363733448923,39.65363733448923,24.708822894082928,6.448125872558509
roth_c_cover_c,20,0.8448577864264845,0.9436276588580965,1.8967476134362309,0.6243896898954848
roth_c_dpm_frac_crop,20,-0.024222965703718385,0.02438517352083666,0.04016721431778908,0.012557068102740664
roth_c_dpm_frac_tree,20,0.99324863416819,1.4314128455582393,2.2316429983572115,0.6033963626614056
roth_c_moisture_b_slope,20,-1.521440413855267,1.5709592519107456,2.714831653768258,0.899783117053279
roth_c_temp_a1,20,0.498203752874821,0.5265248535781,0.6716179583648331,0.21742816337665913
roth_c_temp_a2,20,-4.814654759642716,4.981022663590012,6.408092582459373,1.9673995654302692
thinning_fraction_branch_delta,20,0.07429120693333716,0.07429120693333716,0.09076978999751364,0.026127220562579066
thinning_fraction_croot_delta,20,0.02191205457006839,0.022961449944696767,0.031062262648430438,0.009398930787216486
thinning_fraction_froot_delta,20,0.013828021785439307,0.013828021785439307,0.016351642141200932,0.004683291886543607
thinning_fraction_leaf_delta,20,0.029144944720014297,0.029144944720014297,0.03202590702786898,0.009602342827489074
thinning_fraction_stem_delta,20,0.17752815238177969,0.17752815238177969,0.20497605759870022,0.05863899524109521
tree_carbon_sp1,20,-3.672170924571869,4.0509149980124235,4.283169308555257,1.1877773126208764
tree_nitrogen_branch_sp1,20,0.05991454719534384,0.05991454719534384,0.051195710711615584,0.015542899760292776
tree_nitrogen_croot_sp1,20,0.20839186994705944,0.20839186994705944,0.2796363783914049,0.08680697007559024
tree_nitrogen_froot_sp1,20,0.005862424568828262,0.005862424568828262,0.006603522758451112,0.0023037909197141638
tree_nitrogen_leaf_sp1,20,1.2315079838273266,1.2315079838273266,1.4733647797332143,0.4194871307798387
tree_nitrogen_stem_sp1,20,0.004421346770451024,0.004421346770451024,0.004081787438649962,0.0012967095550228726
tree_root_in_top_30,20,-2.103501986258555,2.2507579971422658,3.0150262894664306,0.952414002790695
tree_root_to_shoot_sp1,20,-2.808454577461441,3.237662210119864,4.093441634488098,1.2107748098014062
cy0,21,0.1470334974179329,0.25379883923597724,0.5043413508458553,0.14637891288745783
clay,21,-1.1823571877704857,1.1823571877704857,1.4084717677022949,0.42590966490085286
temp_ci_delta,21,0.8720407069997858,0.952346478783938,1.5833111156983937,0.5181273795211963
rain_ci_delta,21,3.872454517015504,4.9160190610683925,7.041551006427112,1.9350363067404464
evap_ci_delta,21,0.06033989968351361,2.004375535014046,4.066351590481263,1.1342086208832505
ef_N_inputs,21,1.4109403569098857,1.7547813292989631,2.2488783447643894,0.5733451884255865
volatile_frac_organic_fertiliser,21,-0.01630156757300303,0.01630156757300303,0.009909378296539645,0.0030138450609994197
volatile_frac_synthetic_fertiliser,21,0.21208655635002108,0.21208655635002108,0.11442689071693632,0.03573372926037088
base_sf_qty_scale,21,-0.12171437219275223,0.12171437219275223,0.06001112738603998,0.0174576886274747
proj_lit_qty_scale,21,0.00821642327779693,0.018377457211023247,0.020617039762580013,0.0033485728664576705
base_stand_density_scale,21,0.0,0.0,0.0,0.0
proj_stand_density_scale,21,-8.166986863185373,9.6595636519319,10.869560626923116,3.068193109995137
tree_wood_dens_sp1,21,-12.750168129630056,16.193890431408363,21.727801870948987,5.510777469345221
base_cover,21,0.4735269588718415,0.47973373654148227,0.5605003100041653,0.15356664582259397
base_fire_off,21,-0.07567880067863839,0.07567880067863839,0.1468986914845586,0.04839404300400015
base_fire_on,21,-0.2234724252557771,0.2234724252557771,0.19239515968525334,0.0641387149011126
base_sf_n_delta,21,-0.012054012840149458,0.012054012840149458,0.00528356810108074,0.0016692262153269102
crop_base_left_delta,21,0.3392032387181828,0.3581692116536296,0.23838465735571882,0.06090633641608759
crop_base_yield_delta,21,0.09939419440852934,0.13656971170104,0.14457242622437816,0.03271355333813636
crop_carbon_above_sp3,21,0.021256592259445782,0.033254520945704434,0.033559690990538585,0.006833817444692667
crop_carbon_below_sp3,21,0.04893258254536942,0.05057091211290156,0.03837788235788028,0.010215892350687499
crop_intercept_sp3,21,0.00733440241031702,0.02817752409571437,0.03729815642094836,0.008513202536039231
crop_nitrogen_above_sp3,21,-0.02556667193054456,0.051845810268036786,0.0846097563783071,0.01840958452663865
crop_nitrogen_below_sp3,21,-0.046528851372775626,0.046528851372775626,0.03669579842613472,0.011912687054919694
crop_carbon_above_sp10,21,0.08121067345352781,0.08121067345352781,0.05446862525520924,0.015163365603136511
crop_carbon_below_sp10,21,0.039803310708618686,0.04054646684536662,0.036602802377616414,0.010768620667552596
crop_intercept_sp10,21,0.04145990995183107,0.05640638379509372,0.06064533899028676,0.012391257308959779
crop_nitrogen_above_sp10,21,-0.045703569131603144,0.045703569131603144,0.0298416370064211,0.008973887083694657
crop_nitrogen_below_sp10,21,-0.023142435699092335,0.02344484071946682,0.02940446716600258,0.008328548589452861
crop_proj_left_delta,21,-0.05143809536606029,0.07324216121813164,0.08859060938936983,0.023402250015180308
crop_proj_yield_delta,21,0.0985880201252827,0.1226543299818367,0.09764919474575261,0.019608697278661383
crop_root_in_top_30,21,0.06581896408533797,0.06906734282313762,0.06963686569285572,0.021733235950686654
crop_root_to_shoot_sp3,21,0.05982783294271661,0.06329139599261671,0.05576748351301406,0.01599519280893704
crop_slope_sp3,21,0.002991926940313508,0.02717680744572535,0.038371811031853754,0.008432001209020292
crop_root_to_shoot_sp10,21,0.054974382929998164,0.054988180338793116,0.046775647440051825,0.015753031030939977
crop_slope_sp10,21,0.04146432725269942,0.08835527738717083,0.10846901864505655,0.0219404478550853
cy0_to_ceq_multiplier,21,-0.008766144838054948,0.03315373322032543,0.07530867554202414,0.02300946862626693
litter_carbon,21,-0.0044723472683512126,0.0044723472683512126,0.0016421472266141665,0.00046746062170788987
litter_nitrogen,21,0.013982065601877619,0.013982065601877619,0.007232994521153311,0.0024399858924102694
mortality_fraction_branch_delta,21,-0.05723473658196078,0.07280216382222318,0.08907486826981827,0.021268046101004474
mortality_fraction_croot_delta,21,-0.03078297968391952,0.03279706245753905,0.047274291806449036,0.011957670543225786
mortality_fraction_froot_delta,21,-0.020842245030941835,0.021565529520475708,0.02799020999694406,0.009155173221406817
mortality_fraction_leaf_delta,21,-0.0066552921030460345,0.012307287564950425,0.015101810132084423,0.0032067672323072122
mortality_fraction_stem_delta,21,-0.10029787703747121,0.1221562986322117,0.16916746122561144,0.045851039641034215
pool_alloc_froot_sp1,21,-1.1092665535773718,1.1563309768101795,1.2720762623011912,0.39227910896048795
pool_alloc_leaf_sp1,21,-0.44264619932811566,0.8708437582842846,1.1138919648918892,0.2201874841073865
pool_alloc_stem_sp1,21,-0.4566344297935453,0.4722623149371879,0.7644280664887646,0.20489436104606912
pool_turnover_branch_sp1,21,3.047260837035595,3.0539365645606997,2.9931868593449105,0.9338697310108629
pool_turnover_croot_sp1,21,-1.3327962975903465,1.4114321489399348,1.942741299765366,0.6261788355278322
pool_turnover_froot_sp1,21,-0.7031807945289629,0.7094355224405605,0.8915569868795579,0.26091175045748344
pool_turnover_leaf_sp1,21,-0.1862628825091625,0.36359426516833976,0.5483801591599875,0.13266311364047978
pool_turnover_stem_sp1,21,0.8151466619998988,0.8164877058877907,0.6722324839768034,0.2032947296161897
proj_cover,21,-3.6487584714248413,3.685158970797592,6.699972191111625,1.8872655267368077
proj_fire_off,21,0.08362089480234372,0.08362089480234372,0.1271550590767724,0.04342919757719812
proj_fire_on,21,3.5566512855768693,3.586950283429869,3.545947974121765,1.0289377798360977
proj_mortality,21,16.60492584418506,16.60492584418506,16.022294402685187,5.244190325590738
proj_thinning_delta,21,40.46817145902696,40.46817145902696,25.539767469825634,6.664665887535654
roth_c_cover_c,21,0.8640349471803346,0.958879914302659,1.9415378572857747,0.6403983799402092
roth_c_dpm_frac_crop,21,-0.021205927219102527,0.021357824910613478,0.03704920826258358,0.011586120281291579
roth_c_dpm_frac_tree,21,1.0574224136512145,1.4813931422662636,2.317818610639015,0.6349415991214814
roth_c_moisture_b_slope,21,-1.542994796378686,1.5887050840278383,2.7690772426599666,0.9199821532572532
roth_c_temp_a1,21,0.516732515925051,0.5472690348965337,0.6977650776193934,0.2260859471277156
roth_c_temp_a2,21,-4.895050633979252,5.051909522948393,6.5221934784555256,2.0027416342392677
thinning_fraction_branch_delta,21,0.06183248545556014,0.06183248545556014,0.08108030641258887,0.02418624671545968
thinning_fraction_croot_delta,21,0.016552750544987425,0.018408150729749446,0.027574458207531394,0.00808286346808766
thinning_fraction_froot_delta,21,0.011167411592964327,0.011352046612785594,0.0154030935112169,0.004466862354222687
thinning_fraction_leaf_delta,21,0.02517889129204423,0.02517889129204423,0.02888541193340876,0.008532534977932877
thinning_fraction_stem_delta,21,0.14825375952552036,0.14825375952552036,0.1761360980902056,0.05044605392865161
tree_carbon_sp1,21,-3.794932148896135,4.168936481957358,4.440428786744722,1.237887873363591
tree_nitrogen_branch_sp1,21,0.061541233403877106,0.061541233403877106,0.05301923054499002,0.016057794808268817
tree_nitrogen_croot_sp1,21,0.21589895898455896,0.21589895898455896,0.29416367598708926,0.09128245613602003
tree_nitrogen_froot_sp1,21,0.00610008036398387,0.00610008036398387,0.006968345581873636,0.002433866927005599
tree_nitrogen_leaf_sp1,21,1.273283101354581,1.273283101354581,1.5466772117318328,0.44049609271668433
tree_nitrogen_stem_sp1,21,0.004508809621327487,0.004508809621327487,0.004253451585780598,0.0013491452543453186
tree_root_in_top_30,21,-2.179098850877027,2.333851376231041,3.144206002116255,0.9942930314469627
tree_root_to_shoot_sp1,21,-2.894148427684864,3.316317555469863,4.230240929798146,1.259877564821161
cy0,22,0.1336484826583677,0.23087517327803822,0.46726425407508,0.13613352850039356
clay,22,-1.1897732643071857,1.1897732643071857,1.4565879656011618,0.4394100175918626
temp_ci_delta,22,0.8787540725954702,0.9689400406417821,1.6276958156587533,0.5299110964290131
rain_ci_delta,22,3.9192557041784055,5.061364534190651,7.302928311443338,1.9909882436759179
evap_ci_delta,22,0.08147143545734373,2.080204901979152,4.199627346749568,1.168574344984886
ef_N_inputs,22,1.4598265988516137,1.8330974819281196,2.366559847982272,0.6002632062296659
volatile_frac_organic_fertiliser,22,-0.016301567573003113,0.016301567573003113,0.009909378296539735,0.003013845060999382
volatile_frac_synthetic_fertiliser,22,0.2120865563500208,0.2120865563500208,0.11442689071693625,0.035733729260370904
base_sf_qty_scale,22,-0.12171437219275245,0.12171437219275245,0.06001112738604037,0.017457688627474762
proj_lit_qty_scale,22,0.009021256540597194,0.018435795464549248,0.02041538607338067,0.003387554709145719
base_stand_density_scale,22,0.0,0.0,0.0,0.0
proj_stand_density_scale,22,-8.420087649631576,9.894032551018373,11.209452339289722,3.1768065865520883
tree_wood_dens_sp1,22,-13.199803067625316,16.58686205624354,22.492298047022718,5.73605006183514
base_cover,22,0.4529650160467648,0.46192192113496355,0.5422814027227341,0.14798552948753518
base_fire_off,22,-0.07567880067863841,0.07567880067863841,0.1468986914845587,0.04839404300400017
base_fire_on,22,-0.22116255988663852,0.22116255988663852,0.18734020827443432,0.06241854533721291
base_sf_n_delta,22,-0.012054012840149658,0.012054012840149658,0.005283568101081106,0.0016692262153273061
crop_base_left_delta,22,0.33115809091721504,0.3507099351781711,0.23497473308193478,0.05966311668777504
crop_base_yield_delta,22,0.09222238674312809,0.13230443094988992,0.14236432202965144,0.03151685752056376
crop_carbon_above_sp3,22,0.04483757655617552,0.046109029996904215,0.03293007404595102,0.010452458118251493
crop_carbon_below_sp3,22,0.1413647061421355,0.1413647061421355,0.05578438673246902,0.01453120232800166
crop_intercept_sp3,22,0.007176056178565137,0.027718336802090605,0.03667426586748901,0.008392119247648516
crop_nitrogen_above_sp3,22,-0.03367589316494421,0.05319996710472319,0.08374088345839727,0.01818471554318321
crop_nitrogen_below_sp3,22,-0.06759884024286707,0.06759884024286707,0.05058026205105993,0.016310658067563887
crop_carbon_above_sp10,22,0.07857282098577426,0.07857282098577426,0.05306093612266202,0.01473854043785512
crop_carbon_below_sp10,22,0.03851242657938423,0.03931209282228425,0.035543099208749575,0.01039563371477973
crop_intercept_sp10,22,0.039129589184140785,0.05501747451376034,0.05964470555742365,0.011924112473680486
crop_nitrogen_above_sp10,22,-0.04570356913160228,0.04570356913160228,0.029841637006422672,0.008973887083695236
crop_nitrogen_below_sp10,22,-0.023142435699091808,0.02344484071946621,0.029404467166002472,0.00832854858945297
crop_proj_left_delta,22,0.009614827621715453,0.06067593236787534,0.07693266484338804,0.014151133816618823
crop_proj_yield_delta,22,0.0999406453539456,0.12317821126732638,0.09761047892157092,0.01992783005140586
crop_root_in_top_30,22,0.13918907759902818,0.1392181063089552,0.08579268422389637,0.0273012750655376
crop_root_to_shoot_sp3,22,0.19837180133910137,0.19837180133910137,0.08604257464541791,0.025017236592770737
crop_slope_sp3,22,0.05560875435450337,0.056554427721955756,0.03830242989238313,0.010385618722965267
crop_root_to_shoot_sp10,22,0.0528083112365915,0.05299072786031252,0.04530990933940394,0.01514871408527838
crop_slope_sp10,22,0.03637487643187593,0.0855289880636281,0.10679047505028051,0.02150753077646212
cy0_to_ceq_multiplier,22,-0.008374971579679376,0.02971276803180522,0.06783555690148774,0.020707838970624323
litter_carbon,22,-0.004350633400672865,0.004350633400672865,0.0016082314639113719,0.00045835051838597537
litter_nitrogen,22,0.01398206560187707,0.01398206560187707,0.007232994521154599,0.0024399858924107833
mortality_fraction_branch_delta,22,-0.05888171142881639,0.07452425866678045,0.09127193402231353,0.021855519447997313
mortality_fraction_croot_delta,22,-0.03147601220848184,0.03354512999539416,0.0484117498524027,0.012236280423858456
mortality_fraction_froot_delta,22,-0.02125456985343087,0.022052411776763346,0.02867497886666132,0.009366765284312259
mortality_fraction_leaf_delta,22,-0.006725928933547018,0.012499914114131996,0.01536011779009682,0.00326636978528806
mortality_fraction_stem_delta,22,-0.10289201761259745,0.12581031762001857,0.17454291534861224,0.04738122260061402
pool_alloc_froot_sp1,22,-1.1436996645639117,1.195095576728234,1.3246310282022444,0.40776965165226603
pool_alloc_leaf_sp1,22,-0.4528008142998516,0.8828828861750706,1.133635264347113,0.22488207263244275
pool_alloc_stem_sp1,22,-0.4734699721793973,0.4896402463288224,0.8019471026981436,0.21529626168354535
pool_turnover_branch_sp1,22,3.165609498212839,3.176563337247606,3.179418040688097,0.9907338270077427
pool_turnover_croot_sp1,22,-1.374294408871324,1.4595063307323268,2.0186867081781137,0.6502099396162498
pool_turnover_froot_sp1,22,-0.7233411366381911,0.7307436990822004,0.922767880138131,0.2698798340919668
pool_turnover_leaf_sp1,22,-0.1914130401342679,0.3742210667521095,0.5690459335993321,0.13755960428695838
pool_turnover_stem_sp1,22,0.8449976154084539,0.8473748843011195,0.7099483130962475,0.2148107256056657
proj_cover,22,-3.68065446662895,3.718730315034567,6.896559566470336,1.9543041887215982
proj_fire_off,22,0.0775792881773441,0.0775792881773441,0.1199203455746523,0.04120768263103287
proj_fire_on,22,3.632768139063465,3.6711575843041,3.6687818068429725,1.0653467005229749
proj_mortality,22,17.588827923622002,17.590499446915025,17.209379235061647,5.630092537722911
proj_thinning_delta,22,41.28207952746074,41.28207952746074,26.36103276342183,6.880775389264273
roth_c_cover_c,22,0.87921218084645,0.9717039479221885,1.9872414974371397,0.6568365412997577
roth_c_dpm_frac_crop,22,-0.058212215201288456,0.058212215201288456,0.037251677211996466,0.011212155317829375
roth_c_dpm_frac_tree,22,1.1137351557423252,1.5316177909861817,2.4099534756133925,0.6666947741985118
roth_c_moisture_b_slope,22,-1.5642670760661848,1.6066465795775318,2.8309796193567975,0.9419203247703218
roth_c_temp_a1,22,0.5315227369284766,0.5644002698104412,0.7234646771098748,0.2345067670863202
roth_c_temp_a2,22,-4.953835024736633,5.1192172018396445,6.667989607772123,2.0464877569529314
thinning_fraction_branch_delta,22,0.05384911442458949,0.05384911442458949,0.07530055089166944,0.02321188317291518
thinning_fraction_croot_delta,22,0.012986480252550902,0.015883213252920907,0.025444846806218308,0.0072559685615679
thinning_fraction_froot_delta,22,0.009411962927128929,0.010026110933292745,0.01544342219586178,0.004439120559941365
thinning_fraction_leaf_delta,22,0.022396117739056844,0.022396117739056844,0.027031434347330477,0.0079192960257894
thinning_fraction_stem_delta,22,0.12716078817557497,0.12748953475950073,0.15585103688598978,0.0446049573105153
tree_carbon_sp1,22,-3.9094003139451,4.280321414212203,4.598667393350011,1.2883356086479416
tree_nitrogen_branch_sp1,22,0.06320351765896182,0.06320351765896182,0.054925377398630106,0.016596477854018143
tree_nitrogen_croot_sp1,22,0.22361087577290858,0.22361087577290858,0.3092530986094488,0.09592994447555715
tree_nitrogen_froot_sp1,22,0.006345829440868431,0.006345829440868431,0.007347280976883194,0.002568956276667057
tree_nitrogen_leaf_sp1,22,1.3162487178984144,1.3162487178984144,1.6223653322752811,0.4622537706643524
tree_nitrogen_stem_sp1,22,0.004600135298266267,0.004600135298266267,0.004434613674541477,0.0014046678084329545
tree_root_in_top_30,22,-2.252192476873894,2.414913221777836,3.278042122796121,1.0382718405169784
tree_root_to_shoot_sp1,22,-2.9715854179990515,3.389807118583633,4.366918367202733,1.3089347796723103
cy0,23,0.12104066998253646,0.21131813092852775,0.43337962812069275,0.12632436848206102
clay,23,-1.2130509546046622,1.2140586684951038,1.5118200227351222,0.4547104692643841
temp_ci_delta,23,0.900124896784045,0.9928717377853389,1.6835759708782445,0.5473675322073481
rain_ci_delta,23,4.025956997039391,5.233766963523896,7.609565043957912,2.0707405574185267
evap_ci_delta,23,0.0902119600368014,2.167512266865133,4.360476763270791,1.2107168205664869
ef_N_inputs,23,1.5423611536207282,1.9194463317307509,2.48691046128442,0.6339652558066533
volatile_frac_organic_fertiliser,23,-0.016301567573003016,0.016301567573003016,0.009909378296539305,0.003013845060999217
volatile_frac_synthetic_fertiliser,23,0.21208655635002152,0.21208655635002152,0.11442689071693625,0.03573372926037099
base_sf_qty_scale,23,-0.1217143721927533,0.1217143721927533,0.06001112738604056,0.017457688627474707
proj_lit_qty_scale,23,0.009773067835926718,0.018493594422016358,0.020239189562236307,0.0034461184678790057
base_stand_density_scale,23,0.0,0.0,0.0,0.0
proj_stand_density_scale,23,-8.651451209541275,10.115964739696768,11.548412276772266,3.281547355956066
tree_wood_dens_sp1,23,-13.620380017735545,16.971520344066384,23.26674719859179,5.960784747912254
base_cover,23,0.4335649205178254,0.4449252417840202,0.5251943914631233,0.14283901949350555
base_fire_off,23,-0.07567880067863801,0.07567880067863801,0.14689869148455773,0.048394043003999854
base_fire_on,23,-0.21895878655619697,0.21895878655619697,0.18253946514472627,0.060786647542807035
base_sf_n_delta,23,-0.012054012840148976,0.012054012840148976,0.005283568101080418,0.0016692262153268369
crop_base_left_delta,23,0.3235591388728819,0.3436660206105971,0.23185515414197536,0.05852725350869871
crop_base_yield_delta,23,0.08547216320726557,0.12861150583979747,0.1404498861545863,0.030379843324165687
crop_carbon_above_sp3,23,0.036707019476296524,0.039438726796951276,0.03146996052878439,0.009523069409478653
crop_carbon_below_sp3,23,0.11157318017468043,0.11157318017468043,0.04805002793712373,0.012716220287975897
crop_intercept_sp3,23,0.007028116024582229,0.02727912686250956,0.036099613808438215,0.008287115222487564
crop_nitrogen_above_sp3,23,-0.033675893164944966,0.05319996710472354,0.08374088345839817,0.018184715543183464
crop_nitrogen_below_sp3,23,-0.06759884024286729,0.06759884024286729,0.05058026205105741,0.01631065806756267
crop_carbon_above_sp10,23,0.07614836402919062,0.07614836402919062,0.05178472996468795,0.014351657662744426
crop_carbon_below_sp10,23,0.03732924236787772,0.03817804059767494,0.034580215855579834,0.010058496059786442
crop_intercept_sp10,23,0.0370017374258329,0.05379075741379545,0.058782005092188304,0.011508539360749075
crop_nitrogen_above_sp10,23,-0.045703569131601965,0.045703569131601965,0.029841637006422696,0.008973887083695382
crop_nitrogen_below_sp10,23,-0.023142435699093876,0.023444840719468375,0.029404467166002025,0.00832854858945299
crop_proj_left_delta,23,-0.009647847980234847,0.057318058910175385,0.07616759312769118,0.015424393174382822
crop_proj_yield_delta,23,0.10137629471418333,0.12373707776210323,0.09757968933834642,0.02027198153639345
crop_root_in_top_30,23,0.1108256199379575,0.11198793163061493,0.07917127235406628,0.024624801493807056
crop_root_to_shoot_sp3,23,0.14991114903397396,0.15023002221623946,0.0807549499712571,0.023565762907822092
crop_slope_sp3,23,0.03280525045166634,0.03679495042505308,0.03731282165049105,0.009545923244635289
crop_root_to_shoot_sp10,23,0.050815603079793506,0.05115602918304808,0.04401615648037439,0.014608849687831967
crop_slope_sp10,23,0.031677300999580736,0.0829320896224035,0.1053586728047302,0.02121846952642027
cy0_to_ceq_multiplier,23,-0.00800954096246247,0.02731820268613307,0.06134928060307428,0.018672965661704004
litter_carbon,23,-0.0042362748272829044,0.0042362748272829044,0.0015787184878716277,0.0004504793515597855
litter_nitrogen,23,0.013982065601876953,0.013982065601876953,0.00723299452115515,0.002439985892410861
mortality_fraction_branch_delta,23,-0.06039921541532193,0.07617689181612211,0.0933951120997584,0.022400679424805656
mortality_fraction_croot_delta,23,-0.03212658898247998,0.034261352053629235,0.049515200305828136,0.012506900931657416
mortality_fraction_froot_delta,23,-0.02164262146653621,0.022514238835932926,0.029344948036417857,0.009573383285515389
mortality_fraction_leaf_delta,23,-0.006761784611555239,0.012671993683760301,0.015604211372698802,0.0033195722721989568
mortality_fraction_stem_delta,23,-0.10533169361528442,0.1292711474231968,0.17977826700773816,0.04888073792631885
pool_alloc_froot_sp1,23,-1.1768239901841242,1.2324603987368135,1.3772574384456049,0.4232615472329189
pool_alloc_leaf_sp1,23,-0.4613441341006258,0.894931764510471,1.1539195893034364,0.22954275017415715
pool_alloc_stem_sp1,23,-0.4895101409743036,0.5064378632168838,0.8394476636310845,0.22569279839910625
pool_turnover_branch_sp1,23,3.2761632666324148,3.2920366157668375,3.362818041327854,1.0467608509993978
pool_turnover_croot_sp1,23,-1.4152266026126008,1.5068441733391515,2.0971905421783292,0.6751249696547297
pool_turnover_froot_sp1,23,-0.7435197183719112,0.7527029398335882,0.9544309116963127,0.2787868208150114
pool_turnover_leaf_sp1,23,-0.19639339259348076,0.3848526651227642,0.5904095561298353,0.14268082252258854
pool_turnover_stem_sp1,23,0.8724896501693339,0.8758510988888967,0.7463431103132626,0.225960564258854
proj_cover,23,-3.7548466838956736,3.7873947430235404,7.154338371497704,2.03664886223173
proj_fire_off,23,0.07757928817734353,0.07757928817734353,0.11992034557465157,0.041207682631032624
proj_fire_on,23,3.736845447149997,3.7692594655725373,3.804406188677179,1.1071773187523661
proj_mortality,23,18.58752736321286,18.59280714408938,18.428347762855054,6.025089337115301
proj_thinning_delta,23,42.07107963350511,42.07107963350511,27.177005054030037,7.097313167826725
roth_c_cover_c,23,0.9051579650744405,0.9938382024674247,2.04818951358197,0.6787458374451997
roth_c_dpm_frac_crop,23,-0.04929385916446246,0.04929385916446246,0.038705192664595725,0.011591069246054853
roth_c_dpm_frac_tree,23,1.1645080972808903,1.5812718938850354,2.5053009152934678,0.6985282304370517
roth_c_moisture_b_slope,23,-1.60546048123275,1.6446048404088522,2.9198702917354695,0.97229999385685
roth_c_temp_a1,23,0.5515826020580623,0.5845696205088056,0.7522599600297217,0.2441798731110962
roth_c_temp_a2,23,-5.072414944756827,5.233523200914358,6.864965098653176,2.1109973261690524
thinning_fraction_branch_delta,23,0.048535705267536436,0.048535705267536436,0.07174344406341131,0.022696670621451344
thinning_fraction_croot_delta,23,0.010566475985337461,0.014394311808141737,0.02406630580833653,0.006732064255056369
thinning_fraction_froot_delta,23,0.008238377478886786,0.009535657673893218,0.01576822294494835,0.004402655575310686
thinning_fraction_leaf_delta,23,0.02039556093952737,0.02039556093952737,0.025942523460936947,0.0075965106023725614
thinning_fraction_stem_delta,23,0.11181751223236987,0.11301955815311877,0.14145193565439942,0.04023652876115974
tree_carbon_sp1,23,-4.016700636650013,4.385294092001925,4.756745120068813,1.3388494359104328
tree_nitrogen_branch_sp1,23,0.0648976784062357,0.0648976784062357,0.05691139626626752,0.0171582005265957
tree_nitrogen_croot_sp1,23,0.2315166019206692,0.2315166019206692,0.3248976504620459,0.10074716112804813
tree_nitrogen_froot_sp1,23,0.006599430689945798,0.006599430689945798,0.007740188863136504,0.002709012774270251
tree_nitrogen_leaf_sp1,23,1.360333890384093,1.360333890384093,1.7003449267196695,0.48473794921902685
tree_nitrogen_stem_sp1,23,0.004695091278840968,0.004695091278840968,0.004624637425812408,0.0014630921863245689
tree_root_in_top_30,23,-2.3238181287137563,2.494361470752193,3.415446756151659,1.0839378535588848
tree_root_to_shoot_sp1,23,-3.0421450037398605,3.4583140011212494,4.502488457621762,1.3577476201899128
cy0,24,0.10917630015170081,0.19588235160093254,0.4026006410130778,0.11701822323560783
clay,24,-1.239663807242617,1.2430448783436963,1.5687611851959846,0.47002308857028335
temp_ci_delta,24,0.9231307649158559,1.0175562195304344,1.7427096272724714,0.5660012254262505
rain_ci_delta,24,4.139246270619931,5.4023931997298105,7.9233384748403175,2.155543336944334
evap_ci_delta,24,0.09550763720519875,2.255589187149199,4.527472507239345,1.255261559386453
ef_N_inputs,24,1.6268826779034036,2.0075883324070496,2.611056108610554,0.6688466411464302
volatile_frac_organic_fertiliser,24,-0.016301567573003415,0.016301567573003415,0.009909378296539375,0.003013845060999268
volatile_frac_synthetic_fertiliser,24,0.21208655635002086,0.21208655635002086,0.11442689071693624,0.035733729260370925
base_sf_qty_scale,24,-0.12171437219275276,0.12171437219275276,0.060011127386040114,0.01745768862747479
proj_lit_qty_scale,24,0.01047887325802364,0.01859448332679135,0.020083796854826037,0.0035066738496692127
base_stand_density_scale,24,0.0,0.0,0.0,0.0
proj_stand_density_scale,24,-8.862985424627777,10.32390810062174,11.883640186160612,3.3826447771066137
tree_wood_dens_sp1,24,-14.014539033880203,17.34809617430658,24.044249847081367,6.182589880116615
base_cover,24,0.41524042801374145,0.4286891549772666,0.5091520607657256,0.13808826710887576
base_fire_off,24,-0.07567880067863846,0.07567880067863846,0.1468986914845587,0.048394043004000166
base_fire_on,24,-0.2168495253979302,0.2168495253979302,0.17796932767406565,0.05923415976642604
base_sf_n_delta,24,-0.012054012840149916,0.012054012840149916,0.0052835681010804224,0.0016692262153268943
crop_base_left_delta,24,0.3163473429845495,0.33698227026781363,0.22898609128119862,0.057484990079215176
crop_base_yield_delta,24,0.07908916062105845,0.12520721964492593,0.1387834269173471,0.029393726354113397
crop_carbon_above_sp3,24,0.033067998579796073,0.036757254442328725,0.030817764478470847,0.008882512788328724
crop_carbon_below_sp3,24,0.09847382784600806,0.09847382784600806,0.044644624703059944,0.011938823937897984
crop_intercept_sp3,24,0.0068882860170511335,0.026856804032528214,0.035568372742532835,0.008195882176511992
crop_nitrogen_above_sp3,24,-0.03367589316494361,0.05319996710472565,0.08374088345839847,0.01818471554318279
crop_nitrogen_below_sp3,24,-0.06759884024286786,0.06759884024286786,0.050580262051059977,0.0163106580675635
crop_carbon_above_sp10,24,0.07390325183744262,0.07390325183744262,0.050621890400243126,0.01399749683445425
crop_carbon_below_sp10,24,0.03623672706363505,0.03712860600280771,0.033703489513634576,0.009753271617752217
crop_intercept_sp10,24,0.03504516726078867,0.052670353939212745,0.05803593354141687,0.011150859576606702
crop_nitrogen_above_sp10,24,-0.04570356913160338,0.04570356913160338,0.02984163700642189,0.008973887083695183
crop_nitrogen_below_sp10,24,-0.023142435699092884,0.023444840719467334,0.029404467166002635,0.008328548589452858
crop_proj_left_delta,24,-0.016715936517515538,0.057748547034138155,0.0757335626908765,0.015876618537935292
crop_proj_yield_delta,24,0.10286514675540585,0.12431749679471267,0.09755206986279975,0.02063294081253857
crop_root_in_top_30,24,0.09783730374660257,0.09989840030044063,0.07592739117390761,0.023437058965217163
crop_root_to_shoot_sp3,24,0.12890329704991502,0.13044552937825546,0.07853641309251683,0.022521563737209427
crop_slope_sp3,24,0.02292291412083,0.031241974372944875,0.037389522378813426,0.009004712398802526
crop_root_to_shoot_sp10,24,0.048969527616365735,0.049457731352033005,0.04286708170298338,0.014125126928932707
crop_slope_sp10,24,0.02730918465279315,0.08052605681133469,0.10413327305170092,0.021048931950683705
cy0_to_ceq_multiplier,24,-0.007668384830713646,0.025206033704432418,0.0557481904344701,0.016905883662930218
litter_carbon,24,-0.004128209388361998,0.004128209388361998,0.0015528114863700153,0.00044361887966083236
litter_nitrogen,24,0.013982065601878136,0.013982065601878136,0.007232994521154998,0.0024399858924108136
mortality_fraction_branch_delta,24,-0.0617983488255206,0.07775390140232369,0.09543781005544118,0.0229076092912226
mortality_fraction_croot_delta,24,-0.03274087459853392,0.034946958811999454,0.050581820629460546,0.012769006555529414
mortality_fraction_froot_delta,24,-0.022007761873999478,0.02294697626854435,0.02999508994734309,0.009775540993725474
mortality_fraction_leaf_delta,24,-0.006769107614603117,0.012824849488360426,0.015831297835488502,0.0033657087782699166
mortality_fraction_stem_delta,24,-0.10764662312653975,0.13260576991820916,0.1848628996767941,0.05032348448100366
pool_alloc_froot_sp1,24,-1.2088328737568277,1.2685169402704852,1.4298150833299377,0.4387538751036215
pool_alloc_leaf_sp1,24,-0.46848033914396137,0.9066014072366141,1.1742049198605613,0.23410165774609568
pool_alloc_stem_sp1,24,-0.5047294237274956,0.5225902359994252,0.8766095170276325,0.2360528488981651
pool_turnover_branch_sp1,24,3.3777528683447735,3.400291413330995,3.541573436765032,1.1011309710725885
pool_turnover_croot_sp1,24,-1.4560164376006968,1.5538015590247114,2.177845039006743,0.7008247115847657
pool_turnover_froot_sp1,24,-0.7638343250678112,0.7748334485325111,0.9863460849873669,0.2877428134449869
pool_turnover_leaf_sp1,24,-0.20129427913248188,0.39546905681061106,0.6123734241001217,0.14801254170515563
pool_turnover_stem_sp1,24,0.8972878214922366,0.9020474532462052,0.7810211449072857,0.23633591195475556
proj_cover,24,-3.833328811319901,3.8669867058064895,7.431163015203171,2.1224473012228806
proj_fire_off,24,0.07757928817734346,0.07757928817734346,0.11992034557465077,0.04120768263103241
proj_fire_on,24,3.8347419885462615,3.8655228594422097,3.936301246163841,1.1475613130771396
proj_mortality,24,19.598785560608206,19.6143631335346,19.675427282582714,6.425488562166898
proj_thinning_delta,24,42.817508014111255,42.817508014111255,27.98840340002533,7.314303790028278
roth_c_cover_c,24,0.9314818445602662,1.01639914096793,2.1118432259979847,0.7015018102365385
roth_c_dpm_frac_crop,24,-0.039495728408481694,0.039495728408481694,0.036648554578591674,0.011027781745266384
roth_c_dpm_frac_tree,24,1.21112123808483,1.6297262083154294,2.602023406045071,0.7303124487325722
roth_c_moisture_b_slope,24,-1.6471025046548686,1.685468743468941,3.0138938028156335,1.0041718420061636
roth_c_temp_a1,24,0.5721805463970582,0.6060768339655126,0.781244054500594,0.25356274922019084
roth_c_temp_a2,24,-5.197523157126069,5.3549051242508074,7.07891884363386,2.1809843690157606
thinning_fraction_branch_delta,24,0.04490246968576315,0.04490246968576315,0.06945691487681602,0.022394162861130964
thinning_fraction_croot_delta,24,0.008907674149024736,0.013381090876041857,0.023124781059508596,0.006394227264101519
thinning_fraction_froot_delta,24,0.007446338093318278,0.009268308152836264,0.016106913007521102,0.00441126555766628
thinning_fraction_leaf_delta,24,0.018933159250310617,0.018933159250310617,0.02530009296457615,0.007445736936150066
thinning_fraction_stem_delta,24,0.10058700215870812,0.10239460131866233,0.13109289822608447,0.037118826744000646
tree_carbon_sp1,24,-4.1171719742207795,4.483708921017902,4.913671837019208,1.3891520281516143
tree_nitrogen_branch_sp1,24,0.06661958513725097,0.06661958513725097,0.05897398533617597,0.017742055242555937
tree_nitrogen_croot_sp1,24,0.2396032049057633,0.2396032049057633,0.3410868444049216,0.10573076482439302
tree_nitrogen_froot_sp1,24,0.006860582688397431,0.006860582688397431,0.008146845599673496,0.0028539602428441575
tree_nitrogen_leaf_sp1,24,1.4054564269562762,1.4054564269562762,1.7805142439146193,0.5079212873529108
tree_nitrogen_stem_sp1,24,0.004793417900459155,0.004793417900459155,0.004822891922913357,0.0015242312541625615
tree_root_in_top_30,24,-2.3944556695859416,2.5723546529411143,3.555582785789582,1.1309578238509104
tree_root_to_shoot_sp1,24,-3.106496125782317,3.521753056159549,4.636089770053448,1.406101755595188
cy0,25,0.09801961345612026,0.18284964641140247,0.3748395161254529,0.10859273380289522
clay,25,-1.2664426428147784,1.2720376738358024,1.6268187699236212,0.4858085048725576
temp_ci_delta,25,0.9490171488941982,1.0434613766055745,1.8068119029876133,0.5866898389254452
rain_ci_delta,25,4.266589575386412,5.571410221451376,8.245108505610448,2.2466203537640563
evap_ci_delta,25,0.09548223369242205,2.3430371516489523,4.700520754213088,1.3021302048389456
ef_N_inputs,25,1.713220493888782,2.097370749258322,2.738836446027812,0.7048512132270355
volatile_frac_organic_fertiliser,25,-0.016301567573002898,0.016301567573002898,0.009909378296539248,0.0030138450609992415
volatile_frac_synthetic_fertiliser,25,0.21208655635002077,0.21208655635002077,0.11442689071693606,0.035733729260370904
base_sf_qty_scale,25,-0.12171437219275413,0.12171437219275413,0.060011127386040114,0.01745768862747451
proj_lit_qty_scale,25,0.011144386985856208,0.01871791133236181,0.019945474679554487,0.0035714560388258616
base_stand_density_scale,25,0.0,0.0,0.0,0.0
proj_stand_density_scale,25,-9.055033402243541,10.516145328067784,12.212528941501764,3.479986474727908
tree_wood_dens_sp1,25,-14.38270181238465,17.70752353638641,24.818534868871744,6.40247488600307
base_cover,25,0.3979124586028182,0.4131634645410106,0.4940754985093897,0.133698229071566
base_fire_off,25,-0.07567880067863879,0.07567880067863879,0.14689869148455897,0.04839404300400032
base_fire_on,25,-0.2148251336053059,0.2148251336053059,0.17360982480317594,0.05775362383625152
base_sf_n_delta,25,-0.012054012840151266,0.012054012840151266,0.005283568101081082,0.0016692262153272883
crop_base_left_delta,25,0.30947435262763023,0.3306134371385742,0.22633351919595535,0.05652459863936015
crop_base_yield_delta,25,0.07302903140308055,0.12216411881657938,0.13732648460430388,0.028467031045708798
crop_carbon_above_sp3,25,0.030622778156779697,0.0350303104504041,0.030319111169567394,0.008403221354237421
crop_carbon_below_sp3,25,0.08906949000778244,0.08906949000778244,0.04225952662458461,0.011373128229888129
crop_intercept_sp3,25,0.006755946647637447,0.026449822420313674,0.03507550954649712,0.008116467501490839
crop_nitrogen_above_sp3,25,-0.03367589316494317,0.053199967104722676,0.08374088345839704,0.01818471554318314
crop_nitrogen_below_sp3,25,-0.06759884024286784,0.06759884024286784,0.05058026205105983,0.01631065806756355
crop_carbon_above_sp10,25,0.07181157205509506,0.07181157205509506,0.049557590406667865,0.013671963680797497
crop_carbon_below_sp10,25,0.03522130932580096,0.036151107623095854,0.03290355726799393,0.009476399079777445
crop_intercept_sp10,25,0.03323550052520184,0.0516420133543624,0.05738831461714342,0.010842348074361444
crop_nitrogen_above_sp10,25,-0.045703569131603006,0.045703569131603006,0.02984163700642195,0.00897388708369504
crop_nitrogen_below_sp10,25,-0.02314243569909375,0.023444840719468202,0.029404467166002334,0.008328548589453103
crop_proj_left_delta,25,-0.02113791702302307,0.05793590011183134,0.07548951809360258,0.01635102505977239
crop_proj_yield_delta,25,0.10438521076847344,0.12490985020075478,0.09752497579633942,0.021004776607584045
crop_root_in_top_30,25,0.0886594833745244,0.0912793307456954,0.07319606300915368,0.022543106043582183
crop_root_to_shoot_sp3,25,0.11395547077298618,0.11683923857033122,0.07571550756667349,0.021177258980949146
crop_slope_sp3,25,0.01601263522142954,0.028308813107889703,0.0370930830015873,0.008530188922001919
crop_root_to_shoot_sp10,25,0.04724922341539227,0.04787601272166605,0.04183992962672838,0.01368987361979519
crop_slope_sp10,25,0.023220920879083486,0.07832656838524671,0.10308031999845538,0.02094848352299509
cy0_to_ceq_multiplier,25,-0.007350012936313877,0.02331525141429148,0.0509441794651568,0.015386169929469088
litter_carbon,25,-0.004025592966137065,0.004025592966137065,0.0015298691811897781,0.00043758568800752177
litter_nitrogen,25,0.013982065601876903,0.013982065601876903,0.0072329945211545696,0.002439985892410735
mortality_fraction_branch_delta,25,-0.06308227947771955,0.07924846713573692,0.09739092899191304,0.02337739295646695
mortality_fraction_croot_delta,25,-0.03332077704491904,0.0356024901050104,0.05160757632059255,0.013021385613371132
mortality_fraction_froot_delta,25,-0.022349303896920587,0.0233496600935501,0.03062050074095882,0.009971536840905335
mortality_fraction_leaf_delta,25,-0.006750619607662484,0.012970487559038662,0.016039418624887135,0.00339815443606765
mortality_fraction_stem_delta,25,-0.10984740952783187,0.13582192624975173,0.18978452670032964,0.05170395093788063
pool_alloc_froot_sp1,25,-1.2397749751819502,1.303260253040523,1.4821521119095964,0.4542223805223041
pool_alloc_leaf_sp1,25,-0.4742462225849877,0.9175421994453167,1.1940312141861462,0.238492381899974
pool_alloc_stem_sp1,25,-0.5190511842337983,0.5379273554022862,0.9131116935242076,0.24628789511318935
pool_turnover_branch_sp1,25,3.469009761570954,3.500437513771947,3.713770545088183,1.15332210508549
pool_turnover_croot_sp1,25,-1.496856906471813,1.6005235592799298,2.2602641761219773,0.7272003137072401
pool_turnover_froot_sp1,25,-0.7843055652928486,0.797465238302667,1.0183467816885785,0.2965830369168717
pool_turnover_leaf_sp1,25,-0.20613984697732984,0.4061980800207293,0.6348516307017684,0.1535059288893422
pool_turnover_stem_sp1,25,0.9190122165561755,0.9253583233080465,0.8135574027501191,0.2460109592839937
proj_cover,25,-3.918868703659201,3.954631840347646,7.730381979116251,2.2131226634829644
proj_fire_off,25,0.077579288177343,0.077579288177343,0.11992034557465032,0.04120768263103218
proj_fire_on,25,3.9300216863252935,3.96097261150761,4.066005907617418,1.1872345429536806
proj_mortality,25,20.61923573561188,20.64763134997279,20.946274028673518,6.8318459116175605
proj_thinning_delta,25,43.507124131048215,43.507124131048215,28.79392021292816,7.531304460863704
roth_c_cover_c,25,0.9598736443855842,1.040943718740491,2.1803958602293667,0.7259424243696547
roth_c_dpm_frac_crop,25,-0.03244598002927434,0.03244598002927434,0.0340189064435648,0.010271169378089036
roth_c_dpm_frac_tree,25,1.2543822444859813,1.6764739377950957,2.6988193545989567,0.7619142463324676
roth_c_moisture_b_slope,25,-1.6918506093631387,1.7312610535270423,3.1142406275616334,1.037900316579047
roth_c_temp_a1,25,0.5936377680577942,0.6281068356772599,0.8114217953560632,0.26330752443168315
roth_c_temp_a2,25,-5.335034596042133,5.500865047746871,7.313475679428732,2.2530016911027397
thinning_fraction_branch_delta,25,0.04236886033660105,0.04236886033660105,0.06789001895382203,0.022183534659372523
thinning_fraction_croot_delta,25,0.0077712915706485,0.01262653019131554,0.022445063185935775,0.006175220798756682
thinning_fraction_froot_delta,25,0.00690870053813093,0.009062454380352025,0.016372788004361094,0.004444095087741486
thinning_fraction_leaf_delta,25,0.01784965781366596,0.01787686254876359,0.02491110015802993,0.007382386578891309
thinning_fraction_stem_delta,25,0.09233266305285516,0.09454139738977861,0.12350246245324012,0.03485881745483853
tree_carbon_sp1,25,-4.210711205403411,4.57518950637241,5.068493215349032,1.4389507220732254
tree_nitrogen_branch_sp1,25,0.06836469206526175,0.06836469206526175,0.06110926868616342,0.01834696679241616
tree_nitrogen_croot_sp1,25,0.2478557769756497,0.2478557769756497,0.35780642280486247,0.11087626147596906
tree_nitrogen_froot_sp1,25,0.007128920614138215,0.007128920614138215,0.008566936837285766,0.003003690052114551
tree_nitrogen_leaf_sp1,25,1.4515225519162713,1.4515225519162713,1.8627527603698752,0.5317709313647483
tree_nitrogen_stem_sp1,25,0.004894827634878701,0.004894827634878701,0.005028744703052979,0.0015878942280523418
tree_root_in_top_30,25,-2.4642390490504784,2.6488644899578335,3.697729058051151,1.1790407595718693
tree_root_to_shoot_sp1,25,-3.1648621783898436,3.5798535592694174,4.76689021009913,1.4537602879085303
cy0,26,0.08753612675993315,0.17466511444573957,0.35000452047407343,0.10077493231000778
clay,26,-1.2933297536441197,1.3046362764731478,1.6857455361861933,0.5010947498146456
temp_ci_delta,26,0.9763633896633979,1.0702877773130839,1.8749111449404303,0.6087927408387672
rain_ci_delta,26,4.401841169521754,5.737288228983481,8.56844715276546,2.3411700527138177
evap_ci_delta,26,0.09079717353175312,2.4289849126528886,4.876451196294414,1.3500160997634847
ef_N_inputs,26,1.8011819068842396,2.188719161790873,2.8700618878836366,0.7418617352515569
volatile_frac_organic_fertiliser,26,-0.016301567573003148,0.016301567573003148,0.009909378296539305,0.0030138450609992
volatile_frac_synthetic_fertiliser,26,0.21208655635002088,0.21208655635002088,0.11442689071693639,0.03573372926037097
base_sf_qty_scale,26,-0.12171437219275323,0.12171437219275323,0.06001112738603998,0.017457688627474596
proj_lit_qty_scale,26,0.011774296021143927,0.01883816596875478,0.019821224011837845,0.003644455393957123
base_stand_density_scale,26,0.0,0.0,0.0,0.0
proj_stand_density_scale,26,-9.226998850848068,10.690748890990228,12.532485274602772,3.573238203271029
tree_wood_dens_sp1,26,-14.7239094395019,18.045615401711185,25.58359006178599,6.619377075690816
base_cover,26,0.3815108852579597,0.3983049975682914,0.4798917641245482,0.12963675589233123
base_fire_off,26,-0.07567880067863846,0.07567880067863846,0.1468986914845583,0.048394043004000034
base_fire_on,26,-0.21287756245204306,0.21287756245204306,0.16944436200343022,0.05633885438109507
base_sf_n_delta,26,-0.012054012840149833,0.012054012840149833,0.005283568101080056,0.0016692262153268455
crop_base_left_delta,26,0.30290086896006513,0.32452254923922685,0.22386910073929525,0.05563619587286791
crop_base_yield_delta,26,0.06725505862117287,0.11962114339522538,0.13604631691180857,0.027505979011965907
crop_carbon_above_sp3,26,0.028847854493847348,0.033708935678458084,0.02985021883859692,0.00806535739276639
crop_carbon_below_sp3,26,0.08194950608302644,0.08194950608302644,0.04054412385849882,0.010962200055078048
crop_intercept_sp3,26,0.006629743184415384,0.026092838082330365,0.03461711653856536,0.008036357284128007
crop_nitrogen_above_sp3,26,-0.033675893164945535,0.053199967104723446,0.08374088345839771,0.018184715543183384
crop_nitrogen_below_sp3,26,-0.06759884024286704,0.06759884024286704,0.050580262051058665,0.01631065806756295
crop_carbon_above_sp10,26,0.06985260164513027,0.06985260164513027,0.048580002513666586,0.013371810007278877
crop_carbon_below_sp10,26,0.03427322147222396,0.03523663759467611,0.03217104802967005,0.009224351185436295
crop_intercept_sp10,26,0.03155228263466007,0.050705851680959944,0.056824276972025,0.010571639853951884
crop_nitrogen_above_sp10,26,-0.04570356913160308,0.04570356913160308,0.029841637006421427,0.00897388708369494
crop_nitrogen_below_sp10,26,-0.023142435699094216,0.023444840719468635,0.029404467166002337,0.008328548589453174
crop_proj_left_delta,26,-0.023983356068997715,0.05808810335658556,0.07525706456501641,0.016717044933825958
crop_proj_yield_delta,26,0.10592034608486123,0.12550730096957136,0.09749715615295139,0.021383260059230153
crop_root_in_top_30,26,0.08169542986670837,0.08469405038648029,0.07084692785058033,0.021811415733566018
crop_root_to_shoot_sp3,26,0.10266669610654393,0.10669080642889255,0.07298874245227191,0.01998513922363096
crop_slope_sp3,26,0.010874994224725293,0.026647478732324224,0.036659150196328386,0.008189640481413199
crop_root_to_shoot_sp10,26,0.045637489870592164,0.04639449168058428,0.040916635970873645,0.013296945331519008
crop_slope_sp10,26,0.019373539076358737,0.07681893919673785,0.10217230853532212,0.020645987702363172
cy0_to_ceq_multiplier,26,-0.00705292890968644,0.021631105549575935,0.046858522107849285,0.014092688312022948
litter_carbon,26,-0.0039277495743518685,0.0039277495743518685,0.0015093720484974254,0.0004322313070843805
litter_nitrogen,26,0.013982065601877768,0.013982065601877768,0.007232994521154531,0.0024399858924105786
mortality_fraction_branch_delta,26,-0.06424829124005542,0.08069703147996592,0.09924337050532328,0.02379254457044526
mortality_fraction_croot_delta,26,-0.033865525674578484,0.036224265752791855,0.0525873898404304,0.013262979010896226
mortality_fraction_froot_delta,26,-0.02266525948661341,0.023720317606161733,0.03121623088552896,0.010159611346707377
mortality_fraction_leaf_delta,26,-0.006706985973022969,0.013090064097917523,0.016227016247961967,0.003425603317366533
mortality_fraction_stem_delta,26,-0.11193244313171317,0.13886186384150973,0.19452778023591455,0.053040632115774
pool_alloc_froot_sp1,26,-1.2696026643835086,1.3366156745987499,1.5340931898242631,0.46962415226682713
pool_alloc_leaf_sp1,26,-0.4785859643647937,0.9274408198965662,1.212994497438058,0.2426494250349871
pool_alloc_stem_sp1,26,-0.5323667002680553,0.5522289893793257,0.9486266455707404,0.25629841243157575
pool_turnover_branch_sp1,26,3.548448601788313,3.592344242114214,3.8773964722398944,1.202383601719176
pool_turnover_croot_sp1,26,-1.5377895137965827,1.6470191865698585,2.3440635133830012,0.7541337595058707
pool_turnover_froot_sp1,26,-0.804894100708783,0.8202067106981812,1.0502783793124746,0.3053852726000019
pool_turnover_leaf_sp1,26,-0.2109142935280896,0.4175156467812854,0.6577602141656218,0.15904381056997555
pool_turnover_stem_sp1,26,0.9372579101006002,0.9462058516090442,0.8435071373006069,0.2543954671691409
proj_cover,26,-4.008024359653391,4.044924945519129,8.046556505088766,2.3077826129239996
proj_fire_off,26,0.07757928817734369,0.07757928817734369,0.11992034557465088,0.0412076826310324
proj_fire_on,26,4.023409759109356,4.055778333428883,4.19387063136125,1.2263114742228272
proj_mortality,26,21.644602827206334,21.692157945178856,22.235915459960886,7.244849115769589
proj_thinning_delta,26,44.12759104832283,44.12759104832283,29.59100856133034,7.747577040136641
roth_c_cover_c,26,0.9897129241808962,1.0671032960545659,2.2540663743275773,0.7520503778529024
roth_c_dpm_frac_crop,26,-0.027161466920449732,0.027161466920449732,0.03133938971314863,0.00948443986469967
roth_c_dpm_frac_tree,26,1.2947319174781142,1.7210883532212673,2.794700427377856,0.7931954767736816
roth_c_moisture_b_slope,26,-1.7376575978633544,1.7779714739610264,3.216988392256942,1.0723346951653225
roth_c_temp_a1,26,0.615407623472961,0.6500176306325397,0.8427068557528257,0.2734475253127293
roth_c_temp_a2,26,-5.480441817646602,5.657735822430838,7.564759467265949,2.3295279041362664
thinning_fraction_branch_delta,26,0.040575528529280036,0.0405859841406049,0.06672263732917004,0.02200256275511265
thinning_fraction_croot_delta,26,0.007003546292276397,0.012061943729264247,0.02192371077827909,0.006025959812543097
thinning_fraction_froot_delta,26,0.006543132614411052,0.008897905287362307,0.016546133058328378,0.004473672744810854
thinning_fraction_leaf_delta,26,0.017036542232930427,0.01709649675602403,0.02466072253671364,0.007364430147251569
thinning_fraction_stem_delta,26,0.08624944259264636,0.0887036929919564,0.11781526154036442,0.03318777984376201
tree_carbon_sp1,26,-4.29694862990179,4.65920686047692,5.220243559474176,1.4879363791459763
tree_nitrogen_branch_sp1,26,0.0701280380855412,0.0701280380855412,0.063312774840573,0.01897168568764846
tree_nitrogen_croot_sp1,26,0.25625739697015515,0.25625739697015515,0.37503810894141276,0.11617792827922278
tree_nitrogen_froot_sp1,26,0.007404013757316688,0.007404013757316688,0.009000051096615638,0.003158058891540037
tree_nitrogen_leaf_sp1,26,1.4984267105377804,1.4984267105377804,1.9469201761319717,0.5562481908745942
tree_nitrogen_stem_sp1,26,0.004999004702938664,0.004999004702938664,0.0052415547613011496,0.0016538850315242627
tree_root_in_top_30,26,-2.533080275582747,2.7237284771193915,3.8412070190046728,1.2279152973489091
tree_root_to_shoot_sp1,26,-3.217183327264131,3.6335694600639874,4.894048562022941,1.5001069587544331
cy0,27,0.07769088795734953,0.16655206020689206,0.32799808060068014,0.09386876868282613
clay,27,-1.3202849936051417,1.3386008582743192,1.7453095766095348,0.5164059526830507
temp_ci_delta,27,1.0044437296485331,1.0974786680882835,1.9460696408133757,0.6320285043786413
rain_ci_delta,27,4.541226048977268,5.898425684244428,8.889943542511451,2.4374955760977524
evap_ci_delta,27,0.08215317238331572,2.513284332488876,5.053733632516809,1.398289770873657
ef_N_inputs,27,1.8905521191719146,2.2829743496559556,3.0045120038983066,0.7789904719729964
volatile_frac_organic_fertiliser,27,-0.016301567573003165,0.016301567573003165,0.009909378296539284,0.0030138450609992007
volatile_frac_synthetic_fertiliser,27,0.21208655635002063,0.21208655635002063,0.11442689071693657,0.03573372926037098
base_sf_qty_scale,27,-0.1217143721927523,0.1217143721927523,0.060011127386040065,0.017457688627474717
proj_lit_qty_scale,27,0.012372508969549856,0.018974168458217477,0.01970862775259308,0.0037179226595965894
base_stand_density_scale,27,0.0,0.0,0.0,0.0
proj_stand_density_scale,27,-9.377715607544463,10.845654371698544,12.840874544581778,3.66192090296413
tree_wood_dens_sp1,27,-15.036328624746023,18.358271839347804,26.333481840904817,6.832088861339823
base_cover,27,0.36597159444599836,0.38407380223831794,0.466535413183247,0.12587497467537478
base_fire_off,27,-0.07567880067863797,0.07567880067863797,0.14689869148455745,0.04839404300399971
base_fire_on,27,-0.21100007714394603,0.21100007714394603,0.1654588996265915,0.054984652096660244
base_sf_n_delta,27,-0.01205401284014955,0.01205401284014955,0.005283568101080775,0.0016692262153270852
crop_base_left_delta,27,0.29659461468034776,0.3186793738834609,0.22156796624935507,0.05481118967147546
crop_base_yield_delta,27,0.06173634490333011,0.11736588268290109,0.13491621630818193,0.026585065570650424
crop_carbon_above_sp3,27,0.027481213713935776,0.03262510283689132,0.029386719990362475,0.007808412183508675
crop_carbon_below_sp3,27,0.07635229470859742,0.07635229470859742,0.039298653894664415,0.010674212533172396
crop_intercept_sp3,27,0.006508560410194078,0.02577358705004753,0.03418968799325051,0.007958537078258703
crop_nitrogen_above_sp3,27,-0.03367589316494343,0.05319996710472334,0.08374088345839756,0.018184715543182958
crop_nitrogen_below_sp3,27,-0.06759884024286808,0.06759884024286808,0.05058026205105847,0.016310658067562975
crop_carbon_above_sp10,27,0.06800932616404672,0.06800932616404672,0.04767682143764478,0.01309359510732182
crop_carbon_below_sp10,27,0.033383312646227924,0.03437665392195638,0.03149914915733827,0.00899470223329196
crop_intercept_sp10,27,0.029979594096191033,0.050011143540871175,0.05633081459963765,0.010276298159279952
crop_nitrogen_above_sp10,27,-0.04570356913160391,0.04570356913160391,0.029841637006421253,0.008973887083694941
crop_nitrogen_below_sp10,27,-0.023142435699092984,0.023444840719467404,0.029404467166001803,0.008328548589452825
crop_proj_left_delta,27,-0.025803224337051494,0.05810237610570401,0.07499944264185095,0.016990209483118756
crop_proj_yield_delta,27,0.10745855319006128,0.12621285864939952,0.09746801041704192,0.021722616817742426
crop_root_in_top_30,27,0.07614887538121376,0.07970831259138093,0.06881847926671472,0.021049280907564222
crop_root_to_shoot_sp3,27,0.09379519355558136,0.09862903158830473,0.0705856782129577,0.01908599078023982
crop_slope_sp3,27,0.006889536679289168,0.02588402390740422,0.03620388401765932,0.00785081788579557
crop_root_to_shoot_sp10,27,0.044121395791957355,0.045022810557595126,0.040081239507158146,0.012933848054406628
crop_slope_sp10,27,0.015735416936877647,0.07552595892867003,0.10138657976821297,0.020387825593278123
cy0_to_ceq_multiplier,27,-0.006775093832871742,0.020106414542558286,0.04342024316932974,0.013000769009050171
litter_carbon,27,-0.003834132729697237,0.003834132729697237,0.0014908971989418898,0.0004274349623295855
litter_nitrogen,27,0.013982065601878776,0.013982065601878776,0.007232994521155382,0.002439985892410803
mortality_fraction_branch_delta,27,-0.06529000236594519,0.08203908791475015,0.10098260691497324,0.024169880857625142
mortality_fraction_croot_delta,27,-0.03437261029908618,0.03680651785272427,0.05351538127248098,0.013492696311216171
mortality_fraction_froot_delta,27,-0.02295283006324526,0.024056328930453803,0.0317772234517129,0.010337952919930067
mortality_fraction_leaf_delta,27,-0.006637527231375656,0.013181644412833598,0.01639284565497374,0.0034482216957773637
mortality_fraction_stem_delta,27,-0.11389209318623891,0.14176634511637093,0.1990742506517619,0.05432722074536598
pool_alloc_froot_sp1,27,-1.2982028423329621,1.368787240286795,1.5854358837332365,0.48479852366779796
pool_alloc_leaf_sp1,27,-0.48138988528084,0.9360130155361265,1.2307313704401472,0.2465091922929373
pool_alloc_stem_sp1,27,-0.544547503207132,0.5653461737780485,0.9828188049431029,0.2659949028698574
pool_turnover_branch_sp1,27,3.6145293828400407,3.6713314885349733,4.030360228246183,1.2483237411630113
pool_turnover_croot_sp1,27,-1.5787531986552357,1.6932055302892597,2.4288479810905845,0.7814977391983287
pool_turnover_froot_sp1,27,-0.8255207081174956,0.8428582079317216,1.0819876326381042,0.31412604967168734
pool_turnover_leaf_sp1,27,-0.2155764551145593,0.42869677678276596,0.6810127455435593,0.1647301806494602
pool_turnover_stem_sp1,27,0.9516102248477034,0.9641485859441209,0.8704147569622276,0.261396997562463
proj_cover,27,-4.0992650720650285,4.13686450507827,8.375534755736608,2.4053167651390663
proj_fire_off,27,0.0775792881773436,0.0775792881773436,0.11992034557465081,0.04120768263103236
proj_fire_on,27,4.115216719521611,4.149843039737357,4.320038717830882,1.2648603579149518
proj_mortality,27,22.669847459609176,22.739110859376776,23.538745362630475,7.660665349212029
proj_thinning_delta,27,44.66773699928218,44.66773699928218,30.37627842304498,7.962170133852619
roth_c_cover_c,27,1.0205343280147023,1.0945062646363009,2.332407540584123,0.7796310977098683
roth_c_dpm_frac_crop,27,-0.023075982678059596,0.023075982678059596,0.02881473502143607,0.008736131014780605
roth_c_dpm_frac_tree,27,1.3323636375789474,1.7631904083920449,2.888859341929411,0.8240119666376039
roth_c_moisture_b_slope,27,-1.7832354388522518,1.8243180788612938,3.319663663046272,1.1066922134541934
roth_c_temp_a1,27,0.6372163421304522,0.6717412410876362,0.874942716836207,0.28390055950048715
roth_c_temp_a2,27,-5.630902850656982,5.818753069663563,7.82896869503544,2.410830808169289
thinning_fraction_branch_delta,27,0.039290196487088,0.03947320431779935,0.0657686315882743,0.021786509754322256
thinning_fraction_croot_delta,27,0.00650188386481815,0.011638090717774588,0.021497754585348302,0.005916736820824319
thinning_fraction_froot_delta,27,0.006295433015241219,0.008761066252228361,0.016629848578530906,0.004489529856107919
thinning_fraction_leaf_delta,27,0.016418005737900164,0.01649584615386839,0.024481765281597852,0.007370885132665951
thinning_fraction_stem_delta,27,0.08175894737717838,0.08434037206759729,0.11344809860356588,0.03192346837492533
tree_carbon_sp1,27,-4.37534807938238,4.735129799943863,5.367927652747447,1.5357846622718987
tree_nitrogen_branch_sp1,27,0.07190425378642507,0.07190425378642507,0.06557942229728206,0.01961478357793761
tree_nitrogen_croot_sp1,27,0.26478911890183776,0.26478911890183776,0.39275939763043144,0.12162875007714465
tree_nitrogen_froot_sp1,27,0.007685363759240141,0.007685363759240141,0.00944567426672851,0.003316886855670222
tree_nitrogen_leaf_sp1,27,1.5460515364547178,1.5460515364547178,2.0328556823183326,0.5813082903624038
tree_nitrogen_stem_sp1,27,0.005105605087153836,0.005105605087153836,0.005460665972019738,0.0017220007067394849
tree_root_in_top_30,27,-2.6007434753326786,2.7966858159969186,3.985341632475326,1.277316275748275
tree_root_to_shoot_sp1,27,-3.2632191412113807,3.6852972167380464,5.016702340883445,1.544196534435901
cy0,28,0.06845010468452786,0.15853944078335433,0.30871412471459597,0.08784516644755884
clay,28,-1.3472330009001745,1.373035081338373,1.805277538478303,0.5317526822039864
temp_ci_delta,28,1.0328108575717294,1.1263300686704294,2.0194582870548774,0.6558417974966977
rain_ci_delta,28,4.682257725391678,6.0539535018387935,9.207499492500224,2.534472938482761
evap_ci_delta,28,0.07015267975279416,2.5959222698021756,5.231435090770062,1.446593213635395
ef_N_inputs,28,1.9810944884659367,2.3782780747590944,3.1419343889801357,0.8170360835246856
volatile_frac_organic_fertiliser,28,-0.016301567573003082,0.016301567573003082,0.009909378296539359,0.003013845060999223
volatile_frac_synthetic_fertiliser,28,0.21208655635002133,0.21208655635002133,0.1144268907169355,0.035733729260370856
base_sf_qty_scale,28,-0.12171437219275325,0.12171437219275325,0.060011127386039906,0.017457688627474714
proj_lit_qty_scale,28,0.012942311023528769,0.01913639010026394,0.019605683628450037,0.0037819199408116186
base_stand_density_scale,28,0.0,0.0,0.0,0.0
proj_stand_density_scale,28,-9.50568235973309,10.978727285315033,13.135017116296007,3.7454632471714353
tree_wood_dens_sp1,28,-15.317580073570605,18.642070042207358,27.062278363039127,7.039212807758268
base_cover,28,0.35123594848640416,0.3704339464658205,0.4539450260482327,0.12238614382576313
base_fire_off,28,-0.07567880067863861,0.07567880067863861,0.14689869148455936,0.0483940430040005
base_fire_on,28,-0.20918702801968667,0.20918702801968667,0.16164144633026614,0.053686580051715616
base_sf_n_delta,28,-0.012054012840149175,0.012054012840149175,0.005283568101080437,0.001669226215326821
crop_base_left_delta,28,0.29052834329284893,0.31330193361812164,0.21940985095732018,0.05397582302352445
crop_base_yield_delta,28,0.056447037304923044,0.11554940391298059,0.1339132368383801,0.025721443337744804
crop_carbon_above_sp3,28,0.026378798459703257,0.03174392853777615,0.028923676653724157,0.0075931078621221375
crop_carbon_below_sp3,28,0.0718189354463828,0.0718189354463828,0.038386940707418896,0.010481296290992799
crop_intercept_sp3,28,0.006391370531215387,0.025462864147186758,0.033790537651975254,0.007889137981958075
crop_nitrogen_above_sp3,28,-0.03367589316494524,0.05319996710472308,0.08374088345839682,0.01818471554318314
crop_nitrogen_below_sp3,28,-0.06759884024286805,0.06759884024286805,0.05058026205105914,0.016310658067563218
crop_carbon_above_sp10,28,0.06626708916366462,0.06626708916366462,0.04683993525821546,0.012835236352012312
crop_carbon_below_sp10,28,0.03254482901312504,0.03356486999454501,0.03088120884509671,0.008784946730941786
crop_intercept_sp10,28,0.02850316654573378,0.04936611457621265,0.055897449781067164,0.01001605458990738
crop_nitrogen_above_sp10,28,-0.04570356913160414,0.04570356913160414,0.029841637006420944,0.008973887083694834
crop_nitrogen_below_sp10,28,-0.02314243569909345,0.023444840719467935,0.029404467166002687,0.008328548589452945
crop_proj_left_delta,28,-0.026921373653764492,0.05795801396869331,0.07471239511041908,0.01718270089016024
crop_proj_yield_delta,28,0.10899100262087483,0.12704969127863316,0.09743731365327904,0.02200061070595224
crop_root_in_top_30,28,0.07156926721609189,0.07557297420301498,0.06705627572102921,0.02039951925288097
crop_root_to_shoot_sp3,28,0.08661080786103895,0.09207429929810151,0.06853959334142685,0.018386956785143044
crop_slope_sp3,28,0.003689938097692863,0.025558496321642636,0.03577585265795018,0.0075658093044953835
crop_root_to_shoot_sp10,28,0.04268905960955142,0.04374898404663857,0.03932189209966277,0.012596762764541065
crop_slope_sp10,28,0.012281754374169609,0.07449145560898321,0.10070334906360459,0.020124351362465782
cy0_to_ceq_multiplier,28,-0.006514024313254527,0.01871315059561631,0.04056180827264863,0.01209136088683502
litter_carbon,28,-0.0037442980744352484,0.0037442980744352484,0.0014740980096293209,0.00042309758953811607
litter_nitrogen,28,0.01398206560187879,0.01398206560187879,0.00723299452115335,0.0024399858924101904
mortality_fraction_branch_delta,28,-0.06619829220762259,0.08325999230006602,0.10259515859654599,0.02450792752912659
mortality_fraction_croot_delta,28,-0.03483844277443748,0.03734440907865165,0.0543850783544882,0.013709022077495484
mortality_fraction_froot_delta,28,-0.0232086962194722,0.024354641343658657,0.03229834341394542,0.010504716541000901
mortality_fraction_leaf_delta,28,-0.0065409262230095525,0.013243124577422088,0.016535746909334237,0.0034661473309317444
mortality_fraction_stem_delta,28,-0.11571092755724806,0.14463720916736877,0.203402612940583,0.05555212585570278
pool_alloc_froot_sp1,28,-1.3254169507159606,1.3998581965011136,1.6359516494647037,0.4996382185894677
pool_alloc_leaf_sp1,28,-0.4825167567137427,0.9429971449103517,1.2469092945023832,0.25001124189153995
pool_alloc_stem_sp1,28,-0.5554544504010455,0.5772512959010918,1.0153458354784684,0.2752135874845648
pool_turnover_branch_sp1,28,3.6657091817052767,3.7349076997031694,4.1705241906047785,1.2906358291664037
pool_turnover_croot_sp1,28,-1.6196119313752295,1.7397670057022308,2.5142059060409028,0.808802586016644
pool_turnover_froot_sp1,28,-0.846078220735232,0.8653046414929335,1.1133171387009293,0.32275719978234824
pool_turnover_leaf_sp1,28,-0.22006864787042751,0.43965394150078385,0.7045177823828749,0.17054311543235545
pool_turnover_stem_sp1,28,0.9616596054647303,0.9779249603525073,0.8938245881922936,0.26738521229488466
proj_cover,28,-4.191808110351483,4.229911448969331,8.71411311842006,2.5048969294850147
proj_fire_off,28,0.07757928817734443,0.07757928817734443,0.11992034557465252,0.04120768263103287
proj_fire_on,28,4.2055088270800685,4.242933436035772,4.444500590102167,1.3029051149355224
proj_mortality,28,23.689281036163443,23.7995945962482,24.84854375775586,8.069619210088916
proj_thinning_delta,28,45.1172106349629,45.1172106349629,31.145719574520896,8.17396325746877
roth_c_cover_c,28,1.0520258949397607,1.122864795551747,2.414919109309207,0.8084905458002972
roth_c_dpm_frac_crop,28,-0.019847979209875678,0.019847979209875678,0.02650751908589717,0.008048788816272766
roth_c_dpm_frac_tree,28,1.367301542380321,1.8024279799301972,2.9805887416883987,0.8542127545424398
roth_c_moisture_b_slope,28,-1.8277914223389158,1.8695240410478817,3.4206682782449547,1.1404621500020624
roth_c_temp_a1,28,0.658888547507756,0.6932121103340261,0.907947515521362,0.29458725888884113
roth_c_temp_a2,28,-5.784384961549483,5.982035684267046,8.102910644125618,2.4957405191370174
thinning_fraction_branch_delta,28,0.03835803606770768,0.03865522516857499,0.06491984643812342,0.021575463270134293
thinning_fraction_croot_delta,28,0.00619581323117187,0.01131835816321371,0.021128026257424586,0.005829710358911803
thinning_fraction_froot_delta,28,0.006129443300069587,0.008642080055750373,0.016633035090417213,0.0044884960703151944
thinning_fraction_leaf_delta,28,0.015939992419491105,0.016047617505723866,0.02433498419814391,0.007381345676512233
thinning_fraction_stem_delta,28,0.07844123664323241,0.08105979014964663,0.1100091614976301,0.030942926889672328
tree_carbon_sp1,28,-4.445272240029754,4.8022635301247005,5.51051991957092,1.5821595927131669
tree_nitrogen_branch_sp1,28,0.07368757620035876,0.07368757620035876,0.06790351314168026,0.020274651051644537
tree_nitrogen_croot_sp1,28,0.273429990937591,0.273429990937591,0.4109433939874699,0.1272203706890585
tree_nitrogen_froot_sp1,28,0.007972403707517667,0.007972403707517667,0.009903185227770098,0.003479955913592313
tree_nitrogen_leaf_sp1,28,1.5942680030655967,1.5942680030655967,2.1203775403810763,0.6069002087764607
tree_nitrogen_stem_sp1,28,0.005214256996354508,0.005214256996354508,0.0056854013077854365,0.0017920299994310693
tree_root_in_top_30,28,-2.6668933457368107,2.8674041873088716,4.129440100974183,1.3269766553938367
tree_root_to_shoot_sp1,28,-3.30261919096517,3.7307146304878267,5.1339672921045505,1.5867446459010954
cy0,29,0.05978051346177449,0.1517479389063237,0.29203262435515265,0.08266880213643484
clay,29,-1.3740667501008255,1.4076688722699973,1.865407057259109,0.5471077110862003
temp_ci_delta,29,1.0611248316798148,1.1604612347187016,2.0943349093715566,0.6801169265935253
rain_ci_delta,29,4.8231083897797875,6.203249805922854,9.519574237767335,2.6312688377857416
evap_ci_delta,29,0.05529365405569274,2.6768472285875426,5.4087888907902695,1.4946679955211057
ef_N_inputs,29,2.0725511671404564,2.4750403286035603,3.2820440648344533,0.8557501125335845
volatile_frac_organic_fertiliser,29,-0.016301567573003807,0.016301567573003807,0.009909378296539892,0.003013845060999242
volatile_frac_synthetic_fertiliser,29,0.21208655635002063,0.21208655635002063,0.11442689071693668,0.03573372926037115
base_sf_qty_scale,29,-0.12171437219275208,0.12171437219275208,0.06001112738603912,0.017457688627474478
proj_lit_qty_scale,29,0.01348643102823211,0.019317957727128705,0.01951085806446144,0.003837193647683703
base_stand_density_scale,29,0.0,0.0,0.0,0.0
proj_stand_density_scale,29,-9.60922289515619,11.087822962396512,13.412207769693818,3.8232399868818363
tree_wood_dens_sp1,29,-15.564967794157429,18.909791036695765,27.764032515750465,7.237134023601114
base_cover,29,0.33725136280587464,0.357353478048028,0.4420662651886789,0.11914631833595199
base_fire_off,29,-0.0756788006786387,0.0756788006786387,0.14689869148455945,0.04839404300400049
base_fire_on,29,-0.2074335349376219,0.2074335349376219,0.1579813303164503,0.052440774052863154
base_sf_n_delta,29,-0.012054012840149259,0.012054012840149259,0.005283568101080867,0.001669226215326986
crop_base_left_delta,29,0.2846794358850616,0.30818503703028444,0.2173768694296443,0.05317508018959559
crop_base_yield_delta,29,0.05136463868643944,0.11382132879521825,0.13301829661695613,0.02498005433298528
crop_carbon_above_sp3,29,0.025455150935394844,0.03101134813796851,0.02846295209181019,0.007397719388864527
crop_carbon_below_sp3,29,0.06805634073909032,0.06805634073909032,0.03771266664565756,0.010358850691355495
crop_intercept_sp3,29,0.006278243400128289,0.02518894173169838,0.033416851761172185,0.007822999526528037
crop_nitrogen_above_sp3,29,-0.03367589316494353,0.05319996710472237,0.08374088345839541,0.018184715543182874
crop_nitrogen_below_sp3,29,-0.0675988402428673,0.0675988402428673,0.05058026205105994,0.016310658067563565
crop_carbon_above_sp10,29,0.0646151892936004,0.0646151892936004,0.04606102462528295,0.01259432095524869
crop_carbon_below_sp10,29,0.031751567480839474,0.03279543789181507,0.030311122460602368,0.008592747372772418
crop_intercept_sp10,29,0.027112007511418262,0.04880485665484353,0.055514941777951576,0.00978432041522953
crop_nitrogen_above_sp10,29,-0.04570356913160401,0.04570356913160401,0.02984163700642134,0.008973887083694761
crop_nitrogen_below_sp10,29,-0.023142435699092617,0.023444840719467102,0.02940446716600196,0.008328548589452757
crop_proj_left_delta,29,-0.02754319231124871,0.05770965866232887,0.07439950652106361,0.0173010820471252
crop_proj_yield_delta,29,0.11051126804111666,0.12787687343371373,0.09740510789469606,0.022280855715282107
crop_root_in_top_30,29,0.0676807542699821,0.07205312110149639,0.06551324718285412,0.019835244100888667
crop_root_to_shoot_sp3,29,0.08065177340684496,0.08663848389122727,0.06681994253767379,0.017832013162732016
crop_slope_sp3,29,0.0010475258421665413,0.025386380513669267,0.03539210133291291,0.007367294807879381
crop_root_to_shoot_sp10,29,0.0413315012844885,0.04256524593109373,0.03862822075428113,0.01227237206234544
crop_slope_sp10,29,0.008991759348236355,0.07367238045792497,0.1001067375056156,0.019857633127669392
cy0_to_ceq_multiplier,29,-0.006268243188428416,0.017434227898878267,0.03821998661966773,0.011345953699549076
litter_carbon,29,-0.003657879231143252,0.003657879231143252,0.0014586900098551244,0.0004191378227191675
litter_nitrogen,29,0.013982065601880908,0.013982065601880908,0.0072329945211538705,0.0024399858924102624
mortality_fraction_branch_delta,29,-0.06696231987151992,0.08434471145886288,0.10406698757574122,0.02480458780805634
mortality_fraction_croot_delta,29,-0.03525866420627838,0.03783268223647439,0.05518964581170764,0.01391033590608866
mortality_fraction_froot_delta,29,-0.02342926022865145,0.024632245056019353,0.032774416343583294,0.010651965748301798
mortality_fraction_leaf_delta,29,-0.00641537600788612,0.0132723809710805,0.016654767575470047,0.0034795565842589754
mortality_fraction_stem_delta,29,-0.11737000330284122,0.14740524357799703,0.20748959135696649,0.0567033771769115
pool_alloc_froot_sp1,29,-1.3510551776062918,1.4291139145672098,1.685388347470676,0.5141965391682023
pool_alloc_leaf_sp1,29,-0.4818076656973065,0.9481495450863673,1.2612212552115238,0.25309979401305116
pool_alloc_stem_sp1,29,-0.5649437558654758,0.5877128217444785,1.045862207303402,0.28390509159676197
pool_turnover_branch_sp1,29,3.7004918317732303,3.7814146537763413,4.295743598831648,1.3286743825896907
pool_turnover_croot_sp1,29,-1.6601760843196085,1.7860874607211545,2.59970515666719,0.8360827283168827
pool_turnover_froot_sp1,29,-0.8664382411255713,0.8874147792846225,1.1441030673435155,0.3312284686472616
pool_turnover_leaf_sp1,29,-0.22432185824775025,0.45032439875119684,0.7281779023564663,0.17645332435927163
pool_turnover_stem_sp1,29,0.9670155469167117,0.9867362698963454,0.9132915953860463,0.27232048972145173
proj_cover,29,-4.28507787997034,4.323599971440441,9.059651036172028,2.605840628482414
proj_fire_off,29,0.07757928817734423,0.07757928817734423,0.11992034557465232,0.04120768263103288
proj_fire_on,29,4.294197816138263,4.33474078523827,4.56713371613206,1.3404316480823264
proj_mortality,29,24.69666483090929,24.847514495221812,26.15851875536544,8.47872827186104
proj_thinning_delta,29,45.46634675642864,45.46634675642864,31.894848514267032,8.381696107570333
roth_c_cover_c,29,1.0839468160813917,1.1519338856113959,2.5011048719734745,0.8384458435158848
roth_c_dpm_frac_crop,29,-0.017255823698981647,0.017255823698981647,0.02442343730800287,0.007425974538004722
roth_c_dpm_frac_tree,29,1.3994516916589208,1.838464035693304,3.0692361335983183,0.8836389395480321
roth_c_moisture_b_slope,29,-1.870803088183353,1.9130799014257243,3.518918093907989,1.1732943252237849
roth_c_temp_a1,29,0.680284249446319,0.7145564908180667,0.9415272536955056,0.30538567813766165
roth_c_temp_a2,29,-5.939198419764755,6.152997699291551,8.383883578414151,2.580100126111656
thinning_fraction_branch_delta,29,0.0376731856840517,0.0380410635386763,0.06411378509159876,0.021357412546205566
thinning_fraction_croot_delta,29,0.006035539083604965,0.011075009819617523,0.020789974025492514,0.005754315514305539
thinning_fraction_froot_delta,29,0.006020372220650505,0.008534026984899867,0.01656652983666864,0.004470663057820975
thinning_fraction_leaf_delta,29,0.01556374075749364,0.015694865134526722,0.02419813573963668,0.007390936196211709
thinning_fraction_stem_delta,29,0.07598873457850214,0.07857578173028601,0.10723375338232086,0.03016301337339864
tree_carbon_sp1,29,-4.50602770265637,4.859880288553553,5.64697128621545,1.6267173046847132
tree_nitrogen_branch_sp1,29,0.07547187186688184,0.07547187186688184,0.07027873582344517,0.02094949812204506
tree_nitrogen_croot_sp1,29,0.28215710806477784,0.28215710806477784,0.42955870921241,0.13294306190306734
tree_nitrogen_froot_sp1,29,0.00826449821016996,0.00826449821016996,0.010371852803290007,0.0036470088351224952
tree_nitrogen_leaf_sp1,29,1.642935778122785,1.642935778122785,2.2092830115018227,0.6329666192701441
tree_nitrogen_stem_sp1,29,0.005324561830470786,0.005324561830470786,0.005915058135161924,0.0018637522116140791
tree_root_in_top_30,29,-2.731126337347353,2.935498666187663,4.27278216589411,1.3766233104254326
tree_root_to_shoot_sp1,29,-3.334969025246938,3.769063425815631,5.244945184932057,1.6275010747816991
cy0,30,0.05165111516850089,0.14516115065225377,0.27781714019316583,0.07834835503853409
clay,30,-1.4006573042813142,1.4415482359176022,1.9254432366293208,0.5626254560200267
temp_ci_delta,30,1.0890912008418154,1.1936676306228364,2.1700177110001526,0.704725128409552
rain_ci_delta,30,4.962297076562704,6.352383506869816,9.82483682282233,2.724408817706708
evap_ci_delta,30,0.03798219527475111,2.7559216093243255,5.585036776001534,1.5422880487801982
ef_N_inputs,30,2.1646441520082673,2.5736407343125682,3.4245234682060786,0.8948784547170836
volatile_frac_organic_fertiliser,30,-0.01630156757300389,0.01630156757300389,0.00990937829653995,0.003013845060999258
volatile_frac_synthetic_fertiliser,30,0.21208655635002138,0.21208655635002138,0.11442689071693592,0.03573372926037096
base_sf_qty_scale,30,-0.12171437219275338,0.12171437219275338,0.060011127386039365,0.01745768862747434
proj_lit_qty_scale,30,0.014007199448516397,0.0194918061176277,0.019422839671451326,0.0038965863044255777
base_stand_density_scale,30,0.0,0.0,0.0,0.0
proj_stand_density_scale,30,-9.686602267182282,11.170842922835647,13.669748773289845,3.8946016145922675
tree_wood_dens_sp1,30,-15.775648616816252,19.14104972759843,28.43280437529855,7.426846762558233
base_cover,30,0.32396909238079985,0.3453040285019006,0.43084636730997855,0.11611929653991174
base_fire_off,30,-0.07567880067863815,0.07567880067863815,0.14689869148455773,0.04839404300399983
base_fire_on,30,-0.20573544861101292,0.20573544861101292,0.15446960222645864,0.05124396495028648
base_sf_n_delta,30,-0.01205401284014936,0.01205401284014936,0.005283568101081316,0.0016692262153272363
crop_base_left_delta,30,0.27902933595428453,0.3032383617087224,0.21545403208448638,0.05242357681703377
crop_base_yield_delta,30,0.04647164047145698,0.11217062938157585,0.13221499853769955,0.024353117288436924
crop_carbon_above_sp3,30,0.024658090646920018,0.030335622338219893,0.028007357873388566,0.007226529386826477
crop_carbon_below_sp3,30,0.06486895158722476,0.06486895158722476,0.03720661172487108,0.010286452616390364
crop_intercept_sp3,30,0.006168215463307561,0.024970145162573336,0.033066270272808757,0.007755790983399293
crop_nitrogen_above_sp3,30,-0.03367589316494528,0.05319996710472341,0.0837408834583969,0.018184715543182878
crop_nitrogen_below_sp3,30,-0.06759884024286779,0.06759884024286779,0.050580262051060386,0.01631065806756381
crop_carbon_above_sp10,30,0.06304405191822332,0.06304405191822332,0.04533286887167265,0.012369056294605205
crop_carbon_below_sp10,30,0.030998899158673338,0.03206415330039189,0.029783882662489453,0.008416373363295268
crop_intercept_sp10,30,0.02579614227456467,0.048342487109926766,0.055175778000342415,0.009576881124728164
crop_nitrogen_above_sp10,30,-0.04570356913160297,0.04570356913160297,0.029841637006421683,0.008973887083694891
crop_nitrogen_below_sp10,30,-0.023142435699091003,0.02344484071946549,0.02940446716600338,0.00832854858945314
crop_proj_left_delta,30,-0.02780575626756589,0.05739357556351392,0.0740658709560016,0.017356361289026505
crop_proj_yield_delta,30,0.11201456854912825,0.12869231736463593,0.09737137945412341,0.022562048680129745
crop_root_in_top_30,30,0.06430430262970249,0.06899335616151189,0.06415090438538633,0.0193386191330651
crop_root_to_shoot_sp3,30,0.07560993883254472,0.0821094734955926,0.06537974063940087,0.017348035212584743
crop_slope_sp3,30,-0.0011879244781423048,0.02551220443004511,0.03505647652107703,0.007211710195091824
crop_root_to_shoot_sp10,30,0.04004103918449416,0.041476781973509166,0.037991353115528814,0.01194823264135341
crop_slope_sp10,30,0.00584821058151958,0.07307034591771351,0.09958370745221659,0.01960958224505801
cy0_to_ceq_multiplier,30,-0.006035362959056322,0.016254547917589606,0.03633245482381767,0.010745628512949114
litter_carbon,30,-0.0035745730908489926,0.0035745730908489926,0.0014444375301754392,0.00041548844437178854
litter_nitrogen,30,0.013982065601879442,0.013982065601879442,0.007232994521153624,0.0024399858924101774
mortality_fraction_branch_delta,30,-0.06757025685811362,0.08527805261770072,0.10538384822035689,0.02505742297725322
mortality_fraction_croot_delta,30,-0.03562855225918616,0.03826596018349438,0.055922040973754375,0.01409495487575751
mortality_fraction_froot_delta,30,-0.023610780809331888,0.02487333272505369,0.03320030716000239,0.010781020544914524
mortality_fraction_leaf_delta,30,-0.006258988321715847,0.013267380322721683,0.016749130309852176,0.003488652994870465
mortality_fraction_stem_delta,30,-0.11884800562267317,0.14994182882632437,0.21131031365620487,0.05779071298147325
pool_alloc_froot_sp1,30,-1.3749071119036622,1.4563377463550788,1.7334735938386432,0.5283891278875983
pool_alloc_leaf_sp1,30,-0.47909540244617554,0.9512417306455345,1.2733837011235154,0.2557254291774722
pool_alloc_stem_sp1,30,-0.5728726246574236,0.5965318929360368,1.0740237786522873,0.29200262754192796
pool_turnover_branch_sp1,30,3.7174744938559128,3.809116512648296,4.403912529826542,1.3618511169659322
pool_turnover_croot_sp1,30,-1.700214469268969,1.8315300790541489,2.6848919596966194,0.8633551874398154
pool_turnover_froot_sp1,30,-0.8864562738631883,0.9090449475757447,1.1741743003475151,0.339487531348359
pool_turnover_leaf_sp1,30,-0.2282593576578658,0.4606404148828903,0.7518891534648846,0.18243021589831468
pool_turnover_stem_sp1,30,0.9673200588800439,0.9902112400946308,0.9283927922973672,0.27607627370018584
proj_cover,30,-4.3785151264627045,4.420298728708299,9.409855275172498,2.70673504949561
proj_fire_off,30,0.07757928817734364,0.07757928817734364,0.11992034557465046,0.04120768263103228
proj_fire_on,30,4.381092823047794,4.424911898958281,4.687733445932383,1.3773953814589566
proj_mortality,30,25.685307134929424,25.877333149441807,27.46136516561889,8.884447723546309
proj_thinning_delta,30,45.70615430486986,45.70615430486986,32.61882490210961,8.583993471026725
roth_c_cover_c,30,1.1160862972240042,1.1814841101583933,2.5904730821350754,0.8693221819292741
roth_c_dpm_frac_crop,30,-0.015147344042326098,0.015147344042326098,0.022547161638782426,0.0068638629719747195
roth_c_dpm_frac_tree,30,1.4286385069795788,1.8709712358441284,3.1541760198656372,0.9121241738347318
roth_c_moisture_b_slope,30,-1.9118860848883081,1.9546128553262592,3.613621725636043,1.2049298686790524
roth_c_temp_a1,30,0.701277118501011,0.7354534430405401,0.975478452602497,0.3162716283493373
roth_c_temp_a2,30,-6.093819777863979,6.322263870503788,8.669544382403702,2.6666426639972207
thinning_fraction_branch_delta,30,0.037161904045542794,0.037567765362844265,0.06331501159687968,0.021126614170281107
thinning_fraction_croot_delta,30,0.0059849863861635485,0.010886730463528204,0.0204682760839303,0.005684448069362891
thinning_fraction_froot_delta,30,0.00595129281729721,0.008431606536836517,0.016440116522008105,0.004437381279597396
thinning_fraction_leaf_delta,30,0.015261008807510254,0.01539683108205028,0.024058417926472935,0.007397702488179118
thinning_fraction_stem_delta,30,0.07417454739512339,0.07667762549852788,0.10494095779922717,0.029527083310283014
tree_carbon_sp1,30,-4.556901052526537,4.907246784178204,5.776220599892224,1.6691105918116746
tree_nitrogen_branch_sp1,30,0.07725066862003444,0.07725066862003444,0.07269817807568128,0.021637357676329714
tree_nitrogen_croot_sp1,30,0.2909457011811266,0.2909457011811266,0.44856942188001053,0.13878571269896986
tree_nitrogen_froot_sp1,30,0.008560944559942435,0.008560944559942435,0.010850834241845913,0.0038177486445588613
tree_nitrogen_leaf_sp1,30,1.691903797288949,1.691903797288949,2.2993486708083153,0.6594439400827425
tree_nitrogen_stem_sp1,30,0.0054360956849034085,0.0054360956849034085,0.006148904786890281,0.0019369363936721858
tree_root_in_top_30,30,-2.7929917644087987,3.000546290490413,4.4146175124358376,1.425975094583615
tree_root_to_shoot_sp1,30,-3.3598264300499965,3.799760248013199,5.348734497056298,1.6661635721672108
cy0,31,0.0440304576588101,0.13863903924299115,0.26591233381654067,0.07481712512785618
clay,31,-1.4268570355713095,1.4745489413197839,1.985115822560937,0.5782071128241916
temp_ci_delta,31,1.1164386283350352,1.2259784117487293,2.2458670513309853,0.7293680871031033
rain_ci_delta,31,5.098533733233344,6.494096407236452,10.122000366001984,2.816089552209981
evap_ci_delta,31,0.018550179939506573,2.8329241312443796,5.759377650992415,1.5892328576254027
ef_N_inputs,31,2.257076765874037,2.6724109661989117,3.569023073026594,0.9346589923076781
volatile_frac_organic_fertiliser,31,-0.016301567573003762,0.016301567573003762,0.009909378296539876,0.0030138450609992176
volatile_frac_synthetic_fertiliser,31,0.21208655635002086,0.21208655635002086,0.11442689071693561,0.03573372926037064
base_sf_qty_scale,31,-0.12171437219275208,0.12171437219275208,0.06001112738603987,0.017457688627474807
proj_lit_qty_scale,31,0.01450665315034545,0.019658622243997413,0.019340566754646456,0.003959117163912892
base_stand_density_scale,31,0.0,0.0,0.0,0.0
proj_stand_density_scale,31,-9.736115072095753,11.225787260881024,13.904989372231645,3.9588986390999708
tree_wood_dens_sp1,31,-15.946766122249324,19.33214990037508,29.06270949675684,7.606917653936467
base_cover,31,0.31134517154988106,0.33374055480539794,0.420239852663783,0.1133044925852336
base_fire_off,31,-0.07567880067863868,0.07567880067863868,0.14689869148455859,0.04839404300400013
base_fire_on,31,-0.20408916996873935,0.20408916996873935,0.15109798636415697,0.05009321179711986
base_sf_n_delta,31,-0.012054012840149817,0.012054012840149817,0.005283568101081102,0.001669226215327214
crop_base_left_delta,31,0.2735618409486996,0.29844705911793634,0.21362836258693585,0.05171657444092638
crop_base_yield_delta,31,0.04175144599959685,0.11058786595438204,0.13149037299504968,0.02383333025188641
crop_carbon_above_sp3,31,0.02395307325250077,0.029702449162160294,0.027558297462525135,0.007072848925675382
crop_carbon_below_sp3,31,0.0621205840426043,0.0621205840426043,0.03682019391179215,0.010248455342952854
crop_intercept_sp3,31,0.006060748966274657,0.024776226333972997,0.0327376100452305,0.007683111951585525
crop_nitrogen_above_sp3,31,-0.03367589316494342,0.05319996710472423,0.08374088345839821,0.01818471554318332
crop_nitrogen_below_sp3,31,-0.06759884024286714,0.06759884024286714,0.05058026205105905,0.01631065806756346
crop_carbon_above_sp10,31,0.06154506490594891,0.06154506490594891,0.04464965083638022,0.01215770537936109
crop_carbon_below_sp10,31,0.030282671458732542,0.03136706813421078,0.0292952547741523,0.008254292192400791
crop_intercept_sp10,31,0.024548175900238854,0.0479090424253135,0.054873594999984746,0.00939424672239718
crop_nitrogen_above_sp10,31,-0.04570356913160195,0.04570356913160195,0.029841637006423324,0.008973887083695785
crop_nitrogen_below_sp10,31,-0.023142435699093276,0.02344484071946778,0.02940446716600255,0.008328548589452752
crop_proj_left_delta,31,-0.027804295583299,0.057033643757472,0.07371602132554343,0.01735998376949111
crop_proj_yield_delta,31,0.11349748630781872,0.12949454564468163,0.09733620006613278,0.022843190727331424
crop_root_in_top_30,31,0.06131826678194082,0.06628694995349985,0.06293904141345699,0.018897335216687003
crop_root_to_shoot_sp3,31,0.07127015448234877,0.07836659440920093,0.0641736001203519,0.01686763772955918
crop_slope_sp3,31,-0.0031177201863683197,0.02574038371367176,0.03476657576306346,0.007082806729895235
crop_root_to_shoot_sp10,31,0.038811028794932076,0.04043851041303964,0.037404601815880074,0.011649982437537244
crop_slope_sp10,31,0.0028372527890849902,0.07258156297015428,0.09912250090163963,0.019398306096688533
cy0_to_ceq_multiplier,31,-0.005814355194907499,0.015696468486395627,0.03483937344388381,0.010246397323327293
litter_carbon,31,-0.0034941268216422293,0.0034941268216422293,0.0014311447376820618,0.00041209337417072087
litter_nitrogen,31,0.013982065601878169,0.013982065601878169,0.00723299452115519,0.002439985892410881
mortality_fraction_branch_delta,31,-0.06800953585334021,0.08604526318397432,0.10653191096205475,0.02526368470712954
mortality_fraction_croot_delta,31,-0.035943166435609256,0.038638818599717004,0.05657519014793307,0.014261175886089642
mortality_fraction_froot_delta,31,-0.02374951006206221,0.025067123532722686,0.033571002950638695,0.010893210183060924
mortality_fraction_leaf_delta,31,-0.006069724234930868,0.013226056625498856,0.01681829462629929,0.0034937960338879952
mortality_fraction_stem_delta,31,-0.12012238376578317,0.15222442009763765,0.2148390349625627,0.05880825318136385
pool_alloc_froot_sp1,31,-1.396749795712542,1.4813049370267108,1.779919023789534,0.5421251075301391
pool_alloc_leaf_sp1,31,-0.4742114125072794,0.9522308810481277,1.2831370741019625,0.25778138697843755
pool_alloc_stem_sp1,31,-0.5791037792554171,0.603645703875717,1.0994936652588456,0.29938909427533045
pool_turnover_branch_sp1,31,3.7153945099230894,3.8172258254769575,4.493014019242482,1.389447916265653
pool_turnover_croot_sp1,31,-1.739463442789409,1.8758190774018686,2.769291307886248,0.8904633087955358
pool_turnover_froot_sp1,31,-0.9059746207474678,0.9301138411117857,1.2033529349691436,0.34744801395276287
pool_turnover_leaf_sp1,31,-0.2317989241642123,0.4705303012998295,0.7755414691628499,0.18844216426448035
pool_turnover_stem_sp1,31,0.9622601930343786,0.9880267151610566,0.9387397868343396,0.2785351234506212
proj_cover,31,-4.471521132569567,4.522982944589686,9.76265152773472,2.8061618392348797
proj_fire_off,31,0.07757928817734347,0.07757928817734347,0.11992034557465023,0.041207682631032125
proj_fire_on,31,4.465933331875792,4.513066863648001,4.806037434907406,1.4137284493923734
proj_mortality,31,26.648165007616363,26.879955852525804,28.749339132724486,9.285528667987542
proj_thinning_delta,31,45.828376229762505,45.828376229762505,33.312556059857094,8.779389729547601
roth_c_cover_c,31,1.1482435150730708,1.2151799341374605,2.6825352465642305,0.8997605197912678
roth_c_dpm_frac_crop,31,-0.013412962653572308,0.013412962653572308,0.020857339076479645,0.0063564113734750766
roth_c_dpm_frac_tree,31,1.4546345686492557,1.899628444970721,3.2347956864662755,0.939495143835554
roth_c_moisture_b_slope,31,-1.9507235635864284,1.9938169429045534,3.704147714463018,1.2351597217678982
roth_c_temp_a1,31,0.721745280782214,0.7557654332679332,1.0095933198921905,0.327178440169381
roth_c_temp_a2,31,-6.246825406786621,6.490387583058227,8.957802060885749,2.7544429239406862
thinning_fraction_branch_delta,31,0.036772106745276256,0.037191068169018016,0.06250427500749878,0.02088081417836172
thinning_fraction_croot_delta,31,0.006017518966326629,0.010737086165329668,0.02015349954229268,0.0056167276607226035
thinning_fraction_froot_delta,31,0.0059103410636407285,0.00833089849115774,0.0162626054478127,0.004390509180539224
thinning_fraction_leaf_delta,31,0.015011294971673922,0.015137558185808152,0.023909268708665787,0.007398681390373057
thinning_fraction_stem_delta,31,0.07283027180510453,0.07520916807375559,0.10300534056789373,0.028996175753196837
tree_carbon_sp1,31,-4.59718758981296,4.943648038990736,5.897209800207862,1.708993985004527
tree_nitrogen_branch_sp1,31,0.07901719631117013,0.07901719631117013,0.07515435079971987,0.02233609212178678
tree_nitrogen_croot_sp1,31,0.29976926461374964,0.29976926461374964,0.46793511242433766,0.14473584102027334
tree_nitrogen_froot_sp1,31,0.008860975082316421,0.008860975082316421,0.01133917541184633,0.0039918386676541726
tree_nitrogen_leaf_sp1,31,1.741011067914048,1.741011067914048,2.3903311351912984,0.6862625059045678
tree_nitrogen_stem_sp1,31,0.005548411422412472,0.005548411422412472,0.006386178545376695,0.0020113409277982366
tree_root_in_top_30,31,-2.8520095010410893,3.0626711970127376,4.554166495245541,1.4747297383248228
tree_root_to_shoot_sp1,31,-3.376747168584007,3.82224920382574,5.444444528698975,1.7024251641672852
cy0,32,0.036889648022825794,0.13317666636297343,0.2561429251653838,0.07167393459030519
clay,32,-1.4063271060774774,1.4830575546259603,2.0252279438470984,0.5843329532962989
temp_ci_delta,32,1.1104253454611317,1.2476276455607695,2.3157063548438943,0.7487189854269586
rain_ci_delta,32,5.124945575348052,6.556612440764826,10.33340166619523,2.872192897941957
evap_ci_delta,32,0.009399196040594448,2.8877038222816607,5.881775153416797,1.6175072582599181
ef_N_inputs,32,2.2708590023693356,2.76286702424651,3.7187417146190476,0.962958774973873
volatile_frac_organic_fertiliser,32,-0.016301567573003904,0.016301567573003904,0.009909378296539768,0.003013845060999206
volatile_frac_synthetic_fertiliser,32,0.21208655635002124,0.21208655635002124,0.11442689071693579,0.03573372926037086
base_sf_qty_scale,32,-0.12171437219275291,0.12171437219275291,0.060011127386039746,0.017457688627474523
proj_lit_qty_scale,32,0.014986500023346177,0.01981895781707039,0.019263184782969654,0.004023986536308609
base_stand_density_scale,32,0.0,0.0,0.0,0.0
proj_stand_density_scale,32,-9.756157970350511,11.25080377614088,14.115370641374152,4.015502949842286
tree_wood_dens_sp1,32,-16.075561423026734,19.4796352820212,29.647986015044125,7.775917661730405
base_cover,32,0.29933920039181955,0.3226062475008278,0.4102028265646178,0.11068375757623472
base_fire_off,32,-0.07567880067863812,0.07567880067863812,0.14689869148455767,0.048394043003999826
base_fire_on,32,-0.2024916359644989,0.2024916359644989,0.14785943016373945,0.04898598798535598
base_sf_n_delta,32,-0.012054012840149075,0.012054012840149075,0.005283568101081269,0.001669226215327158
crop_base_left_delta,32,0.26826286653016423,0.29379858293612304,0.21188887918839674,0.05104987946329397
crop_base_yield_delta,32,0.03719016770406728,0.10906462356225495,0.13083256907753246,0.02341391739093995
crop_carbon_above_sp3,32,0.11268294187040506,0.11268294187040506,0.06790006746276583,0.019728303898012098
crop_carbon_below_sp3,32,0.25452630638682255,0.25452630638682255,0.09223630333511405,0.025752774827238353
crop_intercept_sp3,32,0.12910524411175656,0.13916617168098816,0.1714020954364949,0.05022221211936775
crop_nitrogen_above_sp3,32,-0.06693056078586383,0.07202355101829594,0.09143711527675721,0.02260796695553636
crop_nitrogen_below_sp3,32,-0.11086118948445949,0.11086118948445949,0.08012494133274715,0.025742508856431832
crop_carbon_above_sp10,32,0.060112278763747654,0.060112278763747654,0.04400604533966617,0.011958874060963267
crop_carbon_below_sp10,32,0.029599235519387694,0.030700751809889265,0.028840889062993216,0.008104859388970567
crop_intercept_sp10,32,0.023360944094809995,0.04750059497316994,0.054602886362682436,0.009233825008450824
crop_nitrogen_above_sp10,32,-0.04570356913160324,0.04570356913160324,0.02984163700642219,0.00897388708369521
crop_nitrogen_below_sp10,32,-0.023142435699091968,0.023444840719466387,0.02940446716600275,0.008328548589453338
crop_proj_left_delta,32,0.1907984961956643,0.19719022512779316,0.15997569920679375,0.048903418919364686
crop_proj_yield_delta,32,-0.27478005307496445,0.3145457698536894,0.30453489585488164,0.07279569064524934
crop_root_in_top_30,32,0.21466250211872523,0.21466250211872523,0.1116302476392924,0.03491809916871842
crop_root_to_shoot_sp3,32,0.35971164131574057,0.35971164131574057,0.14493440764793267,0.042924354770890925
crop_slope_sp3,32,0.09505281901641607,0.0959897859338779,0.06345387126868414,0.017349746055499195
crop_root_to_shoot_sp10,32,0.037635873607632694,0.039445467084693486,0.03686170810775083,0.011375135567352762
crop_slope_sp10,32,-5.2991016555384296e-05,0.07220208743845402,0.09871376191383602,0.01918009973486896
cy0_to_ceq_multiplier,32,-0.005603501529219931,0.015338692927718741,0.03368215918594295,0.009851648635827815
litter_carbon,32,-0.003416325704477352,0.003416325704477352,0.001418649209949829,0.00040890630833252526
litter_nitrogen,32,0.013982065601877511,0.013982065601877511,0.007232994521154723,0.002439985892410594
mortality_fraction_branch_delta,32,-0.06826806224812049,0.08663154640435172,0.10749749635978989,0.02542088754487629
mortality_fraction_croot_delta,32,-0.03619761023652212,0.03894681147869377,0.0571422170958003,0.014407212180987969
mortality_fraction_froot_delta,32,-0.023841820544958366,0.025210116845298735,0.0338816799639501,0.010986876242535776
mortality_fraction_leaf_delta,32,-0.005845527648365723,0.013146359437417255,0.016862016353590813,0.0034955342060572457
mortality_fraction_stem_delta,32,-0.12117021538947785,0.15423050628171142,0.2180497062784949,0.05974994641032681
pool_alloc_froot_sp1,32,-1.4163548818223606,1.5045462562456065,1.8244246070894818,0.5550703169040879
pool_alloc_leaf_sp1,32,-0.46699153384153425,0.9513957107374231,1.290248324327718,0.2590675901932492
pool_alloc_stem_sp1,32,-0.5835096498184752,0.6091047375017924,1.1219486957620561,0.30592029737436616
pool_turnover_branch_sp1,32,3.6931734646111187,3.807319342101599,4.561173306788439,1.4104690261911512
pool_turnover_croot_sp1,32,-1.7776339296055241,1.9187596544695105,2.852409102804584,0.9172334612397227
pool_turnover_froot_sp1,32,-0.9248259039483446,0.9506647225666557,1.2314549325655322,0.35496320079182214
pool_turnover_leaf_sp1,32,-0.23485490658953628,0.4799189931280191,0.7990189998628981,0.1944569482524043
pool_turnover_stem_sp1,32,0.9515809040483484,0.9799204240535607,0.9439905532000671,0.2795923738832181
proj_cover,32,-4.469275959042391,4.575700955807948,10.07252201528819,2.883323772753652
proj_fire_off,32,0.05485737965524558,0.05485737965524558,0.10861682660156231,0.03751853685995003
proj_fire_on,32,4.446453328911724,4.524988302720275,4.859237036751758,1.4325473912917537
proj_mortality,32,27.577950818174134,27.846714466372738,30.014349627412727,9.680168167977333
proj_thinning_delta,32,45.82559108368678,45.82559108368678,33.97079821013432,8.966354693268082
roth_c_cover_c,32,1.1610247021615192,1.2379746907277747,2.765302061681204,0.9254112935591503
roth_c_dpm_frac_crop,32,-0.11621753750911093,0.11621753750911093,0.047996325482183244,0.013456112176936133
roth_c_dpm_frac_tree,32,1.4771793184403654,1.925258722890477,3.310489793557595,0.9654241319207025
roth_c_moisture_b_slope,32,-1.953028398109066,2.0022838007953796,3.7580907688302316,1.2534046865634176
roth_c_temp_a1,32,0.728855744353042,0.7672388103642349,1.0408076935979178,0.33624242979593727
roth_c_temp_a2,32,-6.281888542414814,6.621177461276427,9.228928597918143,2.820888442409074
thinning_fraction_branch_delta,32,0.036466421198294234,0.03687928034274092,0.06167216641381661,0.020619742471590177
thinning_fraction_croot_delta,32,0.006113031808908337,0.01061332654913127,0.019840173423692632,0.005549464494917096
thinning_fraction_froot_delta,32,0.005889114395937084,0.008228962313041415,0.016041720185912343,0.0043320198862236165
thinning_fraction_leaf_delta,32,0.014799429395303793,0.014905230560486576,0.023747228950719016,0.007392323927790114
thinning_fraction_stem_delta,32,0.07183014588693395,0.07405395880108838,0.10133835189021369,0.028543080752058192
tree_carbon_sp1,32,-4.62621714573878,4.968410161618744,6.008899840314252,1.7460286933356033
tree_nitrogen_branch_sp1,32,0.08076443643769197,0.08076443643769197,0.07763922352271124,0.023043403403957
tree_nitrogen_croot_sp1,32,0.3085997231530017,0.3085997231530017,0.48761097728093983,0.1507796300339243
tree_nitrogen_froot_sp1,32,0.009163760737041763,0.009163760737041763,0.011835812868564333,0.0041689032290700275
tree_nitrogen_leaf_sp1,32,1.7900877086433795,1.7900877086433795,2.4819682253313986,0.7133468667328269
tree_nitrogen_stem_sp1,32,0.005661041326360616,0.005661041326360616,0.006626085118369339,0.0020867135374074285
tree_root_in_top_30,32,-2.90768200197547,3.12196222719613,4.690625531419761,1.5226005676321441
tree_root_to_shoot_sp1,32,-3.385307153982761,3.836014985003107,5.5312100811623575,1.7359808420571974
cy0,33,0.03020186980786046,0.12986794967836884,0.24831681696138003,0.06855779648293982
clay,33,-1.4253561066490843,1.5104853926964725,2.0836868985135504,0.5999838384733446
temp_ci_delta,33,1.133796554875229,1.2778312961325455,2.393500817151565,0.7734693787768103
rain_ci_delta,33,5.2507549812775824,6.669318833106772,10.599697263313502,2.9598427585754536
evap_ci_delta,33,-0.017212516489712625,2.957690225665407,6.044572241663691,1.65954500063333
ef_N_inputs,33,2.3630162063878104,2.8637864568575515,3.866063378788392,1.0035588834168379
volatile_frac_organic_fertiliser,33,-0.01630156757300371,0.01630156757300371,0.009909378296539876,0.003013845060999209
volatile_frac_synthetic_fertiliser,33,0.21208655635002055,0.21208655635002055,0.11442689071693682,0.03573372926037124
base_sf_qty_scale,33,-0.12171437219275313,0.12171437219275313,0.0600111273860406,0.01745768862747492
proj_lit_qty_scale,33,0.015448280137132914,0.019973324724526627,0.019189973617971177,0.004090559630184015
base_stand_density_scale,33,0.0,0.0,0.0,0.0
proj_stand_density_scale,33,-9.745291121299227,11.244687661120176,14.29847317224466,4.063848596040703
tree_wood_dens_sp1,33,-16.159468151281853,19.58034360148647,30.183073908144724,7.932449386536634
base_cover,33,0.28791392717165504,0.3123648214387905,0.40069519284349336,0.10807136744963519
base_fire_off,33,-0.075678800678638,0.075678800678638,0.14689869148455748,0.0483940430039997
base_fire_on,33,-0.20093999938635737,0.20093999938635737,0.14474722210416624,0.0479199524409224
base_sf_n_delta,33,-0.012054012840150266,0.012054012840150266,0.005283568101080366,0.0016692262153269225
crop_base_left_delta,33,0.26312067763592173,0.2892823104460394,0.210225677388819,0.05041968106960042
crop_base_yield_delta,33,0.03277605366796306,0.10759409270793355,0.13023205468357715,0.02308818107319014
crop_carbon_above_sp3,33,0.08296623521782001,0.08296623521782001,0.04668588968385504,0.013748027948276162
crop_carbon_below_sp3,33,0.1951581572988213,0.1951581572988213,0.07450788001801294,0.020684701547710915
crop_intercept_sp3,33,0.07721173924879346,0.08718758571447363,0.10704919139296261,0.030647496441717496
crop_nitrogen_above_sp3,33,-0.06693056078586399,0.0720235510182965,0.09143711527675716,0.022607966955536206
crop_nitrogen_below_sp3,33,-0.11086118948445886,0.11086118948445886,0.08012494133274782,0.025742508856432072
crop_carbon_above_sp10,33,0.05873929166142431,0.05873929166142431,0.043397952051709224,0.011771454782029482
crop_carbon_below_sp10,33,0.0289459475451521,0.030062697006587463,0.028417090591946595,0.007966756696684554
crop_intercept_sp10,33,0.02222816431015694,0.047128449496688575,0.05435896966142423,0.00908760380938075
crop_nitrogen_above_sp10,33,-0.04570356913160199,0.04570356913160199,0.02984163700642176,0.008973887083694706
crop_nitrogen_below_sp10,33,-0.02314243569909316,0.023444840719467647,0.0294044671660029,0.00832854858945292
crop_proj_left_delta,33,0.11682738225333159,0.1300117219003451,0.11719115867825201,0.032230371606882954
crop_proj_yield_delta,33,-0.11243711252267666,0.20036037621047553,0.23322483211641068,0.04348029978840073
crop_root_in_top_30,33,0.16038516578960257,0.16181247896668113,0.09828290553837721,0.030052070642327056
crop_root_to_shoot_sp3,33,0.26268677035949045,0.26268677035949045,0.13297414542971578,0.03982660011882082
crop_slope_sp3,33,0.05398448915716551,0.0595240819600197,0.05364532732682473,0.01261326608800807
crop_root_to_shoot_sp10,33,0.036511087099030975,0.03849358980415443,0.03635790239900562,0.011121346227909465
crop_slope_sp10,33,-0.0028324926103826613,0.07194579148903749,0.09834959616999944,0.018941527817766608
cy0_to_ceq_multiplier,33,-0.00540198115486223,0.01501184752205656,0.03280661712388796,0.009551784720909331
litter_carbon,33,-0.003340987556807046,0.003340987556807046,0.0014068148613239145,0.0004058885175611755
litter_nitrogen,33,0.013982065601878743,0.013982065601878743,0.007232994521155231,0.002439985892410407
mortality_fraction_branch_delta,33,-0.06833380777481991,0.08707625794200721,0.10826808625868405,0.025519173149890197
mortality_fraction_croot_delta,33,-0.03638692204563379,0.03921130398254327,0.05761645490144695,0.014522965269155901
mortality_fraction_froot_delta,33,-0.02388423451832935,0.025299032975827272,0.03412784064625883,0.011060445942306948
mortality_fraction_leaf_delta,33,-0.005584746853247275,0.013026630903199438,0.016880423333806877,0.0034944852222702862
mortality_fraction_stem_delta,33,-0.12196873849804066,0.1559380561198068,0.2209166783088976,0.060609727670554135
pool_alloc_froot_sp1,33,-1.4334949576730187,1.525595567426119,1.8666836398876565,0.5672145507516149
pool_alloc_leaf_sp1,33,-0.45728090733762483,0.9479259588656422,1.294514620995877,0.2598174347769651
pool_alloc_stem_sp1,33,-0.585976401876265,0.6125206600318973,1.1410864818258208,0.311595236940719
pool_turnover_branch_sp1,33,3.6499603571193235,3.7752619612081175,4.606714124314992,1.4248869930275723
pool_turnover_croot_sp1,33,-1.8144178915774816,1.9600158185157468,2.9337354620566973,0.9434977131650789
pool_turnover_froot_sp1,33,-0.9428349359243514,0.9707473053620523,1.2582924153285162,0.3620876863045935
pool_turnover_leaf_sp1,33,-0.23734016427108404,0.48905464399838844,0.8222010000531002,0.20045868841419917
pool_turnover_stem_sp1,33,0.9350968947892255,0.9660989553327386,0.9438618017310795,0.27900931684766506
proj_cover,33,-4.552365069740302,4.677334617701511,10.432926273453432,2.982245445635351
proj_fire_off,33,0.054857379655244995,0.054857379655244995,0.1086168266015617,0.037518536859950054
proj_fire_on,33,4.550823364902253,4.62220499332774,4.984458876314295,1.4706807971794063
proj_mortality,33,28.46724698083341,28.772352671254406,31.248064398925496,10.065198384469776
proj_thinning_delta,33,45.69133975565356,45.69133975565356,34.588258435017536,9.143321419950626
roth_c_cover_c,33,1.1933998337104725,1.2722046739084487,2.8678775183921617,0.9594064348574265
roth_c_dpm_frac_crop,33,-0.09416020843485008,0.09416020843485008,0.05114436216668147,0.014020082610649154
roth_c_dpm_frac_tree,33,1.4959972584658427,1.9478241879491822,3.3806596612743567,0.9897122480830403
roth_c_moisture_b_slope,33,-1.9878566692675197,2.045464074995644,3.837018306271293,1.277016575588704
roth_c_temp_a1,33,0.7467606337961881,0.7853916032226456,1.075574074356995,0.34721016556447065
roth_c_temp_a2,33,-6.4285525608672645,6.788646467985989,9.529521313890013,2.915077997764275
thinning_fraction_branch_delta,33,0.03621780865519722,0.036609497624574466,0.06081530770744574,0.020344262574092744
thinning_fraction_croot_delta,33,0.006256095414801144,0.01050559998250582,0.01952552930204571,0.005482016962309663
thinning_fraction_froot_delta,33,0.005881568553950095,0.008123594645741855,0.015784224195378112,0.004263832406819042
thinning_fraction_leaf_delta,33,0.014614249109644928,0.014691172610912167,0.023571064200004765,0.0073780407924485805
thinning_fraction_stem_delta,33,0.07107979962700942,0.07312475803882458,0.09987656002187642,0.028148581780318958
tree_carbon_sp1,33,-4.643375521110009,4.983515596360189,6.110290382901759,1.7786962176394783
tree_nitrogen_branch_sp1,33,0.08248518037435118,0.08248518037435118,0.08014427176043777,0.023756846494878622
tree_nitrogen_croot_sp1,33,0.31740763859711635,0.31740763859711635,0.507548027491692,0.1569019903036897
tree_nitrogen_froot_sp1,33,0.009468416013202039,0.009468416013202039,0.012339577916736455,0.004348529045530328
tree_nitrogen_leaf_sp1,33,1.838956223812923,1.838956223812923,2.573980572197459,0.7406162182455803
tree_nitrogen_stem_sp1,33,0.005773500332552689,0.005773500332552689,0.00686779963978086,0.0021627917410810033
tree_root_in_top_30,33,-2.959505525526722,3.178213754571554,4.823173882030395,1.5687720752687158
tree_root_to_shoot_sp1,33,-3.3851206792780504,3.8408052317926744,5.6082074901990415,1.7665063089322672
cy0,34,0.023939375766582404,0.12823311910437601,0.24222786229745408,0.06619003981847808
clay,34,-1.451588039020153,1.5423017858156762,2.141787797990219,0.6155064596046113
temp_ci_delta,34,1.1556509164304811,1.3050157688220088,2.463875077186395,0.7964541730527782
rain_ci_delta,34,5.355217182715133,6.775366316043964,10.856271236755392,3.0393629479695345
evap_ci_delta,34,-0.03834855723551693,3.0291256346439157,6.207565877982106,1.7024261549839463
ef_N_inputs,34,2.454532388170203,2.9639726717995054,4.014182887088377,1.0444747995604389
volatile_frac_organic_fertiliser,34,-0.016301567573003887,0.016301567573003887,0.009909378296539727,0.003013845060999196
volatile_frac_synthetic_fertiliser,34,0.21208655635002086,0.21208655635002086,0.11442689071693614,0.035733729260370904
base_sf_qty_scale,34,-0.12171437219275234,0.12171437219275234,0.06001112738603979,0.01745768862747456
proj_lit_qty_scale,34,0.015893270326912713,0.020122096930443988,0.019120351537804052,0.004158313781552335
base_stand_density_scale,34,0.0,0.0,0.0,0.0
proj_stand_density_scale,34,-9.702289411534213,11.214817969309422,14.45206607302004,4.103945095747252
tree_wood_dens_sp1,34,-16.19619603733792,19.631464591569113,30.662703346669755,8.075174092385275
base_cover,34,0.2770345918465139,0.3039032292337546,0.39168076979898503,0.1051381343941414
base_fire_off,34,-0.07567880067863866,0.07567880067863866,0.14689869148455859,0.04839404300400016
base_fire_on,34,-0.19943204722914443,0.19943204722914443,0.141756095700988,0.04689325995341332
base_sf_n_delta,34,-0.012054012840150216,0.012054012840150216,0.0052835681010800295,0.00166922621532671
crop_base_left_delta,34,0.2581245888929452,0.2848888869827434,0.20863070455389346,0.049822755766237126
crop_base_yield_delta,34,0.028498323073856878,0.10617080686919263,0.12968103722223587,0.02284971285957999
crop_carbon_above_sp3,34,0.0703015171997585,0.0703015171997585,0.03946214406629075,0.01187560653453706
crop_carbon_below_sp3,34,0.16995789051097718,0.16995789051097718,0.0673409133329842,0.018732883580455585
crop_intercept_sp3,34,0.05411541224776606,0.0640077629059588,0.08006548600281072,0.022471258105091263
crop_nitrogen_above_sp3,34,-0.06693056078586579,0.07202355101829735,0.0914371152767559,0.022607966955536216
crop_nitrogen_below_sp3,34,-0.11086118948445922,0.11086118948445922,0.08012494133274604,0.025742508856431406
crop_carbon_above_sp10,34,0.05742125177081092,0.05742125177081092,0.04282091377913843,0.011594165071625612
crop_carbon_below_sp10,34,0.028320116240869365,0.02945053363265151,0.028021185714517755,0.007838911601891183
crop_intercept_sp10,34,0.021145016486190566,0.04685980308133702,0.05413801651050471,0.008929702246753438
crop_nitrogen_above_sp10,34,-0.0457035691316032,0.0457035691316032,0.02984163700642187,0.0089738870836947
crop_nitrogen_below_sp10,34,-0.023142435699092544,0.023444840719467043,0.029404467166002014,0.00832854858945294
crop_proj_left_delta,34,0.08676666230682298,0.1057521907103969,0.09949630647363984,0.024428605141650322
crop_proj_yield_delta,34,-0.045164520016771605,0.17475475582354444,0.2091361504516706,0.032954399784217284
crop_root_in_top_30,34,0.13704006108750766,0.13965622752229023,0.09296929418048633,0.028001390328264326
crop_root_to_shoot_sp3,34,0.22187822716895625,0.2235541651718261,0.129296330609057,0.03780079167571119
crop_slope_sp3,34,0.03654328000620938,0.04735604918411383,0.05149500176890307,0.01123239148958325
crop_root_to_shoot_sp10,34,0.035432489401007794,0.03757919118553079,0.03588861851355207,0.010886609146512544
crop_slope_sp10,34,-0.005510206630983308,0.07169771363780772,0.09802341250802393,0.018759139149984057
cy0_to_ceq_multiplier,34,-0.005208100528238292,0.01470561043051204,0.0321615595709116,0.00933157709853735
litter_carbon,34,-0.003267955842240877,0.003267955842240877,0.0013955279323053051,0.00040300763100889215
litter_nitrogen,34,0.013982065601879284,0.013982065601879284,0.007232994521154758,0.0024399858924105517
mortality_fraction_branch_delta,34,-0.06819563284868571,0.08732595650694686,0.10883225358501798,0.0255619056711204
mortality_fraction_croot_delta,34,-0.03650662796134792,0.03940403572319177,0.05799177215584635,0.014614400161323184
mortality_fraction_froot_delta,34,-0.023873583230245903,0.025348568884792116,0.03430535470998841,0.011104049812000987
mortality_fraction_leaf_delta,34,-0.005285674491360632,0.012865137443051239,0.016874063144657742,0.0034915992233921704
mortality_fraction_stem_delta,34,-0.12249613197069013,0.1573259592932085,0.22341528792749488,0.061381743777567555
pool_alloc_froot_sp1,34,-1.4479480674224263,1.5437063829014455,1.906387693362193,0.5786290394239161
pool_alloc_leaf_sp1,34,-0.44493833580069647,0.9425374730453264,1.295768525919163,0.25979949630118176
pool_alloc_stem_sp1,34,-0.5864071289982489,0.6137917502033334,1.1566323368095737,0.3163372231015607
pool_turnover_branch_sp1,34,3.585168806694662,3.7245252008722702,4.628211985274096,1.4308354290209744
pool_turnover_croot_sp1,34,-1.849493671384968,1.9991925438709863,3.012748704247603,0.9690883471806815
pool_turnover_froot_sp1,34,-0.9598214089395313,0.9902185717312462,1.2836751072948667,0.3686992290234508
pool_turnover_leaf_sp1,34,-0.23916645346890003,0.4976150339488063,0.8449634899754928,0.20640824974500474
pool_turnover_stem_sp1,34,0.9127013901852772,0.9462545316865396,0.938140703257832,0.27679841650398146
proj_cover,34,-4.637790597522189,4.786937483152729,10.776353844521264,3.0761956258108385
proj_fire_off,34,0.054857379655245606,0.054857379655245606,0.10861682660156234,0.03751853685995007
proj_fire_on,34,4.638388830050182,4.709355048113816,5.100487167691454,1.5057826590268832
proj_mortality,34,29.308628089746776,29.654467932129517,32.44202892595101,10.436834355490888
proj_thinning_delta,34,45.42025779473762,45.42025779473762,35.15969615901443,9.308714811881888
roth_c_cover_c,34,1.2222686052529181,1.3032576837709708,2.9649581467843866,0.9910147960995821
roth_c_dpm_frac_crop,34,-0.07132469012485856,0.07132469012485856,0.048613217588798455,0.013486514729561937
roth_c_dpm_frac_tree,34,1.510811596561044,1.9657445840361987,3.4447171554587874,1.0123524915286757
roth_c_moisture_b_slope,34,-2.011642418990211,2.0821681407517465,3.905535038861569,1.2966443547749174
roth_c_temp_a1,34,0.7641228134666038,0.8033806130069576,1.1082310136933744,0.3573377720318742
roth_c_temp_a2,34,-6.5602248422194664,6.946633032654967,9.811574060977389,3.0003325866009525
thinning_fraction_branch_delta,34,0.03600651762090885,0.036365005489202726,0.05993398585856413,0.020055863143938393
thinning_fraction_croot_delta,34,0.006434664365431578,0.01040619847916364,0.019208561569341136,0.005414382553673338
thinning_fraction_froot_delta,34,0.005883319630269957,0.008013187920795795,0.015496094997527196,0.0041877501753195545
thinning_fraction_leaf_delta,34,0.01444746078863246,0.014488950397888483,0.023380741836060624,0.007355785926911396
thinning_fraction_stem_delta,34,0.07050800416452502,0.07235585503738101,0.09857382433848492,0.027798932095320923
tree_carbon_sp1,34,-4.648124472361687,4.989320795311703,6.200436855333772,1.8063736494958607
tree_nitrogen_branch_sp1,34,0.08417209560528333,0.08417209560528333,0.08266053629115641,0.024473846357627404
tree_nitrogen_croot_sp1,34,0.32616245457286175,0.32616245457286175,0.5276933745029694,0.16308664866411038
tree_nitrogen_froot_sp1,34,0.009774005122654816,0.009774005122654816,0.012849202746909056,0.004530267344455968
tree_nitrogen_leaf_sp1,34,1.8874330041056804,1.8874330041056804,2.6660736659776973,0.7679849641544206
tree_nitrogen_stem_sp1,34,0.005885289818263006,0.005885289818263006,0.007110469184009001,0.0022393037543848556
tree_root_in_top_30,34,-3.0069812935509974,3.231119681754599,4.950982300291932,1.6125571943040915
tree_root_to_shoot_sp1,34,-3.3758544174318814,3.837210923733425,5.674670435725418,1.7935882833391539
cy0,35,0.01807786285340473,0.12709261064670108,0.23766345946562115,0.06435285007803768
clay,35,-1.4761695200784475,1.572126026924162,2.1982449923965794,0.6307096101821313
temp_ci_delta,35,1.1796950686977867,1.3315321977723669,2.5327942819213756,0.819321923065019
rain_ci_delta,35,5.466496656128187,6.883156130021119,11.111868547486981,3.1197089101622892
evap_ci_delta,35,-0.06159647734981717,3.0986716751313232,6.370594493373182,1.7461415970452518
ef_N_inputs,35,2.545059720820833,3.0630853579410022,4.1626426574444935,1.0855725926107043
volatile_frac_organic_fertiliser,35,-0.016301567573002572,0.016301567573002572,0.009909378296538674,0.0030138450609990043
volatile_frac_synthetic_fertiliser,35,0.21208655635002213,0.21208655635002213,0.11442689071693654,0.03573372926037099
base_sf_qty_scale,35,-0.12171437219275236,0.12171437219275236,0.06001112738604027,0.017457688627475054
proj_lit_qty_scale,35,0.016322650091657388,0.020290718098406567,0.01905382902146846,0.0042193068197927215
base_stand_density_scale,35,0.0,0.0,0.0,0.0
proj_stand_density_scale,35,26.49446664655685,26.49446664655685,20.56034525628866,6.6126839725851445
tree_wood_dens_sp1,35,37.05876329577235,37.05876329577235,32.7395670483643,8.879851138476392
base_cover,35,0.26667004385000026,0.2956894166216456,0.3831248642672922,0.10239849860854372
base_fire_off,35,-0.0756788006786385,0.0756788006786385,0.14689869148455864,0.048394043004000305
base_fire_on,35,-0.19796553970133135,0.19796553970133135,0.13888002386417161,0.045903868978779974
base_sf_n_delta,35,-0.012054012840150907,0.012054012840150907,0.005283568101083034,0.0016692262153275828
crop_base_left_delta,35,0.2532662158297536,0.28061088272795376,0.2070970118807659,0.04925632379002038
crop_base_yield_delta,35,0.024348049005557183,0.10490262915899315,0.1291722482437253,0.022692094633185236
crop_carbon_above_sp3,35,0.06225768519064327,0.06225768519064327,0.035580370613223174,0.01083436817574681
crop_carbon_below_sp3,35,0.15215525000747007,0.15215525000747007,0.06177581648000406,0.017122912551687186
crop_intercept_sp3,35,0.04041708380137983,0.05146484724501084,0.06480149573189756,0.017331232752811378
crop_nitrogen_above_sp3,35,-0.06693056078586487,0.07202355101829698,0.09143711527675737,0.02260796695553642
crop_nitrogen_below_sp3,35,-0.11086118948445753,0.11086118948445753,0.08012494133274571,0.025742508856431246
crop_carbon_above_sp10,35,0.05615392219343951,0.05615392219343951,0.042272195969510165,0.011426101791779088
crop_carbon_below_sp10,35,0.02771929343046453,0.02886184734056374,0.02764996840641274,0.007720233774191994
crop_intercept_sp10,35,0.02010760818157443,0.04660821771601557,0.053936992491231316,0.008787087486044384
crop_nitrogen_above_sp10,35,-0.045703569131602596,0.045703569131602596,0.029841637006422922,0.008973887083695535
crop_nitrogen_below_sp10,35,-0.023142435699093765,0.02344484071946812,0.02940446716600221,0.008328548589452757
crop_proj_left_delta,35,0.06699765368619054,0.09041802548889565,0.08804461752521969,0.01935507013730499
crop_proj_yield_delta,35,-0.0008330950746831545,0.1632936420289885,0.19170133258773975,0.027744307406853852
crop_root_in_top_30,35,0.12111508876984844,0.12466850367815545,0.08841917356096511,0.02641727509665399
crop_root_to_shoot_sp3,35,0.19329442477839112,0.1981646674334371,0.12394125580935779,0.03450208350825001
crop_slope_sp3,35,0.024528380493411613,0.04046930840737592,0.049595456891684674,0.010500758101643465
crop_root_to_shoot_sp10,35,0.03439662339440037,0.03673596222827546,0.03545020735122229,0.01065991750819697
crop_slope_sp10,35,-0.008093188539513279,0.07145499591885446,0.09772901372589558,0.0186281982783509
cy0_to_ceq_multiplier,35,-0.005021498749321595,0.014410853585869498,0.03170111977145989,0.009177162393329037
litter_carbon,35,-0.003197093998327083,0.003197093998327083,0.0013846932378974441,0.00040023671234822006
litter_nitrogen,35,0.01398206560187797,0.01398206560187797,0.007232994521156637,0.00243998589241129
mortality_fraction_branch_delta,35,-0.06784350113811145,0.08735668297939482,0.10918011421215976,0.025549062964084157
mortality_fraction_croot_delta,35,-0.036552480870637394,0.039516418880287243,0.05826259859860794,0.014681538330849385
mortality_fraction_froot_delta,35,-0.023807021172441423,0.02536950126789066,0.03441059135494539,0.011109693289435176
mortality_fraction_leaf_delta,35,-0.004947061141382225,0.012801017685976645,0.01684399330270542,0.003466713032131679
mortality_fraction_stem_delta,35,-0.12273188467302173,0.1584086473942984,0.22552249649497452,0.062060691489276724
pool_alloc_froot_sp1,35,-1.0463237887505084,1.3382810284867663,1.819297965949031,0.508084010612677
pool_alloc_leaf_sp1,35,-0.2758404658644904,0.846418344496955,1.2330110667074807,0.2624312382709578
pool_alloc_stem_sp1,35,0.8069555802873701,0.8140337042940707,1.2289900097138962,0.39616917380582184
pool_turnover_branch_sp1,35,-5.749429274747632,5.749429274747632,5.045942185343,1.4884126557036625
pool_turnover_croot_sp1,35,-6.539127399703223,6.541398114361788,6.781783873405233,2.33854785441587
pool_turnover_froot_sp1,35,-3.3763885491002545,3.3801627399991454,3.3006346658533317,0.9424228947904592
pool_turnover_leaf_sp1,35,-1.4026909061406447,1.4280551735060838,1.8043101409431896,0.5162302084669342
pool_turnover_stem_sp1,35,-1.5886802489757599,1.5886802489757599,1.3278365111307715,0.3867983593043759
proj_cover,35,-4.730262521818275,4.8989187516742625,11.119206955532386,3.1703416039718766
proj_fire_off,35,0.05485737965524491,0.05485737965524491,0.10861682660156112,0.03751853685994956
proj_fire_on,35,4.718919810794435,4.7903185022391925,5.212058516745526,1.5399096246545592
proj_mortality,35,-25.24823020591152,25.24823020591152,25.869692869001334,7.312438754905714
proj_thinning_delta,35,-68.90992503735704,80.33125984769887,76.4739389787824,17.718966500581992
roth_c_cover_c,35,1.252224529851865,1.3344859628347547,3.0615595241740343,1.0225309591684604
roth_c_dpm_frac_crop,35,-0.055865132767915694,0.055865132767915694,0.04473950580093257,0.012553269114733829
roth_c_dpm_frac_tree,35,1.521356035576991,1.9787306641496147,3.5020912661230157,1.0331661569771924
roth_c_moisture_b_slope,35,-2.036933163384313,2.1188867180686524,3.9738807713455073,1.3165058527767415
roth_c_temp_a1,35,0.7819294532054658,0.8210587689229776,1.1404080775049454,0.3674058114147439
roth_c_temp_a2,35,-6.696265874317916,7.101407551114443,10.088830050712192,3.0856903083449363
thinning_fraction_branch_delta,35,0.03581778548513337,0.03613328542102958,0.059030703531375565,0.019756370309498374
thinning_fraction_croot_delta,35,0.006639191680113709,0.010309274024304437,0.018889695046759115,0.005346973043505753
thinning_fraction_froot_delta,35,0.005891120761927449,0.007896581192384889,0.015182660903387669,0.004105433441281731
thinning_fraction_leaf_delta,35,0.014292874626016716,0.01431494298560818,0.023176912968106155,0.007319734909310925
thinning_fraction_stem_delta,35,0.07006070628859595,0.07169752895186965,0.09739614217073204,0.027484187441385186
tree_carbon_sp1,35,9.180513960618871,9.180513960618871,7.292924894696502,1.9713645523351893
tree_nitrogen_branch_sp1,35,0.08581779904372924,0.08581779904372924,0.08517869397757814,0.025191718288759265
tree_nitrogen_croot_sp1,35,0.3348327770682563,0.3348327770682563,0.5479906034454152,0.16931626383149376
tree_nitrogen_froot_sp1,35,0.010079549457091441,0.010079549457091441,0.013363328669716562,0.004713636719322978
tree_nitrogen_leaf_sp1,35,1.9353300368960689,1.9353300368960689,2.757940331540103,0.7953634069474206
tree_nitrogen_stem_sp1,35,0.005995901907230339,0.005995901907230339,0.007353216739303861,0.0023159698282214443
tree_root_in_top_30,35,-3.0496232175189895,3.2786269632495313,5.073223893927224,1.6545881647666176
tree_root_to_shoot_sp1,35,7.091110553086088,7.191813882941008,9.946041376196822,3.0788614871779374
cy0,36,0.012593801899825216,0.12591731198246303,0.23441050933228763,0.06300026155182566
clay,36,-1.848806490221674,1.9352373546136754,2.766301558283866,0.8075968965515815
temp_ci_delta,36,1.6851663563408146,1.7746534900233322,3.005533725349251,0.9920847938928635
rain_ci_delta,36,7.832897194835594,9.449292268193936,14.853850902274425,4.207604184183026
evap_ci_delta,36,-0.26898085729174986,4.151957622482368,8.744835051132517,2.433090743793414
ef_N_inputs,36,2.6371252768957496,3.1624804904192,4.278087653623135,1.1276611446793312
volatile_frac_organic_fertiliser,36,-0.016301567573003623,0.016301567573003623,0.009909378296542424,0.0030138450610001834
volatile_frac_synthetic_fertiliser,36,0.2120865563500201,0.2120865563500201,0.11442689071693579,0.03573372926037093
base_sf_qty_scale,36,-0.12171437219275154,0.12171437219275154,0.060011127386041085,0.01745768862747498
proj_lit_qty_scale,36,0.016737452569792404,0.02048441072431855,0.01899001037048279,0.004267085673243765
base_stand_density_scale,36,0.0,0.0,0.0,0.0
proj_stand_density_scale,36,-15.64555408251914,16.138792652195626,19.57651695819228,6.039752399064201
tree_wood_dens_sp1,36,-26.435056434546727,27.77502971601537,40.15190874924398,11.019251959135708
base_cover,36,0.25679070222609063,0.2877150424598153,0.37499607538157403,0.099837102164103
base_fire_off,36,-0.07567880067863805,0.07567880067863805,0.1468986914845577,0.048394043003999854
base_fire_on,36,-0.19653842300614813,0.19653842300614813,0.13611456477741946,0.04495021294951442
base_sf_n_delta,36,-0.012054012840150728,0.012054012840150728,0.00528356810108058,0.001669226215327184
crop_base_left_delta,36,0.24853701606901324,0.276440663867864,0.20561794042030557,0.04871775452687798
crop_base_yield_delta,36,0.02031683000663374,0.10379053977406938,0.1286996519280706,0.022584107341364748
crop_carbon_above_sp3,36,0.05672274114857201,0.05672274114857201,0.03310552075716547,0.010125910023515011
crop_carbon_below_sp3,36,0.13888623635307357,0.13888623635307357,0.05737334061429281,0.015785955083885878
crop_intercept_sp3,36,0.0317461609173789,0.04407573439053366,0.05557359613706709,0.014132924641134173
crop_nitrogen_above_sp3,36,-0.06693056078586294,0.07202355101829608,0.09143711527675774,0.022607966955536213
crop_nitrogen_below_sp3,36,-0.11086118948445636,0.11086118948445636,0.08012494133274582,0.025742508856431277
crop_carbon_above_sp10,36,0.054933919168009916,0.054933919168009916,0.041748301594559584,0.011266404175099503
crop_carbon_below_sp10,36,0.027141606492489218,0.028294891559341,0.027301161494872942,0.007609845173008762
crop_intercept_sp10,36,0.01911132378955371,0.04638169164346892,0.05375235614320861,0.00865129252738687
crop_nitrogen_above_sp10,36,-0.045703569131602936,0.045703569131602936,0.029841637006420844,0.008973887083694485
crop_nitrogen_below_sp10,36,-0.02314243569909338,0.023444840719467855,0.029404467166002278,0.008328548589453002
crop_proj_left_delta,36,0.05326980179871088,0.0807389890651028,0.08026513500488101,0.015676079906657626
crop_proj_yield_delta,36,0.03054541361141371,0.1554201334426087,0.17843721596960185,0.026455822417435593
crop_root_in_top_30,36,0.10943596160854852,0.11356899152331516,0.08460900536954322,0.025196989094968536
crop_root_to_shoot_sp3,36,0.17202608358257335,0.17900117201062218,0.11852070110076467,0.03197600539130618
crop_slope_sp3,36,0.015731970795815467,0.03672211133410702,0.04789975339959854,0.009818377552198432
crop_root_to_shoot_sp10,36,0.03340028100289244,0.03597970562937236,0.03503960015642322,0.010415219860229008
crop_slope_sp10,36,-0.010588298247318753,0.07138202782555321,0.09746256620189703,0.018511689672326886
cy0_to_ceq_multiplier,36,-0.004841208537289822,0.014127113946266968,0.0313859075764003,0.009075852025309753
litter_carbon,36,-0.0031282826021384325,0.0031282826021384325,0.0013742311483712283,0.00039755326921770795
litter_nitrogen,36,0.01398206560187602,0.01398206560187602,0.0072329945211551,0.0024399858924103665
mortality_fraction_branch_delta,36,0.017840208714292965,0.04789762844818221,0.05890820692252246,0.011705250499675888
mortality_fraction_croot_delta,36,-0.004853170270840345,0.01747951279550929,0.02989242998405153,0.00782968250566295
mortality_fraction_froot_delta,36,-0.0018021857341316478,0.011072148057321504,0.016516699727227607,0.0038583879496773997
mortality_fraction_leaf_delta,36,0.01570849156435377,0.016177532900172147,0.015509045417206952,0.00502751524510416
mortality_fraction_stem_delta,36,0.026224022353644256,0.08974672818049928,0.11121199062695089,0.021273834263675937
pool_alloc_froot_sp1,36,-1.0386825876449686,1.1595481331567141,1.6006912772247708,0.4786960375899022
pool_alloc_leaf_sp1,36,0.048685234127198405,0.7055326735914029,0.9414750120538757,0.17019178048915654
pool_alloc_stem_sp1,36,-0.853142648393274,0.9576692947050045,1.9203125848171785,0.567728540857155
pool_turnover_branch_sp1,36,5.683748110785379,5.710548164482011,7.182507431580741,2.2870703433198205
pool_turnover_croot_sp1,36,0.0932526189156535,1.0049568365593302,1.709326440243149,0.456529308609205
pool_turnover_froot_sp1,36,0.045107277464583394,0.4613217417086677,0.6404777595090666,0.13402670319538174
pool_turnover_leaf_sp1,36,0.38396979587602953,0.5130460902596428,0.6155835680347421,0.15569163271760386
pool_turnover_stem_sp1,36,1.2834390477287108,1.2915967569486064,1.233103769608781,0.3848239273492051
proj_cover,36,-7.182790155082796,7.315575182041364,17.509913349346068,4.98957559324328
proj_fire_off,36,0.0548573796552464,0.0548573796552464,0.10861682660156402,0.03751853685995071
proj_fire_on,36,10.383123030480998,10.383123030480998,15.52285168682116,4.276163365796738
proj_mortality,36,41.38391082537298,41.43845666612981,47.00065015692772,15.100029200914534
proj_thinning_delta,36,66.27118770291484,66.27118770291484,67.91716729092526,17.593791415502753
roth_c_cover_c,36,1.8118544910758245,1.8862194185384482,4.638019567188005,1.5419484142669198
roth_c_dpm_frac_crop,36,-0.04486104143171656,0.04486104143171656,0.04037742674880446,0.011423448308090703
roth_c_dpm_frac_tree,36,5.4070789175469125,5.623803673845751,9.08287821465497,2.974935235591467
roth_c_moisture_b_slope,36,-2.6536648944097125,2.6919514458781304,4.982790832462291,1.6458963045577981
roth_c_temp_a1,36,1.1105683438215173,1.13985445525583,1.4534760242485418,0.474563655825052
roth_c_temp_a2,36,-9.78028877201295,10.054511507099743,14.359060548092826,4.462232977387214
thinning_fraction_branch_delta,36,-4.153088466879693,4.153088466879693,4.748410857584717,1.6454369792467294
thinning_fraction_croot_delta,36,-1.9672773398226049,1.9672773398226049,2.4017071290754513,0.6884846020133097
thinning_fraction_froot_delta,36,-1.0456917979433746,1.0456917979433746,1.227014622745496,0.3765990356842313
thinning_fraction_leaf_delta,36,-1.514425385541884,1.514425385541884,1.7333067380516527,0.5723848022462001
thinning_fraction_stem_delta,36,-10.320819514475799,10.32448921382053,13.245542065720008,4.465081253965801
tree_carbon_sp1,36,-7.56501922065692,7.710802853182756,9.152186537461677,2.7343625463063623
tree_nitrogen_branch_sp1,36,0.27170521044169105,0.27170521044169105,0.3019748282290635,0.0897418567455127
tree_nitrogen_croot_sp1,36,0.39755944374369734,0.39755944374369734,0.635414366868819,0.19956897163848236
tree_nitrogen_froot_sp1,36,0.009974642860242824,0.009974642860242824,0.013441590185349385,0.004736872592571845
tree_nitrogen_leaf_sp1,36,1.826730356835612,1.826730356835612,2.5839924080973,0.7411517009416196
tree_nitrogen_stem_sp1,36,0.024284665670963594,0.024284665670963594,0.039815919036564416,0.012504445845364611
tree_root_in_top_30,36,-3.1696913047381954,3.382600206139274,5.295483190045952,1.7289668823358755
tree_root_to_shoot_sp1,36,-4.2382655355697,4.43455318665908,6.993669439040919,2.2815591710548575
cy0,37,0.007464308901376532,0.12470456516307242,0.23226262265842373,0.06207933505520494
clay,37,-1.4501791817457421,1.5601735124755882,2.205070451332108,0.6302912746462987
temp_ci_delta,37,1.1878167510785178,1.3523852134139218,2.47888391179502,0.8022903999654715
rain_ci_delta,37,5.796521758079249,7.164416823292813,11.57925310038975,3.2409635808455493
evap_ci_delta,37,-0.16998677665257153,3.2385784296574966,6.733494935165431,1.8295318181015356
ef_N_inputs,37,2.1280055374020312,2.7307807573005474,3.809077714524818,0.9703423041616435
volatile_frac_organic_fertiliser,37,-0.016301567573003654,0.016301567573003654,0.009909378296539944,0.0030138450609993226
volatile_frac_synthetic_fertiliser,37,0.21208655635002116,0.21208655635002116,0.11442689071693636,0.03573372926037099
base_sf_qty_scale,37,-0.12171437219275268,0.12171437219275268,0.06001112738604012,0.017457688627474644
proj_lit_qty_scale,37,0.017138572413410345,0.020683854319828297,0.018928523752939796,0.004310855109018413
base_stand_density_scale,37,0.0,0.0,0.0,0.0
proj_stand_density_scale,37,-2.278741717331952,6.037536076836411,9.78621584525483,2.483607686451204
tree_wood_dens_sp1,37,-4.692801873415716,11.874246575338052,20.24384908092081,4.829158673993619
base_cover,37,0.24736946571306806,0.27997208615663427,0.36726521270558454,0.09743983581672608
base_fire_off,37,-0.07567880067863811,0.07567880067863811,0.1468986914845576,0.04839404300399977
base_fire_on,37,-0.1951492082240311,0.1951492082240311,0.13345502075422108,0.04403074712274024
base_sf_n_delta,37,-0.0120540128401496,0.0120540128401496,0.005283568101079896,0.00166922621532681
crop_base_left_delta,37,0.24393000130066195,0.27237243059469385,0.20418847652367025,0.048204781626951375
crop_base_yield_delta,37,0.016397547736880475,0.10277373541394805,0.12825860468105546,0.022523437673369156
crop_carbon_above_sp3,37,0.05266681232968969,0.05266681232968969,0.0313325325659934,0.009587826112261225
crop_carbon_below_sp3,37,0.12861290832357128,0.12861290832357128,0.05389247196302382,0.014700567279766971
crop_intercept_sp3,37,0.0258906382986634,0.03975311786550633,0.04969077367074262,0.012013335506480172
crop_nitrogen_above_sp3,37,-0.06693056078586404,0.07202355101829708,0.09143711527675734,0.02260796695553608
crop_nitrogen_below_sp3,37,-0.11086118948445867,0.11086118948445867,0.08012494133274542,0.025742508856431215
crop_carbon_above_sp10,37,0.05375703764966781,0.05375703764966781,0.04124678887376849,0.011114319533489053
crop_carbon_below_sp10,37,0.026585671272240756,0.027748335611371015,0.02697234397725657,0.007506847763849945
crop_intercept_sp10,37,0.01815295316023552,0.04616476095230824,0.05358227608062471,0.008529850903128458
crop_nitrogen_above_sp10,37,-0.045703569131603186,0.045703569131603186,0.029841637006421874,0.008973887083695103
crop_nitrogen_below_sp10,37,-0.02314243569909339,0.023444840719467876,0.02940446716600215,0.008328548589452872
crop_proj_left_delta,37,0.043376854846504394,0.07376669262715843,0.07482884528958969,0.013269259013711546
crop_proj_yield_delta,37,0.053894902863553876,0.15009955934326685,0.16819145547682351,0.026937464820700453
crop_root_in_top_30,37,0.10043205254425606,0.10496487294821208,0.08146766677206,0.024232475337948624
crop_root_to_shoot_sp3,37,0.15554349874437845,0.1639702377366045,0.11363790968076119,0.0300669168227436
crop_slope_sp3,37,0.009010125207241657,0.03468361142837229,0.046446017208834324,0.009191428868892546
crop_root_to_shoot_sp10,37,0.03244067782714569,0.035247830421768066,0.03465405789250647,0.010187029717279424
crop_slope_sp10,37,-0.013000585656950637,0.07150835860934819,0.09721939219403017,0.018399585050802317
cy0_to_ceq_multiplier,37,-0.00466678490232616,0.013896773523637917,0.03118133502682683,0.009015339552470036
litter_carbon,37,-0.003061417072103656,0.003061417072103656,0.0013640738506017196,0.0003949383327962179
litter_nitrogen,37,0.013982065601876694,0.013982065601876694,0.007232994521154427,0.002439985892410351
mortality_fraction_branch_delta,37,-0.003992594096453123,0.04457711738239747,0.06051199397991511,0.011912130301410355
mortality_fraction_croot_delta,37,-0.01261941301021433,0.021318294553921358,0.03278431744425623,0.008049288389712866
mortality_fraction_froot_delta,37,-0.006987621323906068,0.012392434606290203,0.018543517171900777,0.004964751015567659
mortality_fraction_leaf_delta,37,0.009564092417340278,0.011441456584431417,0.012405308876545037,0.0037350520829750327
mortality_fraction_stem_delta,37,-0.014920635547580044,0.09227949507381088,0.1239772784421557,0.027790076203135828
pool_alloc_froot_sp1,37,-0.382489411582874,0.6718907742538984,1.0964434829232665,0.30000844914801267
pool_alloc_leaf_sp1,37,0.49904535220520607,0.6970902113540852,0.7484703818614235,0.171714158711338
pool_alloc_stem_sp1,37,-0.23239033875300188,0.36334197161817056,0.6489372737757018,0.17361726833161004
pool_turnover_branch_sp1,37,1.4106539991575993,1.9025360413795713,2.8235536555378884,0.8100013944406689
pool_turnover_croot_sp1,37,-0.45043276777731966,1.037200307007139,1.8541897919077104,0.5154478329243185
pool_turnover_froot_sp1,37,-0.23373594124775918,0.4893161719419282,0.673515070576173,0.14431482203291746
pool_turnover_leaf_sp1,37,0.1996457723913117,0.4049062549390417,0.5869232241838693,0.14206817594328722
pool_turnover_stem_sp1,37,0.357560756271633,0.47118679627009696,0.5816603536962269,0.14599983281806486
proj_cover,37,-4.87053743610875,5.0806942397591275,10.971309965318449,3.133005854270877
proj_fire_off,37,0.054857379655245474,0.054857379655245474,0.1086168266015623,0.03751853685995006
proj_fire_on,37,2.513686992088626,3.980025575011026,4.73149094753533,1.0767112180177525
proj_mortality,37,18.8141595253263,20.43067225606494,23.735815441002178,7.274638999356641
proj_thinning_delta,37,20.28503929690381,21.177412734029716,20.880425064419892,5.604950246687549
roth_c_cover_c,37,1.2141184467169974,1.3012496330415644,2.554194270786717,0.8606169262497341
roth_c_dpm_frac_crop,37,-0.03670905396995697,0.03670905396995697,0.03610991651390479,0.010277644045966945
roth_c_dpm_frac_tree,37,-1.0540172495200417,2.15068321184135,2.9531237272863513,0.6927514685752488
roth_c_moisture_b_slope,37,-2.1274021616509846,2.21429511064452,4.162922264634562,1.3663924513344763
roth_c_temp_a1,37,0.7942687513682036,0.83154640518541,1.203344389473066,0.39042855731915804
roth_c_temp_a2,37,-6.696563816157585,7.112864156535544,9.912645868815694,2.9981151731008873
thinning_fraction_branch_delta,37,1.5249942414664672,1.5249942414664672,1.7872402344656009,0.5893321645032376
thinning_fraction_croot_delta,37,0.5106572081211527,0.5106572081211527,0.5840712590242376,0.16280463253636954
thinning_fraction_froot_delta,37,0.3227092409456998,0.3227092409456998,0.43323629113773315,0.1279205585112538
thinning_fraction_leaf_delta,37,0.4679821450367182,0.4679821450367182,0.42812734327655405,0.13887816717998946
thinning_fraction_stem_delta,37,3.0838299118991204,3.0838299118991204,3.7501279653956066,1.279187598981667
tree_carbon_sp1,37,-1.564881466692038,2.4585756352863823,3.822136651666984,0.9894439153588611
tree_nitrogen_branch_sp1,37,0.07508785672055003,0.07508785672055003,0.07824516239351162,0.02313123111015161
tree_nitrogen_croot_sp1,37,0.2985621255549517,0.2985621255549517,0.518953192342468,0.1593909491399482
tree_nitrogen_froot_sp1,37,0.009122050206690529,0.009122050206690529,0.012320103118939676,0.00435264898240383
tree_nitrogen_leaf_sp1,37,1.711796201240217,1.711796201240217,2.4678851710168974,0.7127263634993244
tree_nitrogen_stem_sp1,37,0.005223268418946531,0.005223268418946531,0.006648507635208645,0.002104516908359566
tree_root_in_top_30,37,-0.879188831385879,1.7269364713786122,3.098366792182382,0.9101702081948216
tree_root_to_shoot_sp1,37,-1.0384509629698526,2.216677127475996,3.742485418918238,1.0492098097004998
cy0,38,0.0026684987551919477,0.12331798399319165,0.2310258023202887,0.06152603240909053
clay,38,-1.3028480501096165,1.4247220994689536,2.063546658101412,0.5827691195151206
temp_ci_delta,38,0.8588693412572657,1.139251830357432,2.4380741069605905,0.7618379177065101
rain_ci_delta,38,4.254390387791496,5.482825599136665,9.56452331231159,2.731047620584062
evap_ci_delta,38,-0.26168915951076976,2.569403519513636,5.577128400520724,1.4616999229844039
ef_N_inputs,38,2.2013408075680223,2.810520883469743,3.93456765504944,1.0053482753660343
volatile_frac_organic_fertiliser,38,-0.01630156757300269,0.01630156757300269,0.009909378296539552,0.003013845060999338
volatile_frac_synthetic_fertiliser,38,0.21208655635002122,0.21208655635002122,0.11442689071693647,0.03573372926037104
base_sf_qty_scale,38,-0.12171437219275327,0.12171437219275327,0.06001112738604042,0.017457688627474682
proj_lit_qty_scale,38,0.01752685001990927,0.02090856836813474,0.01886911539466038,0.004353161152143498
base_stand_density_scale,38,0.0,0.0,0.0,0.0
proj_stand_density_scale,38,-4.128031481647222,6.568708760463795,10.327565483730613,2.687623782679625
tree_wood_dens_sp1,38,-7.68611241981328,12.882763946956256,22.5754180281199,5.668595489942941
base_cover,38,0.23838103876406605,0.2724530737101557,0.3599051601028163,0.09519358647591708
base_fire_off,38,-0.07567880067863843,0.07567880067863843,0.14689869148455878,0.04839404300400021
base_fire_on,38,-0.19379624222183991,0.19379624222183991,0.13089736543029903,0.043144124653057045
base_sf_n_delta,38,-0.012054012840149803,0.012054012840149803,0.005283568101080503,0.001669226215327038
crop_base_left_delta,38,0.23943951837692223,0.2684011310415765,0.20280398117376996,0.04771553030221435
crop_base_yield_delta,38,0.012583687709692804,0.10178270119474601,0.12784506866152856,0.022523046976799164
crop_carbon_above_sp3,38,0.04953904470627894,0.049574911025973424,0.02996019720495894,0.009146717008105161
crop_carbon_below_sp3,38,0.12041494726493404,0.12041494726493404,0.0511402701147069,0.013837554314217439
crop_intercept_sp3,38,0.021681757585470134,0.037193177269280404,0.04576145843382284,0.010434316725035496
crop_nitrogen_above_sp3,38,-0.06693056078586454,0.07202355101829679,0.09143711527675775,0.02260796695553637
crop_nitrogen_below_sp3,38,-0.11086118948445797,0.11086118948445797,0.08012494133274584,0.02574250885643139
crop_carbon_above_sp10,38,0.05262112257102182,0.05262112257102182,0.040765856007491025,0.01096918920435447
crop_carbon_below_sp10,38,0.026049900964639133,0.02722072447295944,0.026661618639248416,0.00741061426452286
crop_intercept_sp10,38,0.017230059997518497,0.04595541912651519,0.05342388327367601,0.008421737454651999
crop_nitrogen_above_sp10,38,-0.04570356913160238,0.04570356913160238,0.029841637006422537,0.008973887083695141
crop_nitrogen_below_sp10,38,-0.023142435699092783,0.023444840719467286,0.029404467166002774,0.008328548589453002
crop_proj_left_delta,38,0.036045051202377096,0.06850925243346824,0.07093150651818447,0.01176293189832445
crop_proj_yield_delta,38,0.07196259091632104,0.14857051484454703,0.1602169967022309,0.02720784963757008
crop_root_in_top_30,38,0.09321970519924778,0.09814890831210096,0.07888280326242447,0.023376028696341696
crop_root_to_shoot_sp3,38,0.1423714923678357,0.15189759109951012,0.10943242616255773,0.028591165913028446
crop_slope_sp3,38,0.003689488000060898,0.0333287991392079,0.045229375345485524,0.008742379923288269
crop_root_to_shoot_sp10,38,0.0315154478105657,0.034538285482800926,0.03429072180805218,0.009974108673489237
crop_slope_sp10,38,-0.015335523292100015,0.07173466930635979,0.09699617510306768,0.018275181837177596
cy0_to_ceq_multiplier,38,-0.004497211733491715,0.013670273878396713,0.031057956488721887,0.008985564239999048
litter_carbon,38,-0.002996403173144975,0.002996403173144975,0.0013541654833105197,0.0003923763520316774
litter_nitrogen,38,0.013982065601876476,0.013982065601876476,0.007232994521154735,0.0024399858924105456
mortality_fraction_branch_delta,38,-0.016491117479315604,0.04789571596715689,0.0650184500147256,0.012997614917721197
mortality_fraction_croot_delta,38,-0.01699434400624824,0.023820195733565863,0.03560917405041374,0.008684423276398545
mortality_fraction_froot_delta,38,-0.009736991823625746,0.013531383804178504,0.01987010364120062,0.0057205414098065515
mortality_fraction_leaf_delta,38,0.0063082105823387205,0.00995873923669052,0.011873463054510676,0.003127106384844764
mortality_fraction_stem_delta,38,-0.03825540955781129,0.101355975503029,0.13841224306463126,0.033616565715060436
pool_alloc_froot_sp1,38,-0.638773975050795,0.8218647472887641,1.2612124650768917,0.358447912726647
pool_alloc_leaf_sp1,38,0.2810540317364816,0.5932967086813752,0.7249746559763393,0.14704893337770053
pool_alloc_stem_sp1,38,-0.31651398709453027,0.3857477030065678,0.7765387574161052,0.2131621092925674
pool_turnover_branch_sp1,38,1.7945696187672913,2.161169993387152,3.1209615339549326,0.918729807702135
pool_turnover_croot_sp1,38,-0.7722918093142381,1.1592011054600748,2.0674038145170086,0.6020482286506499
pool_turnover_froot_sp1,38,-0.3927572058079975,0.5404149905186065,0.7501602900779037,0.18408477263940698
pool_turnover_leaf_sp1,38,0.09678475885854665,0.3704755331003603,0.6112990953640101,0.1462119426103403
pool_turnover_stem_sp1,38,0.44438234495154105,0.5349657281937799,0.6161286399343887,0.16147655855472637
proj_cover,38,-3.6693909517188885,4.095175410895193,11.759578739280762,3.230869387908907
proj_fire_off,38,0.05485737965524558,0.05485737965524558,0.10861682660156251,0.037518536859950116
proj_fire_on,38,3.204003433945405,3.6500507689866324,4.174142142166248,1.1644187437869735
proj_mortality,38,22.08308828898615,23.124379984038633,26.494445331989013,8.28951040438023
proj_thinning_delta,38,25.877924403881345,25.988966134818043,23.19182921613897,6.377996588848126
roth_c_cover_c,38,1.1907782283946866,1.2836954575376427,3.22449932379967,1.0724321829194627
roth_c_dpm_frac_crop,38,-0.03049645951996786,0.03049645951996786,0.0321773425540211,0.009198599172420753
roth_c_dpm_frac_tree,38,-0.9150859837867366,1.328025705214109,1.753958793933676,0.3866517820228686
roth_c_moisture_b_slope,38,-1.6446106845240678,1.7800960803205865,3.2883440793367646,1.0836401810904557
roth_c_temp_a1,38,0.5768281271168672,0.6676516397231935,1.1702992316205534,0.3588737624062662
roth_c_temp_a2,38,-5.412199033126514,6.095277477525732,10.351217870031308,3.0693007313602605
thinning_fraction_branch_delta,38,0.8227224739475671,0.8227224739475671,0.9075799364800476,0.31061568146127744
thinning_fraction_croot_delta,38,0.30745832862925426,0.30745832862925426,0.34763585857070434,0.09794078690247403
thinning_fraction_froot_delta,38,0.18369683179115376,0.18369683179115376,0.208135132799814,0.06321896965220473
thinning_fraction_leaf_delta,38,0.27720964719029756,0.27720964719029756,0.2485552585932206,0.08188514895742025
thinning_fraction_stem_delta,38,1.7726563812241705,1.7726563812241705,2.0797242563934333,0.6874575979010527
tree_carbon_sp1,38,-2.421054554314606,3.043063103015993,4.412871513117188,1.22515773897305
tree_nitrogen_branch_sp1,38,0.07638484389225762,0.07638484389225762,0.0804488647341233,0.02376553134221071
tree_nitrogen_croot_sp1,38,0.30570903521243176,0.30570903521243176,0.5371965095726835,0.16496647808385526
tree_nitrogen_froot_sp1,38,0.00938040819028359,0.00938040819028359,0.012764034660973657,0.00451081392197144
tree_nitrogen_leaf_sp1,38,1.7504413780620012,1.7504413780620012,2.5429871718191444,0.7353155044838218
tree_nitrogen_stem_sp1,38,0.00531447299678105,0.00531447299678105,0.006851697302551459,0.002169314094108122
tree_root_in_top_30,38,-1.3917991964201448,1.9067507337689853,3.454442563659379,1.0778612988485985
tree_root_to_shoot_sp1,38,-1.6024289634214686,2.514579965285401,4.195970898283143,1.2543381833484377
cy0,39,-0.0018135066631797397,0.12176245453653294,0.23052320160440734,0.061278078997244065
clay,39,-1.2921413066945049,1.4217113135782238,2.0612242520937354,0.574564502102097
temp_ci_delta,39,0.7315655806915237,1.03202186282528,2.250341556991302,0.6948541563931707
rain_ci_delta,39,3.406192220329546,4.657379415443897,8.422025149073121,2.414486508567226
evap_ci_delta,39,-0.2901019071464953,2.320399235273506,5.057876691903682,1.3180125116300339
ef_N_inputs,39,2.272681381501026,2.888226652104684,4.058708949282385,1.0400420617291184
volatile_frac_organic_fertiliser,39,-0.016301567573002697,0.016301567573002697,0.009909378296539552,0.003013845060999359
volatile_frac_synthetic_fertiliser,39,0.2120865563500211,0.2120865563500211,0.11442689071693564,0.03573372926037084
base_sf_qty_scale,39,-0.12171437219275347,0.12171437219275347,0.060011127386040676,0.01745768862747472
proj_lit_qty_scale,39,0.01790301326051149,0.021129306668296266,0.01881153261779856,0.004396918434333793
base_stand_density_scale,39,0.0,0.0,0.0,0.0
proj_stand_density_scale,39,-4.969031189056757,6.970119898680106,10.747367375107421,2.861833147029596
tree_wood_dens_sp1,39,-9.110327672398272,13.509453419810253,23.776358930159848,6.090365136474668
base_cover,39,0.2298013334301568,0.2651508531242059,0.3528908431426466,0.09308617140485509
base_fire_off,39,-0.07567880067863805,0.07567880067863805,0.1468986914845576,0.04839404300399979
base_fire_on,39,-0.19247808782456646,0.19247808782456646,0.12843773901764916,0.04228909356939013
base_sf_n_delta,39,-0.01205401284014925,0.01205401284014925,0.005283568101079722,0.0016692262153266636
crop_base_left_delta,39,0.23505881238759305,0.2645209745747383,0.20146038260164942,0.047248221869582385
crop_base_yield_delta,39,0.008869626309477085,0.1008146545238748,0.12745499257133577,0.0225777685583423
crop_carbon_above_sp3,39,0.04702465936856393,0.04713869839567609,0.028839802979613294,0.008769486638992758
crop_carbon_below_sp3,39,0.11370696042635578,0.11370696042635578,0.04895803369502548,0.013161953609583645
crop_intercept_sp3,39,0.018478570539526014,0.035243772470712004,0.04301763148982602,0.009334901011195381
crop_nitrogen_above_sp3,39,-0.06693056078586498,0.07202355101829616,0.09143711527675841,0.022607966955537045
crop_nitrogen_below_sp3,39,-0.11086118948445875,0.11086118948445875,0.08012494133274652,0.025742508856431628
crop_carbon_above_sp10,39,0.051523780024416044,0.051523780024416044,0.04030285655034327,0.010830322792944174
crop_carbon_below_sp10,39,0.02553240260776666,0.026710229766267867,0.02636713443353065,0.0073204384156788605
crop_intercept_sp10,39,0.016339782675403456,0.04579132593857673,0.05327670661917807,0.008304655565201076
crop_nitrogen_above_sp10,39,-0.04570356913160336,0.04570356913160336,0.029841637006421253,0.008973887083694907
crop_nitrogen_below_sp10,39,-0.023142435699093307,0.02344484071946781,0.029404467166002066,0.008328548589453063
crop_proj_left_delta,39,0.030488640062448252,0.06441534953376542,0.0680577922883295,0.010869632068475698
crop_proj_yield_delta,39,0.0863998884181956,0.14994578252048327,0.1539774633399243,0.02738248377303981
crop_root_in_top_30,39,0.08726366456922377,0.09255559912042687,0.07674442077440417,0.022642379138689196
crop_root_to_shoot_sp3,39,0.13158252430246878,0.14200222730188367,0.10587540541057604,0.02743201878175658
crop_slope_sp3,39,-0.0006492109645985622,0.03283134138305373,0.04422595113499647,0.008303263282881123
crop_root_to_shoot_sp10,39,0.030622389646399007,0.033849654504801596,0.03394766061647226,0.009775161925980255
crop_slope_sp10,39,-0.017597310816134932,0.07206834073732277,0.09678980977644991,0.018125652661102006
cy0_to_ceq_multiplier,39,-0.0043327231413957164,0.013444494502828048,0.030992903883342703,0.008978844464558891
litter_carbon,39,-0.002933157074395812,0.002933157074395812,0.0013444586098153644,0.00038985424861345716
litter_nitrogen,39,0.013982065601876958,0.013982065601876958,0.0072329945211554265,0.0024399858924109195
mortality_fraction_branch_delta,39,-0.02466351049984513,0.05176774159766765,0.06960389143687754,0.014219363221897218
mortality_fraction_croot_delta,39,-0.019878470314046836,0.025597476728991243,0.03809962129726974,0.009330690471483463
mortality_fraction_froot_delta,39,-0.011536640045425386,0.014822345138161488,0.021044684545239313,0.006179233157056278
mortality_fraction_leaf_delta,39,0.00437445242731071,0.00995642067989288,0.012037926185222272,0.0027549351700155407
mortality_fraction_stem_delta,39,-0.053381951344726654,0.10955371307017847,0.15076632609825447,0.03806005133958838
pool_alloc_froot_sp1,39,-0.7942066944789868,0.9577137280283117,1.3898009884895128,0.40043022513106946
pool_alloc_leaf_sp1,39,0.16342829331991543,0.5766105682781942,0.7590926738076486,0.15184035117744105
pool_alloc_stem_sp1,39,-0.350507582152937,0.39618304131710397,0.8192381083061828,0.22445690488073658
pool_turnover_branch_sp1,39,1.8829664905472634,2.213425831781681,3.1601667187973526,0.9310008969065875
pool_turnover_croot_sp1,39,-0.9978218137276957,1.3102210639200471,2.2752777542525706,0.686707900671562
pool_turnover_froot_sp1,39,-0.502748807531367,0.6182322611223803,0.831905413012371,0.2131087377430545
pool_turnover_leaf_sp1,39,0.02939299985150041,0.37132329533940606,0.6523615144980135,0.15736607755192056
pool_turnover_stem_sp1,39,0.46630863563758174,0.5495633375567781,0.6254201346838462,0.16628275761516817
proj_cover,39,-3.0671404889825196,3.552563754722422,10.393069490854346,2.837184874068843
proj_fire_off,39,0.054857379655245606,0.054857379655245606,0.1086168266015623,0.03751853685995004
proj_fire_on,39,3.5218242459161773,3.7367532173032503,4.178904750478398,1.2299075553975096
proj_mortality,39,23.79088457423706,24.63681719077504,28.092334150896683,8.855814670876153
proj_thinning_delta,39,27.90938925168868,27.938417500030702,24.45966763477255,6.776725766162313
roth_c_cover_c,39,1.109734787645676,1.2203512513256904,3.3158950025670557,1.0891513956333305
roth_c_dpm_frac_crop,39,-0.025662776805183772,0.025662776805183772,0.02864834386131583,0.008215973257644279
roth_c_dpm_frac_tree,39,-0.3202483626779024,1.0308151574724727,1.7290278840339477,0.3768431808031753
roth_c_moisture_b_slope,39,-1.2852161585383481,1.456211878165378,2.7870511451182804,0.9178492725423187
roth_c_temp_a1,39,0.5271596048682741,0.6044129146328838,1.0676169507807025,0.3237382392737251
roth_c_temp_a2,39,-4.776656387792265,5.512124870665457,9.71122631139299,2.893119290669601
thinning_fraction_branch_delta,39,0.5221880595429422,0.5221880595429422,0.5438441245455653,0.19006918486981328
thinning_fraction_croot_delta,39,0.2211970042483869,0.2211970042483869,0.24819114417227625,0.0706189477720874
thinning_fraction_froot_delta,39,0.12310320820720208,0.12310320820720208,0.12264383063827,0.03796379105433354
thinning_fraction_leaf_delta,39,0.20032917277066944,0.20032917277066944,0.18517110105798273,0.06100604009529574
thinning_fraction_stem_delta,39,1.242243758590511,1.242243758590511,1.4298550559486825,0.46694124899335937
tree_carbon_sp1,39,-2.771513008104189,3.309299633267371,4.643463721665788,1.3099835014943575
tree_nitrogen_branch_sp1,39,0.07762365584967926,0.07762365584967926,0.08262019505228321,0.02439065550869858
tree_nitrogen_croot_sp1,39,0.3126802688087866,0.3126802688087866,0.5553602787459456,0.17051698860575873
tree_nitrogen_froot_sp1,39,0.009635211965438739,0.009635211965438739,0.013206515505887133,0.004668490417126015
tree_nitrogen_leaf_sp1,39,1.7879663744305188,1.7879663744305188,2.6168255777602654,0.7575947790461656
tree_nitrogen_stem_sp1,39,0.005402960146592734,0.005402960146592734,0.007051849193030072,0.002233236919774265
tree_root_in_top_30,39,-1.6813620451306324,2.1017605265767183,3.6719444429748824,1.164267403928094
tree_root_to_shoot_sp1,39,-1.8633285533981812,2.6473438131972893,4.343470481657813,1.3274934430694711
cy0,40,-0.006000650507186622,0.1202662251035079,0.23059683634175746,0.061248645908155194
clay,40,-1.299203459466164,1.4340802628627394,2.090157231205579,0.5788557891028461
temp_ci_delta,40,0.7197134570323173,1.001046213174749,2.141910490565369,0.6628278608786302
rain_ci_delta,40,3.2061118074135293,4.481497185468724,8.113159138630307,2.3197024398881365
evap_ci_delta,40,-0.27883450001247073,2.3224298485561947,4.98596034219119,1.3118236661402893
ef_N_inputs,40,2.341743667721294,2.963616037020884,4.181072460388967,1.0742986257155929
volatile_frac_organic_fertiliser,40,-0.01630156757300249,0.01630156757300249,0.009909378296539333,0.003013845060999317
volatile_frac_synthetic_fertiliser,40,0.2120865563500211,0.2120865563500211,0.11442689071693647,0.035733729260371085
base_sf_qty_scale,40,-0.12171437219275354,0.12171437219275354,0.06001112738604105,0.017457688627474842
proj_lit_qty_scale,40,0.018267726880668588,0.021342808281485288,0.018755571324761938,0.004441486084125498
base_stand_density_scale,40,0.0,0.0,0.0,0.0
proj_stand_density_scale,40,-5.431498517403381,7.223286416098861,11.07560396690168,2.996344189924768
tree_wood_dens_sp1,40,-9.950619824352748,13.933797990045463,24.631517740081236,6.379368445141319
base_cover,40,0.2216092277717868,0.2580593986635236,0.3461987981111554,0.0911064408867404
base_fire_off,40,-0.0756788006786384,0.0756788006786384,0.14689869148455867,0.04839404300400017
base_fire_on,40,-0.19119348737943243,0.19119348737943243,0.1260723286825733,0.04146436485892638
base_sf_n_delta,40,-0.012054012840149592,0.012054012840149592,0.00528356810108037,0.001669226215326866
crop_base_left_delta,40,0.2307834539429316,0.26072826745637495,0.20015391700854884,0.04680113567765404
crop_base_yield_delta,40,0.005249776973360082,0.09986758303810779,0.12708570503681046,0.022682576621701207
crop_carbon_above_sp3,40,0.04493358145742163,0.045112222302934116,0.02789123980053785,0.00844969440473003
crop_carbon_below_sp3,40,0.108100440213492,0.108100440213492,0.047218001792837076,0.01263827867112657
crop_intercept_sp3,40,0.015917197694815012,0.03369374039892463,0.041017894674048795,0.008546332847998378
crop_nitrogen_above_sp3,40,-0.06693056078586578,0.07202355101829741,0.09143711527675803,0.022607966955536643
crop_nitrogen_below_sp3,40,-0.11086118948445947,0.11086118948445947,0.08012494133274631,0.02574250885643155
crop_carbon_above_sp10,40,0.0504619691480795,0.0504619691480795,0.039856534885452335,0.010697280432389326
crop_carbon_below_sp10,40,0.025032544240430242,0.02621650331301175,0.026087486341564364,0.00723568242532524
crop_intercept_sp10,40,0.015479645351129173,0.04563843099448041,0.05313779679481141,0.008194451846170682
crop_nitrogen_above_sp10,40,-0.04570356913160362,0.04570356913160362,0.0298416370064215,0.008973887083694948
crop_nitrogen_below_sp10,40,-0.023142435699093532,0.023444840719468018,0.02940446716600182,0.008328548589452821
crop_proj_left_delta,40,0.026198671337612185,0.06113893696084218,0.0658710156963494,0.010376151738788525
crop_proj_yield_delta,40,0.09825520435185502,0.15129696392858974,0.14907405369069102,0.02808651232656596
crop_root_in_top_30,40,0.08221880192180084,0.08790467682487912,0.07496038528991766,0.0219908773543851
crop_root_to_shoot_sp3,40,0.12256265950664172,0.13379646260725794,0.10288741673926406,0.026476040467827283
crop_slope_sp3,40,-0.0042793391431940496,0.033277377225983326,0.04340560767956107,0.007832748231294215
crop_root_to_shoot_sp10,40,0.02975968559199712,0.0331806391163351,0.033622818455216294,0.009589189937764812
crop_slope_sp10,40,-0.01979016878556216,0.07242169683624443,0.09659827573419938,0.017993174778671815
cy0_to_ceq_multiplier,40,-0.004172449224779229,0.013218323305939217,0.030966742567472883,0.008988070816269629
litter_carbon,40,-0.0028716021792593305,0.0028716021792593305,0.0013349139086408811,0.0003873612246581334
litter_nitrogen,40,0.013982065601878303,0.013982065601878303,0.007232994521155015,0.002439985892410667
mortality_fraction_branch_delta,40,-0.029910980169551526,0.05477916048437581,0.07322016111906636,0.01529044915824782
mortality_fraction_croot_delta,40,-0.021774843593319326,0.02691640467378862,0.04005058577449823,0.009851350575348292
mortality_fraction_froot_delta,40,-0.012712248066862514,0.015706606369932725,0.02197158411097568,0.006538930967314857
mortality_fraction_leaf_delta,40,0.0032515127690717015,0.010102692210590097,0.012361213804674528,0.0026523399734529906
mortality_fraction_stem_delta,40,-0.06320409676668162,0.11539739253617694,0.16010747885049628,0.041354174763565184
pool_alloc_froot_sp1,40,-0.8986659666095177,1.0516817787600554,1.4911772093638325,0.43467999068699986
pool_alloc_leaf_sp1,40,0.09368699978855075,0.5894276289859993,0.7971035724461029,0.15582318350343097
pool_alloc_stem_sp1,40,-0.368706474085903,0.4071390812696338,0.8459842474413298,0.23238232161082498
pool_turnover_branch_sp1,40,1.8735961616627734,2.1922284407832047,3.134706023801897,0.9234043023093867
pool_turnover_croot_sp1,40,-1.1599876820996442,1.4335541396324083,2.4544773066782404,0.7553106701047372
pool_turnover_froot_sp1,40,-0.5814888097670966,0.6805286115034976,0.9038592428482711,0.23706922636639574
pool_turnover_leaf_sp1,40,-0.015607189896862411,0.3774397875745577,0.6943854137802292,0.17045384934755514
pool_turnover_stem_sp1,40,0.4614155851490217,0.5412049437106727,0.61755584321948,0.16554411225934135
proj_cover,40,-2.998576202691152,3.427816612005972,9.52064573303527,2.6082053870192574
proj_fire_off,40,0.05485737965524547,0.05485737965524547,0.1086168266015622,0.03751853685995005
proj_fire_on,40,3.7399505829378397,3.8883314932735757,4.3051994025376965,1.2818632223926512
proj_mortality,40,25.0392058058084,25.799848867921146,29.441311973451683,9.318782452476132
proj_thinning_delta,40,28.77567597585455,28.808176502148378,25.59735749597399,7.080468333053729
roth_c_cover_c,40,1.0551730490719256,1.1657461382890209,3.2176637119577607,1.0501582920560992
roth_c_dpm_frac_crop,40,-0.021842326223857407,0.021842326223857407,0.025520656775232534,0.007335947135359936
roth_c_dpm_frac_tree,40,0.06403098035911266,1.0579484248278006,1.8560719210944245,0.41710874355936994
roth_c_moisture_b_slope,40,-1.137529291472807,1.3599251106477663,2.618677602969879,0.8581394259944677
roth_c_temp_a1,40,0.5394244298582125,0.6039375835382081,1.0196485099659698,0.31146980875753877
roth_c_temp_a2,40,-4.649893372700792,5.332045516710011,9.206069454060332,2.786304683050717
thinning_fraction_branch_delta,40,0.3559643385853271,0.3559643385853271,0.356551804156059,0.1239577282620742
thinning_fraction_croot_delta,40,0.16494218048618095,0.16494218048618095,0.1867839028236036,0.053647548557472516
thinning_fraction_froot_delta,40,0.08689752959298278,0.08689752959298278,0.08385548415097867,0.026161608929414975
thinning_fraction_leaf_delta,40,0.15002809785810972,0.15002809785810972,0.1428563063580958,0.04674161372486272
thinning_fraction_stem_delta,40,0.9153027291000345,0.9153027291000345,1.046193181331833,0.340877945608848
tree_carbon_sp1,40,-2.9579411414273262,3.440432993316783,4.789363411487023,1.3643755245857043
tree_nitrogen_branch_sp1,40,0.0787987522024812,0.0787987522024812,0.08475058122749314,0.025004096950756942
tree_nitrogen_croot_sp1,40,0.3194495091034725,0.3194495091034725,0.5733855296012491,0.176024499091299
tree_nitrogen_froot_sp1,40,0.009885561951012251,0.009885561951012251,0.013646150137230383,0.004825182756846259
tree_nitrogen_leaf_sp1,40,1.8242184148427665,1.8242184148427665,2.6891306528209733,0.779483535671944
tree_nitrogen_stem_sp1,40,0.005488321602511437,0.005488321602511437,0.007248209172731655,0.002296043365624649
tree_root_in_top_30,40,-1.8871537080036558,2.256239064472913,3.8686749329404666,1.2379906849919444
tree_root_to_shoot_sp1,40,-2.010479899173826,2.712791152226175,4.4341707250273465,1.3735361770035732
cy0,41,-0.009910445226783698,0.1186977286776267,0.23110884513334404,0.0613973195715738
clay,41,-1.3073118752655846,1.4473441727960301,2.1270909313043207,0.5878564076955255
temp_ci_delta,41,0.74305097669392,0.9974714092291581,2.0968428783442103,0.6514056026464767
rain_ci_delta,41,3.2854625509888926,4.567630692740659,8.19564363468218,2.3318910012121736
evap_ci_delta,41,-0.2440352940166705,2.4056646712268366,5.112091016003106,1.3633680138279562
ef_N_inputs,41,2.408256759473219,3.0364187008430643,4.30123562264993,1.1079949746538362
volatile_frac_organic_fertiliser,41,-0.016301567573002475,0.016301567573002475,0.009909378296539628,0.0030138450609994132
volatile_frac_synthetic_fertiliser,41,0.2120865563500211,0.2120865563500211,0.11442689071693567,0.035733729260370856
base_sf_qty_scale,41,-0.1217143721927523,0.1217143721927523,0.060011127386039635,0.017457688627474557
proj_lit_qty_scale,41,0.018621590198054642,0.021549448802740297,0.018701063757707474,0.004486667666104489
base_stand_density_scale,41,0.0,0.0,0.0,0.0
proj_stand_density_scale,41,-5.6580921114206895,7.339078023551148,11.303819587138166,3.089743982362107
tree_wood_dens_sp1,41,-10.418936548782494,14.147602621891897,25.217502833761436,6.5881204330185374
base_cover,41,0.21378380051279428,0.2511722151651029,0.33980708565488094,0.08924394732764247
base_fire_off,41,-0.07567880067863916,0.07567880067863916,0.1468986914845602,0.0483940430040008
base_fire_on,41,-0.18994122035478125,0.18994122035478125,0.12379772838076926,0.04066885871077441
base_sf_n_delta,41,-0.012054012840149892,0.012054012840149892,0.005283568101080291,0.0016692262153269156
crop_base_left_delta,41,0.22660901125635208,0.2570193439240706,0.19888183019493685,0.046372953999341916
crop_base_yield_delta,41,0.0017197875873795926,0.09893931496438936,0.12673436183836026,0.022832780556999457
crop_carbon_above_sp3,41,0.04314548441469994,0.0433774478012372,0.027065896195986497,0.008173737506060241
crop_carbon_below_sp3,41,0.10332737691121063,0.10332737691121063,0.045818359834033574,0.012234328732671006
crop_intercept_sp3,41,0.013783832572806132,0.032431034941424686,0.039503224192462806,0.007963188565268795
crop_nitrogen_above_sp3,41,-0.06693056078586342,0.07202355101829631,0.09143711527675759,0.02260796695553646
crop_nitrogen_below_sp3,41,-0.1108611894844584,0.1108611894844584,0.08012494133274617,0.025742508856431475
crop_carbon_above_sp10,41,0.04943427214792403,0.04943427214792403,0.03942476988888376,0.01056945227961191
crop_carbon_below_sp10,41,0.02454894963121588,0.02573807028226389,0.02582117658618303,0.007155906228528474
crop_intercept_sp10,41,0.014647884505677933,0.04548986632889873,0.053006594325081514,0.008094218582105878
crop_nitrogen_above_sp10,41,-0.045703569131602714,0.045703569131602714,0.029841637006421864,0.008973887083694905
crop_nitrogen_below_sp10,41,-0.02314243569909299,0.023444840719467494,0.029404467166002764,0.008328548589453021
crop_proj_left_delta,41,0.02283295176383251,0.0586741221186786,0.06414959049980028,0.010024562731762793
crop_proj_yield_delta,41,0.10822258319769248,0.15240508189373997,0.14520576629012275,0.02905649716785876
crop_root_in_top_30,41,0.07785467656778702,0.08411815445683246,0.07345689024332155,0.021336834593399925
crop_root_to_shoot_sp3,41,0.1148866889434603,0.12705343658698795,0.10038124664968072,0.02557020102397758
crop_slope_sp3,41,-0.007382750971400623,0.03389279425483795,0.04273837298930008,0.007484666921297571
crop_root_to_shoot_sp10,41,0.028925066732531333,0.03252973669700828,0.03331444166077602,0.009415189467825444
crop_slope_sp10,41,-0.021917409289538583,0.07286272479121611,0.0964188071026327,0.017861336131702314
cy0_to_ceq_multiplier,41,-0.004016464812090531,0.013053245272595698,0.03096436855627503,0.008985759434359666
litter_carbon,41,-0.002811670848937331,0.002811670848937331,0.0013254978057716177,0.0003848882838997979
litter_nitrogen,41,0.013982065601876727,0.013982065601876727,0.007232994521154427,0.0024399858924107295
mortality_fraction_branch_delta,41,-0.03311685872939389,0.05701285074864506,0.07577187552390559,0.016081623492522484
mortality_fraction_croot_delta,41,-0.022991192193355103,0.027817279285534745,0.04147684373352785,0.01023846398443049
mortality_fraction_froot_delta,41,-0.013453262045802111,0.016262920535098452,0.022646102922986723,0.006802605909005146
mortality_fraction_leaf_delta,41,0.0026498488759524154,0.010333358045548075,0.012669650368343192,0.002627297124537949
mortality_fraction_stem_delta,41,-0.06944533802167252,0.11937819129677829,0.16675903340411452,0.04365729088345039
pool_alloc_froot_sp1,41,-0.9681082406720719,1.1135916313843948,1.5683630866530676,0.4610139920087706
pool_alloc_leaf_sp1,41,0.0538546262953973,0.6005453301411476,0.8277073494731807,0.1609158521358183
pool_alloc_stem_sp1,41,-0.3766154293210058,0.4132889491222896,0.861197782835937,0.23787546664865872
pool_turnover_branch_sp1,41,1.802108612355354,2.120210018378499,3.065062332186568,0.9026507386621304
pool_turnover_croot_sp1,41,-1.2785970049311777,1.5344544112710499,2.602840132172964,0.8087234580595433
pool_turnover_froot_sp1,41,-0.6391151382045097,0.7284245774080612,0.9637260241568937,0.25630232723988006
pool_turnover_leaf_sp1,41,-0.04574445754510381,0.3871856739918142,0.7325792157281159,0.18171564923897474
pool_turnover_stem_sp1,41,0.4391333243129248,0.5178137499166893,0.5974810742154283,0.16074887937113133
proj_cover,41,-3.127313891943814,3.530566740692394,9.116626988478163,2.5179615879154182
proj_fire_off,41,0.05485737965524527,0.05485737965524527,0.10861682660156174,0.037518536859949915
proj_fire_on,41,3.8984364967251937,4.03014170312151,4.457578487530627,1.3276393873518433
proj_mortality,41,25.96149627125243,26.689463148083963,30.56415258012024,9.69740439483662
proj_thinning_delta,41,28.922900532541956,28.99781290184921,26.530065570560073,7.307683575807222
roth_c_cover_c,41,1.029440671164415,1.1321154695132907,3.131961135975629,1.0180769553581563
roth_c_dpm_frac_crop,41,-0.018783615256946197,0.018783615256946197,0.02276352321105674,0.006554342061107668
roth_c_dpm_frac_tree,41,0.3228163473457535,1.1283196447786057,2.0025727780013147,0.4762679072927821
roth_c_moisture_b_slope,41,-1.1102778557593724,1.3526136657103711,2.6126775369922024,0.8526753679202062
roth_c_temp_a1,41,0.564595026963145,0.6279381058353315,1.009630083949658,0.31097570943565445
roth_c_temp_a2,41,-4.708372179284972,5.423107384073072,8.988657177130168,2.73135625645696
thinning_fraction_branch_delta,41,0.2578848352070224,0.2578848352070224,0.24901722770095833,0.08477370089318262
thinning_fraction_croot_delta,41,0.12663286324687706,0.12663286324687706,0.14477065994338287,0.04195137139544605
thinning_fraction_froot_delta,41,0.06413976709724424,0.06413976709724424,0.06325801408224715,0.019773826950672924
thinning_fraction_leaf_delta,41,0.11551342237462392,0.11551342237462392,0.11291478011575755,0.036457117899059865
thinning_fraction_stem_delta,41,0.699289305985433,0.699289305985433,0.7887914698329672,0.25850562334484184
tree_carbon_sp1,41,-3.0519773533453995,3.5007783329507958,4.886992168376806,1.40081572726819
tree_nitrogen_branch_sp1,41,0.07990496702878992,0.07990496702878992,0.08683164368258994,0.025603402277579127
tree_nitrogen_croot_sp1,41,0.3259914969480229,0.3259914969480229,0.591213413477011,0.1814710739071639
tree_nitrogen_froot_sp1,41,0.01013057624358738,0.01013057624358738,0.014081539943958794,0.004980393508485863
tree_nitrogen_leaf_sp1,41,1.8590516637124606,1.8590516637124606,2.7596395432079444,0.8009027412929867
tree_nitrogen_stem_sp1,41,0.0055701679010245865,0.0055701679010245865,0.007440041042503326,0.0023574969603611705
tree_root_in_top_30,41,-2.0365719311749766,2.376827588217056,4.0431090066956035,1.3013738021362506
tree_root_to_shoot_sp1,41,-2.085856023356626,2.7363666406968656,4.486873591543109,1.4011049042479131
cy0,42,-0.013559938480913367,0.11699648191293803,0.2319412123633188,0.061689121657305675
clay,42,-1.313390440871974,1.4591692604237454,2.1638542285457807,0.5980630661545554
temp_ci_delta,42,0.7750121639524974,1.0102812145112903,2.089912727298386,0.6508412659977559
rain_ci_delta,42,3.472871453734502,4.751098872149302,8.45226548471988,2.3961690679883407
evap_ci_delta,42,-0.2031419743303843,2.5027592055837355,5.299544488258872,1.4301878738625993
ef_N_inputs,42,2.4719657600962184,3.106379367799313,4.418787468009252,1.1410115634927718
volatile_frac_organic_fertiliser,42,-0.016301567573002808,0.016301567573002808,0.00990937829653979,0.003013845060999402
volatile_frac_synthetic_fertiliser,42,0.21208655635002077,0.21208655635002077,0.11442689071693633,0.035733729260370974
base_sf_qty_scale,42,-0.12171437219275286,0.12171437219275286,0.06001112738604065,0.01745768862747475
proj_lit_qty_scale,42,0.01896517233499919,0.021749596471325818,0.018647846205283515,0.00453228586958644
base_stand_density_scale,42,0.0,0.0,0.0,0.0
proj_stand_density_scale,42,-5.913806583616686,7.4989832257103615,11.393958437852067,3.119296925560294
tree_wood_dens_sp1,42,-10.633517945538568,14.203466411554928,25.59191424310563,6.730147639410841
base_cover,42,0.20630581723891145,0.2444829701492835,0.3336958378338716,0.08748913606146864
base_fire_off,42,-0.07567880067863811,0.07567880067863811,0.1468986914845577,0.04839404300399981
base_fire_on,42,-0.18872004479606752,0.18872004479606752,0.12161058249839247,0.03990148763985205
base_sf_n_delta,42,-0.01205401284014985,0.01205401284014985,0.005283568101080943,0.0016692262153271008
crop_base_left_delta,42,0.22253077686919015,0.25341738898338095,0.1976411544828068,0.04595027798206195
crop_base_yield_delta,42,-0.0017249590621964378,0.09802794539951691,0.1263986896619029,0.02302383534077882
crop_carbon_above_sp3,42,0.04158108177431988,0.04185697171649377,0.026333295048004905,0.007932203146604188
crop_carbon_below_sp3,42,0.0991986621498229,0.0991986621498229,0.04467971921320087,0.011922548045212823
crop_intercept_sp3,42,0.011947574413495074,0.03161431078683082,0.038318553744000665,0.007484858683336446
crop_nitrogen_above_sp3,42,-0.06693056078586415,0.07202355101829605,0.09143711527675683,0.022607966955536445
crop_nitrogen_below_sp3,42,-0.11086118948445851,0.11086118948445851,0.08012494133274545,0.025742508856431274
crop_carbon_above_sp10,42,0.04843819957620582,0.04843819957620582,0.039007225685456996,0.010446580136424495
crop_carbon_below_sp10,42,0.02408087971272383,0.025274195194272035,0.025566825240943038,0.007080521322845338
crop_intercept_sp10,42,0.013842359766274326,0.045371949638532964,0.05288166894927309,0.007992516339511478
crop_nitrogen_above_sp10,42,-0.045703569131602804,0.045703569131602804,0.02984163700642191,0.008973887083694917
crop_nitrogen_below_sp10,42,-0.023142435699093033,0.023444840719467536,0.029404467166002573,0.008328548589453004
crop_proj_left_delta,42,0.020154747263021515,0.05667449402868865,0.06274674363985112,0.009812249284563946
crop_proj_yield_delta,42,0.11677648014478367,0.15340494650408665,0.14214330191443844,0.03013894351116717
crop_root_in_top_30,42,0.074010836596286,0.08078443010621214,0.07217617630346332,0.02078177851144001
crop_root_to_shoot_sp3,42,0.10825100157393845,0.1214244080403494,0.0982761744306042,0.024727284429036038
crop_slope_sp3,42,-0.01008635397729388,0.034614567194782994,0.04219790280657133,0.007222143617041983
crop_root_to_shoot_sp10,42,0.028117337074193727,0.031896024853590284,0.033020985669672216,0.009252243410844506
crop_slope_sp10,42,-0.023982368008418985,0.07333163466380004,0.09624991574024559,0.017756342218749565
cy0_to_ceq_multiplier,42,-0.0038640404001516414,0.012916667645360763,0.03097354599213615,0.008978644449217851
litter_carbon,42,-0.0027532952983514046,0.0027532952983514046,0.001316183750460599,0.00038242827469195335
litter_nitrogen,42,0.013982065601877078,0.013982065601877078,0.0072329945211546415,0.002439985892410681
mortality_fraction_branch_delta,42,-0.03485582669168043,0.058209485511913725,0.07739492483708471,0.01658959042375801
mortality_fraction_croot_delta,42,-0.023721050735221523,0.02835396106950273,0.04244514758848182,0.010510881857668594
mortality_fraction_froot_delta,42,-0.013877240389884457,0.016562495792314218,0.023090802452559896,0.00698044639640486
mortality_fraction_leaf_delta,42,0.0023980736514071037,0.010491266915935663,0.012918028213285979,0.0026628301573274407
mortality_fraction_stem_delta,42,-0.07317895674434419,0.12191937076957197,0.1712306979439111,0.0451793130755823
pool_alloc_froot_sp1,42,-1.0109807399681479,1.1543535868770642,1.6270224627262422,0.48036333853286034
pool_alloc_leaf_sp1,42,0.03427237297480175,0.606775689304,0.8492676179017823,0.16588208496148313
pool_alloc_stem_sp1,42,-0.37718673425173305,0.41341917630617725,0.8665552711465395,0.2403685534312412
pool_turnover_branch_sp1,42,1.6884239591785928,2.0116006920803775,2.962645393163893,0.872311005169448
pool_turnover_croot_sp1,42,-1.3660611935767182,1.6109745396110682,2.7234806410731713,0.8517880331393213
pool_turnover_froot_sp1,42,-0.6816692343557651,0.7651976874066124,1.0121849009514092,0.2713902499734502
pool_turnover_leaf_sp1,42,-0.06557209966497261,0.3979963276509368,0.7658538689809661,0.1908074246118924
pool_turnover_stem_sp1,42,0.40509803241037223,0.48407000080196,0.5687599347172817,0.1530931879367645
proj_cover,42,-3.307793843044338,3.6834719933354956,9.023354086549158,2.5140102554854735
proj_fire_off,42,0.05485737965524541,0.05485737965524541,0.10861682660156198,0.03751853685995001
proj_fire_on,42,4.018290115000066,4.137348384874391,4.6050513699562785,1.3721684208937408
proj_mortality,42,26.63536241476897,27.360506099961547,31.488153433089117,10.005464416462196
proj_thinning_delta,42,28.59140806041168,28.72642148474784,27.26675857678934,7.47701657542543
roth_c_cover_c,42,1.0201920233468824,1.11351796251683,3.071979020564116,0.9963655070102453
roth_c_dpm_frac_crop,42,-0.016308148286953122,0.016308148286953122,0.020339346215019805,0.00586343980537493
roth_c_dpm_frac_tree,42,0.502791064035417,1.1883745163517625,2.140033461569529,0.5388651238263162
roth_c_moisture_b_slope,42,-1.145089856046486,1.390442412499525,2.691403585404841,0.8754720262827842
roth_c_temp_a1,42,0.5905227591461749,0.6500380838281348,1.018784395037755,0.31715473919936754
roth_c_temp_a2,42,-4.823010948650327,5.554743269549794,8.949029624207677,2.7294643045974056
thinning_fraction_branch_delta,42,0.19646001456609455,0.19646001456609455,0.18194888518104357,0.060427819622557034
thinning_fraction_croot_delta,42,0.09964159681988598,0.09964159681988598,0.11460723348171291,0.03349151798575675
thinning_fraction_froot_delta,42,0.0491901484617072,0.0491901484617072,0.0504023446386358,0.01578876053845038
thinning_fraction_leaf_delta,42,0.09106049685018985,0.09106049685018985,0.09114607024400542,0.028910329601606072
thinning_fraction_stem_delta,42,0.5493890603577606,0.5493890603577606,0.6069029444869372,0.20104519573694207
tree_carbon_sp1,42,-3.087317673481567,3.5143587643738963,4.951959862885016,1.425039708424852
tree_nitrogen_branch_sp1,42,0.08093757449575054,0.08093757449575054,0.08885529189510834,0.026186199702101072
tree_nitrogen_croot_sp1,42,0.3322823382724446,0.3322823382724446,0.6087858866841483,0.18683903156762555
tree_nitrogen_froot_sp1,42,0.01036940085202175,0.01036940085202175,0.014511298937764809,0.005133629060572045
tree_nitrogen_leaf_sp1,42,1.8923290126368353,1.8923290126368353,2.8280994829344417,0.8217759308365663
tree_nitrogen_stem_sp1,42,0.005648132881028087,0.005648132881028087,0.007626634604221857,0.0024173693444705375
tree_root_in_top_30,42,-2.145175822843341,2.4677154220261297,4.19381805305429,1.3557765708160723
tree_root_to_shoot_sp1,42,-2.1129412020737632,2.731284344471556,4.510490419579521,1.4150678601812985
cy0,43,-0.016964570537050035,0.11692068932179474,0.23299500454747987,0.061871227045586716
clay,43,-1.3172387354716308,1.4678411490097125,2.1978100672794016,0.6080469934954084
temp_ci_delta,43,0.8070566498538924,1.035610222011723,2.1045241977688156,0.6554058942400905
rain_ci_delta,43,3.6889923166153076,4.957403754097539,8.767948501126542,2.481293197205137
evap_ci_delta,43,-0.16786656260608537,2.5910587087262806,5.486737868434645,1.4938899555653278
ef_N_inputs,43,2.532634872488306,3.1732609741211517,4.533333518430258,1.1732336604047715
volatile_frac_organic_fertiliser,43,-0.01630156757300282,0.01630156757300282,0.00990937829653986,0.00301384506099942
volatile_frac_synthetic_fertiliser,43,0.2120865563500211,0.2120865563500211,0.11442689071693615,0.03573372926037099
base_sf_qty_scale,43,-0.12171437219275309,0.12171437219275309,0.06001112738604004,0.017457688627474547
proj_lit_qty_scale,43,0.01929895525398404,0.021956080803821387,0.018595812668229177,0.004570667058009445
base_stand_density_scale,43,0.0,0.0,0.0,0.0
proj_stand_density_scale,43,-5.671100937168929,7.277921529097966,11.50508069975893,3.173848517146973
tree_wood_dens_sp1,43,-10.57096205878751,14.23052356779651,25.847662009144127,6.813917883012768
base_cover,43,0.19915744201381916,0.23857970747712823,0.3278462589583831,0.0859338748345238
base_fire_off,43,-0.07567880067863866,0.07567880067863866,0.1468986914845594,0.04839404300400049
base_fire_on,43,-0.1875290778614875,0.1875290778614875,0.11950809166424174,0.039161374523416774
base_sf_n_delta,43,-0.012054012840149116,0.012054012840149116,0.005283568101080001,0.0016692262153267094
crop_base_left_delta,43,0.21854517769250234,0.24990569224353076,0.19642968385165102,0.045538370837184976
crop_base_yield_delta,43,-0.005088233069315199,0.09731862334155454,0.12607688538522177,0.023104931819813584
crop_carbon_above_sp3,43,0.0401876733780223,0.04049963900064021,0.025673490356204004,0.00771832430428311
crop_carbon_below_sp3,43,0.09557641663322433,0.09557641663322433,0.043741267938133585,0.011680799969826596
crop_intercept_sp3,43,0.01032648319475347,0.030889439574086075,0.037369428545963715,0.007106738937130687
crop_nitrogen_above_sp3,43,-0.0669305607858643,0.0720235510182972,0.09143711527675695,0.022607966955535835
crop_nitrogen_below_sp3,43,-0.11086118948445867,0.11086118948445867,0.08012494133274639,0.025742508856431603
crop_carbon_above_sp10,43,0.04747257746873903,0.04747257746873903,0.03860160845644052,0.010328025416645297
crop_carbon_below_sp10,43,0.023627510234270503,0.024824203818272307,0.02532338348414548,0.007009188025034702
crop_intercept_sp10,43,0.013061828859958418,0.0452952437856433,0.05276232287028187,0.007884187882580143
crop_nitrogen_above_sp10,43,-0.04570356913160319,0.04570356913160319,0.029841637006421912,0.008973887083695023
crop_nitrogen_below_sp10,43,-0.02314243569909264,0.02344484071946718,0.029404467166002004,0.008328548589453009
crop_proj_left_delta,43,0.01799607889976174,0.05497481031467594,0.061564853880129784,0.009701770668527898
crop_proj_yield_delta,43,0.12425021301888002,0.1544148597373438,0.13971108804004742,0.03121357396586991
crop_root_in_top_30,43,0.07057365537815478,0.07784603707276731,0.07107327615987673,0.02028210337816416
crop_root_to_shoot_sp3,43,0.10243387485177942,0.11653291287951975,0.09650283636853584,0.024025253458111778
crop_slope_sp3,43,-0.0124792900094166,0.035280666416879526,0.04176085802542907,0.00706784922341846
crop_root_to_shoot_sp10,43,0.027334989763307678,0.03127957314698344,0.032740907538162445,0.009099166349324506
crop_slope_sp10,43,-0.02598811662171433,0.07377824828499947,0.09609027473937223,0.017678044619352164
cy0_to_ceq_multiplier,43,-0.0037155013170900473,0.012773562661262412,0.030985722187101047,0.008976123523916893
litter_carbon,43,-0.0026964211789695103,0.0026964211789695103,0.0013069480254762744,0.00037997510920245123
litter_nitrogen,43,0.013982065601878119,0.013982065601878119,0.007232994521155748,0.002439985892411007
mortality_fraction_branch_delta,43,-0.035512965560356914,0.05861303226749683,0.07825683374424663,0.016857797755093933
mortality_fraction_croot_delta,43,-0.02408997979350466,0.028611936767030742,0.043026930783046424,0.010685824626384822
mortality_fraction_froot_delta,43,-0.014061055772888815,0.016677660153275053,0.02333382960175088,0.007081148582323707
mortality_fraction_leaf_delta,43,0.0023898140980649326,0.010581583590215252,0.013105919615058999,0.002729984206419796
mortality_fraction_stem_delta,43,-0.07509993785973303,0.12334186293826681,0.1739768958542504,0.04609746368539261
pool_alloc_froot_sp1,43,-1.0377920032458383,1.176289352565947,1.668141523423453,0.49452210555286635
pool_alloc_leaf_sp1,43,0.029485245523716497,0.6088532329405903,0.8626053578171947,0.16998895423375648
pool_alloc_stem_sp1,43,-0.3723485135501635,0.4089741830339103,0.863704725379455,0.24043996484426902
pool_turnover_branch_sp1,43,1.5448374183191664,1.875981050895637,2.834689219560969,0.8346530560226224
pool_turnover_croot_sp1,43,-1.430427391664125,1.6686576460815157,2.820375986909687,0.8861971384152361
pool_turnover_froot_sp1,43,-0.7129218863985476,0.7935808759843742,1.0505400450259081,0.28267402256929375
pool_turnover_leaf_sp1,43,-0.07867644080920712,0.4062163156568017,0.794226610968371,0.19882841309597787
pool_turnover_stem_sp1,43,0.3629130384167344,0.44294642053680516,0.5338368272776505,0.1434690212904171
proj_cover,43,-3.484594586303497,3.844170829399232,9.112996394091699,2.5570643862979225
proj_fire_off,43,0.05485737965524594,0.05485737965524594,0.10861682660156323,0.037518536859950345
proj_fire_on,43,4.111097049875399,4.22053005093178,4.73768919221222,1.41241945010463
proj_mortality,43,27.18465314041712,27.90765453762007,32.17575020756014,10.223039084233422
proj_thinning_delta,43,28.09072571740885,28.29375845260405,27.735339678893144,7.598423213195762
roth_c_cover_c,43,1.0202324679254384,1.1104069994530579,3.0342652016686653,0.9835412358988407
roth_c_dpm_frac_crop,43,-0.0142850934276833,0.0142850934276833,0.018210100006079193,0.005254339405688073
roth_c_dpm_frac_tree,43,0.6292901359286048,1.2280288421871157,2.2600868180738605,0.597732391200518
roth_c_moisture_b_slope,43,-1.207007720859713,1.4472294103523513,2.8105063625337348,0.9119811659463527
roth_c_temp_a1,43,0.6143121656833923,0.6690448659695795,1.0371868530353938,0.32599917358615466
roth_c_temp_a2,43,-4.949460786042246,5.68481167130774,9.00158933174148,2.7542527741360487
thinning_fraction_branch_delta,43,0.15598241858327086,0.15598241858327086,0.13776534457241185,0.04485994884105487
thinning_fraction_croot_delta,43,0.0801154509650203,0.0801154509650203,0.09235773156413292,0.0272095901534
thinning_fraction_froot_delta,43,0.03899434107658971,0.03899434107658971,0.0414404747763975,0.013027825926371181
thinning_fraction_leaf_delta,43,0.0733314887448541,0.0733314887448541,0.07495050121315869,0.023298920725690713
thinning_fraction_stem_delta,43,0.44176634804351406,0.44176634804351406,0.4749864174958041,0.1594794021000761
tree_carbon_sp1,43,-3.081575249909741,3.4932216005483587,4.990922724249811,1.4397104984598488
tree_nitrogen_branch_sp1,43,0.08189234796467167,0.08189234796467167,0.09081381772471515,0.02675022650757284
tree_nitrogen_croot_sp1,43,0.3382997917496396,0.3382997917496396,0.6260463897717481,0.19211115145681523
tree_nitrogen_froot_sp1,43,0.010601219616807003,0.010601219616807003,0.014934069511563343,0.005284405198819118
tree_nitrogen_leaf_sp1,43,1.9239237419833262,1.9239237419833262,2.894270866717933,0.8420301248670756
tree_nitrogen_stem_sp1,43,0.005721877868285516,0.005721877868285516,0.007807313540675235,0.0024754427725695756
tree_root_in_top_30,43,-2.22281765849828,2.533945750323998,4.32121579160888,1.4018071672380608
tree_root_to_shoot_sp1,43,-2.1059819138666023,2.7051905412859214,4.510837471817133,1.4187128449812871
cy0,44,-0.020138758221147583,0.1174072642716549,0.23418769491100644,0.06202391034140333
clay,44,-1.3190651321426128,1.4740981604763548,2.228055040371043,0.6172244202470072
temp_ci_delta,44,0.836422597198306,1.0596267977346145,2.1310476776287297,0.6641098533780607
rain_ci_delta,44,3.897315532716474,5.143222636165714,9.083293967615697,2.5706789191366264
evap_ci_delta,44,-0.14368421692676642,2.6642390062643853,5.6521760938498895,1.5486588652796802
ef_N_inputs,44,2.5900501728595544,3.236847515168429,4.644500418764148,1.2045526402495883
volatile_frac_organic_fertiliser,44,-0.01630156757300279,0.01630156757300279,0.009909378296539754,0.003013845060999398
volatile_frac_synthetic_fertiliser,44,0.21208655635002086,0.21208655635002086,0.11442689071693614,0.035733729260370835
base_sf_qty_scale,44,-0.1217143721927538,0.1217143721927538,0.060011127386041106,0.017457688627474835
proj_lit_qty_scale,44,0.019623410411618063,0.022164354668991477,0.018544848367468253,0.004604670054193316
base_stand_density_scale,44,0.0,0.0,0.0,0.0
proj_stand_density_scale,44,-5.695727423591142,7.234735390593231,11.432719290773715,3.1470155149475274
tree_wood_dens_sp1,44,-10.458140322742782,14.079382093278804,25.913481505143277,6.838658461759292
base_cover,44,0.19232173922058857,0.2330401442078264,0.3222410376821459,0.08442271866201746
base_fire_off,44,-0.07567880067863866,0.07567880067863866,0.14689869148455945,0.048394043004000506
base_fire_on,44,-0.18636727424272903,0.18636727424272903,0.11748690658255062,0.03844748763351273
base_sf_n_delta,44,-0.012054012840150573,0.012054012840150573,0.005283568101079789,0.0016692262153269488
crop_base_left_delta,44,0.21464824631131596,0.2464661865673047,0.19524523260033125,0.0451427932905997
crop_base_yield_delta,44,-0.008373552098373266,0.09682299683262685,0.12576733048830777,0.02315043311836139
crop_carbon_above_sp3,44,0.03892674353670374,0.039268225814872305,0.025072433795154912,0.0075271436278795505
crop_carbon_below_sp3,44,0.09235917969418628,0.09235917969418628,0.042956689374516216,0.01149171095416037
crop_intercept_sp3,44,0.008866322832220202,0.03023473523620195,0.03659621148963298,0.006807840396855455
crop_nitrogen_above_sp3,44,-0.06693056078586657,0.07202355101829713,0.09143711527675753,0.02260796695553678
crop_nitrogen_below_sp3,44,-0.1108611894844593,0.1108611894844593,0.08012494133274614,0.025742508856431454
crop_carbon_above_sp10,44,0.04653539378016577,0.04653539378016577,0.038207506115749516,0.01021366553947875
crop_carbon_below_sp10,44,0.02318789701269648,0.024387136159788936,0.0250897860190076,0.006941540840023522
crop_intercept_sp10,44,0.012304564084503328,0.04521955628728605,0.05264713886429762,0.007783679094934148
crop_nitrogen_above_sp10,44,-0.04570356913160374,0.04570356913160374,0.029841637006421683,0.008973887083694966
crop_nitrogen_below_sp10,44,-0.023142435699092752,0.02344484071946725,0.029404467166002965,0.008328548589453037
crop_proj_left_delta,44,0.01623577928398645,0.05350253900745698,0.0605382514071715,0.009649533040970817
crop_proj_yield_delta,44,0.1308826620209807,0.15562865330696135,0.13777380713435494,0.03211599313332705
crop_root_in_top_30,44,0.0674600008095418,0.07525138120219135,0.07011295416868518,0.01981053341976554
crop_root_to_shoot_sp3,44,0.09726909810964832,0.11239947762913234,0.09500293077722663,0.023386838790573725
crop_slope_sp3,44,-0.014626533512640028,0.03589482315217509,0.04140807845515276,0.006999417162834597
crop_root_to_shoot_sp10,44,0.026576754567006023,0.0306903566046424,0.032472864189337806,0.008950146006702405
crop_slope_sp10,44,-0.027937371829908804,0.07420509261181155,0.09593831014573723,0.017623479779719065
cy0_to_ceq_multiplier,44,-0.0035705598381109427,0.012624181341763624,0.03099332413653808,0.008975125066069558
litter_carbon,44,-0.0026409920931560527,0.0026409920931560527,0.001297771867061117,0.0003775238928516373
litter_nitrogen,44,0.013982065601877794,0.013982065601877794,0.007232994521155119,0.0024399858924107724
mortality_fraction_branch_delta,44,-0.03535277810011807,0.05840027162474241,0.07850642568072069,0.01693707889372621
mortality_fraction_croot_delta,44,-0.024182159451734898,0.02864893727214283,0.043285854941796646,0.010779212557767993
mortality_fraction_froot_delta,44,-0.014057344611767003,0.016659792126648115,0.02340224854908232,0.0071140854608803435
mortality_fraction_leaf_delta,44,0.0025562932311145314,0.010613677533563303,0.013247741305167385,0.0028192881088838395
mortality_fraction_stem_delta,44,-0.07544749138957454,0.12410357497298966,0.17548017436061067,0.04649865843291325
pool_alloc_froot_sp1,44,-1.0515339042265386,1.1850503778239645,1.6958629637018636,0.5043331618159539
pool_alloc_leaf_sp1,44,0.036139442650125767,0.6076404689534621,0.8692180892804819,0.1733934267379064
pool_alloc_stem_sp1,44,-0.36342908274886576,0.400951615331895,0.854120565188621,0.23856638305222813
pool_turnover_branch_sp1,44,1.3796365511915356,1.7248528284292461,2.6865081517724585,0.7912977882938265
pool_turnover_croot_sp1,44,-1.477065763231209,1.7114150289040233,2.897149232593603,0.9133983380403229
pool_turnover_froot_sp1,44,-0.7353363461817747,0.8142453649141611,1.0801086413228165,0.29138788682444344
pool_turnover_leaf_sp1,44,-0.08427644476895713,0.41369517791335575,0.8184785804849849,0.20601865116943227
pool_turnover_stem_sp1,44,0.31505421607421213,0.3964982266671275,0.4945260668107367,0.13258540782425887
proj_cover,44,-3.6390377071243165,3.990520334684432,9.300771382823578,2.6225238062780463
proj_fire_off,44,0.05485737965524538,0.05485737965524538,0.10861682660156192,0.03751853685994999
proj_fire_on,44,4.183685099166621,4.285741888947309,4.853285185083873,1.4476490644560662
proj_mortality,44,27.42322847379766,28.17897628001905,32.82735020853498,10.450228644285724
proj_thinning_delta,44,27.337802425034386,27.612162311892348,28.11644612229685,7.738223659082091
roth_c_cover_c,44,1.0255836243710423,1.1140855464857897,3.014758847726511,0.9775331214237691
roth_c_dpm_frac_crop,44,-0.01261737470443322,0.01261737470443322,0.016339959255017984,0.0047179677444527685
roth_c_dpm_frac_tree,44,0.717063368898511,1.25231100137801,2.3594728261295597,0.6478289233202723
roth_c_moisture_b_slope,44,-1.2759810064713892,1.5077923476521775,2.940568370295775,0.952595692145818
roth_c_temp_a1,44,0.6351590267538347,0.6850491331642118,1.0594434872268401,0.33548966436015804
roth_c_temp_a2,44,-5.072002369740189,5.80322672662078,9.099779513645812,2.7910922512529215
thinning_fraction_branch_delta,44,0.12847587890204162,0.12847587890204162,0.10733839013950526,0.03457169349707843
thinning_fraction_croot_delta,44,0.06569465329277463,0.06569465329277463,0.07558725663980015,0.022448130031260463
thinning_fraction_froot_delta,44,0.03181819874507018,0.03181819874507018,0.03475683132870705,0.010969006886541498
thinning_fraction_leaf_delta,44,0.06024564727078938,0.06024564727078938,0.0626244125850273,0.019066118102243176
thinning_fraction_stem_delta,44,0.362603671710181,0.362603671710181,0.37758760406319075,0.128645251397144
tree_carbon_sp1,44,-3.0279485223169447,3.4628725065824426,5.019863466368788,1.445721606834719
tree_nitrogen_branch_sp1,44,0.08276561101091298,0.08276561101091298,0.09269998323708478,0.02729335496421966
tree_nitrogen_croot_sp1,44,0.3440235298130048,0.3440235298130048,0.642940505793492,0.19727087396496576
tree_nitrogen_froot_sp1,44,0.010824397793072432,0.010824397793072432,0.015349163107329814,0.005432226932290842
tree_nitrogen_leaf_sp1,44,1.9537210139981067,1.9537210139981067,2.957930110476807,0.8615966916996491
tree_nitrogen_stem_sp1,44,0.0057891670713031305,0.0057891670713031305,0.007982868002316356,0.002531678746429276
tree_root_in_top_30,44,-2.2760743768323457,2.5797220913461176,4.426531466548567,1.4399851482970922
tree_root_to_shoot_sp1,44,-2.054107892458073,2.682795955447985,4.503236943796666,1.4134372301230416
cy0,45,-0.023097028290842207,0.11765884994766869,0.23545232866533286,0.06222267219625025
clay,45,-1.3190071390273181,1.4779503162599261,2.254202882547144,0.6253100529556528
temp_ci_delta,45,0.8611446949506659,1.0809894879103286,2.1640960586552893,0.6748345157870455
rain_ci_delta,45,4.081769179144535,5.303587539133913,9.369178278314937,2.6546201569918075
evap_ci_delta,45,-0.13186090148844729,2.721758109625082,5.790949808196066,1.593672816690799
ef_N_inputs,45,2.6440219985659157,3.296946517554344,4.751940192565936,1.2348671730457466
volatile_frac_organic_fertiliser,45,-0.01630156757300279,0.01630156757300279,0.009909378296539708,0.0030138450609993846
volatile_frac_synthetic_fertiliser,45,0.21208655635002066,0.21208655635002066,0.11442689071693622,0.03573372926037092
base_sf_qty_scale,45,-0.12171437219275308,0.12171437219275308,0.060011127386040135,0.017457688627474686
proj_lit_qty_scale,45,0.01993896113771796,0.02236666503514474,0.01849486123719688,0.0046390289316497095
base_stand_density_scale,45,0.0,0.0,0.0,0.0
proj_stand_density_scale,45,-5.314221895649621,7.221524753844048,11.559533672493737,3.1264888576626153
tree_wood_dens_sp1,45,-10.344624137802544,13.765951172809167,25.803714223126313,6.8612840492859
base_cover,45,0.18578263773228976,0.22855285201335312,0.31686352031622955,0.08273440555172681
base_fire_off,45,-0.07567880067863815,0.07567880067863815,0.1468986914845578,0.048394043003999875
base_fire_on,45,-0.18523371165220298,0.18523371165220298,0.1155444435232977,0.037758968286801066
base_sf_n_delta,45,-0.01205401284014974,0.01205401284014974,0.005283568101080186,0.0016692262153268416
crop_base_left_delta,45,0.2108371827689187,0.24309703225482596,0.19408606375369233,0.044762450656498955
crop_base_yield_delta,45,-0.011584435738588302,0.09669434415534905,0.12546864703871086,0.02316485414435912
crop_carbon_above_sp3,45,0.03777169567946452,0.03813719683170355,0.024519692918526615,0.007354742860593493
crop_carbon_below_sp3,45,0.08946974029476613,0.08946974029476613,0.042290303205891784,0.011341899658528526
crop_intercept_sp3,45,0.007530923006487977,0.029635749436175397,0.035960402661553946,0.00657440961568751
crop_nitrogen_above_sp3,45,-0.06693056078586486,0.07202355101829663,0.0914371152767568,0.02260796695553648
crop_nitrogen_below_sp3,45,-0.110861189484459,0.110861189484459,0.08012494133274682,0.025742508856431732
crop_carbon_above_sp10,45,0.04562565173326116,0.04562565173326116,0.037824076745749245,0.010103090809899051
crop_carbon_below_sp10,45,0.02276114067662479,0.023962247655266576,0.024865148493689024,0.006877137712470797
crop_intercept_sp10,45,0.011569354553364119,0.04514563443776447,0.05253634770269531,0.0076905208865936095
crop_nitrogen_above_sp10,45,-0.04570356913160378,0.04570356913160378,0.02984163700642152,0.00897388708369499
crop_nitrogen_below_sp10,45,-0.02314243569909267,0.023444840719467137,0.029404467166002136,0.00832854858945299
crop_proj_left_delta,45,0.014784697827939772,0.05220554570883725,0.05962257311704904,0.009628452877978365
crop_proj_yield_delta,45,0.13684902226924137,0.15764203538319388,0.13622659711951787,0.03283266170687445
crop_root_in_top_30,45,0.06460869952070689,0.0728720549188585,0.0692681670509533,0.01939779715605423
crop_root_to_shoot_sp3,45,0.09263196126466229,0.10872405349542821,0.09372816860225452,0.022843107514015606
crop_slope_sp3,45,-0.016574962866893108,0.03655926460198901,0.04112294323275527,0.006964033385356244
crop_root_to_shoot_sp10,45,0.025841151322847967,0.03011545035218377,0.03221597053543197,0.008810044050420391
crop_slope_sp10,45,-0.029832746560565608,0.07470282266899925,0.09579312019372974,0.017567145287226305
cy0_to_ceq_multiplier,45,-0.003428641298215332,0.012484227711317611,0.030991427258808376,0.008968302756850113
litter_carbon,45,-0.0025869585449405596,0.0025869585449405596,0.0012886409172660586,0.00037507128517404983
litter_nitrogen,45,0.013982065601877485,0.013982065601877485,0.007232994521154843,0.002439985892410736
mortality_fraction_branch_delta,45,-0.0345617701934556,0.05769899931381604,0.07826539454348273,0.016873203340825645
mortality_fraction_croot_delta,45,-0.023918809635005256,0.0286620752041008,0.04336997328954669,0.010737913404214375
mortality_fraction_froot_delta,45,-0.013865665201914141,0.016554576248644072,0.023348163566067802,0.007082571419884356
mortality_fraction_leaf_delta,45,0.0029339559437626325,0.010678964355084643,0.013380784536974564,0.002893872566301945
mortality_fraction_stem_delta,45,-0.07505929402336736,0.1238529179297569,0.17573365591338116,0.04660215759483805
pool_alloc_froot_sp1,45,-1.054307625701228,1.18447709066811,1.7132228428373466,0.5104756595553489
pool_alloc_leaf_sp1,45,0.05039106269441196,0.6022965058929282,0.8706211196170818,0.17638009238611366
pool_alloc_stem_sp1,45,-0.3513808793902392,0.3899984851528048,0.8390388166193062,0.2351394375547794
pool_turnover_branch_sp1,45,1.1988932989596317,1.5678843041021093,2.5226202394303123,0.7400217299193029
pool_turnover_croot_sp1,45,-1.509655676404423,1.7420198570960046,2.956807575801592,0.9345524812057091
pool_turnover_froot_sp1,45,-0.7505925645525241,0.8285277150988535,1.1020618076710678,0.2978587184758182
pool_turnover_leaf_sp1,45,-0.0912499595313548,0.4177429569677911,0.8382439242965665,0.21207122512073953
pool_turnover_stem_sp1,45,0.2633419680405488,0.35053358825984204,0.4523235174633676,0.11891920709076628
proj_cover,45,-3.7658063366824,4.113678191194994,9.536367517772941,2.696506840418605
proj_fire_off,45,0.05485737965524541,0.05485737965524541,0.10861682660156198,0.03751853685995001
proj_fire_on,45,4.240362184044232,4.336704783318688,4.952558678011531,1.478004882696165
proj_mortality,45,27.789345209979636,28.498093410675597,33.12395008933563,10.536618318518116
proj_thinning_delta,45,26.43849174567668,26.43849174567668,28.31904510530433,7.847812566919639
roth_c_cover_c,45,1.033204987892948,1.1217089196966818,3.0100518439073034,0.9766476236240642
roth_c_dpm_frac_crop,45,-0.01123111695931755,0.01123111695931755,0.014697003290834195,0.004246030449262011
roth_c_dpm_frac_tree,45,0.7717274122376905,1.2699115386338655,2.4386606019542314,0.686614681639359
roth_c_moisture_b_slope,45,-1.341108730838739,1.5638201926698483,3.0630563160667204,0.9912102414390832
roth_c_temp_a1,45,0.6527783335423545,0.6982040496564663,1.082385726058268,0.3445603181367169
roth_c_temp_a2,45,-5.184249339804183,5.906891599260162,9.219774003161971,2.83310969463059
thinning_fraction_branch_delta,45,0.10897171069107765,0.10897171069107765,0.08611941875897662,0.027735210548583324
thinning_fraction_croot_delta,45,0.05519889805914056,0.05519889805914056,0.06253228653590999,0.018550254628511436
thinning_fraction_froot_delta,45,0.027099045564091408,0.027099045564091408,0.02937676356347767,0.009252433133375154
thinning_fraction_leaf_delta,45,0.05062853042437099,0.05062853042437099,0.05292891768961196,0.015825388156233952
thinning_fraction_stem_delta,45,0.3032965284963689,0.3032965284963689,0.3046427754080271,0.10531094195717554
tree_carbon_sp1,45,-2.9839331162057796,3.379292997408021,5.003893751488599,1.4459084955188184
tree_nitrogen_branch_sp1,45,0.08355427903212295,0.08355427903212295,0.09450710085015791,0.027813616054792965
tree_nitrogen_croot_sp1,45,0.34943536648386475,0.34943536648386475,0.6594165811848287,0.20230248905795464
tree_nitrogen_froot_sp1,45,0.01103901207414507,0.01103901207414507,0.01575474559087042,0.005576906079479615
tree_nitrogen_leaf_sp1,45,1.9816191596549229,1.9816191596549229,3.018872226086583,0.8804121320198873
tree_nitrogen_stem_sp1,45,0.00584458422596403,0.00584458422596403,0.008156259253231126,0.0025879303552658254
tree_root_in_top_30,45,-2.309532566555491,2.6081903862619042,4.511270624336898,1.4708774826762137
tree_root_to_shoot_sp1,45,-2.0197226427096404,2.6109629932624485,4.45861730924047,1.4024696477320275
cy0,46,-0.02585199471702765,0.11769447375637396,0.23673484356201188,0.06245038472630198
clay,46,-1.3165233709292514,1.4800900081721742,2.276457628743282,0.6319555700402679
temp_ci_delta,46,0.8824992242719336,1.0988384812068108,2.1989014893266376,0.6865782783778278
rain_ci_delta,46,4.23620239048735,5.431762917886319,9.612572249312525,2.7286737707287463
evap_ci_delta,46,-0.13138232045086773,2.764887707675876,5.903843162642369,1.6296975972677685
ef_N_inputs,46,2.694386892462477,3.3533910768187285,4.855334016055959,1.264084278130003
volatile_frac_organic_fertiliser,46,-0.01630156757300273,0.01630156757300273,0.009909378296539702,0.003013845060999376
volatile_frac_synthetic_fertiliser,46,0.2120865563500213,0.2120865563500213,0.11442689071693636,0.035733729260371015
base_sf_qty_scale,46,-0.12171437219275243,0.12171437219275243,0.06001112738603986,0.017457688627474623
proj_lit_qty_scale,46,0.02024599766259258,0.022563267281523174,0.018445773454807194,0.004673646488526609
base_stand_density_scale,46,0.0,0.0,0.0,0.0
proj_stand_density_scale,46,-5.0468554740560405,6.746409791333454,11.350609148113124,3.113944363144422
tree_wood_dens_sp1,46,-9.972088719440663,13.563540082756763,25.68940734723099,6.830076052051464
base_cover,46,0.17952576716698018,0.22517375564912082,0.3116993173979912,0.08099534908958153
base_fire_off,46,-0.07567880067863869,0.07567880067863869,0.14689869148455859,0.048394043004000166
base_fire_on,46,-0.18412755107927986,0.18412755107927986,0.11367791945736466,0.037094987385544675
base_sf_n_delta,46,-0.012054012840149987,0.012054012840149987,0.005283568101079803,0.00166922621532686
crop_base_left_delta,46,0.20710848549064984,0.23979511149790939,0.19295052594793993,0.04439652542024585
crop_base_yield_delta,46,-0.014723546722364247,0.09657959715001116,0.1251796085734546,0.02321680831863495
crop_carbon_above_sp3,46,0.036702811024735306,0.03708772067188583,0.024008139285746702,0.007198270753976674
crop_carbon_below_sp3,46,0.08684961161030305,0.08684961161030305,0.041716138524772586,0.011221494523178716
crop_intercept_sp3,46,0.00629488895830615,0.029081918380823846,0.03543598556557856,0.0063969902188840974
crop_nitrogen_above_sp3,46,-0.06693056078586446,0.07202355101829623,0.09143711527675681,0.022607966955536466
crop_nitrogen_below_sp3,46,-0.1108611894844593,0.1108611894844593,0.08012494133274649,0.025742508856431645
crop_carbon_above_sp10,46,0.04474205416715974,0.04474205416715974,0.037450118507493003,0.009995934800877118
crop_carbon_below_sp10,46,0.022346809238483468,0.02354907770887853,0.0246485363954108,0.006815740724515847
crop_intercept_sp10,46,0.010855005050606178,0.045072281315889605,0.05242858870990162,0.007604332015557511
crop_nitrogen_above_sp10,46,-0.04570356913160324,0.04570356913160324,0.029841637006422464,0.008973887083695087
crop_nitrogen_below_sp10,46,-0.023142435699093585,0.023444840719468084,0.029404467166002354,0.00832854858945308
crop_proj_left_delta,46,0.013576578631213903,0.05104585822526164,0.05878740446706553,0.00962204210824596
crop_proj_yield_delta,46,0.14227869682290067,0.16041074087427215,0.13498759573129696,0.03325477878371513
crop_root_in_top_30,46,0.06197296567092862,0.07066871161726249,0.06851786093728716,0.019034030409510412
crop_root_to_shoot_sp3,46,0.08842493110259082,0.10541911866428391,0.0926390088575566,0.022377990959084146
crop_slope_sp3,46,-0.018360793267966368,0.037194819227753174,0.04089269100471116,0.006974124654161924
crop_root_to_shoot_sp10,46,0.025127603034053324,0.029563870850258613,0.03196880108878184,0.00867423020679826
crop_slope_sp10,46,-0.031676180708657055,0.07518223951815736,0.09565339570799888,0.017531138622382945
cy0_to_ceq_multiplier,46,-0.0032902553418500844,0.012398279203042756,0.030976494865975833,0.008933317265500163
litter_carbon,46,-0.0025342711246017667,0.0025342711246017667,0.0012795407880137606,0.00037261348020682
litter_nitrogen,46,0.01398206560187934,0.01398206560187934,0.007232994521154893,0.002439985892410643
mortality_fraction_branch_delta,46,-0.03314563162485938,0.05673204703772635,0.07770429561229428,0.01664534890589413
mortality_fraction_croot_delta,46,-0.02367248792649481,0.028372051050841108,0.04309492149380066,0.010724488353408987
mortality_fraction_froot_delta,46,-0.01360952828920714,0.016286156667956353,0.023122335988764647,0.007019708530203229
mortality_fraction_leaf_delta,46,0.0032801831597437186,0.010574403862301287,0.013467171993312117,0.0030432378545468936
mortality_fraction_stem_delta,46,-0.07383787202861877,0.12303330363811082,0.17512721868735834,0.04641673033667178
pool_alloc_froot_sp1,46,-1.0485736388513387,1.1762886971170583,1.72176049803999,0.5136224591601821
pool_alloc_leaf_sp1,46,0.07261385821083632,0.5957758453356783,0.8687352370888227,0.17909795874147422
pool_alloc_stem_sp1,46,-0.3329056358349528,0.38070307234255313,0.8217840412410784,0.23000733114890834
pool_turnover_branch_sp1,46,0.9878583371609884,1.429016041053137,2.3603286870165414,0.6783810999305994
pool_turnover_croot_sp1,46,-1.5327450812324857,1.7620931514134264,3.0007329449390525,0.9506646403744236
pool_turnover_froot_sp1,46,-0.7673729904140986,0.8343144912247167,1.1118988208084655,0.3033410772954496
pool_turnover_leaf_sp1,46,-0.08536913035840864,0.42019467547935746,0.8556572295195322,0.21808128351117947
pool_turnover_stem_sp1,46,0.20758452890567858,0.3066328701709524,0.4096673845757427,0.103534098582949
proj_cover,46,-3.867637217055053,4.212317667696782,9.789602757257036,2.7720445623411343
proj_fire_off,46,0.054857379655245606,0.054857379655245606,0.10861682660156233,0.03751853685995005
proj_fire_on,46,4.28401793495517,4.3758656195489465,5.037226696720891,1.503951131595376
proj_mortality,46,28.02670010485255,28.712744029156585,33.29782613025608,10.610392861099013
proj_thinning_delta,46,24.89746377639097,25.337007687913363,28.708199007621076,7.775915809457821
roth_c_cover_c,46,1.0424362452490783,1.1305682743275531,3.0165861867908697,0.9797124931411797
roth_c_dpm_frac_crop,46,-0.010069948753931543,0.010069948753931543,0.013253237448425619,0.003830865792937136
roth_c_dpm_frac_tree,46,0.8091895120577067,1.2710371223332018,2.494440423971921,0.7177583810112118
roth_c_moisture_b_slope,46,-1.396957289240143,1.6172707275394835,3.167835559261276,1.0239267102091623
roth_c_temp_a1,46,0.6670879543470615,0.7087932950573431,1.1041591174169219,0.3526429055411086
roth_c_temp_a2,46,-5.283003995340537,5.994582403366325,9.34856787713743,2.87690354000055
thinning_fraction_branch_delta,46,0.09428023248081654,0.09428023248081654,0.07150391993241076,0.02328859512431157
thinning_fraction_croot_delta,46,0.04698879855006173,0.04698879855006173,0.05239708001896462,0.015765982369470296
thinning_fraction_froot_delta,46,0.023099786585840026,0.023099786585840026,0.025299045922227995,0.007980871715968082
thinning_fraction_leaf_delta,46,0.043138446900088966,0.043138446900088966,0.045378340348284134,0.01331075297279146
thinning_fraction_stem_delta,46,0.25834446273105466,0.25834446273105466,0.2492466828641873,0.08729722032402501
tree_carbon_sp1,46,-2.8639359078530284,3.336624061768842,5.013106597545745,1.4281515559858542
tree_nitrogen_branch_sp1,46,0.08424972595923708,0.08424972595923708,0.09623463125396656,0.02831111193059328
tree_nitrogen_croot_sp1,46,0.35451944652881157,0.35451944652881157,0.6754262940589482,0.2071913086720337
tree_nitrogen_froot_sp1,46,0.011245601179026737,0.011245601179026737,0.01614878603303686,0.0057175531988791165
tree_nitrogen_leaf_sp1,46,2.0074346061137875,2.0074346061137875,3.0769773056589025,0.8984513134782635
tree_nitrogen_stem_sp1,46,0.005904979808072394,0.005904979808072394,0.008314812633954458,0.002639173559482748
tree_root_in_top_30,46,-2.3265192946868654,2.6217791359458693,4.5769730084675,1.4950378662920623
tree_root_to_shoot_sp1,46,-1.9554830627551927,2.5435928387102638,4.408665138112581,1.3863089782140154
cy0,47,-0.028416440901049483,0.11805091317253151,0.23799244112379428,0.0627109563297627
clay,47,-1.3125367372991794,1.4795584002774065,2.294024800557725,0.6374084310744584
temp_ci_delta,47,0.9003439475958952,1.1123148683712656,2.232583323622977,0.6983215495248747
rain_ci_delta,47,4.3592952984678774,5.524936135471508,9.808901001178896,2.7908129267088495
evap_ci_delta,47,-0.14024943346799604,2.7952732425617346,5.993141553001196,1.657825691901742
ef_N_inputs,47,2.7406729246633708,3.4063775525447495,4.954670244365849,1.2919704992781418
volatile_frac_organic_fertiliser,47,-0.016301567573002315,0.016301567573002315,0.009909378296539395,0.003013845060999308
volatile_frac_synthetic_fertiliser,47,0.2120865563500205,0.2120865563500205,0.11442689071693628,0.03573372926037099
base_sf_qty_scale,47,-0.12171437219275309,0.12171437219275309,0.060011127386040156,0.017457688627474724
proj_lit_qty_scale,47,0.02054496030752479,0.022754479604291538,0.018397626704748836,0.004708486536773391
base_stand_density_scale,47,0.0,0.0,0.0,0.0
proj_stand_density_scale,47,-4.744237097196206,6.492045212874116,11.204071790517562,3.077545869490099
tree_wood_dens_sp1,47,-9.696849403762196,13.142076302664538,25.392128540683988,6.78080257022593
base_cover,47,0.17353668087426047,0.2218225782743147,0.3067334921199431,0.07936034507167758
base_fire_off,47,-0.07567880067863808,0.07567880067863808,0.14689869148455773,0.048394043003999854
base_fire_on,47,-0.18304789756284184,0.18304789756284184,0.11188463813010605,0.036454682374637365
base_sf_n_delta,47,-0.012054012840150678,0.012054012840150678,0.005283568101080943,0.0016692262153271864
crop_base_left_delta,47,0.20345975593716484,0.23655861416650992,0.19183715625078554,0.0440442120602601
crop_base_yield_delta,47,-0.017793816228439754,0.09651313116862845,0.12489898663123208,0.02329591910803218
crop_carbon_above_sp3,47,0.0357051690883229,0.03610561741714599,0.023532049944111726,0.007055400833331776
crop_carbon_below_sp3,47,0.08445330224752048,0.08445330224752048,0.04121364036317379,0.011123018924309478
crop_intercept_sp3,47,0.00513997774135509,0.028565192077275085,0.03500389270059356,0.006268421142326207
crop_nitrogen_above_sp3,47,-0.06693056078586467,0.07202355101829525,0.0914371152767562,0.022607966955536615
crop_nitrogen_below_sp3,47,-0.11086118948445875,0.11086118948445875,0.08012494133274532,0.025742508856431128
crop_carbon_above_sp10,47,0.04388307706114682,0.04388307706114682,0.03708481178564743,0.009891998534482617
crop_carbon_below_sp10,47,0.021944379153737956,0.02314714551368001,0.02443922260401333,0.006757011514918542
crop_intercept_sp10,47,0.010160244120376697,0.044999445092805616,0.05232357576412953,0.007524709353176833
crop_nitrogen_above_sp10,47,-0.045703569131603415,0.045703569131603415,0.029841637006421777,0.008973887083694993
crop_nitrogen_below_sp10,47,-0.02314243569909255,0.023444840719467036,0.02940446716600266,0.008328548589453068
crop_proj_left_delta,47,0.012561382660615534,0.0499954006939854,0.058011971908564636,0.009620603617147127
crop_proj_yield_delta,47,0.14726962058596182,0.1634326847290087,0.1339934616513134,0.03355763919515891
crop_root_in_top_30,47,0.059517674951977476,0.0686576981752154,0.06784480923329582,0.018708577595985692
crop_root_to_shoot_sp3,47,0.08457349581780131,0.10241782025550161,0.09170276769564722,0.021978782610820542
crop_slope_sp3,47,-0.020010534152497112,0.03779223506014574,0.04070660866256707,0.007022992805181294
crop_root_to_shoot_sp10,47,0.02443399100101288,0.02903159317520233,0.03173082862866063,0.008543073282240828
crop_slope_sp10,47,-0.03347032715262327,0.07564061163005108,0.09551880625209525,0.017514460754385387
cy0_to_ceq_multiplier,47,-0.003155235880923421,0.012348295512839433,0.030945429839825126,0.008874725378363065
litter_carbon,47,-0.002482886411458457,0.002482886411458457,0.0012704627971987501,0.00037014881369459894
litter_nitrogen,47,0.013982065601876504,0.013982065601876504,0.0072329945211540665,0.0024399858924101067
mortality_fraction_branch_delta,47,-0.03141051130818247,0.05536407518757251,0.07678495848145588,0.016448680098600003
mortality_fraction_croot_delta,47,-0.023256244170194607,0.027980517796437808,0.042650556095296284,0.01065547854111427
mortality_fraction_froot_delta,47,-0.013241497887667514,0.015939317689126115,0.022795106590834523,0.006915688009771127
mortality_fraction_leaf_delta,47,0.0038111046105195126,0.01054518832210865,0.013569694512872111,0.00316629202383026
mortality_fraction_stem_delta,47,-0.07173296866923425,0.12194742010522015,0.17395048277347108,0.045945416408942716
pool_alloc_froot_sp1,47,-1.0360195245644215,1.1618168729841067,1.722747577649842,0.5142796246608897
pool_alloc_leaf_sp1,47,0.10193695550130406,0.5913759206189189,0.865149470300267,0.181087397421464
pool_alloc_stem_sp1,47,-0.32039297493859037,0.3629491188310233,0.7963751021518494,0.22460312538308172
pool_turnover_branch_sp1,47,0.8091706596762285,1.2625837410966931,2.1647695448324025,0.6222052797543886
pool_turnover_croot_sp1,47,-1.5412410848763527,1.7752761110922102,3.0345259570340044,0.9618937037576184
pool_turnover_froot_sp1,47,-0.7597694746181178,0.8458354636456,1.1305972212681143,0.3038727823158098
pool_turnover_leaf_sp1,47,-0.08128232028374338,0.420804625666903,0.8695223498484157,0.2236380535799986
pool_turnover_stem_sp1,47,0.1536603353434725,0.2587294914437296,0.3647673201135581,0.0887484276044904
proj_cover,47,-3.9459679879764296,4.288621729860378,10.043891341645596,2.8450879937587827
proj_fire_off,47,0.05485737965524541,0.05485737965524541,0.10861682660156198,0.03751853685995001
proj_fire_on,47,4.316693272725286,4.404933452344198,5.109202555216555,1.5260250782418556
proj_mortality,47,27.581568858704014,28.409292016959522,33.78732572466788,10.783063068640775
proj_thinning_delta,47,23.287974378668544,23.886855552100418,28.697406398892504,7.716082990015855
roth_c_cover_c,47,1.0523346936720377,1.1392999129538883,3.031486972609209,0.9856481650886871
roth_c_dpm_frac_crop,47,-0.009090907190043322,0.009090907190043322,0.011983209336554652,0.0034655164025867236
roth_c_dpm_frac_tree,47,0.8256991285524631,1.2660904207159103,2.5313140838836743,0.740261539096972
roth_c_moisture_b_slope,47,-1.4412604369720916,1.6617772435058664,3.250521353565271,1.049568071306126
roth_c_temp_a1,47,0.6781343740894369,0.7166600190589387,1.1237391355827455,0.35953965133429405
roth_c_temp_a2,47,-5.365293090983078,6.066708479021608,9.478803878995143,2.920139593228552
thinning_fraction_branch_delta,47,0.08326843806970916,0.08326843806970916,0.06114803073484373,0.020246149474021483
thinning_fraction_croot_delta,47,0.04044426110124798,0.04044426110124798,0.04448743310971104,0.013517307593201076
thinning_fraction_froot_delta,47,0.02010791532525568,0.02010791532525568,0.02196686183612763,0.006919964295357743
thinning_fraction_leaf_delta,47,0.03752478840019477,0.03752478840019477,0.03923666076057988,0.011276833386046285
thinning_fraction_stem_delta,47,0.22535889894163277,0.22535889894163277,0.20683419351924295,0.07303221493900065
tree_carbon_sp1,47,-2.8080941212304236,3.2035054166039267,4.943679332241271,1.426188328033807
tree_nitrogen_branch_sp1,47,0.08486302698891554,0.08486302698891554,0.09786557964116235,0.028780268016546526
tree_nitrogen_croot_sp1,47,0.35919920458228016,0.35919920458228016,0.6909587323228398,0.21191938437225413
tree_nitrogen_froot_sp1,47,0.011441308217957968,0.011441308217957968,0.016531813447244227,0.00585410509839509
tree_nitrogen_leaf_sp1,47,2.0312958940206407,2.0312958940206407,3.131949128906045,0.9155947703092827
tree_nitrogen_stem_sp1,47,0.005959016257609387,0.005959016257609387,0.008466042977242209,0.0026883207955757946
tree_root_in_top_30,47,-2.3279905799123357,2.6239561085465057,4.6259708666123585,1.5128006421543425
tree_root_to_shoot_sp1,47,-1.8793701033690204,2.467595827746258,4.346770388742871,1.3655888063079924
cy0,48,-0.030801241543961994,0.11914468668670933,0.23919152507815544,0.06301665933751176
clay,48,-1.3067901780096125,1.476580555224859,2.3070169231531072,0.6415556623176086
temp_ci_delta,48,0.9141191258116953,1.1217987991042233,2.2632954363486273,0.7092114832620222
rain_ci_delta,48,4.45204776288544,5.58405776737982,9.957983505856944,2.8403767187938556
evap_ci_delta,48,-0.15621931221887347,2.8144615734481357,6.061217840703331,1.6790765563475865
ef_N_inputs,48,2.7834784731291924,3.455088785341462,5.049118517182305,1.3187650242396465
volatile_frac_organic_fertiliser,48,-0.01630156757300273,0.01630156757300273,0.009909378296539715,0.0030138450609994
volatile_frac_synthetic_fertiliser,48,0.21208655635002077,0.21208655635002077,0.11442689071693617,0.035733729260370904
base_sf_qty_scale,48,-0.12171437219275394,0.12171437219275394,0.0600111273860407,0.017457688627474637
proj_lit_qty_scale,48,0.020835940603838664,0.022951999704141673,0.018349992231355534,0.004734661262388729
base_stand_density_scale,48,0.0,0.0,0.0,0.0
proj_stand_density_scale,48,-4.4299718786043645,6.3480586094569516,11.05773352771192,2.9982001865130004
tree_wood_dens_sp1,48,-9.187518476122076,12.863092848466446,25.115237975282827,6.673096132384735
base_cover,48,0.16780225955446015,0.21861111807055042,0.30195410793994637,0.07778877699049022
base_fire_off,48,-0.075678800678638,0.075678800678638,0.14689869148455756,0.04839404300399977
base_fire_on,48,-0.18199403878701723,0.18199403878701723,0.11016235609215026,0.03583739240039997
base_sf_n_delta,48,-0.012054012840149526,0.012054012840149526,0.005283568101079559,0.0016692262153267887
crop_base_left_delta,48,0.1998879112201973,0.23338518675720735,0.19074463711627254,0.04370464609604972
crop_base_yield_delta,48,-0.02079831925950067,0.09649129762759383,0.12462617511075914,0.023400186076862776
crop_carbon_above_sp3,48,0.03476781224609399,0.035180547424832176,0.023086070043704148,0.0069239619595612145
crop_carbon_below_sp3,48,0.08224492780240561,0.08224492780240561,0.04076794284377048,0.011041077055857102
crop_intercept_sp3,48,0.004053036415779273,0.028134558946579524,0.034650617804183735,0.0061671394765232136
crop_nitrogen_above_sp3,48,-0.06693056078586375,0.07202355101829631,0.09143711527675812,0.02260796695553649
crop_nitrogen_below_sp3,48,-0.11086118948445911,0.11086118948445911,0.08012494133274627,0.025742508856431468
crop_carbon_above_sp10,48,0.043047847193954145,0.043047847193954145,0.03672826557699945,0.00979117511342379
crop_carbon_below_sp10,48,0.021553067472102942,0.022755675437369286,0.024236773994378215,0.0067007779141367565
crop_intercept_sp10,48,0.009484237995578638,0.04492696273213413,0.05222081252874685,0.007451296814675962
crop_nitrogen_above_sp10,48,-0.04570356913160323,0.04570356913160323,0.02984163700642196,0.008973887083695118
crop_nitrogen_below_sp10,48,-0.02314243569909224,0.02344484071946674,0.029404467166003173,0.008328548589453033
crop_proj_left_delta,48,0.011701013080277146,0.04903319965940852,0.05728186487826031,0.009618584141772555
crop_proj_yield_delta,48,0.15189663070281825,0.16625901898872025,0.1331939472159752,0.03390805458853046
crop_root_in_top_30,48,0.057215445102886786,0.06676764321849087,0.06723608441068349,0.018418160959101284
crop_root_to_shoot_sp3,48,0.08101860280861158,0.09975806042441933,0.09089296628865053,0.021629125159044707
crop_slope_sp3,48,-0.02154561538572915,0.03835815755201584,0.04055564171451529,0.00710066166975193
crop_root_to_shoot_sp10,48,0.023760443417072823,0.028510716282273925,0.03150066797063679,0.008419256484263374
crop_slope_sp10,48,-0.035216623373682254,0.07614948808679924,0.09538834693978059,0.017501114114076392
cy0_to_ceq_multiplier,48,-0.0030230307523580052,0.012286653760768516,0.030897246142224655,0.008815335146376429
litter_carbon,48,-0.002432761448507484,0.002432761448507484,0.0012613984308113386,0.00036767532320073243
litter_nitrogen,48,0.013982065601878224,0.013982065601878224,0.007232994521154876,0.002439985892410612
mortality_fraction_branch_delta,48,-0.02947482362372843,0.05378307388303175,0.07555051897915374,0.016158229664875626
mortality_fraction_croot_delta,48,-0.022707550153706076,0.027490812448998137,0.04205756569622593,0.01054392314869835
mortality_fraction_froot_delta,48,-0.01278422165548732,0.015521419387516633,0.02237865164348552,0.006778470507592702
mortality_fraction_leaf_delta,48,0.004283045008512569,0.010388817116950406,0.013678912420513754,0.003356453951293026
mortality_fraction_stem_delta,48,-0.06938335915732377,0.12014630942547219,0.17202111258793862,0.045377846092203536
pool_alloc_froot_sp1,48,-1.016515786989211,1.143440098392872,1.7182019600949685,0.5129714714131157
pool_alloc_leaf_sp1,48,0.13171446424537486,0.5857046297068145,0.8598329869238218,0.18299038049338442
pool_alloc_stem_sp1,48,-0.2996963932233946,0.35236940842805586,0.7719055068978307,0.21748241830551024
pool_turnover_branch_sp1,48,0.608186715688529,1.1148504413754066,1.979392298353304,0.5632738616924838
pool_turnover_croot_sp1,48,-1.5448488084556777,1.7791245953099275,3.0552974701189974,0.9696960969276719
pool_turnover_froot_sp1,48,-0.7611027628091853,0.844252029666125,1.133700273968238,0.30568533901552797
pool_turnover_leaf_sp1,48,-0.07585726182913838,0.4199614973333493,0.8806202294835117,0.22804736285446076
pool_turnover_stem_sp1,48,0.09164805795996751,0.22446445270654478,0.327647574691688,0.07443708638859024
proj_cover,48,-4.004702020572716,4.345450855873546,10.288471696943132,2.913510017787737
proj_fire_off,48,0.054857379655245356,0.054857379655245356,0.1086168266015619,0.03751853685994998
proj_fire_on,48,4.3390685665354605,4.424341310286845,5.170950942927081,1.5452332965324116
proj_mortality,48,27.288505317387184,28.402907919505196,33.98625089756427,10.758288870029993
proj_thinning_delta,48,21.679234913944573,22.48313878746082,28.659886903361937,7.682368415149725
roth_c_cover_c,48,1.061709853303365,1.1474265215754569,3.052474917626745,0.9935197466391348
roth_c_dpm_frac_crop,48,-0.008258504605818857,0.008258504605818857,0.010865282518385547,0.0031438901148825096
roth_c_dpm_frac_tree,48,0.8282145145548295,1.2503917380224934,2.5491731297707863,0.7549139780198303
roth_c_moisture_b_slope,48,-1.4735393420546656,1.6936084350513063,3.310262096920229,1.068063086392911
roth_c_temp_a1,48,0.6860469866084398,0.7219085388109089,1.1406058029162311,0.36518459724853325
roth_c_temp_a2,48,-5.431760105753462,6.121092300448282,9.60378498954009,2.962010440215119
thinning_fraction_branch_delta,48,0.07482560991654139,0.07482560991654139,0.05379167111381778,0.018114813051046248
thinning_fraction_croot_delta,48,0.03538850484408602,0.03538850484408602,0.03811790419540802,0.011687530090806567
thinning_fraction_froot_delta,48,0.01781429679017444,0.01781429679017444,0.019224800672230206,0.006028796179217733
thinning_fraction_leaf_delta,48,0.03299213105969336,0.03299213105969336,0.03435063277450706,0.009738432194950528
thinning_fraction_stem_delta,48,0.19712005264314833,0.19712005264314833,0.17445316727249988,0.06218663471738009
tree_carbon_sp1,48,-2.70242758834129,3.1016777969148297,4.888725624159165,1.4074589776247588
tree_nitrogen_branch_sp1,48,0.08538624098188224,0.08538624098188224,0.09940141736059821,0.0292218144318481
tree_nitrogen_croot_sp1,48,0.3635960424513055,0.3635960424513055,0.7059031498737961,0.21648355645003647
tree_nitrogen_froot_sp1,48,0.01162804256578242,0.01162804256578242,0.016901109178633533,0.005985988935745568
tree_nitrogen_leaf_sp1,48,2.053040548003364,2.053040548003364,3.1837211782242676,0.9318339610978851
tree_nitrogen_stem_sp1,48,0.0060087336375896526,0.0060087336375896526,0.008607953777431577,0.002734398101988222
tree_root_in_top_30,48,-2.319429389182688,2.6127501449803185,4.657666988709939,1.5250821342639276
tree_root_to_shoot_sp1,48,-1.7823642759442944,2.397819668626938,4.280352197435112,1.3398695783909131
cy0,49,-0.03301760065947734,0.12000393030726315,0.24030615926828694,0.06332708955822747
clay,49,-1.299147866316221,1.4720317107539356,2.3155160798375074,0.644146089908968
temp_ci_delta,49,0.9236942997506933,1.1274250368574326,2.289582676004956,0.7186687351596973
rain_ci_delta,49,4.5165151225055435,5.612781287670983,10.061865421997085,2.877327503321181
evap_ci_delta,49,-0.1771780525214967,2.823778961717313,6.110144294709757,1.6943040638882052
ef_N_inputs,49,2.822353033969092,3.4998142451799077,5.138770944408802,1.3442403180013254
volatile_frac_organic_fertiliser,49,-0.0163015675730023,0.0163015675730023,0.009909378296539442,0.0030138450609993256
volatile_frac_synthetic_fertiliser,49,0.21208655635002122,0.21208655635002122,0.1144268907169361,0.03573372926037099
base_sf_qty_scale,49,-0.12171437219275305,0.12171437219275305,0.06001112738604063,0.01745768862747472
proj_lit_qty_scale,49,0.02111953961048188,0.02315189717633153,0.01830325530506398,0.0047555397597842585
base_stand_density_scale,49,0.0,0.0,0.0,0.0
proj_stand_density_scale,49,-4.177101645311611,5.871990295509395,10.731138790587622,2.9689462969310956
tree_wood_dens_sp1,49,-8.73891215590906,12.479475325978658,24.713609801034863,6.615708920729965
base_cover,49,0.16231010272433194,0.21590950283548863,0.29734833753305046,0.07616030126435218
base_fire_off,49,-0.07567880067863866,0.07567880067863866,0.14689869148455892,0.04839404300400026
base_fire_on,49,-0.18096510010317718,0.18096510010317718,0.10850829720858635,0.03524224395890677
base_sf_n_delta,49,-0.012054012840150365,0.012054012840150365,0.005283568101080522,0.0016692262153270247
crop_base_left_delta,49,0.19639055314641132,0.2302728304502232,0.18967201304287254,0.04337733480273741
crop_base_yield_delta,49,-0.023738878273694725,0.09667792341115374,0.12436026028443252,0.02347564082135484
crop_carbon_above_sp3,49,0.03388179121511907,0.03430408016139648,0.02266725054009531,0.006802751239398961
crop_carbon_below_sp3,49,0.08019596619326641,0.08019596619326641,0.04036733081572044,0.010971635474805758
crop_intercept_sp3,49,0.0030243693965675113,0.027792078444486855,0.034365641232305184,0.006094785560297612
crop_nitrogen_above_sp3,49,-0.06693056078586504,0.07202355101829588,0.0914371152767574,0.022607966955536674
crop_nitrogen_below_sp3,49,-0.1108611894844592,0.1108611894844592,0.08012494133274681,0.025742508856431753
crop_carbon_above_sp10,49,0.04223548270315571,0.04223548270315571,0.036379206408317655,0.009693114166867058
crop_carbon_below_sp10,49,0.021172716064606252,0.02237461219817661,0.02404038935362295,0.006646751667519659
crop_intercept_sp10,49,0.008826126962800825,0.04485477920164183,0.052120039238182626,0.0073837190706495
crop_nitrogen_above_sp10,49,-0.04570356913160266,0.04570356913160266,0.02984163700642111,0.008973887083694622
crop_nitrogen_below_sp10,49,-0.023142435699093605,0.023444840719468073,0.029404467166002948,0.008328548589452953
crop_proj_left_delta,49,0.010966063128905393,0.04814332407112139,0.05658706368617457,0.009613015467277474
crop_proj_yield_delta,49,0.1562173786680396,0.16905668359473894,0.13254947583718404,0.03424211545516579
crop_root_in_top_30,49,0.055044662003700506,0.0649807174212822,0.06668064123016962,0.01815746989819911
crop_root_to_shoot_sp3,49,0.07771420463062637,0.09749595946460894,0.09018719259160231,0.02125809970274902
crop_slope_sp3,49,-0.02298255896140856,0.038897469956686206,0.04043312805812076,0.0071996208904538065
crop_root_to_shoot_sp10,49,0.02310559565687681,0.02800114278780146,0.031278107714658374,0.008302254197317286
crop_slope_sp10,49,-0.03691745022789612,0.07665549489107537,0.09526166528190015,0.01750405974981387
cy0_to_ceq_multiplier,49,-0.002894181153150671,0.012235765529374725,0.030830116045551484,0.008752236774319841
litter_carbon,49,-0.002383860974065183,0.002383860974065183,0.0012523378131599342,0.0003651904461741098
litter_nitrogen,49,0.013982065601875588,0.013982065601875588,0.007232994521152913,0.0024399858924099294
mortality_fraction_branch_delta,49,-0.02725484230369275,0.052585320397052805,0.07414068226413838,0.015799498279450194
mortality_fraction_croot_delta,49,-0.022050930111290896,0.02691165803624096,0.041338359399763575,0.01039851571125951
mortality_fraction_froot_delta,49,-0.012254185471407704,0.015040831991016735,0.02188621021820899,0.006614644437119347
mortality_fraction_leaf_delta,49,0.004819996245813457,0.010335908001841126,0.013814450856158384,0.003526402136132281
mortality_fraction_stem_delta,49,-0.06599823647589206,0.1185682043755785,0.1700194798703346,0.04465506560479318
pool_alloc_froot_sp1,49,-0.9925482295981288,1.120401215474825,1.7078253232200669,0.5098640813863438
pool_alloc_leaf_sp1,49,0.1675628173444812,0.5829555551293981,0.8556314462579425,0.1849770724807981
pool_alloc_stem_sp1,49,-0.2838412002545495,0.33491606387786665,0.7418714983818201,0.21010381361848496
pool_turnover_branch_sp1,49,0.4062631488222025,0.997530064801985,1.7965232065034324,0.506045334273969
pool_turnover_croot_sp1,49,-1.541201100830547,1.7763287702855983,3.066126825044627,0.9740558919860873
pool_turnover_froot_sp1,49,-0.7577858411867529,0.8396988790332542,1.1330208833844135,0.30599047795264805
pool_turnover_leaf_sp1,49,-0.06822159139757253,0.42055198501492086,0.8894301580305878,0.23104650436096416
pool_turnover_stem_sp1,49,0.04274965987864038,0.18580844305506786,0.282620316982837,0.05924606280325508
proj_cover,49,-4.046435195115027,4.385064661096058,10.516862723897956,2.9760874080326483
proj_fire_off,49,0.05485737965524558,0.05485737965524558,0.10861682660156226,0.03751853685995001
proj_fire_on,49,4.3540249027193,4.436787007747916,5.222613558346656,1.5609850107429413
proj_mortality,49,27.08629033032642,28.117009066437465,33.91821728309181,10.793762572522036
proj_thinning_delta,49,20.274236629985808,21.32922802117573,28.678363517470448,7.631765469305893
roth_c_cover_c,49,1.0698536413061155,1.1544435985377173,3.0775131193930756,1.002554690317155
roth_c_dpm_frac_crop,49,-0.0075474717424797565,0.0075474717424797565,0.009880064719805282,0.0028604642522432845
roth_c_dpm_frac_tree,49,0.8129040960428625,1.2333445735061277,2.552459692661341,0.7601148755001447
roth_c_moisture_b_slope,49,-1.4942661091364364,1.7133375215747975,3.348140143582462,1.0797005287282133
roth_c_temp_a1,49,0.6910091010616464,0.7249936333907451,1.1545327585256155,0.3695660473018353
roth_c_temp_a2,49,-5.475829184720701,6.163591106712014,9.723430710478894,3.0004278732529834
thinning_fraction_branch_delta,49,0.06822123831661145,0.06822123831661145,0.048543960191690716,0.016575852826363768
thinning_fraction_croot_delta,49,0.03142788558895226,0.03142788558895226,0.03296615086629648,0.010193484369657408
thinning_fraction_froot_delta,49,0.016022652088222865,0.016022652088222865,0.01696038183489973,0.005278258359741462
thinning_fraction_leaf_delta,49,0.02982598524069483,0.02982598524069483,0.030455977955762475,0.008533695582338314
thinning_fraction_stem_delta,49,0.17518659844244433,0.17518659844244433,0.14931700693923872,0.05349195745075468
tree_carbon_sp1,49,-2.5588101845152087,3.0177308886495005,4.840721127199331,1.3825708602261768
tree_nitrogen_branch_sp1,49,0.08581885276745527,0.08581885276745527,0.10083824161226965,0.029634590662491998
tree_nitrogen_croot_sp1,49,0.3676217645026997,0.3676217645026997,0.7202666803805429,0.22086902890759677
tree_nitrogen_froot_sp1,49,0.011804104705669569,0.011804104705669569,0.017256680061936758,0.006112992285605367
tree_nitrogen_leaf_sp1,49,2.0726274426515685,2.0726274426515685,3.232180882601829,0.9471315919662966
tree_nitrogen_stem_sp1,49,0.006052865683354181,0.006052865683354181,0.008741035191494625,0.002777734822389403
tree_root_in_top_30,49,-2.2968267729396685,2.596273450645687,4.676511323903908,1.5308590291416708
tree_root_to_shoot_sp1,49,-1.7010713093120515,2.3031093213359,4.193117923698846,1.3109950429447828
cy0,50,-0.035075783826791475,0.12064543478427228,0.24131768863119382,0.0636331457829703
clay,50,-1.2894899937011994,1.4679802350305429,2.319633820768792,0.6446991369637995
temp_ci_delta,50,0.929146802802349,1.129262880546735,2.3103852652527106,0.7263077225890531
rain_ci_delta,50,4.55516663800476,5.614725627173245,10.123645584877696,2.902104529070862
evap_ci_delta,50,-0.2013013911077322,2.824333303618935,6.141643201977306,1.7042001246935317
ef_N_inputs,50,2.8572476215587708,3.5404995655195917,5.2234505498151576,1.3683439630403722
volatile_frac_organic_fertiliser,50,-0.016301567573002464,0.016301567573002464,0.009909378296539532,0.0030138450609993686
volatile_frac_synthetic_fertiliser,50,0.21208655635002124,0.21208655635002124,0.11442689071693612,0.03573372926037098
base_sf_qty_scale,50,-0.12171437219275298,0.12171437219275298,0.06001112738604056,0.017457688627474738
proj_lit_qty_scale,50,0.021395932646504516,0.02334655857448963,0.018257196826193,0.004776676928434513
base_stand_density_scale,50,0.0,0.0,0.0,0.0
proj_stand_density_scale,50,-3.8311262181736145,5.600410264711815,10.478394771299527,2.888495721389965
tree_wood_dens_sp1,50,-8.238486737446427,12.115705086449712,24.26761104870335,6.527888487060189
base_cover,50,0.15704848127762627,0.21320518786178377,0.2929051840742936,0.07461610789343016
base_fire_off,50,-0.07567880067863843,0.07567880067863843,0.14689869148455867,0.048394043004000166
base_fire_on,50,-0.17996056166329494,0.17996056166329494,0.10692044721849976,0.034668659577505985
base_sf_n_delta,50,-0.012054012840150573,0.012054012840150573,0.005283568101080657,0.001669226215327053
crop_base_left_delta,50,0.19296565397993795,0.22722006486726043,0.18861808014688447,0.043061455191478235
crop_base_yield_delta,50,-0.02661801644263892,0.0968532555997684,0.12410070693899457,0.023582823974404987
crop_carbon_above_sp3,50,0.03304048953676915,0.03347003392537669,0.022272395679444123,0.006690264469037685
crop_carbon_below_sp3,50,0.07828382927484238,0.07828382927484238,0.04000328949056832,0.010911759251605315
crop_intercept_sp3,50,0.0020461895354923114,0.027468695530012223,0.034140272268685726,0.006068264735626386
crop_nitrogen_above_sp3,50,-0.06693056078586353,0.07202355101829647,0.09143711527675731,0.022607966955536147
crop_nitrogen_below_sp3,50,-0.11086118948445951,0.11086118948445951,0.08012494133274643,0.025742508856431583
crop_carbon_above_sp10,50,0.041444710792644064,0.041444710792644064,0.036037299058982515,0.009597578757268896
crop_carbon_below_sp10,50,0.02080249346431259,0.022003141988741818,0.02384953427481665,0.006594776353888535
crop_intercept_sp10,50,0.00818486246134176,0.04478258531141667,0.05202082212399225,0.007321688213029888
crop_nitrogen_above_sp10,50,-0.0457035691316024,0.0457035691316024,0.029841637006421732,0.008973887083694851
crop_nitrogen_below_sp10,50,-0.023142435699093068,0.023444840719467536,0.02940446716600245,0.00832854858945307
crop_proj_left_delta,50,0.010333737491941556,0.04731366721302595,0.05592063752095069,0.009602472002939384
crop_proj_yield_delta,50,0.16027723302828298,0.17199526028426532,0.13202892081443943,0.03449566402878956
crop_root_in_top_30,50,0.05298808082060078,0.06328588602357334,0.06617047952198134,0.017921037981916816
crop_root_to_shoot_sp3,50,0.07462225756742966,0.09539883174318492,0.08956797583476878,0.02093235096144621
crop_slope_sp3,50,-0.024334116758787987,0.03941331803999109,0.040332934629464884,0.007314006870795849
crop_root_to_shoot_sp10,50,0.022468534370840162,0.027502056354599902,0.031062152975840925,0.008191552791594878
crop_slope_sp10,50,-0.03857423087769733,0.07713829149377534,0.0951379005292816,0.017526419530951454
cy0_to_ceq_multiplier,50,-0.0027684482773852894,0.012180663540034246,0.03074417935818886,0.008686499918101723
litter_carbon,50,-0.002336134878034507,0.002336134878034507,0.0012432865014949431,0.00036269726102533144
litter_nitrogen,50,0.013982065601877957,0.013982065601877957,0.007232994521155132,0.002439985892410537
mortality_fraction_branch_delta,50,-0.02481198066099153,0.05129765101167673,0.07259593976569627,0.015423838105721272
mortality_fraction_croot_delta,50,-0.021287001087348302,0.02627050169829922,0.04052397922388665,0.010222231210974424
mortality_fraction_froot_delta,50,-0.011639674264212524,0.014530504190062016,0.021346904467653676,0.006419920613416821
mortality_fraction_leaf_delta,50,0.005445742989446825,0.010356283901308919,0.01397394967878086,0.0037078252910028612
mortality_fraction_stem_delta,50,-0.06298178613153951,0.115927485542434,0.16712068386787696,0.043840153748536365
pool_alloc_froot_sp1,50,-0.9666962965774584,1.0914986055373541,1.6909134260292695,0.504999709253205
pool_alloc_leaf_sp1,50,0.20618921234402773,0.5799184938199737,0.8527404601827758,0.1893020883954342
pool_alloc_stem_sp1,50,-0.2644731250892268,0.31948122687307373,0.711660491591708,0.2020935250898298
pool_turnover_branch_sp1,50,0.19800135667970337,0.8930671103734056,1.623710411292389,0.45503124866777134
pool_turnover_croot_sp1,50,-1.5311752692720053,1.76889895737391,3.0680215901828203,0.9750144633937428
pool_turnover_froot_sp1,50,-0.7507179352228796,0.8322198014496781,1.1286415504139133,0.30497710915515286
pool_turnover_leaf_sp1,50,-0.0587985665496751,0.4203375438299929,0.8961847144594621,0.23351019438348655
pool_turnover_stem_sp1,50,-0.010935339554768983,0.16134269596293074,0.24808657490523894,0.049615139677170024
proj_cover,50,-4.073343359180109,4.409502219391721,10.724902230635045,3.0320990048639165
proj_fire_off,50,0.05485737965524604,0.05485737965524604,0.10861682660156341,0.037518536859950415
proj_fire_on,50,4.358988461019121,4.439561817911188,5.268300893742964,1.5746143214164918
proj_mortality,50,26.48165702970483,28.060246077091186,34.063146300145185,10.643815012475047
proj_thinning_delta,50,18.456557357232434,19.81681093832191,28.2799213541688,7.498861954952348
roth_c_cover_c,50,1.0763295729746138,1.1599131375289145,3.104829529724479,1.0121225400798726
roth_c_dpm_frac_crop,50,-0.006935786847246253,0.006935786847246253,0.009010370469749597,0.002610379913848701
roth_c_dpm_frac_tree,50,0.7931089170463814,1.2053350587191687,2.538167865356849,0.7626676233860172
roth_c_moisture_b_slope,50,-1.5043821820185739,1.7219948709000081,3.366168359000141,1.085076078472343
roth_c_temp_a1,50,0.6932286608866403,0.725728901115181,1.1654532641522224,0.37277572790035324
roth_c_temp_a2,50,-5.505466204292977,6.186235807477248,9.829261695364055,3.0358218915721507
thinning_fraction_branch_delta,50,0.06359405512141517,0.06359405512141517,0.04468001147935956,0.015441923603925949
thinning_fraction_croot_delta,50,0.02828691709451301,0.02828691709451301,0.02879580008804127,0.008972913670162674
thinning_fraction_froot_delta,50,0.01459934315864008,0.01459934315864008,0.015089265920573887,0.004646838718567171
thinning_fraction_leaf_delta,50,0.026838547804021746,0.026838547804021746,0.02716214242196383,0.007564790000328445
thinning_fraction_stem_delta,50,0.16075985720512723,0.16075985720512723,0.13141387900183044,0.04651899616223325
tree_carbon_sp1,50,-2.4575295236832844,2.8750782101955092,4.743998951228716,1.3580546576468666
tree_nitrogen_branch_sp1,50,0.08616098237155237,0.08616098237155237,0.1021729301893585,0.03001766419972957
tree_nitrogen_croot_sp1,50,0.3712929516837752,0.3712929516837752,0.7340069246507689,0.22506517796940842
tree_nitrogen_froot_sp1,50,0.011969150486027804,0.011969150486027804,0.01759773544989689,0.006234828898473535
tree_nitrogen_leaf_sp1,50,2.0900311645946603,2.0900311645946603,3.2772410908551186,0.9614577166295882
tree_nitrogen_stem_sp1,50,0.006083494770133821,0.006083494770133821,0.008870390040212863,0.002818867943372557
tree_root_in_top_30,50,-2.2699132473347703,2.5662723037985002,4.67883372892315,1.5327702146928148
tree_root_to_shoot_sp1,50,-1.590757924335829,2.229744179225923,4.11054213538154,1.2749914741145862
cy0,total,8.795715130414518,15.137588761504635,28.496174545799597,8.12193426602575
clay,total,-58.28173922190749,58.37148226932531,77.03774175679222,23.008040559359596
temp_ci_delta,total,49.94095143338803,50.05361592750642,84.18116565483338,27.96566772764937
rain_ci_delta,total,220.3555261271219,273.4853451641793,387.72170599843344,105.95215831300884
evap_ci_delta,total,-4.923967848482534,111.38147108829646,227.21736625742636,63.265154789368744
ef_N_inputs,total,82.59278061218365,102.40518365146497,138.61380696566235,35.59676978141805
volatile_frac_organic_fertiliser,total,-0.8150783786500904,0.8150783786500904,0.49546891482701216,0.1506922530499687
volatile_frac_synthetic_fertiliser,total,10.604327817501076,10.604327817501076,5.721344535846832,1.7866864630185535
base_sf_qty_scale,total,-6.085718609637645,6.085718609637645,3.000556369301978,0.8728844313737181
proj_lit_qty_scale,total,-0.04783728230464383,0.9531444728748358,1.159869046497672,0.18366488058730718
base_stand_density_scale,total,0.0,0.0,0.0,0.0
proj_stand_density_scale,total,-418.03235160851426,419.5219250724871,482.60723801538296,152.79375979077588
tree_wood_dens_sp1,total,-710.4637183861455,713.3326538652288,1014.1078096129049,286.78422844171854
base_cover,total,27.78809166454455,27.78809166454455,30.06173096691794,8.465120639277448
base_fire_off,total,-3.7839400339319567,3.7839400339319567,7.344934574227996,2.4197021502000315
base_fire_on,total,-11.957327095352031,11.957327095352031,11.317017685259046,3.821974570109536
base_sf_n_delta,total,-0.6027006420075297,0.6027006420075297,0.2641784050540173,0.08346131076634183
crop_base_left_delta,total,20.25080476363677,20.928391180685963,13.172529211259,3.5305930719661336
crop_base_yield_delta,total,7.904701712672212,8.916138096512654,8.412013730876673,2.25272733251924
crop_carbon_above_sp3,total,1.8779465455268742,2.1603672271009926,1.9000924274697026,0.5152373562325983
crop_carbon_below_sp3,total,4.531420196605842,4.531420196605842,2.586915991412548,0.7370527759707498
crop_intercept_sp3,total,0.8770878965656902,1.7483509567187212,2.1401074642663276,0.47754286302794585
crop_nitrogen_above_sp3,total,-2.0561382635438603,2.7439679882893095,4.212979146008826,0.9165977271781157
crop_nitrogen_below_sp3,total,-3.527687003890665,3.527687003890665,2.6380045401964076,0.8514830200258927
crop_carbon_above_sp10,total,4.020093440584563,4.024976807189347,3.1797034836486713,0.8618146195608861
crop_carbon_below_sp10,total,1.9322284825283962,2.0495408568389526,2.0057683126901984,0.5526256720052989
crop_intercept_sp10,total,2.1254771899165674,2.8950787665489672,3.102396760792393,0.6189570987949289
crop_nitrogen_above_sp10,total,-2.0718595157659125,2.1047714881627475,1.4807839071975328,0.4266428857164947
crop_nitrogen_below_sp10,total,-1.056326269202241,1.082411885497701,1.4156731197158525,0.40082552431668333
crop_proj_left_delta,total,-4.03966593561252,4.535361792485154,5.235982272450757,1.572583034632606
crop_proj_yield_delta,total,0.9541499572121719,5.758719138913231,6.555509953050888,0.8918084300494841
crop_root_in_top_30,total,4.734128247074219,4.8285548574784665,4.009416585945523,1.2586334363539884
crop_root_to_shoot_sp3,total,5.6246180849077065,5.797904810134514,4.012240240879875,1.1137277905513183
crop_slope_sp3,total,0.6077271044771974,1.5161810662518551,2.1612768245480236,0.48857338114956944
crop_root_to_shoot_sp10,total,2.81139103121446,2.8223280282218006,2.689406846068125,0.9000085939395692
crop_slope_sp10,total,2.760322884454403,5.009474272675331,5.775487060848872,1.204710713938412
cy0_to_ceq_multiplier,total,-0.08642443844825329,1.1725979738759376,2.4241504584985174,0.6389702231145525
litter_carbon,total,-0.30468082600534474,0.30468082600534474,0.11284282592806083,0.0328737642153577
litter_nitrogen,total,0.6991032800938558,0.6991032800938558,0.36164972605781504,0.12199929462055933
mortality_fraction_branch_delta,total,-2.9297042215090094,3.2005920889812067,3.897615549874935,0.9875449859050843
mortality_fraction_croot_delta,total,-1.5824720800699525,1.5824720800699525,2.1685393131090924,0.5685983822489369
mortality_fraction_froot_delta,total,-1.01510702232756,1.0155603867480507,1.26027277632149,0.4183899627568232
mortality_fraction_leaf_delta,total,-0.3265551689222619,0.45753485197945637,0.6001046524775058,0.14820448783376028
mortality_fraction_stem_delta,total,-5.312627781417488,5.7910856316724875,7.772222142394071,2.2743227265626222
pool_alloc_froot_sp1,total,-57.61293627993916,57.73707183832922,64.19856744579141,20.272155271730036
pool_alloc_leaf_sp1,total,-22.171443339893603,33.39341862845638,45.78363846262595,10.13352804739054
pool_alloc_stem_sp1,total,-20.24261453087187,20.24261453087187,34.743982672501396,9.560804563003463
pool_turnover_branch_sp1,total,100.79817423461583,100.83621237416247,116.92518330377257,36.92062902550955
pool_turnover_croot_sp1,total,-70.82648342408757,74.3532094759768,103.85859794675837,33.65838989460916
pool_turnover_froot_sp1,total,-36.32415390910616,36.39560508336724,44.75012007807894,13.077212393009116
pool_turnover_leaf_sp1,total,-9.52160264672499,17.27109945088006,29.19256295924258,7.315121338380795
pool_turnover_stem_sp1,total,25.723935660930284,25.731346643226335,23.782018117585157,7.258249318759772
proj_cover,total,-211.72884458130375,211.72884458130375,387.849278101072,109.79369097140946
proj_fire_off,total,3.8213215322323606,3.8213215322323606,6.05233511853287,2.0658577685311323
proj_fire_on,total,197.97220595107265,197.97220595107265,187.39407160631484,55.71707049563112
proj_mortality,total,870.9777251884941,870.9777251884941,932.1325065531737,304.50164633034825
proj_thinning_delta,total,1543.7786484072326,1543.7786484072326,1072.833451110681,285.1439894498614
roth_c_cover_c,total,46.44324189042636,50.25879338488159,106.46699327299636,35.509539839744896
roth_c_dpm_frac_crop,total,-2.43951220958649,2.43951220958649,2.130892836302709,0.6407863311879496
roth_c_dpm_frac_tree,total,70.7839754333253,70.7839754333253,114.4303499313599,35.488318955448946
roth_c_moisture_b_slope,total,-81.97507472948185,84.95282919406236,148.8724504642697,49.69450941456866
roth_c_temp_a1,total,29.894353665173877,29.894353665173877,37.88923264772512,12.753713167635503
roth_c_temp_a2,total,-264.771009384345,264.771009384345,342.5972460461217,108.37045047225264
thinning_fraction_branch_delta,total,-0.576719630935832,1.0734556701053937,1.6100670357381286,0.4594329835807653
thinning_fraction_croot_delta,total,-0.8858393999198031,0.8858393999198031,0.953905718559801,0.3046039524979048
thinning_fraction_froot_delta,total,-0.41282549039948024,0.4305965326342565,0.5428608478912909,0.14672872774381962
thinning_fraction_leaf_delta,total,-0.04448217487239796,0.4577827745302966,0.815822087916485,0.20234788158587294
thinning_fraction_stem_delta,total,-1.3123386863605568,3.034720099968022,3.8276444754603935,0.7950497441469272
tree_carbon_sp1,total,-194.2982387886754,194.2982387886754,207.88150926924882,63.61550073088798
tree_nitrogen_branch_sp1,total,3.492033054419956,3.492033054419956,3.1639929143166423,0.9546204067786033
tree_nitrogen_croot_sp1,total,12.232195370975377,12.232195370975377,18.811655523847637,5.8140784844077205
tree_nitrogen_froot_sp1,total,0.35959347047703616,0.35959347047703616,0.4471503702848569,0.15729984898307445
tree_nitrogen_leaf_sp1,total,70.65074781094764,70.65074781094764,92.17686680473223,26.549932694400653
tree_nitrogen_stem_sp1,total,0.26348550460969256,0.26348550460969256,0.2802405046660401,0.08860919355431027
tree_root_in_top_30,total,-119.18085583603231,119.23528865183796,165.84437065107133,55.225781474155305
tree_root_to_shoot_sp1,total,-153.96785563791343,154.08545050507294,192.2280374026339,61.733105276929486
