parameter,year,mu,mu_star,sigma,mu_star_conf
cy0,1,0.9425405266160218,3.886713355408861,6.154545646721609,1.3792108028933576
clay,1,0.20226375746784803,0.8073136971659899,1.4455395872860133,0.3999144913056008
temp_ci_delta,1,0.08368804468033479,0.29090109378858003,0.5757403774206327,0.13624217375301556
rain_ci_delta,1,-0.16720663719108125,1.6962814118441418,2.429325126117644,0.5316570115499386
evap_ci_delta,1,-0.027096058042719483,0.28199065929786277,0.6538576518656223,0.17752982657202906
ef_N_inputs,1,-0.8418945196244758,0.8418945196244758,0.1798669531671992,0.06069691904686827
volatile_frac_organic_fertiliser,1,-0.016301567573003873,0.016301567573003873,0.009909378296544405,0.0030138450610001856
volatile_frac_synthetic_fertiliser,1,0.21208655635002377,0.21208655635002377,0.11442689071693346,0.035733729260369995
base_sf_qty_scale,1,-0.1217143721927533,0.1217143721927533,0.06001112738604395,0.01745768862747503
proj_lit_qty_scale,1,-0.15825990492566308,0.15825990492566308,0.06322862912940931,0.019049915615599548
base_stand_density_scale,1,0.0,0.0,0.0,0.0
proj_stand_density_scale,1,-114.79145221553583,114.79145221553583,42.047907428743386,13.344837810709704
tree_wood_dens_sp1,1,-198.03489693521163,198.03489693521163,49.384473437884296,14.107088291386404
base_cover,1,5.380971179228495,5.380971179228495,4.169911578740987,1.4061965852329534
base_fire_off,1,-0.07567880067864277,0.07567880067864277,0.14689869148456233,0.048394043004000686
base_fire_on,1,-0.6344299331054865,0.6344299331054865,1.1466883692662346,0.39288229620436405
base_sf_n_delta,1,-0.012054012840147977,0.012054012840147977,0.0052835681010775125,0.0016692262153262993
crop_base_left_delta,1,1.8289961631990512,1.8289961631990512,0.9414492195657548,0.2946157715889086
crop_base_yield_delta,1,1.3343392686302828,1.3343392686302828,0.6403667265532954,0.20566829175114046
crop_carbon_above_sp3,1,0.08201942004991354,0.16042279421023736,0.19235283793383165,0.03720279633025504
crop_carbon_below_sp3,1,0.13670997382816844,0.1711826707020517,0.25398378676110656,0.07100984578099404
crop_intercept_sp3,1,0.06342323780326371,0.17270674480478032,0.2586097206393783,0.061164427867115484
crop_nitrogen_above_sp3,1,-0.017457450696152323,0.05111760481864458,0.08621265591420646,0.019159185151933173
crop_nitrogen_below_sp3,1,-0.02545886250268765,0.02545886250268765,0.023336280632612477,0.007674835835082594
crop_carbon_above_sp10,1,0.03133142735669932,0.2449875312225787,0.3144831542126886,0.05524151247386271
crop_carbon_below_sp10,1,-0.006236460667317445,0.1048692168444525,0.13442992721967004,0.025461494614223715
crop_intercept_sp10,1,-0.0009744402024299603,0.16002976226215182,0.19671053674824046,0.029919908572744583
crop_nitrogen_above_sp10,1,-0.0030397809687649157,0.027174888300818267,0.042102096284460114,0.009131273605209681
crop_nitrogen_below_sp10,1,-0.0029833325486307237,0.012934676353166008,0.022034187978982888,0.005081015820978023
crop_proj_left_delta,1,-1.3933069039340142,1.3933069039340142,0.6909825825595503,0.21607753435530255
crop_proj_yield_delta,1,-1.2268202037821356,1.2268202037821356,0.6593176844560726,0.21374631357656615
crop_root_in_top_30,1,0.11870076394891652,0.17108246546578468,0.27670313825875714,0.07784029355441142
crop_root_to_shoot_sp3,1,0.180265964784975,0.19683069916866733,0.183451179965652,0.04887153849428471
crop_slope_sp3,1,0.05193902322468471,0.1461539977342264,0.17429531217102898,0.034713459134022795
crop_root_to_shoot_sp10,1,0.03025354474282853,0.1560740400107255,0.2023700375672131,0.03688819028141846
crop_slope_sp10,1,0.10719631540715228,0.3555136127078019,0.4639482580154525,0.10492565352544894
cy0_to_ceq_multiplier,1,-0.8405598729193351,1.4462347331304612,2.7372195562694466,0.6790155440135892
litter_carbon,1,-0.034501689386358336,0.034501689386358336,0.009619819156638794,0.0028632900236048708
litter_nitrogen,1,0.013982065601880932,0.013982065601880932,0.007232994521156469,0.002439985892412963
mortality_fraction_branch_delta,1,0.0,0.0,0.0,0.0
mortality_fraction_croot_delta,1,0.0,0.0,0.0,0.0
mortality_fraction_froot_delta,1,0.0,0.0,0.0,0.0
mortality_fraction_leaf_delta,1,0.0,0.0,0.0,0.0
mortality_fraction_stem_delta,1,0.0,0.0,0.0,0.0
pool_alloc_froot_sp1,1,-7.024206838574163,7.024206838574163,3.3511790764075555,1.1545026562558245
pool_alloc_leaf_sp1,1,-6.635742712172712,6.635742712172712,3.1923372950596365,0.9965263453016754
pool_alloc_stem_sp1,1,-2.2698053698457126,2.2698053698457126,1.701699233233664,0.46635683451514476
pool_turnover_branch_sp1,1,0.0,0.0,0.0,0.0
pool_turnover_croot_sp1,1,0.0,0.0,0.0,0.0
pool_turnover_froot_sp1,1,0.0,0.0,0.0,0.0
pool_turnover_leaf_sp1,1,0.0,0.0,0.0,0.0
pool_turnover_stem_sp1,1,0.0,0.0,0.0,0.0
proj_cover,1,-6.825843190290402,6.825843190290402,7.652004805828681,2.448424673023068
proj_fire_off,1,0.12581089608435506,0.12581089608435506,0.17303529712486113,0.05473120574075875
proj_fire_on,1,0.9997461350948903,0.9997461350948903,1.4771342701274346,0.46425845274969396
proj_mortality,1,0.0,0.0,0.0,0.0
proj_thinning_delta,1,0.0,0.0,0.0,0.0
roth_c_cover_c,1,-0.18017246821578503,0.8402658408291082,1.1651091739596324,0.238803954774234
roth_c_dpm_frac_crop,1,-0.09635625739349533,0.20850409958135793,0.33608519896343225,0.08263937819515829
roth_c_dpm_frac_tree,1,0.31108444504732446,0.4813187849267841,0.7052990688301258,0.175609843091801
roth_c_moisture_b_slope,1,0.1577411347238659,0.7228621548287855,1.2215823476751018,0.3492560888056292
roth_c_temp_a1,1,-0.0546466029913125,0.26700183376840503,0.5451169341250892,0.1563860599573178
roth_c_temp_a2,1,-0.12435624536295382,1.1761757345254789,1.6892761334412059,0.3565333399670833
thinning_fraction_branch_delta,1,0.0,0.0,0.0,0.0
thinning_fraction_croot_delta,1,0.0,0.0,0.0,0.0
thinning_fraction_froot_delta,1,0.0,0.0,0.0,0.0
thinning_fraction_leaf_delta,1,0.0,0.0,0.0,0.0
thinning_fraction_stem_delta,1,0.0,0.0,0.0,0.0
tree_carbon_sp1,1,-42.2058291516842,42.2058291516842,16.556918354544816,4.780743770244647
tree_nitrogen_branch_sp1,1,0.0,0.0,0.0,0.0
tree_nitrogen_croot_sp1,1,0.0,0.0,0.0,0.0
tree_nitrogen_froot_sp1,1,0.0,0.0,0.0,0.0
tree_nitrogen_leaf_sp1,1,0.0,0.0,0.0,0.0
tree_nitrogen_stem_sp1,1,0.0,0.0,0.0,0.0
tree_root_in_top_30,1,0.0,0.0,0.0,0.0
tree_root_to_shoot_sp1,1,-40.54932698736017,40.54932698736017,20.277239695977187,6.2729517817728055
cy0,2,0.5102364755077786,2.0363432296693054,3.033374420195534,0.6395729106730056
clay,2,0.0686704667818604,0.26164337867475707,0.5944396296483195,0.15809697597167763
temp_ci_delta,2,0.04231639229442539,0.12478312512785987,0.19043960216181618,0.03687070409396801
rain_ci_delta,2,0.07200249616538905,1.4076540703374696,2.063242984946371,0.43750271216108017
evap_ci_delta,2,-0.06428887078478451,0.20379797545696596,0.49871243630399353,0.13503145552224605
ef_N_inputs,2,-0.8418945196244725,0.8418945196244725,0.17986695316720513,0.06069691904687041
volatile_frac_organic_fertiliser,2,-0.01630156757300334,0.01630156757300334,0.00990937829654104,0.0030138450609997437
volatile_frac_synthetic_fertiliser,2,0.2120865563500208,0.2120865563500208,0.11442689071693672,0.035733729260371286
base_sf_qty_scale,2,-0.12171437219275276,0.12171437219275276,0.06001112738604101,0.01745768862747504
proj_lit_qty_scale,2,-0.10323185948243419,0.10433914901138985,0.05325227204888518,0.016302955084561255
base_stand_density_scale,2,0.0,0.0,0.0,0.0
proj_stand_density_scale,2,16.99745299613742,16.99745299613742,8.03152697483241,2.2558258269247835
tree_wood_dens_sp1,2,31.08946416724597,31.08946416724597,11.348031690125456,3.065492622795674
base_cover,2,3.2287381437663543,3.2287381437663543,1.9493553054453576,0.5957257468848283
base_fire_off,2,-0.07567880067863804,0.07567880067863804,0.1468986914845578,0.04839404300399989
base_fire_on,2,-0.47240518667529025,0.47240518667529025,0.7643811879132075,0.2615071137192544
base_sf_n_delta,2,-0.012054012840150374,0.012054012840150374,0.005283568101080698,0.0016692262153271816
crop_base_left_delta,2,1.2748231066499551,1.2748231066499551,0.6713807789351002,0.20683248156704062
crop_base_yield_delta,2,0.8774792254721587,0.8774792254721587,0.4655896784649061,0.1476877544863986
crop_carbon_above_sp3,2,0.056656861415515014,0.10994028582600723,0.13183624619319906,0.025790093745353192
crop_carbon_below_sp3,2,0.09695894037292249,0.12841579342771367,0.21203462094170172,0.05972399421676795
crop_intercept_sp3,2,0.03477595846164272,0.10733868244116947,0.1542321094693353,0.035343867407879315
crop_nitrogen_above_sp3,2,-0.017457450696144662,0.051117604818638654,0.08621265591420793,0.019159185151934474
crop_nitrogen_below_sp3,2,-0.025458862502681957,0.025458862502681957,0.023336280632617345,0.007674835835084806
crop_carbon_above_sp10,2,0.022490827589121087,0.17672327843420277,0.2321230887165748,0.04265477409131612
crop_carbon_below_sp10,2,-0.00428572537839258,0.07483660173229871,0.09691923935246524,0.018591867013414313
crop_intercept_sp10,2,-0.005456636354750033,0.10964714655853372,0.1395743706233729,0.02354914421958819
crop_nitrogen_above_sp10,2,-0.003039780968765382,0.02717488830081367,0.042102096284462494,0.009131273605211158
crop_nitrogen_below_sp10,2,-0.0029833325486307905,0.012934676353156349,0.022034187978977597,0.0050810158209788365
crop_proj_left_delta,2,-0.9437874472477974,0.9467916099774885,0.5226396611958845,0.16426687598973766
crop_proj_yield_delta,2,-0.7882321032576322,0.7882321032576322,0.49254814751309917,0.1548733783257817
crop_root_in_top_30,2,0.07134859530888171,0.11061040323412637,0.15653272707353397,0.03944811864597582
crop_root_to_shoot_sp3,2,0.12209278843206772,0.1351818145503692,0.1370200751712553,0.037121602864988563
crop_slope_sp3,2,0.030520288575094357,0.1000446170809611,0.12087462715945123,0.022668602064348176
crop_root_to_shoot_sp10,2,0.016943889822356017,0.1024145753468609,0.13544833444681875,0.025500007230727848
crop_slope_sp10,2,0.07379077361397154,0.25117717097543135,0.32729326141180703,0.07224162325693398
cy0_to_ceq_multiplier,2,0.008094595582857434,0.47872891478853463,0.8001878063792853,0.1817801289381357
litter_carbon,2,-0.024508309291276408,0.024508309291276408,0.008099045646664632,0.002301971473362141
litter_nitrogen,2,0.013982065601877902,0.013982065601877902,0.007232994521154082,0.002439985892410355
mortality_fraction_branch_delta,2,0.0,0.0,0.0,0.0
mortality_fraction_croot_delta,2,0.0,0.0,0.0,0.0
mortality_fraction_froot_delta,2,0.0,0.0,0.0,0.0
mortality_fraction_leaf_delta,2,0.0,0.0,0.0,0.0
mortality_fraction_stem_delta,2,0.0,0.0,0.0,0.0
pool_alloc_froot_sp1,2,5.87201483735443,5.87201483735443,3.171094143829434,1.095026952003926
pool_alloc_leaf_sp1,2,6.081330508057436,6.081330508057436,3.0399595359260525,0.9509702646643394
pool_alloc_stem_sp1,2,0.5279562684032111,0.5564992312456074,0.7249239761962325,0.20024065690907622
pool_turnover_branch_sp1,2,0.8649410965724937,0.8649410965724937,0.4006597835156573,0.13217086024321778
pool_turnover_croot_sp1,2,12.395582359030385,12.395582359030385,8.84380403166767,2.49690688951186
pool_turnover_froot_sp1,2,6.496019411953229,6.496019411953229,3.2217079127405395,0.9114839532704111
pool_turnover_leaf_sp1,2,3.0965753672456318,3.0965753672456318,1.3524628361586943,0.38899392286418044
pool_turnover_stem_sp1,2,0.22288629993116946,0.22288629993116946,0.09297084993251942,0.028275873957703514
proj_cover,2,-4.169677045509727,4.169677045509727,3.8544923492953465,1.2039800493425958
proj_fire_off,2,0.12581089608435225,0.12581089608435225,0.1730352971248598,0.05473120574075781
proj_fire_on,2,0.7737285625426733,0.7737285625426733,1.0137962934620837,0.3172147833630617
proj_mortality,2,4.098371100790651,4.098371100790651,2.008326810065198,0.6110131112830196
proj_thinning_delta,2,18.299658654502302,18.299658654502302,13.90754777862347,3.7860136616231697
roth_c_cover_c,2,-0.12435785498826879,0.6005406770601324,0.8168840254333595,0.16912946004220833
roth_c_dpm_frac_crop,2,-0.07074488305790509,0.1819041958178954,0.2518486302578396,0.06304555817715556
roth_c_dpm_frac_tree,2,0.24873741672663444,0.2815247666246998,0.2602863521787301,0.07056878262655825
roth_c_moisture_b_slope,2,-0.06501279423597384,0.6099190794054569,1.0340743729608264,0.27256909827790676
roth_c_temp_a1,2,-0.00022473910920131068,0.12275941856109358,0.17972908040172286,0.04214188880212462
roth_c_temp_a2,2,-0.040707730617080995,0.6686192068843757,0.8652766238437202,0.15619432267999114
thinning_fraction_branch_delta,2,0.0,0.0,0.0,0.0
thinning_fraction_croot_delta,2,0.0,0.0,0.0,0.0
thinning_fraction_froot_delta,2,0.0,0.0,0.0,0.0
thinning_fraction_leaf_delta,2,0.0,0.0,0.0,0.0
thinning_fraction_stem_delta,2,0.0,0.0,0.0,0.0
tree_carbon_sp1,2,6.158880188663554,6.158880188663554,2.758517912018484,0.8895900626202213
tree_nitrogen_branch_sp1,2,0.0,0.0,0.0,0.0
tree_nitrogen_croot_sp1,2,0.0,0.0,0.0,0.0
tree_nitrogen_froot_sp1,2,0.0,0.0,0.0,0.0
tree_nitrogen_leaf_sp1,2,0.0,0.0,0.0,0.0
tree_nitrogen_stem_sp1,2,0.0,0.0,0.0,0.0
tree_root_in_top_30,2,0.0,0.0,0.0,0.0
tree_root_to_shoot_sp1,2,9.76106721409706,9.76106721409706,7.965464483332878,2.3688601971820797
cy0,3,0.43443993640912415,1.370972106198497,2.2031757156933858,0.5048110468472784
clay,3,-0.6839175883413487,0.7992130562576516,0.847244578675561,0.22652226525303729
temp_ci_delta,3,0.725360705921209,0.725360705921209,0.3882197990360291,0.11195013146658982
rain_ci_delta,3,2.588116024287195,3.121600045410794,3.676932212237146,0.9647782647906454
evap_ci_delta,3,-0.5402340192541735,0.6032000717511752,1.695535740289364,0.5038339418391267
ef_N_inputs,3,0.6355977459518277,0.8566974562123952,0.9586360265043633,0.24208170470081924
volatile_frac_organic_fertiliser,3,-0.016301567573002957,0.016301567573002957,0.009909378296540535,0.0030138450609996812
volatile_frac_synthetic_fertiliser,3,0.2120865563500202,0.2120865563500202,0.11442689071693588,0.03573372926037094
base_sf_qty_scale,3,-0.12171437219275219,0.12171437219275219,0.06001112738604049,0.0174576886274749
proj_lit_qty_scale,3,-0.07192557311471379,0.07412264314550923,0.047849832273793885,0.014585557681078791
base_stand_density_scale,3,0.0,0.0,0.0,0.0
proj_stand_density_scale,3,-14.041423982269283,14.131763059062177,7.709610451662413,2.6955556504147973
tree_wood_dens_sp1,3,-24.450714749375496,24.450714749375496,11.06417360552955,3.29446856127154
base_cover,3,2.4218902605307973,2.4218902605307973,1.5688502468611596,0.4479101369676914
base_fire_off,3,-0.0756788006786385,0.0756788006786385,0.14689869148455884,0.04839404300400029
base_fire_on,3,-0.40361282519957403,0.40361282519957403,0.6039257273150431,0.20650958854773874
base_sf_n_delta,3,-0.012054012840149642,0.012054012840149642,0.005283568101080463,0.0016692262153268876
crop_base_left_delta,3,1.0246671042920614,1.0246671042920614,0.5565184188000015,0.16786249945404258
crop_base_yield_delta,3,0.6863399252932717,0.6863399252932717,0.40220434045853387,0.12575533422990534
crop_carbon_above_sp3,3,0.04511805712130007,0.08783538242236823,0.10725247624100888,0.02169241659256634
crop_carbon_below_sp3,3,0.07896995423530946,0.11288176746900189,0.17828832481949936,0.04841221810268694
crop_intercept_sp3,3,0.025222157543351265,0.08358461465584484,0.11713945574318203,0.026116745068675777
crop_nitrogen_above_sp3,3,-0.017457450696146026,0.05111760481863722,0.08621265591420604,0.01915918515193393
crop_nitrogen_below_sp3,3,-0.02545886250268219,0.02545886250268219,0.023336280632615256,0.007674835835084202
crop_carbon_above_sp10,3,0.01879845945046534,0.14938980286894973,0.20082798523904144,0.038070705566525066
crop_carbon_below_sp10,3,-0.0037911584697680302,0.06322592085262602,0.0826875015737919,0.015644426657674095
crop_intercept_sp10,3,-0.005683371914959157,0.09321317080405125,0.12052841464053966,0.020908647843076833
crop_nitrogen_above_sp10,3,-0.0030397809687645826,0.027174888300814604,0.042102096284465464,0.009131273605212206
crop_nitrogen_below_sp10,3,-0.002983332548628259,0.012934676353157547,0.022034187978978843,0.005081015820978784
crop_proj_left_delta,3,-0.7612186835587472,0.7659203191297681,0.46884932703325055,0.14830775381618114
crop_proj_yield_delta,3,-0.6070288873652865,0.6098638376337917,0.44373084934926565,0.13638586734620445
crop_root_in_top_30,3,0.05616274566723185,0.0919071760792944,0.1273428299847464,0.03151482872238329
crop_root_to_shoot_sp3,3,0.1010579429164397,0.11576591376824574,0.12667743601869955,0.035347125497001225
crop_slope_sp3,3,0.023160655536351483,0.08365156418556649,0.10561937738748624,0.020467207168967837
crop_root_to_shoot_sp10,3,0.012042433226204597,0.08373613423231101,0.11344932387105479,0.022300071792124686
crop_slope_sp10,3,0.060625458209587826,0.2135346215322791,0.28020063889894525,0.060207583016865074
cy0_to_ceq_multiplier,3,0.21446405523711318,0.3676462105221054,0.8059907918312614,0.21551796414244118
litter_carbon,3,-0.01877252719043705,0.01877252719043705,0.007248912360258303,0.002021028104726051
litter_nitrogen,3,0.013982065601876337,0.013982065601876337,0.007232994521153625,0.002439985892409951
mortality_fraction_branch_delta,3,-0.24998642572943694,0.24998642572943694,0.17575751478363513,0.052837466446461305
mortality_fraction_croot_delta,3,-0.10422396385432449,0.10422396385432449,0.10617746460988775,0.03090245325451647
mortality_fraction_froot_delta,3,-0.06138755989459026,0.06138755989459026,0.04571265990985628,0.014423975611735786
mortality_fraction_leaf_delta,3,-0.06744796510239129,0.06744796510239129,0.0422865982915223,0.012733193470566102
mortality_fraction_stem_delta,3,-0.4466615185131236,0.4466615185131236,0.29701280865180885,0.09299892530610838
pool_alloc_froot_sp1,3,-2.8612059879073497,2.8612059879073497,1.628859530377462,0.5287716684300396
pool_alloc_leaf_sp1,3,-3.358887362335156,3.358887362335156,1.9322699201147298,0.5881850842051508
pool_alloc_stem_sp1,3,-0.42088544954098844,0.42088544954098844,0.47676889836012726,0.13300159071513548
pool_turnover_branch_sp1,3,0.5264876029914946,0.5264876029914946,0.250152169616813,0.0838171334719873
pool_turnover_croot_sp1,3,-5.245318851294073,5.245318851294073,4.360221233363289,1.274643642657966
pool_turnover_froot_sp1,3,-2.6927399938554752,2.6927399938554752,1.4584673366111545,0.41933627529772616
pool_turnover_leaf_sp1,3,-1.5670030565453998,1.5673687248243706,0.8889769129356648,0.24802778399093453
pool_turnover_stem_sp1,3,0.14552602280146879,0.14552602280146879,0.0719427045860338,0.01946427940120085
proj_cover,3,-6.65766831127565,6.65766831127565,3.9352879248988186,1.2173914106109947
proj_fire_off,3,0.12581089608435364,0.12581089608435364,0.17303529712486304,0.05473120574075882
proj_fire_on,3,5.837924628800886,5.837924628800886,8.551231073447937,2.5641711869284807
proj_mortality,3,3.3874017993394476,3.3874017993394476,1.769039440906669,0.5306541986572879
proj_thinning_delta,3,14.74344068495073,14.74344068495073,10.809246272277482,3.0135988215830656
roth_c_cover_c,3,0.36283919023624356,0.8017555821303313,0.9905186878032194,0.22452098288676933
roth_c_dpm_frac_crop,3,-0.050538159239610414,0.14807202969634817,0.21489649736625685,0.055720161583437754
roth_c_dpm_frac_tree,3,6.207488441711141,6.207488441711141,3.1287587477983747,0.8682056341112329
roth_c_moisture_b_slope,3,-1.3972191709177486,1.6393658338046428,1.9860582548415682,0.6101217577745586
roth_c_temp_a1,3,0.5804477330036998,0.5804477330036998,0.30761714442065324,0.09196452125434997
roth_c_temp_a2,3,-4.402986341980585,4.402986341980585,2.1722956596427263,0.6954204581766531
thinning_fraction_branch_delta,3,-0.4163375157024044,0.4163375157024044,0.7178124994948482,0.22819070103162623
thinning_fraction_croot_delta,3,-0.1605109345262769,0.1605109345262769,0.24217231688743862,0.07152170827080453
thinning_fraction_froot_delta,3,-0.1029242395927246,0.1029242395927246,0.15894231383666052,0.046002621158018134
thinning_fraction_leaf_delta,3,-0.12141971446509792,0.12141971446509792,0.20906792779311967,0.06959713661391065
thinning_fraction_stem_delta,3,-0.8824785800369558,0.8824785800369558,1.4117030068783447,0.3944672332186951
tree_carbon_sp1,3,-5.5855662873520995,5.5855662873520995,3.021155454288704,0.880615301040084
tree_nitrogen_branch_sp1,3,0.044191644775122996,0.044191644775122996,0.03855339702404529,0.0122097499565967
tree_nitrogen_croot_sp1,3,0.1279191790028637,0.1279191790028637,0.12472398509418856,0.03935924395585624
tree_nitrogen_froot_sp1,3,0.0033576636143256345,0.0033576636143256345,0.0026411306773236804,0.0008584168355738305
tree_nitrogen_leaf_sp1,3,0.8068000547221054,0.8068000547221054,0.6852678580742044,0.20461473474146563
tree_nitrogen_stem_sp1,3,0.004156201139106169,0.004156201139106169,0.003801050019477292,0.0012177074166893054
tree_root_in_top_30,3,-5.8254133698929,5.8254133698929,3.427363017581857,1.1134690224766126
tree_root_to_shoot_sp1,3,-6.195000526462677,6.195000526462677,4.157304693438729,1.1492866598614895
cy0,4,0.42479673730968165,1.1388148449705444,1.92589965600089,0.46159066913803065
clay,4,-1.049955037479472,1.1002120262328599,1.0727999396739634,0.2982671060937432
temp_ci_delta,4,1.1478669924950107,1.1478669924950107,0.6380392228811872,0.18185024401030808
rain_ci_delta,4,4.100151291347317,4.5014790148033486,5.045010295756278,1.4172571044320945
evap_ci_delta,4,-0.8054710222130785,0.83654616780513,2.324839594602369,0.690954104945523
ef_N_inputs,4,0.6712208926944727,0.8890360453259902,0.9928068199489222,0.25053590628835976
volatile_frac_organic_fertiliser,4,-0.01630156757300289,0.01630156757300289,0.00990937829653953,0.0030138450609990563
volatile_frac_synthetic_fertiliser,4,0.2120865563500205,0.2120865563500205,0.1144268907169364,0.035733729260371036
base_sf_qty_scale,4,-0.12171437219275319,0.12171437219275319,0.06001112738604045,0.017457688627474776
proj_lit_qty_scale,4,-0.05133187205330662,0.054635258062377776,0.04296870266158683,0.012828556363461965
base_stand_density_scale,4,0.0,0.0,0.0,0.0
proj_stand_density_scale,4,-10.774098220305497,11.001848514658601,7.294877922507046,2.4959968452701733
tree_wood_dens_sp1,4,-18.56219203814352,18.56219203814352,11.40848826493454,3.4273021715271628
base_cover,4,2.0384355197008377,2.0436234634339097,1.447538569970013,0.4046463858174419
base_fire_off,4,-0.07567880067863847,0.07567880067863847,0.14689869148455845,0.04839404300400008
base_fire_on,4,-0.35951972265654997,0.35951972265654997,0.5032519240556864,0.17180917541333535
base_sf_n_delta,4,-0.012054012840149907,0.012054012840149907,0.005283568101079618,0.0016692262153266866
crop_base_left_delta,4,0.8565503502432511,0.857212870043252,0.48960976953770324,0.14476935484300152
crop_base_yield_delta,4,0.5540640095727717,0.5540640095727717,0.3601138528620345,0.11139229328101596
crop_carbon_above_sp3,4,0.03716270300636311,0.07320410155464245,0.09069210651422749,0.018751679997805054
crop_carbon_below_sp3,4,0.06704812467133242,0.09891916766450413,0.14896835122676758,0.03913753851439167
crop_intercept_sp3,4,0.020324562565214133,0.06960487317650599,0.09687788762471097,0.021491291006544875
crop_nitrogen_above_sp3,4,-0.017457450696144794,0.05111760481863918,0.08621265591420856,0.019159185151934592
crop_nitrogen_below_sp3,4,-0.025458862502681756,0.025458862502681756,0.023336280632616058,0.007674835835084625
crop_carbon_above_sp10,4,0.01631545583088952,0.12939197711383751,0.1767519659264611,0.03412292153835541
crop_carbon_below_sp10,4,-0.003689919294479485,0.05501306090634604,0.07249481351342087,0.013745869673980678
crop_intercept_sp10,4,-0.0053199763760249374,0.08099382934316114,0.10680879570431337,0.018912066713529387
crop_nitrogen_above_sp10,4,-0.0030397809687651824,0.027174888300816002,0.04210209628446479,0.009131273605211397
crop_nitrogen_below_sp10,4,-0.002983332548630424,0.012934676353156349,0.022034187978978496,0.005081015820978837
crop_proj_left_delta,4,-0.6425307536864011,0.6483480602065328,0.4265292012359875,0.13496912011284712
crop_proj_yield_delta,4,-0.487369456545473,0.4922209792152709,0.4017752752384825,0.1217393178977055
crop_root_in_top_30,4,0.047761721247263515,0.08028413030043202,0.11615758482964995,0.02972856648921906
crop_root_to_shoot_sp3,4,0.08678587834306012,0.10145446678537237,0.11685793352645928,0.03325819850287334
crop_slope_sp3,4,0.018640010389644406,0.07267686245018734,0.09539560252791059,0.019231719344269833
crop_root_to_shoot_sp10,4,0.0093302019184049,0.0713683223517562,0.09924812159689055,0.020508457345519832
crop_slope_sp10,4,0.04945829852114394,0.18595286562544183,0.24667964269296502,0.05214977598322109
cy0_to_ceq_multiplier,4,0.23864395611283035,0.33756391406473935,0.735322759402917,0.1873173485051994
litter_carbon,4,-0.015002229662942757,0.015002229662942757,0.006442043948315165,0.001785459350103337
litter_nitrogen,4,0.013982065601876661,0.013982065601876661,0.007232994521154471,0.002439985892410309
mortality_fraction_branch_delta,4,-0.1742760497698577,0.17449347009253338,0.13274410914937712,0.03741911898246018
mortality_fraction_croot_delta,4,-0.07552219012884667,0.07552219012884667,0.07705725477207367,0.02213445660127067
mortality_fraction_froot_delta,4,-0.04530446404703753,0.04530446404703753,0.035284324921581574,0.011056248298131968
mortality_fraction_leaf_delta,4,-0.0460334436978157,0.0460334436978157,0.032476647211271185,0.009954661869612209
mortality_fraction_stem_delta,4,-0.32007749011786457,0.32007749011786457,0.2442975547764234,0.07885295715724987
pool_alloc_froot_sp1,4,-2.16404882229966,2.16404882229966,1.3848623641425124,0.4447971377512638
pool_alloc_leaf_sp1,4,-2.3187113972252527,2.3311481722786866,1.525865929930734,0.4571940604037939
pool_alloc_stem_sp1,4,-0.3642456274951711,0.3642456274951711,0.42518397722718737,0.11777496946987875
pool_turnover_branch_sp1,4,0.842296701828025,0.842296701828025,0.3924261190732393,0.12620144782592277
pool_turnover_croot_sp1,4,-3.7784482108233446,3.7784482108233446,3.1856407336938255,0.9518684625450725
pool_turnover_froot_sp1,4,-1.9334625289120022,1.9334625289120022,1.1701187471871997,0.33656845986177597
pool_turnover_leaf_sp1,4,-1.0574775075362297,1.0699368633764088,0.7195489189481803,0.2034141311312088
pool_turnover_stem_sp1,4,0.22386128245821366,0.22386128245821366,0.09803347178340092,0.026913100684365015
proj_cover,4,-8.373452627298601,8.373452627298601,4.692213458801581,1.417421939642038
proj_fire_off,4,0.12581089608435267,0.12581089608435267,0.17303529712486115,0.05473120574075827
proj_fire_on,4,4.818730384040699,4.818730384040699,6.185084470140604,1.8555143846693705
proj_mortality,4,4.387554512457201,4.387554512457201,2.3170330087301036,0.7110556028354509
proj_thinning_delta,4,18.400338345911724,18.400338345911724,13.124351026819586,3.630209647609413
roth_c_cover_c,4,0.6006169477105832,0.9258309433047881,1.039261415962036,0.26190628418455447
roth_c_dpm_frac_crop,4,-0.03857626985934572,0.12556381840850414,0.19432558507053582,0.05121498715260153
roth_c_dpm_frac_tree,4,5.0664070955812575,5.0664070955812575,3.195795120068205,0.9392068979362085
roth_c_moisture_b_slope,4,-2.3204395289629014,2.4955400576013664,2.9521052273762995,0.9513360119653345
roth_c_temp_a1,4,0.9102147147215254,0.9102147147215254,0.4711475980055789,0.15274813706533066
roth_c_temp_a2,4,-7.173620575363046,7.173620575363046,3.4244819288711175,1.1136188568611816
thinning_fraction_branch_delta,4,-0.2846303507539816,0.2846303507539816,0.5278497994225223,0.16875255183848056
thinning_fraction_croot_delta,4,-0.10926858160605142,0.10926858160605142,0.16545273157049922,0.04950352442000085
thinning_fraction_froot_delta,4,-0.07172943982362513,0.07172943982362513,0.11815697944267015,0.03444573436494152
thinning_fraction_leaf_delta,4,-0.08398850546815975,0.08398850546815975,0.1545432091123692,0.05019779976859376
thinning_fraction_stem_delta,4,-0.5895906335998579,0.5915696628019017,1.0105215258357152,0.2807543414481714
tree_carbon_sp1,4,-4.456082030503155,4.456082030503155,2.872597342245467,0.8377473483578951
tree_nitrogen_branch_sp1,4,0.04494515405398047,0.04494515405398047,0.03878496496933682,0.012274833945929074
tree_nitrogen_croot_sp1,4,0.13180026908037806,0.13180026908037806,0.13055823792234944,0.041169450575298576
tree_nitrogen_froot_sp1,4,0.0034622518553599157,0.0034622518553599157,0.0027870051523954274,0.0009122495977142551
tree_nitrogen_leaf_sp1,4,0.8258408221152,0.8258408221152,0.7142574777585478,0.21217161172493973
tree_nitrogen_stem_sp1,4,0.0041547467900718334,0.0041547467900718334,0.003704725175473434,0.0011900205292165002
tree_root_in_top_30,4,-4.319389281889496,4.319389281889496,2.698015695150092,0.8403915466459495
tree_root_to_shoot_sp1,4,-4.729149457416001,4.738533139092154,3.3589833214068507,0.9323132898988803
cy0,5,0.41516204079273644,1.044772315768592,1.7854334089660011,0.43360037640746096
clay,5,-1.2133160968148515,1.2308991449682847,1.21400783177145,0.3457516576728031
temp_ci_delta,5,1.2948513391009222,1.2948513391009222,0.7772614074872781,0.24029595304951165
rain_ci_delta,5,5.157346440846595,5.516951786206088,6.280848146600625,1.8199975382493754
evap_ci_delta,5,-0.9931408419899999,1.0194602255746616,3.02026408128374,0.8871075166889347
ef_N_inputs,5,0.7093831237218653,0.923355120892673,1.032672648875178,0.2612897000591049
volatile_frac_organic_fertiliser,5,-0.0163015675730033,0.0163015675730033,0.00990937829653975,0.0030138450609991747
volatile_frac_synthetic_fertiliser,5,0.2120865563500204,0.2120865563500204,0.1144268907169362,0.03573372926037096
base_sf_qty_scale,5,-0.12171437219275286,0.12171437219275286,0.060011127386040156,0.017457688627474686
proj_lit_qty_scale,5,-0.037247206123890875,0.04239891534819966,0.03852180178830637,0.010871475224789567
base_stand_density_scale,5,0.0,0.0,0.0,0.0
proj_stand_density_scale,5,-9.063304166580682,9.351907200084336,7.256473378802867,2.436593094325463
tree_wood_dens_sp1,5,-15.371424147548584,15.431882887665012,11.892509249041646,3.5387482113006143
base_cover,5,1.8252634475690286,1.8262768871192683,1.3518111263007917,0.3812981585395017
base_fire_off,5,-0.0756788006786382,0.0756788006786382,0.1468986914845579,0.0483940430039999
base_fire_on,5,-0.3299294054404244,0.3299294054404244,0.4357463083558894,0.14843930174702252
base_sf_n_delta,5,-0.01205401284015055,0.01205401284015055,0.005283568101081532,0.0016692262153272107
crop_base_left_delta,5,0.7395973333659498,0.7423613625430615,0.444378965304091,0.12888113510621035
crop_base_yield_delta,5,0.45839298064103673,0.45839298064103673,0.32663863544504507,0.10044371327179193
crop_carbon_above_sp3,5,0.0315927703403817,0.06322301706954073,0.07869210257765853,0.01634680337306585
crop_carbon_below_sp3,5,0.05786418478100197,0.08633348161078924,0.12292626896607217,0.031158324544905427
crop_intercept_sp3,5,0.017442480992262078,0.06050694139092507,0.08389392668709458,0.018539789418560774
crop_nitrogen_above_sp3,5,-0.017457450696145026,0.051117604818638085,0.08621265591420676,0.019159185151934106
crop_nitrogen_below_sp3,5,-0.025458862502681524,0.025458862502681524,0.023336280632614975,0.007674835835084104
crop_carbon_above_sp10,5,0.014580044722304578,0.11426385986667427,0.15771678673822523,0.030802153629869183
crop_carbon_below_sp10,5,-0.003715765927007483,0.048899791985020355,0.06466444544766244,0.012237004894666635
crop_intercept_sp10,5,-0.004978667223352456,0.07167715153410156,0.09617237802816077,0.017333681589010955
crop_nitrogen_above_sp10,5,-0.0030397809687638167,0.027174888300815436,0.04210209628446478,0.009131273605211382
crop_nitrogen_below_sp10,5,-0.0029833325486299826,0.01293467635315559,0.022034187978978458,0.005081015820979026
crop_proj_left_delta,5,-0.5600621176852825,0.566625222727579,0.39133489405299726,0.12333126067165204
crop_proj_yield_delta,5,-0.40348449597735475,0.40949725005548787,0.36483714170670817,0.1095076793308361
crop_root_in_top_30,5,0.042011471435122405,0.07150728151839157,0.10948587790091568,0.029015376965611628
crop_root_to_shoot_sp3,5,0.07619921054604573,0.08973074581369198,0.10713246869524493,0.031032224907760017
crop_slope_sp3,5,0.015396626715780681,0.06428711368414845,0.08734374080023762,0.018216965336906064
crop_root_to_shoot_sp10,5,0.007684006945309074,0.062474990513344916,0.08887848252698108,0.01916032801670053
crop_slope_sp10,5,0.040502537660126785,0.16584510930285887,0.22084440786797352,0.04572387746304799
cy0_to_ceq_multiplier,5,0.21431187966998205,0.29782977854814424,0.6241201514741724,0.15954738444352481
litter_carbon,5,-0.012443475787914582,0.012443475787914582,0.005679305236486566,0.0015702634509606793
litter_nitrogen,5,0.013982065601876878,0.013982065601876878,0.007232994521154671,0.0024399858924105265
mortality_fraction_branch_delta,5,-0.13153325098754584,0.13232361456470287,0.10902383068882622,0.028767084335876332
mortality_fraction_croot_delta,5,-0.059390142677247404,0.059390142677247404,0.06137888769371959,0.017451844251424597
mortality_fraction_froot_delta,5,-0.03665098379916093,0.03665098379916093,0.030440240248666255,0.009479165979836028
mortality_fraction_leaf_delta,5,-0.034251375072401,0.034251375072401,0.027747529144124376,0.008649042464379779
mortality_fraction_stem_delta,5,-0.2511989658721212,0.2523289601751487,0.2120994186951808,0.0697122251197331
pool_alloc_froot_sp1,5,-1.7787521123070658,1.7787521123070658,1.2625282829877003,0.3985093329544521
pool_alloc_leaf_sp1,5,-1.747055332288203,1.7912729792284086,1.3043739081388919,0.37691070248506064
pool_alloc_stem_sp1,5,-0.3366045232314191,0.3366045232314191,0.40419015691543486,0.11091516704017272
pool_turnover_branch_sp1,5,1.0620236889860961,1.0620236889860961,0.5102319686873058,0.16244379726232752
pool_turnover_croot_sp1,5,-2.9238365115243603,2.9238365115243603,2.477549124759095,0.7600905446020952
pool_turnover_froot_sp1,5,-1.5197374712576122,1.5197374712576122,1.056561031029656,0.30669122035133806
pool_turnover_leaf_sp1,5,-0.7774295576518847,0.8052255580563429,0.617616205460517,0.1723927154024891
pool_turnover_stem_sp1,5,0.28090614829971877,0.28090614829971877,0.12676721709851094,0.035257340281785815
proj_cover,5,-8.784667471234409,8.784667471234409,4.797315372090728,1.4432234328712803
proj_fire_off,5,0.12581089608435264,0.12581089608435264,0.17303529712486052,0.05473120574075808
proj_fire_on,5,4.280384624532209,4.280384624532209,4.8767029505232795,1.4559860720445663
proj_mortality,5,5.17073601690296,5.17073601690296,2.859464151169843,0.8921912713493546
proj_thinning_delta,5,20.97359320225636,20.97359320225636,14.733736338181496,4.04566263930581
roth_c_cover_c,5,0.7912842227679933,1.056293963016595,1.1688722275815036,0.3241996045202906
roth_c_dpm_frac_crop,5,-0.030326304793901283,0.10794502695139492,0.17701005489376026,0.04716917248607922
roth_c_dpm_frac_tree,5,3.816092485095583,3.816092485095583,2.899186858354786,0.8817975612973036
roth_c_moisture_b_slope,5,-2.782410439736134,2.9342573780024743,3.4820087504904973,1.137423564713416
roth_c_temp_a1,5,1.0062679741372516,1.0062679741372516,0.5240492719537968,0.17313180651585522
roth_c_temp_a2,5,-8.297957160738964,8.297957160738964,4.051053232905624,1.3457479078528927
thinning_fraction_branch_delta,5,-0.21147155204017185,0.21274823763148892,0.41752407910859135,0.13571573991455108
thinning_fraction_croot_delta,5,-0.07972515113081538,0.07972515113081538,0.12163451781475958,0.036841904230895964
thinning_fraction_froot_delta,5,-0.05470918481528577,0.05470918481528577,0.0986225562822042,0.028837713905982564
thinning_fraction_leaf_delta,5,-0.06325064654382609,0.06353786041864655,0.1269364981844029,0.040164620591371145
thinning_fraction_stem_delta,5,-0.4203972792550351,0.4339019831429784,0.7718909711146251,0.21036697195650433
tree_carbon_sp1,5,-3.9128651148851894,3.9291761182324594,2.86723037577935,0.8298144990372359
tree_nitrogen_branch_sp1,5,0.045761014951975466,0.045761014951975466,0.03910405963308288,0.012365103674187484
tree_nitrogen_croot_sp1,5,0.13589657413269793,0.13589657413269793,0.13685947489321232,0.0431277619479797
tree_nitrogen_froot_sp1,5,0.00357398527015379,0.00357398527015379,0.002945685861103436,0.0009703974884972815
tree_nitrogen_leaf_sp1,5,0.8462486439404288,0.8462486439404288,0.7464585403272018,0.22063918582646633
tree_nitrogen_stem_sp1,5,0.004158760391072952,0.004158760391072952,0.0036244462910598363,0.001166960536146642
tree_root_in_top_30,5,-3.499267924412643,3.499267924412643,2.335230248169218,0.7045083972526652
tree_root_to_shoot_sp1,5,-3.931622175083306,3.980095340387723,3.003914887634127,0.8106594357931726
cy0,6,0.39731857293483197,0.9813440753672111,1.6831317043621783,0.4139544350380772
clay,6,-1.2026878615978376,1.2099773968170324,1.2367370223649088,0.3560727357720229
temp_ci_delta,6,1.2441222028408085,1.2441222028408085,0.849297557699301,0.2781535660060007
rain_ci_delta,6,5.40202342557374,5.748723989225447,6.832160282816301,2.0079613984039004
evap_ci_delta,6,-1.064423120299739,1.0900597490719175,3.432761543936049,0.9967432857032003
ef_N_inputs,6,0.6864057044504503,0.9399801690369847,1.0801974007436717,0.2665144532800113
volatile_frac_organic_fertiliser,6,-0.016301567573003446,0.016301567573003446,0.009909378296539952,0.0030138450609991977
volatile_frac_synthetic_fertiliser,6,0.21208655635002094,0.21208655635002094,0.11442689071693618,0.03573372926037095
base_sf_qty_scale,6,-0.12171437219275338,0.12171437219275338,0.06001112738604004,0.017457688627474686
proj_lit_qty_scale,6,-0.02726355303862128,0.034860935751244514,0.03466583895029244,0.008766778531199147
base_stand_density_scale,6,0.0,0.0,0.0,0.0
proj_stand_density_scale,6,-8.033084813472678,8.48030336466103,7.304041520602761,2.359447726652268
tree_wood_dens_sp1,6,-13.346148209845847,13.657892952389634,12.342205260778238,3.5774794784061816
base_cover,6,1.684766896454046,1.6911273325332163,1.26065693620263,0.35455732567139125
base_fire_off,6,-0.07567880067863827,0.07567880067863827,0.14689869148455806,0.04839404300399998
base_fire_on,6,-0.3091667320882359,0.3091667320882359,0.3880957787575699,0.1318888469138016
base_sf_n_delta,6,-0.012054012840149592,0.012054012840149592,0.005283568101080168,0.0016692262153268098
crop_base_left_delta,6,0.6556773638050852,0.6611604511700575,0.40919976387697704,0.11672737905721667
crop_base_yield_delta,6,0.38711861156922256,0.3874448395933643,0.2980129322422212,0.09122255849607548
crop_carbon_above_sp3,6,0.02761211328013493,0.056089005096136214,0.06964332964729426,0.014371254815794314
crop_carbon_below_sp3,6,0.050448859916996214,0.07545242765058335,0.10161178005767069,0.024755501208552372
crop_intercept_sp3,6,0.015522301924580397,0.05409635880024555,0.07473901286954501,0.01638739729593839
crop_nitrogen_above_sp3,6,-0.017457450696145103,0.051117604818637294,0.08621265591420614,0.01915918515193398
crop_nitrogen_below_sp3,6,-0.025458862502681805,0.025458862502681805,0.023336280632615797,0.007674835835084466
crop_carbon_above_sp10,6,0.35597082699183186,0.35597082699183186,0.13848467229786635,0.04486883048256891
crop_carbon_below_sp10,6,0.17305873573588199,0.17305873573588199,0.09129357429735041,0.029958970760793433
crop_intercept_sp10,6,0.27691629812689256,0.27691629812689256,0.12847280002152134,0.04028885780249246
crop_nitrogen_above_sp10,6,-0.045703569131603096,0.045703569131603096,0.02984163700642136,0.008973887083694695
crop_nitrogen_below_sp10,6,-0.023142435699093692,0.023444840719468243,0.029404467166002497,0.008328548589452959
crop_proj_left_delta,6,0.27286183454502544,0.29288106925989627,0.21683437474221273,0.06073747954550665
crop_proj_yield_delta,6,0.43999821694439756,0.45610704297221927,0.32879153561177604,0.09032080104360948
crop_root_in_top_30,6,0.19841106440227238,0.19841106440227238,0.1431624023350988,0.04412216530826663
crop_root_to_shoot_sp3,6,0.06795084740710575,0.08009316468413627,0.09810226777856992,0.02880710631816169
crop_slope_sp3,6,0.01290195431274888,0.057761118809720936,0.08068243951818702,0.017235856809780414
crop_root_to_shoot_sp10,6,0.2820790653797604,0.2820790653797604,0.1426099147022156,0.04855040614001158
crop_slope_sp10,6,0.6115075222114896,0.6115075222114896,0.35230420728571626,0.09309920991998379
cy0_to_ceq_multiplier,6,0.18107614094014107,0.27403101414324066,0.5241489575154588,0.13194283451977235
litter_carbon,6,-0.010652203945474665,0.010652203945474665,0.004992356508927001,0.0013772376751993705
litter_nitrogen,6,0.01398206560187722,0.01398206560187722,0.007232994521153912,0.002439985892410345
mortality_fraction_branch_delta,6,-0.10398850914729243,0.10607367997341802,0.09350637274467774,0.023209466857052236
mortality_fraction_croot_delta,6,-0.049026009859427885,0.049026009859427885,0.05180037528479357,0.014610790152354275
mortality_fraction_froot_delta,6,-0.03107359134098081,0.03107359134098081,0.02738081721322747,0.008495470656515198
mortality_fraction_leaf_delta,6,-0.026583478598888828,0.026876539908687252,0.024342515104410555,0.00751277350185756
mortality_fraction_stem_delta,6,-0.20608182213070253,0.21001905097058557,0.1878476232001196,0.06194310318484216
pool_alloc_froot_sp1,6,-1.524668472849549,1.524668472849549,1.1684364011873631,0.364556084816227
pool_alloc_leaf_sp1,6,-1.3654514083928182,1.4482416581363338,1.1400105911208862,0.313624501276397
pool_alloc_stem_sp1,6,-0.3220944709957997,0.3220944709957997,0.396759486093882,0.10799198803268238
pool_turnover_branch_sp1,6,1.239688422175162,1.239688422175162,0.6242804684547,0.19783471210468803
pool_turnover_croot_sp1,6,-2.3581654134125505,2.3581654134125505,2.0070263874896255,0.6335171459475395
pool_turnover_froot_sp1,6,-1.253033257535152,1.253033257535152,0.9750763354267161,0.28625292488297777
pool_turnover_leaf_sp1,6,-0.5955528026373644,0.6457576039429641,0.5423480018596578,0.14278951221133232
pool_turnover_stem_sp1,6,0.32834071448445135,0.32834071448445135,0.15534029468889735,0.043769351855859354
proj_cover,6,-8.265214357425954,8.265214357425954,4.632423257800913,1.4122135431410157
proj_fire_off,6,0.08966250142734396,0.08966250142734396,0.1345554892863497,0.04568827020844934
proj_fire_on,6,3.5862747432162267,3.5862747432162267,3.5717112375260185,1.051262819195096
proj_mortality,6,5.873675496981376,5.873675496981376,3.4291257098745263,1.0822745041134976
proj_thinning_delta,6,23.028692559963567,23.028692559963567,16.01647556908063,4.370331209495911
roth_c_cover_c,6,0.8381999901281094,1.072099988369225,1.2149609500907514,0.3532376662969252
roth_c_dpm_frac_crop,6,-0.23060669623676908,0.2382001167834189,0.16469781729758723,0.04928518168411541
roth_c_dpm_frac_tree,6,2.9879421062357108,2.9879421062357108,2.610092562416136,0.8104567361564543
roth_c_moisture_b_slope,6,-2.7982685532386258,2.9442607835991046,3.5587467665271673,1.1692725037743361
roth_c_temp_a1,6,0.9613104508348449,0.9613104508348449,0.5700588354664194,0.18932655847454857
roth_c_temp_a2,6,-8.126055262858475,8.126055262858475,4.429889785965361,1.479575882889532
thinning_fraction_branch_delta,6,-0.16036060179188835,0.1630463405052098,0.3334282051963846,0.11044259303911556
thinning_fraction_croot_delta,6,-0.06022086859924075,0.06022086859924075,0.09262461444632765,0.028216321203348205
thinning_fraction_froot_delta,6,-0.042769052358250056,0.042769052358250056,0.08286580059931542,0.024286103334510842
thinning_fraction_leaf_delta,6,-0.04818403488000102,0.04925261680402153,0.10491513127266289,0.03238048091305144
thinning_fraction_stem_delta,6,-0.302880776589528,0.3248411669201108,0.5944852438710484,0.15858630081519298
tree_carbon_sp1,6,-3.5932137071302437,3.6447895585487844,2.8839822890643703,0.8243282761911725
tree_nitrogen_branch_sp1,6,0.04663846635133243,0.04663846635133243,0.03951043302784504,0.01248037156288329
tree_nitrogen_croot_sp1,6,0.14021323567244431,0.14021323567244431,0.1436342646842285,0.04523570449721534
tree_nitrogen_froot_sp1,6,0.0036930597686621407,0.0036930597686621407,0.003117152493421823,0.001032871386580952
tree_nitrogen_leaf_sp1,6,0.8680472652220719,0.8680472652220719,0.7818059823472414,0.23001123435437934
tree_nitrogen_stem_sp1,6,0.004168271153757891,0.004168271153757891,0.0035608393742094474,0.0011486944358894626
tree_root_in_top_30,6,-2.9610112546172678,2.9610112546172678,2.1157059723429956,0.6336557705538949
tree_root_to_shoot_sp1,6,-3.4258238565930954,3.5156654610995774,2.8400510447731513,0.7480095392318847
cy0,7,0.37422197739608365,0.935307544878736,1.5911023069312593,0.39203139080826277
clay,7,-1.244468388861933,1.247328054887496,1.3036648228835273,0.3773490465086444
temp_ci_delta,7,1.1795707622275997,1.1795707622275997,0.8788153103032288,0.30055897782345165
rain_ci_delta,7,5.49377537783407,5.828553089998559,7.183413986571163,2.1265765008310273
evap_ci_delta,7,-1.1221639708611326,1.149378788435966,3.790635033412376,1.0889481777558598
ef_N_inputs,7,0.7297768592203602,0.9780156107467322,1.1307296793671557,0.2812939750685653
volatile_frac_organic_fertiliser,7,-0.016301567573003405,0.016301567573003405,0.009909378296540124,0.0030138450609993967
volatile_frac_synthetic_fertiliser,7,0.21208655635002063,0.21208655635002063,0.11442689071693633,0.03573372926037098
base_sf_qty_scale,7,-0.12171437219275363,0.12171437219275363,0.06001112738604023,0.017457688627474575
proj_lit_qty_scale,7,-0.0199494327790927,0.029394963906063692,0.031450629172124184,0.0072236523784078
base_stand_density_scale,7,0.0,0.0,0.0,0.0
proj_stand_density_scale,7,-5.170587393075046,7.560406443521797,8.455728625318923,2.0901605327343815
tree_wood_dens_sp1,7,-8.24853515868779,11.940856815110248,14.991177408331895,3.670605260579433
base_cover,7,1.5776775949850284,1.5796033994001382,1.175449253298086,0.3346575374520951
base_fire_off,7,-0.07567880067863825,0.07567880067863825,0.1468986914845582,0.04839404300400004
base_fire_on,7,-0.2939651927965509,0.2939651927965509,0.35306903769661324,0.11969163196088407
base_sf_n_delta,7,-0.012054012840149822,0.012054012840149822,0.005283568101080225,0.0016692262153268508
crop_base_left_delta,7,0.5935894578337371,0.6018436312041153,0.3799017019911533,0.10695049539907359
crop_base_yield_delta,7,0.3326721492567991,0.33406457209715124,0.27306123867724597,0.0829802988160334
crop_carbon_above_sp3,7,0.024703094667176313,0.05081051400998482,0.06266531777088698,0.012754398265469157
crop_carbon_below_sp3,7,0.044339341015043394,0.06628154122216734,0.08548713508796806,0.020032772277496093
crop_intercept_sp3,7,0.01410583911137978,0.04903568721951711,0.06789974926170783,0.014873013706871089
crop_nitrogen_above_sp3,7,-0.01745745069614516,0.051117604818637474,0.08621265591420621,0.019159185151934096
crop_nitrogen_below_sp3,7,-0.025458862502681173,0.025458862502681173,0.02333628063261461,0.007674835835084037
crop_carbon_above_sp10,7,0.24907711751509626,0.24907711751509626,0.11524837173962386,0.035298211682735156
crop_carbon_below_sp10,7,0.11903640362713638,0.11903640362713638,0.07310608440022985,0.023596898782945887
crop_intercept_sp10,7,0.18459682334729316,0.18459682334729316,0.1076468404871133,0.03311217808795464
crop_nitrogen_above_sp10,7,-0.04570356913160347,0.04570356913160347,0.029841637006421604,0.00897388708369497
crop_nitrogen_below_sp10,7,-0.023142435699093,0.023444840719467452,0.02940446716600288,0.008328548589452976
crop_proj_left_delta,7,0.07547186388328395,0.13202201544425757,0.1491422587357123,0.03220623765932933
crop_proj_yield_delta,7,0.24426219636609753,0.2740582800056197,0.21240410069661056,0.05166003960074008
crop_root_in_top_30,7,0.14112229052111686,0.14199784463050696,0.12221128873401187,0.03768349869923758
crop_root_to_shoot_sp3,7,0.061315081324990285,0.07213171180617646,0.09005905707557185,0.026725494309190346
crop_slope_sp3,7,0.010898086657495231,0.05260841490217251,0.07505219402664529,0.016312991349362836
crop_root_to_shoot_sp10,7,0.19366641479071353,0.19366641479071353,0.11675767895405238,0.03934230092204579
crop_slope_sp10,7,0.38887848051375784,0.38887848051375784,0.26070838861720763,0.07082546612116572
cy0_to_ceq_multiplier,7,0.1499486294002329,0.24479725391120716,0.442914154173811,0.11075685785477843
litter_carbon,7,-0.009359878735804433,0.009359878735804433,0.004395819533864619,0.0012091760871441384
litter_nitrogen,7,0.013982065601877943,0.013982065601877943,0.007232994521154861,0.0024399858924105547
mortality_fraction_branch_delta,7,-0.08583981730262488,0.08870148246255335,0.08371306163588968,0.019918638062461056
mortality_fraction_croot_delta,7,-0.0422466045344019,0.0422466045344019,0.04593375848636693,0.012863857475443637
mortality_fraction_froot_delta,7,-0.027380189713182422,0.027380189713182422,0.02533506470884686,0.0078529202223146
mortality_fraction_leaf_delta,7,-0.02140928590343497,0.021975184017387347,0.021756850447531256,0.006627105277725688
mortality_fraction_stem_delta,7,-0.17544892410319124,0.1812581728764034,0.17030035864690624,0.05598625570335872
pool_alloc_froot_sp1,7,-1.3296511490156129,1.3296511490156129,1.109712825329027,0.34493505792618573
pool_alloc_leaf_sp1,7,-1.0861985426191492,1.1977998889552819,1.029914635039243,0.27139791798027385
pool_alloc_stem_sp1,7,-0.2622980826935447,0.2705729821561328,0.3936566283286536,0.10359499259847438
pool_turnover_branch_sp1,7,1.2615011792689927,1.2615011792689927,0.7385637906031084,0.23236012411515486
pool_turnover_croot_sp1,7,-2.2769566955192233,2.2769566955192233,1.8924348229297119,0.6110957938236976
pool_turnover_froot_sp1,7,-1.2263173920765738,1.2263173920765738,0.9639667290817114,0.28657893444684995
pool_turnover_leaf_sp1,7,-0.5463646391127185,0.5787250719301635,0.4817447185169597,0.1306995687862565
pool_turnover_stem_sp1,7,0.3398989025561153,0.3398989025561153,0.18363476600484646,0.0521486396438654
proj_cover,7,-7.77181557987373,7.77181557987373,4.540134654336279,1.400367802312723
proj_fire_off,7,0.08966250142734408,0.08966250142734408,0.13455548928635017,0.04568827020844955
proj_fire_on,7,3.475492310306419,3.475492310306419,3.217337561809595,0.9441678993691329
proj_mortality,7,5.991901160278362,5.991901160278362,3.968602549970052,1.2669946899937616
proj_thinning_delta,7,32.978587813380365,32.978587813380365,16.222188174859642,4.318923318754138
roth_c_cover_c,7,0.8832734990581178,1.0948836759718499,1.2797598936913714,0.3817761160406259
roth_c_dpm_frac_crop,7,-0.1866193475883247,0.19032410268351813,0.14946872655558524,0.04946563725784351
roth_c_dpm_frac_tree,7,2.427366509605997,2.432649532978939,2.352916516958739,0.7380368914958654
roth_c_moisture_b_slope,7,-2.725600245805503,2.866949809247002,3.4951806929622964,1.1518488140696668
roth_c_temp_a1,7,0.9152075871735329,0.9152075871735329,0.5921889262106098,0.1969109097939648
roth_c_temp_a2,7,-7.794389877612079,7.794389877612079,4.692807629993741,1.5529621410563181
thinning_fraction_branch_delta,7,-0.12279576884957415,0.12658473380438487,0.26817055664962625,0.09046168095119825
thinning_fraction_croot_delta,7,-0.04698401706869109,0.04698401706869109,0.07302742543086738,0.022227843365721627
thinning_fraction_froot_delta,7,-0.03397544402473432,0.03402919402685627,0.06956682909813186,0.02040449897457368
thinning_fraction_leaf_delta,7,-0.03673705415265212,0.038451504958029716,0.08677288841481413,0.026084398974706526
thinning_fraction_stem_delta,7,-0.21852925365586034,0.2451334322382685,0.4604435635275433,0.12053443570234669
tree_carbon_sp1,7,-2.578136299415264,3.074810530662501,3.025748056953857,0.7625443474745945
tree_nitrogen_branch_sp1,7,0.04757680016211452,0.04757680016211452,0.04000414099175696,0.012620547015089049
tree_nitrogen_croot_sp1,7,0.14475519842324175,0.14475519842324175,0.15088991892837922,0.04749506969356128
tree_nitrogen_froot_sp1,7,0.003819670265554373,0.003819670265554373,0.003301433175764295,0.001099701364195523
tree_nitrogen_leaf_sp1,7,0.8912594308095269,0.8912594308095269,0.8202417262164615,0.2402819016106979
tree_nitrogen_stem_sp1,7,0.004183296918255583,0.004183296918255583,0.0035144418369771483,0.0011353694335787512
tree_root_in_top_30,7,-2.600556038327297,2.600556038327297,1.9871306500829746,0.5995874933484863
tree_root_to_shoot_sp1,7,-2.283307378236772,2.816234077297567,2.791187482024899,0.630738323991435
cy0,8,0.34910268328329275,0.8952269865071351,1.5010498457982673,0.36657617650171925
clay,8,-1.2994690066450254,1.2994690066450254,1.3601489576646848,0.3958501743224396
temp_ci_delta,8,1.1251761530104134,1.1251761530104134,0.8808153708291109,0.30791103722171076
rain_ci_delta,8,5.463803600642047,5.780636612005468,7.337740664179708,2.189210883196713
evap_ci_delta,8,-1.1636328237415317,1.1898821557474104,4.049869838024207,1.1509757600067603
ef_N_inputs,8,0.7776100568691209,1.020565898663887,1.187561559335002,0.2990616162999971
volatile_frac_organic_fertiliser,8,-0.01630156757300285,0.01630156757300285,0.009909378296539133,0.00301384506099913
volatile_frac_synthetic_fertiliser,8,0.21208655635002066,0.21208655635002066,0.11442689071693585,0.035733729260370925
base_sf_qty_scale,8,-0.12171437219275352,0.12171437219275352,0.060011127386039934,0.017457688627474415
proj_lit_qty_scale,8,-0.014426380534083095,0.02579873483815117,0.02884168558097331,0.005874569754230153
base_stand_density_scale,8,0.0,0.0,0.0,0.0
proj_stand_density_scale,8,-7.495575367725979,8.049135635248124,7.323846806459785,2.3039737294878018
tree_wood_dens_sp1,8,-12.070335754657428,12.630933726199588,12.798791701781722,3.605339497087387
base_cover,8,1.4875768286814295,1.4875768286814295,1.0980187037045128,0.31421090655200684
base_fire_off,8,-0.07567880067863841,0.07567880067863841,0.1468986914845586,0.04839404300400014
base_fire_on,8,-0.28239044339002484,0.28239044339002484,0.32642705682470197,0.1103950243749654
base_sf_n_delta,8,-0.012054012840149541,0.012054012840149541,0.005283568101080125,0.001669226215326816
crop_base_left_delta,8,0.5462830275211691,0.5564443977792164,0.354998660580887,0.0989135220717523
crop_base_yield_delta,8,0.290133627674788,0.29351382806765886,0.25133207436905164,0.0755816026817057
crop_carbon_above_sp3,8,0.022532180808252207,0.046841448589781204,0.05720752178194942,0.01142652962604846
crop_carbon_below_sp3,8,0.039267186245029284,0.05867357469684357,0.07426957001841221,0.016926929554893496
crop_intercept_sp3,8,0.012983277908311719,0.045130524482222475,0.06258755721824946,0.013767443524734272
crop_nitrogen_above_sp3,8,-0.01745745069614586,0.05111760481863685,0.08621265591420582,0.019159185151934047
crop_nitrogen_below_sp3,8,-0.025458862502681673,0.025458862502681673,0.023336280632615482,0.007674835835084287
crop_carbon_above_sp10,8,0.20423892291858428,0.20423892291858428,0.10580396840247876,0.031688507721858744
crop_carbon_below_sp10,8,0.09661573553820238,0.09661573553820238,0.06559479784811746,0.02084515080794777
crop_intercept_sp10,8,0.14782103900773635,0.14782103900773635,0.10203721382693343,0.030581851755039868
crop_nitrogen_above_sp10,8,-0.04570356913160324,0.04570356913160324,0.02984163700642175,0.008973887083694983
crop_nitrogen_below_sp10,8,-0.023142435699092682,0.023444840719467203,0.02940446716600299,0.008328548589452945
crop_proj_left_delta,8,0.012991803932677437,0.09112051387739023,0.12526219104247752,0.027815987235033514
crop_proj_yield_delta,8,0.18152632416495856,0.21188030215644868,0.16738962191508758,0.03870252974547327
crop_root_in_top_30,8,0.11673622466026964,0.11801586589654252,0.11329867354968827,0.03474251534335882
crop_root_to_shoot_sp3,8,0.05586004119944247,0.06582092420446453,0.0830486519845686,0.02470036634085092
crop_slope_sp3,8,0.009237339613643524,0.04889367994339194,0.07023300011989468,0.01541217471472127
crop_root_to_shoot_sp10,8,0.15835542374239112,0.15835542374239112,0.10666015378887536,0.03580055366657528
crop_slope_sp10,8,0.29484360438065677,0.29568208533805695,0.22525521793735914,0.06190698449767994
cy0_to_ceq_multiplier,8,0.12343337361241717,0.21547366813158503,0.3778998600650366,0.09442458647140518
litter_carbon,8,-0.00840008068334631,0.00840008068334631,0.0038902369924406245,0.0010663690125016837
litter_nitrogen,8,0.013982065601876236,0.013982065601876236,0.0072329945211542495,0.002439985892410447
mortality_fraction_branch_delta,8,-0.06810210909729644,0.07192182106005161,0.07468367019602364,0.017234047846129696
mortality_fraction_croot_delta,8,-0.03500462482349263,0.03500462482349263,0.040446537637750364,0.01126593567667553
mortality_fraction_froot_delta,8,-0.02343687502116998,0.02343687502116998,0.023385354535978318,0.007288118202548472
mortality_fraction_leaf_delta,8,-0.016079787804067137,0.016996770344374922,0.019926798085782228,0.005939550671458602
mortality_fraction_stem_delta,8,-0.14255737532093768,0.15140157554986228,0.15364389461336392,0.049623305722956645
pool_alloc_froot_sp1,8,-1.220533082909569,1.220533082909569,1.0430155047095793,0.32267201386510175
pool_alloc_leaf_sp1,8,-0.8746738844473793,1.0107110320757957,0.9544443979252535,0.24507532757414022
pool_alloc_stem_sp1,8,-0.32601581972429716,0.32601581972429716,0.4008982573336185,0.1098643171269802
pool_turnover_branch_sp1,8,1.5527124803785508,1.5527124803785508,0.87334346649522,0.27523961971182975
pool_turnover_croot_sp1,8,-1.5923366266039751,1.5923366266039751,1.4191008308990802,0.4725090375043665
pool_turnover_froot_sp1,8,-0.8908190521943326,0.8908190521943326,0.8397331331493303,0.2497753512036366
pool_turnover_leaf_sp1,8,-0.35267318213361765,0.4373603666140277,0.4585203472889078,0.11353651054487056
pool_turnover_stem_sp1,8,0.41074117255257436,0.41074117255257436,0.21287754040211554,0.061485324059080165
proj_cover,8,-7.385520729940401,7.385520729940401,4.481952686684075,1.3893992285526735
proj_fire_off,8,0.08966250142734336,0.08966250142734336,0.13455548928634856,0.045688270208448956
proj_fire_on,8,3.922511984596196,3.922511984596196,3.7419383053425714,1.0997992853116283
proj_mortality,8,7.224164139697971,7.224164139697971,4.681727639101271,1.4950700614760428
proj_thinning_delta,8,24.262925153768585,24.262925153768585,17.973619677332795,4.898113446308001
roth_c_cover_c,8,0.9054299972013101,1.1011810751063327,1.3374496722454388,0.40564931222991557
roth_c_dpm_frac_crop,8,-0.13888850051480944,0.14199641028269858,0.1344157471770218,0.04576797061815225
roth_c_dpm_frac_tree,8,2.291831628388345,2.2969548214792153,2.226737195334063,0.6889784097253776
roth_c_moisture_b_slope,8,-2.6356428562782233,2.7706927360983022,3.4021823404230065,1.1214760706194973
roth_c_temp_a1,8,0.8804641568608856,0.8804641568608856,0.5915264042269172,0.19641967938557764
roth_c_temp_a2,8,-7.50843069609355,7.50843069609355,4.914800166122046,1.6016801459383239
thinning_fraction_branch_delta,8,-0.37121224588280705,0.37336789101391765,0.47066025733806643,0.1473300487560021
thinning_fraction_croot_delta,8,-0.16922922221060238,0.16922922221060238,0.1968232935245492,0.06217837722692893
thinning_fraction_froot_delta,8,-0.09521727761653186,0.09521727761653186,0.12203567469526798,0.03484358751917005
thinning_fraction_leaf_delta,8,-0.11328763427449506,0.11328763427449506,0.15585868820627138,0.048461759354865505
thinning_fraction_stem_delta,8,-0.7073709606187516,0.7234670126920956,0.9164539829792533,0.23590688105637522
tree_carbon_sp1,8,-3.472266593691407,3.53510962350001,3.0039206135233036,0.8588160952788828
tree_nitrogen_branch_sp1,8,0.059809438834453554,0.059809438834453554,0.054987908310818116,0.017645166007205143
tree_nitrogen_croot_sp1,8,0.15191761832214817,0.15191761832214817,0.1600008649928762,0.050489090317449865
tree_nitrogen_froot_sp1,8,0.003926726503318462,0.003926726503318462,0.0034796805034584075,0.0011660256521827718
tree_nitrogen_leaf_sp1,8,0.9053705127767998,0.9053705127767998,0.8519599600652971,0.2478496882242965
tree_nitrogen_stem_sp1,8,0.0054506908546153475,0.0054506908546153475,0.0049543949542137896,0.0015820767584501733
tree_root_in_top_30,8,-2.3569112602670312,2.3569112602670312,1.9024477218995695,0.5805203338159799
tree_root_to_shoot_sp1,8,-3.008942991789519,3.108850832981091,2.7302315971641558,0.7325082652567619
cy0,9,0.32386758067465693,0.8579768770772848,1.4111365243395646,0.33952074330655524
clay,9,-1.2938947612257896,1.2938947612257896,1.386119371414893,0.40071559674374596
temp_ci_delta,9,1.015670476941788,1.015670476941788,0.8588375636413269,0.30514682520126174
rain_ci_delta,9,5.181841497194562,5.486310496100446,7.1739703105186425,2.1411345200964567
evap_ci_delta,9,-1.1699754922725305,1.195684920356889,4.187273663649936,1.1833652415350548
ef_N_inputs,9,0.7844706860524646,1.036206725727515,1.2300591209343075,0.30737984845359917
volatile_frac_organic_fertiliser,9,-0.016301567573002863,0.016301567573002863,0.009909378296539779,0.0030138450609991717
volatile_frac_synthetic_fertiliser,9,0.21208655635002116,0.21208655635002116,0.11442689071693533,0.035733729260370745
base_sf_qty_scale,9,-0.12171437219275341,0.12171437219275341,0.06001112738604004,0.017457688627474537
proj_lit_qty_scale,9,-0.010138928241245933,0.02317087039724796,0.02676416089999215,0.004868255791926501
base_stand_density_scale,9,0.0,0.0,0.0,0.0
proj_stand_density_scale,9,-6.437191424130816,7.684356615548035,7.823564961275849,2.218447092169894
tree_wood_dens_sp1,9,-10.014210297318291,12.00113866163434,14.123323765579483,3.6808729440631702
base_cover,9,1.4073346530162518,1.4073346530162518,1.028499573169102,0.2938249381050222
base_fire_off,9,-0.07567880067863807,0.07567880067863807,0.14689869148455786,0.048394043003999916
base_fire_on,9,-0.27326242406667967,0.27326242406667967,0.3055332913713505,0.10309281849432404
base_sf_n_delta,9,-0.012054012840149595,0.012054012840149595,0.005283568101080616,0.0016692262153269839
crop_base_left_delta,9,0.5092300901903213,0.5208192249720732,0.33378264939346175,0.09215884153463887
crop_base_yield_delta,9,0.25620544325764405,0.26188341045469454,0.2325270111639385,0.06880800479158267
crop_carbon_above_sp3,9,0.020881802579541364,0.043751903053592126,0.05289182345147819,0.010354534092868852
crop_carbon_below_sp3,9,0.03504920196873723,0.052429173707253016,0.06712665704885581,0.015187801461031783
crop_intercept_sp3,9,0.012052959193337192,0.042111790020893006,0.05834248548723526,0.012897861857361423
crop_nitrogen_above_sp3,9,-0.017457450696145092,0.0511176048186381,0.0862126559142088,0.019159185151934745
crop_nitrogen_below_sp3,9,-0.025458862502681888,0.025458862502681888,0.02333628063261559,0.00767483583508441
crop_carbon_above_sp10,9,0.17470051058803274,0.17470051058803274,0.09747741237513301,0.028855873382647574
crop_carbon_below_sp10,9,0.08200859335008923,0.08200859335008923,0.05972734912976572,0.01880547539820081
crop_intercept_sp10,9,0.12316883009390237,0.1231752871797878,0.09630989088708822,0.028335106635452807
crop_nitrogen_above_sp10,9,-0.045703569131603394,0.045703569131603394,0.02984163700642205,0.008973887083695061
crop_nitrogen_below_sp10,9,-0.023142435699092863,0.023444840719467324,0.029404467166002504,0.008328548589453155
crop_proj_left_delta,9,-0.02131729366604821,0.08617801526253713,0.1154866604568939,0.024688848006561577
crop_proj_yield_delta,9,0.14553905194857514,0.17704276105255828,0.14027060127714036,0.029690068196700486
crop_root_in_top_30,9,0.10062257734198794,0.10214213745598015,0.1058953136863385,0.0324567148092496
crop_root_to_shoot_sp3,9,0.05130697191394699,0.060512230522894395,0.07700150059966367,0.022948766183098726
crop_slope_sp3,9,0.007826072720083158,0.04600721632189366,0.06607082646965877,0.014595072571196833
crop_root_to_shoot_sp10,9,0.13495133300606693,0.13495133300606693,0.09779963574195241,0.03287917333890534
crop_slope_sp10,9,0.23370543853539533,0.2369712625362113,0.19747870400919915,0.053497122843023846
cy0_to_ceq_multiplier,9,0.10156855790198527,0.18860394639618916,0.3255565937449932,0.08162445007222849
litter_carbon,9,-0.007667142177898689,0.007667142177898689,0.003468671620808037,0.0009472129322363327
litter_nitrogen,9,0.01398206560187712,0.01398206560187712,0.007232994521154151,0.0024399858924104238
mortality_fraction_branch_delta,9,-0.06172115110596382,0.06556147580875366,0.07233398288327741,0.016690279578767005
mortality_fraction_croot_delta,9,-0.03280156053611334,0.03280156053611334,0.038997772282512055,0.010799535553751712
mortality_fraction_froot_delta,9,-0.022148436642755297,0.02216683097953558,0.02259025361431452,0.00704348575310642
mortality_fraction_leaf_delta,9,-0.014120570879829129,0.015212216134257503,0.018380151364198585,0.005411893036763223
mortality_fraction_stem_delta,9,-0.13128338115227686,0.1400944635898908,0.14637471509590338,0.04678179550558923
pool_alloc_froot_sp1,9,-1.1093972080222008,1.1101889117088715,1.0129578412557292,0.3130463168024689
pool_alloc_leaf_sp1,9,-0.7100752993629532,0.8735817025625658,0.9163133981644564,0.23254232820495624
pool_alloc_stem_sp1,9,-0.3077889808116357,0.31024935225496514,0.42371892794647925,0.11322311482898446
pool_turnover_branch_sp1,9,1.6243833844167,1.6243833844167,0.9933643774082218,0.31200558479583385
pool_turnover_croot_sp1,9,-1.4573255274692998,1.4579444445283367,1.3174736862220278,0.4453940669972771
pool_turnover_froot_sp1,9,-0.826970573597991,0.826970573597991,0.8024597777800401,0.24066422255789752
pool_turnover_leaf_sp1,9,-0.30636511818394274,0.39185499700420456,0.43647617997376453,0.10966605224806279
pool_turnover_stem_sp1,9,0.43570255491162707,0.43570255491162707,0.2423344216802067,0.0704343572926135
proj_cover,9,-6.749483529663908,6.749483529663908,4.31997059998278,1.3383174251223744
proj_fire_off,9,0.08966250142734355,0.08966250142734355,0.13455548928634928,0.04568827020844919
proj_fire_on,9,3.0599621300097555,3.0599621300097555,2.57402187516748,0.7497226505955226
proj_mortality,9,7.645838704868157,7.645838704868157,5.290411237451055,1.7002425978250102
proj_thinning_delta,9,29.022650102986642,29.022650102986642,18.09663609793907,4.8684915686170145
roth_c_cover_c,9,0.8652952590007154,1.0534048437957462,1.3030316673930935,0.39521035810694466
roth_c_dpm_frac_crop,9,-0.106040498675452,0.10869887924866521,0.12013351377668813,0.04157416725129269
roth_c_dpm_frac_tree,9,1.5607021005592472,1.748964926734087,1.9781409413849376,0.5659436680110531
roth_c_moisture_b_slope,9,-2.4481857201279826,2.5786911242636803,3.171963178680748,1.0513100997833829
roth_c_temp_a1,9,0.8083562901306788,0.8083562901306788,0.5785652508566801,0.1914176610694405
roth_c_temp_a2,9,-6.870974524813496,6.870974524813496,4.860859275959442,1.5643296573024004
thinning_fraction_branch_delta,9,0.03017461851362454,0.09963571330669821,0.1630205431193421,0.04504945071000314
thinning_fraction_croot_delta,9,0.012634603661698936,0.027702224139252142,0.04173362051783995,0.008956659867669041
thinning_fraction_froot_delta,9,0.001062521175692549,0.02035083525908297,0.042121745586981806,0.01144468130243572
thinning_fraction_leaf_delta,9,0.009408978007195205,0.03226701352134574,0.0573273632447359,0.01403873770204142
thinning_fraction_stem_delta,9,0.08892741057093793,0.1665189950235439,0.26198595423713805,0.06158290477043184
tree_carbon_sp1,9,-3.081147798669315,3.2987930694352725,3.0284329339056146,0.8283021440632411
tree_nitrogen_branch_sp1,9,0.04844852399960397,0.04844852399960397,0.040083808975031936,0.012579195540373529
tree_nitrogen_croot_sp1,9,0.15093557257584428,0.15093557257584428,0.16401041465790817,0.051475389142539525
tree_nitrogen_froot_sp1,9,0.004020009687066789,0.004020009687066789,0.003657258843414649,0.0012351082079923342
tree_nitrogen_leaf_sp1,9,0.9211687331460287,0.9211687331460287,0.8887235170573117,0.2576170262955235
tree_nitrogen_stem_sp1,9,0.004100936646132478,0.004100936646132478,0.0033457038395974083,0.0010821581950412268
tree_root_in_top_30,9,-2.040264446557783,2.042339364302953,1.8814406922251727,0.5852970302305123
tree_root_to_shoot_sp1,9,-2.5707234716815437,2.836518061409479,2.811580520492554,0.7429951777007703
cy0,10,0.29941903360065697,0.8183060835333176,1.3217217744927743,0.3134131732525409
clay,10,-1.2953636807522972,1.2953636807522972,1.413803204277064,0.4071441272579635
temp_ci_delta,10,0.9211836902723644,0.9213217556318725,0.8446203212065659,0.3026686261484339
rain_ci_delta,10,4.91816085721143,5.210476939946877,7.021309600777159,2.101791529494252
evap_ci_delta,10,-1.1779799611086457,1.2026414547232291,4.313231789483779,1.211982993053109
ef_N_inputs,10,0.8355543372455404,1.0848527508059764,1.295941201894876,0.326649965662163
volatile_frac_organic_fertiliser,10,-0.0163015675730031,0.0163015675730031,0.00990937829654003,0.0030138450609993746
volatile_frac_synthetic_fertiliser,10,0.21208655635002063,0.21208655635002063,0.11442689071693658,0.0357337292603711
base_sf_qty_scale,10,-0.12171437219275323,0.12171437219275323,0.06001112738604039,0.017457688627474755
proj_lit_qty_scale,10,-0.00672599572540517,0.021398199225373078,0.02513072744312975,0.004129115024344518
base_stand_density_scale,10,0.0,0.0,0.0,0.0
proj_stand_density_scale,10,-4.3873467549238025,7.7815055930335815,8.946446188583025,1.98017284925522
tree_wood_dens_sp1,10,-6.5126438205743495,13.12582133329198,16.55212615785154,3.547254209232992
base_cover,10,1.3337243368086962,1.3337243368086962,0.9660667765291155,0.2749830236888308
base_fire_off,10,-0.07567880067863815,0.07567880067863815,0.1468986914845578,0.048394043003999875
base_fire_on,10,-0.26583916007268643,0.26583916007268643,0.2886801783210587,0.09719709518740988
base_sf_n_delta,10,-0.012054012840149692,0.012054012840149692,0.005283568101080372,0.001669226215326875
crop_base_left_delta,10,0.4794569803218624,0.49219020833327276,0.31574371602125484,0.08642412511935228
crop_base_yield_delta,10,0.22862187244335389,0.2361173424696726,0.21635988589811034,0.06308349334543212
crop_carbon_above_sp3,10,0.019606662794020346,0.041289771073446536,0.049442985985359955,0.009494917193498344
crop_carbon_below_sp3,10,0.031544283742067074,0.04772778292286438,0.06292042964780199,0.014316328861215342
crop_intercept_sp3,10,0.011263038644573283,0.03966526345841857,0.05487704220787424,0.012200798803515118
crop_nitrogen_above_sp3,10,-0.017457450696145384,0.05111760481863757,0.08621265591420735,0.01915918515193432
crop_nitrogen_below_sp3,10,-0.025458862502681666,0.025458862502681666,0.023336280632615253,0.00767483583508417
crop_carbon_above_sp10,10,0.1539278172968441,0.1539278172968441,0.09030711426809183,0.026522739445879084
crop_carbon_below_sp10,10,0.07193238810425054,0.07193238810425054,0.05487197731340333,0.01720156691456583
crop_intercept_sp10,10,0.10553326764806245,0.1059725986139188,0.09089824615237305,0.026242734007656376
crop_nitrogen_above_sp10,10,-0.04570356913160323,0.04570356913160323,0.029841637006421902,0.008973887083695037
crop_nitrogen_below_sp10,10,-0.023142435699092984,0.023444840719467404,0.02940446716600299,0.008328548589453248
crop_proj_left_delta,10,-0.04099464657174996,0.0867118277330707,0.1103712091347753,0.02424068758695167
crop_proj_yield_delta,10,0.1239027237736531,0.1553338675789154,0.12361807593738525,0.024386879704917104
crop_root_in_top_30,10,0.0891289877963596,0.09079552014635674,0.099392416653276,0.030519868874898142
crop_root_to_shoot_sp3,10,0.047461847641708056,0.056020792724077596,0.07180810625281883,0.02144273219197722
crop_slope_sp3,10,0.00660337181098585,0.043630983255288726,0.062450714956272566,0.013835606042986382
crop_root_to_shoot_sp10,10,0.11827335335200435,0.11827335335200435,0.09004667768001344,0.03037830188428671
crop_slope_sp10,10,0.19114306603291223,0.1984509284217139,0.1756837061309991,0.04615838711691783
cy0_to_ceq_multiplier,10,0.0837478293069875,0.16489982025231437,0.2829137905526964,0.07139291788783332
litter_carbon,10,-0.007092544063900997,0.007092544063900997,0.0031209642819152923,0.0008491078572415401
litter_nitrogen,10,0.013982065601877203,0.013982065601877203,0.007232994521154035,0.002439985892410167
mortality_fraction_branch_delta,10,-0.05725750219824072,0.06132129918888703,0.07137670937154246,0.01653710245392478
mortality_fraction_croot_delta,10,-0.031249346445833753,0.031249346445833753,0.03819137297279792,0.010527747013866696
mortality_fraction_froot_delta,10,-0.021196967867301526,0.02123267941588421,0.02210543799908159,0.006900787635827896
mortality_fraction_leaf_delta,10,-0.012592354812169842,0.013929199951506783,0.017305104880512734,0.005010086359691528
mortality_fraction_stem_delta,10,-0.1227662144496724,0.13211704257986473,0.14255462979148506,0.0447682510326907
pool_alloc_froot_sp1,10,-1.0520824838841618,1.0604747839573716,1.0136873839469682,0.31151995472396177
pool_alloc_leaf_sp1,10,-0.617267609738632,0.8016748583364237,0.8952642530698656,0.22297547820204167
pool_alloc_stem_sp1,10,-0.25859517398581444,0.2822104833374423,0.4308749478521665,0.11249638098503607
pool_turnover_branch_sp1,10,1.5652856490260214,1.5652856490260214,1.1374556541944634,0.3548375487565617
pool_turnover_croot_sp1,10,-1.6578213147747072,1.6626322267723825,1.3939429961904142,0.4765245538021186
pool_turnover_froot_sp1,10,-0.9263752934018912,0.9263752934018912,0.8275627295064298,0.25064065944289665
pool_turnover_leaf_sp1,10,-0.3416438211177312,0.3934936968957608,0.4098322182341107,0.10762915392018611
pool_turnover_stem_sp1,10,0.42816695251011055,0.42816695251011055,0.2779086995974328,0.0815457161538398
proj_cover,10,-6.241691685749384,6.241691685749384,4.247718078026953,1.3121599389240484
proj_fire_off,10,0.08966250142734364,0.08966250142734364,0.13455548928634928,0.045688270208449205
proj_fire_on,10,3.1344333847740886,3.1344333847740886,2.63104459536226,0.7647147533582349
proj_mortality,10,7.518734366100835,7.518734366100835,5.915695691569024,1.904726399392346
proj_thinning_delta,10,36.748668633823264,36.748668633823264,17.315378732799616,4.569107747366557
roth_c_cover_c,10,0.846359140345198,1.0303943077636537,1.317852292899249,0.40013694231842467
roth_c_dpm_frac_crop,10,-0.08290237207205567,0.08536225991211414,0.10708940878921258,0.037295234007528065
roth_c_dpm_frac_tree,10,1.381040558296013,1.5440133638246931,1.7671615995574934,0.49539278157057587
roth_c_moisture_b_slope,10,-2.284287997318429,2.409386096381562,2.9773133008779684,0.9903996830450563
roth_c_temp_a1,10,0.7492656490775937,0.7511154188943305,0.5726704533270346,0.18622921393526945
roth_c_temp_a2,10,-6.344591253834858,6.3485906683374145,4.884082596476877,1.542361730329269
thinning_fraction_branch_delta,10,0.002021158757572089,0.06701980567504431,0.13165444049004998,0.03982515237644726
thinning_fraction_croot_delta,10,-0.0005810304217961082,0.01964648766999058,0.032381961815039814,0.006655580593278206
thinning_fraction_froot_delta,10,-0.004518045678569749,0.014605778787618017,0.03468092345540084,0.0094596165193276
thinning_fraction_leaf_delta,10,0.002066520022404117,0.02276129304054476,0.04441598447614876,0.011113242504252092
thinning_fraction_stem_delta,10,0.04385083819799804,0.11560457062058774,0.20049757531358464,0.047308328038000995
tree_carbon_sp1,10,-2.3091941182531874,3.0362604159281243,3.221133669344821,0.7838535738542932
tree_nitrogen_branch_sp1,10,0.04956085531524891,0.04956085531524891,0.040872726989459436,0.01280117684736708
tree_nitrogen_croot_sp1,10,0.15611471192480372,0.15611471192480372,0.17271290566869457,0.054179924683515505
tree_nitrogen_froot_sp1,10,0.004169455710289438,0.004169455710289438,0.003879078526062568,0.0013148431260377427
tree_nitrogen_leaf_sp1,10,0.9485626298530384,0.9485626298530384,0.9356356832304643,0.27041183351277476
tree_nitrogen_stem_sp1,10,0.004133962647041095,0.004133962647041095,0.0033578030472653972,0.0010857462885032819
tree_root_in_top_30,10,-1.9726862692144613,1.974291643807679,1.8860501976488278,0.5918830802545806
tree_root_to_shoot_sp1,10,-1.7582599575012572,2.4716852206109943,2.8476872400253543,0.686160141819523
cy0,11,0.2761126960763305,0.775931861818546,1.2337900846719072,0.28900014084812625
clay,11,-1.3267337663180019,1.3267337663180019,1.4496655088665813,0.4171292746443826
temp_ci_delta,11,0.8805204458837487,0.8806164670117301,0.8286501233092282,0.2972311478230148
rain_ci_delta,11,4.760993938060547,5.034435053455288,6.891687137119631,2.0708884012721858
evap_ci_delta,11,-1.198732965724225,1.221547366054822,4.447748729984623,1.241942417707553
ef_N_inputs,11,0.8906333462581888,1.1398247449698946,1.3665269839594607,0.3474078904693676
volatile_frac_organic_fertiliser,11,-0.016301567573002378,0.016301567573002378,0.009909378296539295,0.0030138450609992666
volatile_frac_synthetic_fertiliser,11,0.21208655635002077,0.21208655635002077,0.114426890716936,0.03573372926037078
base_sf_qty_scale,11,-0.12171437219275316,0.12171437219275316,0.06001112738604039,0.017457688627474557
proj_lit_qty_scale,11,-0.00394675343648668,0.02026675314037826,0.023856425535951364,0.003565042999113795
base_stand_density_scale,11,0.0,0.0,0.0,0.0
proj_stand_density_scale,11,-7.055899798069357,8.037210851027242,7.939867481152526,2.361033907161767
tree_wood_dens_sp1,11,-10.824573779500955,12.427747038205194,14.555311476142528,3.859203926765639
base_cover,11,1.2652050284864758,1.2652050284864758,0.9096778260469738,0.2577032293938829
base_fire_off,11,-0.07567880067863814,0.07567880067863814,0.14689869148455806,0.04839404300400005
base_fire_on,11,-0.2596396219710213,0.2596396219710213,0.2747301374992612,0.09231564383622626
base_sf_n_delta,11,-0.012054012840149963,0.012054012840149963,0.0052835681010806,0.001669226215326987
crop_base_left_delta,11,0.45496817403245204,0.4686670666898022,0.30043318201154523,0.08152924203787197
crop_base_yield_delta,11,0.2057934959307147,0.21516412573044003,0.20254011215016335,0.05804764568163931
crop_carbon_above_sp3,11,0.018606888444129496,0.03928678499277587,0.04665533880263275,0.008807778416329877
crop_carbon_below_sp3,11,0.028636062806955003,0.04617575684127931,0.06052433912374149,0.013463384164678908
crop_intercept_sp3,11,0.010583902442859245,0.03770563028883905,0.052003075715923844,0.011647075123946771
crop_nitrogen_above_sp3,11,-0.017457450696144728,0.05111760481863685,0.0862126559142054,0.01915918515193402
crop_nitrogen_below_sp3,11,-0.025458862502680958,0.025458862502680958,0.023336280632614125,0.007674835835083934
crop_carbon_above_sp10,11,0.13861096518167257,0.13861096518167257,0.0842402522852875,0.02458807899267398
crop_carbon_below_sp10,11,0.06465609808566022,0.06465609808566022,0.050807142618770194,0.015905222163120847
crop_intercept_sp10,11,0.09234243870800064,0.09415303365086561,0.08603569652067947,0.024017889701131858
crop_nitrogen_above_sp10,11,-0.04570356913160349,0.04570356913160349,0.02984163700642213,0.008973887083695195
crop_nitrogen_below_sp10,11,-0.023142435699093755,0.023444840719468195,0.02940446716600259,0.00832854858945311
crop_proj_left_delta,11,-0.052456878900051615,0.08813402660042871,0.10704237769377485,0.024766884200861632
crop_proj_yield_delta,11,0.1107031023580983,0.1420679372970223,0.11339146223166802,0.021338518784879214
crop_root_in_top_30,11,0.08050525037681948,0.08225033243282025,0.09364449627608497,0.028831792849188513
crop_root_to_shoot_sp3,11,0.04418327104721299,0.052260024856717414,0.06735314635739355,0.020120029271312425
crop_slope_sp3,11,0.005525609696441791,0.041569304572976085,0.059283608134506026,0.01316384371616497
crop_root_to_shoot_sp10,11,0.10579418005188856,0.10579418005188856,0.08333489152133246,0.02821777102433448
crop_slope_sp10,11,0.16000763573080307,0.17114535932336722,0.15875219860636675,0.040442644931052825
cy0_to_ceq_multiplier,11,0.06927001475126617,0.14433722177306968,0.24770305765317052,0.06302647291415718
litter_carbon,11,-0.006630859063375188,0.006630859063375188,0.002836244576434163,0.0007691229786615398
litter_nitrogen,11,0.013982065601876602,0.013982065601876602,0.007232994521154184,0.002439985892410305
mortality_fraction_branch_delta,11,-0.04892977341442755,0.05638237849431301,0.06916982392017909,0.015601333836404408
mortality_fraction_croot_delta,11,-0.02756977111072035,0.027733135686092907,0.036407289954920756,0.010008508637508672
mortality_fraction_froot_delta,11,-0.019103810011667288,0.019248957328650385,0.0213985577608323,0.006690902091345317
mortality_fraction_leaf_delta,11,-0.009785275361455676,0.012695983922053183,0.016874743408880656,0.004486863490509526
mortality_fraction_stem_delta,11,-0.10548834867962005,0.11854098424802546,0.13821091094230117,0.04164991874179959
pool_alloc_froot_sp1,11,-1.0352938939573122,1.0401469733042235,0.9958891710143037,0.3084537637759528
pool_alloc_leaf_sp1,11,-0.5340194611531782,0.7658350398459819,0.886483475071661,0.206520844398262
pool_alloc_stem_sp1,11,-0.33956324543464406,0.3401807202807775,0.4571294172867811,0.12500056537900026
pool_turnover_branch_sp1,11,1.920615745146074,1.920615745146074,1.2904889467584177,0.40483055566705684
pool_turnover_croot_sp1,11,-1.171443218209776,1.1793550730913218,1.196096826522657,0.4060629542473752
pool_turnover_froot_sp1,11,-0.6829204957734243,0.6829204957734243,0.7394384733437921,0.22201561731674235
pool_turnover_leaf_sp1,11,-0.2109315196732103,0.3223693884838542,0.42882956450974474,0.10766210822588863
pool_turnover_stem_sp1,11,0.5116106324311283,0.5116106324311283,0.305485160750802,0.09033125630673748
proj_cover,11,-6.01039484900642,6.01039484900642,4.22457083777416,1.2950520814350783
proj_fire_off,11,0.0896625014273441,0.0896625014273441,0.13455548928635008,0.0456882702084495
proj_fire_on,11,3.7031249223515,3.7031249223515,3.3056499294476738,0.9588679283423321
proj_mortality,11,9.10528444290811,9.10528444290811,6.777956840181939,2.1834221918097874
proj_thinning_delta,11,28.819166321257335,28.819166321257335,19.863484656800345,5.341149037483578
roth_c_cover_c,11,0.8444190815530488,1.0265422267495177,1.349510480955237,0.4104925888410976
roth_c_dpm_frac_crop,11,-0.06618444858193104,0.06858260858406429,0.09546071075900028,0.0332590331036286
roth_c_dpm_frac_tree,11,1.5290976033317532,1.5911421614814822,1.7170199203216976,0.5042597112106437
roth_c_moisture_b_slope,11,-2.214760429688547,2.331524564418734,2.868774837085177,0.9540037789687831
roth_c_temp_a1,11,0.7288813736915761,0.7312392430854745,0.5624309000133637,0.18087349725873278
roth_c_temp_a2,11,-6.127975195090189,6.127975195090189,4.9523898050365,1.541021347395047
thinning_fraction_branch_delta,11,-0.26570587900510895,0.26982924940322456,0.31620370563557537,0.09635049361007034
thinning_fraction_croot_delta,11,-0.13280162007811896,0.13280162007811896,0.15292155142573174,0.048638247560155765
thinning_fraction_froot_delta,11,-0.07007532511683125,0.07007532511683125,0.08926363880788432,0.025348392802739466
thinning_fraction_leaf_delta,11,-0.08031538141702449,0.08031538141702449,0.11295687521310813,0.03492967475535781
thinning_fraction_stem_delta,11,-0.4863208697924506,0.5041341084952841,0.6420696876043891,0.16140802574043572
tree_carbon_sp1,11,-3.333396811918548,3.473461540215065,3.2260196679547586,0.9070142536575466
tree_nitrogen_branch_sp1,11,0.061947950195556115,0.061947950195556115,0.0555014814005417,0.017769386102897224
tree_nitrogen_croot_sp1,11,0.16403778860376309,0.16403778860376309,0.18345592947910952,0.05772754498978476
tree_nitrogen_froot_sp1,11,0.004299820066635618,0.004299820066635618,0.004094054548950173,0.0013936460823364286
tree_nitrogen_leaf_sp1,11,0.9669269390889518,0.9669269390889518,0.9750408594411116,0.2803343013919042
tree_nitrogen_stem_sp1,11,0.005414477504226814,0.005414477504226814,0.004963646849716759,0.0015742542580581215
tree_root_in_top_30,11,-1.9244403723092411,1.9254755804548729,1.9007576995589441,0.599783783684111
tree_root_to_shoot_sp1,11,-2.6557479991070476,2.826259393782947,2.9156601167436365,0.8191918993769982
cy0,12,0.25405301859942747,0.7319484551772453,1.1483492913183677,0.26636676215796146
clay,12,-1.293649292513338,1.293649292513338,1.465042405842969,0.4191211548242564
temp_ci_delta,12,0.7923769649395295,0.7928913132403377,0.8143941320280064,0.2913698614713778
rain_ci_delta,12,4.421224738906032,4.683895768555926,6.594938100052467,1.9827260540915683
evap_ci_delta,12,-1.187447152919145,1.210070783492783,4.477041647056152,1.2479345555732382
ef_N_inputs,12,0.8745590184321423,1.1598778567922017,1.4269242602968972,0.35486745497532146
volatile_frac_organic_fertiliser,12,-0.016301567573003148,0.016301567573003148,0.009909378296539767,0.0030138450609992233
volatile_frac_synthetic_fertiliser,12,0.21208655635002036,0.21208655635002036,0.1144268907169364,0.035733729260371036
base_sf_qty_scale,12,-0.12171437219275272,0.12171437219275272,0.06001112738604026,0.017457688627474762
proj_lit_qty_scale,12,-0.001636694503244815,0.019349696979509393,0.02286570520111663,0.003254069654111423
base_stand_density_scale,12,0.0,0.0,0.0,0.0
proj_stand_density_scale,12,-6.344135296721066,7.914818795001102,8.463011887358817,2.3356753834646717
tree_wood_dens_sp1,12,-9.493007609906385,12.63421901725695,15.862687463699043,3.961130505916119
base_cover,12,1.20097634085965,1.20097634085965,0.8584241036857707,0.24191806527781406
base_fire_off,12,-0.07567880067863855,0.07567880067863855,0.14689869148455867,0.04839404300400017
base_fire_on,12,-0.2543426049857881,0.2543426049857881,0.26290910115946764,0.08818111921044867
base_sf_n_delta,12,-0.012054012840150657,0.012054012840150657,0.005283568101080833,0.0016692262153270585
crop_base_left_delta,12,0.43439369019714597,0.44893964985875484,0.2874435328890456,0.07733635205985666
crop_base_yield_delta,12,0.1865843178323461,0.19800585868459436,0.19078275384679533,0.05358697981114724
crop_carbon_above_sp3,12,0.041789545548540294,0.047351157716562765,0.041943896303691545,0.011276356359155916
crop_carbon_below_sp3,12,0.11952514138440748,0.11952514138440748,0.06361356924634932,0.016135771167077134
crop_intercept_sp3,12,0.009996658384171419,0.03605675428242385,0.04959137733801549,0.011210719324842135
crop_nitrogen_above_sp3,12,-0.025566671930544092,0.05184581026803799,0.08460975637830671,0.018409584526638247
crop_nitrogen_below_sp3,12,-0.046528851372775196,0.046528851372775196,0.036695798426134914,0.011912687054919832
crop_carbon_above_sp10,12,0.12689312584865092,0.12689312584865092,0.07912064416241404,0.022975797445015825
crop_carbon_below_sp10,12,0.05919023787541339,0.05919023787541339,0.04739834564256169,0.014840177442544202
crop_intercept_sp10,12,0.08213525225345267,0.08509206034022847,0.08175678152338704,0.02217928308201678
crop_nitrogen_above_sp10,12,-0.04570356913160331,0.04570356913160331,0.029841637006422273,0.008973887083695122
crop_nitrogen_below_sp10,12,-0.023142435699093068,0.023444840719467553,0.02940446716600239,0.008328548589452844
crop_proj_left_delta,12,0.00043798584440201126,0.07266800930400581,0.09273299475016984,0.016828701441181676
crop_proj_yield_delta,12,0.10268935001502974,0.13368771751647957,0.10712082040537628,0.019724186382817505
crop_root_in_top_30,12,0.14834734007471506,0.14834734007471506,0.10058963196813024,0.0310310226791513
crop_root_to_shoot_sp3,12,0.18094303844978507,0.18094303844978507,0.07927598658958769,0.023748481929244614
crop_slope_sp3,12,0.05811451244625744,0.05811451244625744,0.04655101218049741,0.012894762983094917
crop_root_to_shoot_sp10,12,0.09610233386709363,0.09610233386709363,0.07753939727405121,0.026340371720416086
crop_slope_sp10,12,0.13634599340089856,0.15170302205066652,0.145674036077169,0.0355312435595546
cy0_to_ceq_multiplier,12,0.057498364325275456,0.12662399915721076,0.21824194020541957,0.05602366839856877
litter_carbon,12,-0.0062513609465492,0.0062513609465492,0.002604136399220202,0.0007043603219325077
litter_nitrogen,12,0.013982065601876995,0.013982065601876995,0.007232994521154316,0.002439985892410493
mortality_fraction_branch_delta,12,-0.048733727909595806,0.05724354407609857,0.070095016233646,0.015738926256365807
mortality_fraction_croot_delta,12,-0.027692533656187467,0.027862252896699656,0.036754196520688655,0.010048886442774607
mortality_fraction_froot_delta,12,-0.01908174776646313,0.019190875469618826,0.021441386517207294,0.006725629297498322
mortality_fraction_leaf_delta,12,-0.00947640825881962,0.012384332993106775,0.01627599542627189,0.004259218454772813
mortality_fraction_stem_delta,12,-0.1048030973503222,0.11689840023801176,0.13870101083250977,0.041327172605792925
pool_alloc_froot_sp1,12,-0.9911808168622456,1.0037651843487443,1.0101597861802998,0.31056200514567156
pool_alloc_leaf_sp1,12,-0.4623553957245058,0.7395535853348024,0.8954796264588691,0.20017303716213863
pool_alloc_stem_sp1,12,-0.3276278810185082,0.33776853632321713,0.48872826891659255,0.12990409467725544
pool_turnover_branch_sp1,12,1.958347047965138,1.958347047965138,1.4295510116320185,0.4470636956682966
pool_turnover_croot_sp1,12,-1.1690018065774246,1.1794699159277564,1.200166382426761,0.40897730032568197
pool_turnover_froot_sp1,12,-0.6788990764198664,0.6788990764198664,0.7311320078923128,0.2207438179774916
pool_turnover_leaf_sp1,12,-0.20466021806836884,0.31599565790485235,0.4262069370677285,0.10790691076884017
pool_turnover_stem_sp1,12,0.5298505945624467,0.5298505945624467,0.33969268424128535,0.10085593454026577
proj_cover,12,-5.516319230232488,5.516319230232488,4.121850476478588,1.2581091697133606
proj_fire_off,12,0.08362089480234305,0.08362089480234305,0.1271550590767718,0.04342919757719783
proj_fire_on,12,2.9200927401544945,2.9200927401544945,2.519346240068764,0.7364035347127481
proj_mortality,12,9.45598327350142,9.45598327350142,7.463243277470818,2.411349387792642
proj_thinning_delta,12,32.71106207658392,32.71106207658392,19.347130026552918,5.165557955834375
roth_c_cover_c,12,0.7872312978279441,0.9755866091421362,1.2869120731409627,0.38804204108989865
roth_c_dpm_frac_crop,12,-0.09336888379151573,0.09336888379151573,0.08718250987903954,0.030508490017782924
roth_c_dpm_frac_tree,12,1.0208580814243422,1.3548058601829536,1.6238195677517466,0.4092596110499794
roth_c_moisture_b_slope,12,-2.0676599606171537,2.1830810749684106,2.6841573124082885,0.8967361109798799
roth_c_temp_a1,12,0.6728623477612846,0.6761797545717014,0.5671219690075553,0.17834386849453862
roth_c_temp_a2,12,-5.5979167711870845,5.623290212008669,4.820200352055629,1.480743812591511
thinning_fraction_branch_delta,12,0.09455586499660214,0.11328028781990687,0.1382279269678803,0.034731007861540195
thinning_fraction_croot_delta,12,0.03456709641660244,0.0381173834636663,0.049229571139105,0.014830851190163535
thinning_fraction_froot_delta,12,0.016706377816543168,0.020681739663948335,0.02902441570394948,0.00786304856415845
thinning_fraction_leaf_delta,12,0.031001306943170916,0.03477161170203591,0.04709085921522336,0.013086960104289619
thinning_fraction_stem_delta,12,0.2179305004011191,0.2280932073694384,0.2748926522212913,0.07922250988543997
tree_carbon_sp1,12,-3.0504066583432143,3.38017607417533,3.287533318415412,0.8856125999369648
tree_nitrogen_branch_sp1,12,0.050802862779790695,0.050802862779790695,0.041718909645310845,0.012969921365552665
tree_nitrogen_croot_sp1,12,0.16352782342554803,0.16352782342554803,0.18885495072229266,0.05906562275234277
tree_nitrogen_froot_sp1,12,0.004416617294586067,0.004416617294586067,0.004308953674574838,0.0014755942376034907
tree_nitrogen_leaf_sp1,12,0.9870905759397562,0.9870905759397562,1.0196586672737873,0.29252368770450277
tree_nitrogen_stem_sp1,12,0.004096094236189507,0.004096094236189507,0.003325679822005558,0.0010727077625562339
tree_root_in_top_30,12,-1.7515149245887378,1.7785296019385997,1.95345398889906,0.6150307874614653
tree_root_to_shoot_sp1,12,-2.3689009090435698,2.724682077353143,3.0426944198130763,0.8449161312077168
cy0,13,0.23324397479143286,0.6873241529861606,1.0662244736861843,0.24550701716163412
clay,13,-1.2915613199784457,1.2915613199784457,1.4994920841069894,0.4274829484066896
temp_ci_delta,13,0.7317886953669857,0.7371791076979611,0.8235908104953783,0.29098087010903145
rain_ci_delta,13,4.190813243010792,4.443283723434311,6.444766898934865,1.9472862761896292
evap_ci_delta,13,-1.1952884420465946,1.219731525655483,4.564962443218375,1.268662849159525
ef_N_inputs,13,0.9333892886351498,1.2194431829171106,1.5064927495978837,0.3773211228214849
volatile_frac_organic_fertiliser,13,-0.0163015675730024,0.0163015675730024,0.00990937829653905,0.0030138450609991743
volatile_frac_synthetic_fertiliser,13,0.21208655635002033,0.21208655635002033,0.11442689071693639,0.03573372926037101
base_sf_qty_scale,13,-0.12171437219275283,0.12171437219275283,0.06001112738604053,0.017457688627474845
proj_lit_qty_scale,13,0.0003190574839080834,0.018715742713822606,0.022095017657120256,0.0030983216977742587
base_stand_density_scale,13,0.0,0.0,0.0,0.0
proj_stand_density_scale,13,-6.658898832968231,8.146509436792524,8.648455096446328,2.419925056950664
tree_wood_dens_sp1,13,-9.915350060220712,12.957657073560522,16.318369660431035,4.107021320416254
base_cover,13,1.140567552304183,1.140567552304183,0.811621055873414,0.22753287828123792
base_fire_off,13,-0.07567880067863868,0.07567880067863868,0.14689869148455903,0.048394043004000326
base_fire_on,13,-0.24972752323099495,0.24972752323099495,0.2526810567604726,0.08460792634432164
base_sf_n_delta,13,-0.012054012840150296,0.012054012840150296,0.00528356810108126,0.0016692262153272474
crop_base_left_delta,13,0.4167756802592207,0.4320857930229839,0.27641177410345796,0.07373441687000357
crop_base_yield_delta,13,0.1701671923085922,0.18335039944401887,0.18081959627298386,0.04985676515909483
crop_carbon_above_sp3,13,0.03352318547562955,0.041954531064784716,0.04018100373567417,0.009540140265314679
crop_carbon_below_sp3,13,0.08979501717467796,0.09192819995128886,0.05807456762955694,0.013894533589908187
crop_intercept_sp3,13,0.00948809864983768,0.03470222913373665,0.047550250402071385,0.010793660199860064
crop_nitrogen_above_sp3,13,-0.02556667193054467,0.05184581026803623,0.08460975637830521,0.018409584526638198
crop_nitrogen_below_sp3,13,-0.04652885137277471,0.04652885137277471,0.0366957984261356,0.011912687054919881
crop_carbon_above_sp10,13,0.1176542512480467,0.1176542512480467,0.07478375039055613,0.021622621083156525
crop_carbon_below_sp10,13,0.054940064758500794,0.055044308573359915,0.04453694452338522,0.013876093450944746
crop_intercept_sp10,13,0.07401899479823043,0.07849737680302613,0.07802317377006897,0.020358497320130814
crop_nitrogen_above_sp10,13,-0.0457035691316028,0.0457035691316028,0.029841637006422186,0.008973887083694962
crop_nitrogen_below_sp10,13,-0.02314243569909305,0.0234448407194675,0.02940446716600267,0.008328548589453158
crop_proj_left_delta,13,-0.02330521646627,0.07144008474214342,0.09124128125415612,0.018265156120096427
crop_proj_yield_delta,13,0.09796388054308597,0.12820437690522013,0.10326269985890604,0.019000652503897958
crop_root_in_top_30,13,0.11718356037997173,0.11718356037997173,0.09256878005903713,0.028455643955194787
crop_root_to_shoot_sp3,13,0.13298161232875144,0.13298161232875144,0.07351813981113486,0.02233662618632797
crop_slope_sp3,13,0.03613777456580249,0.03957042447834917,0.0469835986551779,0.012267818998090277
crop_root_to_shoot_sp10,13,0.08834623344838025,0.08834623344838025,0.07252743798818256,0.024701377897569772
crop_slope_sp10,13,0.11780144947656108,0.1372156713718909,0.13558337273445945,0.03167465386435103
cy0_to_ceq_multiplier,13,0.04789770655799423,0.11141737956915373,0.19330018527228598,0.0500315469469045
litter_carbon,13,-0.005932860065212325,0.005932860065212325,0.0024153108148725864,0.0006521459838178829
litter_nitrogen,13,0.013982065601876304,0.013982065601876304,0.007232994521153935,0.002439985892410273
mortality_fraction_branch_delta,13,-0.048598307240132824,0.058283485823319825,0.07125391049460145,0.01592938161779323
mortality_fraction_croot_delta,13,-0.027763837500142774,0.028008287247240204,0.03714600910810054,0.010095719181612199
mortality_fraction_froot_delta,13,-0.019035011998799197,0.019136085927507148,0.021614302377669,0.006794278595841441
mortality_fraction_leaf_delta,13,-0.009121430518064291,0.0121496305101535,0.015982120386264044,0.0041028835376265916
mortality_fraction_stem_delta,13,-0.10397133636437136,0.11609609033579196,0.14085291976461617,0.041331733304032434
pool_alloc_froot_sp1,13,-1.0059214589324914,1.0188144636268275,1.031652857407765,0.31911836402385924
pool_alloc_leaf_sp1,13,-0.44627293375395033,0.7306388460294168,0.8928589322413709,0.1973796763984874
pool_alloc_stem_sp1,13,-0.34445519706561345,0.3532179184995983,0.5162259314219181,0.13764871485169697
pool_turnover_branch_sp1,13,2.093655996331623,2.093655996331623,1.5905507667552545,0.4973252111680373
pool_turnover_croot_sp1,13,-1.167873561697642,1.1806164284744884,1.2181167313687313,0.41581189385766787
pool_turnover_froot_sp1,13,-0.6740565815463736,0.6740565815463736,0.7299748648979744,0.22098343242944318
pool_turnover_leaf_sp1,13,-0.19755629803778546,0.31354792574776347,0.430291105604588,0.10911931555557094
pool_turnover_stem_sp1,13,0.5658149650106445,0.5658149650106445,0.3747486799826331,0.11188106796754983
proj_cover,13,-5.191712966432794,5.191712966432794,4.152772793151072,1.2613349815332568
proj_fire_off,13,0.08362089480234411,0.08362089480234411,0.1271550590767731,0.043429197577198396
proj_fire_on,13,3.0646749981727797,3.0646749981727797,2.6526001617971398,0.7725858491993557
proj_mortality,13,10.214548675400373,10.214548675400373,8.28575068533232,2.6789407641220753
proj_thinning_delta,13,33.1546453637251,33.1546453637251,20.06486846228032,5.348318439165576
roth_c_cover_c,13,0.7697382361185212,0.9611611137431236,1.3033039420150876,0.3924830870635652
roth_c_dpm_frac_crop,13,-0.07623985010266933,0.07623985010266933,0.08092267957542956,0.02826010810237061
roth_c_dpm_frac_tree,13,0.9861118552413723,1.2640692297864358,1.5336225376088422,0.3887228379438016
roth_c_moisture_b_slope,13,-1.9733334135557226,2.0871625880898934,2.5784104583367937,0.8622766881129978
roth_c_temp_a1,13,0.6377172108992576,0.6414811855847339,0.584917784039976,0.1801071665400578
roth_c_temp_a2,13,-5.263030553668857,5.326121120749548,4.874735614760705,1.4684484475585229
thinning_fraction_branch_delta,13,0.05383137130636351,0.07171814189233315,0.10085401581217933,0.024989498894490047
thinning_fraction_croot_delta,13,0.01622044367810222,0.021651011502727843,0.030902249438477747,0.008258362374296634
thinning_fraction_froot_delta,13,0.008166171963294343,0.012158360784642807,0.017433026185992875,0.004443474824646102
thinning_fraction_leaf_delta,13,0.01960614357477121,0.023384438608130057,0.030605790127859068,0.00852266908256511
thinning_fraction_stem_delta,13,0.14438567795911855,0.15602832978617745,0.19817638115402778,0.056077204046880234
tree_carbon_sp1,13,-3.1657152085642517,3.483097823452005,3.4009204239766118,0.9217543735595504
tree_nitrogen_branch_sp1,13,0.0520785120335386,0.0520785120335386,0.04280671759868816,0.013274627980691053
tree_nitrogen_croot_sp1,13,0.169358177726019,0.169358177726019,0.19906373769349162,0.06222977142397807
tree_nitrogen_froot_sp1,13,0.004589911537183097,0.004589911537183097,0.004568650967870492,0.0015685652412792503
tree_nitrogen_leaf_sp1,13,1.0186696620597757,1.0186696620597757,1.0743437340895934,0.30769154092925344
tree_nitrogen_stem_sp1,13,0.004146090966257327,0.004146090966257327,0.003392906700901595,0.0010925275674992863
tree_root_in_top_30,13,-1.78175997021811,1.8071744182748202,2.0080339058297065,0.6336528532791819
tree_root_to_shoot_sp1,13,-2.44981714915784,2.7952083073205842,3.1477333180233553,0.8860349618695323
cy0,14,0.21365645562752933,0.6428229140267945,0.9880121866747548,0.22637379677484118
clay,14,-1.301323222296313,1.301323222296313,1.5393101205880293,0.43762292794929836
temp_ci_delta,14,0.6943859622201188,0.706950568470976,0.8252954613378389,0.28695561818515153
rain_ci_delta,14,3.997434310054151,4.244109539473447,6.3119002445746055,1.9151480562269423
evap_ci_delta,14,-1.2033704946490171,1.2276231436413194,4.633326545233903,1.2861933151120641
ef_N_inputs,14,0.9949546686609217,1.2834499282075569,1.590583348100828,0.40086550190358466
volatile_frac_organic_fertiliser,14,-0.016301567573002364,0.016301567573002364,0.009909378296539324,0.0030138450609992233
volatile_frac_synthetic_fertiliser,14,0.21208655635002033,0.21208655635002033,0.1144268907169365,0.035733729260370925
base_sf_qty_scale,14,-0.12171437219275323,0.12171437219275323,0.06001112738604031,0.017457688627474655
proj_lit_qty_scale,14,0.0020023737090967774,0.01833161485365113,0.021492933386890917,0.0030151315700638094
base_stand_density_scale,14,0.0,0.0,0.0,0.0
proj_stand_density_scale,14,-6.915649361545216,8.36487408893721,8.887662981414751,2.5067582145113256
tree_wood_dens_sp1,14,-10.264389293243093,13.330297693608937,16.88489152218551,4.257755609206449
base_cover,14,1.0836576985089195,1.0836576985089195,0.7687812110865143,0.21445250499017643
base_fire_off,14,-0.07567880067863841,0.07567880067863841,0.1468986914845587,0.04839404300400017
base_fire_on,14,-0.24563905436938663,0.24563905436938663,0.2436689561394796,0.08146500651020389
base_sf_n_delta,14,-0.012054012840150096,0.012054012840150096,0.00528356810108038,0.0016692262153268473
crop_base_left_delta,14,0.4014300866048243,0.4174438542546298,0.26702176419025253,0.07063196292505909
crop_base_yield_delta,14,0.15593344242285187,0.17223368251286436,0.1724038289848921,0.04633935169425814
crop_carbon_above_sp3,14,0.02976445814593609,0.03935991688054876,0.03890288682398081,0.008741209239002174
crop_carbon_below_sp3,14,0.07647843460605729,0.08029201356565255,0.054925959573673355,0.012517203685921683
crop_intercept_sp3,14,0.009047155227649421,0.03350045531560207,0.04581103723314075,0.010460404142088797
crop_nitrogen_above_sp3,14,-0.025566671930544415,0.05184581026803677,0.08460975637830581,0.018409584526638115
crop_nitrogen_below_sp3,14,-0.04652885137277464,0.04652885137277464,0.0366957984261347,0.011912687054919685
crop_carbon_above_sp10,14,0.1101827024895438,0.1101827024895438,0.0710866572012982,0.020476809681758478
crop_carbon_below_sp10,14,0.051534698224189844,0.051739579267590485,0.04212846907860388,0.013057832742654298
crop_intercept_sp10,14,0.06741618046173337,0.0732637367564328,0.0747747868910991,0.018811078831214547
crop_nitrogen_above_sp10,14,-0.04570356913160408,0.04570356913160408,0.029841637006421364,0.008973887083694836
crop_nitrogen_below_sp10,14,-0.0231424356990927,0.023444840719467185,0.029404467166002805,0.008328548589453177
crop_proj_left_delta,14,-0.03320015527512638,0.0724809137901531,0.08978169114817607,0.018944455660085544
crop_proj_yield_delta,14,0.09537294779912285,0.12461821945396903,0.10086425915505583,0.01878889671186382
crop_root_in_top_30,14,0.10192928297142931,0.10192928297142931,0.08731418459146922,0.02685866822568593
crop_root_to_shoot_sp3,14,0.11199438910035472,0.11199438910035472,0.06978994769457132,0.021201399285264298
crop_slope_sp3,14,0.026587048975813765,0.03364840084936849,0.04627997541425276,0.01168263435426648
crop_root_to_shoot_sp10,14,0.08198535591987095,0.08198535591987095,0.06817616620409037,0.023264196153132088
crop_slope_sp10,14,0.10288485064886174,0.1265034781532346,0.12777588377672477,0.02850527627520479
cy0_to_ceq_multiplier,14,0.040032455953294285,0.09845199248776569,0.1719805140245647,0.044782647713921014
litter_carbon,14,-0.0056604702174145646,0.0056604702174145646,0.002261682783535827,0.0006101189577791041
litter_nitrogen,14,0.013982065601876412,0.013982065601876412,0.007232994521154146,0.0024399858924104524
mortality_fraction_branch_delta,14,-0.048712254698526004,0.05939359397774548,0.07262821955461544,0.016205835273826477
mortality_fraction_croot_delta,14,-0.02788727639253723,0.02823303658095424,0.03762319880523328,0.01016898323273187
mortality_fraction_froot_delta,14,-0.019037049160246296,0.019142662647942697,0.02190420931828257,0.006896448507763015
mortality_fraction_leaf_delta,14,-0.008813456313125884,0.012030109377888754,0.015889521680696076,0.00400675946717429
mortality_fraction_stem_delta,14,-0.10359699844081742,0.11602692565342718,0.1440705896274625,0.041665902065494434
pool_alloc_froot_sp1,14,-1.021228560525651,1.0360052792894854,1.0616623078816074,0.32988148622117597
pool_alloc_leaf_sp1,14,-0.43087538388828417,0.7317822520197736,0.8984026097974799,0.19538719994293832
pool_alloc_stem_sp1,14,-0.36035108708633423,0.36900632016092605,0.5459421650028646,0.14590501612644247
pool_turnover_branch_sp1,14,2.2245743942052045,2.2245743942052045,1.758313106646023,0.5497218985645614
pool_turnover_croot_sp1,14,-1.1719034224698301,1.1867655107994337,1.2468506949107128,0.42597529136918183
pool_turnover_froot_sp1,14,-0.6718731314251765,0.6718731314251765,0.7356043509216437,0.2229860561501922
pool_turnover_leaf_sp1,14,-0.19186386244358483,0.31353713021101054,0.4382974422513759,0.11121189705490847
pool_turnover_stem_sp1,14,0.6009425772008242,0.6009425772008242,0.41120988294477157,0.12334275145822217
proj_cover,14,-4.977043344062646,4.977043344062646,4.159081674753442,1.2581439575085374
proj_fire_off,14,0.08362089480234348,0.08362089480234348,0.12715505907677235,0.04342919757719809
proj_fire_on,14,3.1594525917857497,3.1594525917857497,2.757898676326867,0.8022703153625499
proj_mortality,14,10.975505591497278,10.975505591497278,9.154365772785077,2.960922906007926
proj_thinning_delta,14,33.895745273317246,33.895745273317246,20.701675072602132,5.513101393092054
roth_c_cover_c,14,0.748226383130145,0.9374341470424493,1.296482456432275,0.39084991185766266
roth_c_dpm_frac_crop,14,-0.06055085781371661,0.06055085781371661,0.07323956996946394,0.025623273965412308
roth_c_dpm_frac_tree,14,0.9933700689412843,1.2270016699405462,1.5125265003956907,0.38920095695568335
roth_c_moisture_b_slope,14,-1.9174056261089674,2.023983354591727,2.5057590819659357,0.839635418347263
roth_c_temp_a1,14,0.6207012992929632,0.6283826151873617,0.5985718549745753,0.1807472682005023
roth_c_temp_a2,14,-5.042987077492242,5.138053187471053,4.863732672647516,1.4499179895736418
thinning_fraction_branch_delta,14,0.03920020346584226,0.0506849068204082,0.08232162265267409,0.02102377327567045
thinning_fraction_croot_delta,14,0.008180127595713297,0.01456780506498985,0.0232038984769975,0.005693515238142227
thinning_fraction_froot_delta,14,0.005001421318262342,0.007877721890851948,0.011026109524837228,0.0027234913036487934
thinning_fraction_leaf_delta,14,0.01587407075291113,0.017815605107416633,0.023181597698654903,0.006700677745400004
thinning_fraction_stem_delta,14,0.11309394695287348,0.11968972576671981,0.16451686015318154,0.04826854319961856
tree_carbon_sp1,14,-3.264390121946608,3.5842205412801817,3.5255218318351162,0.9589737682812607
tree_nitrogen_branch_sp1,14,0.053408117359357465,0.053408117359357465,0.043985012096142966,0.013604882357276945
tree_nitrogen_croot_sp1,14,0.17543042713693435,0.17543042713693435,0.20980842041019734,0.06555958481728238
tree_nitrogen_froot_sp1,14,0.004771714243236124,0.004771714243236124,0.004841924726440983,0.0016663041774304297
tree_nitrogen_leaf_sp1,14,1.0517130571511142,1.0517130571511142,1.1317735513789526,0.3236988859246826
tree_nitrogen_stem_sp1,14,0.004201192189172603,0.004201192189172603,0.003475961837955055,0.0011170816784024783
tree_root_in_top_30,14,-1.8069034463599958,1.8345617626599189,2.076868577019847,0.6562360988937115
tree_root_to_shoot_sp1,14,-2.51373654059061,2.860063859934553,3.259806792638063,0.9274215527899532
cy0,15,0.19525269233781514,0.5990105727656205,0.9141016646795639,0.2089026985226515
clay,15,-1.3158894971808077,1.3158894971808077,1.5850349508840813,0.44962592506081706
temp_ci_delta,15,0.6743603455119885,0.6993987526226251,0.8325944896103107,0.28529586564322407
rain_ci_delta,15,3.8683825829778855,4.111772931480104,6.2529882771792185,1.905868309304483
evap_ci_delta,15,-1.2192236852656406,1.2421262167013993,4.717317438694116,1.3088471109767108
ef_N_inputs,15,1.0592514389847656,1.3514748199227797,1.6791620938444782,0.4254184176992775
volatile_frac_organic_fertiliser,15,-0.016301567573003047,0.016301567573003047,0.0099093782965396,0.003013845060999223
volatile_frac_synthetic_fertiliser,15,0.21208655635002072,0.21208655635002072,0.11442689071693615,0.03573372926037086
base_sf_qty_scale,15,-0.1217143721927526,0.1217143721927526,0.06001112738604034,0.017457688627474693
proj_lit_qty_scale,15,0.003472694933594067,0.018058757369658084,0.02101897985755783,0.002989005230363181
base_stand_density_scale,15,0.0,0.0,0.0,0.0
proj_stand_density_scale,15,-2.611404695545726,8.315047153275993,9.97448481369552,1.8039575872290083
tree_wood_dens_sp1,15,-3.8067428482246854,15.408223185998981,19.17973000447898,3.456144121504828
base_cover,15,1.0299937999084778,1.0299937999084778,0.7295544759030468,0.2025887513055386
base_fire_off,15,-0.07567880067863816,0.07567880067863816,0.14689869148455784,0.048394043003999875
base_fire_on,15,-0.24196506232133994,0.24196506232133994,0.2356031686996244,0.07865816224271503
base_sf_n_delta,15,-0.012054012840149309,0.012054012840149309,0.005283568101080251,0.0016692262153268386
crop_base_left_delta,15,0.3878608283441289,0.4045323006274176,0.25900279716612956,0.06795263404240745
crop_base_yield_delta,15,0.14342650628982476,0.16347799153092385,0.16531450006625287,0.04310508461566582
crop_carbon_above_sp3,15,0.027274187406437223,0.0375486587727914,0.03783823270989843,0.00820894746185535
crop_carbon_below_sp3,15,0.06718818644842815,0.07218622620101575,0.05271678073453779,0.011668881626349744
crop_intercept_sp3,15,0.008664781141408746,0.0324414288925743,0.04432093032071082,0.010191910536728176
crop_nitrogen_above_sp3,15,-0.025566671930544193,0.05184581026803818,0.08460975637830677,0.018409584526638323
crop_nitrogen_below_sp3,15,-0.04652885137277539,0.04652885137277539,0.0366957984261352,0.01191268705491985
crop_carbon_above_sp10,15,0.10400447757746636,0.10400447757746636,0.06791241382223205,0.01949727822651721
crop_carbon_below_sp10,15,0.04873392801225249,0.049050901618598375,0.04009216666870265,0.012351392063408469
crop_intercept_sp10,15,0.06193900718721229,0.06896937561418384,0.07195093772239645,0.017547270308645807
crop_nitrogen_above_sp10,15,-0.04570356913160388,0.04570356913160388,0.02984163700642195,0.008973887083695037
crop_nitrogen_below_sp10,15,-0.023142435699093383,0.02344484071946787,0.02940446716600259,0.008328548589452995
crop_proj_left_delta,15,-0.039160267621733476,0.07342793013328512,0.08863971554653849,0.019399249932730685
crop_proj_yield_delta,15,0.09419252940754731,0.12238713439777396,0.09934630497389993,0.01883198658615953
crop_root_in_top_30,15,0.09135108154474919,0.09158621341599812,0.0827759135758682,0.02543704212804476
crop_root_to_shoot_sp3,15,0.09747483807513255,0.09800346236416488,0.0660767945839384,0.020011689197312544
crop_slope_sp3,15,0.01994989756969991,0.030277280534791257,0.04528985436157739,0.011209175525215163
crop_root_to_shoot_sp10,15,0.07665927561988087,0.07665927561988087,0.0643814256366073,0.02199890717231229
crop_slope_sp10,15,0.09061423638470917,0.11842667791953417,0.12169833405016635,0.02601562888542846
cy0_to_ceq_multiplier,15,0.03355355147955898,0.08727233720434595,0.15362540597485902,0.04017982893666157
litter_carbon,15,-0.005423548642365844,0.005423548642365844,0.002136424052730957,0.0005762610430131953
litter_nitrogen,15,0.01398206560187697,0.01398206560187697,0.007232994521153517,0.0024399858924100152
mortality_fraction_branch_delta,15,-0.049047965497156995,0.0605610375607142,0.07414688873315269,0.01653989283313938
mortality_fraction_croot_delta,15,-0.028072188239785422,0.028590428273483202,0.03817763866087428,0.010248864937713768
mortality_fraction_froot_delta,15,-0.019092855912838713,0.019208569884012983,0.022284187726899683,0.007025125128352653
mortality_fraction_leaf_delta,15,-0.008560116749946617,0.012038945013844355,0.01593494746710196,0.003951937012714887
mortality_fraction_stem_delta,15,-0.1036991893385452,0.11669305648365771,0.14800422246306608,0.04222841423389247
pool_alloc_froot_sp1,15,-0.9809045877490068,1.0207040666983693,1.103099173875642,0.3370787328070643
pool_alloc_leaf_sp1,15,-0.39648328166757907,0.7511790480443616,0.9164690758441125,0.18971668768188588
pool_alloc_stem_sp1,15,-0.22580718922600615,0.2993253057762373,0.5220296938733484,0.13659067020530535
pool_turnover_branch_sp1,15,1.7438313165114128,1.8090448908974213,1.8874927771559418,0.5684132821997463
pool_turnover_croot_sp1,15,-1.8269176404119136,1.8438019394164045,1.6018282649066784,0.545517374924998
pool_turnover_froot_sp1,15,-0.9830591388349251,0.9830591388349251,0.9320401924668978,0.28344775494815905
pool_turnover_leaf_sp1,15,-0.33866241040759093,0.3853811438942215,0.4726439304912611,0.1269643732572225
pool_turnover_stem_sp1,15,0.4909567063393199,0.5058924248828056,0.44631138945118015,0.12927360831152748
proj_cover,15,-4.844993896441581,4.844993896441581,4.198540495432798,1.266279991022704
proj_fire_off,15,0.0836208948023437,0.0836208948023437,0.12715505907677213,0.04342919757719801
proj_fire_on,15,3.239085357667199,3.239085357667199,2.8547321656241507,0.8310452828967752
proj_mortality,15,9.030500167108668,9.206521941218586,9.39532067706481,2.9674006925578715
proj_thinning_delta,15,39.44846427663614,39.44846427663614,18.5133280105106,5.30775944060106
roth_c_cover_c,15,0.7352624504123566,0.9192000237619334,1.2958521939739442,0.39255861703981415
roth_c_dpm_frac_crop,15,-0.04916937607488825,0.04916937607488825,0.06595872685039561,0.023096565859178422
roth_c_dpm_frac_tree,15,0.9982918066217377,1.207702245277357,1.52557919100078,0.39755616756851536
roth_c_moisture_b_slope,15,-1.9005908574369728,1.9993085672026047,2.4781299964252756,0.8301187621310933
roth_c_temp_a1,15,0.6156508767531614,0.6285356345316688,0.6157722714685586,0.18344227336214597
roth_c_temp_a2,15,-4.933147730025673,5.038407075501195,4.889387849017642,1.4529663414470326
thinning_fraction_branch_delta,15,0.032243930434599034,0.03937262373265606,0.07132024240107965,0.018538268479726044
thinning_fraction_croot_delta,15,0.0034370908221566633,0.01128579811201733,0.020151610924845065,0.0048065436951267556
thinning_fraction_froot_delta,15,0.003387112613987442,0.005591649255068265,0.008309092647821335,0.002053471796863273
thinning_fraction_leaf_delta,15,0.014004829885955439,0.014313074304566808,0.019225730872983293,0.005738963587901763
thinning_fraction_stem_delta,15,0.09458494014712981,0.09845676454168421,0.14752948209579833,0.044479208776812225
tree_carbon_sp1,15,-1.6676974428367515,3.2021746869333483,3.7210656894220353,0.7636880127820305
tree_nitrogen_branch_sp1,15,0.05479039103667001,0.05479039103667001,0.04525404642574838,0.013960775397886488
tree_nitrogen_croot_sp1,15,0.1817449385190068,0.1817449385190068,0.22109792196315212,0.06905760013571399
tree_nitrogen_froot_sp1,15,0.004962119995790404,0.004962119995790404,0.005128999203224461,0.0017689019226199017
tree_nitrogen_leaf_sp1,15,1.086217183357959,1.086217183357959,1.1919390907423906,0.34054584115319775
tree_nitrogen_stem_sp1,15,0.004261327146570054,0.004261327146570054,0.0035742029388654,0.0011462267587655298
tree_root_in_top_30,15,-1.8348733174209115,1.86622530842977,2.157830355272939,0.6827159267950973
tree_root_to_shoot_sp1,15,-0.9496323948552101,2.448785124922362,3.103539821153157,0.6523925774303919
cy0,16,0.17799223577211748,0.5562894691747002,0.8447161958840819,0.19302139338234373
clay,16,-1.3876140857648245,1.3876140857648245,1.6693147681846343,0.472552924615785
temp_ci_delta,16,0.7210427449771523,0.7380969115385092,0.8480549869265093,0.29245777875555296
rain_ci_delta,16,3.981777141731784,4.218877351243475,6.364906117668962,1.9432622301469344
evap_ci_delta,16,-1.2800893658815231,1.2993387216504497,4.944219075877223,1.3641216600130437
ef_N_inputs,16,1.1274336969681393,1.4255291212668593,1.7721571254469881,0.45136835419856985
volatile_frac_organic_fertiliser,16,-0.016301567573002475,0.016301567573002475,0.009909378296539472,0.0030138450609992736
volatile_frac_synthetic_fertiliser,16,0.2120865563500211,0.2120865563500211,0.11442689071693629,0.03573372926037098
base_sf_qty_scale,16,-0.12171437219275302,0.12171437219275302,0.06001112738604031,0.017457688627474707
proj_lit_qty_scale,16,0.004773922641127135,0.017846434556961697,0.02064195289350552,0.003020435711841204
base_stand_density_scale,16,0.0,0.0,0.0,0.0
proj_stand_density_scale,16,-8.228745428581876,9.145461314976561,9.392396597297282,2.8512845380145913
tree_wood_dens_sp1,16,-12.345091170666336,14.30058857840435,17.778819169925637,4.674234950069798
base_cover,16,0.9793564486567785,0.9793564486567785,0.6936751736792081,0.1918607210346091
base_fire_off,16,-0.07567880067863837,0.07567880067863837,0.14689869148455867,0.04839404300400017
base_fire_on,16,-0.23862306431282793,0.23862306431282793,0.22828839454470476,0.07611873833801283
base_sf_n_delta,16,-0.012054012840149323,0.012054012840149323,0.005283568101080406,0.001669226215327009
crop_base_left_delta,16,0.3757023472385251,0.39299534621047766,0.2521260012076949,0.06563223334345485
crop_base_yield_delta,16,0.132301695521219,0.15582380968760998,0.1593543843227635,0.0403651146871772
crop_carbon_above_sp3,16,0.02551007865991587,0.03615494592226646,0.03689132517680728,0.00782519593287651
crop_carbon_below_sp3,16,0.06039107128186957,0.06619243314662296,0.05097399319452975,0.011092830732881224
crop_intercept_sp3,16,0.00833353708592939,0.03151087427019729,0.04303784175902581,0.009973891454514659
crop_nitrogen_above_sp3,16,-0.025566671930545192,0.0518458102680379,0.0846097563783067,0.018409584526638108
crop_nitrogen_below_sp3,16,-0.04652885137277557,0.04652885137277557,0.03669579842613436,0.011912687054919555
crop_carbon_above_sp10,16,0.09879742324387021,0.09879742324387021,0.06516794225578083,0.01865208699875305
crop_carbon_below_sp10,16,0.046377954334429566,0.0468008698813229,0.03836001676001841,0.011742427206441449
crop_intercept_sp10,16,0.057315894333617314,0.06536596295972116,0.06949513825177515,0.0165062949260806
crop_nitrogen_above_sp10,16,-0.04570356913160369,0.04570356913160369,0.029841637006421604,0.008973887083694858
crop_nitrogen_below_sp10,16,-0.023142435699093248,0.023444840719467737,0.02940446716600298,0.008328548589453227
crop_proj_left_delta,16,-0.0427576264414548,0.07369652759739373,0.08767595234645101,0.01980474093015028
crop_proj_yield_delta,16,0.0939565541849595,0.12114468215881921,0.09836019832286315,0.018991454394610512
crop_root_in_top_30,16,0.0835058995440939,0.08391753481267714,0.07879830316963164,0.024220242808130465
crop_root_to_shoot_sp3,16,0.08682124121506916,0.08791279330509236,0.06276578186156448,0.01896927665392701
crop_slope_sp3,16,0.015065966325347619,0.02871134194976042,0.044205877353606746,0.01079912121814957
crop_root_to_shoot_sp10,16,0.07212052031574716,0.07212052031574716,0.061056447939056964,0.0208810946601595
crop_slope_sp10,16,0.08031672590289506,0.1116981309483219,0.11692701812049179,0.024138353871566282
cy0_to_ceq_multiplier,16,0.028184469565896365,0.07792470081704109,0.13774173975970908,0.03607516066429149
litter_carbon,16,-0.005214358989737189,0.005214358989737189,0.0020338817573096954,0.0005488916312606311
litter_nitrogen,16,0.013982065601877019,0.013982065601877019,0.007232994521154426,0.0024399858924103496
mortality_fraction_branch_delta,16,-0.038275428442469075,0.05711723773935886,0.07022864125577159,0.014644198403882862
mortality_fraction_croot_delta,16,-0.02315578222212398,0.025689665316787902,0.03572431270432872,0.009306228533637727
mortality_fraction_froot_delta,16,-0.01604052125269375,0.016747958127522163,0.02127746863036291,0.006595787847777521
mortality_fraction_leaf_delta,16,-0.004953155379015974,0.011596285209928423,0.015492964747705012,0.0032515945147591607
mortality_fraction_stem_delta,16,-0.08238025433843156,0.10860266138024074,0.1440104346053731,0.03760194301070069
pool_alloc_froot_sp1,16,-1.014044648211253,1.0394643249075035,1.1153843427399879,0.34745435789228485
pool_alloc_leaf_sp1,16,-0.3463681912123862,0.7625447032105914,0.9228430009278786,0.17723898686287315
pool_alloc_stem_sp1,16,-0.410216759248269,0.4123048663103983,0.6093150850904371,0.17112723996944054
pool_turnover_branch_sp1,16,2.6185764944895764,2.6185764944895764,2.1713364655191074,0.6808852228893412
pool_turnover_croot_sp1,16,-0.9238606488345814,0.9640754878909762,1.2819157948494662,0.42295528666243576
pool_turnover_froot_sp1,16,-0.5463749631125582,0.5594661627991275,0.709084637965064,0.21037278266035395
pool_turnover_leaf_sp1,16,-0.11051635957411107,0.2998298024785233,0.4499952745841481,0.1077019946958877
pool_turnover_stem_sp1,16,0.691903229044531,0.691903229044531,0.4893419985102033,0.14829448823652322
proj_cover,16,-5.0676223005106475,5.0676223005106475,4.434449838082871,1.3268587943928125
proj_fire_off,16,0.0836208948023438,0.0836208948023438,0.12715505907677302,0.043429197577198236
proj_fire_on,16,4.326704970118998,4.326704970118998,4.321065675781255,1.227898530618419
proj_mortality,16,13.012307208739738,13.012307208739738,11.296383930688748,3.635547749857032
proj_thinning_delta,16,34.03198714839527,34.03198714839527,24.351726004843595,6.46302844424375
roth_c_cover_c,16,0.7801200836486426,0.9538106675680957,1.405761712966881,0.4349201485501079
roth_c_dpm_frac_crop,16,-0.040691227173927334,0.040691227173927334,0.05935983764468547,0.020783696390093847
roth_c_dpm_frac_tree,16,1.5016471059845553,1.5384328372666922,1.9378686730511534,0.5802415587991527
roth_c_moisture_b_slope,16,-2.0373074083422607,2.12131922327443,2.59094078871558,0.8571380588622913
roth_c_temp_a1,16,0.6610721681232306,0.6724000543041054,0.6325878780748678,0.18989728369421632
roth_c_temp_a2,16,-5.325462208700764,5.385319058135554,5.2680701182393905,1.5731992151750773
thinning_fraction_branch_delta,16,-0.4973717929104822,0.5001261011426374,0.5505822498570603,0.16282383932370062
thinning_fraction_croot_delta,16,-0.25456569400307905,0.25456569400307905,0.2854512834194153,0.09143418896500191
thinning_fraction_froot_delta,16,-0.11912809656338971,0.11912809656338971,0.1607620287440256,0.044139504239459074
thinning_fraction_leaf_delta,16,-0.1536898876480597,0.1536898876480597,0.2214742805853299,0.07066627042731806
thinning_fraction_stem_delta,16,-0.960278271363604,0.9714262600566267,1.3643092488261221,0.4033263913057848
tree_carbon_sp1,16,-3.823546529994477,3.995246338382126,3.925286798802188,1.1110975829402392
tree_nitrogen_branch_sp1,16,0.0813119175878587,0.0813119175878587,0.07591086607247817,0.02401186090759629
tree_nitrogen_croot_sp1,16,0.19478428365162895,0.19478428365162895,0.237894973481139,0.07483243854132271
tree_nitrogen_froot_sp1,16,0.005103852886447008,0.005103852886447008,0.005374202757339582,0.00185878131499708
tree_nitrogen_leaf_sp1,16,1.0992292447883294,1.0992292447883294,1.2257751673390465,0.348797836707545
tree_nitrogen_stem_sp1,16,0.006924610207948717,0.006924610207948717,0.007821557074458209,0.002420543716078376
tree_root_in_top_30,16,-1.8703229924946663,1.8997089707682773,2.2296462265051415,0.7074883312076158
tree_root_to_shoot_sp1,16,-2.8140923487821397,3.0246921543537715,3.452586448516368,1.0292716708701932
cy0,17,0.16183414085337494,0.5149320103849437,0.7799536387451943,0.17865429389621945
clay,17,-1.356635494330265,1.356635494330265,1.7113924404477605,0.48303281320969793
temp_ci_delta,17,0.6633944011213277,0.7035204214286319,0.8502532580435378,0.2868942222533917
rain_ci_delta,17,3.7497504273282862,4.022434746084896,6.323153068705586,1.9322648214625298
evap_ci_delta,17,-1.2786491529418913,1.3053599234489952,4.962858980832082,1.3753767886941164
ef_N_inputs,17,1.112972777826974,1.4389514040286548,1.8241791940732903,0.45612717295351657
volatile_frac_organic_fertiliser,17,-0.016301567573002614,0.016301567573002614,0.00990937829653964,0.0030138450609993343
volatile_frac_synthetic_fertiliser,17,0.21208655635002044,0.21208655635002044,0.11442689071693588,0.03573372926037077
base_sf_qty_scale,17,-0.12171437219275298,0.12171437219275298,0.06001112738604027,0.01745768862747471
proj_lit_qty_scale,17,0.005938987897272881,0.017675491572122982,0.020338145170058518,0.003094158644473361
base_stand_density_scale,17,0.0,0.0,0.0,0.0
proj_stand_density_scale,17,-6.6763396277089955,8.601046431581159,9.672635679760548,2.562760348006701
tree_wood_dens_sp1,17,-9.942160923916745,14.312885594920866,18.966087945318755,4.606549146724888
base_cover,17,0.9315474065711811,0.9315474065711811,0.6609235587482188,0.18219205169920305
base_fire_off,17,-0.07567880067863866,0.07567880067863866,0.14689869148455897,0.04839404300400032
base_fire_on,17,-0.23555126530634057,0.23555126530634057,0.22158093260151898,0.07379583269384347
base_sf_n_delta,17,-0.012054012840149791,0.012054012840149791,0.005283568101080475,0.0016692262153269488
crop_base_left_delta,17,0.36467984199872305,0.3825649601440683,0.24619936967537986,0.0636164877252254
crop_base_yield_delta,17,0.12229452479870354,0.14947823640128338,0.1543516537863038,0.037829872620033025
crop_carbon_above_sp3,17,0.02419522844581341,0.0350695695237546,0.03602787791722484,0.007502463489402067
crop_carbon_below_sp3,17,0.05523942231506453,0.061545524672086335,0.04945679832287208,0.010661569016539038
crop_intercept_sp3,17,0.008045946504423643,0.030726816628879383,0.04192774485748571,0.00977130356996019
crop_nitrogen_above_sp3,17,-0.025566671930545314,0.05184581026803742,0.08460975637830537,0.018409584526637813
crop_nitrogen_below_sp3,17,-0.04652885137277535,0.04652885137277535,0.03669579842613514,0.01191268705491975
crop_carbon_above_sp10,17,0.09433122583979062,0.09433122583979062,0.06277802820468216,0.017916221863379832
crop_carbon_below_sp10,17,0.04435616529180558,0.0448701338425732,0.03687656797515894,0.01121766584919441
crop_intercept_sp10,17,0.05335359557526479,0.0625346330209878,0.06735804950728425,0.015560514875296378
crop_nitrogen_above_sp10,17,-0.04570356913160313,0.04570356913160313,0.029841637006421867,0.00897388708369501
crop_nitrogen_below_sp10,17,-0.023142435699094032,0.023444840719468417,0.029404467166002958,0.008328548589453057
crop_proj_left_delta,17,-0.04484348687615537,0.07360349074732761,0.086832231522265,0.02007834758344235
crop_proj_yield_delta,17,0.09435848585056941,0.12049229255591345,0.0976967226599421,0.01923982756337562
crop_root_in_top_30,17,0.07738900413288521,0.07800037317774418,0.07530532428662048,0.023164595508918095
crop_root_to_shoot_sp3,17,0.07866036135352344,0.0801752054010557,0.05994651232610523,0.018098891360222354
crop_slope_sp3,17,0.011319438868915871,0.02768894207401465,0.043124142174869665,0.010398856154316806
crop_root_to_shoot_sp10,17,0.06819273853870467,0.06819273853870467,0.05812995006172858,0.019890024364542982
crop_slope_sp10,17,0.07151857903328353,0.10619037467586083,0.1131424950030703,0.022646797284689928
cy0_to_ceq_multiplier,17,0.02370490696864483,0.06981584584843234,0.12395493978715515,0.03244244491667929
litter_carbon,17,-0.005027191453690694,0.005027191453690694,0.001949448266046312,0.0005266411387294019
litter_nitrogen,17,0.013982065601876153,0.013982065601876153,0.007232994521154953,0.0024399858924104073
mortality_fraction_branch_delta,17,-0.042421883074670055,0.05902307062259458,0.07255770402172822,0.015665192754282402
mortality_fraction_croot_delta,17,-0.024936276178243958,0.02697596862676165,0.03704085092698061,0.009646123162549335
mortality_fraction_froot_delta,17,-0.017091318101833057,0.01763805687246637,0.021982183279972464,0.006867981564782744
mortality_fraction_leaf_delta,17,-0.005908784014449322,0.011829976620757113,0.015526029567555114,0.003359128984208265
mortality_fraction_stem_delta,17,-0.08975309711223248,0.1119237420596964,0.14889263276086503,0.039511318708817
pool_alloc_froot_sp1,17,-0.9530960341646455,1.0119118277121781,1.1305651984626615,0.3430004830369675
pool_alloc_leaf_sp1,17,-0.29280468620044403,0.7726514268969285,0.9433449388489826,0.17598674827635258
pool_alloc_stem_sp1,17,-0.37478755599789704,0.3944588258930886,0.631099588956432,0.16891136055436076
pool_turnover_branch_sp1,17,2.459770248791645,2.459770248791645,2.247645652918063,0.7019246130331235
pool_turnover_croot_sp1,17,-1.0182804169778845,1.0456662399863723,1.3315692514169761,0.4467475088697504
pool_turnover_froot_sp1,17,-0.5914389646121327,0.5954629870951298,0.7286218640958644,0.21788516224008736
pool_turnover_leaf_sp1,17,-0.1354485877457018,0.3068285266137566,0.4583978483272121,0.11217314860170505
pool_turnover_stem_sp1,17,0.6714394244744252,0.6717767379827781,0.5150721683871995,0.15570482958775564
proj_cover,17,-4.692776255739391,4.692776255739391,4.382304670486072,1.3186304765665138
proj_fire_off,17,0.08362089480234355,0.08362089480234355,0.12715505907677235,0.043429197577198035
proj_fire_on,17,2.8628037365834826,2.9559446320814886,2.8259572314901513,0.8223618272652726
proj_mortality,17,12.664077272212886,12.664077272212886,11.67221708107561,3.7823561845678646
proj_thinning_delta,17,37.14815266953494,37.14815266953494,19.935279249895824,5.345544849919753
roth_c_cover_c,17,0.7186591560044759,0.8915503956076897,1.281891551456653,0.3945821077045969
roth_c_dpm_frac_crop,17,-0.03421264863393509,0.03421264863393509,0.05350293871183487,0.01871606382100299
roth_c_dpm_frac_tree,17,0.6389141556388992,1.2176754933454528,1.631328736209353,0.3579572198380294
roth_c_moisture_b_slope,17,-1.9481551831369426,2.032945608005984,2.508137693759566,0.8359337142053828
roth_c_temp_a1,17,0.62241464192454,0.6419597429409643,0.6587810774716432,0.19415553167346242
roth_c_temp_a2,17,-4.9304722402151215,5.079431060169354,5.032567250265852,1.4989311562201988
thinning_fraction_branch_delta,17,0.21149591665098866,0.21149591665098866,0.2140083515367182,0.06201892650811283
thinning_fraction_croot_delta,17,0.08012444327998183,0.08012444327998183,0.08737903843580701,0.028561514996178476
thinning_fraction_froot_delta,17,0.04217297118626849,0.04217297118626849,0.051922532926258265,0.014697356594524641
thinning_fraction_leaf_delta,17,0.06891557988225322,0.06891557988225322,0.07806351048035359,0.02234181012014646
thinning_fraction_stem_delta,17,0.412272621024995,0.412272621024995,0.45926949722738836,0.13469654613036308
tree_carbon_sp1,17,-3.1987070053794473,3.640238470669138,3.799094737834129,1.0386448657257534
tree_nitrogen_branch_sp1,17,0.05527943779538499,0.05527943779538499,0.046240961602506764,0.014146253680355705
tree_nitrogen_croot_sp1,17,0.18718282753653867,0.18718282753653867,0.23945125377362864,0.07442123333597604
tree_nitrogen_froot_sp1,17,0.005199600303248264,0.005199600303248264,0.0055940412219376975,0.0019437116531358081
tree_nitrogen_leaf_sp1,17,1.1138764525901141,1.1138764525901141,1.2682918000740115,0.3611072757334012
tree_nitrogen_stem_sp1,17,0.004184075934237597,0.004184075934237597,0.003630343443605957,0.0011597654316546548
tree_root_in_top_30,17,-1.6100572446138206,1.759341532369077,2.273731203346025,0.702758667473351
tree_root_to_shoot_sp1,17,-2.3125866236199832,2.86114201265623,3.502211862009621,0.9950874600328439
cy0,18,0.14673521788869798,0.4751148138321343,0.7198243105441785,0.16572393543944788
clay,18,-1.3473917534437387,1.3473917534437387,1.7506931892583775,0.49408401960138865
temp_ci_delta,18,0.6257119906554213,0.6981855020400433,0.889054607576037,0.29253091164993716
rain_ci_delta,18,3.6109891509042833,3.908956275327055,6.41732161758382,1.9732171427867766
evap_ci_delta,18,-1.3018913604644786,1.3367167222017895,5.087983589609923,1.4110919717891777
ef_N_inputs,18,1.1837421600377107,1.5140638940595428,1.9240529140608038,0.4836019792278443
volatile_frac_organic_fertiliser,18,-0.01630156757300259,0.01630156757300259,0.009909378296539385,0.0030138450609992463
volatile_frac_synthetic_fertiliser,18,0.21208655635002072,0.21208655635002072,0.11442689071693639,0.03573372926037095
base_sf_qty_scale,18,-0.12171437219275252,0.12171437219275252,0.06001112738604063,0.017457688627474904
proj_lit_qty_scale,18,0.006992958669061444,0.017598467835716947,0.02008969193151651,0.003177810967695668
base_stand_density_scale,18,0.0,0.0,0.0,0.0
proj_stand_density_scale,18,-7.215987753742679,8.892099001851793,9.922232509876252,2.7177613809968557
tree_wood_dens_sp1,18,-10.767509331417319,14.677654791843215,19.527051549431892,4.854903613142419
base_cover,18,0.8863829800400513,0.8863829800400513,0.6311031644245659,0.1735095005891609
base_fire_off,18,-0.07567880067863819,0.07567880067863819,0.1468986914845579,0.048394043003999944
base_fire_on,18,-0.232702512030587,0.232702512030587,0.21537351701085874,0.0716511575073962
base_sf_n_delta,18,-0.012054012840150374,0.012054012840150374,0.005283568101081266,0.0016692262153272153
crop_base_left_delta,18,0.3545854846552912,0.37303803016950154,0.24106313470386592,0.06185964254136886
crop_base_yield_delta,18,0.11320111424542705,0.14427870397691459,0.15015691550714988,0.03543103739336921
crop_carbon_above_sp3,18,0.02317302294205682,0.034133076527769445,0.035231111015046855,0.007248636707633058
crop_carbon_below_sp3,18,0.05122030963996149,0.05780033713964318,0.0480499316327136,0.010310655337009745
crop_intercept_sp3,18,0.0077959304715220935,0.0300418108936207,0.04096219139950385,0.009596148955181873
crop_nitrogen_above_sp3,18,-0.02556667193054451,0.05184581026803746,0.08460975637830716,0.018409584526638614
crop_nitrogen_below_sp3,18,-0.046528851372775196,0.046528851372775196,0.03669579842613501,0.011912687054919718
crop_carbon_above_sp10,18,0.09044252347979481,0.09044252347979481,0.06068119895807478,0.017269701542146014
crop_carbon_below_sp10,18,0.04259136081049329,0.043185606105864936,0.035596422698585393,0.01076147995852716
crop_intercept_sp10,18,0.049910715433331754,0.060360583024321714,0.065496840361297,0.014669854264401722
crop_nitrogen_above_sp10,18,-0.04570356913160348,0.04570356913160348,0.02984163700642201,0.008973887083695026
crop_nitrogen_below_sp10,18,-0.023142435699093335,0.023444840719467886,0.02940446716600235,0.008328548589452549
crop_proj_left_delta,18,-0.045924357302743454,0.07334396451277174,0.08607437002086034,0.020203958118458844
crop_proj_yield_delta,18,0.09519312146074628,0.12027640883477682,0.09723040374193358,0.01951824396125948
crop_root_in_top_30,18,0.07242851995692795,0.07330041598608036,0.07222879963221833,0.02223032855903482
crop_root_to_shoot_sp3,18,0.07219213231401155,0.07403197985895554,0.05758821430333992,0.017380775953975573
crop_slope_sp3,18,0.008347375551296304,0.027239232954487807,0.04209028089008284,0.009982684526925573
crop_root_to_shoot_sp10,18,0.06474775036526695,0.06474775036526695,0.05554361561159441,0.01900893923316448
crop_slope_sp10,18,0.06387803473125445,0.10145983088272614,0.11010639373332318,0.02152974788822661
cy0_to_ceq_multiplier,18,0.019943103405215917,0.06273429467404956,0.11196738136309783,0.0292329974178996
litter_carbon,18,-0.004857769501013404,0.004857769501013404,0.0018794167102650866,0.0005084132392692592
litter_nitrogen,18,0.013982065601876903,0.013982065601876903,0.007232994521154568,0.0024399858924105122
mortality_fraction_branch_delta,18,-0.04513785231396757,0.060853551767254696,0.07465684886484424,0.016410656341228232
mortality_fraction_croot_delta,18,-0.02611963212507947,0.0279369204319457,0.03812406893314978,0.009919627948743612
mortality_fraction_froot_delta,18,-0.017763809231336452,0.018321729922906222,0.02264222122475615,0.007080018354162443
mortality_fraction_leaf_delta,18,-0.00640298004717523,0.012090719705275069,0.01573281172770764,0.003466296025182141
mortality_fraction_stem_delta,18,-0.09447315954455526,0.1153369534285937,0.15444447236716005,0.04114608151766811
pool_alloc_froot_sp1,18,-1.0093509104437415,1.0555546860708263,1.1790385689634633,0.3629169017209581
pool_alloc_leaf_sp1,18,-0.3262686006442974,0.7815618725393508,0.9476749916976905,0.17770892713501202
pool_alloc_stem_sp1,18,-0.39890124597131316,0.41556963717165046,0.66672729568806,0.17909962891007644
pool_turnover_branch_sp1,18,2.619212407882247,2.619212407882247,2.4325651216317246,0.7601206843663925
pool_turnover_croot_sp1,18,-1.0835418225955376,1.1082981224138984,1.388396972435556,0.46816255230257137
pool_turnover_froot_sp1,18,-0.6204952699707909,0.6219617856476392,0.7508023749381815,0.22525933824794778
pool_turnover_leaf_sp1,18,-0.1490445628392133,0.31549947829501096,0.4725609547758113,0.11661786045022804
pool_turnover_stem_sp1,18,0.7112311398254327,0.7117039959063749,0.5540274792279667,0.1679326480380661
proj_cover,18,-4.4651701363087195,4.482145436728036,4.553041212448492,1.3673122672396978
proj_fire_off,18,0.08362089480234378,0.08362089480234378,0.12715505907677277,0.04342919757719823
proj_fire_on,18,3.115073019032174,3.161077276024585,2.976197783226587,0.8697991170245478
proj_mortality,18,13.66524254287123,13.66524254287123,12.711977508264203,4.118932190667911
proj_thinning_delta,18,37.5099839732405,37.5099839732405,20.992388732749077,5.601580656161281
roth_c_cover_c,18,0.7190765283719107,0.8919097575856071,1.3449962046186332,0.41684508426459843
roth_c_dpm_frac_crop,18,-0.029151270453092164,0.02925604317618406,0.04835214302860417,0.01684949608440995
roth_c_dpm_frac_tree,18,0.6905013524082265,1.1839390576199893,1.6168932624247905,0.3733371451610806
roth_c_moisture_b_slope,18,-1.8883416820295267,1.976071177685008,2.505307602066766,0.8350109085888355
roth_c_temp_a1,18,0.6000803318242747,0.6337203518609785,0.6977189289016583,0.20157650242779437
roth_c_temp_a2,18,-4.70578625262445,4.965956804323414,5.1991875996792105,1.5312657264155154
thinning_fraction_branch_delta,18,0.12891049409510696,0.12891049409510696,0.13824481512642664,0.039102441992624186
thinning_fraction_croot_delta,18,0.044639013354969115,0.044639013354969115,0.05104872364318764,0.01674123453735329
thinning_fraction_froot_delta,18,0.025275989996703864,0.025275989996703864,0.028713798076650674,0.008010544090734813
thinning_fraction_leaf_delta,18,0.044056808233335146,0.044056808233335146,0.047656052405233185,0.014285446881830371
thinning_fraction_stem_delta,18,0.27331941033541163,0.27331941033541163,0.3104465185238545,0.08963630108622193
tree_carbon_sp1,18,-3.402634675066327,3.803186515599336,3.9492521518276824,1.091273971281538
tree_nitrogen_branch_sp1,18,0.05678088584537698,0.05678088584537698,0.04780503459819172,0.014586731543306463
tree_nitrogen_croot_sp1,18,0.1940271741679438,0.1940271741679438,0.25228050893836024,0.07837632491104772
tree_nitrogen_froot_sp1,18,0.005412077386304698,0.005412077386304698,0.005916403888774375,0.0020587298287529595
tree_nitrogen_leaf_sp1,18,1.1517595799080618,1.1517595799080618,1.3341248905166114,0.3797812561267344
tree_nitrogen_stem_sp1,18,0.004258810197573598,0.004258810197573598,0.0037695603332427202,0.0012018354748453653
tree_root_in_top_30,18,-1.7278439314476575,1.8582775663597502,2.3692991631736957,0.7349141899388301
tree_root_to_shoot_sp1,18,-2.478200531417221,2.9545231425210874,3.630773419983095,1.051790913611881
cy0,19,0.13265094470490077,0.4369408217913907,0.6642774382595589,0.1541516626625711
clay,19,-1.3574987732775698,1.3574987732775698,1.800874058168964,0.5083398131261634
temp_ci_delta,19,0.6147160892108445,0.7008269158483506,0.906140390573498,0.2947247901718596
rain_ci_delta,19,3.5189400752470616,3.829670094817825,6.533410315111891,2.0193618634224313
evap_ci_delta,19,-1.3229401228481856,1.3614354800692294,5.18465754409133,1.4426147286652453
ef_N_inputs,19,1.2570435507318427,1.5921290044981105,2.028163655827742,0.5121902288314453
volatile_frac_organic_fertiliser,19,-0.016301567573002457,0.016301567573002457,0.00990937829653967,0.0030138450609992606
volatile_frac_synthetic_fertiliser,19,0.21208655635002116,0.21208655635002116,0.1144268907169358,0.03573372926037088
base_sf_qty_scale,19,-0.12171437219275272,0.12171437219275272,0.06001112738604018,0.01745768862747484
proj_lit_qty_scale,19,0.00795513675502496,0.01770727848545576,0.019883260660403548,0.0032259653991891747
base_stand_density_scale,19,0.0,0.0,0.0,0.0
proj_stand_density_scale,19,-7.600461402363306,9.163428000666324,10.218061805717358,2.845507698286395
tree_wood_dens_sp1,19,-11.372682329459426,15.075614650271632,20.193405251196058,5.079633665186001
base_cover,19,0.8436903161173298,0.8436903161173298,0.6040231182084277,0.1657396092755686
base_fire_off,19,-0.07567880067863815,0.07567880067863815,0.14689869148455775,0.04839404300399985
base_fire_on,19,-0.23004043655733933,0.23004043655733933,0.2095849888792931,0.06965554992144041
base_sf_n_delta,19,-0.01205401284015005,0.01205401284015005,0.005283568101079738,0.0016692262153267332
crop_base_left_delta,19,0.3452591278769791,0.36425788029170486,0.23658402844764956,0.060322545334834186
crop_base_yield_delta,19,0.10486222826321387,0.13965593384036581,0.14664081197005427,0.033357071142746955
crop_carbon_above_sp3,19,0.022348969688707428,0.03329692964957783,0.03449055971204911,0.007043561950754425
crop_carbon_below_sp3,19,0.04800531981324339,0.05468372126658309,0.046708337800381895,0.010009768017852382
crop_intercept_sp3,19,0.007578267579259959,0.029470438556775502,0.04011794897829246,0.009436334306721202
crop_nitrogen_above_sp3,19,-0.025566671930545282,0.05184581026803657,0.08460975637830391,0.018409584526637303
crop_nitrogen_below_sp3,19,-0.046528851372775855,0.046528851372775855,0.03669579842613497,0.011912687054919815
crop_carbon_above_sp10,19,0.08701078407370819,0.08701078407370819,0.058830338652051936,0.01669762434471532
crop_carbon_below_sp10,19,0.04102881035620071,0.04169398270982364,0.034481177690786326,0.01036177573476657
crop_intercept_sp10,19,0.046881465841914084,0.058551078556628076,0.06387388684304579,0.0138629096152669
crop_nitrogen_above_sp10,19,-0.045703569131603526,0.045703569131603526,0.029841637006421937,0.008973887083694993
crop_nitrogen_below_sp10,19,-0.023142435699093,0.023444840719467418,0.029404467166002264,0.008328548589452674
crop_proj_left_delta,19,-0.046318523900950426,0.07286398504418516,0.08537895070368222,0.0202374989523265
crop_proj_yield_delta,19,0.09632103977244204,0.12041842932973434,0.09688583365576785,0.019775330807206382
crop_root_in_top_30,19,0.06827606927475431,0.06952008070536711,0.06950852443570919,0.02135283946824816
crop_root_to_shoot_sp3,19,0.06692132303620882,0.0691141968613484,0.055626160786622116,0.01675221887826968
crop_slope_sp3,19,0.005921408288600882,0.02718015424760949,0.04112500435627364,0.0095299728764522
crop_root_to_shoot_sp10,19,0.06169010755752169,0.06169010755752169,0.05324915813082021,0.018223325599339774
crop_slope_sp10,19,0.057146401705410965,0.09744389407154455,0.10764118737981279,0.02064656934769209
cy0_to_ceq_multiplier,19,0.01676180891641593,0.0565602469126558,0.10153891821033058,0.02637980044902223
litter_carbon,19,-0.0047028472330328756,0.0047028472330328756,0.0018208340482652806,0.0004933422820365955
litter_nitrogen,19,0.013982065601877102,0.013982065601877102,0.0072329945211545964,0.0024399858924105833
mortality_fraction_branch_delta,19,-0.04724543023832668,0.062471696984167976,0.07671749921408977,0.01706371412903189
mortality_fraction_croot_delta,19,-0.027040013274301812,0.028761817301723103,0.03911588074123189,0.010172025161805036
mortality_fraction_froot_delta,19,-0.018289834173167277,0.018909528446965054,0.02330331668551729,0.007284420358371997
mortality_fraction_leaf_delta,19,-0.006705335161587003,0.012346073730303516,0.016014246641578647,0.0035708742060016597
mortality_fraction_stem_delta,19,-0.09823114600532593,0.11908955612818004,0.1601888473736804,0.042677261745759205
pool_alloc_froot_sp1,19,-1.0538320678996986,1.096192109106654,1.2308237596218394,0.3811357202896883
pool_alloc_leaf_sp1,19,-0.344906371002873,0.7914811220776287,0.9585324207975371,0.18066569416752612
pool_alloc_stem_sp1,19,-0.4187047396778413,0.4343801745971588,0.7018690129904132,0.18896023615524346
pool_turnover_branch_sp1,19,2.758982030809658,2.758982030809658,2.6181532990342298,0.8184106691600389
pool_turnover_croot_sp1,19,-1.1365224520727684,1.1630201855989477,1.449954721967384,0.48956657970520734
pool_turnover_froot_sp1,19,-0.6440441950689009,0.646395603451477,0.7767002783350416,0.2330370547634713
pool_turnover_leaf_sp1,19,-0.15831792926643282,0.32455476877321976,0.48953156190910824,0.12127990313047274
pool_turnover_stem_sp1,19,0.7471410854515479,0.747778792656705,0.5931897898167896,0.18016653670350763
proj_cover,19,-4.375091899650654,4.418246539217957,4.640541533738389,1.3874972637886813
proj_fire_off,19,0.0836208948023442,0.0836208948023442,0.12715505907677266,0.04342919757719819
proj_fire_on,19,3.271656295314007,3.2952530459126437,3.126746604567445,0.9156108629748058
proj_mortality,19,14.607465387239717,14.607465387239717,13.779635610291574,4.463841176379018
proj_thinning_delta,19,38.14616982218755,38.14616982218755,21.813453864855298,5.807215898411349
roth_c_cover_c,19,0.7075114025391988,0.8850400695027407,1.3459304750429826,0.41762776017316977
roth_c_dpm_frac_crop,19,-0.025122171994637142,0.025298006016797926,0.04383574314742556,0.015217097222072973
roth_c_dpm_frac_tree,19,0.7945915215282554,1.2181063780025068,1.662544721169412,0.4052765049085646
roth_c_moisture_b_slope,19,-1.872426389387027,1.956126805994717,2.5177726936565334,0.8412068424204523
roth_c_temp_a1,19,0.6042163841176125,0.6473516427267322,0.7230834298372104,0.20688775827909953
roth_c_temp_a2,19,-4.61876760799937,4.935441766145498,5.229082327636618,1.532910815309678
thinning_fraction_branch_delta,19,0.0946707448633122,0.0946707448633122,0.10938570623843843,0.031057520609226678
thinning_fraction_croot_delta,19,0.029175609296650952,0.029175609296650952,0.03528109406956512,0.011264392425070638
thinning_fraction_froot_delta,19,0.017968959558250897,0.017968959558250897,0.019983855083185134,0.005604053748441892
thinning_fraction_leaf_delta,19,0.03424743654821718,0.03424743654821718,0.037881189708413456,0.011565731157603062
thinning_fraction_stem_delta,19,0.21082671831743321,0.21082671831743321,0.24287521860501393,0.06933451844174368
tree_carbon_sp1,19,-3.5513305113943394,3.9358372249847013,4.0981617635749075,1.1408394446256205
tree_nitrogen_branch_sp1,19,0.058326783436260576,0.058326783436260576,0.04945705820949606,0.015052391747174675
tree_nitrogen_croot_sp1,19,0.20109879306727801,0.20109879306727801,0.2656750118208161,0.08250478560969843
tree_nitrogen_froot_sp1,19,0.005633046408392095,0.005633046408392095,0.006252876719636834,0.0021787471179510976
tree_nitrogen_leaf_sp1,19,1.1909835115187548,1.1909835115187548,1.4024961436306176,0.39924441264967175
tree_nitrogen_stem_sp1,19,0.004337953134452099,0.004337953134452099,0.003920269041116109,0.001247544910135056
tree_root_in_top_30,19,-1.814603779944525,1.9421421716745342,2.470236241860011,0.7676880860303577
tree_root_to_shoot_sp1,19,-2.5934777137200555,3.0348452988564554,3.7542219503180623,1.1006902783475883
cy0,20,0.11953232465743699,0.4041288032587892,0.613227037421668,0.14283343913150043
clay,20,-1.3763974348896155,1.3763974348896155,1.8610105434021271,0.5253775710290519
temp_ci_delta,20,0.6212587147276131,0.7100224483997422,0.9253403263741189,0.3001566984611383
rain_ci_delta,20,3.502791683273737,3.8147731032987204,6.70793425390003,2.0820662102014085
evap_ci_delta,20,-1.353841992415404,1.3951652384425601,5.308173029325209,1.481997840154118
ef_N_inputs,20,1.3328059198690139,1.6723921645306554,2.1364609966903596,0.5421155958215548
volatile_frac_organic_fertiliser,20,-0.01630156757300273,0.01630156757300273,0.009909378296539442,0.003013845060999264
volatile_frac_synthetic_fertiliser,20,0.2120865563500213,0.2120865563500213,0.1144268907169361,0.03573372926037085
base_sf_qty_scale,20,-0.12171437219275305,0.12171437219275305,0.060011127386040856,0.0174576886274749
proj_lit_qty_scale,20,0.008840594913936939,0.017814306215347808,0.019708879930476125,0.003297592720723357
base_stand_density_scale,20,0.0,0.0,0.0,0.0
proj_stand_density_scale,20,-7.920816286902617,9.414896213372073,10.537716341578655,2.9636895616941294
tree_wood_dens_sp1,20,-11.89105972634426,15.470350360998372,20.91157910073984,5.304892285409522
base_cover,20,0.8033090395455604,0.8033090395455604,0.579498828539957,0.1588107584444425
base_fire_off,20,-0.07567880067863868,0.07567880067863868,0.14689869148455903,0.048394043004000326
base_fire_on,20,-0.22753649587391828,0.22753649587391828,0.20415297311446443,0.06778636537998801
base_sf_n_delta,20,-0.012054012840149684,0.012054012840149684,0.005283568101081525,0.0016692262153272233
crop_base_left_delta,20,0.336576625927642,0.3561026776990997,0.2326524687871906,0.05897242877841318
crop_base_yield_delta,20,0.09715260429896777,0.13550934931948433,0.14369365590289443,0.03157075420242396
crop_carbon_above_sp3,20,0.021663563936616087,0.03253458456727414,0.033799492107835886,0.00687367070210245
crop_carbon_below_sp3,20,0.04537636640075559,0.05205382822132236,0.04542258541063189,0.009725944301479265
crop_intercept_sp3,20,0.007387480988589527,0.02896750169865598,0.03937538851588377,0.009289921788135806
crop_nitrogen_above_sp3,20,-0.025566671930543527,0.05184581026803642,0.08460975637830598,0.01840958452663799
crop_nitrogen_below_sp3,20,-0.046528851372773614,0.046528851372773614,0.03669579842613474,0.011912687054919725
crop_carbon_above_sp10,20,0.0839447937618639,0.0839447937618639,0.057185337258250264,0.016187665922501475
crop_carbon_below_sp10,20,0.03962690150250902,0.04035587599053793,0.033502259761676416,0.010008665535674107
crop_intercept_sp10,20,0.04418582656278706,0.05694569681269633,0.06245690894887478,0.01316700379346866
crop_nitrogen_above_sp10,20,-0.0457035691316023,0.0457035691316023,0.029841637006421864,0.008973887083694983
crop_nitrogen_below_sp10,20,-0.023142435699092516,0.023444840719467,0.0294044671660027,0.00832854858945309
crop_proj_left_delta,20,-0.04623418904205622,0.07224267275550886,0.08472914068143568,0.02019903250636339
crop_proj_yield_delta,20,0.09764620016290704,0.1208906626703076,0.09661763671162436,0.019975302344755867
crop_root_in_top_30,20,0.0647093190491558,0.06627251212769655,0.06709333071555433,0.02058154945307906
crop_root_to_shoot_sp3,20,0.06252629097686938,0.06510414623654533,0.0539931962325024,0.01618926403029298
crop_slope_sp3,20,0.0038918190246513607,0.027256845897861908,0.040236207376112096,0.009097888737436916
crop_root_to_shoot_sp10,20,0.05894834145705322,0.05894834145705322,0.05120656219654814,0.017521140997461528
crop_slope_sp10,20,0.051134958199407235,0.09391713339282545,0.10561502012131806,0.019981304715212873
cy0_to_ceq_multiplier,20,0.01405307821712708,0.0513135173387554,0.09246941939370648,0.023749829713079
litter_carbon,20,-0.0045599309152340225,0.0045599309152340225,0.0017713619637202682,0.0004807513573470022
litter_nitrogen,20,0.013982065601877036,0.013982065601877036,0.007232994521153522,0.0024399858924100785
mortality_fraction_branch_delta,20,-0.048989243642910095,0.0640065759526206,0.07872689799899804,0.017622444661707846
mortality_fraction_croot_delta,20,-0.027803548431952086,0.029508386512677877,0.04005261689956059,0.010409697048197889
mortality_fraction_froot_delta,20,-0.01873375831646411,0.019421822129606324,0.02396217278336826,0.007485494902437604
mortality_fraction_leaf_delta,20,-0.006896959657938637,0.012589102050451887,0.01632604482069759,0.003669787960478515
mortality_fraction_stem_delta,20,-0.10147044562829474,0.12328233400994806,0.1659170342166332,0.04429532306663768
pool_alloc_froot_sp1,20,-1.093719651330071,1.138206126574747,1.2849561593691952,0.39796343488314195
pool_alloc_leaf_sp1,20,-0.3575896097186297,0.8017984035501261,0.9718645110981352,0.18393833282182134
pool_alloc_stem_sp1,20,-0.43709867066822705,0.4524328109707332,0.7381417680366101,0.1990840462133898
pool_turnover_branch_sp1,20,2.8905503504021963,2.8925348612774067,2.8060975228053815,0.8766551891156498
pool_turnover_croot_sp1,20,-1.1823249785071301,1.212113379299686,1.5144967918374959,0.5111718844220406
pool_turnover_froot_sp1,20,-0.6649916130552571,0.668405263035092,0.8046699751282743,0.2412467980584158
pool_turnover_leaf_sp1,20,-0.1653672748639576,0.33375384815881703,0.5080446079152184,0.12611210143984422
pool_turnover_stem_sp1,20,0.781123609936658,0.7819267510902502,0.6320846448538455,0.19230755704966035
proj_cover,20,-4.373537007446207,4.4328860306555855,4.751353730340969,1.4179678683171373
proj_fire_off,20,0.08362089480234366,0.08362089480234366,0.12715505907677271,0.043429197577198125
proj_fire_on,20,3.393289995087504,3.405131850442943,3.2628614005625507,0.9576831411431597
proj_mortality,20,15.555760085412137,15.55635128255959,14.892325496278719,4.82200566215645
proj_thinning_delta,20,38.89156736126556,38.89156736126556,22.582828696435328,6.0059687708291785
roth_c_cover_c,20,0.706349930185133,0.8850621686293696,1.353888755407043,0.4219781480588458
roth_c_dpm_frac_crop,20,-0.02186233348542426,0.0220730724577946,0.039874067657213574,0.013792641115970906
roth_c_dpm_frac_tree,20,0.8715021810630065,1.2642354778826983,1.7294928907136384,0.4369518163975384
roth_c_moisture_b_slope,20,-1.9039504783677548,1.9811298929696002,2.5669509315280457,0.8576895178216695
roth_c_temp_a1,20,0.6207455102160836,0.6677448851685897,0.7480334327404184,0.21403608830481474
roth_c_temp_a2,20,-4.660611934275155,4.9961634956037475,5.312108979870715,1.5588509172816982
thinning_fraction_branch_delta,20,0.07507111887934775,0.07507111887934775,0.09350624496345514,0.027071283431696375
thinning_fraction_croot_delta,20,0.01978721385304009,0.020376414919355816,0.02660241418675524,0.007966628976732445
thinning_fraction_froot_delta,20,0.013587935090863557,0.013587935090863557,0.01683564952034033,0.004891378122492572
thinning_fraction_leaf_delta,20,0.028346235112748825,0.028346235112748825,0.03257300311916291,0.009862683324712329
thinning_fraction_stem_delta,20,0.17026669457672175,0.17026669457672175,0.2021591760272009,0.057531365433852656
tree_carbon_sp1,20,-3.6834855404705764,4.059306792849484,4.252730509901282,1.1914215319255081
tree_nitrogen_branch_sp1,20,0.05991454719534417,0.05991454719534417,0.051195710711616285,0.015542899760293095
tree_nitrogen_croot_sp1,20,0.20839186994705963,0.20839186994705963,0.2796363783914051,0.08680697007559024
tree_nitrogen_froot_sp1,20,0.005862424568827358,0.005862424568827358,0.006603522758450832,0.0023037909197141737
tree_nitrogen_leaf_sp1,20,1.2315079838273266,1.2315079838273266,1.4733647797332148,0.4194871307798388
tree_nitrogen_stem_sp1,20,0.00442134677045089,0.00442134677045089,0.004081787438650344,0.0012967095550229883
tree_root_in_top_30,20,-1.8899781301615988,2.0203066576873328,2.579178206142555,0.8031373286477017
tree_root_to_shoot_sp1,20,-2.6892538778373005,3.1148919631224397,3.8806694675469715,1.147219254148739
cy0,21,0.10732995086266964,0.37511628074598585,0.5665618843546558,0.13221040684726565
clay,21,-1.400564144569325,1.400564144569325,1.9287949625589291,0.5445586306138301
temp_ci_delta,21,0.6359283283684911,0.7231832042869927,0.9488423511574053,0.3080325320803487
rain_ci_delta,21,3.5346828287799505,3.8589571362030433,6.926582905584349,2.1512004105219993
evap_ci_delta,21,-1.3931300220350251,1.4367278920289681,5.4589182468023205,1.5284143341691416
ef_N_inputs,21,1.4109403569098855,1.7547813292989627,2.2488783447643903,0.5733451884255869
volatile_frac_organic_fertiliser,21,-0.016301567573002832,0.016301567573002832,0.00990937829653946,0.0030138450609993707
volatile_frac_synthetic_fertiliser,21,0.21208655635002155,0.21208655635002155,0.11442689071693621,0.03573372926037091
base_sf_qty_scale,21,-0.12171437219275334,0.12171437219275334,0.060011127386041245,0.01745768862747501
proj_lit_qty_scale,21,0.009661215216080715,0.0179686782982376,0.019559117455840137,0.003353533090099788
base_stand_density_scale,21,0.0,0.0,0.0,0.0
proj_stand_density_scale,21,-8.201084710663357,9.651547919988536,10.86940749402085,3.0755507349705082
tree_wood_dens_sp1,21,-12.357037533307105,15.858248387346578,21.661702509827816,5.532672652140115
base_cover,21,0.7650911344640037,0.7667550458629145,0.5573471424093974,0.15191670150798278
base_fire_off,21,-0.075678800678639,0.075678800678639,0.14689869148455934,0.04839404300400047
base_fire_on,21,-0.2251682944733724,0.2251682944733724,0.19902932735284068,0.06602603830089483
base_sf_n_delta,21,-0.012054012840149491,0.012054012840149491,0.005283568101080944,0.0016692262153270275
crop_base_left_delta,21,0.3284397757040333,0.34847621756417346,0.2291772640150208,0.05778127580624688
crop_base_yield_delta,21,0.08997314889288996,0.1317582200912712,0.1412221992727379,0.030040989379039467
crop_carbon_above_sp3,21,0.021078500541126918,0.03182846857943251,0.03315164921414468,0.006730342675234161
crop_carbon_below_sp3,21,0.04318329914076675,0.05014274549610227,0.044200075642510384,0.009205036565224825
crop_intercept_sp3,21,0.007220410500102381,0.028517694326587746,0.038718486171892975,0.00915823254326072
crop_nitrogen_above_sp3,21,-0.02556667193054458,0.051845810268037876,0.084609756378307,0.018409584526638306
crop_nitrogen_below_sp3,21,-0.04652885137277553,0.04652885137277553,0.03669579842613381,0.011912687054919307
crop_carbon_above_sp10,21,0.08117676717767276,0.08117676717767276,0.055714666041688836,0.01573019159672365
crop_carbon_below_sp10,21,0.038354701531758316,0.039141628628002245,0.032635380135653,0.009694479093963756
crop_intercept_sp10,21,0.04176318195661567,0.05550739336869579,0.06121813486602238,0.012565473632955109
crop_nitrogen_above_sp10,21,-0.045703569131602714,0.045703569131602714,0.029841637006422523,0.008973887083695306
crop_nitrogen_below_sp10,21,-0.023142435699092925,0.023444840719467362,0.02940446716600268,0.008328548589453115
crop_proj_left_delta,21,-0.04581159160852328,0.0715309990593541,0.08411310371620333,0.020105988627816852
crop_proj_yield_delta,21,0.09910177971124427,0.12162126539503315,0.09639843658473181,0.020121386363867223
crop_root_in_top_30,21,0.06158103524976368,0.06342722499778548,0.06494066930672271,0.019899122572977677
crop_root_to_shoot_sp3,21,0.058789068100700614,0.061725593667264364,0.052631193490700286,0.015710968362703918
crop_slope_sp3,21,0.0021578510480460694,0.027309929279010714,0.039424234605369375,0.008731133201001913
crop_root_to_shoot_sp10,21,0.056466350222624986,0.056466350222624986,0.04938263616143284,0.01689188398951233
crop_slope_sp10,21,0.04570325258907579,0.0907703010671014,0.10392944279472988,0.019493285126725147
cy0_to_ceq_multiplier,21,0.011731502898541232,0.04666933144494328,0.08458876413217489,0.021458522252921042
litter_carbon,21,-0.004427078756608993,0.004427078756608993,0.001729162939899361,0.0004701159037028718
litter_nitrogen,21,0.013982065601877152,0.013982065601877152,0.0072329945211535235,0.0024399858924101913
mortality_fraction_branch_delta,21,-0.05050103241323482,0.06544898054535678,0.08069136978918816,0.018141718942413027
mortality_fraction_croot_delta,21,-0.028470711997675348,0.03021323778482795,0.04095818591845969,0.010636313242359273
mortality_fraction_froot_delta,21,-0.019129424612060762,0.019885560701964733,0.024617918242769085,0.007685262711848402
mortality_fraction_leaf_delta,21,-0.007020921113402229,0.012816503780153903,0.01664685432537483,0.0037633316301456028
mortality_fraction_stem_delta,21,-0.10440789099232632,0.1272662934925199,0.1715701249727567,0.04587998546611793
pool_alloc_froot_sp1,21,-1.1309238530132557,1.1797975365815785,1.3403318582563368,0.4143768785041883
pool_alloc_leaf_sp1,21,-0.36700840741647633,0.8123342208371167,0.9863724526775969,0.18722585512096265
pool_alloc_stem_sp1,21,-0.4544745874954869,0.4698767209699217,0.7751349855165725,0.2093872727699106
pool_turnover_branch_sp1,21,3.015115305799479,3.0202386788670212,2.994764859632289,0.9347417292566551
pool_turnover_croot_sp1,21,-1.2240222462259154,1.2569821719427128,1.5813685518490286,0.5333561702655577
pool_turnover_froot_sp1,21,-0.6848181952461273,0.6892666567812711,0.8339253145363219,0.24979264105502294
pool_turnover_leaf_sp1,21,-0.17123001247910336,0.3430272073301506,0.5276094914163717,0.13112385393770482
pool_turnover_stem_sp1,21,0.8131776086070894,0.8145056494547676,0.6703566462375544,0.20417531438229966
proj_cover,21,-4.4101388989561725,4.478387191393912,4.889154026189919,1.4595019054709806
proj_fire_off,21,0.08362089480234372,0.08362089480234372,0.1271550590767724,0.04342919757719812
proj_fire_on,21,3.497516793035195,3.503084466365896,3.389354898454063,0.9970034170795294
proj_mortality,21,16.5177482543454,16.52021967595586,16.044426633233932,5.191543771114098
proj_thinning_delta,21,39.67714015737114,39.67714015737114,23.323702922496057,6.200660173326467
roth_c_cover_c,21,0.7131200417239482,0.8906070415080111,1.3715168563239846,0.43028141946454834
roth_c_dpm_frac_crop,21,-0.019188407291755284,0.019411856781246874,0.03639077624422524,0.012544468855397487
roth_c_dpm_frac_tree,21,0.9318053253388439,1.3135432191513332,1.8057383825311244,0.46671262571600436
roth_c_moisture_b_slope,21,-1.9602220177639147,2.0307152846683865,2.6387242703748446,0.880476735300176
roth_c_temp_a1,21,0.6420725290630653,0.6914074911076744,0.7745486816421058,0.22163393967125541
roth_c_temp_a2,21,-4.767483942504736,5.114470098362123,5.442667656678565,1.5992922192468997
thinning_fraction_branch_delta,21,0.06304820730197766,0.06304820730197766,0.08388775837802326,0.024914853010591813
thinning_fraction_croot_delta,21,0.013927960740406933,0.01521765477263667,0.021831965308000557,0.00609140249027344
thinning_fraction_froot_delta,21,0.010877721447654998,0.011129910842514579,0.015983073359287718,0.00470502504074959
thinning_fraction_leaf_delta,21,0.024512368858069466,0.024512368858069466,0.029343986241580307,0.008763029804598046
thinning_fraction_stem_delta,21,0.1431755080663828,0.1431755080663828,0.1769294828778986,0.050356570968311656
tree_carbon_sp1,21,-3.805283343363018,4.176089352497527,4.409835136748681,1.2424353710973728
tree_nitrogen_branch_sp1,21,0.061541233403876586,0.061541233403876586,0.05301923054498923,0.01605779480826867
tree_nitrogen_croot_sp1,21,0.21589895898455952,0.21589895898455952,0.2941636759870897,0.09128245613602004
tree_nitrogen_froot_sp1,21,0.006100080363984249,0.006100080363984249,0.006968345581874377,0.0024338669270058235
tree_nitrogen_leaf_sp1,21,1.2732831013545802,1.2732831013545802,1.5466772117318317,0.4404960927166839
tree_nitrogen_stem_sp1,21,0.004508809621327503,0.004508809621327503,0.0042534515857816715,0.0013491452543455743
tree_root_in_top_30,21,-1.9589329597541145,2.094962928656223,2.6936849645352634,0.840610979443706
tree_root_to_shoot_sp1,21,-2.7720492629103783,3.1886510538446795,4.0082675489266135,1.1935769764457873
cy0,22,0.09599183303214771,0.3471846580516627,0.5241586849554285,0.12300727216222843
clay,22,-1.4084288089145958,1.4084288089145958,1.9932005192888362,0.5634421618668107
temp_ci_delta,22,0.6463706049875236,0.7348286170331939,0.9759483592498693,0.3162201355001617
rain_ci_delta,22,3.56152120066562,3.925367358407643,7.1533819239014775,2.2157327473622646
evap_ci_delta,22,-1.4319420078780856,1.478750300928936,5.613685069464672,1.5750875765749226
ef_N_inputs,22,1.4598265988516135,1.8330974819281203,2.3665598479822716,0.6002632062296657
volatile_frac_organic_fertiliser,22,-0.016301567573002874,0.016301567573002874,0.009909378296539473,0.003013845060999327
volatile_frac_synthetic_fertiliser,22,0.2120865563500202,0.2120865563500202,0.11442689071693633,0.03573372926037085
base_sf_qty_scale,22,-0.12171437219275216,0.12171437219275216,0.060011127386040336,0.017457688627474953
proj_lit_qty_scale,22,0.01042646547312472,0.018176339215709943,0.01942841387116266,0.0033888021881264686
base_stand_density_scale,22,0.0,0.0,0.0,0.0
proj_stand_density_scale,22,-8.453248142080621,9.875253860817072,11.206845665578076,3.1828704219655033
tree_wood_dens_sp1,22,-12.787343026911559,16.237925572151347,22.431654483831256,5.762314368269009
base_cover,22,0.7288980561387886,0.7354441366552199,0.5373836955610551,0.14430464428597894
base_fire_off,22,-0.07567880067863833,0.07567880067863833,0.14689869148455822,0.04839404300400004
base_fire_on,22,-0.22291768771621992,0.22291768771621992,0.19417555674333115,0.06436045234610334
base_sf_n_delta,22,-0.012054012840149984,0.012054012840149984,0.005283568101080719,0.0016692262153269453
crop_base_left_delta,22,0.3207696560240496,0.34130080441428445,0.22608339048623652,0.05672558197360171
crop_base_yield_delta,22,0.08324375654045182,0.1283355156918856,0.13914698726622818,0.02874193117952828
crop_carbon_above_sp3,22,0.04454335373996165,0.045301698378952766,0.03248237581962608,0.010150754585030286
crop_carbon_below_sp3,22,0.13462071584555593,0.13462071584555593,0.05694806518363548,0.014154336166532173
crop_intercept_sp3,22,0.007072531669446269,0.02813900595835207,0.03813351461030499,0.009035268944311732
crop_nitrogen_above_sp3,22,-0.03367589316494538,0.05319996710472276,0.08374088345839661,0.01818471554318315
crop_nitrogen_below_sp3,22,-0.06759884024286608,0.06759884024286608,0.050580262051058804,0.016310658067563377
crop_carbon_above_sp10,22,0.07865412637944777,0.07865412637944777,0.05439130332048157,0.015317222363489817
crop_carbon_below_sp10,22,0.03719010054134568,0.03802997132363532,0.031861021356766946,0.009412932261684498
crop_intercept_sp10,22,0.0395655332620305,0.05424722533375983,0.06013307050963429,0.012048807015000383
crop_nitrogen_above_sp10,22,-0.04570356913160303,0.04570356913160303,0.029841637006422374,0.008973887083695148
crop_nitrogen_below_sp10,22,-0.0231424356990924,0.023444840719466918,0.029404467166002656,0.008328548589453052
crop_proj_left_delta,22,0.01436775027927598,0.05828193749813768,0.07173810067780662,0.012009613113150722
crop_proj_yield_delta,22,0.1006408347827727,0.12238791915512479,0.09621173225596798,0.020309997194260448
crop_root_in_top_30,22,0.13335922822896568,0.13335922822896568,0.08057043488404762,0.02506295875033746
crop_root_to_shoot_sp3,22,0.1951379148743147,0.1951379148743147,0.08096788896282488,0.02422515379473257
crop_slope_sp3,22,0.054201769354661054,0.05494476943969837,0.03916368536832647,0.010894662032018679
crop_root_to_shoot_sp10,22,0.054201000161932654,0.054201000161932654,0.0477491804736074,0.016326775558002413
crop_slope_sp10,22,0.04074383548962548,0.08792903640725536,0.10251119404161471,0.019146804946674287
cy0_to_ceq_multiplier,22,0.009728667556031583,0.042635649518231185,0.07774873169718509,0.019469141858643558
litter_carbon,22,-0.004302769537749512,0.004302769537749512,0.0016927854359207071,0.0004610274850236535
litter_nitrogen,22,0.013982065601876953,0.013982065601876953,0.007232994521154889,0.002439985892410948
mortality_fraction_branch_delta,22,-0.05185192468924105,0.0668222391591292,0.0826139394746713,0.018633173472958
mortality_fraction_croot_delta,22,-0.029075141343377946,0.030879942726946413,0.04184366468757142,0.01085855646967783
mortality_fraction_froot_delta,22,-0.019494056185992363,0.02033092586524086,0.025268598351634208,0.007877003236946503
mortality_fraction_leaf_delta,22,-0.007099903387409323,0.013025576076540502,0.016965116697207967,0.0038523085304298112
mortality_fraction_stem_delta,22,-0.10715530658040491,0.1310634501231535,0.177132103698338,0.04743812576280517
pool_alloc_froot_sp1,22,-1.166416654723036,1.2200111961593219,1.3964562050589013,0.4309138244427702
pool_alloc_leaf_sp1,22,-0.37433702184588985,0.8227840009294919,1.001314532193163,0.19042661920027693
pool_alloc_stem_sp1,22,-0.47101982546670146,0.4868763797085551,0.8124710632052433,0.2197579496840946
pool_turnover_branch_sp1,22,3.1326171190525303,3.1420812910793634,3.182568906626954,0.9922989655844481
pool_turnover_croot_sp1,22,-1.263470554527864,1.2994569199120685,1.6502729809226444,0.5561093347294856
pool_turnover_froot_sp1,22,-0.7042834853735601,0.7098958837618861,0.8640267527240469,0.2585701774064273
pool_turnover_leaf_sp1,22,-0.1764480313631315,0.3526790346390363,0.5480024339475327,0.1362668631667971
pool_turnover_stem_sp1,22,0.8431394005061016,0.8454971202724806,0.7076633956477707,0.21564729994088552
proj_cover,22,-4.418741643155299,4.500961720308679,5.043919046438597,1.5067236275620937
proj_fire_off,22,0.07757928817734408,0.07757928817734408,0.11992034557465271,0.04120768263103293
proj_fire_on,22,3.568128675137011,3.5794690816705,3.496424449099571,1.0294777571306075
proj_mortality,22,17.495464257407292,17.49982872738175,17.232175079157066,5.572059814846168
proj_thinning_delta,22,40.46287726950529,40.46287726950529,24.048943262197916,6.393390584313726
roth_c_cover_c,22,0.7172989157871571,0.8940891903131523,1.3934232398447672,0.4406356543708576
roth_c_dpm_frac_crop,22,-0.05651955276807683,0.05651955276807683,0.035987189351260364,0.011708750563797058
roth_c_dpm_frac_tree,22,0.9819771247668617,1.3611340990348924,1.8853301440367134,0.4955533023326877
roth_c_moisture_b_slope,22,-2.0124247057754268,2.0812241668267313,2.714079239872129,0.9013980266994599
roth_c_temp_a1,22,0.6592428966209308,0.712738077926716,0.8026780000053229,0.22895737996343096
roth_c_temp_a2,22,-4.857182711278789,5.230567632174481,5.608378263602113,1.647686815165615
thinning_fraction_branch_delta,22,0.05527510921710928,0.05527510921710928,0.07783218040329054,0.023706263620751514
thinning_fraction_croot_delta,22,0.010196627016551264,0.012714009884573751,0.01927003781566807,0.00499207040962264
thinning_fraction_froot_delta,22,0.009160948222112103,0.009916037384046422,0.015868446047039953,0.004621963320639617
thinning_fraction_leaf_delta,22,0.021885948005241636,0.021885948005241636,0.027326940710172984,0.008084373367855035
thinning_fraction_stem_delta,22,0.1246706943819095,0.12518191150699373,0.16056330508513258,0.04553488148675917
tree_carbon_sp1,22,-3.919258259237529,4.286926651785998,4.567727055548071,1.2935656428515772
tree_nitrogen_branch_sp1,22,0.06320351765896173,0.06320351765896173,0.05492537739863013,0.016596477854018188
tree_nitrogen_croot_sp1,22,0.22361087577290822,0.22361087577290822,0.3092530986094482,0.09592994447555701
tree_nitrogen_froot_sp1,22,0.006345829440868997,0.006345829440868997,0.007347280976883531,0.0025689562766671704
tree_nitrogen_leaf_sp1,22,1.3162487178984155,1.3162487178984155,1.622365332275283,0.46225377066435314
tree_nitrogen_stem_sp1,22,0.0046001352982661834,0.0046001352982661834,0.004434613674541487,0.0014046678084329528
tree_root_in_top_30,22,-2.0242598080162093,2.167346797095994,2.8122427628999414,0.8796774374313902
tree_root_to_shoot_sp1,22,-2.845505522912121,3.257059067314568,4.135848433430072,1.2397430501658244
cy0,23,0.08546717638450477,0.3204052959863658,0.4858856622734589,0.11512404493804844
clay,23,-1.4367632137081099,1.4367632137081099,2.0720206153087313,0.5859163688119476
temp_ci_delta,23,0.6670568159225052,0.7523594269499722,1.008447156841057,0.3274820203555929
rain_ci_delta,23,3.6447528522577883,4.05923668055682,7.428579917046194,2.292591505704585
evap_ci_delta,23,-1.4849055154998143,1.5320651068858182,5.815575844488,1.6341596802061837
ef_N_inputs,23,1.5423611536207265,1.9194463317307497,2.4869104612844186,0.6339652558066532
volatile_frac_organic_fertiliser,23,-0.016301567573002974,0.016301567573002974,0.009909378296539095,0.003013845060999208
volatile_frac_synthetic_fertiliser,23,0.21208655635002133,0.21208655635002133,0.11442689071693643,0.03573372926037104
base_sf_qty_scale,23,-0.12171437219275238,0.12171437219275238,0.060011127386039635,0.017457688627474575
proj_lit_qty_scale,23,0.011143958500871631,0.018371512597772442,0.019312598676215157,0.003435551599712238
base_stand_density_scale,23,0.0,0.0,0.0,0.0
proj_stand_density_scale,23,-8.683115651705823,10.086056194004595,11.545817608246187,3.2864824310936775
tree_wood_dens_sp1,23,-13.189815591678117,16.606601194129876,23.212524450963844,5.99286637917294
base_cover,23,0.6946023122165117,0.7064460114204092,0.5194291487360114,0.13716556841611025
base_fire_off,23,-0.07567880067863894,0.07567880067863894,0.14689869148455928,0.04839404300400046
base_fire_on,23,-0.22077029707572438,0.22077029707572438,0.18956157908760476,0.0627784944978593
base_sf_n_delta,23,-0.012054012840150582,0.012054012840150582,0.005283568101081099,0.0016692262153273718
crop_base_left_delta,23,0.3135040082539448,0.3345153607984761,0.2233087884285252,0.055785299281173734
crop_base_yield_delta,23,0.07690089057633838,0.12518873255525603,0.1374025039999325,0.0276512688142377
crop_carbon_above_sp3,23,0.03646004770104315,0.03862170964555545,0.03108693745508618,0.009208034761092831
crop_carbon_below_sp3,23,0.1052810400757577,0.1052810400757577,0.04935352922205256,0.012077454227552152
crop_intercept_sp3,23,0.006940657552056281,0.027787759235944426,0.03760938840356822,0.008930026641239455
crop_nitrogen_above_sp3,23,-0.033675893164944806,0.05319996710472239,0.08374088345839677,0.018184715543183395
crop_nitrogen_below_sp3,23,-0.06759884024286725,0.06759884024286725,0.05058026205105915,0.016310658067563245
crop_carbon_above_sp10,23,0.07633609181159161,0.07633609181159161,0.05319412873682481,0.014942496699729411
crop_carbon_below_sp10,23,0.036114401477308176,0.03700219979962638,0.03116349901719425,0.009159022572396284
crop_intercept_sp10,23,0.03755575232499779,0.053119825148326125,0.05918101151952747,0.011600274971488427
crop_nitrogen_above_sp10,23,-0.04570356913160163,0.04570356913160163,0.029841637006423227,0.00897388708369553
crop_nitrogen_below_sp10,23,-0.023142435699092617,0.023444840719467102,0.029404467166003336,0.008328548589453196
crop_proj_left_delta,23,-0.004877898299150316,0.05571744270716268,0.0712953134654935,0.012442346449352323
crop_proj_yield_delta,23,0.10223010689695215,0.12317438092346453,0.09604752100626152,0.020529666379756728
crop_root_in_top_30,23,0.1050836706659493,0.1054679275661207,0.0742852673539564,0.022858375146456986
crop_root_to_shoot_sp3,23,0.14678830418677719,0.14678830418677719,0.07581430291665726,0.022940121749045445
crop_slope_sp3,23,0.03176327173752956,0.0354901061355031,0.03828238631283075,0.009882680851875705
crop_root_to_shoot_sp10,23,0.05211907775021714,0.05211907775021714,0.04628231760641839,0.015818144265428394
crop_slope_sp10,23,0.036173183877955685,0.08533556585914448,0.10130413147281586,0.018914203807945344
cy0_to_ceq_multiplier,23,0.007990679168084141,0.03986839016342844,0.07182046047524196,0.01771146078709077
litter_carbon,23,-0.004185791486907303,0.004185791486907303,0.0016610936355821882,0.00045317163372250724
litter_nitrogen,23,0.013982065601877319,0.013982065601877319,0.007232994521155162,0.0024399858924109147
mortality_fraction_branch_delta,23,-0.053079100869452486,0.06815703986260244,0.08449187254099443,0.01908890041805874
mortality_fraction_croot_delta,23,-0.029634896469910948,0.03151557271164125,0.04271170133803284,0.011077146538813394
mortality_fraction_froot_delta,23,-0.01983568830195301,0.02074651880549125,0.025911047680611633,0.008068188432255572
mortality_fraction_leaf_delta,23,-0.0071459507680989385,0.013214223977804298,0.017274097682857523,0.0039371886615007755
mortality_fraction_stem_delta,23,-0.10977025391993345,0.13472141522086897,0.18259543718515164,0.04895850761093486
pool_alloc_froot_sp1,23,-1.2006856474410594,1.2590017660348745,1.4530510071845801,0.44759403981077267
pool_alloc_leaf_sp1,23,-0.3800851436281707,0.832824196897165,1.016172004616928,0.1934879344800292
pool_alloc_stem_sp1,23,-0.48678978926343647,0.5033468669169664,0.8498043231583121,0.23012242802135835
pool_turnover_branch_sp1,23,3.2423462347628784,3.258490017209261,3.3678424138578347,1.048570286239302
pool_turnover_croot_sp1,23,-1.3017800067707275,1.3414360472372748,1.7210154267949012,0.5792997536410424
pool_turnover_froot_sp1,23,-0.7237650960291906,0.7313749649510485,0.8946887174131543,0.26738668682591193
pool_turnover_leaf_sp1,23,-0.18130887283938196,0.3627224094671666,0.5690950625331725,0.1415399366891745
pool_turnover_stem_sp1,23,0.8707432058935114,0.874615673586573,0.7436381810714483,0.22643827386736656
proj_cover,23,-4.4838688440215195,4.5784426537175715,5.223802287120812,1.5624223178468715
proj_fire_off,23,0.07757928817734366,0.07757928817734366,0.11992034557465188,0.04120768263103268
proj_fire_on,23,3.6658744351734,3.674360032882528,3.620945773889286,1.0681273070437118
proj_mortality,23,18.488261059191874,18.494456494260465,18.45207161590067,5.962513586034348
proj_thinning_delta,23,41.22333776704986,41.22333776704986,24.764751838730334,6.585290863579205
roth_c_cover_c,23,0.7345712046651265,0.9079503766882958,1.4289487755789172,0.45539578680444687
roth_c_dpm_frac_crop,23,-0.0468733606552761,0.0468733606552761,0.037024938013184905,0.01190376159395377
roth_c_dpm_frac_tree,23,1.0256611296409006,1.406846423168194,1.9652529643279157,0.523152402093952
roth_c_moisture_b_slope,23,-2.086606639833484,2.1560568768138593,2.8090935774091643,0.9285594390701946
roth_c_temp_a1,23,0.6838070129561589,0.7378900048976924,0.8335397753710182,0.23787425945460663
roth_c_temp_a2,23,-5.015626529548297,5.388739343681816,5.803046902552749,1.7122832731012803
thinning_fraction_branch_delta,23,0.05004659754228365,0.05004659754228365,0.07391181593224908,0.023005111255423167
thinning_fraction_croot_delta,23,0.007793091570588964,0.011470837526922276,0.017952924328804545,0.004408357228913964
thinning_fraction_froot_delta,23,0.00805343589654237,0.009367030687703967,0.015932032552369198,0.004557786151912255
thinning_fraction_leaf_delta,23,0.02001712001832834,0.02001712001832834,0.026068584582131286,0.007693802029920564
thinning_fraction_stem_delta,23,0.11177329853728384,0.11313917002109444,0.14932349651271534,0.04204356217481426
tree_carbon_sp1,23,-4.026382688116523,4.391820574280194,4.725185082634405,1.3445653466223269
tree_nitrogen_branch_sp1,23,0.06489767840623631,0.06489767840623631,0.05691139626626806,0.01715820052659577
tree_nitrogen_croot_sp1,23,0.23151660192066847,0.23151660192066847,0.324897650462046,0.10074716112804824
tree_nitrogen_froot_sp1,23,0.006599430689946814,0.006599430689946814,0.007740188863138681,0.00270901277427077
tree_nitrogen_leaf_sp1,23,1.3603338903840918,1.3603338903840918,1.7003449267196682,0.4847379492190266
tree_nitrogen_stem_sp1,23,0.004695091278841318,0.004695091278841318,0.004624637425812137,0.0014630921863244592
tree_root_in_top_30,23,-2.0874879478199504,2.2380751143961803,2.933805318006189,0.9200227406867018
tree_root_to_shoot_sp1,23,-2.9116137476277917,3.320572421699559,4.2624565689776,1.2855835326994083
cy0,24,0.07570447589547687,0.30008539124250294,0.4516061480411361,0.106114334014639
clay,24,-1.4684212879265945,1.4684212879265945,2.1536603095008835,0.6091072667301245
temp_ci_delta,24,0.6887484483130782,0.771291451854552,1.042541409251737,0.33912902362418373
rain_ci_delta,24,3.7353852216213506,4.193065847527079,7.713315179825104,2.3736374580866064
evap_ci_delta,24,-1.5407684643532131,1.5879094463509809,6.026739608866148,1.695623178766122
ef_N_inputs,24,1.6268826779034042,2.00758833240705,2.6110561086105544,0.6688466411464303
volatile_frac_organic_fertiliser,24,-0.016301567573003124,0.016301567573003124,0.009909378296539149,0.003013845060999208
volatile_frac_synthetic_fertiliser,24,0.21208655635002086,0.21208655635002086,0.11442689071693647,0.03573372926037099
base_sf_qty_scale,24,-0.12171437219275369,0.12171437219275369,0.06001112738604023,0.017457688627474627
proj_lit_qty_scale,24,0.011819873238309537,0.018560892329666363,0.019208525620822405,0.003489454164081508
base_stand_density_scale,24,0.0,0.0,0.0,0.0
proj_stand_density_scale,24,-8.89315579681917,10.290645132818097,11.882930620828558,3.386477337433401
tree_wood_dens_sp1,24,-13.567536065087754,16.9644646565411,23.996921227790196,6.221798537649204
base_cover,24,0.6620863463343054,0.6787093835376987,0.503308560864234,0.13085596325908563
base_fire_off,24,-0.07567880067863812,0.07567880067863812,0.14689869148455773,0.04839404300399986
base_fire_on,24,-0.2187141912965555,0.2187141912965555,0.18516237037065048,0.06127096390207742
base_sf_n_delta,24,-0.012054012840149734,0.012054012840149734,0.005283568101081432,0.001669226215327191
crop_base_left_delta,24,0.30659227470479894,0.32807012934126095,0.22080282159536307,0.05494375918699119
crop_base_yield_delta,24,0.0708927247694405,0.12227375699886696,0.13593321525802837,0.026749719144977775
crop_carbon_above_sp3,24,0.03280928045462737,0.03595110674528682,0.03053656066669495,0.008603074391933791
crop_carbon_below_sp3,24,0.09221357419698809,0.09221357419698809,0.045562641999947494,0.011017276386023492
crop_intercept_sp3,24,0.006822916378346891,0.027456569778684336,0.03713672731158341,0.008840422847875314
crop_nitrogen_above_sp3,24,-0.03367589316494537,0.053199967104723876,0.08374088345839842,0.01818471554318331
crop_nitrogen_below_sp3,24,-0.06759884024286777,0.06759884024286777,0.05058026205105921,0.016310658067563225
crop_carbon_above_sp10,24,0.07419022414913748,0.07419022414913748,0.052104923288201786,0.014600692395855114
crop_carbon_below_sp10,24,0.03511443187446871,0.0360465004030351,0.030530216304786632,0.00892831029633371
crop_intercept_sp10,24,0.03570496583135244,0.05208902572072064,0.05834367932649601,0.011207618651465284
crop_nitrogen_above_sp10,24,-0.04570356913160291,0.04570356913160291,0.02984163700642292,0.008973887083695585
crop_nitrogen_below_sp10,24,-0.023142435699093765,0.02344484071946822,0.02940446716600294,0.008328548589453052
crop_proj_left_delta,24,-0.012013960304685383,0.056105976646141587,0.07092939792763321,0.012902139820226494
crop_proj_yield_delta,24,0.10384601687842385,0.12396979782405201,0.09589978616868437,0.020772020798475697
crop_root_in_top_30,24,0.09199047321073726,0.09302497765919192,0.07111453200578509,0.021691804374581854
crop_root_to_shoot_sp3,24,0.1254223914344976,0.1261295704621363,0.0735521013487288,0.022078152847245035
crop_slope_sp3,24,0.021815084516236306,0.030204356544732087,0.0381945088942255,0.009121886697084788
crop_root_to_shoot_sp10,24,0.0501918179730513,0.05022749399101637,0.04496157217752749,0.015350543202501182
crop_slope_sp10,24,0.03192600816642349,0.08294423806554072,0.10026587907872289,0.01877423218547498
cy0_to_ceq_multiplier,24,0.006473919764832012,0.037407332686301836,0.06668944087328123,0.01622070846167662
litter_carbon,24,-0.004075174332974191,0.004075174332974191,0.0016331909737289322,0.00044630351674710756
litter_nitrogen,24,0.01398206560187742,0.01398206560187742,0.007232994521154979,0.0024399858924108618
mortality_fraction_branch_delta,24,-0.054199899785074966,0.06946359916575613,0.08631802998199234,0.019508274723974487
mortality_fraction_croot_delta,24,-0.030158802208630674,0.03212198382793688,0.04355997376825783,0.011291605447508343
mortality_fraction_froot_delta,24,-0.02015720146294862,0.0211344967051248,0.026541296079942576,0.008257726856166653
mortality_fraction_leaf_delta,24,-0.0071648672950861605,0.013380358880060885,0.017569424171399613,0.004018217023554914
mortality_fraction_stem_delta,24,-0.11227934125162257,0.1382988558743085,0.18795051383032874,0.050417731583159466
pool_alloc_froot_sp1,24,-1.2339436623181759,1.2968220005183084,1.5099070841166446,0.46440186593153454
pool_alloc_leaf_sp1,24,-0.3844472274303964,0.8421504707309442,1.0305391596940907,0.19636775357958056
pool_alloc_stem_sp1,24,-0.5017570066899539,0.5190800621973471,0.8868015712677632,0.24042168594200142
pool_turnover_branch_sp1,24,3.3432112939029337,3.367442206014077,3.54879203037041,1.1034343687544905
pool_turnover_croot_sp1,24,-1.3395935928284701,1.3836398713396623,1.7934156599537656,0.602900073397896
pool_turnover_froot_sp1,24,-0.7434297350814076,0.7531859372093466,0.9256999307832708,0.2762358450931815
pool_turnover_leaf_sp1,24,-0.18595942607693744,0.37273266084298823,0.5907940472201478,0.14700405121195526
pool_turnover_stem_sp1,24,0.8956544346486341,0.9012926560517679,0.7778840887448359,0.23656290246567088
proj_cover,24,-4.556565958489848,4.6609101988539,5.415767418863672,1.6228133114583065
proj_fire_off,24,0.07757928817734332,0.07757928817734332,0.11992034557465069,0.04120768263103237
proj_fire_on,24,3.7578227952934724,3.7667970038549656,3.7440483529440955,1.1059009925270966
proj_mortality,24,19.493864555867088,19.50836310469275,19.7002882972085,6.3583636349983905
proj_thinning_delta,24,41.94046747679555,41.94046747679555,25.473252188388738,6.776711819394858
roth_c_cover_c,24,0.7526104149957277,0.9223470091208539,1.4681658614259352,0.4715169531684142
roth_c_dpm_frac_crop,24,-0.03680882681619312,0.03680882681619312,0.03494273696605614,0.011283393302451273
roth_c_dpm_frac_tree,24,1.0648989999224217,1.450513129581135,2.043898346087646,0.5494497917809359
roth_c_moisture_b_slope,24,-2.1615836954838774,2.233112794068001,2.9070036378222546,0.956628794492079
roth_c_temp_a1,24,0.7092095569076958,0.7648586826341521,0.865167177024066,0.24665757526977372
roth_c_temp_a2,24,-5.18261953688301,5.567482825473222,6.0126473909856175,1.7768363649203616
thinning_fraction_branch_delta,24,0.04642183209532082,0.04642183209532082,0.07128026286856755,0.022572866722452175
thinning_fraction_croot_delta,24,0.006244294213377799,0.01071770843714398,0.01731864296539944,0.004140205223344256
thinning_fraction_froot_delta,24,0.007329575616042025,0.008988929643559138,0.015999643492575474,0.004542413649741623
thinning_fraction_leaf_delta,24,0.018649038949285452,0.018649038949285452,0.02528556397272448,0.00748818034180998
thinning_fraction_stem_delta,24,0.10261184760167316,0.10454774476920506,0.1411499588335153,0.03955122544241304
tree_carbon_sp1,24,-4.126875267408755,4.490434934392509,4.881194129544019,1.39518937793509
tree_nitrogen_branch_sp1,24,0.06661958513725033,0.06661958513725033,0.058973985336176114,0.017742055242556305
tree_nitrogen_croot_sp1,24,0.23960320490576387,0.23960320490576387,0.3410868444049229,0.10573076482439328
tree_nitrogen_froot_sp1,24,0.006860582688397743,0.006860582688397743,0.008146845599673557,0.002853960242844233
tree_nitrogen_leaf_sp1,24,1.4054564269562753,1.4054564269562753,1.7805142439146167,0.5079212873529101
tree_nitrogen_stem_sp1,24,0.004793417900459079,0.004793417900459079,0.004822891922913342,0.0015242312541625608
tree_root_in_top_30,24,-2.149388445789115,2.30738231646092,3.0575642639529566,0.9613897423119405
tree_root_to_shoot_sp1,24,-2.9713737785865177,3.3792032006955113,4.387194792328901,1.330914395142853
cy0,25,0.06665401955013897,0.2842991064579521,0.42117617149326686,0.09697428131515996
clay,25,-1.5013386687721648,1.5029290756737963,2.2384537300861926,0.6330450331021664
temp_ci_delta,25,0.7123056032621803,0.7910626462605609,1.079382353359834,0.35202544704755173
rain_ci_delta,25,3.841467764164711,4.331672124681232,8.01317629907011,2.4616497069379197
evap_ci_delta,25,-1.6014862756679142,1.647949839384971,6.256057853232263,1.761870442739533
ef_N_inputs,25,1.7132204938887816,2.097370749258322,2.738836446027812,0.7048512132270353
volatile_frac_organic_fertiliser,25,-0.016301567573002988,0.016301567573002988,0.009909378296539074,0.003013845060999209
volatile_frac_synthetic_fertiliser,25,0.212086556350021,0.212086556350021,0.1144268907169351,0.035733729260370585
base_sf_qty_scale,25,-0.12171437219275275,0.12171437219275275,0.06001112738604064,0.017457688627474988
proj_lit_qty_scale,25,0.012459266177767214,0.0187778538383074,0.01911380704299889,0.00353894707708934
base_stand_density_scale,25,0.0,0.0,0.0,0.0
proj_stand_density_scale,25,-9.083948076173723,10.481911524725268,12.215131961463182,3.482975295862267
tree_wood_dens_sp1,25,-13.92091945811633,17.310304652461593,24.7782061776262,6.4469513117695145
base_cover,25,0.6312413688740932,0.6521033385485268,0.48885374827206346,0.12533704101742288
base_fire_off,25,-0.07567880067863815,0.07567880067863815,0.1468986914845577,0.048394043003999826
base_fire_on,25,-0.21673978612282568,0.21673978612282568,0.18095809851448827,0.05983048672548127
base_sf_n_delta,25,-0.012054012840149734,0.012054012840149734,0.005283568101080793,0.0016692262153272823
crop_base_left_delta,25,0.2999923553634878,0.3219237021423439,0.21852264276619857,0.05418654664658469
crop_base_yield_delta,25,0.06517695717515871,0.1199660962986447,0.1346928355536866,0.025927570552602676
crop_carbon_above_sp3,25,0.030370464609975507,0.03433769197023876,0.030109686121692392,0.008077106633957476
crop_carbon_below_sp3,25,0.08305168973243227,0.08305168973243227,0.04290608534233288,0.010318072591686317
crop_intercept_sp3,25,0.006716332063599825,0.027142298871921055,0.036707838636754066,0.008763777115634709
crop_nitrogen_above_sp3,25,-0.03367589316494414,0.05319996710472406,0.08374088345839707,0.018184715543182697
crop_nitrogen_below_sp3,25,-0.06759884024286775,0.06759884024286775,0.05058026205105934,0.016310658067563273
crop_carbon_above_sp10,25,0.07219154726081205,0.07219154726081205,0.05110890152946601,0.01428749597150083
crop_carbon_below_sp10,25,0.03417891158580663,0.035151283189921584,0.02995074510498472,0.008717640244431476
crop_intercept_sp10,25,0.03398801437552244,0.05114007241941663,0.05760525487281871,0.010863259991656812
crop_nitrogen_above_sp10,25,-0.045703569131602194,0.045703569131602194,0.029841637006422138,0.008973887083695073
crop_nitrogen_below_sp10,25,-0.023142435699092367,0.02344484071946675,0.029404467166003055,0.008328548589453158
crop_proj_left_delta,25,-0.016326263741325436,0.05632422856582997,0.07075173396012194,0.013358841488189773
crop_proj_yield_delta,25,0.10547153159565263,0.12476661802170633,0.09576470873391403,0.021030819280684447
crop_root_in_top_30,25,0.08305365422207106,0.08476672587388225,0.06843095934130553,0.020756838029769523
crop_root_to_shoot_sp3,25,0.11052648783616159,0.11208077494941175,0.07077772661474094,0.021067911612976695
crop_slope_sp3,25,0.014830725885140552,0.027556900919856575,0.037796945070200746,0.008665689598655782
crop_root_to_shoot_sp10,25,0.04839865143194576,0.04846923939556031,0.04376978335583352,0.014927512559022754
crop_slope_sp10,25,0.027951185929499623,0.08071937393156066,0.09936321964207688,0.018710065777491368
cy0_to_ceq_multiplier,25,0.0051430406083354556,0.03518688056847451,0.06225411017407142,0.014975351526213376
litter_carbon,25,-0.0039701337609856,0.0039701337609856,0.0016083680337530732,0.0004402322481941767
litter_nitrogen,25,0.013982065601877019,0.013982065601877019,0.0072329945211545305,0.0024399858924105716
mortality_fraction_branch_delta,25,-0.05522007339260877,0.07074145830740197,0.08808248410800167,0.019898546686995693
mortality_fraction_croot_delta,25,-0.030650255244872776,0.03269868675286901,0.04438362601498092,0.011500700013280404
mortality_fraction_froot_delta,25,-0.020458530115798488,0.02150067551785305,0.027154877807261786,0.008443974005074788
mortality_fraction_leaf_delta,25,-0.007158973394017695,0.013521980026648442,0.017847981596341538,0.004095418969631797
mortality_fraction_stem_delta,25,-0.11468952970359265,0.14171986276552773,0.19318318836333154,0.05184680829479223
pool_alloc_froot_sp1,25,-1.266238260493315,1.333439638724894,1.566826813530421,0.48129887382425623
pool_alloc_leaf_sp1,25,-0.38745633413426284,0.8504861910149234,1.0440785336024447,0.1990257583611125
pool_alloc_stem_sp1,25,-0.5158419217322334,0.5339496794870959,0.923131233705507,0.25057137801878565
pool_turnover_branch_sp1,25,3.4338889677468805,3.468637845225158,3.7234999138170326,1.1560757261199965
pool_turnover_croot_sp1,25,-1.377255777157362,1.4256443678980477,1.8672769269440403,0.6269825523049953
pool_turnover_froot_sp1,25,-0.7633217157745532,0.7751149124081387,0.9568842660474662,0.28513162668529
pool_turnover_leaf_sp1,25,-0.19046363730757684,0.3826738908685919,0.613017148366257,0.15264295147150406
pool_turnover_stem_sp1,25,0.9174934720099325,0.9254075966825882,0.809978370088665,0.24580258303513214
proj_cover,25,-4.641009474048101,4.750121995665136,5.619911536538207,1.6879580150407185
proj_fire_off,25,0.07757928817734314,0.07757928817734314,0.11992034557465037,0.04120768263103208
proj_fire_on,25,3.8477004717971894,3.858685467456108,3.8677880219756657,1.1436440744346088
proj_mortality,25,20.508851620352974,20.536031388988857,20.972462026821404,6.759175894704353
proj_thinning_delta,25,42.60006601312597,42.60006601312597,26.17410517417053,6.9674666554874864
roth_c_cover_c,25,0.773891511259733,0.9393514805708663,1.5130351872621164,0.4895037881588406
roth_c_dpm_frac_crop,25,-0.02972885485050391,0.02972885485050391,0.032367154642910116,0.010495875290752727
roth_c_dpm_frac_tree,25,1.1008237905790312,1.4919367487375381,2.120348820594503,0.5744791750804715
roth_c_moisture_b_slope,25,-2.2399640261001785,2.313239512300158,3.0100288240536175,0.986723214800207
roth_c_temp_a1,25,0.7360307545661213,0.7921908116689927,0.8984278928035017,0.2561518183043696
roth_c_temp_a2,25,-5.362240304880084,5.752744338141805,6.23678068022031,1.8482422244380565
thinning_fraction_branch_delta,25,0.04384781125376852,0.04384781125376852,0.06941841155725176,0.022276682911736238
thinning_fraction_croot_delta,25,0.005261248620509956,0.010256609019843415,0.017041275325894886,0.004046653580712585
thinning_fraction_froot_delta,25,0.006852883690677042,0.008706331393961902,0.016022385911184874,0.00453577390440478
thinning_fraction_leaf_delta,25,0.017624754589665094,0.017664034889873944,0.02479180966516858,0.00738233257605912
thinning_fraction_stem_delta,25,0.09598445421226702,0.09827964515035156,0.13489622080202068,0.03769539504253315
tree_carbon_sp1,25,-4.220546480942868,4.582254696491521,5.034807736830511,1.4451751500703578
tree_nitrogen_branch_sp1,25,0.068364692065262,0.068364692065262,0.06110926868616305,0.018346966792416014
tree_nitrogen_croot_sp1,25,0.2478557769756485,0.2478557769756485,0.35780642280485936,0.11087626147596792
tree_nitrogen_froot_sp1,25,0.007128920614136916,0.007128920614136916,0.008566936837282524,0.0030036900521135273
tree_nitrogen_leaf_sp1,25,1.451522551916272,1.451522551916272,1.8627527603698761,0.5317709313647485
tree_nitrogen_stem_sp1,25,0.004894827634878018,0.004894827634878018,0.005028744703054415,0.001587894228053101
tree_root_in_top_30,25,-2.2102700010215948,2.375267508301203,3.1828326318194207,1.0035474862291023
tree_root_to_shoot_sp1,25,-3.0251800603321923,3.435396432540439,4.509173891081617,1.3748701208902523
cy0,26,0.058267363667612405,0.268800328850708,0.39444205737170024,0.0892922857193779
clay,26,-1.5351208084366408,1.5401573319533088,2.325562024387724,0.6571798104770752
temp_ci_delta,26,0.7365889786575341,0.8119825758387529,1.1185560193064052,0.3656405577634865
rain_ci_delta,26,3.957290417828163,4.471795375629463,8.322670469708928,2.554534020442396
evap_ci_delta,26,-1.6660429244765251,1.7114679223285851,6.500878386364815,1.8321758762703895
ef_N_inputs,26,1.8011819068842396,2.188719161790872,2.870061887883636,0.7418617352515566
volatile_frac_organic_fertiliser,26,-0.01630156757300284,0.01630156757300284,0.009909378296539088,0.0030138450609991786
volatile_frac_synthetic_fertiliser,26,0.2120865563500211,0.2120865563500211,0.11442689071693633,0.035733729260370946
base_sf_qty_scale,26,-0.12171437219275161,0.12171437219275161,0.060011127386039795,0.017457688627474828
proj_lit_qty_scale,26,0.013066306145131096,0.019006048708161166,0.019026617219336295,0.0035872630676256085
base_stand_density_scale,26,0.0,0.0,0.0,0.0
proj_stand_density_scale,26,-9.254972495490719,10.656432336214538,12.539514101651612,3.5756626395909077
tree_wood_dens_sp1,26,-14.248836170258699,17.63496821424311,25.55010575826787,6.669140548111831
base_cover,26,0.6019678592673307,0.6265728832024126,0.4759018682107213,0.12053921126461856
base_fire_off,26,-0.07567880067863801,0.07567880067863801,0.14689869148455742,0.048394043003999694
base_fire_on,26,-0.21483894855112057,0.21483894855112057,0.17693186776109457,0.05845081333836758
base_sf_n_delta,26,-0.01205401284015054,0.01205401284015054,0.005283568101080995,0.0016692262153273154
crop_base_left_delta,26,0.2936695215608744,0.3160418308745887,0.21643366990419716,0.05350191003310916
crop_base_yield_delta,26,0.05971849017904224,0.11798436289086252,0.13364283362262439,0.025220441157587533
crop_carbon_above_sp3,26,0.028616228122348448,0.03308530956548099,0.029702125233914585,0.007719443275630631
crop_carbon_below_sp3,26,0.07628234123400182,0.07628234123400182,0.04099592193939871,0.009856421712097984
crop_intercept_sp3,26,0.006619056556718876,0.026842276110455775,0.036316184633186505,0.0086979714750631
crop_nitrogen_above_sp3,26,-0.03367589316494548,0.053199967104723654,0.0837408834583972,0.01818471554318347
crop_nitrogen_below_sp3,26,-0.06759884024286786,0.06759884024286786,0.0505802620510597,0.016310658067563443
crop_carbon_above_sp10,26,0.07031888252214266,0.07031888252214266,0.05019268284203892,0.013998887757478047
crop_carbon_below_sp10,26,0.03329880669992869,0.03430783265729616,0.02941650894878556,0.008524259305158348
crop_intercept_sp10,26,0.03238708660536334,0.05026260983742701,0.05695251163927773,0.010561207886641017
crop_nitrogen_above_sp10,26,-0.045703569131604296,0.045703569131604296,0.029841637006420917,0.008973887083694749
crop_nitrogen_below_sp10,26,-0.0231424356990931,0.023444840719467553,0.029404467166002257,0.008328548589453007
crop_proj_left_delta,26,-0.018999828267399033,0.05637649870013518,0.07060186061010869,0.013717712869005293
crop_proj_yield_delta,26,0.10709462382451403,0.12555982998906912,0.09563997694832387,0.021301401788320195
crop_root_in_top_30,26,0.07646979180210649,0.07890416105714071,0.06613510240868285,0.019889322701259954
crop_root_to_shoot_sp3,26,0.09949682215084947,0.10202385871921504,0.06814094617174654,0.01999630044287075
crop_slope_sp3,26,0.009639346760132946,0.026684664131321235,0.037298763807813363,0.008123409481829052
crop_root_to_shoot_sp10,26,0.04672138406438024,0.04682461623391361,0.04269147237890904,0.014544199598493658
crop_slope_sp10,26,0.02420922363090222,0.0790251721680785,0.0985712987930368,0.018537898860229645
cy0_to_ceq_multiplier,26,0.003969775508720139,0.03317915393933246,0.058423081737914315,0.013945805950338643
litter_carbon,26,-0.003870028549469895,0.003870028549469895,0.0015860637767685555,0.00043480808952880864
litter_nitrogen,26,0.013982065601878419,0.013982065601878419,0.007232994521155113,0.0024399858924108613
mortality_fraction_branch_delta,26,-0.05613812474503336,0.07196289919436219,0.0897737174460432,0.020257266060591923
mortality_fraction_croot_delta,26,-0.031109325309191815,0.03324492344826915,0.045176442149994056,0.011702539968408336
mortality_fraction_froot_delta,26,-0.02073791433145376,0.021841141077727617,0.027747025966547798,0.008625414316293465
mortality_fraction_leaf_delta,26,-0.007128519894390423,0.013637022269791872,0.018107339962484304,0.0041687114414680985
mortality_fraction_stem_delta,26,-0.11699606328487304,0.14497169398073578,0.19827463206044726,0.053244077681068765
pool_alloc_froot_sp1,26,-1.297511343963841,1.3687770275514513,1.6236018126468814,0.4982207069928855
pool_alloc_leaf_sp1,26,-0.38905828477928195,0.8575794654561152,1.056497632000357,0.2014225259385202
pool_alloc_stem_sp1,26,-0.5289330342093995,0.5479292825641464,0.9584580017738199,0.2605053546439615
pool_turnover_branch_sp1,26,3.5129199162449183,3.5598401205047474,3.8899427390052757,1.2062053488144602
pool_turnover_croot_sp1,26,-1.414915369470137,1.4675123749191,1.942375275991126,0.6514973322898654
pool_turnover_froot_sp1,26,-0.7834121547516368,0.797377239491871,0.9880819109233783,0.29401009354331875
pool_turnover_leaf_sp1,26,-0.19483426991040154,0.3926913860713237,0.6356841506549987,0.15838799590428945
pool_turnover_stem_sp1,26,0.9358548313742887,0.946785054094762,0.8394792802926048,0.2539465178949207
proj_cover,26,-4.7315438347730625,4.842518109992129,5.833131402130529,1.7562338672950686
proj_fire_off,26,0.0775792881773437,0.0775792881773437,0.11992034557465087,0.0412076826310324
proj_fire_on,26,3.9363644315804804,3.9504794570562796,3.9922006969817168,1.1814310251555737
proj_mortality,26,21.528901744867717,21.568736821798026,22.263625324409233,7.166124974124331
proj_thinning_delta,26,43.1900268313157,43.1900268313157,26.865422215379894,7.156997134620502
roth_c_cover_c,26,0.7974780828666145,0.9587797756888012,1.562716778270669,0.5090966983882486
roth_c_dpm_frac_crop,26,-0.02459324389178482,0.02459324389178482,0.029732449296866897,0.009670820962621115
roth_c_dpm_frac_tree,26,1.134026262060616,1.5308957260726448,2.1940320270932454,0.5982942487486722
roth_c_moisture_b_slope,26,-2.3192705634379345,2.395034687960051,3.1157547210137944,1.0178068246585732
roth_c_temp_a1,26,0.7634632870589815,0.8197692652351132,0.933307864381292,0.26623024509142074
roth_c_temp_a2,26,-5.546969799345437,5.938912342620146,6.471893629999326,1.924690815981195
thinning_fraction_branch_delta,26,0.041982745991244616,0.041982745991244616,0.06800598965777238,0.022041921815105833
thinning_fraction_croot_delta,26,0.004661803022017408,0.00999678690099517,0.016935882684425595,0.004038942894384972
thinning_fraction_froot_delta,26,0.006538473130122663,0.008475075440576069,0.01599050891592891,0.00452212586436206
thinning_fraction_leaf_delta,26,0.0168429874037856,0.016909657924882263,0.024465856355325506,0.0073378629332134316
thinning_fraction_stem_delta,26,0.0911049238874806,0.09360394005465726,0.12990279080469236,0.0362591140532813
tree_carbon_sp1,26,-4.306967289809512,4.666658329766166,5.185085540629733,1.494238452386565
tree_nitrogen_branch_sp1,26,0.07012803808554124,0.07012803808554124,0.0633127748405728,0.018971685687648447
tree_nitrogen_croot_sp1,26,0.2562573969701548,0.2562573969701548,0.3750381089414132,0.11617792827922285
tree_nitrogen_froot_sp1,26,0.0074040137573151725,0.0074040137573151725,0.009000051096611415,0.003158058891538628
tree_nitrogen_leaf_sp1,26,1.4984267105377813,1.4984267105377813,1.9469201761319719,0.5562481908745942
tree_nitrogen_stem_sp1,26,0.004999004702938931,0.004999004702938931,0.005241554761301589,0.001653885031524518
tree_root_in_top_30,26,-2.270154132690673,2.441581860046013,3.308980070514448,1.0462745620226273
tree_root_to_shoot_sp1,26,-3.073057068018175,3.4884731034357315,4.627498324796766,1.4172060018310317
cy0,27,0.050498710200048515,0.25362351683894835,0.37123651660584617,0.08304131188842372
clay,27,-1.5694400941771889,1.5790560771547661,2.4142471454950187,0.681298115688225
temp_ci_delta,27,0.7609986433881633,0.833861762509924,1.159553197674138,0.379726229986615
rain_ci_delta,27,4.078996066977285,4.611411278724101,8.63777053196197,2.6507134332829057
evap_ci_delta,27,-1.733643395604442,1.7778397400999186,6.7585370267275025,1.9058428841107709
ef_N_inputs,27,1.8905521191719152,2.282974349655956,3.004512003898307,0.7789904719729966
volatile_frac_organic_fertiliser,27,-0.016301567573003172,0.016301567573003172,0.009909378296539192,0.0030138450609991903
volatile_frac_synthetic_fertiliser,27,0.21208655635002108,0.21208655635002108,0.11442689071693621,0.035733729260370876
base_sf_qty_scale,27,-0.12171437219275347,0.12171437219275347,0.06001112738604003,0.017457688627474627
proj_lit_qty_scale,27,0.013644464192165463,0.019237281908868677,0.018945550163432644,0.003640872016041398
base_stand_density_scale,27,0.0,0.0,0.0,0.0
proj_stand_density_scale,27,-9.405067662213265,10.81190800608572,12.853233626696714,3.6640370795669015
tree_wood_dens_sp1,27,-14.549246676062378,17.947869866174752,26.306507693378233,6.885472488072997
base_cover,27,0.5741725274056753,0.6020658905436946,0.46430188611606527,0.11639436196588158
base_fire_off,27,-0.07567880067863841,0.07567880067863841,0.14689869148455864,0.04839404300400015
base_fire_on,27,-0.21300504415107602,0.21300504415107602,0.17306964504568523,0.05712678884656897
base_sf_n_delta,27,-0.012054012840149467,0.012054012840149467,0.005283568101080954,0.0016692262153270544
crop_base_left_delta,27,0.28759582212049706,0.3103971819243393,0.2145065154541719,0.052879460254682494
crop_base_yield_delta,27,0.05448830439411876,0.11632165296644037,0.13275122798859987,0.024505968721336896
crop_carbon_above_sp3,27,0.027279908463989273,0.032041503001785314,0.029294130203266235,0.007460989097118977
crop_carbon_below_sp3,27,0.07107714483167213,0.07107714483167213,0.03960288259259948,0.009557499910456423
crop_intercept_sp3,27,0.006529227485833798,0.026564132702721677,0.03595685103558698,0.008637290489786145
crop_nitrogen_above_sp3,27,-0.033675893164945236,0.053199967104722745,0.08374088345839649,0.018184715543183006
crop_nitrogen_below_sp3,27,-0.06759884024286868,0.06759884024286868,0.05058026205105887,0.016310658067563086
crop_carbon_above_sp10,27,0.06855558552704018,0.06855558552704018,0.04934641852578325,0.013732229674918195
crop_carbon_below_sp10,27,0.032466863403297866,0.0335096503349223,0.028921144307575492,0.008345629090495613
crop_intercept_sp10,27,0.030886567739884657,0.0494749044025639,0.056373716706376656,0.010284166587214065
crop_nitrogen_above_sp10,27,-0.04570356913160252,0.04570356913160252,0.029841637006422082,0.008973887083695068
crop_nitrogen_below_sp10,27,-0.023142435699093668,0.023444840719468153,0.029404467166001837,0.008328548589452764
crop_proj_left_delta,27,-0.020641444264477612,0.05631108664833588,0.07044222880996878,0.013970699119254193
crop_proj_yield_delta,27,0.10870658423799111,0.12634590105313553,0.09552400312204154,0.021580194656261025
crop_root_in_top_30,27,0.07133379945581539,0.0742962596045011,0.06417748651774706,0.01919541914958574
crop_root_to_shoot_sp3,27,0.09095909013585476,0.0943817516614968,0.06585887156213781,0.019050558046150384
crop_slope_sp3,27,0.005618641217908888,0.026212864589406176,0.03679822960688802,0.007679342829597038
crop_root_to_shoot_sp10,27,0.04514511999860792,0.04527882221127678,0.041713615657465355,0.014196114501562516
crop_slope_sp10,27,0.020666858892238002,0.07762930937348972,0.09786931899564189,0.01834581732858203
cy0_to_ceq_multiplier,27,0.002931014106813043,0.031354731713979615,0.05511628114133947,0.013107341488808589
litter_carbon,27,-0.003774330689835409,0.003774330689835409,0.0015658261889218074,0.0004299119688252224
litter_nitrogen,27,0.013982065601878419,0.013982065601878419,0.007232994521154958,0.0024399858924107295
mortality_fraction_branch_delta,27,-0.05694813854317944,0.07313191507071841,0.09137925917670127,0.02057639568498814
mortality_fraction_croot_delta,27,-0.03153403740042459,0.0337539375550648,0.04593154654557399,0.011895969343836348
mortality_fraction_froot_delta,27,-0.020992607875562185,0.022150399074917938,0.028312799730220994,0.00880043571489686
mortality_fraction_leaf_delta,27,-0.007072544372968404,0.013723403912344811,0.018345476487757438,0.0042379384872172545
mortality_fraction_stem_delta,27,-0.11918599554995901,0.14803842313144414,0.2032023479142776,0.05460588905379179
pool_alloc_froot_sp1,27,-1.3276362051335444,1.4029343871831987,1.6800037396268492,0.5149822584843149
pool_alloc_leaf_sp1,27,-0.38914895825022044,0.8631982295828695,1.0675369808164352,0.203521047353905
pool_alloc_stem_sp1,27,-0.5408995009484563,0.5608669137806753,0.9924412114793885,0.2701342406022383
pool_turnover_branch_sp1,27,3.578778290942954,3.6380435148702865,4.046018240503758,1.2533961317172475
pool_turnover_croot_sp1,27,-1.4525895083541478,1.5092025977285377,2.0184557532957226,0.6763743915731634
pool_turnover_froot_sp1,27,-0.8036247811279515,0.8197854210337653,1.019138339333931,0.3028124127529915
pool_turnover_leaf_sp1,27,-0.19905150564383348,0.402510357458653,0.6587119292621239,0.16427339707582894
pool_turnover_stem_sp1,27,0.9503235172707891,0.9646684334937717,0.8659348823611841,0.2609991063032827
proj_cover,27,-4.825235698364706,4.937401579937733,6.052791795202622,1.8260685026152508
proj_fire_off,27,0.0775792881773438,0.0775792881773438,0.1199203455746511,0.04120768263103237
proj_fire_on,27,4.024122648133879,4.042644024186611,4.117047419633811,1.2192406196687282
proj_mortality,27,22.548951849258934,22.620134903813074,23.568193274521448,7.572014692692376
proj_thinning_delta,27,43.699465690170065,43.699465690170065,27.544276564675798,7.344475071742163
roth_c_cover_c,27,0.8226536051464581,0.9820499875646445,1.6163653148392414,0.5286772866668914
roth_c_dpm_frac_crop,27,-0.020749188257432483,0.020749188257432483,0.02723005857224391,0.008874219301604385
roth_c_dpm_frac_tree,27,1.164769162009439,1.5671543117723359,2.2645393755191447,0.6209365771299026
roth_c_moisture_b_slope,27,-2.3980849901562302,2.4766745583222423,3.2226163539085095,1.0493765854943948
roth_c_temp_a1,27,0.7910810007453067,0.8474630691205374,0.9696415383842182,0.27675288726396513
roth_c_temp_a2,27,-5.732724876456526,6.123737233781687,6.715012223165233,2.004610666017374
thinning_fraction_branch_delta,27,0.04060680918726826,0.040735066640749364,0.06684634614892031,0.02179434318618776
thinning_fraction_croot_delta,27,0.004327904990275547,0.009831772630885135,0.016900358520741027,0.004064250977889639
thinning_fraction_froot_delta,27,0.006332260201942358,0.008281035197036862,0.015906233497535345,0.004495616512780316
thinning_fraction_leaf_delta,27,0.01623580293054851,0.016315467342070795,0.024231035723711287,0.007324803921005249
thinning_fraction_stem_delta,27,0.08744995396674213,0.09003809163228882,0.1257727296926152,0.0351070133909824
tree_carbon_sp1,27,-4.3855621359673505,4.742957079792721,5.331066812399106,1.5420748335472771
tree_nitrogen_branch_sp1,27,0.07190425378642563,0.07190425378642563,0.06557942229728349,0.019614783577938166
tree_nitrogen_croot_sp1,27,0.26478911890183815,0.26478911890183815,0.39275939763043355,0.1216287500771452
tree_nitrogen_froot_sp1,27,0.007685363759240174,0.007685363759240174,0.009445674266728673,0.0033168868556702038
tree_nitrogen_leaf_sp1,27,1.5460515364547172,1.5460515364547172,2.032855682318332,0.5813082903624035
tree_nitrogen_stem_sp1,27,0.005105605087154544,0.005105605087154544,0.00546066597202011,0.0017220007067396347
tree_root_in_top_30,27,-2.3288806631955516,2.506080134237398,3.4353946450931323,1.0893499025448137
tree_root_to_shoot_sp1,27,-3.1148033399019734,3.536226000195488,4.741262876443395,1.4581617031015386
cy0,28,0.04330436550059428,0.23879412097398842,0.3513732185343827,0.07817146729963324
clay,28,-1.6040044638772883,1.6185755951478167,2.5038512996398716,0.7055349534065032
temp_ci_delta,28,0.7851789592719236,0.8582574992478751,1.201873870266522,0.3938918968185062
rain_ci_delta,28,4.203896210312427,4.751252779875957,8.955388629466057,2.7484103624026557
evap_ci_delta,28,-1.803639289226996,1.8465184197377766,7.026644972589739,1.982251438624114
ef_N_inputs,28,1.9810944884659374,2.3782780747590953,3.1419343889801357,0.8170360835246856
volatile_frac_organic_fertiliser,28,-0.01630156757300328,0.01630156757300328,0.009909378296539218,0.003013845060999195
volatile_frac_synthetic_fertiliser,28,0.21208655635002044,0.21208655635002044,0.1144268907169363,0.035733729260370835
base_sf_qty_scale,28,-0.12171437219275263,0.12171437219275263,0.06001112738603975,0.017457688627474655
proj_lit_qty_scale,28,0.014196634457695164,0.019475573294841262,0.018869510454619307,0.0036990786374981838
base_stand_density_scale,28,0.0,0.0,0.0,0.0
proj_stand_density_scale,28,-9.532708852530584,10.946031946189617,13.153481047674854,3.7475036736004874
tree_wood_dens_sp1,28,-14.819586725737437,18.235312751002333,27.041359904036806,7.095945758100448
base_cover,28,0.5477705405091564,0.5785357701867057,0.4539110970738304,0.11283529854231936
base_fire_off,28,-0.07567880067863837,0.07567880067863837,0.14689869148455864,0.04839404300400016
base_fire_on,28,-0.21123246726434827,0.21123246726434827,0.16935976937411187,0.05585409949705598
base_sf_n_delta,28,-0.012054012840149508,0.012054012840149508,0.005283568101080459,0.0016692262153268531
crop_base_left_delta,28,0.2817465009693019,0.304965378560249,0.21271728504134146,0.05231074877186086
crop_base_yield_delta,28,0.04946280633368699,0.11476546618731809,0.13199147025429336,0.0239215577596075
crop_carbon_above_sp3,28,0.0262128603424693,0.031130203438445865,0.028885050729423316,0.007264641881039291
crop_carbon_below_sp3,28,0.06693981305314513,0.06693981305314513,0.03857424041035607,0.009369981170477552
crop_intercept_sp3,28,0.006446061814894541,0.02629744462203293,0.035625065864960385,0.008583765033335045
crop_nitrogen_above_sp3,28,-0.03367589316494528,0.05319996710472352,0.08374088345839435,0.018184715543181934
crop_nitrogen_below_sp3,28,-0.06759884024286776,0.06759884024286776,0.050580262051057874,0.01631065806756273
crop_carbon_above_sp10,28,0.0668888866396346,0.0668888866396346,0.04855961068080444,0.013484317834623713
crop_carbon_below_sp10,28,0.03167796368529831,0.03275155017204431,0.02845832248068899,0.008179828473322983
crop_intercept_sp10,28,0.02947353358841832,0.04879888732237696,0.05585878151699195,0.010014483447930059
crop_nitrogen_above_sp10,28,-0.045703569131603304,0.045703569131603304,0.029841637006421604,0.00897388708369486
crop_nitrogen_below_sp10,28,-0.023142435699092783,0.02344484071946727,0.029404467166002878,0.008328548589453155
crop_proj_left_delta,28,-0.02159968393279269,0.056168640865281394,0.0702633043259374,0.014130237997423089
crop_proj_yield_delta,28,0.1103012648891317,0.12712239213165705,0.09541571244978675,0.021864497390886063
crop_root_in_top_30,28,0.06714189894681241,0.07051717973274858,0.06250592558269091,0.018628044726723518
crop_root_to_shoot_sp3,28,0.0841141230651897,0.08834752117059458,0.06395868776447253,0.018258051528184268
crop_slope_sp3,28,0.002398575991953264,0.026014307375866873,0.03633564351687182,0.007336633678434382
crop_root_to_shoot_sp10,28,0.043658223320673394,0.04382038544805378,0.040824935902352276,0.013879453506619148
crop_slope_sp10,28,0.01729836149790951,0.07631188288082656,0.09724177069476297,0.018215396918769666
cy0_to_ceq_multiplier,28,0.002007864559521508,0.02973034728750059,0.05226063094741743,0.012433876165757857
litter_carbon,28,-0.003682607600030546,0.003682607600030546,0.0015472973795465578,0.00042545132999998944
litter_nitrogen,28,0.013982065601878285,0.013982065601878285,0.007232994521154074,0.0024399858924105994
mortality_fraction_branch_delta,28,-0.05764144033791839,0.07419929443204089,0.09288619085702753,0.020869513122101044
mortality_fraction_croot_delta,28,-0.03192121533901961,0.03422121460228411,0.046641867185308716,0.012079236755413413
mortality_fraction_froot_delta,28,-0.02121930398091949,0.022432751048064914,0.028847165181092278,0.00896358822289585
mortality_fraction_leaf_delta,28,-0.006989408213637816,0.013792540055987856,0.018560613943624602,0.0042967308486524716
mortality_fraction_stem_delta,28,-0.12124115397638209,0.15090172328831375,0.20794096372632662,0.055927174098737605
pool_alloc_froot_sp1,28,-1.3564395165862826,1.4354762081419796,1.7357825366272044,0.5316258424896141
pool_alloc_leaf_sp1,28,-0.3875964008739915,0.8671260907492414,1.0769631689620531,0.20528852904357328
pool_alloc_stem_sp1,28,-0.5516002160288013,0.5725825342273849,1.0247358017945072,0.2792877958552549
pool_turnover_branch_sp1,28,3.629929305874943,3.7012627189074743,4.1895784980532715,1.296998642511845
pool_turnover_croot_sp1,28,-1.4902036580833251,1.5506017518195994,2.0952313712317694,0.7015260534813561
pool_turnover_froot_sp1,28,-0.823851866837152,0.8420480055949774,1.0498981912753647,0.31153404420517056
pool_turnover_leaf_sp1,28,-0.20307404057885003,0.41206866575590084,0.6820123265038629,0.1702744599977564
pool_turnover_stem_sp1,28,0.9604889353007418,0.9783364448506072,0.8888931448584433,0.2670401842694252
proj_cover,28,-4.9203321415000705,5.032025015996507,6.2766314473958875,1.8972394237469858
proj_fire_off,28,0.0775792881773445,0.0775792881773445,0.1199203455746524,0.041207682631032826
proj_fire_on,28,4.110988913909663,4.134204141622603,4.241958717626222,1.2570307869758848
proj_mortality,28,23.563309440695264,23.67267212885714,24.879980323291374,7.976526211065982
proj_thinning_delta,28,44.1183142337714,44.1183142337714,28.20700785566425,7.528866446385461
roth_c_cover_c,28,0.8488981778709693,1.0063382763743745,1.6732394588529913,0.5491780619064575
roth_c_dpm_frac_crop,28,-0.01779123806800886,0.01779123806800886,0.024931679663460767,0.00813467354647377
roth_c_dpm_frac_tree,28,1.1931054323541903,1.6004666164356887,2.331533426126144,0.6424232307331775
roth_c_moisture_b_slope,28,-2.4755615807554228,2.5563297267576495,3.3295397479365705,1.081219044275763
roth_c_temp_a1,28,0.8186144164684453,0.8747959324288701,1.0072122111683335,0.2876970213411508
roth_c_temp_a2,28,-5.917028982668645,6.312191699554613,6.9636821717944475,2.0831679950710162
thinning_fraction_branch_delta,28,0.03957395765289086,0.03990887306216557,0.06582009256880034,0.021528021747645194
thinning_fraction_croot_delta,28,0.004181048893225505,0.009725432329188419,0.016880028179825486,0.004099646327991836
thinning_fraction_froot_delta,28,0.006199051729964039,0.008113089604498563,0.015775084698348357,0.004455560142825408
thinning_fraction_leaf_delta,28,0.01575600783927105,0.01588667825839752,0.024040229144927552,0.007314335440747652
thinning_fraction_stem_delta,28,0.08466503863511293,0.08725753677831477,0.1222557131628326,0.03415152136178171
tree_carbon_sp1,28,-4.455667627191834,4.810422383347318,5.471763720879876,1.5883634754419134
tree_nitrogen_branch_sp1,28,0.07368757620036007,0.07368757620036007,0.06790351314168036,0.020274651051644797
tree_nitrogen_croot_sp1,28,0.27342999093759074,0.27342999093759074,0.41094339398746954,0.1272203706890584
tree_nitrogen_froot_sp1,28,0.007972403707516585,0.007972403707516585,0.009903185227769121,0.0034799559135918535
tree_nitrogen_leaf_sp1,28,1.5942680030655973,1.5942680030655973,2.1203775403810767,0.6069002087764607
tree_nitrogen_stem_sp1,28,0.0052142569963541914,0.0052142569963541914,0.005685401307785555,0.0017920299994311725
tree_root_in_top_30,28,-2.386172749418909,2.5684526747840963,3.561460061310316,1.1325473490999616
tree_root_to_shoot_sp1,28,-3.150084200996517,3.5775013618697344,4.849555092466418,1.497617273143713
cy0,29,0.03664308240463025,0.22504135703136724,0.33464304000696204,0.07458343668548256
clay,29,-1.6385410905595683,1.6577550404387964,2.5937738766907557,0.7300070409080247
temp_ci_delta,29,0.8088845871887642,0.8826175495073715,1.2450497906952218,0.4083039137014777
rain_ci_delta,29,4.3299708867348246,4.892853539211749,9.272988915266302,2.845930998556969
evap_ci_delta,29,-1.8754540954611971,1.9169883212786094,7.30299715485584,2.060828351141744
ef_N_inputs,29,2.0725511671404577,2.4750403286035603,3.2820440648344533,0.855750112533584
volatile_frac_organic_fertiliser,29,-0.016301567573003165,0.016301567573003165,0.009909378296539205,0.0030138450609991973
volatile_frac_synthetic_fertiliser,29,0.21208655635002124,0.21208655635002124,0.11442689071693582,0.035733729260370946
base_sf_qty_scale,29,-0.1217143721927533,0.1217143721927533,0.06001112738603998,0.017457688627474613
proj_lit_qty_scale,29,0.014725274076349052,0.019703820525696726,0.0187976471255363,0.0037605236336708146
base_stand_density_scale,29,0.0,0.0,0.0,0.0
proj_stand_density_scale,29,-9.636189950707065,11.056538418012762,13.437477154517621,3.8254177131549176
tree_wood_dens_sp1,29,-15.057013966895926,18.490168386706355,27.748635458441704,7.299545421347727
base_cover,29,0.5226821802939522,0.5564484479031295,0.4445957496429197,0.1094561919053592
base_fire_off,29,-0.07567880067863839,0.07567880067863839,0.14689869148455864,0.04839404300400015
base_fire_on,29,-0.20951646809947921,0.20951646809947921,0.1657919298459664,0.054629007132057386
base_sf_n_delta,29,-0.012054012840150199,0.012054012840150199,0.005283568101081111,0.0016692262153273044
crop_base_left_delta,29,0.27610170301022824,0.29972684482941475,0.21104542242183644,0.05178849106582274
crop_base_yield_delta,29,0.04462144395848916,0.11329982122364787,0.13134137855063246,0.023458165863634122
crop_carbon_above_sp3,29,0.02532826778872912,0.03031230740033323,0.028477906121432056,0.00710904160062069
crop_carbon_below_sp3,29,0.06355758118909488,0.06355758118909488,0.03780548150044713,0.009258174327046198
crop_intercept_sp3,29,0.0063677091382964915,0.026059948452313818,0.03531748667224934,0.00853134682108521
crop_nitrogen_above_sp3,29,-0.03367589316494477,0.05319996710472228,0.08374088345839886,0.018184715543184026
crop_nitrogen_below_sp3,29,-0.06759884024286734,0.06759884024286734,0.0505802620510596,0.01631065806756342
crop_carbon_above_sp10,29,0.0653070229160467,0.0653070229160467,0.0478265890522666,0.01325337011718435
crop_carbon_below_sp10,29,0.030926737740320683,0.0320283479380625,0.02802389557111812,0.0080253281171689
crop_intercept_sp10,29,0.028137465477038624,0.04816857189749996,0.05539897101281748,0.00977437421381809
crop_nitrogen_above_sp10,29,-0.045703569131603394,0.045703569131603394,0.029841637006421562,0.008973887083695009
crop_nitrogen_below_sp10,29,-0.0231424356990931,0.023444840719467553,0.029404467166002257,0.008328548589453134
crop_proj_left_delta,29,-0.02208878639015558,0.055976046136461385,0.07006301485312785,0.014212966685959528
crop_proj_yield_delta,29,0.11187427128900315,0.12788757942368875,0.09531423725644922,0.022152167194397682
crop_root_in_top_30,29,0.06359601867767474,0.06731262910409358,0.06107120682877606,0.018156436296141856
crop_root_to_shoot_sp3,29,0.07846738130836423,0.08343185816442268,0.06240241694031099,0.01761020077089998
crop_slope_sp3,29,-0.0002543345896936416,0.02603961446770593,0.03592396991218752,0.0070907201645716315
crop_root_to_shoot_sp10,29,0.04225041910654835,0.042526080161863274,0.04001528060796692,0.013561157138822551
crop_slope_sp10,29,0.014083173878038844,0.07514115140406667,0.09667581766227508,0.018120381752985328
cy0_to_ceq_multiplier,29,0.001184334611579782,0.028288944298421846,0.04979223535446521,0.011896977949703806
litter_carbon,29,-0.0035944876419996773,0.0035944876419996773,0.001530183628034164,0.0004213483198697663
litter_nitrogen,29,0.01398206560187766,0.01398206560187766,0.007232994521154267,0.0024399858924105014
mortality_fraction_branch_delta,29,-0.05820766757454756,0.07514969490660221,0.09428145286250343,0.02113518085032913
mortality_fraction_croot_delta,29,-0.03226682820315021,0.03464183999887035,0.04730017593561441,0.012250532645383902
mortality_fraction_froot_delta,29,-0.02141440443130188,0.02268580440768886,0.02934505851094561,0.009112854612657213
mortality_fraction_leaf_delta,29,-0.0068770968446398625,0.01383502393409195,0.018751181891103016,0.004348299140118281
mortality_fraction_stem_delta,29,-0.1231399687303856,0.15357399681692532,0.2124629990245231,0.05720146885513512
pool_alloc_froot_sp1,29,-1.3837172741606767,1.4661978154466302,1.7906669946190215,0.5480649086781568
pool_alloc_leaf_sp1,29,-0.3842538258813145,0.8691597564509577,1.08456625018522,0.2066986184956737
pool_alloc_stem_sp1,29,-0.5608898145809313,0.5828923799373984,1.0549955135111284,0.28788738166641753
pool_turnover_branch_sp1,29,3.6648812030038784,3.747374812955782,4.318468394486909,1.3364833823208928
pool_turnover_croot_sp1,29,-1.5276175513043164,1.5915443589276705,2.1723832330381128,0.7268496765128387
pool_turnover_froot_sp1,29,-0.8439633901934911,0.864319890750352,1.0802020282325042,0.32016475386164817
pool_turnover_leaf_sp1,29,-0.20684579806178643,0.42129984798211745,0.7054911729041295,0.1763641279389355
pool_turnover_stem_sp1,29,0.965959662381773,0.9870381310246248,0.9079124904875608,0.27202194146660624
proj_cover,29,-5.015567403366239,5.127093802012022,6.502652129825119,1.9683395998053808
proj_fire_off,29,0.07757928817734407,0.07757928817734407,0.11992034557465235,0.041207682631032874
proj_fire_on,29,4.196809101929236,4.224795493962103,4.366504874350162,1.2947095343144515
proj_mortality,29,24.56574978045338,24.7164118235358,26.19223802147614,8.379447497752114
proj_thinning_delta,29,44.43716532399229,44.43716532399229,28.849420851432455,7.708975669569456
roth_c_cover_c,29,0.8758056582049912,1.0308803342599329,1.7326827707754149,0.5705892269496348
roth_c_dpm_frac_crop,29,-0.015460990022028253,0.015460990022028253,0.022853499773555414,0.007461072910945991
roth_c_dpm_frac_tree,29,1.218955224854735,1.630580363051599,2.3946967176322147,0.6627431778500285
roth_c_moisture_b_slope,29,-2.551128732514349,2.6335172505928455,3.4357287785677353,1.1130324944584176
roth_c_temp_a1,29,0.845860036841502,0.9016453613594813,1.0457812315581232,0.2989607655864039
roth_c_temp_a2,29,-6.098147555733652,6.4977704167147765,7.215830102727882,2.1626547450263516
thinning_fraction_branch_delta,29,0.038784780712729575,0.03927467298000458,0.06485605387982248,0.02126303172277333
thinning_fraction_croot_delta,29,0.004167655529080339,0.009676560648287003,0.01684704701411632,0.00413255457468287
thinning_fraction_froot_delta,29,0.006115462588934051,0.00796262600730333,0.015603136533295552,0.004403190673793184
thinning_fraction_leaf_delta,29,0.015370112117017993,0.015552898504007146,0.02386604895815931,0.0073033934321243684
thinning_fraction_stem_delta,29,0.08250569061699603,0.085039712726588,0.11918723171153003,0.03333455972257565
tree_carbon_sp1,29,-4.516574717277836,4.868309447761685,5.606165433685735,1.6327721831248068
tree_nitrogen_branch_sp1,29,0.07547187186688195,0.07547187186688195,0.07027873582344456,0.02094949812204484
tree_nitrogen_croot_sp1,29,0.28215710806477967,0.28215710806477967,0.4295587092124156,0.132943061903069
tree_nitrogen_froot_sp1,29,0.008264498210169686,0.008264498210169686,0.010371852803289972,0.003647008835122464
tree_nitrogen_leaf_sp1,29,1.6429357781227847,1.6429357781227847,2.209283011501821,0.6329666192701434
tree_nitrogen_stem_sp1,29,0.0053245618304713195,0.0053245618304713195,0.005915058135163808,0.0018637522116146043
tree_root_in_top_30,29,-2.4416773991940377,2.6283445947616033,3.6865435445648873,1.1756332041692599
tree_root_to_shoot_sp1,29,-3.1784925508529,3.6117213296799546,4.951462119656371,1.535269513136792
cy0,30,0.030476760636146804,0.2124797812300077,0.32081368582088526,0.07218110071867177
clay,30,-1.6727872119881542,1.696346526081229,2.6834497168480573,0.7545432863542322
temp_ci_delta,30,0.8319229193929555,0.9065148374670817,1.2886462205845073,0.4228316773686655
rain_ci_delta,30,4.4555953694094965,5.030128664373391,9.588354655820785,2.9437599818872764
evap_ci_delta,30,-1.948549976823736,1.988749257818697,7.585506397090013,2.14102775363398
ef_N_inputs,30,2.164644152008267,2.573640734312567,3.4245234682060777,0.8948784547170829
volatile_frac_organic_fertiliser,30,-0.016301567573003307,0.016301567573003307,0.00990937829653925,0.003013845060999238
volatile_frac_synthetic_fertiliser,30,0.21208655635002088,0.21208655635002088,0.11442689071693617,0.03573372926037096
base_sf_qty_scale,30,-0.12171437219275352,0.12171437219275352,0.06001112738604065,0.017457688627474797
proj_lit_qty_scale,30,0.015232463091675122,0.019922755306116514,0.01872928203903003,0.003824498643011014
base_stand_density_scale,30,0.0,0.0,0.0,0.0
proj_stand_density_scale,30,-9.713746917680405,11.141247556356678,13.70248906709384,3.8971155657032313
tree_wood_dens_sp1,30,-15.258581054550195,18.70863031652301,28.422340225088508,7.494809593087305
base_cover,30,0.4988339074279903,0.5360488348116226,0.43623402499176966,0.10599945242952308
base_fire_off,30,-0.07567880067863922,0.07567880067863922,0.1468986914845602,0.04839404300400078
base_fire_on,30,-0.20785302168875033,0.20785302168875033,0.162357497381347,0.05344841060741284
base_sf_n_delta,30,-0.012054012840149574,0.012054012840149574,0.005283568101080894,0.0016692262153270873
crop_base_left_delta,30,0.2706434865672844,0.2946641314478421,0.20947462940434158,0.05130659413268379
crop_base_yield_delta,30,0.03994772681215232,0.11191093287089951,0.1307824431322104,0.0231078607997719
crop_carbon_above_sp3,30,0.02457108129007337,0.029612175360269256,0.02807600990923135,0.006983745866352014
crop_carbon_below_sp3,30,0.06072446791624061,0.06072446791624061,0.0372247008257634,0.009197667504874961
crop_intercept_sp3,30,0.0062935145780472655,0.025913759713455407,0.03503122783269831,0.008468837492855376
crop_nitrogen_above_sp3,30,-0.03367589316494576,0.05319996710472417,0.08374088345839895,0.018184715543183058
crop_nitrogen_below_sp3,30,-0.06759884024286784,0.06759884024286784,0.05058026205105983,0.016310658067563502
crop_carbon_above_sp10,30,0.06380094949771832,0.06380094949771832,0.047138670993228715,0.013037063978110284
crop_carbon_below_sp10,30,0.030209331986482686,0.03133666687679682,0.027613971398168957,0.007880690999962388
crop_intercept_sp10,30,0.02686944914803846,0.047578088014134844,0.05498711827963652,0.009560905415726358
crop_nitrogen_above_sp10,30,-0.045703569131603394,0.045703569131603394,0.02984163700642151,0.008973887083694888
crop_nitrogen_below_sp10,30,-0.023142435699091943,0.023444840719466446,0.029404467166002788,0.008328548589452912
crop_proj_left_delta,30,-0.022247215185564544,0.05574992029006085,0.06984165375191642,0.014234698203384352
crop_proj_yield_delta,30,0.11342253174557584,0.12864030262635884,0.0952189510080324,0.02244153520582363
crop_root_in_top_30,30,0.060510703624335097,0.06452199071870474,0.059830557103368,0.017759179125130982
crop_root_to_shoot_sp3,30,0.07369773895747475,0.07928025599340208,0.06113518034052046,0.01710002555648176
crop_slope_sp3,30,-0.0024919138874337277,0.026482060335697832,0.03556488194828757,0.006857014347117971
crop_root_to_shoot_sp10,30,0.04091329698610603,0.04130389817467535,0.03927606371801012,0.0132671399367553
crop_slope_sp10,30,0.01100341400513559,0.07424500709968854,0.09616097766295274,0.01795708180267048
cy0_to_ceq_multiplier,30,0.0004475838412884875,0.02699155630401001,0.04765417805352183,0.011455521647133855
litter_carbon,30,-0.0035096647439543218,0.0035096647439543218,0.0015142486686204426,0.0004175422037284442
litter_nitrogen,30,0.01398206560187791,0.01398206560187791,0.00723299452115529,0.0024399858924106324
mortality_fraction_branch_delta,30,-0.058635640138740654,0.07596805990790904,0.09555210127422405,0.021371700321673015
mortality_fraction_croot_delta,30,-0.032566489322931144,0.03501085362008455,0.0478994237163745,0.012408068212714242
mortality_fraction_froot_delta,30,-0.021574194260531525,0.02289825175869707,0.02980144774409366,0.00925060593909559
mortality_fraction_leaf_delta,30,-0.006733435024727152,0.013842111066723273,0.0189158056390077,0.0043956062084596955
mortality_fraction_stem_delta,30,-0.12485884644779074,0.1562205387694561,0.2167396204882174,0.05841934876352089
pool_alloc_froot_sp1,30,-1.409245608393276,1.4948791139589837,1.844366858156429,0.5642056676441624
pool_alloc_leaf_sp1,30,-0.3789682627556984,0.8691075011561523,1.0901598166586388,0.20773387298214008
pool_alloc_stem_sp1,30,-0.5686243721389377,0.5915734349473522,1.0828771907015566,0.2958793409013301
pool_turnover_branch_sp1,30,3.6822337290762293,3.7748938791410027,4.430570898491856,1.37119359232399
pool_turnover_croot_sp1,30,-1.5646413832939525,1.6318260726391245,2.249562226413944,0.7522289263422598
pool_turnover_froot_sp1,30,-0.863812228931026,0.8862965475400075,1.109885179002886,0.32863767790414183
pool_turnover_leaf_sp1,30,-0.21030096985935137,0.4301336089211679,0.7290476858238931,0.18251346183254355
pool_turnover_stem_sp1,30,0.9663765787831947,0.990403092776444,0.9225735326436455,0.275816939364973
proj_cover,30,-5.10988421578834,5.230943437652888,6.7290464256740306,2.038027284377301
proj_fire_off,30,0.07757928817734358,0.07757928817734358,0.11992034557465026,0.04120768263103216
proj_fire_on,30,4.281329572547514,4.31402553823358,4.490230816895006,1.332164529138768
proj_mortality,30,25.549609399780287,25.7422889817751,27.49771182121464,8.77888282674594
proj_thinning_delta,30,44.64725810552344,44.64725810552344,29.466935590013403,7.88348114442978
roth_c_cover_c,30,0.9030395948865826,1.0581695295855256,1.794105499488208,0.591637463869409
roth_c_dpm_frac_crop,30,-0.013587291764857448,0.013587291764857448,0.020986871498907482,0.006852953817618216
roth_c_dpm_frac_tree,30,1.2421541089334966,1.6572398341271704,2.4537088062382635,0.681859406358288
roth_c_moisture_b_slope,30,-2.624339764311868,2.7079274233371864,3.540535605299354,1.1445451071472772
roth_c_temp_a1,30,0.8726455234242609,0.9278896645210286,1.0851024246048788,0.3104482699583226
roth_c_temp_a2,30,-6.2747045895082465,6.678128741687689,7.469644300451908,2.243185098030124
thinning_fraction_branch_delta,30,0.03816995177447282,0.03877224673122885,0.06391313459638708,0.020990027675764175
thinning_fraction_croot_delta,30,0.004250354295373687,0.009656667767606836,0.016788523851678165,0.004157270606984081
thinning_fraction_froot_delta,30,0.006065734457864058,0.00782305489447962,0.015396118206194723,0.004340340819082118
thinning_fraction_leaf_delta,30,0.015053699947023453,0.015266803727106409,0.023692882671782354,0.007291024921550417
thinning_fraction_stem_delta,30,0.08080057790561648,0.08322937792551344,0.1164553934730343,0.032616867955500936
tree_carbon_sp1,30,-4.567560565578498,4.9158776778988145,5.733247589203168,1.674962579365093
tree_nitrogen_branch_sp1,30,0.07725066862003337,0.07725066862003337,0.07269817807567909,0.021637357676328944
tree_nitrogen_croot_sp1,30,0.2909457011811266,0.2909457011811266,0.44856942188001087,0.13878571269896994
tree_nitrogen_froot_sp1,30,0.008560944559942985,0.008560944559942985,0.010850834241846756,0.0038177486445592312
tree_nitrogen_leaf_sp1,30,1.691903797288947,1.691903797288947,2.2993486708083135,0.6594439400827422
tree_nitrogen_stem_sp1,30,0.005436095684903291,0.005436095684903291,0.006148904786889591,0.0019369363936718824
tree_root_in_top_30,30,-2.4949924421199063,2.685370264789635,3.8099904093397376,1.2183652447376412
tree_root_to_shoot_sp1,30,-3.1995896519631386,3.638326544595831,5.046080043616031,1.5708074233225713
cy0,31,0.024768875721946016,0.205546278691581,0.30962931801645016,0.0694498800545273
clay,31,-1.7064806951618614,1.734702018420744,2.7723345010166427,0.7788838141566073
temp_ci_delta,31,0.8541285199231812,0.9297614090576285,1.332257792886335,0.437335242362434
rain_ci_delta,31,4.579383640202671,5.162589557291269,9.899441976319789,3.0410801691944678
evap_ci_delta,31,-2.0224112209264122,2.0613077186903217,7.872158809674871,2.2223190301491123
ef_N_inputs,31,2.2570767658740367,2.672410966198912,3.569023073026595,0.9346589923076782
volatile_frac_organic_fertiliser,31,-0.016301567573003245,0.016301567573003245,0.00990937829653924,0.003013845060999201
volatile_frac_synthetic_fertiliser,31,0.21208655635002108,0.21208655635002108,0.11442689071693624,0.035733729260370994
base_sf_qty_scale,31,-0.12171437219275347,0.12171437219275347,0.06001112738603975,0.017457688627474554
proj_lit_qty_scale,31,0.015719993710463544,0.02013302648943508,0.018663899828573877,0.0038904325005262377
base_stand_density_scale,31,0.0,0.0,0.0,0.0
proj_stand_density_scale,31,-9.763651766819196,11.1981064866782,13.945855710212276,3.961939171237476
tree_wood_dens_sp1,31,-15.421365436394037,18.88709951132232,29.05655105441221,7.680255779484024
base_cover,31,0.47615766820716876,0.5163956160337142,0.4287142577625086,0.10301650467188692
base_fire_off,31,-0.07567880067863868,0.07567880067863868,0.14689869148455936,0.04839404300400047
base_fire_on,31,-0.2062386014231262,0.2062386014231262,0.15904869192731086,0.05230947783579985
base_sf_n_delta,31,-0.012054012840149907,0.012054012840149907,0.005283568101079496,0.001669226215326632
crop_base_left_delta,31,0.2653575500759711,0.2897630434548322,0.20799012267865438,0.05085962512277101
crop_base_yield_delta,31,0.03542658053277915,0.11058767131070901,0.13029933260778293,0.022862249999226467
crop_carbon_above_sp3,31,0.023906356289279642,0.028955526438864905,0.02768145774743273,0.006877227663767291
crop_carbon_below_sp3,31,0.05830070197408871,0.05848419846409888,0.03678152838250034,0.009054547024941429
crop_intercept_sp3,31,0.00622220818652254,0.02577151194234706,0.03476332520544606,0.008411218485086632
crop_nitrogen_above_sp3,31,-0.03367589316494542,0.053199967104724355,0.08374088345839922,0.01818471554318356
crop_nitrogen_below_sp3,31,-0.0675988402428665,0.0675988402428665,0.050580262051059234,0.01631065806756355
crop_carbon_above_sp10,31,0.062362657694368696,0.062362657694368696,0.04649199969762223,0.01283394747989286
crop_carbon_below_sp10,31,0.029522456495494797,0.03067310722944313,0.027225315371538526,0.007744818441091152
crop_intercept_sp10,31,0.02566262427661271,0.047053271820452394,0.05461634215110962,0.009356247425604442
crop_nitrogen_above_sp10,31,-0.04570356913160235,0.04570356913160235,0.029841637006422655,0.008973887083695646
crop_nitrogen_below_sp10,31,-0.02314243569909368,0.023444840719468167,0.029404467166002327,0.00832854858945273
crop_proj_left_delta,31,-0.022167904418921542,0.05550065737824037,0.06960062195862303,0.014208940367376376
crop_proj_yield_delta,31,0.11494412897114215,0.1293795810979575,0.09512904173601222,0.022731431460844227
crop_root_in_top_30,31,0.05776674126697774,0.06204113671321099,0.0587490771222529,0.01742068746848374
crop_root_to_shoot_sp3,31,0.06958869168214703,0.07571111839624822,0.06010369288227426,0.01669513353965261
crop_slope_sp3,31,-0.004418787338824013,0.0269257601521642,0.0352546103414976,0.006705023601162916
crop_root_to_shoot_sp10,31,0.03964064365428092,0.04016141549072691,0.038599314056861275,0.01298821885273128
crop_slope_sp10,31,0.008045593585297595,0.07364850506601349,0.09568968041386137,0.0177187108488582
cy0_to_ceq_multiplier,31,-0.00021298590066816948,0.02577952341205163,0.04579636551018514,0.011112999719707427
litter_carbon,31,-0.0034278766393580407,0.0034278766393580407,0.00149929893344846,0.00041398278875243535
litter_nitrogen,31,0.013982065601877985,0.013982065601877985,0.007232994521155002,0.002439985892410827
mortality_fraction_branch_delta,31,-0.05891371390946827,0.0766396581486853,0.09668548287262957,0.02157720354596338
mortality_fraction_croot_delta,31,-0.03281556988486545,0.03532326513171528,0.048432746998141575,0.012550088098514486
mortality_fraction_froot_delta,31,-0.021694970033683373,0.023066717495118075,0.030211404473687867,0.009375168389305303
mortality_fraction_leaf_delta,31,-0.006556205301651197,0.013811720592933906,0.01905335628792847,0.004438669354417797
mortality_fraction_stem_delta,31,-0.1263732166753752,0.15860963638802508,0.2207411749712107,0.05957597279219591
pool_alloc_froot_sp1,31,-1.4327888665914745,1.5212909767824843,1.8965761505116532,0.5799487247922285
pool_alloc_leaf_sp1,31,-0.371587758250157,0.8667893732816963,1.0935827209698128,0.2083881339433224
pool_alloc_stem_sp1,31,-0.5746660048019754,0.5988005336007143,1.1080463753732097,0.3030648479251214
pool_turnover_branch_sp1,31,3.6807252687617136,3.7838856819114275,4.523856009546088,1.4002777775964133
pool_turnover_croot_sp1,31,-1.6010480522648283,1.6720275683166386,2.3263904910769537,0.7772253400416367
pool_turnover_froot_sp1,31,-0.8832386006690175,0.9076934707662035,1.1387771838992171,0.3368862178125237
pool_turnover_leaf_sp1,31,-0.21336630877064824,0.4384964073481167,0.7525748671852956,0.1886918693255754
pool_turnover_stem_sp1,31,0.9614258360293221,0.9881091314206121,0.9324911464716963,0.27830691078155595
proj_cover,31,-5.202319962663804,5.33624981174311,6.954147921695693,2.105797526893493
proj_fire_off,31,0.07757928817734326,0.07757928817734326,0.11992034557465032,0.041207682631032166
proj_fire_on,31,4.364235056195513,4.401487471119643,4.612673662978017,1.3692710667132415
proj_mortality,31,26.507884520258,26.739863464716528,28.78871365843671,9.174549353769903
proj_thinning_delta,31,44.74054247353807,44.74054247353807,30.054712097936385,8.050966768550824
roth_c_cover_c,31,0.9303062099173764,1.0867055468008577,1.8569702024687234,0.6126048072686877
roth_c_dpm_frac_crop,31,-0.012055715918397186,0.012055715918397186,0.019313140873023986,0.0063056489189139645
roth_c_dpm_frac_tree,31,1.262484583850616,1.6801892393092719,2.5082367129118968,0.6997121029604877
roth_c_moisture_b_slope,31,-2.694800619499386,2.7793154513020775,3.6433895107011454,1.1755071779437094
roth_c_temp_a1,31,0.8988114756975844,0.9534003861544548,1.1249258204207429,0.3220694049450056
roth_c_temp_a2,31,-6.445503814965491,6.852283448894445,7.72348684534152,2.3241867737262267
thinning_fraction_branch_delta,31,0.03768047308608644,0.03835991927372027,0.0629689712624233,0.020704861157243657
thinning_fraction_croot_delta,31,0.004402576842639991,0.009648823376732243,0.01669990201341569,0.004172406810857336
thinning_fraction_froot_delta,31,0.0060390558657516195,0.007705869815365252,0.015159246259921417,0.004269040908251994
thinning_fraction_leaf_delta,31,0.014788897928572436,0.015014814069031057,0.02351303520187789,0.007273982798523318
thinning_fraction_stem_delta,31,0.07942736052833264,0.08171593489008779,0.11398219322022768,0.03197169786656467
tree_carbon_sp1,31,-4.607916176166848,4.952411964502728,5.851987272290077,1.714595836042704
tree_nitrogen_branch_sp1,31,0.07901719631117073,0.07901719631117073,0.07515435079972,0.02233609212178704
tree_nitrogen_croot_sp1,31,0.29976926461375114,0.29976926461375114,0.467935112424339,0.14473584102027398
tree_nitrogen_froot_sp1,31,0.008860975082316064,0.008860975082316064,0.011339175411846503,0.0039918386676541006
tree_nitrogen_leaf_sp1,31,1.7410110679140476,1.7410110679140476,2.3903311351912984,0.6862625059045678
tree_nitrogen_stem_sp1,31,0.005548411422411981,0.005548411422411981,0.0063861785453757395,0.0020113409277979165
tree_root_in_top_30,31,-2.545686022185412,2.7400970214361893,3.931123061490297,1.260483023361051
tree_root_to_shoot_sp1,31,-3.2129358382987916,3.6567883536660952,5.132525592266427,1.6039195312189447
cy0,32,0.019486255418670006,0.20075345129187103,0.3008156859646385,0.06712130458033305
clay,32,-1.6862693622638527,1.739097715133949,2.826195948119032,0.7900617178581743
temp_ci_delta,32,0.853696337314904,0.9458378114298229,1.3744050651744033,0.4475485367170961
rain_ci_delta,32,4.606566870488698,5.249193386433358,10.14435987233643,3.1071905887162483
evap_ci_delta,32,-2.0797643667636,2.1227229073402083,8.12038628335697,2.292788175889344
ef_N_inputs,32,2.270859002369337,2.7628670242465114,3.718741714619052,0.962958774973874
volatile_frac_organic_fertiliser,32,-0.016301567573003276,0.016301567573003276,0.009909378296539291,0.0030138450609992202
volatile_frac_synthetic_fertiliser,32,0.21208655635002086,0.21208655635002086,0.11442689071693578,0.03573372926037074
base_sf_qty_scale,32,-0.1217143721927521,0.1217143721927521,0.060011127386040204,0.01745768862747488
proj_lit_qty_scale,32,0.01618934632582027,0.020368730078575908,0.018600994617547783,0.003948136277703221
base_stand_density_scale,32,0.0,0.0,0.0,0.0
proj_stand_density_scale,32,-9.784283935070501,11.225229594222803,14.165022695637667,4.0192559095268106
tree_wood_dens_sp1,32,-15.542573155840994,19.02222622953304,29.64547600937487,7.854407756026993
base_cover,32,0.4545896131577491,0.497459395047181,0.4219342767734816,0.1004573186812303
base_fire_off,32,-0.07567880067863864,0.07567880067863864,0.14689869148455934,0.04839404300400047
base_fire_on,32,-0.20467030816437717,0.20467030816437717,0.15585907169221713,0.05120992564635506
base_sf_n_delta,32,-0.012054012840149583,0.012054012840149583,0.00528356810108033,0.0016692262153269757
crop_base_left_delta,32,0.2602308944227075,0.2850111525835274,0.20658089044873626,0.05044337534362072
crop_base_yield_delta,32,0.031046470906984612,0.10932066379639153,0.12987925850242132,0.02271346455409814
crop_carbon_above_sp3,32,0.11216266891557684,0.11216266891557684,0.0679971100469503,0.01947227575225974
crop_carbon_below_sp3,32,0.24818744227086081,0.24818744227086081,0.09078533824734143,0.02540533247452185
crop_intercept_sp3,32,0.13199477896073022,0.1411320871511776,0.1761503996663513,0.051356557933010034
crop_nitrogen_above_sp3,32,-0.06693056078586382,0.07202355101829698,0.09143711527675907,0.022607966955536973
crop_nitrogen_below_sp3,32,-0.11086118948445833,0.11086118948445833,0.08012494133274636,0.02574250885643158
crop_carbon_above_sp10,32,0.060985818818214146,0.060985818818214146,0.045880494270988746,0.012642437641926435
crop_carbon_below_sp10,32,0.028863350862502184,0.030035211760738662,0.026854695445697664,0.007616442108820559
crop_intercept_sp10,32,0.02451037792768214,0.04665742546731113,0.05428157442836415,0.009159649243361313
crop_nitrogen_above_sp10,32,-0.04570356913160315,0.04570356913160315,0.029841637006422637,0.0089738870836952
crop_nitrogen_below_sp10,32,-0.023142435699091135,0.023444840719465555,0.029404467166003794,0.008328548589453528
crop_proj_left_delta,32,0.1935833259275014,0.19561210571813273,0.15597500770959774,0.04888172057139917
crop_proj_yield_delta,32,-0.27006083042911433,0.30742477488809933,0.3225800464641958,0.07803225951148891
crop_root_in_top_30,32,0.20723392495303244,0.20723392495303244,0.10624186323156969,0.03249572759625571
crop_root_to_shoot_sp3,32,0.3534131955736593,0.3534131955736593,0.1391334081485002,0.042141605116102536
crop_slope_sp3,32,0.09291582954003057,0.0946543404307411,0.0643960923226237,0.017420180287675908
crop_root_to_shoot_sp10,32,0.03842479532862453,0.0390815084125562,0.037978970846232814,0.012726988093425378
crop_slope_sp10,32,0.0051977046940224255,0.0731119848747695,0.09525426402216379,0.01752710880552562
cy0_to_ceq_multiplier,32,-0.0008067107340987672,0.024654047603815423,0.04417510090653986,0.010848638010219486
litter_carbon,32,-0.0033488988734941385,0.0033488988734941385,0.001485174799153799,0.0004106287808209071
litter_nitrogen,32,0.013982065601878601,0.013982065601878601,0.007232994521155172,0.0024399858924106454
mortality_fraction_branch_delta,32,-0.05903041331695184,0.0771504544183054,0.09766959753981891,0.02174991633350315
mortality_fraction_croot_delta,32,-0.03300948311177927,0.035587196984453444,0.04889358829973853,0.012670995534254739
mortality_fraction_froot_delta,32,-0.02177314443856886,0.02318791906153044,0.030570167512780206,0.009484926300202878
mortality_fraction_leaf_delta,32,-0.006343365198207387,0.013783760487617305,0.019162891551768837,0.00447502576126958
mortality_fraction_stem_delta,32,-0.12765800935897015,0.1607173677257811,0.22443790245516193,0.06066399601752647
pool_alloc_froot_sp1,32,-1.4541067089641975,1.5456828775588207,1.946977039789143,0.5950617763029595
pool_alloc_leaf_sp1,32,-0.3619659369323176,0.8650967204718564,1.0947031968985272,0.20770314052325495
pool_alloc_stem_sp1,32,-0.5788867200947829,0.6041094661824534,1.1301837242400607,0.3094682921821054
pool_turnover_branch_sp1,32,3.659277349938182,3.7741600387713303,4.59643373919094,1.4230091594616086
pool_turnover_croot_sp1,32,-1.6365820217466767,1.7116400869978718,2.402463984388251,0.8018222131819606
pool_turnover_froot_sp1,32,-0.9020730752870385,0.9286247849247999,1.1667023529385383,0.34469815756645494
pool_turnover_leaf_sp1,32,-0.21596428687116292,0.44631219418848705,0.7759596264332179,0.1948675615594237
pool_turnover_stem_sp1,32,0.9508514214819064,0.9801337100323467,0.9373265452760648,0.27929618042697774
proj_cover,32,-5.176026853696017,5.367608618450186,7.171419369858006,2.1627796515206446
proj_fire_off,32,0.054857379655245044,0.054857379655245044,0.10861682660156183,0.0375185368599501
proj_fire_on,32,4.344863457235594,4.41211855136144,4.660932357123769,1.386386279486633
proj_mortality,32,27.433334367976613,27.702764058455102,30.057211881298368,9.563677342674163
proj_thinning_delta,32,44.709788212982204,44.709788212982204,30.60776611183755,8.209952654953486
roth_c_cover_c,32,0.9381610601670495,1.1065283085174507,1.9139626182305836,0.6292924183944166
roth_c_dpm_frac_crop,32,-0.11546590854582292,0.11546590854582292,0.048015582645213314,0.013415231657324715
roth_c_dpm_frac_tree,32,1.27970161084445,1.7005776698806876,2.5579337663418307,0.7158308329487908
roth_c_moisture_b_slope,32,-2.7200290663251705,2.817921986929071,3.722697579703065,1.1956251554828186
roth_c_temp_a1,32,0.9079317245890778,0.9678510420288703,1.1653272286057679,0.3324132737418315
roth_c_temp_a2,32,-6.476252430114042,6.971212615977997,7.979014800881748,2.383211670732733
thinning_fraction_branch_delta,32,0.037280828245240205,0.038008067586516835,0.06201281852578527,0.020406454155984747
thinning_fraction_croot_delta,32,0.0046049514058054825,0.00964386978550232,0.016581189575947383,0.004178344777593901
thinning_fraction_froot_delta,32,0.006027906692112955,0.007602601479505561,0.014897218118772516,0.004191233315745404
thinning_fraction_leaf_delta,32,0.014562228529019842,0.01478680632905666,0.023322878221781234,0.0072507853801781165
thinning_fraction_stem_delta,32,0.07829735294741136,0.08041944116825339,0.11171236912156507,0.03138074323540628
tree_carbon_sp1,32,-4.636969636934026,4.977241655327239,5.961378870792519,1.751338498342085
tree_nitrogen_branch_sp1,32,0.08076443643769074,0.08076443643769074,0.07763922352270974,0.02304340340395643
tree_nitrogen_croot_sp1,32,0.3085997231530018,0.3085997231530018,0.4876109772809404,0.1507796300339245
tree_nitrogen_froot_sp1,32,0.009163760737041404,0.009163760737041404,0.01183581286856323,0.0041689032290693545
tree_nitrogen_leaf_sp1,32,1.7900877086433795,1.7900877086433795,2.481968225331397,0.7133468667328262
tree_nitrogen_stem_sp1,32,0.005661041326361549,0.005661041326361549,0.006626085118369917,0.0020867135374077203
tree_root_in_top_30,32,-2.593308297063057,2.7923272099489926,4.049244797663793,1.3017042063094113
tree_root_to_shoot_sp1,32,-3.218113311218734,3.666619900551562,5.2099488816476045,1.6343001470565914
cy0,33,0.01459716629966482,0.19576171955214433,0.29408828788378916,0.06575197286331522
clay,33,-1.7140672097346452,1.7775956943240452,2.913138932227005,0.8126929804290041
temp_ci_delta,33,0.8719204157546526,0.9681460922608924,1.4189838010381477,0.46172911856333176
rain_ci_delta,33,4.722869465457877,5.366178739722219,10.442975875640625,3.2035459302773455
evap_ci_delta,33,-2.155393434876274,2.1970894171033106,8.419975338505642,2.3770601477663194
ef_N_inputs,33,2.3630162063878104,2.86378645685755,3.8660633787883896,1.0035588834168372
volatile_frac_organic_fertiliser,33,-0.016301567573003276,0.016301567573003276,0.00990937829653915,0.0030138450609991786
volatile_frac_synthetic_fertiliser,33,0.21208655635002086,0.21208655635002086,0.11442689071693618,0.03573372926037107
base_sf_qty_scale,33,-0.12171437219275347,0.12171437219275347,0.06001112738604058,0.017457688627474686
proj_lit_qty_scale,33,0.01664190887455083,0.020600312784732882,0.01854030276412351,0.004006009774474603
base_stand_density_scale,33,0.0,0.0,0.0,0.0
proj_stand_density_scale,33,-9.774190973717452,11.221338065897905,14.357582727822779,4.068488733606955
tree_wood_dens_sp1,33,-15.619627802503484,19.110958380101465,30.183529178128012,8.015822733892731
base_cover,33,0.4340700211645663,0.4796834411065811,0.4158016017922126,0.09814129580514501
base_fire_off,33,-0.07567880067863805,0.07567880067863805,0.1468986914845577,0.04839404300399984
base_fire_on,33,-0.20314539950642024,0.20314539950642024,0.15278244776814706,0.05014754563326315
base_sf_n_delta,33,-0.012054012840149725,0.012054012840149725,0.005283568101079895,0.0016692262153269566
crop_base_left_delta,33,0.2552521617774353,0.28046140985254253,0.20523610449840382,0.05003170783919006
crop_base_yield_delta,33,0.026796191031699522,0.10813777177106272,0.1295118111534411,0.022631523842917944
crop_carbon_above_sp3,33,0.08264645362095327,0.08264645362095327,0.047098247962218495,0.01356694457818311
crop_carbon_below_sp3,33,0.1892655493108761,0.1892655493108761,0.07342014021112805,0.020139674049449406
crop_intercept_sp3,33,0.08086019443949657,0.09074878648645371,0.11263847170960244,0.031912533354103344
crop_nitrogen_above_sp3,33,-0.06693056078586573,0.07202355101829677,0.0914371152767563,0.022607966955536386
crop_nitrogen_below_sp3,33,-0.11086118948445867,0.11086118948445867,0.08012494133274595,0.02574250885643121
crop_carbon_above_sp10,33,0.05966476309308366,0.05966476309308366,0.04530041070908336,0.01246130440178761
crop_carbon_below_sp10,33,0.028229382131653775,0.02942042556793219,0.026500189585848176,0.0074949632004192475
crop_intercept_sp10,33,0.023407478449033656,0.04630701860473385,0.05397771776843502,0.008977113632939522
crop_nitrogen_above_sp10,33,-0.04570356913160259,0.04570356913160259,0.029841637006422766,0.008973887083695625
crop_nitrogen_below_sp10,33,-0.023142435699093834,0.02344484071946832,0.029404467166002594,0.00832854858945284
crop_proj_left_delta,33,0.11892048704188896,0.12808220628140093,0.11260603860333628,0.03179942380739852
crop_proj_yield_delta,33,-0.10743172419599852,0.1957777735685972,0.2487975164509674,0.049232856698225795
crop_root_in_top_30,33,0.15259473355217387,0.15289971897898802,0.09335096934265766,0.028372537725251112
crop_root_to_shoot_sp3,33,0.2564154403385036,0.2564154403385036,0.1270061822716901,0.038956674382143036
crop_slope_sp3,33,0.05249640993599809,0.06073380921522868,0.05517739579431587,0.012419584125666022
crop_root_to_shoot_sp10,33,0.03726182216522723,0.0381352345263518,0.0374083571497698,0.01241408027870095
crop_slope_sp10,33,0.0024503975631928548,0.07272290309241479,0.09484967268224202,0.017338085736545914
cy0_to_ceq_multiplier,33,-0.0013412029832549465,0.02359470841625763,0.042753076625395424,0.01064714977569586
litter_carbon,33,-0.003272538406765324,0.003272538406765324,0.0014717445081397044,0.0004074459123693267
litter_nitrogen,33,0.013982065601878868,0.013982065601878868,0.007232994521155877,0.002439985892410788
mortality_fraction_branch_delta,33,-0.05897485017421118,0.07748729189186436,0.09849354001033987,0.0218882921174606
mortality_fraction_croot_delta,33,-0.03314371286507026,0.035803026408476726,0.04927579274162011,0.012767644350545896
mortality_fraction_froot_delta,33,-0.02180532358277056,0.023268112371658982,0.0308732204207803,0.009573741797514948
mortality_fraction_leaf_delta,33,-0.006092904987502637,0.01374566707997347,0.019243941884414927,0.004504772883755559
mortality_fraction_stem_delta,33,-0.1286885407931835,0.16254928462180793,0.22780035732632176,0.06166879914771428
pool_alloc_froot_sp1,33,-1.4729602210115122,1.567968351473779,1.9952443030210327,0.609410841657574
pool_alloc_leaf_sp1,33,-0.34996700618958504,0.8614354191390324,1.0934233597418976,0.20642143036183266
pool_alloc_stem_sp1,33,-0.5811725202710674,0.6073796927582943,1.148992088860534,0.3150082055822727
pool_turnover_branch_sp1,33,3.6170371777204706,3.743944331150942,4.646608167061273,1.4386362116336635
pool_turnover_croot_sp1,33,-1.670965497148589,1.7499016746282963,2.477356643882021,0.8260503792235898
pool_turnover_froot_sp1,33,-0.9201385997151034,0.9487260017890877,1.1934813701446911,0.35213046993464153
pool_turnover_leaf_sp1,33,-0.21801440597448227,0.4535030738173673,0.7990837227191748,0.20100781933004339
pool_turnover_stem_sp1,33,0.9344675117537118,0.9663737868388441,0.9367997176819369,0.27866741279733004
proj_cover,33,-5.252933992630354,5.463715973015551,7.390285345056864,2.2250291830940543
proj_fire_off,33,0.05485737965524555,0.05485737965524555,0.10861682660156222,0.03751853685995
proj_fire_on,33,4.448473347776721,4.509429681085928,4.793618019356198,1.4263681095518905
proj_mortality,33,28.318593983903543,28.624561741358878,31.29493594686422,9.94341921856774
proj_thinning_delta,33,44.54871628309504,44.54871628309504,31.121078794393632,8.358925952152568
roth_c_cover_c,33,0.9662320015771103,1.1333773397304454,1.981379031837988,0.6525021290545837
roth_c_dpm_frac_crop,33,-0.09173281478900591,0.09173281478900591,0.049760410821503,0.01365735244638981
roth_c_dpm_frac_tree,33,1.293547651475295,1.7173693108145052,2.6024444145801393,0.7303655967524153
roth_c_moisture_b_slope,33,-2.7821904272484153,2.8792831776503247,3.821018282289086,1.2255864432995436
roth_c_temp_a1,33,0.9308231095506845,0.990997478917512,1.2068098090399149,0.3443320727928834
roth_c_temp_a2,33,-6.623312643714487,7.12271924463231,8.232538002905077,2.4658947860716074
thinning_fraction_branch_delta,33,0.036945089076962846,0.037695517005176093,0.06104100738415435,0.02009550436883421
thinning_fraction_croot_delta,33,0.004843158626582781,0.009635442083480768,0.016434912848072716,0.004176351053072196
thinning_fraction_froot_delta,33,0.006026984088213694,0.0074996785410865515,0.014614280822492332,0.004108409999085971
thinning_fraction_leaf_delta,33,0.014363554885338631,0.014575280469356116,0.02312150543601213,0.007221064805331022
thinning_fraction_stem_delta,33,0.0773451313800769,0.07928094887440287,0.10960616143369448,0.03083142789076226
tree_carbon_sp1,33,-4.654107197705427,4.989759402008338,6.060452828810505,1.7848687057355466
tree_nitrogen_branch_sp1,33,0.08248518037434985,0.08248518037434985,0.08014427176043565,0.023756846494877873
tree_nitrogen_croot_sp1,33,0.31740763859711624,0.31740763859711624,0.5075480274916917,0.15690199030368954
tree_nitrogen_froot_sp1,33,0.009468416013202446,0.009468416013202446,0.012339577916736108,0.004348529045530174
tree_nitrogen_leaf_sp1,33,1.8389562238129222,1.8389562238129222,2.573980572197459,0.7406162182455802
tree_nitrogen_stem_sp1,33,0.005773500332552606,0.005773500332552606,0.0068677996397809235,0.0021627917410810423
tree_root_in_top_30,33,-2.637406506193113,2.8404302471034852,4.1636441211268975,1.3417991920872856
tree_root_to_shoot_sp1,33,-3.214744205818717,3.668703204428848,5.2775486350801275,1.66144647470542
cy0,34,0.010072760987178714,0.19060443838628816,0.28916050750481703,0.06520093649301625
clay,34,-1.7449327122751968,1.816685510916895,2.9949283040644805,0.834092007308105
temp_ci_delta,34,0.8888253041831652,0.9878056777865462,1.459266239366745,0.4747380773143774
rain_ci_delta,34,4.816280118633224,5.471444797582564,10.715821072314819,3.288327576427679
evap_ci_delta,34,-2.2265871912570203,2.268034962722085,8.699256038188675,2.456222623978931
ef_N_inputs,34,2.4545323881702013,2.963972671799503,4.014182887088373,1.0444747995604378
volatile_frac_organic_fertiliser,34,-0.016301567573002638,0.016301567573002638,0.00990937829653864,0.003013845060999159
volatile_frac_synthetic_fertiliser,34,0.21208655635002183,0.21208655635002183,0.11442689071693621,0.03573372926037106
base_sf_qty_scale,34,-0.12171437219275263,0.12171437219275263,0.060011127386040225,0.017457688627474707
proj_lit_qty_scale,34,0.017078818264683306,0.020833051262418224,0.01848150738516079,0.004061571978887705
base_stand_density_scale,34,0.0,0.0,0.0,0.0
proj_stand_density_scale,34,-9.732139934000804,11.193909646703514,14.52131954682413,4.109490935506618
tree_wood_dens_sp1,34,-15.650247274487171,19.150596393447515,30.66541561687368,8.163117709894118
base_cover,34,0.41454361165746595,0.46517716536805426,0.41023394579460865,0.0954336454351703
base_fire_off,34,-0.07567880067863801,0.07567880067863801,0.14689869148455748,0.04839404300399971
base_fire_on,34,-0.20166163772391119,0.20166163772391119,0.14981343721942306,0.04912049842989306
base_sf_n_delta,34,-0.01205401284015109,0.01205401284015109,0.005283568101081837,0.0016692262153275537
crop_base_left_delta,34,0.2504118065022257,0.27623026093530534,0.2039476528658379,0.04957818744681611
crop_base_yield_delta,34,0.02266642293028867,0.10710018777674504,0.12918777465904843,0.022566413001981502
crop_carbon_above_sp3,34,0.06985814297206595,0.06985814297206595,0.039800484426640165,0.011666674623290076
crop_carbon_below_sp3,34,0.1636458001217606,0.1636458001217606,0.06624074668520766,0.017982473963668838
crop_intercept_sp3,34,0.05775944278578029,0.06855775347988813,0.08582950376297514,0.023816871848864198
crop_nitrogen_above_sp3,34,-0.06693056078586519,0.0720235510182989,0.09143711527675673,0.022607966955535744
crop_nitrogen_below_sp3,34,-0.11086118948445808,0.11086118948445808,0.08012494133274621,0.02574250885643155
crop_carbon_above_sp10,34,0.058395005669717615,0.058395005669717615,0.04474818024159026,0.012289402859095497
crop_carbon_below_sp10,34,0.027618833902324676,0.028827258041286413,0.026160176501683896,0.007379576574364191
crop_intercept_sp10,34,0.022350029490321784,0.04600652883318461,0.05370092342061725,0.008807609580210665
crop_nitrogen_above_sp10,34,-0.04570356913160341,0.04570356913160341,0.029841637006421676,0.008973887083694862
crop_nitrogen_below_sp10,34,-0.02314243569909241,0.02344484071946691,0.02940446716600207,0.008328548589452776
crop_proj_left_delta,34,0.08868254581216398,0.10381759652047151,0.09530011035293652,0.02377759788656447
crop_proj_yield_delta,34,-0.039328238508673515,0.17589110995092927,0.22517652749934944,0.040303897574079955
crop_root_in_top_30,34,0.12855239551712982,0.13019782140790243,0.08800444754889389,0.026258620524120178
crop_root_to_shoot_sp3,34,0.21473185872302877,0.21473185872302877,0.12281228142480335,0.03761000405014227
crop_slope_sp3,34,0.035008911499376974,0.04790617505626891,0.05282635283721669,0.01096320842256413
crop_root_to_shoot_sp10,34,0.03614709692039923,0.03724198274957895,0.03688240254321746,0.012111180817434631
crop_slope_sp10,34,-0.00020497262394447157,0.07236603952891642,0.09447134945660829,0.017187770944669514
cy0_to_ceq_multiplier,34,-0.001822799096241473,0.022588979280505232,0.041496904239931756,0.01049478628538827
litter_carbon,34,-0.0031986264765678897,0.0031986264765678897,0.0014588988562514583,0.0004044057250678589
litter_nitrogen,34,0.01398206560187891,0.01398206560187891,0.007232994521155884,0.002439985892410767
mortality_fraction_branch_delta,34,-0.05873657433343088,0.07763763238285952,0.09914687076901778,0.0219908247087765
mortality_fraction_croot_delta,34,-0.03321401797230631,0.035947943415077246,0.04957371459872171,0.012844259512787809
mortality_fraction_froot_delta,34,-0.021788395938295086,0.023328357552576413,0.031116379355825664,0.009628289020026251
mortality_fraction_leaf_delta,34,-0.005803150642263735,0.013820730672221745,0.019296311659013573,0.004498359976187956
mortality_fraction_stem_delta,34,-0.12944140279951002,0.1643182753034761,0.23080039007563571,0.0625403214477517
pool_alloc_froot_sp1,34,-1.489116779452932,1.5872934319304748,2.0410499456726687,0.6230627444969258
pool_alloc_leaf_sp1,34,-0.33546934168721065,0.8581962788821557,1.0896855651249135,0.20333539329652553
pool_alloc_stem_sp1,34,-0.5814265504977513,0.6085091561181984,1.1642031972557718,0.31961050437012095
pool_turnover_branch_sp1,34,3.5534156508935943,3.697240417253218,4.672932981144972,1.445165177932305
pool_turnover_croot_sp1,34,-1.7039044075284218,1.786409606124267,2.550623673983714,0.8497837146719408
pool_turnover_froot_sp1,34,-0.9372535622210958,0.9679701916435907,1.218932627114104,0.3591294967425216
pool_turnover_leaf_sp1,34,-0.219435221996723,0.4600660813808245,0.8218249821743833,0.20708354935871115
pool_turnover_stem_sp1,34,0.9121662638993774,0.9463817507692388,0.9307005692773953,0.27648217335286757
proj_cover,34,-5.327309803086338,5.5609036555788425,7.600481997731819,2.283829089366981
proj_fire_off,34,0.0548573796552456,0.0548573796552456,0.10861682660156229,0.03751853685995003
proj_fire_on,34,4.535147004500787,4.59618121542626,4.915958487467722,1.4630023489679003
proj_mortality,34,29.15629380910665,29.50255255172745,32.493493837052185,10.310046535040241
proj_thinning_delta,34,44.25213489026223,44.25213489026223,31.58970537762894,8.496372172131833
roth_c_cover_c,34,0.9888592011358984,1.1575821746499124,2.044415329211239,0.6734383114853366
roth_c_dpm_frac_crop,34,-0.06789015576992598,0.06789015576992598,0.046850190103336284,0.013136935895622658
roth_c_dpm_frac_tree,34,1.303768957513564,1.7297730679088996,2.6414107646414355,0.7433786754526382
roth_c_moisture_b_slope,34,-2.8356742465490665,2.9348052540551532,3.910005606472347,1.2517624230710984
roth_c_temp_a1,34,0.9527367490874585,1.0135154147519745,1.2461761445657469,0.35534770901172474
roth_c_temp_a2,34,-6.7576861385728275,7.270619345159256,8.476326918082535,2.542078078191508
thinning_fraction_branch_delta,34,0.03665404568910558,0.03740690641173068,0.06005412990999551,0.019773695235953827
thinning_fraction_croot_delta,34,0.00510639112652701,0.009619075888683503,0.01626494514092595,0.004168082335413577
thinning_fraction_froot_delta,34,0.0060325018330717965,0.007394586133995201,0.014314303825989584,0.004021909652833897
thinning_fraction_leaf_delta,34,0.014185135429496643,0.014385972917030743,0.02290938373098994,0.007181847361438363
thinning_fraction_stem_delta,34,0.07652173050909153,0.07825638895366835,0.10763483317809593,0.030315165171930045
tree_carbon_sp1,34,-4.658792943959754,4.994886248920491,6.148293937290097,1.812724562353179
tree_nitrogen_branch_sp1,34,0.08417209560528326,0.08417209560528326,0.08266053629115622,0.024473846357627147
tree_nitrogen_croot_sp1,34,0.3261624545728613,0.3261624545728613,0.5276933745029695,0.16308664866411035
tree_nitrogen_froot_sp1,34,0.00977400512265505,0.00977400512265505,0.0128492027469095,0.004530267344456062
tree_nitrogen_leaf_sp1,34,1.8874330041056795,1.8874330041056795,2.666073665977697,0.7679849641544204
tree_nitrogen_stem_sp1,34,0.005885289818263123,0.005885289818263123,0.0071104691840084,0.002239303754384746
tree_root_in_top_30,34,-2.6775314677024666,2.8839831990685547,4.273602925052241,1.3805035840456876
tree_root_to_shoot_sp1,34,-3.2025051668647047,3.661393967376104,5.334585969847806,1.6852848923340036
cy0,35,0.005887385682158958,0.18531135782537297,0.2857524617928702,0.06531810557708932
clay,35,-1.774481538491815,1.8540037673976322,3.0749735693580744,0.8551518276253487
temp_ci_delta,35,0.9072342716129072,1.006639453792682,1.4983223781704464,0.48788076066802677
rain_ci_delta,35,4.917142668352442,5.576018542800922,10.986580644570848,3.3739236528216088
evap_ci_delta,35,-2.2982134530735836,2.3387084692634708,8.978470600217031,2.535537185714061
ef_N_inputs,35,2.5450597208208365,3.063085357941005,4.162642657444502,1.0855725926107072
volatile_frac_organic_fertiliser,35,-0.016301567573001642,0.016301567573001642,0.009909378296539498,0.0030138450609990724
volatile_frac_synthetic_fertiliser,35,0.2120865563500219,0.2120865563500219,0.11442689071693644,0.03573372926037095
base_sf_qty_scale,35,-0.12171437219275509,0.12171437219275509,0.060011127386040246,0.01745768862747482
proj_lit_qty_scale,35,0.01750109145330494,0.021069793021036908,0.01842437617567618,0.0041137420106272925
base_stand_density_scale,35,0.0,0.0,0.0,0.0
proj_stand_density_scale,35,26.463494331645432,26.463494331645432,20.487659003719987,6.54766871734018
tree_wood_dens_sp1,35,37.610055440941686,37.610055440941686,31.71192920514057,8.512642789871718
base_cover,35,0.3959574132341624,0.4511006590630201,0.40515639828678374,0.09309855567375495
base_fire_off,35,-0.0756788006786377,0.0756788006786377,0.14689869148455736,0.04839404300399972
base_fire_on,35,-0.2002169292991865,0.2002169292991865,0.14694730126111802,0.048127107770789566
base_sf_n_delta,35,-0.012054012840149309,0.012054012840149309,0.005283568101082868,0.0016692262153277524
crop_base_left_delta,35,0.2457017253686206,0.2721108343106808,0.2027083975236137,0.049149141452622044
crop_base_yield_delta,35,0.018649913388093697,0.10617736786703631,0.12889975920305355,0.02254184758962695
crop_carbon_above_sp3,35,0.0617567945306491,0.0617567945306491,0.03582836856615865,0.010634127950919428
crop_carbon_below_sp3,35,0.1458764982768767,0.1458764982768767,0.060654866694067035,0.01623497431277506
crop_intercept_sp3,35,0.043643986671087674,0.05582823941064604,0.07022579028137885,0.018856710917614723
crop_nitrogen_above_sp3,35,-0.06693056078586299,0.07202355101829697,0.09143711527675781,0.022607966955535796
crop_nitrogen_below_sp3,35,-0.11086118948445786,0.11086118948445786,0.08012494133274621,0.025742508856431402
crop_carbon_above_sp10,35,0.05717205920096045,0.05717205920096045,0.044220777031372005,0.012125869062202572
crop_carbon_below_sp10,35,0.027029911476993677,0.028253873194609074,0.02583286914308277,0.0072697677725658185
crop_intercept_sp10,35,0.02133336474859333,0.045753990800351606,0.053447163403337175,0.008654051151352487
crop_nitrogen_above_sp10,35,-0.04570356913160173,0.04570356913160173,0.029841637006423286,0.00897388708369515
crop_nitrogen_below_sp10,35,-0.023142435699094733,0.023444840719469083,0.02940446716600254,0.008328548589453063
crop_proj_left_delta,35,0.06928048967529235,0.08899880314583648,0.08391886443281449,0.018504342885747118
crop_proj_yield_delta,35,0.00499927706262272,0.16934820183625554,0.20705713829545153,0.03408530700316782
crop_root_in_top_30,35,0.11270868814579627,0.1157388619755005,0.08354966070923846,0.024497890415689432
crop_root_to_shoot_sp3,35,0.18612007096432018,0.18817593866801546,0.1170680228146243,0.034953545211126556
crop_slope_sp3,35,0.022904926021816895,0.04104495791889427,0.050652600239306345,0.010108631452353281
crop_root_to_shoot_sp10,35,0.035076817434256176,0.03640627359793668,0.036396692581108295,0.011821373219645197
crop_slope_sp10,35,-0.0027750508421372443,0.07201508311058566,0.09411544737743884,0.01708093625926948
cy0_to_ceq_multiplier,35,-0.0022577885818572787,0.021630785120985374,0.04037953186796528,0.010379952694977976
litter_carbon,35,-0.0031270163922772374,0.0031270163922772374,0.001446545911716045,0.00040148428925765886
litter_nitrogen,35,0.013982065601876602,0.013982065601876602,0.00723299452115648,0.002439985892411543
mortality_fraction_branch_delta,35,-0.05830648098779704,0.07759042511625242,0.09962101627984336,0.022056533121858606
mortality_fraction_croot_delta,35,-0.033216514832640695,0.03601798578941211,0.049782324168378314,0.012899571768546898
mortality_fraction_froot_delta,35,-0.021719574725520142,0.023332121595447185,0.031295870942608967,0.009663896893878834
mortality_fraction_leaf_delta,35,-0.00547269679180723,0.01388418299820159,0.019320299150146273,0.004483364278868999
mortality_fraction_stem_delta,35,-0.1298942894055017,0.16592003907453376,0.23341119878637323,0.06329983084526956
pool_alloc_froot_sp1,35,-1.0891751398053908,1.3594697704766407,1.8940716451525093,0.5351182746148969
pool_alloc_leaf_sp1,35,-0.16436959796509343,0.7688817584087205,0.992783794718373,0.18565422376687393
pool_alloc_stem_sp1,35,0.8121083561858313,0.8222033995635425,1.3079180753898014,0.41944508008000325
pool_turnover_branch_sp1,35,-5.779820616860014,5.779820616860014,5.066978433697659,1.4961896109434916
pool_turnover_croot_sp1,35,-6.391690188872028,6.393872045814673,6.372986830211691,2.208012931294036
pool_turnover_froot_sp1,35,-3.354019689527059,3.358124362171261,3.2365024945958543,0.9376566260089695
pool_turnover_leaf_sp1,35,-1.3825891870620868,1.404233268410401,1.813598563068949,0.519322405633122
pool_turnover_stem_sp1,35,-1.5891276744899785,1.5891276744899785,1.3167895855268594,0.3798655764982028
proj_cover,35,-5.4106206462038315,5.659987639171717,7.805197303401467,2.3423952608917773
proj_fire_off,35,0.054857379655245175,0.054857379655245175,0.10861682660156159,0.037518536859949735
proj_fire_on,35,4.6148097673494535,4.6770375229779875,5.034689903577779,1.4987898124430414
proj_mortality,35,-25.403832664707064,25.403832664707064,25.51326922096426,7.191826033573749
proj_thinning_delta,35,-70.10205779119997,81.6362446525669,78.97623648369233,18.394696894931545
roth_c_cover_c,35,1.0127933224106198,1.1819255653042942,2.1075099379320745,0.6945372117880533
roth_c_dpm_frac_crop,35,-0.05198380213672417,0.05198380213672417,0.04330154441413461,0.012413331530771801
roth_c_dpm_frac_tree,35,1.3101235171701913,1.7375627629795503,2.6744823158951863,0.7547727908355558
roth_c_moisture_b_slope,35,-2.8912130972061005,2.9920413668345422,3.9986355343834674,1.2777410887041238
roth_c_temp_a1,35,0.9755785992856325,1.0357034333278794,1.2847816749262844,0.36637523390805427
roth_c_temp_a2,35,-6.8996454536852,7.415626293531309,8.714739996788271,2.619538150382962
thinning_fraction_branch_delta,35,0.036392998204773805,0.03713067022903847,0.05905526447346204,0.019443224474344222
thinning_fraction_croot_delta,35,0.005386316014802406,0.0095916389229462,0.016075821182441618,0.004155318604218926
thinning_fraction_froot_delta,35,0.0060417216924058105,0.00728553450249333,0.014000845791699202,0.003932923422285661
thinning_fraction_leaf_delta,35,0.014021025807535536,0.014215456465092558,0.022687657127704233,0.007133531770781731
thinning_fraction_stem_delta,35,0.07579003675205045,0.07731241146260434,0.10577750973116931,0.029826125479971113
tree_carbon_sp1,35,9.169948093539446,9.169948093539446,7.232239938365571,1.928792194159041
tree_nitrogen_branch_sp1,35,0.0858177990437308,0.0858177990437308,0.08517869397757918,0.025191718288759452
tree_nitrogen_croot_sp1,35,0.33483277706825604,0.33483277706825604,0.5479906034454161,0.16931626383149428
tree_nitrogen_froot_sp1,35,0.010079549457091674,0.010079549457091674,0.013363328669716672,0.004713636719323111
tree_nitrogen_leaf_sp1,35,1.9353300368960675,1.9353300368960675,2.757940331540103,0.7953634069474208
tree_nitrogen_stem_sp1,35,0.005995901907229806,0.005995901907229806,0.0073532167393028924,0.002315969828221027
tree_root_in_top_30,35,-2.713247694788415,2.922576749404069,4.37840552258705,1.4175539147988963
tree_root_to_shoot_sp1,35,7.26721197333908,7.309763561497934,10.192629390232629,3.182880955508578
cy0,36,0.002014626743286166,0.18035086806233216,0.28360106476560215,0.06573067775389403
clay,36,-2.2612973290712803,2.3286303490197984,3.8310886878775103,1.0737439377575444
temp_ci_delta,36,1.293501154872541,1.3434631198454443,1.8079861441163607,0.5993966861723484
rain_ci_delta,36,6.6613913642801545,7.158054567814797,13.44657624245934,4.122473170652407
evap_ci_delta,36,-3.0536128363760313,3.0787199606748863,11.483539090801939,3.244072767172698
ef_N_inputs,36,2.6371252768957496,3.1624804904192,4.278087653623136,1.1276611446793312
volatile_frac_organic_fertiliser,36,-0.01630156757300304,0.01630156757300304,0.00990937829654147,0.0030138450609998877
volatile_frac_synthetic_fertiliser,36,0.21208655635002116,0.21208655635002116,0.11442689071693575,0.0357337292603707
base_sf_qty_scale,36,-0.12171437219275197,0.12171437219275197,0.06001112738604003,0.017457688627474717
proj_lit_qty_scale,36,0.017909627798957835,0.021307468514591747,0.01836871852825514,0.004164957681585204
base_stand_density_scale,36,0.0,0.0,0.0,0.0
proj_stand_density_scale,36,-15.681158881182062,16.15323356529361,19.83518305906165,6.103175223628012
tree_wood_dens_sp1,36,-25.686177455271274,27.126946919518105,40.01437730292771,11.12953589474504
base_cover,36,0.3782635207292594,0.43744254281189604,0.4005033821715679,0.0910988280117689
base_fire_off,36,-0.07567880067863858,0.07567880067863858,0.14689869148455914,0.04839404300400035
base_fire_on,36,-0.19880954496330655,0.19880954496330655,0.1441797092422954,0.04716588965891691
base_sf_n_delta,36,-0.012054012840149625,0.012054012840149625,0.005283568101079195,0.0016692262153265504
crop_base_left_delta,36,0.24111408598722578,0.2680958385327454,0.2015122034795923,0.0487421207232929
crop_base_yield_delta,36,0.014739161471763624,0.10539393954753344,0.12864161358225906,0.02254021500744915
crop_carbon_above_sp3,36,0.0562234864385347,0.0562234864385347,0.033347990213176026,0.009965032098503752
crop_carbon_below_sp3,36,0.13288569362631514,0.13288569362631514,0.05625317953969193,0.014828635205517927
crop_intercept_sp3,36,0.03452156171327776,0.04818401655476087,0.06059435530647322,0.015590214721799438
crop_nitrogen_above_sp3,36,-0.0669305607858647,0.07202355101829898,0.09143711527675735,0.022607966955535852
crop_nitrogen_below_sp3,36,-0.11086118948445844,0.11086118948445844,0.08012494133274731,0.025742508856431947
crop_carbon_above_sp10,36,0.05599278404356672,0.05599278404356672,0.04371504013098911,0.01196971234559342
crop_carbon_below_sp10,36,0.02646095992606983,0.027698875147230302,0.025516889521958325,0.007164852277538414
crop_intercept_sp10,36,0.020354960836143684,0.04551430142603657,0.053213925980697845,0.008516544511975406
crop_nitrogen_above_sp10,36,-0.04570356913160273,0.04570356913160273,0.029841637006422284,0.008973887083695327
crop_nitrogen_below_sp10,36,-0.023142435699092294,0.02344484071946678,0.029404467166002427,0.008328548589452365
crop_proj_left_delta,36,0.056054020099193844,0.0789300738757107,0.07599537603363096,0.015042093887306462
crop_proj_yield_delta,36,0.03591929547655395,0.16391375421555,0.19246307937272872,0.0315397384899386
crop_root_in_top_30,36,0.10145993086890073,0.10573040258545623,0.07988421961899045,0.022989823191527894
crop_root_to_shoot_sp3,36,0.1652543283790476,0.16970280391970766,0.11136873281610807,0.032171077493355876
crop_slope_sp3,36,0.01403833588642323,0.037325898358022566,0.04872115379693545,0.009352858973958352
crop_root_to_shoot_sp10,36,0.03404686333553257,0.0356118276412926,0.035946908468316885,0.0115475156850596
crop_slope_sp10,36,-0.00526568798497192,0.07174027520809649,0.09377892093312776,0.016993122527853743
cy0_to_ceq_multiplier,36,-0.0026506819946829434,0.020722284706385288,0.039377136489791194,0.010290213821108092
litter_carbon,36,-0.003057577702032971,0.003057577702032971,0.0014346103528922335,0.0003986616558661574
litter_nitrogen,36,0.013982065601877777,0.013982065601877777,0.007232994521156466,0.0024399858924110144
mortality_fraction_branch_delta,36,0.02447297284014744,0.051640081224446036,0.06222731419538077,0.012933529385181297
mortality_fraction_croot_delta,36,-0.0022121009963947834,0.01665896081348043,0.02663897663096611,0.006241000700318055
mortality_fraction_froot_delta,36,-0.0003915312461026013,0.01209029338315744,0.018137553828229486,0.004197991958798343
mortality_fraction_leaf_delta,36,0.015293523585088526,0.015800359468256392,0.015984803783444246,0.005160165453716755
mortality_fraction_stem_delta,36,0.0198922303994556,0.0940116986390853,0.12285680610774491,0.02490216288074632
pool_alloc_froot_sp1,36,-1.0820969379654137,1.2062176362757444,1.771820408771862,0.5347910626228151
pool_alloc_leaf_sp1,36,0.15149396390525416,0.7004276246145061,0.8815294704580081,0.1692913234661747
pool_alloc_stem_sp1,36,-0.850144981654536,0.9559889047173045,1.905974706030379,0.560666082699137
pool_turnover_branch_sp1,36,5.629213061083213,5.653717810701892,7.230091109548297,2.307996702339481
pool_turnover_croot_sp1,36,0.214776700966598,0.9178251487411264,1.4501856068526546,0.38755081742377884
pool_turnover_froot_sp1,36,0.06042847551760967,0.46442818402919517,0.6234876804811162,0.1377049452669675
pool_turnover_leaf_sp1,36,0.4011664093018007,0.5152986669474278,0.5600671250555955,0.13346381928154882
pool_turnover_stem_sp1,36,1.2874182354192347,1.2954915557415747,1.2352406009681165,0.3878019225674598
proj_cover,36,-7.9045426642899885,8.086815030061027,10.815213115666971,3.2389100763036165
proj_fire_off,36,0.0548573796552464,0.0548573796552464,0.10861682660156402,0.03751853685995071
proj_fire_on,36,10.081477584918126,10.081477584918126,14.329885835582392,3.9763423049078153
proj_mortality,36,41.18760825701339,41.24068634558609,47.2685571945373,14.999353419301851
proj_thinning_delta,36,64.65144705797138,64.65144705797138,61.56379785586969,16.018261412194104
roth_c_cover_c,36,1.4836866978385947,1.6396439434145869,3.179252884390172,1.0624240065542434
roth_c_dpm_frac_crop,36,-0.04102733349456555,0.04102733349456555,0.039298948753134375,0.011450008044765774
roth_c_dpm_frac_tree,36,5.2317365449211,5.455413124723977,8.448757566434633,2.7682732468718725
roth_c_moisture_b_slope,36,-3.9508619476698628,4.014312362138977,5.133014286226176,1.5821581802148437
roth_c_temp_a1,36,1.3715335985295798,1.4167172272775144,1.6101421540854668,0.4709880360221731
roth_c_temp_a2,36,-10.466399837230854,10.849272621530664,12.85138027669908,3.9373744225281433
thinning_fraction_branch_delta,36,-4.207993296404572,4.207993296404572,4.829125917498679,1.6865450980440075
thinning_fraction_croot_delta,36,-1.940720198177385,1.940720198177385,2.368887454061516,0.6785116903207029
thinning_fraction_froot_delta,36,-1.024462385173109,1.024462385173109,1.199057747928862,0.36660190128428005
thinning_fraction_leaf_delta,36,-1.4926159650046988,1.4926159650046988,1.715601092447938,0.5657074232622468
thinning_fraction_stem_delta,36,-10.33631559462088,10.339354637812116,13.539638803908302,4.5513933942681115
tree_carbon_sp1,36,-7.610257111520433,7.7546530148346475,9.198552270932467,2.781344339989347
tree_nitrogen_branch_sp1,36,0.27170521044169105,0.27170521044169105,0.30197482822906346,0.08974185674551254
tree_nitrogen_croot_sp1,36,0.39755944374369734,0.39755944374369734,0.6354143668688196,0.19956897163848247
tree_nitrogen_froot_sp1,36,0.009974642860242217,0.009974642860242217,0.01344159018534779,0.0047368725925713475
tree_nitrogen_leaf_sp1,36,1.8267303568356112,1.8267303568356112,2.5839924080973016,0.7411517009416203
tree_nitrogen_stem_sp1,36,0.024284665670965166,0.024284665670965166,0.0398159190365687,0.01250444584536602
tree_root_in_top_30,36,-2.8257548690880183,3.027322411646701,4.536194088485052,1.4733343770987468
tree_root_to_shoot_sp1,36,-4.061215575815552,4.258112267440747,6.628251638062378,2.156612511501717
cy0,37,-0.00156762754727775,0.17796813949352497,0.2824650344518579,0.06558070115613304
clay,37,-1.8429638597712512,1.9409696122022442,3.3804059966486837,0.9316226277096312
temp_ci_delta,37,0.9427586967853887,1.0414350554122769,1.506829480495904,0.49216665303410867
rain_ci_delta,37,5.154311948367388,5.769534759309446,11.350033513466073,3.4626082615473153
evap_ci_delta,37,-2.4633322426016813,2.4959793360006053,9.517951414925621,2.664714962094952
ef_N_inputs,37,2.1280055374020312,2.730780757300548,3.8090777145248187,0.9703423041616432
volatile_frac_organic_fertiliser,37,-0.016301567573003474,0.016301567573003474,0.009909378296539723,0.0030138450609992944
volatile_frac_synthetic_fertiliser,37,0.21208655635002077,0.21208655635002077,0.11442689071693596,0.035733729260370904
base_sf_qty_scale,37,-0.12171437219275312,0.12171437219275312,0.060011127386039934,0.01745768862747459
proj_lit_qty_scale,37,0.018305226649751084,0.021543160755904033,0.018314376497478305,0.004215844457595478
base_stand_density_scale,37,0.0,0.0,0.0,0.0
proj_stand_density_scale,37,-2.308880958054864,6.199622788323216,9.959906917756093,2.4406386947536216
tree_wood_dens_sp1,37,-4.111508992285569,11.7652687399695,20.240554869371138,4.831440988353305
base_cover,37,0.36141568321408873,0.42475747434660577,0.3962166614894885,0.08938002283490992
base_fire_off,37,-0.07567880067863841,0.07567880067863841,0.14689869148455822,0.04839404300399997
base_fire_on,37,-0.1974378812577292,0.1974378812577292,0.1415066628023183,0.04623556500933375
base_sf_n_delta,37,-0.012054012840150374,0.012054012840150374,0.005283568101080795,0.0016692262153271136
crop_base_left_delta,37,0.23664215349679849,0.26417916567384603,0.20035361038258728,0.04835477540373324
crop_base_yield_delta,37,0.01092803073607446,0.1047126584956358,0.12840793559747166,0.022576119280010392
crop_carbon_above_sp3,37,0.05221300684992399,0.05221300684992399,0.031629030464932976,0.009479119905823697
crop_carbon_below_sp3,37,0.12300009268477174,0.12300009268477174,0.052793556373531364,0.013718702639460513
crop_intercept_sp3,37,0.028293367090451,0.043050166054183533,0.05437219652109564,0.013501588107064684
crop_nitrogen_above_sp3,37,-0.06693056078586543,0.07202355101829594,0.09143711527675719,0.022607966955536803
crop_nitrogen_below_sp3,37,-0.1108611894844586,0.1108611894844586,0.08012494133274602,0.025742508856431406
crop_carbon_above_sp10,37,0.054854121602856507,0.054854121602856507,0.04322881427416733,0.011820250082867818
crop_carbon_below_sp10,37,0.02591038200777056,0.027160755846396812,0.02521075824970014,0.00706435725574501
crop_intercept_sp10,37,0.019411049186886613,0.045285735498129295,0.05299837626728381,0.008393511197677077
crop_nitrogen_above_sp10,37,-0.04570356913160261,0.04570356913160261,0.029841637006422443,0.008973887083695153
crop_nitrogen_below_sp10,37,-0.023142435699092533,0.02344484071946702,0.029404467166002615,0.008328548589452889
crop_proj_left_delta,37,0.04663275528238945,0.07172124731852603,0.07033562756720625,0.012738435083083659
crop_proj_yield_delta,37,0.05865026508927357,0.1604573803345142,0.18058562979400986,0.030253250897310263
crop_root_in_top_30,37,0.09300162397923474,0.09813202427834619,0.07690905004764373,0.021866577963263634
crop_root_to_shoot_sp3,37,0.14933675649550165,0.15549915045490098,0.10631758338739192,0.030020939220539767
crop_slope_sp3,37,0.007269162183214559,0.03563986648346066,0.04708059110728111,0.00862819849163824
crop_root_to_shoot_sp10,37,0.03305538698415002,0.034846130697576146,0.035529403135415166,0.011291757531131893
crop_slope_sp10,37,-0.00768233121319353,0.07160553733291478,0.09345941476432748,0.016898960602023304
cy0_to_ceq_multiplier,37,-0.0030054070027485972,0.020098528889759666,0.03846980624056016,0.010041480972887226
litter_carbon,37,-0.0029901952672862276,0.0029901952672862276,0.0014230276817754355,0.00039592092685123705
litter_nitrogen,37,0.013982065601877211,0.013982065601877211,0.007232994521154463,0.0024399858924103288
mortality_fraction_branch_delta,37,0.0002309041793716493,0.044476807211349265,0.05866908040483963,0.011621188683316885
mortality_fraction_croot_delta,37,-0.010647132279550386,0.01899559253938703,0.028293011171825172,0.007241693109648973
mortality_fraction_froot_delta,37,-0.005966024440104298,0.011330594697627103,0.018649376663523804,0.004902432658979724
mortality_fraction_leaf_delta,37,0.009241665318482736,0.011291320919377892,0.01312147152154382,0.003913919229193589
mortality_fraction_stem_delta,37,-0.021489491125352044,0.09858551833026738,0.13472793051859921,0.0299598899208793
pool_alloc_froot_sp1,37,-0.4236644628514207,0.7259779079948135,1.2007227742681035,0.3304388176749433
pool_alloc_leaf_sp1,37,0.5899553580163357,0.7172935812211525,0.7042638779686682,0.1677935923727079
pool_alloc_stem_sp1,37,-0.24001249558757856,0.38003781589786145,0.6665545892552839,0.17478482499979067
pool_turnover_branch_sp1,37,1.359637902268553,1.9388011539995411,2.903202708699829,0.8281037639132218
pool_turnover_croot_sp1,37,-0.35181867741762307,0.8632905752316227,1.5626403234527266,0.441793842376303
pool_turnover_froot_sp1,37,-0.2228601375963563,0.4568297364452695,0.645385550197575,0.15467338484183546
pool_turnover_leaf_sp1,37,0.21519951200364495,0.40538848947294104,0.5461895050897163,0.1280322159521257
pool_turnover_stem_sp1,37,0.35802956725381885,0.46739164756572704,0.5594077327385502,0.14281364056655318
proj_cover,37,-5.846345113617984,6.126072723184379,8.732484128502639,2.601965631482628
proj_fire_off,37,0.054857379655245675,0.054857379655245675,0.10861682660156251,0.03751853685995009
proj_fire_on,37,2.333616783388793,4.21356940681447,5.3273293725274575,1.1703196533157405
proj_mortality,37,18.590217371708643,20.209033579309146,23.762656655011675,7.129780851245162
proj_thinning_delta,37,18.84641995213322,19.291693355877776,18.000583684196013,5.145757150110349
roth_c_cover_c,37,1.0595478767576105,1.2335398601368444,1.9925236787504121,0.6593582706598953
roth_c_dpm_frac_crop,37,-0.03320857364216198,0.03320857364216198,0.035253475024547065,0.01038880278538034
roth_c_dpm_frac_tree,37,-1.4867537035522247,1.9310380794399133,2.2064858080258793,0.5551287812163422
roth_c_moisture_b_slope,37,-3.1138759784894754,3.2104123619916742,4.197060578359769,1.325330437712823
roth_c_temp_a1,37,1.0080949001528723,1.0682909568772228,1.368352686941472,0.3965489168100891
roth_c_temp_a2,37,-7.4505184040555035,7.936266174502198,9.435873449698313,2.8472341582697394
thinning_fraction_branch_delta,37,1.4859096207192892,1.4859096207192892,1.7370025595516223,0.5627377536017176
thinning_fraction_croot_delta,37,0.5313607575048619,0.5313607575048619,0.6016499042031834,0.16808701054825886
thinning_fraction_froot_delta,37,0.33675051910442894,0.33675051910442894,0.4454795305324624,0.13324119999672174
thinning_fraction_leaf_delta,37,0.4880194719390868,0.4880194719390868,0.4456242051146729,0.14354291769441635
thinning_fraction_stem_delta,37,3.0996580745407076,3.0996580745407076,3.667105307497748,1.263623495031677
tree_carbon_sp1,37,-1.5859722337479272,2.4652509003866485,3.718263837150222,0.9723431453752807
tree_nitrogen_branch_sp1,37,0.07508785672055004,0.07508785672055004,0.07824516239351297,0.0231312311101521
tree_nitrogen_croot_sp1,37,0.29856212555495115,0.29856212555495115,0.518953192342465,0.1593909491399473
tree_nitrogen_froot_sp1,37,0.00912205020669073,0.00912205020669073,0.012320103118939486,0.004352648982403634
tree_nitrogen_leaf_sp1,37,1.711796201240217,1.711796201240217,2.467885171016897,0.7127263634993243
tree_nitrogen_stem_sp1,37,0.00522326841894658,0.00522326841894658,0.00664850763520905,0.002104516908359667
tree_root_in_top_30,37,-0.5890569951008375,1.5870283166443528,2.5249658932947154,0.6546546161698037
tree_root_to_shoot_sp1,37,-0.9210864151679955,2.0954940447113604,3.5274714761830515,0.9720794743746239
cy0,38,-0.004880464833515283,0.1759388114051194,0.2821280781480288,0.06564693115262797
clay,38,-1.6198306215100575,1.73762030708471,3.0744390248178624,0.846807069537536
temp_ci_delta,38,0.6848227990440485,0.8662504328145564,1.4271879264972385,0.4534145840599279
rain_ci_delta,38,4.183679547237132,4.950145053547692,10.423171966697353,3.2115713907651453
evap_ci_delta,38,-2.2749571011606897,2.3243412922381634,9.444718678783712,2.6411782062258635
ef_N_inputs,38,2.201340807568023,2.8105208834697435,3.9345676550494413,1.0053482753660348
volatile_frac_organic_fertiliser,38,-0.016301567573002863,0.016301567573002863,0.009909378296539508,0.0030138450609993343
volatile_frac_synthetic_fertiliser,38,0.21208655635002094,0.21208655635002094,0.11442689071693628,0.03573372926037102
base_sf_qty_scale,38,-0.12171437219275374,0.12171437219275374,0.06001112738604091,0.01745768862747477
proj_lit_qty_scale,38,0.01868860232873971,0.021770214343190965,0.01826121629765998,0.004267754028619189
base_stand_density_scale,38,0.0,0.0,0.0,0.0
proj_stand_density_scale,38,-4.203098834917812,6.649211246010436,10.502946893239974,2.7004929926906485
tree_wood_dens_sp1,38,-7.248407414994325,12.645874901943968,22.26575895222797,5.597527331589373
base_cover,38,0.3453702338498873,0.4140359864473259,0.39224345390186666,0.08791323357950359
base_fire_off,38,-0.07567880067863843,0.07567880067863843,0.1468986914845583,0.048394043004000006
base_fire_on,38,-0.19610032308053751,0.19610032308053751,0.13892439781937135,0.045334798234544095
base_sf_n_delta,38,-0.012054012840150119,0.012054012840150119,0.005283568101080177,0.0016692262153268967
crop_base_left_delta,38,0.23227932395426518,0.26035497907965605,0.19922846524358073,0.04798550430978922
crop_base_yield_delta,38,0.007211402651735699,0.10404581648315496,0.12819421128874886,0.022678266765179197
crop_carbon_above_sp3,38,0.0491578346230344,0.0491578346230344,0.0303376186385371,0.009099528534851865
crop_carbon_below_sp3,38,0.11522285811291097,0.11522285811291097,0.050077968227070654,0.01285573260772483
crop_intercept_sp3,38,0.023810921351672905,0.03969430708155549,0.050185009437783375,0.012106315558438769
crop_nitrogen_above_sp3,38,-0.06693056078586457,0.07202355101829641,0.09143711527675685,0.02260796695553629
crop_nitrogen_below_sp3,38,-0.11086118948445889,0.11086118948445889,0.08012494133274617,0.025742508856431538
crop_carbon_above_sp10,38,0.053752782306471056,0.053752782306471056,0.04276037657496426,0.011676987912426542
crop_carbon_below_sp10,38,0.025377570297758324,0.026638964113952612,0.024914124119302057,0.006967958244421384
crop_intercept_sp10,38,0.01850012130766419,0.045067391292370966,0.05279837855889904,0.008283967249353553
crop_nitrogen_above_sp10,38,-0.04570356913160276,0.04570356913160276,0.029841637006422367,0.008973887083695115
crop_nitrogen_below_sp10,38,-0.023142435699092904,0.023444840719467407,0.029404467166002396,0.008328548589453082
crop_proj_left_delta,38,0.03968631070128628,0.06644776807097233,0.06621728505837914,0.011166364291241139
crop_proj_yield_delta,38,0.07610361608727464,0.15746918784470665,0.17090992544361688,0.029904591913150903
crop_root_in_top_30,38,0.08633419276468415,0.09210243041127035,0.07450044403390156,0.02101146761087878
crop_root_to_shoot_sp3,38,0.1367495211074265,0.14422722361963644,0.10205158931947338,0.028338315183609117
crop_slope_sp3,38,0.001921236591102754,0.03481686932062384,0.04572324101909271,0.00808784106477409
crop_root_to_shoot_sp10,38,0.032099114226528135,0.034106334367400626,0.035141044895961,0.01105286838665844
crop_slope_sp10,38,-0.01002902336063155,0.07155698583473015,0.0931543717249196,0.016780445205249288
cy0_to_ceq_multiplier,38,-0.003325972093057937,0.019640907680675602,0.03764067016541329,0.00974998646299735
litter_carbon,38,-0.002924766264635198,0.002924766264635198,0.0014117440642653957,0.0003932477985329254
litter_nitrogen,38,0.013982065601876611,0.013982065601876611,0.007232994521155419,0.002439985892410737
mortality_fraction_branch_delta,38,-0.012927146049623145,0.04608177921705357,0.06188090443572663,0.012348447218279296
mortality_fraction_croot_delta,38,-0.015273299024414733,0.021706970670793156,0.03103782250907118,0.007720233717840317
mortality_fraction_froot_delta,38,-0.00890296368135727,0.012411399323412434,0.019560017825476127,0.005541481123093029
mortality_fraction_leaf_delta,38,0.006043316653486977,0.010562156402242614,0.012752597247603865,0.003225052752841469
mortality_fraction_stem_delta,38,-0.044456732075251484,0.10766380123672911,0.14795947256591643,0.0357368542313925
pool_alloc_froot_sp1,38,-0.6786980527444616,0.8524575291320649,1.3586105832768107,0.39579799970367385
pool_alloc_leaf_sp1,38,0.3642386005303272,0.5601600112000901,0.6485776062884079,0.1514093314576066
pool_alloc_stem_sp1,38,-0.3169094943455196,0.3901647060794238,0.7669049882256965,0.20863753947158606
pool_turnover_branch_sp1,38,1.7748295555943336,2.1443388735009243,3.191123992795952,0.9480635921078934
pool_turnover_croot_sp1,38,-0.6920749711074856,1.0069736873041175,1.773619072998087,0.530328972932091
pool_turnover_froot_sp1,38,-0.3855608566678429,0.5229759676414696,0.7176306795236074,0.1871964602086474
pool_turnover_leaf_sp1,38,0.11024386977738501,0.3574256173804141,0.5756845833268651,0.14066964922385455
pool_turnover_stem_sp1,38,0.44420536609221184,0.5341811542143573,0.6024981468212288,0.15931989701409707
proj_cover,38,-4.033673144975547,4.6451009557088785,7.4327362118386,2.1046166450124226
proj_fire_off,38,0.05485737965524542,0.05485737965524542,0.10861682660156216,0.03751853685994999
proj_fire_on,38,3.1433219382144175,3.747154889035328,4.329028018296082,1.1744389616131825
proj_mortality,38,22.000050790693972,23.011453124318354,26.57272049039609,8.169690252081574
proj_thinning_delta,38,24.52005758603294,24.597536750394088,20.012108170146774,5.760854011646218
roth_c_cover_c,38,0.9880658455641125,1.1645813192671421,2.3328823412987134,0.7659544538155821
roth_c_dpm_frac_crop,38,-0.027444759086724203,0.027444759086724203,0.031421470026611296,0.00933516790361346
roth_c_dpm_frac_tree,38,-1.127374657392378,1.4052178795901016,1.6323775032935783,0.41063380852533393
roth_c_moisture_b_slope,38,-2.381939556156186,2.5340836162324214,3.660925493316483,1.1427883019151708
roth_c_temp_a1,38,0.7631651644346886,0.8811419025238052,1.3885582176312412,0.3799460447257899
roth_c_temp_a2,38,-5.2592717820133315,6.0599853581530345,8.768283341178286,2.5837124473464694
thinning_fraction_branch_delta,38,0.82239934788714,0.82239934788714,0.8919621030600643,0.3001809059482688
thinning_fraction_croot_delta,38,0.3159503789981532,0.3159503789981532,0.356111626860956,0.10097252530691436
thinning_fraction_froot_delta,38,0.18907066874200085,0.18907066874200085,0.21215655444376116,0.0641741876010507
thinning_fraction_leaf_delta,38,0.2837173332063072,0.2837173332063072,0.26081216876139013,0.08582100108204793
thinning_fraction_stem_delta,38,1.7444151035998186,1.7444151035998186,1.972385833008915,0.6684749950880235
tree_carbon_sp1,38,-2.4306875712474825,3.041400750871431,4.332891979727367,1.216998615461676
tree_nitrogen_branch_sp1,38,0.0763848438922589,0.0763848438922589,0.080448864734126,0.02376553134221171
tree_nitrogen_croot_sp1,38,0.3057090352124314,0.3057090352124314,0.5371965095726822,0.1649664780838549
tree_nitrogen_froot_sp1,38,0.009380408190283906,0.009380408190283906,0.012764034660973748,0.00451081392197146
tree_nitrogen_leaf_sp1,38,1.7504413780620012,1.7504413780620012,2.542987171819144,0.7353155044838218
tree_nitrogen_stem_sp1,38,0.00531447299678115,0.00531447299678115,0.006851697302551352,0.002169314094108092
tree_root_in_top_30,38,-1.1354985984439738,1.6573111624482741,2.839719001907417,0.8445702864843325
tree_root_to_shoot_sp1,38,-1.4937331970931371,2.3927496130695918,3.910939141741439,1.1546225161020969
cy0,39,-0.00794412948635156,0.1737668117063939,0.28240130947806075,0.0660116956291663
clay,39,-1.5233376635093383,1.6567759613481594,2.909069923193007,0.8016250569623998
temp_ci_delta,39,0.567874696190281,0.7701728042688678,1.2927450725323688,0.40197204635255523
rain_ci_delta,39,3.4401208012013713,4.294393397037934,9.451618192563885,2.9321170062305146
evap_ci_delta,39,-2.0757696057803217,2.131162869427044,8.639031693138788,2.417342191990501
ef_N_inputs,39,2.272681381501026,2.8882266521046835,4.058708949282386,1.0400420617291186
volatile_frac_organic_fertiliser,39,-0.016301567573002707,0.016301567573002707,0.009909378296539614,0.0030138450609993694
volatile_frac_synthetic_fertiliser,39,0.21208655635002122,0.21208655635002122,0.11442689071693593,0.03573372926037096
base_sf_qty_scale,39,-0.12171437219275279,0.12171437219275279,0.06001112738604087,0.017457688627474946
proj_lit_qty_scale,39,0.0190604002587365,0.021989139003923065,0.018209134692642244,0.0043204582519046075
base_stand_density_scale,39,0.0,0.0,0.0,0.0
proj_stand_density_scale,39,-5.054428822568812,7.001553724589837,10.880554652580148,2.8836184338434028
tree_wood_dens_sp1,39,-8.743712043443033,13.126208949186957,23.402642801878148,6.048806551645109
base_cover,39,0.3300867641172018,0.40355768366477074,0.3885393519211512,0.0867370112228478
base_fire_off,39,-0.07567880067863839,0.07567880067863839,0.14689869148455872,0.048394043004000194
base_fire_on,39,-0.19479559651091125,0.19479559651091125,0.13642952276468795,0.044462467673119295
base_sf_n_delta,39,-0.012054012840149866,0.012054012840149866,0.0052835681010799,0.0016692262153270006
crop_base_left_delta,39,0.22802171517586078,0.256619528182648,0.19813310624995067,0.04763262081306828
crop_base_yield_delta,39,0.003584042414871652,0.10339091175721075,0.127997184359038,0.022840701547599675
crop_carbon_above_sp3,39,0.04672981379722848,0.04672981379722848,0.029307522057118184,0.00878922777470355
crop_carbon_below_sp3,39,0.10892792841131324,0.10892792841131324,0.0479435364541592,0.012192087374167479
crop_intercept_sp3,39,0.020422357523522075,0.0372990702575866,0.04724936848041879,0.011163879664690636
crop_nitrogen_above_sp3,39,-0.0669305607858635,0.07202355101829647,0.09143711527675849,0.02260796695553648
crop_nitrogen_below_sp3,39,-0.1108611894844583,0.1108611894844583,0.08012494133274566,0.02574250885643126
crop_carbon_above_sp10,39,0.05268709133465062,0.05268709133465062,0.04230781335516008,0.011539207596117172
crop_carbon_below_sp10,39,0.024860913363410946,0.026131978760361434,0.02462553866900492,0.006875240060521127
crop_intercept_sp10,39,0.017619062519684685,0.044857783050149355,0.052611665411714054,0.008186582391697048
crop_nitrogen_above_sp10,39,-0.04570356913160386,0.04570356913160386,0.02984163700642165,0.008973887083694931
crop_nitrogen_below_sp10,39,-0.023142435699093116,0.02344484071946762,0.02940446716600243,0.008328548589452653
crop_proj_left_delta,39,0.034418849740959837,0.06239478739749669,0.06316034493063576,0.010134387477871902
crop_proj_yield_delta,39,0.09000543767177374,0.15658128516899894,0.16303838963996056,0.02981916015920324
crop_root_in_top_30,39,0.08086986042721596,0.08714004797387542,0.0725405064880585,0.02034876040533109
crop_root_to_shoot_sp3,39,0.12649924276065105,0.1350935214366234,0.09852931832052958,0.026992325984546473
crop_slope_sp3,39,-0.002427799750670942,0.03441958214476295,0.04461780810731417,0.007747181944307973
crop_root_to_shoot_sp10,39,0.03117595667631031,0.03339085173712136,0.03477873974216561,0.010829594369792054
crop_slope_sp10,39,-0.01231009794294454,0.07157716273477685,0.09286228481284434,0.01665097614319754
cy0_to_ceq_multiplier,39,-0.003615414832000978,0.019213036020432415,0.03687618001920587,0.009478780391646085
litter_carbon,39,-0.0028611973105245186,0.0028611973105245186,0.0014007144284931639,0.0003906303110561258
litter_nitrogen,39,0.013982065601876943,0.013982065601876943,0.00723299452115515,0.002439985892410797
mortality_fraction_branch_delta,39,-0.020811953115746885,0.04876510132006591,0.0659868757264091,0.013539601633346799
mortality_fraction_croot_delta,39,-0.018149653022606915,0.023471312166585802,0.03336269401980974,0.008321440438734054
mortality_fraction_froot_delta,39,-0.01071181949999265,0.013688380347203936,0.020513997779086666,0.005931730334933673
mortality_fraction_leaf_delta,39,0.004131057217489281,0.010550351237115379,0.01306855988490177,0.003001217540469917
mortality_fraction_stem_delta,39,-0.05929938146768521,0.11551017838154838,0.15971792975085947,0.040248484539031903
pool_alloc_froot_sp1,39,-0.8334186819497621,0.9856412512462249,1.4817171090719174,0.43648751947342623
pool_alloc_leaf_sp1,39,0.24393611353647987,0.5240502827811213,0.6668867120801731,0.15261075176530295
pool_alloc_stem_sp1,39,-0.3470324914601085,0.3943516485892423,0.8053555889172752,0.22049856077728514
pool_turnover_branch_sp1,39,1.880787135123001,2.208067231905778,3.2220583862630083,0.9588402092145455
pool_turnover_croot_sp1,39,-0.9250037516107616,1.1587566230071216,1.976253174944174,0.6133881063413098
pool_turnover_froot_sp1,39,-0.49691890864628274,0.6013111743342224,0.796784467680555,0.2147186758019535
pool_turnover_leaf_sp1,39,0.041677620764388794,0.34835968199577183,0.6179323012692213,0.15579861514905743
pool_turnover_stem_sp1,39,0.4662305142328777,0.5485075938524356,0.6149741009458969,0.1649218839874626
proj_cover,39,-3.2738205103757636,3.905959463062806,6.355870362933762,1.7813789353738885
proj_fire_off,39,0.05485737965524558,0.05485737965524558,0.10861682660156247,0.03751853685995008
proj_fire_on,39,3.519491299047111,3.715920124122127,4.230092340199476,1.2473472172887499
proj_mortality,39,23.742975660287264,24.565478006492167,28.152203130979387,8.741077998859163
proj_thinning_delta,39,26.77506327778671,26.77506327778671,21.640574723426838,6.202113510366388
roth_c_cover_c,39,0.8353838439063634,1.0264500270704504,2.1333774504891174,0.691614308618224
roth_c_dpm_frac_crop,39,-0.02307400372163179,0.02307400372163179,0.027922317131687222,0.008345877689996464
roth_c_dpm_frac_tree,39,-0.4667010446810521,0.9381520817645894,1.3367291971568758,0.28205506199298863
roth_c_moisture_b_slope,39,-1.9072652985479368,2.099066897077867,3.2095568405312114,1.0103955455537366
roth_c_temp_a1,39,0.6814507592479975,0.7973274868829439,1.2799883901965778,0.3442238467937108
roth_c_temp_a2,39,-4.138552233408185,5.026388857777662,7.567517539822797,2.22189643681087
thinning_fraction_branch_delta,39,0.5328549931315923,0.5328549931315923,0.5479884083056014,0.18971767711019608
thinning_fraction_croot_delta,39,0.22155906372190737,0.22155906372190737,0.2548364632637073,0.07286916450227192
thinning_fraction_froot_delta,39,0.12301645134855524,0.12301645134855524,0.1252672433321087,0.03819105067955089
thinning_fraction_leaf_delta,39,0.19907990060049147,0.19907990060049147,0.19052057131537337,0.06290779770840947
thinning_fraction_stem_delta,39,1.205251235294141,1.205251235294141,1.317168686972453,0.44095925006410314
tree_carbon_sp1,39,-2.775152232268142,3.3010026386579043,4.584562015009035,1.3090241890253929
tree_nitrogen_branch_sp1,39,0.07762365584967834,0.07762365584967834,0.08262019505228228,0.024390655508698268
tree_nitrogen_croot_sp1,39,0.31268026880878697,0.31268026880878697,0.5553602787459483,0.1705169886057595
tree_nitrogen_froot_sp1,39,0.009635211965438806,0.009635211965438806,0.013206515505887082,0.004668490417126029
tree_nitrogen_leaf_sp1,39,1.7879663744305188,1.7879663744305188,2.616825577760265,0.7575947790461655
tree_nitrogen_stem_sp1,39,0.005402960146592884,0.005402960146592884,0.007051849193030337,0.002233236919774405
tree_root_in_top_30,39,-1.4424478828942646,1.8487649837267572,3.0640832406258594,0.9443089955357599
tree_root_to_shoot_sp1,39,-1.7660689959047295,2.521283905182467,4.062988836544115,1.2332945196857301
cy0,40,-0.010776427614607056,0.17137263424012888,0.28312498965795685,0.06663868782063735
clay,40,-1.4790187198474265,1.6301661794025144,2.8307070960901206,0.7791749254332487
temp_ci_delta,40,0.5468368690515754,0.7362856622961103,1.2222691449695415,0.3780203533972823
rain_ci_delta,40,3.1701335154260284,4.026110952481651,9.035868776303918,2.817209251361815
evap_ci_delta,40,-1.991971852317628,2.0463703316792703,8.135484482856814,2.285425037968787
ef_N_inputs,40,2.3417436677212935,2.963616037020884,4.181072460388966,1.0742986257155929
volatile_frac_organic_fertiliser,40,-0.016301567573002673,0.016301567573002673,0.00990937829653948,0.003013845060999326
volatile_frac_synthetic_fertiliser,40,0.21208655635002077,0.21208655635002077,0.11442689071693617,0.035733729260370946
base_sf_qty_scale,40,-0.12171437219275275,0.12171437219275275,0.06001112738603991,0.017457688627474682
proj_lit_qty_scale,40,0.019421199163343617,0.022200386797740675,0.018158033864435773,0.004373755383072072
base_stand_density_scale,40,0.0,0.0,0.0,0.0
proj_stand_density_scale,40,-5.516311405597549,7.253868770810231,11.18653439491257,3.009884550051673
tree_wood_dens_sp1,40,-9.59492753203997,13.547453117623595,24.251442270849502,6.330438663543459
base_cover,40,0.3155266786702215,0.39331947014388563,0.385064650926365,0.08581077928399805
base_fire_off,40,-0.07567880067863836,0.07567880067863836,0.14689869148455867,0.04839404300400017
base_fire_on,40,-0.1935224591502115,0.1935224591502115,0.13401870361044427,0.04361750650276834
base_sf_n_delta,40,-0.012054012840150317,0.012054012840150317,0.0052835681010809646,0.0016692262153272946
crop_base_left_delta,40,0.22386334874783484,0.25296763132768285,0.1970641579145943,0.04729465757590768
crop_base_yield_delta,40,4.185410335507678e-05,0.10274595065650113,0.12781343753241797,0.023057227925227835
crop_carbon_above_sp3,40,0.04472906939413049,0.04472906939413049,0.028448047387856217,0.008527731139384324
crop_carbon_below_sp3,40,0.10370602387183243,0.10370602387183243,0.046258392181348154,0.011685134375925117
crop_intercept_sp3,40,0.01774612444114295,0.03559523105054077,0.045106237087354596,0.010399730101623905
crop_nitrogen_above_sp3,40,-0.06693056078586468,0.07202355101829658,0.09143711527675688,0.02260796695553647
crop_nitrogen_below_sp3,40,-0.11086118948445871,0.11086118948445871,0.08012494133274628,0.025742508856431482
crop_carbon_above_sp10,40,0.051654504420607386,0.051654504420607386,0.0418690795670119,0.01140626336991714
crop_carbon_below_sp10,40,0.024359901205096242,0.02563948666851084,0.024344793774085643,0.006785889627431291
crop_intercept_sp10,40,0.0167661287839326,0.044656202797185254,0.05243667275856392,0.008100440942155465
crop_nitrogen_above_sp10,40,-0.045703569131603165,0.045703569131603165,0.029841637006421798,0.008973887083694973
crop_nitrogen_below_sp10,40,-0.0231424356990932,0.023444840719467654,0.029404467166002,0.00832854858945281
crop_proj_left_delta,40,0.030330079893247826,0.059144602048370375,0.060836337845962755,0.009489894846805394
crop_proj_yield_delta,40,0.10142793263764567,0.15616892765216203,0.15664346916106517,0.03003831381819388
crop_root_in_top_30,40,0.07624559967000775,0.08293140787652378,0.07093116456968424,0.01982700813923801
crop_root_to_shoot_sp3,40,0.11794501405010119,0.12759682981735393,0.09564895543978111,0.025882300428533886
crop_slope_sp3,40,-0.006053725381517372,0.0345394676307638,0.04372557445319732,0.007474792955783844
crop_root_to_shoot_sp10,40,0.030283748924352698,0.03269756963838864,0.03444003926914026,0.010620909468120858
crop_slope_sp10,40,-0.014528483054199168,0.07158929048331462,0.09258156260451401,0.01655845310996131
cy0_to_ceq_multiplier,40,-0.0038766977304217146,0.018794931335237772,0.036164614231313126,0.009230470841674025
litter_carbon,40,-0.0027994049125347363,0.0027994049125347363,0.0013899000636842236,0.00038805808815670735
litter_nitrogen,40,0.013982065601878568,0.013982065601878568,0.007232994521154764,0.002439985892410731
mortality_fraction_branch_delta,40,-0.025433939345063182,0.05130859882698826,0.06927122511352318,0.014407098278065801
mortality_fraction_croot_delta,40,-0.01992306058112061,0.02463779110082894,0.03501356033640475,0.008800421719951492
mortality_fraction_froot_delta,40,-0.011819874658752895,0.014520748559778241,0.021291224615345,0.006221374844379505
mortality_fraction_leaf_delta,40,0.003010018161004535,0.010709725241509094,0.013536557015249081,0.0030080528933300868
mortality_fraction_stem_delta,40,-0.06894180597138404,0.12118696664085063,0.1687497146474135,0.043553998794417126
pool_alloc_froot_sp1,40,-0.9378831272027561,1.0799941445753916,1.5834881477590077,0.470382951288376
pool_alloc_leaf_sp1,40,0.1739615481902686,0.5221451967081758,0.6957157417261933,0.15677743001822408
pool_alloc_stem_sp1,40,-0.3633839609424623,0.4023352794343369,0.8338499388489717,0.22889259779245677
pool_turnover_branch_sp1,40,1.8790149133610996,2.191414126091284,3.194387263424998,0.9508907167366962
pool_turnover_croot_sp1,40,-1.0873601775003126,1.2791784852855241,2.1458976283333455,0.6787838635084136
pool_turnover_froot_sp1,40,-0.5755384223730363,0.6630605458149518,0.8666090962322933,0.2380775271070149
pool_turnover_leaf_sp1,40,-0.003660943523631638,0.3576762837947476,0.6599557313196701,0.16503425100228336
pool_turnover_stem_sp1,40,0.4615976375077884,0.540175802375969,0.6089360613482555,0.16460887091840687
proj_cover,40,-3.1759009010644124,3.7352968253391103,5.917298416592911,1.6729352429415958
proj_fire_off,40,0.05485737965524558,0.05485737965524558,0.10861682660156247,0.03751853685995008
proj_fire_on,40,3.7476367494546303,3.881614967634693,4.338194144145151,1.2936317177217187
proj_mortality,40,24.990043034798344,25.73743760203265,29.494624436634027,9.20588471510237
proj_thinning_delta,40,27.80637048904772,27.80637048904772,23.00814252525588,6.5263842451091465
roth_c_cover_c,40,0.7560243619256828,0.9556356105810329,1.9738152025875426,0.6357246021208625
roth_c_dpm_frac_crop,40,-0.01967890243896519,0.01967890243896519,0.02479387667110407,0.00744548215586116
roth_c_dpm_frac_tree,40,-0.04225061433161938,0.8653281422630761,1.3561404429423638,0.27532305554503533
roth_c_moisture_b_slope,40,-1.7557970187806398,1.9506533778745312,3.008137180200321,0.9514762207236281
roth_c_temp_a1,40,0.6781025947804641,0.7782249460998687,1.2125556311686378,0.3271717979388942
roth_c_temp_a2,40,-3.912032991924181,4.751764500483867,6.984251793888863,2.079196473873792
thinning_fraction_branch_delta,40,0.3678404157617497,0.3678404157617497,0.37084039965041854,0.12878392292396074
thinning_fraction_croot_delta,40,0.16150103925581244,0.16150103925581244,0.1916294505909821,0.05498435430487819
thinning_fraction_froot_delta,40,0.08466103053918876,0.08466103053918876,0.0857979535454532,0.026425209627772454
thinning_fraction_leaf_delta,40,0.1454595292451241,0.1454595292451241,0.14409336723221736,0.047156939732480384
thinning_fraction_stem_delta,40,0.880918998205438,0.880918998205438,0.9648288840577408,0.32101325851023266
tree_carbon_sp1,40,-2.960321516129368,3.4338368062627227,4.74635745750273,1.3679535670962355
tree_nitrogen_branch_sp1,40,0.07879875220248177,0.07879875220248177,0.08475058122749302,0.025004096950756925
tree_nitrogen_croot_sp1,40,0.3194495091034731,0.3194495091034731,0.5733855296012502,0.1760244990912993
tree_nitrogen_froot_sp1,40,0.0098855619510122,0.0098855619510122,0.013646150137230353,0.004825182756846241
tree_nitrogen_leaf_sp1,40,1.824218414842767,1.824218414842767,2.6891306528209733,0.779483535671944
tree_nitrogen_stem_sp1,40,0.005488321602510937,0.005488321602510937,0.00724820917273027,0.0022960433656241284
tree_root_in_top_30,40,-1.6517585080070334,2.0068343566483176,3.268641573385591,1.0223929679103942
tree_root_to_shoot_sp1,40,-1.9145876957016994,2.5821473967870596,4.158470205671927,1.2829124744392502
cy0,41,-0.013394283625567525,0.16878601939954532,0.2841624561806463,0.06745537047190805
clay,41,-1.461856640037953,1.6268730177716457,2.8041240834396284,0.7709248048847326
temp_ci_delta,41,0.5606289723255957,0.735860764118962,1.2005303062139663,0.37003229063721843
rain_ci_delta,41,3.1444985327611366,4.020451983051444,8.947871015008321,2.783847831095244
evap_ci_delta,41,-1.9651558995033647,2.016137530011637,7.878676944599202,2.225217141049441
ef_N_inputs,41,2.4082567594732196,3.0364187008430643,4.301235622649929,1.1079949746538362
volatile_frac_organic_fertiliser,41,-0.01630156757300284,0.01630156757300284,0.009909378296539689,0.0030138450609993824
volatile_frac_synthetic_fertiliser,41,0.21208655635002122,0.21208655635002122,0.1144268907169358,0.03573372926037095
base_sf_qty_scale,41,-0.12171437219275302,0.12171437219275302,0.06001112738604023,0.017457688627474693
proj_lit_qty_scale,41,0.019771522143599677,0.022404369463071203,0.018107842744445893,0.004427470116164407
base_stand_density_scale,41,0.0,0.0,0.0,0.0
proj_stand_density_scale,41,-5.737531193454538,7.371591948700624,11.401702387973291,3.0932034385308635
tree_wood_dens_sp1,41,-10.049295135650594,13.749469077888046,24.855549038746513,6.549075601247071
base_cover,41,0.30165386148538115,0.383458272451246,0.3817836151329644,0.08504869806815109
base_fire_off,41,-0.07567880067863862,0.07567880067863862,0.1468986914845585,0.04839404300400012
base_fire_on,41,-0.1922798690432697,0.1922798690432697,0.13168932969982416,0.042799067735114805
base_sf_n_delta,41,-0.012054012840150041,0.012054012840150041,0.005283568101081275,0.0016692262153271832
crop_base_left_delta,41,0.21980006766751453,0.2493953623985623,0.19601847386841756,0.04697035942127532
crop_base_yield_delta,41,-0.003419190190160229,0.1021095838904782,0.12764067784362967,0.02332195454706259
crop_carbon_above_sp3,41,0.043029503235827604,0.043029503235827604,0.027708391990875113,0.008302986006549136
crop_carbon_below_sp3,41,0.0992804059857699,0.0992804059857699,0.04491844276846384,0.011299260835158954
crop_intercept_sp3,41,0.01554939978843203,0.03430874148235883,0.043481239778491616,0.009778363111329486
crop_nitrogen_above_sp3,41,-0.06693056078586375,0.07202355101829752,0.09143711527675846,0.0226079669555363
crop_nitrogen_below_sp3,41,-0.11086118948445878,0.11086118948445878,0.08012494133274656,0.025742508856431607
crop_carbon_above_sp10,41,0.0506532510450865,0.0506532510450865,0.041443331056043586,0.01127796409937237
crop_carbon_below_sp10,41,0.023873669231022188,0.025160446954772552,0.02407077782197939,0.0066996587255142084
crop_intercept_sp10,41,0.015939719933097733,0.0444617142953833,0.052271903622215614,0.0080246995758498
crop_nitrogen_above_sp10,41,-0.04570356913160214,0.04570356913160214,0.029841637006422134,0.008973887083694992
crop_nitrogen_below_sp10,41,-0.023142435699093224,0.023444840719467726,0.029404467166002948,0.008328548589452783
crop_proj_left_delta,41,0.02709275193287656,0.05664109277179365,0.059019447169141225,0.008999704712698866
crop_proj_yield_delta,41,0.11106323793850663,0.15692853607935203,0.15145177472672183,0.030095127180008886
crop_root_in_top_30,41,0.07222848173472414,0.07929577435800801,0.06959519811150228,0.019408435660405465
crop_root_to_shoot_sp3,41,0.11065683122196024,0.12121753830882234,0.09330076915187692,0.0250043911211042
crop_slope_sp3,41,-0.009143064046174177,0.034855002240843605,0.04300952097872268,0.007306018319697239
crop_root_to_shoot_sp10,41,0.029420576056171634,0.03202540012482136,0.03412256026707025,0.010425643426476673
crop_slope_sp10,41,-0.016687588416908934,0.07159333970667238,0.09231092030662338,0.016500833157374196
cy0_to_ceq_multiplier,41,-0.0041120752690827515,0.01840156803567515,0.03549646083097582,0.00900273637776643
litter_carbon,41,-0.0027393123221541305,0.0027393123221541305,0.0013792692871095913,0.0003855227387639959
litter_nitrogen,41,0.013982065601877411,0.013982065601877411,0.007232994521154121,0.0024399858924105075
mortality_fraction_branch_delta,41,-0.027968832142172145,0.052931660193026184,0.07157464627437965,0.015048516229969704
mortality_fraction_croot_delta,41,-0.020979490216068302,0.025385018290813514,0.03610417265469664,0.009140558405084862
mortality_fraction_froot_delta,41,-0.012470575010801515,0.015011743601495448,0.02186529521967695,0.006430387242687901
mortality_fraction_leaf_delta,41,0.002400239384779826,0.01096334404179727,0.013979006250130216,0.003070329616170919
mortality_fraction_stem_delta,41,-0.07510088545276318,0.12513602467260743,0.17526433884694217,0.04583937057740289
pool_alloc_froot_sp1,41,-1.0077373000301513,1.1432633537979822,1.6645613287658996,0.49740035904047686
pool_alloc_leaf_sp1,41,0.13513211674693232,0.5358437580591587,0.7201359339187924,0.15604713639063014
pool_alloc_stem_sp1,41,-0.37034638031451017,0.4074627911704221,0.8524118144153807,0.23563294393516912
pool_turnover_branch_sp1,41,1.8097806418288738,2.1194080821046564,3.1251167681352805,0.9303749432479708
pool_turnover_croot_sp1,41,-1.2022256237843734,1.3759249180169326,2.2824900419588463,0.7282023468089185
pool_turnover_froot_sp1,41,-0.6322700158311194,0.7137131533179858,0.9246191578183668,0.25498526424167256
pool_turnover_leaf_sp1,41,-0.03351764816164704,0.37091614049373284,0.6978034107901445,0.17301813053326887
pool_turnover_stem_sp1,41,0.4393297673051295,0.516656041290578,0.5896325918101614,0.15995042045117158
proj_cover,41,-3.318180929262855,3.8363111167872694,5.90092621716451,1.6905559177778628
proj_fire_off,41,0.0548573796552454,0.0548573796552454,0.10861682660156194,0.03751853685994999
proj_fire_on,41,3.8969559779877763,4.015127139772495,4.4775177017650565,1.3359765579552483
proj_mortality,41,25.89630047939811,26.612757418895097,30.615087071850127,9.581731465978585
proj_thinning_delta,41,28.056119856938658,28.07198081763327,24.054457879169266,6.761162605172051
roth_c_cover_c,41,0.7224333041780129,0.9202930248375646,1.8699209973403927,0.6004358750501423
roth_c_dpm_frac_crop,41,-0.016987573811504952,0.016987573811504952,0.022029732959273646,0.006640176558465143
roth_c_dpm_frac_tree,41,0.23636337328334908,0.8951583058720962,1.48162767875877,0.3231422645238098
roth_c_moisture_b_slope,41,-1.7655151294252707,1.9680077742056306,2.9564797255245163,0.9340676240795237
roth_c_temp_a1,41,0.6985581794907059,0.7903922562847248,1.182690185134284,0.32242526469178395
roth_c_temp_a2,41,-4.047736491925503,4.886596102945973,6.829673427420976,2.034912642009173
thinning_fraction_branch_delta,41,0.2684270174325002,0.2684270174325002,0.26646608263605714,0.09164174293123094
thinning_fraction_croot_delta,41,0.12153651725222916,0.12153651725222916,0.14694499075057,0.042244396441687246
thinning_fraction_froot_delta,41,0.061225893749015534,0.061225893749015534,0.06366273962196645,0.019778331506871492
thinning_fraction_leaf_delta,41,0.10991216367227459,0.10991216367227459,0.11188269606706605,0.035991921812638036
thinning_fraction_stem_delta,41,0.6732026590409446,0.6732026590409446,0.7536030461520133,0.25130648682124035
tree_carbon_sp1,41,-3.0542448723647455,3.4975064134569855,4.8523451890575915,1.4061028144491243
tree_nitrogen_branch_sp1,41,0.07990496702878991,0.07990496702878991,0.08683164368258978,0.02560340227757915
tree_nitrogen_croot_sp1,41,0.32599149694802326,0.32599149694802326,0.5912134134770108,0.181471073907164
tree_nitrogen_froot_sp1,41,0.01013057624358828,0.01013057624358828,0.014081539943960487,0.004980393508486314
tree_nitrogen_leaf_sp1,41,1.8590516637124608,1.8590516637124608,2.7596395432079452,0.8009027412929868
tree_nitrogen_stem_sp1,41,0.005570167901024737,0.005570167901024737,0.007440041042503838,0.0023574969603613553
tree_root_in_top_30,41,-1.7972463736996176,2.1212624746068713,3.4446385282978014,1.088468629907794
tree_root_to_shoot_sp1,41,-1.9851449097183314,2.600097348673562,4.2106018151840985,1.3113155610939142
cy0,42,-0.015812649183313335,0.16607123699450257,0.28540225328038066,0.06838785468504868
clay,42,-1.4588987454741862,1.6352664501752407,2.8080773903274765,0.7710146515679266
temp_ci_delta,42,0.5857490016378237,0.7480161694625362,1.2066483168315116,0.37156162935044523
rain_ci_delta,42,3.2370441653558357,4.109535371502981,9.043085297933732,2.805896547041783
evap_ci_delta,42,-1.967927747184953,2.0153432775549414,7.792692670762447,2.213425590419469
ef_N_inputs,42,2.471965760096217,3.1063793677993123,4.418787468009252,1.141011563492772
volatile_frac_organic_fertiliser,42,-0.016301567573002655,0.016301567573002655,0.009909378296539676,0.0030138450609993915
volatile_frac_synthetic_fertiliser,42,0.21208655635002122,0.21208655635002122,0.11442689071693568,0.03573372926037091
base_sf_qty_scale,42,-0.12171437219275323,0.12171437219275323,0.060011127386040364,0.01745768862747465
proj_lit_qty_scale,42,0.020111859979416162,0.022601474586779167,0.01805849262456608,0.004481448320202122
base_stand_density_scale,42,0.0,0.0,0.0,0.0
proj_stand_density_scale,42,-5.986560653010089,7.532451955050808,11.483484955341398,3.1141272317206976
tree_wood_dens_sp1,42,-10.243552401829364,13.790431280338884,25.26084366880151,6.7094565079718995
base_cover,42,0.2884339955554716,0.3740809111195459,0.37866667015857053,0.08437810768614663
base_fire_off,42,-0.07567880067863895,0.07567880067863895,0.1468986914845593,0.04839404300400048
base_fire_on,42,-0.1910666704787975,0.1910666704787975,0.129438339517513,0.04200614251060177
base_sf_n_delta,42,-0.012054012840149625,0.012054012840149625,0.005283568101081219,0.0016692262153271387
crop_base_left_delta,42,0.2158281957765082,0.2458997720511234,0.19499443455436963,0.04665867979726804
crop_base_yield_delta,42,-0.006802269041287662,0.10161873579352007,0.1274762511030529,0.023524654803373644
crop_carbon_above_sp3,42,0.04154884265036962,0.04154884265036962,0.027055743432597746,0.008106530599507063
crop_carbon_below_sp3,42,0.09545895979934074,0.09545895979934074,0.04384250593360516,0.011005630065356375
crop_intercept_sp3,42,0.013687580736781252,0.03332193141868246,0.04220767260232244,0.009297000126362238
crop_nitrogen_above_sp3,42,-0.06693056078586328,0.07202355101829645,0.09143711527675755,0.022607966955536078
crop_nitrogen_below_sp3,42,-0.11086118948445926,0.11086118948445926,0.08012494133274586,0.025742508856431427
crop_carbon_above_sp10,42,0.0496813684976205,0.0496813684976205,0.041029197236861964,0.01115374233211589
crop_carbon_below_sp10,42,0.023401167470572155,0.02469430588923503,0.023803603740513032,0.006616281574561873
crop_intercept_sp10,42,0.01513817517371536,0.044273606551059094,0.05211604804840453,0.007958501672947395
crop_nitrogen_above_sp10,42,-0.045703569131602756,0.045703569131602756,0.029841637006422117,0.00897388708369513
crop_nitrogen_below_sp10,42,-0.023142435699092884,0.023444840719467334,0.02940446716600154,0.008328548589452962
crop_proj_left_delta,42,0.024485521026702983,0.054647855307129865,0.05755496299010318,0.008620844141422373
crop_proj_yield_delta,42,0.11937302118677029,0.15791783782055296,0.14723596552924006,0.03036838720398244
crop_root_in_top_30,42,0.06866379146074354,0.07610870262591479,0.06847260775214961,0.019066477517881642
crop_root_to_shoot_sp3,42,0.104337595100181,0.11570139633949136,0.09138338849442774,0.024307085877901397
crop_slope_sp3,42,-0.011824689784630272,0.03535260607262587,0.04243680656644344,0.007190364816358564
crop_root_to_shoot_sp10,42,0.028585172336054142,0.031373120956506004,0.0338241056950241,0.01024289166603241
crop_slope_sp10,42,-0.018790141996481803,0.07158953266463837,0.09204956556160145,0.016475837322223633
cy0_to_ceq_multiplier,42,-0.004324247504855261,0.01801005137812637,0.03486460124292675,0.008792022840003253
litter_carbon,42,-0.002680849309483896,0.002680849309483896,0.0013687947229751609,0.0003830168141758452
litter_nitrogen,42,0.01398206560187781,0.01398206560187781,0.007232994521154595,0.002439985892410614
mortality_fraction_branch_delta,42,-0.029117918504251817,0.05373220408563399,0.07305290979132266,0.015481581255452508
mortality_fraction_croot_delta,42,-0.021551734129334945,0.0257835510652343,0.036767866456087005,0.00936725036398853
mortality_fraction_froot_delta,42,-0.012807227186344671,0.015259885519219895,0.022252026060652016,0.006567709961755978
mortality_fraction_leaf_delta,42,0.002135715534144608,0.011172345441078849,0.014345699851654781,0.003157248471538723
mortality_fraction_stem_delta,42,-0.07883294301675715,0.12773537946314506,0.17972982845965021,0.047340139680221
pool_alloc_froot_sp1,42,-1.0512672331624802,1.1856903952556814,1.729102011183522,0.5181020343205832
pool_alloc_leaf_sp1,42,0.11713356706923457,0.5443748515053486,0.737588431712924,0.15753689380286606
pool_alloc_stem_sp1,42,-0.3705504132941472,0.40721369241980393,0.8618197925230575,0.23957203107106784
pool_turnover_branch_sp1,42,1.6957915683511326,2.0090551946002373,3.0242946368858408,0.9005699295992816
pool_turnover_croot_sp1,42,-1.2842506137319734,1.4482121550889924,2.3911488570714092,0.767066233145454
pool_turnover_froot_sp1,42,-0.6736550649963782,0.7514983406211156,0.9715926573233635,0.2690694453873636
pool_turnover_leaf_sp1,42,-0.052687555322468424,0.3816574255986439,0.7307275845062648,0.18118401136098397
pool_turnover_stem_sp1,42,0.4051007334449671,0.48263375548527626,0.5609798526281154,0.15224422392541426
proj_cover,42,-3.5282625075058354,4.005541875871703,6.096857619028258,1.7677326796995527
proj_fire_off,42,0.05485737965524541,0.05485737965524541,0.10861682660156198,0.03751853685995001
proj_fire_on,42,4.001893517139852,4.109051492778346,4.609102841350024,1.3760175259405987
proj_mortality,42,26.55005131964815,27.261477709577303,31.53835259103028,9.884508249863961
proj_thinning_delta,42,27.778919739941678,27.84355869193219,24.818633206611405,6.916869576334581
roth_c_cover_c,42,0.7146376151915887,0.9057482098876914,1.808895853073594,0.580394364726614
roth_c_dpm_frac_crop,42,-0.01481817249468807,0.01481817249468807,0.019603962369215435,0.0059272358117284105
roth_c_dpm_frac_tree,42,0.42234785666355235,0.9889813874794819,1.6189006741017156,0.37179900655190967
roth_c_moisture_b_slope,42,-1.847250606447051,2.042290648484804,2.9962805117436195,0.9456461420474861
roth_c_temp_a1,42,0.7256540219301979,0.811783468931193,1.176796550723107,0.32478638663554493
roth_c_temp_a2,42,-4.311436251989582,5.135520451035217,6.917538732238769,2.0633247623072095
thinning_fraction_branch_delta,42,0.20526941312201216,0.20526941312201216,0.19873375848156682,0.06745800589610912
thinning_fraction_croot_delta,42,0.09397086275691327,0.09397086275691327,0.11390622204813303,0.0328099810962809
thinning_fraction_froot_delta,42,0.04620618578034198,0.04620618578034198,0.04891967958956809,0.015279773097003579
thinning_fraction_leaf_delta,42,0.08553918059009923,0.08553918059009923,0.08894703431187351,0.027988244711380887
thinning_fraction_stem_delta,42,0.533287581619246,0.533287581619246,0.6145569550223408,0.20648566023734108
tree_carbon_sp1,42,-3.0896584435251695,3.514118069967013,4.920204969968951,1.4303640122401509
tree_nitrogen_branch_sp1,42,0.08093757449575043,0.08093757449575043,0.08885529189510835,0.026186199702101145
tree_nitrogen_croot_sp1,42,0.3322823382724446,0.3322823382724446,0.6087858866841481,0.18683903156762535
tree_nitrogen_froot_sp1,42,0.010369400852022443,0.010369400852022443,0.014511298937766422,0.005133629060572554
tree_nitrogen_leaf_sp1,42,1.8923290126368353,1.8923290126368353,2.8280994829344412,0.8217759308365659
tree_nitrogen_stem_sp1,42,0.0056481328810282115,0.0056481328810282115,0.007626634604223532,0.0024173693444712206
tree_root_in_top_30,42,-1.8987476317010485,2.2040535759866504,3.5920241417289893,1.1430482429922026
tree_root_to_shoot_sp1,42,-2.004901393165338,2.5893127571119265,4.230204407813689,1.3244974968519785
cy0,43,-0.018046937331658568,0.16675510446937108,0.28675304153918285,0.06836360831211998
clay,43,-1.4629085716814918,1.6491285078168367,2.8293259129025143,0.7758785209666986
temp_ci_delta,43,0.6130969497871903,0.7653121889318814,1.226733129216149,0.3781502162510118
rain_ci_delta,43,3.379930744018528,4.234904172393768,9.2309811085342,2.857698909772964
evap_ci_delta,43,-1.987866666293143,2.0317318301666494,7.8202575155309395,2.2325878909074652
ef_N_inputs,43,2.5326348724883045,3.17326097412115,4.533333518430256,1.173233660404771
volatile_frac_organic_fertiliser,43,-0.016301567573002773,0.016301567573002773,0.009909378296539742,0.0030138450609993937
volatile_frac_synthetic_fertiliser,43,0.21208655635002066,0.21208655635002066,0.11442689071693571,0.03573372926037088
base_sf_qty_scale,43,-0.1217143721927529,0.1217143721927529,0.060011127386039795,0.01745768862747448
proj_lit_qty_scale,43,0.02044265110863605,0.02279383242469122,0.0180099307401693,0.004534409046532476
base_stand_density_scale,43,0.0,0.0,0.0,0.0
proj_stand_density_scale,43,-5.73872941985538,7.313527908243827,11.592891610650067,3.1609910613097476
tree_wood_dens_sp1,43,-10.162194696947408,13.804648215518384,25.5516717530043,6.812361189632934
base_cover,43,0.2758348617748801,0.36601736629545206,0.3756871524289983,0.08330631019051221
base_fire_off,43,-0.0756788006786381,0.0756788006786381,0.14689869148455764,0.04839404300399978
base_fire_on,43,-0.18988199748658421,0.18988199748658421,0.12726339555708702,0.04123800188893746
base_sf_n_delta,43,-0.0120540128401501,0.0120540128401501,0.005283568101080332,0.0016692262153268384
crop_base_left_delta,43,0.21194410484224777,0.24247750311262664,0.19398930886355104,0.046358502282630644
crop_base_yield_delta,43,-0.010110931481683298,0.10132389862128965,0.1273186490940739,0.023659868776968646
crop_carbon_above_sp3,43,0.040231448077877804,0.040231448077877804,0.026470624360713558,0.007932834406887608
crop_carbon_below_sp3,43,0.09210533993205347,0.09210533993205347,0.04296815018342083,0.010781545092420195
crop_intercept_sp3,43,0.01206679258572627,0.0325588895953501,0.04118336093239444,0.008910218732113957
crop_nitrogen_above_sp3,43,-0.06693056078586312,0.07202355101829709,0.09143711527675791,0.02260796695553615
crop_nitrogen_below_sp3,43,-0.11086118948445951,0.11086118948445951,0.08012494133274646,0.025742508856431597
crop_carbon_above_sp10,43,0.04873791772377873,0.04873791772377873,0.04062581274753177,0.011033372086083014
crop_carbon_below_sp10,43,0.022941849839959432,0.02424000722692334,0.02354190198734863,0.006535588254153196
crop_intercept_sp10,43,0.01435993767762767,0.04410546830893715,0.05196815228829819,0.007892810590392166
crop_nitrogen_above_sp10,43,-0.04570356913160355,0.04570356913160355,0.029841637006421267,0.008973887083694898
crop_nitrogen_below_sp10,43,-0.023142435699093616,0.023444840719468084,0.02940446716600285,0.008328548589453208
crop_proj_left_delta,43,0.022354348096857317,0.05294866813353719,0.05633721143473591,0.008359575808315676
crop_proj_yield_delta,43,0.12667435511423786,0.15927695501257613,0.14380853498707258,0.030686057840685444
crop_root_in_top_30,43,0.06544606825425776,0.07333104560960724,0.06751692231573779,0.018714013831360676
crop_root_to_shoot_sp3,43,0.09877433774272787,0.11093828730314152,0.08981119213894619,0.023695624292675774
crop_slope_sp3,43,-0.014190008918861626,0.03585566059427557,0.041979898981258305,0.007157290087937704
crop_root_to_shoot_sp10,43,0.027775459591985036,0.030749596765711477,0.03354290129310595,0.01006965178537664
crop_slope_sp10,43,-0.020838237901473357,0.07157734708110389,0.09179604575682751,0.016481345503603435
cy0_to_ceq_multiplier,43,-0.004514638493750375,0.017619655516579426,0.0342621441383615,0.008596038569240336
litter_carbon,43,-0.002623951363024707,0.002623951363024707,0.0013584534851578368,0.00038053422775740655
litter_nitrogen,43,0.013982065601877185,0.013982065601877185,0.0072329945211556885,0.0024399858924109455
mortality_fraction_branch_delta,43,-0.029309804610247063,0.05392076100037291,0.07388321998378695,0.0157492867676733
mortality_fraction_croot_delta,43,-0.02178299536570131,0.02592932816506982,0.03710487040050258,0.009502717367231807
mortality_fraction_froot_delta,43,-0.012917542990551478,0.015326221643678278,0.0224735667824674,0.006644692201885285
mortality_fraction_leaf_delta,43,0.002113312696454063,0.011331413239636321,0.014632803445897692,0.003245585079068586
mortality_fraction_stem_delta,43,-0.08081124110341763,0.1292706329487295,0.18257525144577869,0.04824832248839263
pool_alloc_froot_sp1,43,-1.0787504680490774,1.2094655564864165,1.777379069119519,0.5341832419040726
pool_alloc_leaf_sp1,43,0.11410861315615502,0.5451748524960457,0.7488552918221322,0.1617507019042928
pool_alloc_stem_sp1,43,-0.3657116956439668,0.4028778504964,0.8631994264117829,0.24109679717837967
pool_turnover_branch_sp1,43,1.5509415592609752,1.8712492500947484,2.8986659836523496,0.8636952219873223
pool_turnover_croot_sp1,43,-1.34284708311014,1.5021453406382494,2.4771779214814975,0.7976082419073385
pool_turnover_froot_sp1,43,-0.7037691129049646,0.7795381812267219,1.0089207192782965,0.28047450433955373
pool_turnover_leaf_sp1,43,-0.06495816763814263,0.38975236880689307,0.7589174193144583,0.18890365373388676
pool_turnover_stem_sp1,43,0.3626278514446244,0.4411761292045126,0.5257519149807715,0.14247098109310743
proj_cover,43,-3.7383433780445117,4.181557274494107,6.368410710856762,1.8625260543013418
proj_fire_off,43,0.054857379655246105,0.054857379655246105,0.10861682660156351,0.03751853685995048
proj_fire_on,43,4.079841144894674,4.17926029693055,4.726652453868483,1.4118753089949676
proj_mortality,43,27.08030026029744,27.787363463488674,32.22695374957748,10.096159759896008
proj_thinning_delta,43,27.299523332207315,27.4250668510167,25.252576012145198,7.0161467795604135
roth_c_cover_c,43,0.7210999183967299,0.9034855936740179,1.7798763929605987,0.5715298383722685
roth_c_dpm_frac_crop,43,-0.013044797707343703,0.013044797707343703,0.01748178688399036,0.005299223288546716
roth_c_dpm_frac_tree,43,0.5466488552468618,1.0627558099733494,1.736846809530153,0.42109516819990295
roth_c_moisture_b_slope,43,-1.954138601527248,2.134954097382186,3.0849006361777582,0.9729456032405716
roth_c_temp_a1,43,0.7533991119530874,0.8337850761324898,1.1853577269805498,0.3309840816248966
roth_c_temp_a2,43,-4.6016430889379265,5.394283211708465,7.120550308590247,2.1295746802659314
thinning_fraction_branch_delta,43,0.16321433725232923,0.16321433725232923,0.152465098881272,0.05113078141582165
thinning_fraction_croot_delta,43,0.07442146368148077,0.07442146368148077,0.08912048576940863,0.025736395196281923
thinning_fraction_froot_delta,43,0.03617460158999945,0.03617460158999945,0.03827582608129563,0.011972976728234672
thinning_fraction_leaf_delta,43,0.06837192154436711,0.06837192154436711,0.07221138111935178,0.022180655822535308
thinning_fraction_stem_delta,43,0.4350134462956075,0.4350134462956075,0.5145773891194872,0.17450661727598799
tree_carbon_sp1,43,-3.084020825195559,3.4952273164692222,4.958885329736665,1.4443469045420658
tree_nitrogen_branch_sp1,43,0.08189234796467147,0.08189234796467147,0.09081381772471524,0.02675022650757289
tree_nitrogen_croot_sp1,43,0.33829979174963926,0.33829979174963926,0.6260463897717454,0.1921111514568144
tree_nitrogen_froot_sp1,43,0.010601219616806087,0.010601219616806087,0.014934069511562195,0.0052844051988188406
tree_nitrogen_leaf_sp1,43,1.9239237419833255,1.9239237419833255,2.8942708667179304,0.842030124867075
tree_nitrogen_stem_sp1,43,0.0057218778682864065,0.0057218778682864065,0.007807313540676517,0.00247544277256991
tree_root_in_top_30,43,-1.9684532902240561,2.262707495491213,3.7131249855663504,1.1873945602671205
tree_root_to_shoot_sp1,43,-1.9902436516445068,2.558102649554715,4.224753203566469,1.3264838390791374
cy0,44,-0.020109874076144462,0.1675881466912102,0.2881413956531119,0.06829063561934158
clay,44,-1.4696317499840863,1.6647100717391088,2.8593316971015583,0.7832363748824417
temp_ci_delta,44,0.6389910964358918,0.7818877542182455,1.252845364400459,0.38753931485507936
rain_ci_delta,44,3.536471305290047,4.367735253920008,9.45576317962434,2.922526400081557
evap_ci_delta,44,-2.018230481832174,2.0588185797383387,7.920134925085051,2.270653359592508
ef_N_inputs,44,2.590050172859553,3.236847515168428,4.644500418764145,1.2045526402495874
volatile_frac_organic_fertiliser,44,-0.016301567573002464,0.016301567573002464,0.009909378296540233,0.003013845060999565
volatile_frac_synthetic_fertiliser,44,0.21208655635002066,0.21208655635002066,0.11442689071693637,0.03573372926037106
base_sf_qty_scale,44,-0.12171437219275275,0.12171437219275275,0.06001112738604066,0.017457688627474953
proj_lit_qty_scale,44,0.020764303214271272,0.02299386613313657,0.01796211057222974,0.004578420338753076
base_stand_density_scale,44,0.0,0.0,0.0,0.0
proj_stand_density_scale,44,-5.758923225046407,7.2760615969047535,11.522500207899158,3.1297612286030563
tree_wood_dens_sp1,44,-10.034663154081139,13.657197368496,25.653235098786826,6.859867728902375
base_cover,44,0.2638256241466895,0.3583912633944231,0.37282285650411684,0.0822464691261314
base_fire_off,44,-0.0756788006786384,0.0756788006786384,0.14689869148455872,0.04839404300400018
base_fire_on,44,-0.1887248521078585,0.1887248521078585,0.12516181738013735,0.04049379232122983
base_sf_n_delta,44,-0.012054012840151057,0.012054012840151057,0.005283568101081095,0.0016692262153273098
crop_base_left_delta,44,0.20814406769443536,0.23912539686567005,0.19300176895146887,0.04606909093679334
crop_base_yield_delta,44,-0.013348043842613747,0.10125982013050186,0.12716627583966353,0.023763203279623744
crop_carbon_above_sp3,44,0.03903974839589331,0.03903974839589331,0.025939293207297487,0.007777670214914914
crop_carbon_below_sp3,44,0.08912019356472345,0.08912019356472345,0.042247860403238274,0.010609550007832801
crop_intercept_sp3,44,0.01062517824024177,0.031877234248826776,0.04034268901362668,0.008601815890385119
crop_nitrogen_above_sp3,44,-0.06693056078586575,0.07202355101829552,0.09143711527675566,0.02260796695553659
crop_nitrogen_below_sp3,44,-0.11086118948445989,0.11086118948445989,0.08012494133274649,0.02574250885643168
crop_carbon_above_sp10,44,0.04782074883869759,0.04782074883869759,0.040231652470147525,0.01091639293718971
crop_carbon_below_sp10,44,0.022495253811170592,0.02379768882931064,0.02328574524896566,0.00645718183345893
crop_intercept_sp10,44,0.013604033283221148,0.043967782525712734,0.05182707614714284,0.00781978198911135
crop_nitrogen_above_sp10,44,-0.045703569131603054,0.045703569131603054,0.02984163700642126,0.008973887083694934
crop_nitrogen_below_sp10,44,-0.02314243569909349,0.02344484071946796,0.029404467166002812,0.008328548589452934
crop_proj_left_delta,44,0.020589436215455465,0.051473704040582734,0.05529405066164269,0.008174686620391653
crop_proj_yield_delta,44,0.1331902977778058,0.16082571244931326,0.14101642756256597,0.030981383337964376
crop_root_in_top_30,44,0.0625012909926002,0.07080446172738328,0.06669300505718079,0.018408339351116406
crop_root_to_shoot_sp3,44,0.0938117987220159,0.10676010837674817,0.08851445874836739,0.02316401632165114
crop_slope_sp3,44,-0.016305107033626805,0.03649249685238167,0.04161577787370677,0.007140390428685042
crop_root_to_shoot_sp10,44,0.026990659213713873,0.030151158217323077,0.03327729539531681,0.00990594541978624
crop_slope_sp10,44,-0.02283460496940206,0.07155775397653201,0.0915503441517659,0.01651525072593109
cy0_to_ceq_multiplier,44,-0.0046856676981339475,0.01723051866052132,0.03368416331583775,0.008412873888187861
litter_carbon,44,-0.0025685584935037143,0.0025685584935037143,0.001348226262394497,0.00037806984468825676
litter_nitrogen,44,0.013982065601877352,0.013982065601877352,0.007232994521154749,0.0024399858924106935
mortality_fraction_branch_delta,44,-0.028813875316118398,0.05364065696624539,0.07420890136923465,0.015893219666712054
mortality_fraction_croot_delta,44,-0.021763870367362687,0.025917917612954127,0.037185609583513336,0.00956304753701193
mortality_fraction_froot_delta,44,-0.012857330068366368,0.015250151556348424,0.022550528489037238,0.006671149144578542
mortality_fraction_leaf_delta,44,0.0022661212158285025,0.01144257078337005,0.014852526130862345,0.003331280935289863
mortality_fraction_stem_delta,44,-0.08127633783728368,0.13015113215365387,0.184247285679403,0.048657624031132087
pool_alloc_froot_sp1,44,-1.0933379485940318,1.2199087271352536,1.8127919345304595,0.546269720743314
pool_alloc_leaf_sp1,44,0.12235063994275608,0.5403791386142796,0.7555879524906433,0.16791433624640087
pool_alloc_stem_sp1,44,-0.3570064529346605,0.3951199523025455,0.8576967687373926,0.24060188122906945
pool_turnover_branch_sp1,44,1.3843546987776905,1.718386124538434,2.753303347445008,0.8213794642336402
pool_turnover_croot_sp1,44,-1.3841522924210927,1.5419103521673407,2.5449414149293874,0.8215624605003476
pool_turnover_froot_sp1,44,-0.7252371759541136,0.7999036681906627,1.0379466118989202,0.289481887224755
pool_turnover_leaf_sp1,44,-0.06974021133014456,0.3979153848991065,0.7831723211658883,0.19560105428278632
pool_turnover_stem_sp1,44,0.3144747630908856,0.3944144560996564,0.4860028412293779,0.13139890492162046
proj_cover,44,-3.92339039171584,4.346262417178211,6.645349614170466,1.9541589198263107
proj_fire_off,44,0.05485737965524554,0.05485737965524554,0.10861682660156219,0.03751853685995
proj_fire_on,44,4.139825839741126,4.233728872470624,4.830625180398161,1.4435773445705988
proj_mortality,44,27.30194575646226,28.04904472023997,32.88126174820338,10.318206925895364
proj_thinning_delta,44,26.547376519343707,26.74040182144074,25.57357847655838,7.123925210967697
roth_c_cover_c,44,0.735039098811922,0.9083499052348145,1.7740312556637543,0.570698652954354
roth_c_dpm_frac_crop,44,-0.011578038159306909,0.011578038159306909,0.015627250465055347,0.004747512498336344
roth_c_dpm_frac_tree,44,0.6279840812033106,1.1053643295466562,1.827515340008584,0.4640670240935014
roth_c_moisture_b_slope,44,-2.0621128041110746,2.226493409400751,3.1929435788734177,1.006653541240223
roth_c_temp_a1,44,0.7791153750280431,0.8536376042928069,1.20218344303082,0.339105499632849
roth_c_temp_a2,44,-4.873534724177526,5.630676450559266,7.366714130620122,2.210315669389939
thinning_fraction_branch_delta,44,0.13435289318421867,0.13435289318421867,0.11973695416555873,0.03975861025178015
thinning_fraction_croot_delta,44,0.06025561684838806,0.06025561684838806,0.07041570511618107,0.02040445757036252
thinning_fraction_froot_delta,44,0.029241204074143816,0.029241204074143816,0.030366268635011996,0.009472132125652398
thinning_fraction_leaf_delta,44,0.056003266092804635,0.056003266092804635,0.059696232418197034,0.017904144557979274
thinning_fraction_stem_delta,44,0.3635213128022957,0.3635213128022957,0.43735507788042477,0.14967131208469525
tree_carbon_sp1,44,-3.0305419544287973,3.466398186534687,4.98604438194064,1.4497764555846568
tree_nitrogen_branch_sp1,44,0.0827656110109134,0.0827656110109134,0.09269998323708648,0.027293354964220286
tree_nitrogen_croot_sp1,44,0.3440235298130047,0.3440235298130047,0.6429405057934943,0.19727087396496643
tree_nitrogen_froot_sp1,44,0.010824397793071983,0.010824397793071983,0.015349163107328622,0.005432226932290295
tree_nitrogen_leaf_sp1,44,1.9537210139981067,1.9537210139981067,2.957930110476807,0.8615966916996491
tree_nitrogen_stem_sp1,44,0.005789167071303397,0.005789167071303397,0.007982868002316791,0.0025316787464294186
tree_root_in_top_30,44,-2.014155096164444,2.3021605100033877,3.810677130236501,1.2227944953924605
tree_root_to_shoot_sp1,44,-1.9313651462282366,2.531471506834351,4.2106988016914215,1.318933007638883
cy0,45,-0.022013941610717607,0.16808107372266026,0.28950997561038916,0.06830412711853842
clay,45,-1.4764871733252405,1.6796905079134814,2.892437270362683,0.7915644025719496
temp_ci_delta,45,0.6613338189123488,0.7971371303079156,1.2807863719010648,0.39768143767229713
rain_ci_delta,45,3.686926728640163,4.489939757414318,9.68356643813114,2.990155696570981
evap_ci_delta,45,-2.0545896756229545,2.092250749305408,8.06272625927744,2.3192022258111242
ef_N_inputs,45,2.6440219985659157,3.2969465175543435,4.751940192565936,1.234867173045747
volatile_frac_organic_fertiliser,45,-0.01630156757300258,0.01630156757300258,0.009909378296539604,0.0030138450609993443
volatile_frac_synthetic_fertiliser,45,0.21208655635002094,0.21208655635002094,0.11442689071693614,0.035733729260370904
base_sf_qty_scale,45,-0.12171437219275338,0.12171437219275338,0.06001112738603962,0.017457688627474502
proj_lit_qty_scale,45,0.02107719299322656,0.023187727104372828,0.017914996348703267,0.0046224402286379265
base_stand_density_scale,45,0.0,0.0,0.0,0.0
proj_stand_density_scale,45,-5.3735270445036045,7.264976342209335,11.654093885907212,3.101109555513207
tree_wood_dens_sp1,45,-9.910725927548306,13.339045042303491,25.577276581335482,6.895485953940857
base_cover,45,0.2523772181888358,0.3511808305884117,0.3700534294875402,0.081144353755334
base_fire_off,45,-0.07567880067863811,0.07567880067863811,0.14689869148455773,0.04839404300399984
base_fire_on,45,-0.1875943491164595,0.1875943491164595,0.12313112160538774,0.03977272220539507
base_sf_n_delta,45,-0.012054012840149845,0.012054012840149845,0.005283568101080256,0.001669226215326851
crop_base_left_delta,45,0.20442515405573788,0.23584091613315614,0.19203009152178546,0.04578950517638521
crop_base_yield_delta,45,-0.01651612048589021,0.10119431304020214,0.12701790795566412,0.023901977496099288
crop_carbon_above_sp3,45,0.03794678504194104,0.03794678504194104,0.025452290244011903,0.0076379416582907705
crop_carbon_below_sp3,45,0.08643070010153588,0.08643070010153588,0.04164535584365429,0.01047637156622291
crop_intercept_sp3,45,0.009319724428026999,0.031259869400602054,0.03964341333735114,0.008355304966373238
crop_nitrogen_above_sp3,45,-0.06693056078586432,0.07202355101829616,0.091437115276757,0.02260796695553654
crop_nitrogen_below_sp3,45,-0.11086118948445897,0.11086118948445897,0.08012494133274646,0.025742508856431617
crop_carbon_above_sp10,45,0.046929087206912856,0.046929087206912856,0.03984656485759225,0.010802679799913856
crop_carbon_below_sp10,45,0.022060466097033996,0.023366165106220783,0.023034838543254638,0.006381147895549196
crop_intercept_sp10,45,0.01286904220029236,0.04383398823148719,0.051691882531393625,0.007753818094331326
crop_nitrogen_above_sp10,45,-0.04570356913160243,0.04570356913160243,0.029841637006422127,0.008973887083695157
crop_nitrogen_below_sp10,45,-0.023142435699092866,0.023444840719467334,0.029404467166002934,0.008328548589453135
crop_proj_left_delta,45,0.019110695927658662,0.05017303495634394,0.05437639423238234,0.008039040881297425
crop_proj_yield_delta,45,0.1390817574852634,0.1631274594253915,0.1387355790255676,0.0311863423842028
crop_root_in_top_30,45,0.059776785221438034,0.06847404985450808,0.06597384452698507,0.018145154904509065
crop_root_to_shoot_sp3,45,0.08933387728715589,0.10307126700872962,0.08743714393615828,0.022682783458480682
crop_slope_sp3,45,-0.018219560365569473,0.03707866603043809,0.04132596848524493,0.0071868984814896
crop_root_to_shoot_sp10,45,0.02622890261116012,0.029568660120045692,0.03302592494632278,0.009752670827127266
crop_slope_sp10,45,-0.024780772974533304,0.07153024438681613,0.09131132949429367,0.016575294778732128
cy0_to_ceq_multiplier,45,-0.00483836030127263,0.016960757944461266,0.03312657958903136,0.008201826223498748
litter_carbon,45,-0.002514615516130139,0.002514615516130139,0.0013380968325534869,0.00037561939166520997
litter_nitrogen,45,0.01398206560187713,0.01398206560187713,0.007232994521155023,0.002439985892410804
mortality_fraction_branch_delta,45,-0.027804857329627574,0.0531630843316427,0.07413850327718359,0.01591306365042383
mortality_fraction_croot_delta,45,-0.02141580300502209,0.02590965838896947,0.037161001385220646,0.009494636090149097
mortality_fraction_froot_delta,45,-0.012625405301903755,0.01509700551414007,0.022528232147202683,0.006643188564932062
mortality_fraction_leaf_delta,45,0.0026340988982710423,0.01159529707367738,0.015042379259643197,0.003381650104460214
mortality_fraction_stem_delta,45,-0.08102315523843566,0.13003088664932796,0.18472752498076114,0.04879312190532987
pool_alloc_froot_sp1,45,-1.0970930991788737,1.2208029836128202,1.8379882363685502,0.554859577578998
pool_alloc_leaf_sp1,45,0.13798267948652496,0.5379617807442514,0.7596088735519714,0.17094793777244752
pool_alloc_stem_sp1,45,-0.3452828504744131,0.3852285269572603,0.8463729396436875,0.23829012681256434
pool_turnover_branch_sp1,45,1.2024918925160764,1.572245433173311,2.592553619000711,0.7695559497049977
pool_turnover_croot_sp1,45,-1.4122310893150367,1.5703953262392472,2.5977752795337707,0.8402075528477729
pool_turnover_froot_sp1,45,-0.7398056910885933,0.8140003743619421,1.059821470131297,0.29638204564828696
pool_turnover_leaf_sp1,45,-0.07595110011859045,0.4033629894212865,0.8032430137602222,0.20125731165373315
pool_turnover_stem_sp1,45,0.2625112125065431,0.3439306380346887,0.4433794800287158,0.11967852722654587
proj_cover,45,-4.074825335838216,4.487105327509034,6.897778094038648,2.0340448408624527
proj_fire_off,45,0.05485737965524541,0.05485737965524541,0.10861682660156198,0.03751853685995001
proj_fire_on,45,4.186711400498701,4.2765964621551396,4.922484106719946,1.4715066573208277
proj_mortality,45,27.65527433821385,28.3744379295123,33.1839418023091,10.400729102406771
proj_thinning_delta,45,25.637788073295127,25.637788073295127,25.667964162783985,7.180030372381433
roth_c_cover_c,45,0.7519525689431582,0.9175011627180932,1.784591579801719,0.5753799983034078
roth_c_dpm_frac_crop,45,-0.01035293127528257,0.01035293127528257,0.014006174575724227,0.004263119220262703
roth_c_dpm_frac_tree,45,0.6744304994426515,1.1290738691959605,1.8925228749032474,0.49630305096557525
roth_c_moisture_b_slope,45,-2.1600092483114355,2.3083235628754326,3.302079582134842,1.0408007015982355
roth_c_temp_a1,45,0.801883859622119,0.8708213439095465,1.222954124403111,0.34767962288457904
roth_c_temp_a2,45,-5.110924989051373,5.831205342767807,7.617416635334182,2.2941601497862476
thinning_fraction_branch_delta,45,0.11373063768416156,0.11373063768416156,0.09635738547646067,0.031824172432819105
thinning_fraction_croot_delta,45,0.050155554586854625,0.050155554586854625,0.05609759015651063,0.01616554314768507
thinning_fraction_froot_delta,45,0.024780099335621406,0.024780099335621406,0.02425170496769388,0.007500741012115153
thinning_fraction_leaf_delta,45,0.0470976804814949,0.0470976804814949,0.050013719844372834,0.014704073883739226
thinning_fraction_stem_delta,45,0.30994089340586606,0.30994089340586606,0.37479732354013606,0.1293067813435355
tree_carbon_sp1,45,-2.986672286435574,3.3847220126768405,4.967449946097287,1.4486882558673098
tree_nitrogen_branch_sp1,45,0.0835542790321236,0.0835542790321236,0.09450710085015813,0.027813616054792913
tree_nitrogen_croot_sp1,45,0.3494353664838652,0.3494353664838652,0.6594165811848316,0.20230248905795545
tree_nitrogen_froot_sp1,45,0.011039012074145444,0.011039012074145444,0.015754745590872043,0.005576906079480191
tree_nitrogen_leaf_sp1,45,1.9816191596549224,1.9816191596549224,3.0188722260865792,0.8804121320198862
tree_nitrogen_stem_sp1,45,0.005844584225964006,0.005844584225964006,0.0081562592532311,0.002587930355265824
tree_root_in_top_30,45,-2.041030884794605,2.3258179217670576,3.8872505315579113,1.250379082217599
tree_root_to_shoot_sp1,45,-1.8911487046352282,2.456281828965592,4.159146000555181,1.305755531501877
cy0,46,-0.023770968055881924,0.16843252194447844,0.29081305750571973,0.06837607245962857
clay,46,-1.4813421921320091,1.6931636920846187,2.9251532862853273,0.7996107769280318
temp_ci_delta,46,0.680290057247485,0.8113982580389252,1.3074024874318138,0.4074255182863901
rain_ci_delta,46,3.8209859486036684,4.593288889804584,9.894207021962156,3.054078979907849
evap_ci_delta,46,-2.09367237333704,2.1287602982156093,8.226764367594342,2.372330308720888
ef_N_inputs,46,2.694386892462477,3.3533910768187267,4.8553340160559575,1.2640842781300028
volatile_frac_organic_fertiliser,46,-0.016301567573002506,0.016301567573002506,0.00990937829653948,0.003013845060999365
volatile_frac_synthetic_fertiliser,46,0.21208655635002058,0.21208655635002058,0.11442689071693607,0.03573372926037082
base_sf_qty_scale,46,-0.12171437219275272,0.12171437219275272,0.06001112738603979,0.01745768862747462
proj_lit_qty_scale,46,0.021381669110652514,0.02337570393679876,0.01786855039836884,0.004666379137302888
base_stand_density_scale,46,0.0,0.0,0.0,0.0
proj_stand_density_scale,46,-5.1034452276224185,6.794757027930283,11.456026459767683,3.0933960946269754
tree_wood_dens_sp1,46,-9.532117189814176,13.177161508070025,25.489874955609135,6.857380621433808
base_cover,46,0.24146236304408109,0.3449522680380887,0.3673630655380003,0.07973357474898658
base_fire_off,46,-0.07567880067863797,0.07567880067863797,0.14689869148455748,0.04839404300399975
base_fire_on,46,-0.18648983024429724,0.18648983024429724,0.12116930371686697,0.03907420512448623
base_sf_n_delta,46,-0.012054012840149925,0.012054012840149925,0.0052835681010803695,0.0016692262153269095
crop_base_left_delta,46,0.2007848173297429,0.23262180994236065,0.1910730502990233,0.0455192054260777
crop_base_yield_delta,46,-0.019618024198970525,0.10112256079713573,0.12687241356979584,0.024074381932020335
crop_carbon_above_sp3,46,0.03693333131736497,0.03693333131736497,0.025002599950592928,0.007511268455569285
crop_carbon_below_sp3,46,0.08398177669851932,0.08398177669851932,0.041133566424628114,0.010372102793467482
crop_intercept_sp3,46,0.008120960960009572,0.030700179071049837,0.039057140853817625,0.00815599432975611
crop_nitrogen_above_sp3,46,-0.06693056078586476,0.07202355101829641,0.09143711527675655,0.022607966955536296
crop_nitrogen_below_sp3,46,-0.11086118948445864,0.11086118948445864,0.08012494133274564,0.02574250885643128
crop_carbon_above_sp10,46,0.04606159732976308,0.04606159732976308,0.039469345445471475,0.010691767039447542
crop_carbon_below_sp10,46,0.02163725028436845,0.022945464425775434,0.0227887967108989,0.006307186983476171
crop_intercept_sp10,46,0.012154071983133004,0.04370370607134001,0.051561968540518366,0.0076943944841266695
crop_nitrogen_above_sp10,46,-0.04570356913160352,0.04570356913160352,0.029841637006421846,0.00897388708369513
crop_nitrogen_below_sp10,46,-0.023142435699093408,0.023444840719467862,0.029404467166002094,0.008328548589452882
crop_proj_left_delta,46,0.017858756437739313,0.049010135411136684,0.05355041245345771,0.00793491052774994
crop_proj_yield_delta,46,0.14446755901011893,0.16625041761890233,0.13686598342072429,0.031247066868708942
crop_root_in_top_30,46,0.057233766946665876,0.06630434186629267,0.06533831735733366,0.01791662661145363
crop_root_to_shoot_sp3,46,0.08525238626940031,0.09983035913872884,0.08653501043623167,0.022206649472196267
crop_slope_sp3,46,-0.019969241243148424,0.037666398020738796,0.041095333372479344,0.00725981434337803
crop_root_to_shoot_sp10,46,0.02548942056877449,0.029001308287316237,0.032787245547504694,0.009609197515927804
crop_slope_sp10,46,-0.026679505537213433,0.07149553797202633,0.09107871278431101,0.016659556511957226
cy0_to_ceq_multiplier,46,-0.004974536608941159,0.016709384648983465,0.03258647171451015,0.007998588446189198
litter_carbon,46,-0.002462069354813909,0.002462069354813909,0.0013280522994604384,0.00037317916787546745
litter_nitrogen,46,0.013982065601877924,0.013982065601877924,0.007232994521155109,0.0024399858924107455
mortality_fraction_branch_delta,46,-0.026265890019637656,0.05285436071811148,0.07382153857958475,0.015746556373408365
mortality_fraction_croot_delta,46,-0.021110675692892943,0.025583459201490598,0.036823219136541054,0.009471041417295016
mortality_fraction_froot_delta,46,-0.012344634225911647,0.014789316199865895,0.022353637722076092,0.006597270687607395
mortality_fraction_leaf_delta,46,0.0029715046653135345,0.011580204870014026,0.01516204786768225,0.003490749845331198
mortality_fraction_stem_delta,46,-0.07993131256218743,0.1293486389661435,0.1843875938035203,0.048651261779722704
pool_alloc_froot_sp1,46,-1.092357866879211,1.2139260967434402,1.8543137385262323,0.5605184235846492
pool_alloc_leaf_sp1,46,0.16139467351047693,0.5346867983613299,0.7626959939354782,0.17476796548300025
pool_alloc_stem_sp1,46,-0.32717468722815973,0.3770563628925343,0.8324305038287334,0.2340678007425592
pool_turnover_branch_sp1,46,0.9907447482074095,1.44467267048144,2.4331972176534484,0.7076160383682919
pool_turnover_croot_sp1,46,-1.4317886141963136,1.5892631293609771,2.6370620821905444,0.8545632920498123
pool_turnover_froot_sp1,46,-0.7561700997085967,0.8195697255011009,1.0698352332337036,0.30259006538203925
pool_turnover_leaf_sp1,46,-0.0693249720383191,0.4082962391213255,0.8210573972808524,0.2067417966662121
pool_turnover_stem_sp1,46,0.20656166388184866,0.2990667930957675,0.4004284937429981,0.10459753881699488
proj_cover,46,-4.193908395584284,4.598202918165642,7.1138632350938575,2.1005751212986925
proj_fire_off,46,0.054857379655245606,0.054857379655245606,0.10861682660156233,0.03751853685995005
proj_fire_on,46,4.223247494013376,4.310115006128084,5.0035907053264665,1.4960583705632038
proj_mortality,46,27.883691595606884,28.58865339429593,33.36514275357249,10.472773011399045
proj_thinning_delta,46,24.08133504465559,24.446526463294198,25.99723253264985,7.083755983952461
roth_c_cover_c,46,0.76990802157349,0.9283910090221434,1.8059379787662806,0.5837302299050584
roth_c_dpm_frac_crop,46,-0.009320426939958769,0.009320426939958769,0.012587593358851488,0.0038376448842875784
roth_c_dpm_frac_tree,46,0.703483048439653,1.1299105345306397,1.9302673105220272,0.5204177707000316
roth_c_moisture_b_slope,46,-2.2430357107228707,2.385063440848494,3.4023005322201394,1.0703696252061685
roth_c_temp_a1,46,0.8212688110081482,0.8851094434521716,1.2448912249027615,0.3558703804544247
roth_c_temp_a2,46,-5.308619967595911,5.992564367149292,7.8539769154450445,2.3752301104571307
thinning_fraction_branch_delta,46,0.09813526161597498,0.09813526161597498,0.07975944395767309,0.02631431889691437
thinning_fraction_croot_delta,46,0.04239996101095734,0.04239996101095734,0.04527036124709975,0.013207102529613357
thinning_fraction_froot_delta,46,0.021028771339071158,0.021028771339071158,0.01988356859103731,0.006074150107579307
thinning_fraction_leaf_delta,46,0.040246872972485685,0.040246872972485685,0.04259036827192881,0.012281296811972316
thinning_fraction_stem_delta,46,0.268947925319419,0.268947925319419,0.3226165882549032,0.11203983046897342
tree_carbon_sp1,46,-2.866890359185149,3.342596378337563,4.974286503774588,1.430129983536106
tree_nitrogen_branch_sp1,46,0.08424972595923697,0.08424972595923697,0.0962346312539666,0.028311111930593307
tree_nitrogen_croot_sp1,46,0.3545194465288116,0.3545194465288116,0.6754262940589497,0.20719130867203425
tree_nitrogen_froot_sp1,46,0.011245601179026779,0.011245601179026779,0.016148786033036853,0.005717553198879102
tree_nitrogen_leaf_sp1,46,2.007434606113788,2.007434606113788,3.0769773056589016,0.8984513134782632
tree_nitrogen_stem_sp1,46,0.005904979808072386,0.005904979808072386,0.008314812633954321,0.0026391735594826935
tree_root_in_top_30,46,-2.052660627480522,2.336138202076101,3.9450999200308567,1.2710980501936888
tree_root_to_shoot_sp1,46,-1.822276795359785,2.386430702925961,4.10243792328243,1.2872166307559605
cy0,47,-0.025390422715325756,0.1687193611908025,0.2920169470041883,0.06846109387258949
clay,47,-1.4840696337280876,1.7033818357181545,2.954380954881129,0.8069819170359627
temp_ci_delta,47,0.6956967816577546,0.8223439179949509,1.3310829734337384,0.4163873179632245
rain_ci_delta,47,3.9336956418078373,4.674704536921338,10.076086753554314,3.1102819747439225
evap_ci_delta,47,-2.1329618215833235,2.1658056451322083,8.397045255387443,2.4259147364315257
ef_N_inputs,47,2.740672924663371,3.4063775525447495,4.95467024436585,1.2919704992781422
volatile_frac_organic_fertiliser,47,-0.016301567573002614,0.016301567573002614,0.009909378296539716,0.0030138450609993703
volatile_frac_synthetic_fertiliser,47,0.2120865563500213,0.2120865563500213,0.1144268907169364,0.03573372926037104
base_sf_qty_scale,47,-0.12171437219275272,0.12171437219275272,0.060011127386040065,0.017457688627474672
proj_lit_qty_scale,47,0.021678069345840573,0.023558078305392288,0.017822754744049096,0.004710165051531448
base_stand_density_scale,47,0.0,0.0,0.0,0.0
proj_stand_density_scale,47,-4.79985430616741,6.546380877426029,11.320586276040585,3.0566588401920796
tree_wood_dens_sp1,47,-9.254409945345882,12.799255884007142,25.21519031102685,6.797575165541323
base_cover,47,0.23105512354749486,0.3392156301301659,0.3647364474548973,0.07835533543744136
base_fire_off,47,-0.0756788006786384,0.0756788006786384,0.1468986914845587,0.04839404300400018
base_fire_on,47,-0.18541036267145844,0.18541036267145844,0.11927411369334476,0.03839748156051584
base_sf_n_delta,47,-0.012054012840150053,0.012054012840150053,0.005283568101081142,0.001669226215327177
crop_base_left_delta,47,0.19722007341595305,0.229465722366775,0.19012972609038387,0.045257523357981076
crop_base_yield_delta,47,-0.02265556915770779,0.10108387902809753,0.1267291371561238,0.02426055410848981
crop_carbon_above_sp3,47,0.03598545856737605,0.03598545856737605,0.024584889281251802,0.007395598104697805
crop_carbon_below_sp3,47,0.08173167045094762,0.08173167045094762,0.04069169391680563,0.01028935089749559
crop_intercept_sp3,47,0.007007658788521676,0.030188591708492595,0.03856321903706187,0.007995134949547827
crop_nitrogen_above_sp3,47,-0.06693056078586401,0.07202355101829568,0.09143711527675777,0.022607966955536733
crop_nitrogen_below_sp3,47,-0.1108611894844586,0.1108611894844586,0.08012494133274617,0.02574250885643142
crop_carbon_above_sp10,47,0.04521728201928199,0.04521728201928199,0.039099533058915024,0.010583590630720195
crop_carbon_below_sp10,47,0.02122508017904055,0.02253491295780578,0.022547259212596035,0.006235229558543858
crop_intercept_sp10,47,0.011458094841939867,0.04357683924775767,0.051437010051932255,0.007641175414656182
crop_nitrogen_above_sp10,47,-0.04570356913160364,0.04570356913160364,0.02984163700642163,0.00897388708369496
crop_nitrogen_below_sp10,47,-0.023142435699092908,0.02344484071946741,0.029404467166003024,0.008328548589452995
crop_proj_left_delta,47,0.016788745951905333,0.047957896251113005,0.052792895510909904,0.007850958466211554
crop_proj_yield_delta,47,0.14943591557917113,0.16919310701261775,0.1353267596416539,0.03138324906062026
crop_root_in_top_30,47,0.054843085312540986,0.06438425375332416,0.064770647871619,0.01770556360799555
crop_root_to_shoot_sp3,47,0.08149945612793096,0.09689147292601205,0.08577279650638245,0.021796606010411692
crop_slope_sp3,47,-0.02158279285539313,0.038250634187059894,0.04091195516481879,0.0073524326511883314
crop_root_to_shoot_sp10,47,0.024771209231054397,0.028448430218047334,0.03255998605874277,0.00947489776937584
crop_slope_sp10,47,-0.028531723238675775,0.07145376870460626,0.0908522356307055,0.01676598232683567
cy0_to_ceq_multiplier,47,-0.005095333279899808,0.0164789540566418,0.032060369988181424,0.00780120332033012
litter_carbon,47,-0.00241087251615133,0.00241087251615133,0.0013180804129500102,0.00037074623050935464
litter_nitrogen,47,0.013982065601876476,0.013982065601876476,0.007232994521153878,0.0024399858924102104
mortality_fraction_branch_delta,47,-0.02449174646351817,0.05243854261405555,0.07321308491027087,0.01559794011052472
mortality_fraction_croot_delta,47,-0.020659405162159656,0.025175063630211908,0.03636370740046077,0.009398585182698703
mortality_fraction_froot_delta,47,-0.011966105041293123,0.014409921071545446,0.02209032477621539,0.006518050706320418
mortality_fraction_leaf_delta,47,0.0034973469655337026,0.011643631943236072,0.015278174302120676,0.003560268961068561
mortality_fraction_stem_delta,47,-0.07794312748928217,0.1283942895210436,0.18349689155482624,0.04824113576102755
pool_alloc_froot_sp1,47,-1.0807568110861336,1.2006275591547297,1.862884320481469,0.5636745812508978
pool_alloc_leaf_sp1,47,0.19170650905194211,0.5365124529894232,0.7663720865633781,0.17744846408135184
pool_alloc_stem_sp1,47,-0.31500088806402693,0.3599088795188282,0.8100682410019674,0.229622384639062
pool_turnover_branch_sp1,47,0.8116616151713941,1.2845784015133068,2.2413701631524656,0.6527213507805404
pool_turnover_croot_sp1,47,-1.4377599801286751,1.6020789946528873,2.6685420770920745,0.8647482301763846
pool_turnover_froot_sp1,47,-0.748263149814078,0.8315041471026934,1.089647163450524,0.3034573150339276
pool_turnover_leaf_sp1,47,-0.06464865632356133,0.4117620895460525,0.8355310346263203,0.21162646041160044
pool_turnover_stem_sp1,47,0.1525045922064511,0.25254902824364495,0.3553394615518478,0.08867769129611165
proj_cover,47,-4.281749223287532,4.680553256079138,7.292739736271075,2.154126344711136
proj_fire_off,47,0.05485737965524541,0.05485737965524541,0.10861682660156198,0.03751853685995001
proj_fire_on,47,4.251085629106747,4.33559487946201,5.075083573025737,1.517579344633664
proj_mortality,47,27.436206219447804,28.27741673303362,33.858006546091794,10.644406295043055
proj_thinning_delta,47,22.45538610848675,22.97044288535916,25.818429623424617,6.982271681275013
roth_c_cover_c,47,0.7874843525240365,0.9391758481130286,1.8339401501075367,0.5944125873106849
roth_c_dpm_frac_crop,47,-0.008444069474576354,0.008444069474576354,0.011344351509223893,0.003463639647243495
roth_c_dpm_frac_tree,47,0.7124164862888683,1.1200163550101914,1.9478992942628122,0.5362776877964144
roth_c_moisture_b_slope,47,-2.3095788700020523,2.4474159148683765,3.488907683008181,1.0953585889665411
roth_c_temp_a1,47,0.836995605828448,0.8963159208060819,1.266328339144226,0.36330101971451617
roth_c_temp_a2,47,-5.465044725082962,6.117267117825966,8.068992903330765,2.450056958142133
thinning_fraction_branch_delta,47,0.08639114762528981,0.08639114762528981,0.06762013427035395,0.02236030065764643
thinning_fraction_croot_delta,47,0.03631042305436931,0.03631042305436931,0.03715324325003522,0.010919915749166705
thinning_fraction_froot_delta,47,0.01826548761397117,0.01826548761397117,0.016612861141544363,0.004990066569475319
thinning_fraction_leaf_delta,47,0.03517773475955911,0.03517773475955911,0.036652097073614255,0.010371149368411079
thinning_fraction_stem_delta,47,0.2384951667027475,0.2384951667027475,0.27857633873837806,0.0969072388940348
tree_carbon_sp1,47,-2.8110893825656698,3.210267097890732,4.9021177015149044,1.4264967204910202
tree_nitrogen_branch_sp1,47,0.08486302698891639,0.08486302698891639,0.09786557964116349,0.028780268016546966
tree_nitrogen_croot_sp1,47,0.3591992045822798,0.3591992045822798,0.6909587323228388,0.21191938437225408
tree_nitrogen_froot_sp1,47,0.011441308217958284,0.011441308217958284,0.016531813447244654,0.005854105098395148
tree_nitrogen_leaf_sp1,47,2.0312958940206416,2.0312958940206416,3.131949128906045,0.9155947703092827
tree_nitrogen_stem_sp1,47,0.005959016257609686,0.005959016257609686,0.008466042977242861,0.0026883207955759316
tree_root_in_top_30,47,-2.050060591042244,2.3365253543188045,3.987056259387941,1.2856259012239764
tree_root_to_shoot_sp1,47,-1.7426644487293128,2.3087049785874436,4.0340030950460175,1.2641228490708465
cy0,48,-0.026883007852919527,0.16885151986971986,0.2930951979022026,0.06855353801039239
clay,48,-1.4839747717475062,1.7099121611420578,2.9784680651690305,0.8131287265999583
temp_ci_delta,48,0.7072937889821963,0.8300730056310212,1.351097409768965,0.42412363727183894
rain_ci_delta,48,4.023181912461355,4.7334993566676875,10.223054845470001,3.156455326824355
evap_ci_delta,48,-2.1705237485831472,2.201419022329351,8.562824134056797,2.4771139244519356
ef_N_inputs,48,2.7834784731291915,3.455088785341462,5.049118517182304,1.318765024239646
volatile_frac_organic_fertiliser,48,-0.01630156757300248,0.01630156757300248,0.0099093782965398,0.0030138450609993894
volatile_frac_synthetic_fertiliser,48,0.21208655635002122,0.21208655635002122,0.11442689071693586,0.03573372926037085
base_sf_qty_scale,48,-0.12171437219275227,0.12171437219275227,0.06001112738604002,0.01745768862747475
proj_lit_qty_scale,48,0.021966680757465357,0.023735083792534466,0.0177775760379527,0.004753723253534305
base_stand_density_scale,48,0.0,0.0,0.0,0.0
proj_stand_density_scale,48,-4.485961327870766,6.397582205021954,11.186238590712554,2.9730915896939636
tree_wood_dens_sp1,48,-8.745604673771364,12.55601343841722,24.95274431179794,6.682453705446487
base_cover,48,0.2211306351768642,0.33463662670871064,0.36216182343917525,0.07704572922652761
base_fire_off,48,-0.07567880067863873,0.07567880067863873,0.14689869148455906,0.048394043004000326
base_fire_on,48,-0.18435537023916465,0.18435537023916465,0.11744357125609885,0.03774200186591667
base_sf_n_delta,48,-0.012054012840149952,0.012054012840149952,0.005283568101081195,0.0016692262153271801
crop_base_left_delta,48,0.1937287314503028,0.2263706614218987,0.18919880349387638,0.045003829949379584
crop_base_yield_delta,48,-0.02563125086636684,0.10130611148183459,0.12658705461920905,0.02436820135302165
crop_carbon_above_sp3,48,0.03509247468832324,0.03509247468832324,0.024195080503184387,0.007289558036836576
crop_carbon_below_sp3,48,0.07964750193195758,0.07964750193195758,0.04030398489580401,0.010222522456199786
crop_intercept_sp3,48,0.0059640681005003,0.02971242217785832,0.038146756061779315,0.00787029333208432
crop_nitrogen_above_sp3,48,-0.06693056078586442,0.07202355101829627,0.09143711527675691,0.022607966955536674
crop_nitrogen_below_sp3,48,-0.11086118948445858,0.11086118948445858,0.08012494133274561,0.025742508856431322
crop_carbon_above_sp10,48,0.04439503658890853,0.04439503658890853,0.03873707112845882,0.010478084712752122
crop_carbon_below_sp10,48,0.020823651448590746,0.02213436223922765,0.022310108884459754,0.00616514421702658
crop_intercept_sp10,48,0.010780295627939876,0.043452894488985795,0.05131623044951852,0.007593701835475212
crop_nitrogen_above_sp10,48,-0.045703569131602687,0.045703569131602687,0.029841637006422346,0.008973887083695235
crop_nitrogen_below_sp10,48,-0.023142435699092627,0.023444840719467078,0.02940446716600246,0.008328548589452868
crop_proj_left_delta,48,0.01586635720556206,0.046996030708565804,0.05208793384582485,0.007779974967475823
crop_proj_yield_delta,48,0.15405554522487327,0.1719766042082542,0.13405402149444592,0.03157719217351263
crop_root_in_top_30,48,0.05258331392374669,0.06257600695861798,0.06425793677029075,0.017518585788444136
crop_root_to_shoot_sp3,48,0.07802161049456732,0.09439110340756092,0.08512303669818269,0.02137547338975391
crop_slope_sp3,48,-0.023081699920740436,0.03880578958575769,0.04076637335172284,0.007468976940225477
crop_root_to_shoot_sp10,48,0.024073213035042573,0.02790940495940718,0.032343186170433136,0.009349004477873131
crop_slope_sp10,48,-0.03033935256479319,0.07155290775790538,0.09063076677397282,0.01685644036578665
cy0_to_ceq_multiplier,48,-0.005202288511344339,0.016263451805101574,0.03154731376683518,0.0076106383087947635
litter_carbon,48,-0.0023609787567206524,0.0023609787567206524,0.0013081723087401329,0.00036831820320136564
litter_nitrogen,48,0.013982065601877192,0.013982065601877192,0.007232994521154353,0.00243998589241045
mortality_fraction_branch_delta,48,-0.02258849103007131,0.051731815061936824,0.0723454388599887,0.015404327367849571
mortality_fraction_croot_delta,48,-0.020095098435683356,0.024685860553502036,0.03579559506232767,0.009289193861521453
mortality_fraction_froot_delta,48,-0.011509502719976231,0.013965664692322768,0.02174720826790685,0.0064116905927001895
mortality_fraction_leaf_delta,48,0.003964909558905903,0.011572255549591088,0.015377893319038143,0.003697233354419237
mortality_fraction_stem_delta,48,-0.07569943796968596,0.12670337786288483,0.18184486908581018,0.0477285203118765
pool_alloc_froot_sp1,48,-1.0621289840487351,1.183285318520507,1.865555758894868,0.564849005488855
pool_alloc_leaf_sp1,48,0.22196594854715715,0.5379771623273711,0.7708223925856974,0.1817388504966594
pool_alloc_stem_sp1,48,-0.29463812058987543,0.34955772046567246,0.7881840446080381,0.2235177780361474
pool_turnover_branch_sp1,48,0.6107136341500798,1.1526984927397759,2.0591550306189994,0.5940421220160514
pool_turnover_croot_sp1,48,-1.4397973115236151,1.6063963466307278,2.6888746865081616,0.8721592467602641
pool_turnover_froot_sp1,48,-0.7495944572676939,0.830212690212444,1.0937742200124951,0.30592540516919364
pool_turnover_leaf_sp1,48,-0.058841126456740125,0.4130408037542967,0.8473505588746552,0.21595068738324794
pool_turnover_stem_sp1,48,0.09041478079471803,0.21808635217736053,0.31836612011709625,0.07373567670182565
proj_cover,48,-4.34270712221755,4.737066268920856,7.435791811124135,2.1958125666002446
proj_fire_off,48,0.05485737965524558,0.05485737965524558,0.10861682660156245,0.037518536859950095
proj_fire_on,48,4.270469041736401,4.353046196613567,5.138590099275568,1.536843123255675
proj_mortality,48,27.1423313113618,28.2667876862808,34.06467489908064,10.62039176290489
proj_thinning_delta,48,20.82754661060339,21.592703446309898,25.668814219388384,6.883392340532146
roth_c_cover_c,48,0.8034796738913732,0.9496923503465331,1.8656397751880374,0.606344953145566
roth_c_dpm_frac_crop,48,-0.007695276479530601,0.007695276479530601,0.010252732943268667,0.0031344227542994796
roth_c_dpm_frac_tree,48,0.7084395710119606,1.0990194541373026,1.9468413768325832,0.5443103914456907
roth_c_moisture_b_slope,48,-2.359799652586182,2.4938929598747537,3.560143523828996,1.1154811818795043
roth_c_temp_a1,48,0.8490183562683397,0.9046894961344257,1.2862351545639832,0.369759181282122
roth_c_temp_a2,48,-5.583955250526622,6.209421224102618,8.257899355371611,2.517724668010041
thinning_fraction_branch_delta,48,0.0773518029091528,0.0773518029091528,0.05869033605381114,0.019491347114424063
thinning_fraction_croot_delta,48,0.031688116458168276,0.031688116458168276,0.03094513683278945,0.00916487024606324
thinning_fraction_froot_delta,48,0.01618163210022491,0.01618163210022491,0.014184599525260737,0.004174742567358294
thinning_fraction_leaf_delta,48,0.031094378190846393,0.031094378190846393,0.03200541729477055,0.008957806104821954
thinning_fraction_stem_delta,48,0.21150774995978744,0.21150774995978744,0.2415964288661464,0.08460221394030958
tree_carbon_sp1,48,-2.705583288318157,3.1083425824354753,4.844906551971275,1.4070554571016438
tree_nitrogen_branch_sp1,48,0.08538624098188224,0.08538624098188224,0.09940141736059853,0.029221814431848347
tree_nitrogen_croot_sp1,48,0.36359604245130467,0.36359604245130467,0.7059031498737958,0.21648355645003647
tree_nitrogen_froot_sp1,48,0.011628042565782903,0.011628042565782903,0.016901109178635385,0.005985988935746334
tree_nitrogen_leaf_sp1,48,2.0530405480033647,2.0530405480033647,3.183721178224268,0.9318339610978852
tree_nitrogen_stem_sp1,48,0.006008733637589719,0.006008733637589719,0.00860795377743179,0.00273439810198822
tree_root_in_top_30,48,-2.038719671571935,2.324859291336029,4.012718803285589,1.2948955888286315
tree_root_to_shoot_sp1,48,-1.643147792280525,2.2358407161560305,3.9613998325823103,1.2368362297640025
cy0,49,-0.028258056937034592,0.16976159673982133,0.29403030531663954,0.06850404814766232
clay,49,-1.4806157454744011,1.71256479280185,2.9963688916441273,0.8176832604756676
temp_ci_delta,49,0.7150947481372564,0.8346881045103907,1.3670436477922812,0.43041492114166036
rain_ci_delta,49,4.089349324852416,4.771425441723773,10.332442462338173,3.1913249610334664
evap_ci_delta,49,-2.2049074837160845,2.234113741153513,8.71664113148294,2.5240128310716714
ef_N_inputs,49,2.822353033969092,3.4998142451799077,5.138770944408802,1.3442403180013254
volatile_frac_organic_fertiliser,49,-0.016301567573002607,0.016301567573002607,0.00990937829653955,0.0030138450609993772
volatile_frac_synthetic_fertiliser,49,0.21208655635002066,0.21208655635002066,0.11442689071693633,0.03573372926037091
base_sf_qty_scale,49,-0.12171437219275268,0.12171437219275268,0.060011127386040045,0.017457688627474637
proj_lit_qty_scale,49,0.022247797043443932,0.023920998401183283,0.017732997825679508,0.004787737320309033
base_stand_density_scale,49,0.0,0.0,0.0,0.0
proj_stand_density_scale,49,-4.232002650508584,5.88244851570431,10.875863059394796,2.962775809957718
tree_wood_dens_sp1,49,-8.29934631202089,12.174376645692352,24.562249410434287,6.588653324486654
base_cover,49,0.21166566698831946,0.3303680741460229,0.3596285151240782,0.07579962860166718
base_fire_off,49,-0.07567880067863833,0.07567880067863833,0.14689869148455834,0.048394043004000104
base_fire_on,49,-0.18332402649249624,0.18332402649249624,0.11567564918945747,0.03710708589086427
base_sf_n_delta,49,-0.01205401284014981,0.01205401284014981,0.00528356810107992,0.0016692262153268451
crop_base_left_delta,49,0.1903083503622081,0.22333471499825705,0.18827964026436378,0.04475763192843019
crop_base_yield_delta,49,-0.028546976529705736,0.10155776216450041,0.12644572490236702,0.02448777739104941
crop_carbon_above_sp3,49,0.03424628697780866,0.03424628697780866,0.023829390527510316,0.007191651556294642
crop_carbon_below_sp3,49,0.07770435911811055,0.07770435911811055,0.039958744202455064,0.01016770790727943
crop_intercept_sp3,49,0.004979011332492789,0.02929198890940484,0.037796786133043096,0.007761998061044609
crop_nitrogen_above_sp3,49,-0.06693056078586616,0.07202355101829586,0.09143711527675581,0.022607966955536584
crop_nitrogen_below_sp3,49,-0.11086118948445897,0.11086118948445897,0.08012494133274614,0.02574250885643152
crop_carbon_above_sp10,49,0.043594065465838265,0.043594065465838265,0.0383807194198969,0.010374827640188058
crop_carbon_below_sp10,49,0.020432234943883,0.02174328113593748,0.022077027748750845,0.006096704398830353
crop_intercept_sp10,49,0.010119722158944248,0.04333126362226349,0.05119866490001138,0.007551317303135488
crop_nitrogen_above_sp10,49,-0.045703569131603325,0.045703569131603325,0.02984163700642151,0.008973887083695028
crop_nitrogen_below_sp10,49,-0.023142435699093352,0.023444840719467855,0.029404467166002663,0.008328548589452802
crop_proj_left_delta,49,0.015064950291731005,0.046108830544232794,0.051424220117756166,0.007717404605999873
crop_proj_yield_delta,49,0.15837894692895307,0.1746208190479271,0.13299591147987683,0.03181392721094392
crop_root_in_top_30,49,0.050436582344159334,0.06086168750220526,0.06379062463278388,0.017352118902855224
crop_root_to_shoot_sp3,49,0.07477699858723778,0.09218121076437565,0.0845636810179145,0.02094991241585278
crop_slope_sp3,49,-0.024482790095532673,0.039402972467476774,0.04065053252885985,0.007577445934405603
crop_root_to_shoot_sp10,49,0.02339441753164241,0.02738360364263716,0.03213583967140549,0.009231029775096098
crop_slope_sp10,49,-0.0321040756819297,0.07166078522269197,0.09041481384623754,0.016962624415158393
cy0_to_ceq_multiplier,49,-0.005296081909080508,0.016041397965993798,0.031044577970700607,0.007431219956142903
litter_carbon,49,-0.002312345288460041,0.002312345288460041,0.0012983197546973075,0.00036589292337554794
litter_nitrogen,49,0.01398206560187631,0.01398206560187631,0.007232994521154432,0.002439985892410388
mortality_fraction_branch_delta,49,-0.020455262554968944,0.050900253284776674,0.07133870223266886,0.015203672723388718
mortality_fraction_croot_delta,49,-0.019439261487116312,0.02412203977880554,0.03513435314014952,0.009150821159531355
mortality_fraction_froot_delta,49,-0.010989101610059244,0.013463960993227641,0.021334416032820727,0.006283144569524782
mortality_fraction_leaf_delta,49,0.004498262968551067,0.011505573196335836,0.015485912246178615,0.003840377963182841
mortality_fraction_stem_delta,49,-0.07239890411206137,0.12521606738602578,0.18010489668678173,0.047082074446556536
pool_alloc_froot_sp1,49,-1.0389242820139621,1.1611586160342664,1.8620071539126999,0.5641132230653162
pool_alloc_leaf_sp1,49,0.2578646886249857,0.5433640050458697,0.7781774702433685,0.18708370072938046
pool_alloc_stem_sp1,49,-0.2791018107645226,0.33249814115063925,0.7605472785620828,0.21678408425171466
pool_turnover_branch_sp1,49,0.40919751957757783,1.0253392800446846,1.8790089892755377,0.5387170787514174
pool_turnover_croot_sp1,49,-1.4354481529080476,1.6048218902976665,2.701043156654272,0.8766931393839026
pool_turnover_froot_sp1,49,-0.7465371708764772,0.825988558600734,1.094335504194104,0.3069506178792233
pool_turnover_leaf_sp1,49,-0.050984067146048404,0.41347334029426513,0.8569466193588771,0.21975931402304089
pool_turnover_stem_sp1,49,0.04146678179874741,0.18066891283287073,0.27343766544052966,0.05715328233361304
proj_cover,49,-4.379990867306927,4.770414729690865,7.5463920300138545,2.227069960539331
proj_fire_off,49,0.05485737965524571,0.05485737965524571,0.10861682660156256,0.03751853685995008
proj_fire_on,49,4.283876695830065,4.364789194498155,5.193535073114217,1.5531100472256103
proj_mortality,49,26.942226236470127,27.97853319898809,34.006435367726034,10.65442079734636
proj_thinning_delta,49,19.404073167413166,20.470881606781035,25.677479617938285,6.796024235632205
roth_c_cover_c,49,0.8171997259571299,0.9593745239033235,1.8987662043241489,0.6186923517672421
roth_c_dpm_frac_crop,49,-0.007050922601269505,0.007050922601269505,0.009292555650692426,0.0028442518892784477
roth_c_dpm_frac_tree,49,0.687904647710556,1.0769305324820841,1.933309660604038,0.5430405389061923
roth_c_moisture_b_slope,49,-2.3941178064689423,2.5262917804918503,3.6162679539639124,1.1302134318797656
roth_c_temp_a1,49,0.857436864787462,0.9100311646544922,1.3039790250966639,0.3751926581742466
roth_c_temp_a2,49,-5.662692459283965,6.274242132522227,8.424404943065522,2.5765829535326983
thinning_fraction_branch_delta,49,0.07025950689862277,0.07025950689862277,0.05210094643538869,0.01738578135608863
thinning_fraction_croot_delta,49,0.028133706548914332,0.028133706548914332,0.0262066379753086,0.007821558781147264
thinning_fraction_froot_delta,49,0.01458156313193291,0.01458156313193291,0.012397351775182345,0.00356922826873781
thinning_fraction_leaf_delta,49,0.02829497162572987,0.02829497162572987,0.028403794256190436,0.007920800324518718
thinning_fraction_stem_delta,49,0.18986307602906252,0.18986307602906252,0.210226441325592,0.0739664532316228
tree_carbon_sp1,49,-2.5622405707764524,3.0240464100880007,4.795483029533972,1.38158078255497
tree_nitrogen_branch_sp1,49,0.08581885276745578,0.08581885276745578,0.10083824161227067,0.029634590662492362
tree_nitrogen_croot_sp1,49,0.36762176450269984,0.36762176450269984,0.7202666803805432,0.22086902890759683
tree_nitrogen_froot_sp1,49,0.01180410470566931,0.01180410470566931,0.017256680061936827,0.0061129922856054545
tree_nitrogen_leaf_sp1,49,2.072627442651568,2.072627442651568,3.232180882601829,0.9471315919662967
tree_nitrogen_stem_sp1,49,0.0060528656833546135,0.0060528656833546135,0.008741035191495432,0.002777734822389591
tree_root_in_top_30,49,-2.0144846067846327,2.307964474284441,4.026861729119561,1.2983846314877252
tree_root_to_shoot_sp1,49,-1.560296841056305,2.1389816126075933,3.8681853687555194,1.2060012245660605
cy0,50,-0.02952339663348529,0.1705573606661119,0.294808893634149,0.06844765407652492
clay,50,-1.4737824805983533,1.7112523412879554,3.0074488558441965,0.8204262718536497
temp_ci_delta,50,0.7192704139926678,0.8362886261720339,1.3787375050549175,0.4351761815011093
rain_ci_delta,50,4.133108003843239,4.788826682542149,10.403801240485738,3.2145647692879953
evap_ci_delta,50,-2.2350610273018807,2.2628062510172864,8.853454731786922,2.5653659295888547
ef_N_inputs,50,2.8572476215587708,3.5404995655195917,5.2234505498151576,1.3683439630403722
volatile_frac_organic_fertiliser,50,-0.01630156757300279,0.01630156757300279,0.009909378296539557,0.00301384506099939
volatile_frac_synthetic_fertiliser,50,0.212086556350021,0.212086556350021,0.1144268907169361,0.03573372926037094
base_sf_qty_scale,50,-0.12171437219275276,0.12171437219275276,0.0600111273860401,0.017457688627474648
proj_lit_qty_scale,50,0.022521692782255617,0.02411420221268906,0.0176890033083398,0.004814454329395784
base_stand_density_scale,50,0.0,0.0,0.0,0.0
proj_stand_density_scale,50,-3.8860039821551475,5.614973663530827,10.638244852049727,2.8841102161987924
tree_wood_dens_sp1,50,-7.801584333625509,11.825946759843243,24.1218168520057,6.492429825758518
base_cover,50,0.20263827563021491,0.3260648664068174,0.35712791776428443,0.07468887209746639
base_fire_off,50,-0.07567880067863836,0.07567880067863836,0.1468986914845582,0.04839404300399996
base_fire_on,50,-0.18231576594128646,0.18231576594128646,0.11396841127463334,0.03649222396892041
base_sf_n_delta,50,-0.012054012840149977,0.012054012840149977,0.005283568101080179,0.0016692262153269158
crop_base_left_delta,50,0.18695685202871545,0.2204375304224288,0.18737140261645943,0.04448394229324412
crop_base_yield_delta,50,-0.031404356674621124,0.10179334666312889,0.1263047282215763,0.02463504769146972
crop_carbon_above_sp3,50,0.03344129964500974,0.03344129964500974,0.02348551272068382,0.007100949271827717
crop_carbon_below_sp3,50,0.07588176837684643,0.07588176837684643,0.03964685160173353,0.010121759857453921
crop_intercept_sp3,50,0.00404387777388675,0.02890946489311248,0.037504632361595285,0.0076752796947126105
crop_nitrogen_above_sp3,50,-0.0669305607858625,0.07202355101829647,0.09143711527675812,0.022607966955536168
crop_nitrogen_below_sp3,50,-0.1108611894844594,0.1108611894844594,0.08012494133274659,0.025742508856431628
crop_carbon_above_sp10,50,0.04281342298248518,0.04281342298248518,0.03803051535205235,0.010273774956360475
crop_carbon_below_sp10,50,0.020050605845257235,0.021361219045550932,0.02184790632018816,0.006029962978871296
crop_intercept_sp10,50,0.009475773868974528,0.043215581776232026,0.05108455795052776,0.007512705003818112
crop_nitrogen_above_sp10,50,-0.045703569131603096,0.045703569131603096,0.02984163700642257,0.008973887083695413
crop_nitrogen_below_sp10,50,-0.02314243569909315,0.0234448407194676,0.029404467166003014,0.008328548589453023
crop_proj_left_delta,50,0.014363642350066782,0.045284264844474384,0.05079397434952278,0.007660433793609386
crop_proj_yield_delta,50,0.16244768264158843,0.17714119770845688,0.13211115152300926,0.03208246333895385
crop_root_in_top_30,50,0.04839053854805421,0.059229755977537615,0.06336059809517441,0.017203345270425413
crop_root_to_shoot_sp3,50,0.07173153420212955,0.0901189162015544,0.08407747765701411,0.020575929159014374
crop_slope_sp3,50,-0.025800302236574015,0.03999538151179198,0.04055862306414842,0.007690553772926336
crop_root_to_shoot_sp10,50,0.02273411660314057,0.026870145265784594,0.031936994897561556,0.009120578602449981
crop_slope_sp10,50,-0.03382737485566291,0.07178537032626596,0.09020389188474527,0.01707807395229263
cy0_to_ceq_multiplier,50,-0.005377917377955376,0.01581347500112957,0.030551771148412794,0.007262391437590287
litter_carbon,50,-0.0022649280592960063,0.0022649280592960063,0.001288517433837993,0.00036346937209217
litter_nitrogen,50,0.01398206560187731,0.01398206560187731,0.007232994521154111,0.002439985892410353
mortality_fraction_branch_delta,50,-0.018140924460809164,0.04994863445273324,0.07022404419139162,0.015012406920495056
mortality_fraction_croot_delta,50,-0.018688532402037925,0.023510227379719785,0.034406620383566726,0.008986405067088064
mortality_fraction_froot_delta,50,-0.010388737903322546,0.012981184276014532,0.020879554992417015,0.006109242896518055
mortality_fraction_leaf_delta,50,0.005128042828132883,0.011518328615379745,0.015605686281811871,0.0039897083351349075
mortality_fraction_stem_delta,50,-0.069450827483842,0.12263686246604459,0.17743871950328358,0.04631739962449661
pool_alloc_froot_sp1,50,-1.0137410026826341,1.133013079586764,1.8515354019669672,0.5614122158021698
pool_alloc_leaf_sp1,50,0.29652363182168645,0.5495156374096589,0.7886369009112367,0.1954854360272485
pool_alloc_stem_sp1,50,-0.2600273446161306,0.31800462406140717,0.7324583605544762,0.20926965483728607
pool_turnover_branch_sp1,50,0.20159193272945325,0.9202456324539867,1.708133605386567,0.4885067975391593
pool_turnover_croot_sp1,50,-1.4254930056878696,1.5986810291615943,2.7058264636417153,0.8784891223399329
pool_turnover_froot_sp1,50,-0.7399029836343038,0.8187631443702699,1.091403457253999,0.3067998682863521
pool_turnover_leaf_sp1,50,-0.04147690928021698,0.41347056443270186,0.8645172871454317,0.22297311524273958
pool_turnover_stem_sp1,50,-0.012233491467234797,0.16362683437251252,0.23941011308199872,0.045302944228253886
proj_cover,50,-4.396574959126637,4.783278516979783,7.628065713428889,2.2492296503386564
proj_fire_off,50,0.05485737965524614,0.05485737965524614,0.10861682660156363,0.037518536859950484
proj_fire_on,50,4.2883958349536195,4.367803764723168,5.243410453212761,1.5675605208787515
proj_mortality,50,26.341096490148658,27.921993943691252,34.16057476905621,10.505759913988687
proj_thinning_delta,50,17.573231012293807,19.059325094679487,25.0903891748743,6.557404370859426
roth_c_cover_c,50,0.8273372290578693,0.9675950344951888,1.9320678287839714,0.6304753418456239
roth_c_dpm_frac_crop,50,-0.006494534474853944,0.006494534474853944,0.008445920357696767,0.002587943359287339
roth_c_dpm_frac_tree,50,0.664581301132763,1.045699091925958,1.9046590864583415,0.5397011230242263
roth_c_moisture_b_slope,50,-2.4138573026825014,2.5457612349800685,3.657957645751849,1.1399367147356878
roth_c_temp_a1,50,0.8619681935748528,0.9128616660159791,1.3195436697385403,0.379374155759295
roth_c_temp_a2,50,-5.712438695455022,6.307312674366687,8.562596340344342,2.627663794724192
thinning_fraction_branch_delta,50,0.06531123177301931,0.06531123177301931,0.04761568726111579,0.015923757625937538
thinning_fraction_croot_delta,50,0.025368251718320505,0.025368251718320505,0.022607104178812516,0.006799070119757303
thinning_fraction_froot_delta,50,0.013332019311703506,0.013332019311703506,0.011091953126509114,0.003126139297638462
thinning_fraction_leaf_delta,50,0.025599865370017204,0.025599865370017204,0.025367125501313842,0.007054148742792043
thinning_fraction_stem_delta,50,0.1754213086228633,0.1754213086228633,0.18572066881986948,0.06535509354184077
tree_carbon_sp1,50,-2.4607715859633617,2.881402240463319,4.696924465609458,1.356489573045684
tree_nitrogen_branch_sp1,50,0.08616098237155209,0.08616098237155209,0.10217293018935798,0.030017664199729416
tree_nitrogen_croot_sp1,50,0.3712929516837753,0.3712929516837753,0.734006924650769,0.2250651779694084
tree_nitrogen_froot_sp1,50,0.01196915048602753,0.01196915048602753,0.017597735449896727,0.006234828898473593
tree_nitrogen_leaf_sp1,50,2.09003116459466,2.09003116459466,3.277241090855118,0.9614577166295882
tree_nitrogen_stem_sp1,50,0.006083494770133213,0.006083494770133213,0.008870390040211517,0.0028188679433721465
tree_root_in_top_30,50,-1.9870843128952285,2.2783088426872924,4.025653579276991,1.2987981460187021
tree_root_to_shoot_sp1,50,-1.4491120030454325,2.062110102210344,3.7802650298156797,1.168559891179508
cy0,total,6.860961887316944,21.556815871362893,31.896810352435423,7.15616586125653
clay,total,-69.6884900462114,69.91451896094277,105.53209038570023,29.834277081955683
temp_ci_delta,total,38.062391697001615,38.077891123164974,48.992134924788346,16.748961771786387
rain_ci_delta,total,200.39374273143864,210.68170536475085,378.49675151490095,117.77379261786544
evap_ci_delta,total,-80.62235311284267,81.52726215018946,310.9679174344374,87.95328193075225
ef_N_inputs,total,82.5927806121837,102.405183651465,138.61380696566243,35.59676978141806
volatile_frac_organic_fertiliser,total,-0.8150783786501179,0.8150783786501179,0.49546891482699956,0.150692253049972
volatile_frac_synthetic_fertiliser,total,10.604327817501074,10.604327817501074,5.72134453584676,1.7866864630185384
base_sf_qty_scale,total,-6.085718609637668,6.085718609637668,3.0005563693019934,0.8728844313737436
proj_lit_qty_scale,total,0.049067146921113816,0.9257013419068703,1.0983608667757223,0.1597500557348964
base_stand_density_scale,total,0.0,0.0,0.0,0.0
proj_stand_density_scale,total,-417.7393782925739,419.09153182457965,486.59617289586475,153.56690937528862
tree_wood_dens_sp1,total,-689.942105722575,692.669743932717,1011.8343838997052,289.07411537761845
base_cover,total,45.17447053821134,45.17447053821134,28.49230388348494,7.905817302880121
base_fire_off,total,-3.783940033931921,3.783940033931921,7.3449345742279535,2.419702150200018
base_fire_on,total,-12.06908664779203,12.06908664779203,11.707331408206917,3.937330794776808
base_sf_n_delta,total,-0.6027006420075589,0.6027006420075589,0.26417840505406787,0.08346131076637701
crop_base_left_delta,total,19.828173148968226,20.60199931616744,13.115064581420103,3.488539938551827
crop_base_yield_delta,total,7.464547823053666,8.492717814539493,8.450897879687993,2.219259468915195
crop_carbon_above_sp3,total,1.909883593839865,2.134103041779831,1.957794139824801,0.5305937402835047
crop_carbon_below_sp3,total,4.327348314485119,4.348880881338436,2.5543942191683926,0.6635062734739612
crop_intercept_sp3,total,0.9177051862592325,1.8190791604613612,2.3063295370950114,0.5370862815656778
crop_nitrogen_above_sp3,total,-2.0561382635438363,2.7439679882894046,4.2129791460088155,0.9165977271780783
crop_nitrogen_below_sp3,total,-3.527687003890672,3.527687003890672,2.638004540196395,0.8514830200258787
crop_carbon_above_sp10,total,4.044149132768316,4.047951411283696,3.2982385248352557,0.8998044719536301
crop_carbon_below_sp10,total,1.8406761872160176,1.9601140716374168,1.8513011331133609,0.5038538140014597
crop_intercept_sp10,total,2.1172681518926253,2.785708633985437,3.1070872932946028,0.6515382525117173
crop_nitrogen_above_sp10,total,-2.0718595157659374,2.104771488162806,1.480783907197489,0.4266428857164872
crop_nitrogen_below_sp10,total,-1.056326269202307,1.0824118854977693,1.4156731197158496,0.4008255243166658
crop_proj_left_delta,total,-3.6968978164944333,4.305195864737523,4.89871420963679,1.4189168217908743
crop_proj_yield_delta,total,1.1267776024253107,5.879175017385852,6.834924814093618,1.0217140217882967
crop_root_in_top_30,total,4.390623439603315,4.426123322819133,3.8041812740707086,1.183752132450779
crop_root_to_shoot_sp3,total,5.512644940286612,5.6375070999747985,3.8058293054502554,1.1051870313661785
crop_slope_sp3,total,0.5467185415904603,1.4670815896435763,2.1793945220780655,0.4952379811548301
crop_root_to_shoot_sp10,total,2.8249072375119475,2.8482098738302897,2.701852443778382,0.8955020437272639
crop_slope_sp10,total,2.960543528940514,5.129803043565409,5.648214541682074,1.1159749330944515
cy0_to_ceq_multiplier,total,0.8059001797063047,1.7311005037614648,2.9986589743652172,0.6408921239342217
litter_carbon,total,-0.2979999242786812,0.2979999242786812,0.11702179091974989,0.032274593721562855
litter_nitrogen,total,0.699103280093979,0.699103280093979,0.36164972605772877,0.12199929462052467
mortality_fraction_branch_delta,total,-2.5346085209437406,2.8216311926046247,3.5506649305520996,0.8420277635301345
mortality_fraction_croot_delta,total,-1.4439844156640416,1.4439844156640416,1.845590968463841,0.5018035291054174
mortality_fraction_froot_delta,total,-0.9243118941138757,0.924528368749258,1.1155556932150352,0.3552005133147591
mortality_fraction_leaf_delta,total,-0.3464729709109287,0.4865225622118194,0.6902234885026617,0.17880576240923074
mortality_fraction_stem_delta,total,-5.526485926438215,6.058955971302247,7.945495262974811,2.289467947713404
pool_alloc_froot_sp1,total,-58.6338659509821,58.76533974566104,68.67288606635432,21.740751574177626
pool_alloc_leaf_sp1,total,-18.696647811374497,30.307473572625703,39.12038074306662,8.707412284782786
pool_alloc_stem_sp1,total,-20.065088377264434,20.065088377264434,35.370983362289465,9.816085475481616
pool_turnover_branch_sp1,total,99.9847448130407,100.02145259143035,118.17153127162567,37.365874631683354
pool_turnover_croot_sp1,total,-64.34405121979923,66.06592039364983,87.08932476951297,29.457914850041387
pool_turnover_froot_sp1,total,-35.10225052930478,35.17632570325571,42.26171283661908,12.642790783053071
pool_turnover_leaf_sp1,total,-8.296693260880987,16.171119263359266,28.305399067873562,7.23016157609064
pool_turnover_stem_sp1,total,25.68727899574547,25.69631629684266,23.56010809720181,7.250290002553507
proj_cover,total,-258.6340112290512,258.6340112290512,260.00097483002327,79.27599785418363
proj_fire_off,total,3.8213215322323593,3.8213215322323593,6.052335118532916,2.065857768531142
proj_fire_on,total,192.58718091670238,192.58718091670238,178.7854952547778,53.638644197366965
proj_mortality,total,866.598357044623,866.598357044623,934.0468495854424,300.6947994977464
proj_thinning_delta,total,1508.6214002031365,1508.6214002031365,964.8561401330618,260.8578162441157
roth_c_cover_c,total,38.854361610168596,46.75884439770598,73.97035795455768,23.894656783359796
roth_c_dpm_frac_crop,total,-2.398802024885536,2.398802024885536,2.4004685324904793,0.7854106072653572
roth_c_dpm_frac_tree,total,61.92463764613268,61.92463764613268,84.91651406700024,25.726623947673893
roth_c_moisture_b_slope,total,-110.39550730545811,114.70106736543205,144.96708256365272,47.23832099058382
roth_c_temp_a1,total,37.81655942794347,37.81655942794347,41.66036574771276,12.595336727171485
roth_c_temp_a2,total,-277.75215844307206,277.75215844307206,286.5236542855829,91.43883575957466
thinning_fraction_branch_delta,total,-0.6415447173493449,1.1539714236643779,1.6067692758555359,0.4453941284312892
thinning_fraction_croot_delta,total,-0.8218745795580121,0.8218745795580121,0.9373115310670124,0.2826705969728819
thinning_fraction_froot_delta,total,-0.367969185129525,0.38434224990507915,0.45462252271502257,0.12513748263450716
thinning_fraction_leaf_delta,total,-0.02847796136217744,0.4700117866157221,0.8121699546749472,0.197823716398022
thinning_fraction_stem_delta,total,-1.4131353296828815,3.0895588004203445,4.374302036680461,1.041577654349485
tree_carbon_sp1,total,-194.9093518886274,194.9093518886274,206.15908129163353,63.85828899423234
tree_nitrogen_branch_sp1,total,3.492033054420048,3.492033054420048,3.1639929143166987,0.9546204067786142
tree_nitrogen_croot_sp1,total,12.232195370975422,12.232195370975422,18.8116555238476,5.814078484407716
tree_nitrogen_froot_sp1,total,0.3595934704769962,0.3595934704769962,0.4471503702847833,0.15729984898299212
tree_nitrogen_leaf_sp1,total,70.65074781094769,70.65074781094769,92.17686680473223,26.549932694400656
tree_nitrogen_stem_sp1,total,0.26348550460973463,0.26348550460973463,0.28024050466614425,0.08860919355434842
tree_root_in_top_30,total,-106.61435443158317,106.66623329316121,141.50953328789453,46.67805384076536
tree_root_to_shoot_sp1,total,-146.516364974668,146.6289716212729,180.07866262266774,58.07630111377756
