parameter,year,mu,mu_star,sigma,mu_star_conf
cy0,1,2.242604379611845,6.428117314045693,10.303830068080096,2.468524580298247
clay,1,0.8777826473449266,1.690232155561563,3.4109326554344355,0.8970890558315963
temp_ci_delta,1,0.054329098354930404,0.7389273091003614,1.940894437707299,0.5430619359613084
rain_ci_delta,1,-0.1072165752886173,5.028328918189578,7.871956811270694,1.8874507826772375
evap_ci_delta,1,0.3605592547958086,0.5888946535612899,1.7940060114847107,0.5158771658252996
ef_N_inputs,1,-0.8418945196244788,0.8418945196244788,0.17986695316720466,0.06069691904686896
volatile_frac_organic_fertiliser,1,-0.016301567573006003,0.016301567573006003,0.009909378296541631,0.0030138450609993447
volatile_frac_synthetic_fertiliser,1,0.21208655635002244,0.21208655635002244,0.11442689071693672,0.03573372926037052
base_sf_qty_scale,1,-0.1217143721927469,0.1217143721927469,0.060011127386044784,0.017457688627476667
proj_lit_qty_scale,1,-0.16343917505549702,0.16343917505549702,0.06492649843203618,0.019516293608073842
base_stand_density_scale,1,0.0,0.0,0.0,0.0
proj_stand_density_scale,1,-114.79145221553586,114.79145221553586,42.047907428743386,13.344837810709704
tree_wood_dens_sp1,1,-198.03489693521163,198.03489693521163,49.38447343788429,14.1070882913864
base_cover,1,8.485970153051918,8.485970153051918,6.199372005647905,1.9443630143507615
base_fire_off,1,-0.07567880067863797,0.07567880067863797,0.14689869148455764,0.04839404300399998
base_fire_on,1,-0.6578861354898567,0.6578861354898567,1.1994531663496912,0.4098507381820145
base_sf_n_delta,1,-0.01205401284014691,0.01205401284014691,0.0052835681010814884,0.0016692262153266148
crop_base_left_delta,1,2.0035055850830013,2.0035055850830013,1.6273583382262382,0.49456186723049644
crop_base_yield_delta,1,1.4063951780638195,1.4063951780638195,0.6100362018340326,0.1982717926423159
crop_carbon_above_sp3,1,0.08392319189589062,0.1608015897629646,0.18827723631514925,0.03746771010477649
crop_carbon_below_sp3,1,0.1249762198461788,0.16167167453313241,0.21039946771876977,0.05575100307363201
crop_intercept_sp3,1,0.06737498629332742,0.1827181690294985,0.2598168605540873,0.058488857283172165
crop_nitrogen_above_sp3,1,-0.017457450696149124,0.05111760481863925,0.08621265591420674,0.019159185151932566
crop_nitrogen_below_sp3,1,-0.025458862502681257,0.025458862502681257,0.02333628063261059,0.00767483583508155
crop_carbon_above_sp10,1,0.03752037662886369,0.2512720919210446,0.3258938453536758,0.059385688870902675
crop_carbon_below_sp10,1,-0.007535656480830433,0.10594915752092522,0.13641561915389783,0.026465191586259883
crop_intercept_sp10,1,-0.006964788663663235,0.16813026667847683,0.20392510451844592,0.03244204975562501
crop_nitrogen_above_sp10,1,-0.0030397809687675802,0.02717488830082413,0.04210209628447519,0.009131273605213725
crop_nitrogen_below_sp10,1,-0.0029833325486344543,0.01293467635316441,0.022034187978980234,0.005081015820978646
crop_proj_left_delta,1,-1.4355487661329143,1.4355487661329143,0.7064540024434719,0.22123215360143514
crop_proj_yield_delta,1,-1.2743412820831905,1.2743412820831905,0.6811384359759922,0.22045552106390484
crop_root_in_top_30,1,0.11447383412866455,0.17536996854834452,0.24000181092810205,0.06596298674830242
crop_root_to_shoot_sp3,1,0.1704563632896602,0.19172242465113393,0.1726481841414244,0.04441263684852715
crop_slope_sp3,1,0.0471494377541859,0.14843794773234542,0.1752379019289221,0.03249298011632286
crop_root_to_shoot_sp10,1,0.039301563944974395,0.1655744229972556,0.2094146226879859,0.03778610310977337
crop_slope_sp10,1,0.1188394204903794,0.3572965662671283,0.4750774638845132,0.11188808804869135
cy0_to_ceq_multiplier,1,-0.7410462614529217,2.319556135695796,3.9527634036952137,0.9932956969470216
litter_carbon,1,-0.035434927794840476,0.035434927794840476,0.009674268143045674,0.002901362346017452
litter_nitrogen,1,0.013982065601883064,0.013982065601883064,0.007232994521148536,0.0024399858924091878
mortality_fraction_branch_delta,1,0.0,0.0,0.0,0.0
mortality_fraction_croot_delta,1,0.0,0.0,0.0,0.0
mortality_fraction_froot_delta,1,0.0,0.0,0.0,0.0
mortality_fraction_leaf_delta,1,0.0,0.0,0.0,0.0
mortality_fraction_stem_delta,1,0.0,0.0,0.0,0.0
pool_alloc_froot_sp1,1,-7.024206838574163,7.024206838574163,3.351179076407551,1.1545026562558227
pool_alloc_leaf_sp1,1,-6.635742712172712,6.635742712172712,3.192337295059635,0.9965263453016749
pool_alloc_stem_sp1,1,-2.2698053698457152,2.2698053698457152,1.701699233233664,0.46635683451514476
pool_turnover_branch_sp1,1,0.0,0.0,0.0,0.0
pool_turnover_croot_sp1,1,0.0,0.0,0.0,0.0
pool_turnover_froot_sp1,1,0.0,0.0,0.0,0.0
pool_turnover_leaf_sp1,1,0.0,0.0,0.0,0.0
pool_turnover_stem_sp1,1,0.0,0.0,0.0,0.0
proj_cover,1,-10.039662994221604,10.039662994221604,11.350364879325584,3.479774098329931
proj_fire_off,1,0.12581089608435186,0.12581089608435186,0.17303529712485868,0.05473120574075795
proj_fire_on,1,1.0172581387604687,1.0172581387604687,1.516077599317141,0.4762887351910148
proj_mortality,1,0.0,0.0,0.0,0.0
proj_thinning_delta,1,0.0,0.0,0.0,0.0
roth_c_cover_c,1,-0.040344523509528774,1.130647794267223,1.7976916360575401,0.4164503581320869
roth_c_dpm_frac_crop,1,-0.10661770333914342,0.21687117863440397,0.33894384177500764,0.08213878756451279
roth_c_dpm_frac_tree,1,0.433145156494394,0.6848011067404649,1.1575736818008886,0.31576830250766685
roth_c_moisture_b_slope,1,0.19015332152567269,1.3035308057198893,2.1445860970147512,0.5792666372506405
roth_c_temp_a1,1,-0.07806579663126119,0.502069851638692,1.115761581007042,0.2702021396536669
roth_c_temp_a2,1,-0.3314396631805378,2.8319644285368697,4.774329494384966,1.1934638212725734
thinning_fraction_branch_delta,1,0.0,0.0,0.0,0.0
thinning_fraction_croot_delta,1,0.0,0.0,0.0,0.0
thinning_fraction_froot_delta,1,0.0,0.0,0.0,0.0
thinning_fraction_leaf_delta,1,0.0,0.0,0.0,0.0
thinning_fraction_stem_delta,1,0.0,0.0,0.0,0.0
tree_carbon_sp1,1,-42.2058291516842,42.2058291516842,16.556918354544816,4.780743770244645
tree_nitrogen_branch_sp1,1,0.0,0.0,0.0,0.0
tree_nitrogen_croot_sp1,1,0.0,0.0,0.0,0.0
tree_nitrogen_froot_sp1,1,0.0,0.0,0.0,0.0
tree_nitrogen_leaf_sp1,1,0.0,0.0,0.0,0.0
tree_nitrogen_stem_sp1,1,0.0,0.0,0.0,0.0
tree_root_in_top_30,1,0.0,0.0,0.0,0.0
tree_root_to_shoot_sp1,1,-40.54932698736017,40.54932698736017,20.277239695977187,6.272951781772806
cy0,2,0.9271978533302778,3.2702862490195317,4.595127500641798,0.989137287469308
clay,2,0.2708573270223663,0.6216466679252413,1.27040100733187,0.29806159236900936
temp_ci_delta,2,-0.012252519092107094,0.1632269359240462,0.24919330401247836,0.05627092037056488
rain_ci_delta,2,-0.11949909925617516,2.732830046713322,3.9729346288608323,0.8513906883490834
evap_ci_delta,2,0.09589353264864105,0.24672757729192374,0.52923150710302,0.13624970994709146
ef_N_inputs,2,-0.8418945196244719,0.8418945196244719,0.1798669531672071,0.060696919046870704
volatile_frac_organic_fertiliser,2,-0.01630156757300181,0.01630156757300181,0.00990937829654106,0.003013845060999703
volatile_frac_synthetic_fertiliser,2,0.212086556350021,0.212086556350021,0.11442689071693661,0.03573372926037112
base_sf_qty_scale,2,-0.12171437219275297,0.12171437219275297,0.06001112738603981,0.017457688627474523
proj_lit_qty_scale,2,-0.1118114002793698,0.11276108711503277,0.05640523234394843,0.01710690434343579
base_stand_density_scale,2,0.0,0.0,0.0,0.0
proj_stand_density_scale,2,16.99745299613742,16.99745299613742,8.031526974832412,2.2558258269247835
tree_wood_dens_sp1,2,31.08946416724597,31.08946416724597,11.348031690125456,3.0654926227956736
base_cover,2,5.030805063777644,5.030805063777644,2.988349077999968,0.9070016521265976
base_fire_off,2,-0.07567880067863877,0.07567880067863877,0.14689869148455906,0.048394043004000215
base_fire_on,2,-0.4991043370555565,0.4991043370555565,0.8263987804800411,0.2818920750722996
base_sf_n_delta,2,-0.012054012840148976,0.012054012840148976,0.005283568101079432,0.0016692262153266471
crop_base_left_delta,2,1.389483182278036,1.389483182278036,0.9876109465213436,0.30219279547662536
crop_base_yield_delta,2,0.9408947760251587,0.9408947760251587,0.45566821609423064,0.14751233325596477
crop_carbon_above_sp3,2,0.05882595920412115,0.11395489718773244,0.13098195200928733,0.025383973670416376
crop_carbon_below_sp3,2,0.08324007223104538,0.11372350807667561,0.15125687068820157,0.038294665461979814
crop_intercept_sp3,2,0.04087078792059653,0.11701437804984989,0.1575251085102979,0.03449735056455512
crop_nitrogen_above_sp3,2,-0.017457450696143528,0.05111760481863805,0.08621265591420756,0.01915918515193445
crop_nitrogen_below_sp3,2,-0.02545886250268139,0.02545886250268139,0.02333628063261479,0.007674835835084109
crop_carbon_above_sp10,2,0.026350601078817815,0.18345617933752878,0.2435325437607799,0.04643575994076971
crop_carbon_below_sp10,2,-0.005509015614884372,0.07631788651445201,0.10032684632220087,0.019751711309874808
crop_intercept_sp10,2,-0.012009760436518824,0.11720864334539749,0.14507221606912415,0.024235871921867817
crop_nitrogen_above_sp10,2,-0.003039780968764483,0.02717488830081437,0.04210209628446421,0.009131273605211508
crop_nitrogen_below_sp10,2,-0.0029833325486306904,0.012934676353157315,0.022034187978978936,0.005081015820978804
crop_proj_left_delta,2,-0.9835726354644256,0.9859048755932177,0.5305327989927231,0.16781435621989446
crop_proj_yield_delta,2,-0.8326288137394167,0.8326288137394167,0.5023462231846294,0.15717056900934107
crop_root_in_top_30,2,0.0654030475834009,0.113783491535387,0.13917787091329448,0.032332297663460095
crop_root_to_shoot_sp3,2,0.11902369848139975,0.13348039856479885,0.12327743763275076,0.03275687680290471
crop_slope_sp3,2,0.028787947313708782,0.10420590662221296,0.12363275598349197,0.022060457065763865
crop_root_to_shoot_sp10,2,0.023983392750675857,0.1130577653537376,0.14694769625687107,0.02738413793604442
crop_slope_sp10,2,0.08443898012706783,0.25437491227231807,0.33452041423005413,0.07653860521262376
cy0_to_ceq_multiplier,2,-0.22425262756953993,0.9781096261539348,1.658610799253218,0.42032314182092523
litter_carbon,2,-0.026124008874571093,0.026124008874571093,0.008169268365015806,0.0023420415647088925
litter_nitrogen,2,0.013982065601878068,0.013982065601878068,0.007232994521155184,0.0024399858924107265
mortality_fraction_branch_delta,2,0.0,0.0,0.0,0.0
mortality_fraction_croot_delta,2,0.0,0.0,0.0,0.0
mortality_fraction_froot_delta,2,0.0,0.0,0.0,0.0
mortality_fraction_leaf_delta,2,0.0,0.0,0.0,0.0
mortality_fraction_stem_delta,2,0.0,0.0,0.0,0.0
pool_alloc_froot_sp1,2,5.87201483735443,5.87201483735443,3.171094143829435,1.0950269520039262
pool_alloc_leaf_sp1,2,6.0813305080574365,6.0813305080574365,3.0399595359260516,0.9509702646643392
pool_alloc_stem_sp1,2,0.5279562684032116,0.5564992312456075,0.7249239761962322,0.20024065690907625
pool_turnover_branch_sp1,2,0.8649410965724937,0.8649410965724937,0.40065978351565706,0.13217086024321795
pool_turnover_croot_sp1,2,12.395582359030382,12.395582359030382,8.843804031667673,2.49690688951186
pool_turnover_froot_sp1,2,6.496019411953229,6.496019411953229,3.2217079127405404,0.9114839532704118
pool_turnover_leaf_sp1,2,3.0965753672456318,3.0965753672456318,1.3524628361586943,0.3889939228641806
pool_turnover_stem_sp1,2,0.22288629993116804,0.22288629993116804,0.09297084993251671,0.028275873957702684
proj_cover,2,-6.115182781519673,6.115182781519673,5.226794014699377,1.5830806309946968
proj_fire_off,2,0.12581089608435211,0.12581089608435211,0.17303529712485974,0.05473120574075779
proj_fire_on,2,0.7919389749112697,0.7919389749112697,1.0547456921215688,0.3304421321706217
proj_mortality,2,4.0983711007906525,4.0983711007906525,2.0083268100651983,0.6110131112830197
proj_thinning_delta,2,18.2996586545023,18.2996586545023,13.907547778623474,3.786013661623169
roth_c_cover_c,2,-0.162162522709871,0.7850181338108768,1.1843753939849024,0.27807903649350585
roth_c_dpm_frac_crop,2,-0.08500860367364922,0.20140096783011066,0.2657012781200419,0.05681572112920106
roth_c_dpm_frac_tree,2,0.31459310646800454,0.3523842902749788,0.434572481109817,0.12526085035349668
roth_c_moisture_b_slope,2,-0.10955944225466789,0.9938269110511768,1.7483165726792844,0.5048503784020724
roth_c_temp_a1,2,-0.0217740265978263,0.21098945803115127,0.3766048029959162,0.10497743110841795
roth_c_temp_a2,2,0.009249940666318412,1.2786206365826212,1.7790468620981625,0.3606743569607404
thinning_fraction_branch_delta,2,0.0,0.0,0.0,0.0
thinning_fraction_croot_delta,2,0.0,0.0,0.0,0.0
thinning_fraction_froot_delta,2,0.0,0.0,0.0,0.0
thinning_fraction_leaf_delta,2,0.0,0.0,0.0,0.0
thinning_fraction_stem_delta,2,0.0,0.0,0.0,0.0
tree_carbon_sp1,2,6.1588801886635505,6.1588801886635505,2.7585179120184815,0.8895900626202201
tree_nitrogen_branch_sp1,2,0.0,0.0,0.0,0.0
tree_nitrogen_croot_sp1,2,0.0,0.0,0.0,0.0
tree_nitrogen_froot_sp1,2,0.0,0.0,0.0,0.0
tree_nitrogen_leaf_sp1,2,0.0,0.0,0.0,0.0
tree_nitrogen_stem_sp1,2,0.0,0.0,0.0,0.0
tree_root_in_top_30,2,0.0,0.0,0.0,0.0
tree_root_to_shoot_sp1,2,9.76106721409706,9.76106721409706,7.965464483332878,2.3688601971820797
cy0,3,0.5446892546387145,2.003510307837777,3.049321687034753,0.7402178185413107
clay,3,-0.620232653382393,0.9045677779749914,1.2142645656332778,0.3013789245772043
temp_ci_delta,3,0.6321665766303255,0.7318935414338565,0.5789392608655273,0.12135176661914127
rain_ci_delta,3,3.0116785457722224,4.381036974101313,4.825400177742331,1.0158185259166443
evap_ci_delta,3,-0.3487733863430644,0.5056877780373498,1.0733151479065717,0.29735639266454994
ef_N_inputs,3,0.6355977459518254,0.8566974562123928,0.9586360265043615,0.242081704700819
volatile_frac_organic_fertiliser,3,-0.01630156757300309,0.01630156757300309,0.009909378296539652,0.003013845060999449
volatile_frac_synthetic_fertiliser,3,0.21208655635002058,0.21208655635002058,0.11442689071693618,0.035733729260370904
base_sf_qty_scale,3,-0.1217143721927528,0.1217143721927528,0.06001112738604018,0.0174576886274747
proj_lit_qty_scale,3,-0.08192322641836318,0.08378781483345032,0.052500443952559636,0.015908077291403526
base_stand_density_scale,3,0.0,0.0,0.0,0.0
proj_stand_density_scale,3,-14.383378155485818,14.489498716882517,7.86209196582186,2.742324485333996
tree_wood_dens_sp1,3,-25.087412037887844,25.087412037887844,11.321464865194466,3.3609826895342625
base_cover,3,3.568831894724743,3.568831894724743,2.15072414285722,0.5940486603330736
base_fire_off,3,-0.07567880067863864,0.07567880067863864,0.14689869148455822,0.04839404300399989
base_fire_on,3,-0.43278952259585124,0.43278952259585124,0.6686779582388203,0.22809017987869884
base_sf_n_delta,3,-0.012054012840150573,0.012054012840150573,0.005283568101079499,0.0016692262153267547
crop_base_left_delta,3,1.1159710091187556,1.1159710091187556,0.6628215119435525,0.2033804202443924
crop_base_yield_delta,3,0.7589584154338836,0.7589584154338836,0.4127794980456092,0.13277898177106157
crop_carbon_above_sp3,3,0.04727638305892384,0.09496895687674206,0.10967816116784607,0.021283432660020658
crop_carbon_below_sp3,3,0.06758010478272042,0.10057851715590757,0.13497869478560395,0.03263801703267052
crop_intercept_sp3,3,0.03123478361105959,0.09328770409276382,0.12047711477187947,0.025094947625741795
crop_nitrogen_above_sp3,3,-0.017457450696144995,0.05111760481863912,0.0862126559142077,0.019159185151934287
crop_nitrogen_below_sp3,3,-0.025458862502682922,0.025458862502682922,0.02333628063261501,0.007674835835084318
crop_carbon_above_sp10,3,0.02106869495722105,0.1589418300536329,0.21500316877821998,0.04230688586306966
crop_carbon_below_sp10,3,-0.004851459540773306,0.06690955813703507,0.08768405423727572,0.01649931829857346
crop_intercept_sp10,3,-0.013341166845563968,0.10035807217612487,0.1268728707654628,0.021962189617090726
crop_nitrogen_above_sp10,3,-0.0030397809687661816,0.027174888300815138,0.04210209628446529,0.009131273605212051
crop_nitrogen_below_sp10,3,-0.0029833325486293915,0.012934676353155882,0.022034187978977667,0.0050810158209786665
crop_proj_left_delta,3,-0.8050128302144778,0.8089453320885429,0.4820426327772891,0.15356243754935547
crop_proj_yield_delta,3,-0.6561176309296661,0.6561176309296661,0.4596589310849923,0.14221188959096548
crop_root_in_top_30,3,0.05094022425860563,0.09425902009655697,0.12011652743615611,0.027716331590046384
crop_root_to_shoot_sp3,3,0.10155037119979153,0.11719487320174546,0.11734140436871092,0.03258034655013812
crop_slope_sp3,3,0.021571786105691354,0.09041696506731078,0.10995377313113175,0.01981576247932336
crop_root_to_shoot_sp10,3,0.016209939347252657,0.09662608170133535,0.1275715339461107,0.024439487794840068
crop_slope_sp10,3,0.07169778329098199,0.22010502190983913,0.28963467926881303,0.06454783612031036
cy0_to_ceq_multiplier,3,0.021653991573856435,0.48734014844893697,0.8253121108756335,0.22246842960860932
litter_carbon,3,-0.02058910411090702,0.02058910411090702,0.007361718847888246,0.002051057630129628
litter_nitrogen,3,0.013982065601877435,0.013982065601877435,0.007232994521152375,0.002439985892409521
mortality_fraction_branch_delta,3,-0.2557833052570878,0.2557833052570878,0.1767877222198361,0.05337664766192619
mortality_fraction_croot_delta,3,-0.10612831050858369,0.10612831050858369,0.10573343886562903,0.030678945113835347
mortality_fraction_froot_delta,3,-0.06271008310670004,0.06271008310670004,0.04599036237519819,0.01451411066457745
mortality_fraction_leaf_delta,3,-0.06903466564189378,0.06903466564189378,0.04239644731638673,0.012826059747480606
mortality_fraction_stem_delta,3,-0.45860946135666375,0.45860946135666375,0.30336280921766046,0.0942976467292616
pool_alloc_froot_sp1,3,-2.921348688632677,2.921348688632677,1.6596666564933664,0.537020594282307
pool_alloc_leaf_sp1,3,-3.4493425238129474,3.4493425238129474,1.9789567119476228,0.5999111993350432
pool_alloc_stem_sp1,3,-0.42982616280233865,0.42982616280233865,0.4879062645159646,0.13577276309125408
pool_turnover_branch_sp1,3,0.5144834175413252,0.5144834175413252,0.2472197614445154,0.08257568390621467
pool_turnover_croot_sp1,3,-5.341101606971025,5.341101606971025,4.363745989385797,1.2656776568481283
pool_turnover_froot_sp1,3,-2.744854404488681,2.744854404488681,1.463798506732171,0.4216785038233854
pool_turnover_leaf_sp1,3,-1.6112159290967205,1.611276385908564,0.904892293312366,0.25191380856490114
pool_turnover_stem_sp1,3,0.14275582683486643,0.14275582683486643,0.07172103951304017,0.01933689930930206
proj_cover,3,-8.480225514554784,8.480225514554784,5.012488598207373,1.5218122098010853
proj_fire_off,3,0.1258108960843531,0.1258108960843531,0.17303529712486154,0.05473120574075847
proj_fire_on,3,5.885296103318689,5.885296103318689,8.524199519483362,2.5663798058001066
proj_mortality,3,3.3654710064693356,3.3654710064693356,1.7646593197004203,0.5285848319752491
proj_thinning_delta,3,14.628999680620748,14.628999680620748,10.733843803421022,2.9918892511024358
roth_c_cover_c,3,0.2991358806359373,0.9890253937549582,1.3361160003218617,0.2988722580734373
roth_c_dpm_frac_crop,3,-0.06368472415759763,0.16739461992722726,0.22831749929753822,0.05136923376256945
roth_c_dpm_frac_tree,3,6.237830918666094,6.237830918666094,3.039115654459793,0.8448333636903481
roth_c_moisture_b_slope,3,-1.2430950134391037,1.6768342134712746,2.31270988525019,0.6747965140129119
roth_c_temp_a1,3,0.5499875813091084,0.5966006928550335,0.42490132981552886,0.11599599303369722
roth_c_temp_a2,3,-4.3750691245875055,4.4814593312087645,2.4933882840731414,0.7027267320553954
thinning_fraction_branch_delta,3,-0.4268294292821725,0.4268294292821725,0.7385463909667255,0.23457460365200622
thinning_fraction_croot_delta,3,-0.16400220069662289,0.16400220069662289,0.245809113455289,0.07285507362615051
thinning_fraction_froot_delta,3,-0.10615745423085374,0.10615745423085374,0.16335814647210692,0.047082955576480394
thinning_fraction_leaf_delta,3,-0.12412516517549603,0.12412516517549603,0.21356601451022916,0.07095761802367974
thinning_fraction_stem_delta,3,-0.9032324886521153,0.9032324886521153,1.4494517150682202,0.4042202592282912
tree_carbon_sp1,3,-5.691814341155638,5.691814341155638,3.052952945115961,0.8915114986944639
tree_nitrogen_branch_sp1,3,0.04419164477512346,0.04419164477512346,0.038553397024045116,0.012209749956596596
tree_nitrogen_croot_sp1,3,0.1279191790028646,0.1279191790028646,0.1247239850941892,0.03935924395585662
tree_nitrogen_froot_sp1,3,0.0033576636143243356,0.0033576636143243356,0.0026411306773236162,0.0008584168355738629
tree_nitrogen_leaf_sp1,3,0.8068000547221065,0.8068000547221065,0.6852678580742051,0.20461473474146585
tree_nitrogen_stem_sp1,3,0.004156201139106835,0.004156201139106835,0.003801050019477458,0.001217707416689472
tree_root_in_top_30,3,-5.9605280539439445,5.9605280539439445,3.4325260574000533,1.1108845396885882
tree_root_to_shoot_sp1,3,-6.340007338838648,6.340007338838648,4.232823353086086,1.1719538867580437
cy0,4,0.4638755310426058,1.5701614697560153,2.5381167642795335,0.6516341783582743
clay,4,-1.0117446883263272,1.1476781523082673,1.3431662199422862,0.36132513855384396
temp_ci_delta,4,1.0229887726943192,1.0745533613026397,0.7334118319794264,0.1719130287614766
rain_ci_delta,4,4.849719624332895,5.783327676322989,6.082817246419862,1.3963017592913132
evap_ci_delta,4,-0.5588776801126111,0.6769235341120687,1.451540823022488,0.41551515470253314
ef_N_inputs,4,0.6712208926944724,0.8890360453259902,0.9928068199489224,0.25053590628836
volatile_frac_organic_fertiliser,4,-0.016301567573002183,0.016301567573002183,0.009909378296539121,0.0030138450609991678
volatile_frac_synthetic_fertiliser,4,0.2120865563500208,0.2120865563500208,0.11442689071693678,0.0357337292603712
base_sf_qty_scale,4,-0.12171437219275336,0.12171437219275336,0.06001112738604038,0.01745768862747465
proj_lit_qty_scale,4,-0.06146418782002285,0.0641679424735537,0.04879329469317892,0.014680390560364916
base_stand_density_scale,4,0.0,0.0,0.0,0.0
proj_stand_density_scale,4,-11.365996527380458,11.616955812203194,7.571453062549569,2.5864738786141093
tree_wood_dens_sp1,4,-19.614098921580418,19.614098921580418,11.775005858899858,3.5429509173797125
base_cover,4,2.8596816482715344,2.8660305711286096,1.9361612587768233,0.5048073747778927
base_fire_off,4,-0.07567880067863816,0.07567880067863816,0.14689869148455822,0.04839404300400013
base_fire_on,4,-0.3869933139552476,0.3869933139552476,0.5626769534102581,0.191794955911171
base_sf_n_delta,4,-0.012054012840149375,0.012054012840149375,0.005283568101080356,0.001669226215327053
crop_base_left_delta,4,0.9299335119773737,0.9299335119773737,0.5083205529849683,0.1538858329373999
crop_base_yield_delta,4,0.6287572107710423,0.6287572107710423,0.3794284990945525,0.12127073755424228
crop_carbon_above_sp3,4,0.039051823021770606,0.08187982917705695,0.09531180863324633,0.0185570959537374
crop_carbon_below_sp3,4,0.05834237998940476,0.0902368125704366,0.1215427059814952,0.028881026737257846
crop_intercept_sp3,4,0.025788538151445762,0.07842050746797075,0.10041240093750096,0.020539153093935957
crop_nitrogen_above_sp3,4,-0.01745745069614456,0.05111760481863842,0.08621265591420826,0.019159185151934564
crop_nitrogen_below_sp3,4,-0.025458862502681024,0.025458862502681024,0.023336280632614816,0.007674835835084242
crop_carbon_above_sp10,4,0.017688693637146057,0.1400618925397186,0.19209475039040347,0.03835619481987536
crop_carbon_below_sp10,4,-0.004520154380887034,0.06004544934863283,0.07824475943531123,0.014391667265940941
crop_intercept_sp10,4,-0.013059608857094795,0.08896876840987408,0.11371616142867214,0.019827120428515525
crop_nitrogen_above_sp10,4,-0.0030397809687662146,0.027174888300814704,0.0421020962844643,0.009131273605211704
crop_nitrogen_below_sp10,4,-0.002983332548630158,0.012934676353156049,0.022034187978979006,0.0050810158209791175
crop_proj_left_delta,4,-0.6864775835807864,0.6915492560514215,0.44468441035286044,0.14174276077247722
crop_proj_yield_delta,4,-0.5368808624370996,0.5378843890679895,0.4245838825615239,0.13031089662795967
crop_root_in_top_30,4,0.04390921802977589,0.0830399575084854,0.11131878493683701,0.026509272211142302
crop_root_to_shoot_sp3,4,0.08991484272635068,0.10533470448814371,0.1127207227848455,0.03219000790423047
crop_slope_sp3,4,0.01707626863650205,0.08057059545854336,0.10085493745911722,0.01872872183110858
crop_root_to_shoot_sp10,4,0.011482864502849055,0.0844353786437626,0.11363644055651898,0.02268402253137559
crop_slope_sp10,4,0.060266280897078174,0.19495019403642413,0.2578551451882812,0.056423002984124775
cy0_to_ceq_multiplier,4,0.13435789627468417,0.41732989221567207,0.7489831074079932,0.18023520566731432
litter_carbon,4,-0.01674998325483683,0.01674998325483683,0.006624630739655698,0.0018203958824569938
litter_nitrogen,4,0.013982065601875995,0.013982065601875995,0.007232994521153582,0.0024399858924100634
mortality_fraction_branch_delta,4,-0.18430771433055168,0.18437813648543222,0.13450337577499485,0.03852865875740136
mortality_fraction_croot_delta,4,-0.07859202710148003,0.07859202710148003,0.0764798963643338,0.021888050073721316
mortality_fraction_froot_delta,4,-0.04747972023081372,0.04747972023081372,0.03592958798520397,0.01123576852957258
mortality_fraction_leaf_delta,4,-0.0485882976905561,0.0485882976905561,0.03228677024726294,0.009947944485531815
mortality_fraction_stem_delta,4,-0.3390110968064472,0.3390110968064472,0.2541918126981936,0.08070226918949523
pool_alloc_froot_sp1,4,-2.263075722101377,2.263075722101377,1.4354524911514563,0.460466701928221
pool_alloc_leaf_sp1,4,-2.4683394282432465,2.4827116230215887,1.5987422326461203,0.4733605258403046
pool_alloc_stem_sp1,4,-0.3809050177689957,0.3809050177689957,0.44619110751174224,0.12302911677012075
pool_turnover_branch_sp1,4,0.8258843180901962,0.8258843180901962,0.3876061007062563,0.12415339798398661
pool_turnover_croot_sp1,4,-3.9445363090755485,3.9445363090755485,3.2041039283774633,0.9405726242083438
pool_turnover_froot_sp1,4,-2.017427975810847,2.017427975810847,1.1806349773927356,0.34082197540849585
pool_turnover_leaf_sp1,4,-1.1292862918863957,1.1351583179869025,0.7501125090228388,0.21474594035950278
pool_turnover_stem_sp1,4,0.21991401144813133,0.21991401144813133,0.09682654463167799,0.026515943323162965
proj_cover,4,-10.261186619703471,10.261186619703471,5.840240581436875,1.7815784961044125
proj_fire_off,4,0.12581089608435317,0.12581089608435317,0.17303529712486165,0.05473120574075852
proj_fire_on,4,4.863591323184894,4.863591323184894,6.114311878548993,1.848713958170709
proj_mortality,4,4.366459105019975,4.366459105019975,2.309527799365035,0.7077872366935425
proj_thinning_delta,4,18.27402129400065,18.27402129400065,13.001207877377226,3.5973774563230023
roth_c_cover_c,4,0.5260170654128202,1.102066596665691,1.3540480287707204,0.30702594731641364
roth_c_dpm_frac_crop,4,-0.04949310189474667,0.1420589808598588,0.20796234781788797,0.04966050867515589
roth_c_dpm_frac_tree,4,5.414194622640737,5.414194622640737,3.3182028166796904,0.9805018676705234
roth_c_moisture_b_slope,4,-1.9952391192710845,2.2853966279904734,3.0530358775402204,0.9582919393237426
roth_c_temp_a1,4,0.8766266939523888,0.9080366513882158,0.5644619917661469,0.16912148376662073
roth_c_temp_a2,4,-7.011461807869521,7.011461807869521,3.5715208427986727,1.0800386834946492
thinning_fraction_branch_delta,4,-0.2997968734541848,0.2997968734541848,0.5578114445951374,0.1772975068645853
thinning_fraction_croot_delta,4,-0.11475215634512374,0.11475215634512374,0.17118860842701777,0.051532241515651715
thinning_fraction_froot_delta,4,-0.07639039284798514,0.07639039284798514,0.1223944615127959,0.0353828718116117
thinning_fraction_leaf_delta,4,-0.08759747335335412,0.08759747335335412,0.15888735137936028,0.05153184111802845
thinning_fraction_stem_delta,4,-0.6247794595648639,0.6301573970763246,1.0745535113096127,0.2963384231621173
tree_carbon_sp1,4,-4.628566397334586,4.628566397334586,2.919267878743337,0.8556947994681617
tree_nitrogen_branch_sp1,4,0.044945154053981265,0.044945154053981265,0.03878496496933717,0.012274833945929271
tree_nitrogen_croot_sp1,4,0.1318002690803775,0.1318002690803775,0.13055823792234889,0.04116945057529826
tree_nitrogen_froot_sp1,4,0.0034622518553604153,0.0034622518553604153,0.0027870051523959842,0.0009122495977147497
tree_nitrogen_leaf_sp1,4,0.8258408221152006,0.8258408221152006,0.7142574777585485,0.21217161172493984
tree_nitrogen_stem_sp1,4,0.0041547467900721665,0.0041547467900721665,0.0037047251754728804,0.0011900205292163927
tree_root_in_top_30,4,-4.526008039815058,4.526008039815058,2.7426117927355538,0.8525496663160388
tree_root_to_shoot_sp1,4,-4.95328907953432,4.95328907953432,3.475335221681608,0.9790555087517576
cy0,5,0.46418953710330835,1.3985947496748272,2.3049708168933107,0.5986248606532618
clay,5,-1.189766591419642,1.259979398527602,1.3657970929859422,0.3825924702967548
temp_ci_delta,5,1.197744001000672,1.2352601332124638,0.7936433636804833,0.21111291699845458
rain_ci_delta,5,6.210864748604502,6.931793021802373,7.089395001897566,1.730126441329927
evap_ci_delta,5,-0.6708798715693536,0.7770247671954051,1.6240531825114926,0.4613432459806707
ef_N_inputs,5,0.709383123721867,0.9233551208926739,1.0326726488751792,0.2612897000591055
volatile_frac_organic_fertiliser,5,-0.01630156757300289,0.01630156757300289,0.009909378296539414,0.003013845060999204
volatile_frac_synthetic_fertiliser,5,0.21208655635002116,0.21208655635002116,0.11442689071693612,0.03573372926037107
base_sf_qty_scale,5,-0.12171437219275345,0.12171437219275345,0.06001112738603989,0.01745768862747456
proj_lit_qty_scale,5,-0.04695075329348704,0.05097440932260337,0.04506719916461262,0.013185357710080049
base_stand_density_scale,5,0.0,0.0,0.0,0.0
proj_stand_density_scale,5,-9.76087556838629,10.069413904181111,7.613478535524033,2.558190010260419
tree_wood_dens_sp1,5,-16.626098330863307,16.675166572556495,12.411396522995195,3.7136242573638
base_cover,5,2.492616718506756,2.5187042450933577,1.8109311228384581,0.4630280779474233
base_fire_off,5,-0.07567880067863861,0.07567880067863861,0.14689869148455878,0.04839404300400022
base_fire_on,5,-0.3544501966828257,0.3544501966828257,0.48830763150615775,0.16622548372823992
base_sf_n_delta,5,-0.012054012840149975,0.012054012840149975,0.005283568101080511,0.0016692262153271222
crop_base_left_delta,5,0.7996819876334424,0.7996819876334424,0.44372287939505245,0.1317989969071247
crop_base_yield_delta,5,0.5313505383030463,0.5313505383030463,0.35010460592187714,0.11126224423306218
crop_carbon_above_sp3,5,0.033158444730139465,0.07204222962409662,0.08470631671159072,0.01661659587816235
crop_carbon_below_sp3,5,0.05220241627858183,0.08254359959875167,0.1098438279400691,0.025741218368873425
crop_intercept_sp3,5,0.022355645494887718,0.06837022251408163,0.08776845834944355,0.01793360089187414
crop_nitrogen_above_sp3,5,-0.01745745069614516,0.051117604818638085,0.08621265591420747,0.01915918515193421
crop_nitrogen_below_sp3,5,-0.025458862502681274,0.025458862502681274,0.023336280632615152,0.007674835835084199
crop_carbon_above_sp10,5,0.015438775368317004,0.1250165835905844,0.1731640849340374,0.034847085008962206
crop_carbon_below_sp10,5,-0.004335207050550435,0.05443234591701522,0.07058885182545929,0.012830300863858068
crop_intercept_sp10,5,-0.012336904348945044,0.07965104791808476,0.10318258029010922,0.018185089344389078
crop_nitrogen_above_sp10,5,-0.003039780968765016,0.027174888300815037,0.04210209628446431,0.00913127360521149
crop_nitrogen_below_sp10,5,-0.002983332548630757,0.012934676353156215,0.02203418797897809,0.005081015820978825
crop_proj_left_delta,5,-0.602417428192125,0.6083083979575725,0.41265929353665803,0.1310536034338411
crop_proj_yield_delta,5,-0.4512231722423832,0.45489292573299106,0.3926224293957773,0.11889447140374798
crop_root_in_top_30,5,0.03967910815257132,0.07501302185379422,0.1050059832755315,0.025894600700976537
crop_root_to_shoot_sp3,5,0.08107535690025287,0.09560631735430843,0.10735768576509959,0.0311391352650744
crop_slope_sp3,5,0.013930171913567884,0.0725665029041859,0.09353583164057688,0.01794080400221025
crop_root_to_shoot_sp10,5,0.008564370276150608,0.07493917817930981,0.10264409429508099,0.02127421131512096
crop_slope_sp10,5,0.050763210192308374,0.1755519197493463,0.23319221382529898,0.05012125953784111
cy0_to_ceq_multiplier,5,0.18015087114702508,0.38176955624469794,0.7917312054421679,0.20569039682267184
litter_carbon,5,-0.014021330254699316,0.014021330254699316,0.005920929947852479,0.0016166218281742372
litter_nitrogen,5,0.01398206560187767,0.01398206560187767,0.007232994521154555,0.0024399858924105833
mortality_fraction_branch_delta,5,-0.14310757857032258,0.14349017696049765,0.11234516069151478,0.03044118734785035
mortality_fraction_croot_delta,5,-0.06321684656613163,0.06321684656613163,0.06172536982590004,0.01755937715776653
mortality_fraction_froot_delta,5,-0.03926548950666946,0.03926548950666946,0.03149194464383834,0.009768680197392205
mortality_fraction_leaf_delta,5,-0.03713720277045831,0.03713835627701708,0.027415346045445543,0.00857562870381125
mortality_fraction_stem_delta,5,-0.2730472154966447,0.2738197807692173,0.22588433820982062,0.07264557454834633
pool_alloc_froot_sp1,5,-1.8994236435782283,1.8994236435782283,1.3352986488596974,0.41930611557165426
pool_alloc_leaf_sp1,5,-1.923176270033651,1.960095749085332,1.4080736953731747,0.4045491503350412
pool_alloc_stem_sp1,5,-0.3575927831634368,0.3575927831634368,0.43224589075230696,0.11810366160759217
pool_turnover_branch_sp1,5,1.0462831568875834,1.0462831568875834,0.5050731490847018,0.1601028112743964
pool_turnover_croot_sp1,5,-3.1282835271978087,3.1282835271978087,2.530095165466996,0.7585473190096597
pool_turnover_froot_sp1,5,-1.6226153443578297,1.6226153443578297,1.0901864378371968,0.31772998805799685
pool_turnover_leaf_sp1,5,-0.8640383724964815,0.8793069178490642,0.6737909442209116,0.1961274652764522
pool_turnover_stem_sp1,5,0.2773162682592041,0.2773162682592041,0.1253333218408984,0.034807751204275136
proj_cover,5,-10.97113450428778,10.97113450428778,6.250113788274397,1.8831914933581335
proj_fire_off,5,0.12581089608435267,0.12581089608435267,0.17303529712486054,0.05473120574075811
proj_fire_on,5,4.334376474780204,4.334376474780204,4.862478244745587,1.4635191130835088
proj_mortality,5,5.161653947530346,5.161653947530346,2.851764168102931,0.8890801961550135
proj_thinning_delta,5,20.902136926350522,20.902136926350522,14.607652435743375,4.019054478745349
roth_c_cover_c,5,0.7170279270962578,1.2071878472999438,1.385548399309851,0.32608830372597725
roth_c_dpm_frac_crop,5,-0.03918582529821197,0.12558263793997085,0.1907297460398109,0.04605682007736196
roth_c_dpm_frac_tree,5,4.248107151906032,4.248107151906032,3.169726185455167,0.9714462739318501
roth_c_moisture_b_slope,5,-2.474526980840012,2.6881195673549105,3.5966588561894457,1.1665911041962103
roth_c_temp_a1,5,0.997571648640611,1.0240143978843061,0.5806729759405378,0.18016917724023493
roth_c_temp_a2,5,-8.412997825276857,8.412997825276857,4.175533262255615,1.3200257387566907
thinning_fraction_branch_delta,5,-0.22914838229535167,0.2303536168211353,0.45518932725027067,0.14627453364954215
thinning_fraction_croot_delta,5,-0.0859541226757414,0.0859541226757414,0.12859081145234325,0.03929736187107404
thinning_fraction_froot_delta,5,-0.05997748727916376,0.05997748727916376,0.10365958304031447,0.02991550900966511
thinning_fraction_leaf_delta,5,-0.0675272404074623,0.0675272404074623,0.132621140675922,0.04192964620487281
thinning_fraction_stem_delta,5,-0.46202688313294926,0.4777154872553722,0.851144788183862,0.2305020956693006
tree_carbon_sp1,5,-4.1100252306248,4.12048689960248,2.93796919446752,0.8575013262838573
tree_nitrogen_branch_sp1,5,0.04576101495197577,0.04576101495197577,0.03910405963308323,0.01236510367418764
tree_nitrogen_croot_sp1,5,0.135896574132697,0.135896574132697,0.13685947489321218,0.04312776194797953
tree_nitrogen_froot_sp1,5,0.0035739852701538234,0.0035739852701538234,0.0029456858611045743,0.0009703974884976405
tree_nitrogen_leaf_sp1,5,0.846248643940428,0.846248643940428,0.7464585403272007,0.22063918582646613
tree_nitrogen_stem_sp1,5,0.004158760391073777,0.004158760391073777,0.0036244462910604617,0.0011669605361468447
tree_root_in_top_30,5,-3.758151474889199,3.758151474889199,2.475770951709723,0.749235681326565
tree_root_to_shoot_sp1,5,-4.2005813751156165,4.229812390637939,3.1599518525451535,0.8695970915344811
cy0,6,0.4773957987243329,1.3250700557462314,2.1864390487757914,0.5708904156448389
clay,6,-1.188135028736942,1.2156309443784665,1.3004463961158956,0.3727247645469055
temp_ci_delta,6,1.1824760217243142,1.212685907763334,0.8153012015752655,0.24173830668258955
rain_ci_delta,6,6.580494655460218,7.217949901377219,7.476494734062798,1.8759795203053413
evap_ci_delta,6,-0.691710268533362,0.7942847356996945,1.7019905313133468,0.47901118794354836
ef_N_inputs,6,0.6864057044504495,0.9399801690369836,1.0801974007436705,0.26651445328001094
volatile_frac_organic_fertiliser,6,-0.016301567573002464,0.016301567573002464,0.00990937829653929,0.00301384506099916
volatile_frac_synthetic_fertiliser,6,0.21208655635002055,0.21208655635002055,0.1144268907169361,0.03573372926037097
base_sf_qty_scale,6,-0.12171437219275298,0.12171437219275298,0.060011127386039635,0.017457688627474592
proj_lit_qty_scale,6,-0.036324575806915005,0.04251807399812683,0.04153126850699477,0.011406531451542964
base_stand_density_scale,6,0.0,0.0,0.0,0.0
proj_stand_density_scale,6,-8.754019322877035,9.1624183111343,7.705196508782496,2.5198792131121053
tree_wood_dens_sp1,6,-14.656174750337234,14.931210864497455,12.999306892747557,3.8020659724292334
base_cover,6,2.283856214162927,2.327708904448289,1.6960460594085416,0.42446531666299
base_fire_off,6,-0.07567880067863808,0.07567880067863808,0.14689869148455753,0.04839404300399975
base_fire_on,6,-0.3307035322960742,0.3307035322960742,0.43422738197445837,0.1475613207165945
base_sf_n_delta,6,-0.012054012840150091,0.012054012840150091,0.005283568101080398,0.0016692262153269436
crop_base_left_delta,6,0.7061489163417015,0.7069746338731223,0.41229659283541736,0.12039766521667354
crop_base_yield_delta,6,0.45655552369503055,0.45685467783367606,0.32388700221137257,0.10225679580201216
crop_carbon_above_sp3,6,0.028905868916192717,0.06453561047715359,0.07648487927950462,0.015082317660516046
crop_carbon_below_sp3,6,0.04780951710129884,0.07568745582030827,0.09973239958492666,0.023247366180756023
crop_intercept_sp3,6,0.019983805526266656,0.06101356401327899,0.07888259288884084,0.016258498285001463
crop_nitrogen_above_sp3,6,-0.017457450696144943,0.05111760481863794,0.08621265591420828,0.019159185151934786
crop_nitrogen_below_sp3,6,-0.025458862502681888,0.025458862502681888,0.02333628063261568,0.007674835835084382
crop_carbon_above_sp10,6,0.3689061353934792,0.3689061353934792,0.1454211524681212,0.04609954956570646
crop_carbon_below_sp10,6,0.1782551628428039,0.1782551628428039,0.09598683598213589,0.031391934479500117
crop_intercept_sp10,6,0.2845436260908981,0.2845436260908981,0.12993244343075128,0.0408944274102472
crop_nitrogen_above_sp10,6,-0.04570356913160356,0.04570356913160356,0.02984163700642189,0.008973887083695033
crop_nitrogen_below_sp10,6,-0.023142435699093848,0.02344484071946847,0.029404467166002344,0.008328548589452754
crop_proj_left_delta,6,0.2558915022086392,0.28551859555602077,0.22386922306858453,0.059549367488094876
crop_proj_yield_delta,6,0.4214289860155252,0.4433579680105718,0.3325395857416309,0.08812195820045507
crop_root_in_top_30,6,0.20408629556237984,0.20408629556237984,0.13707107593240217,0.0421929021492425
crop_root_to_shoot_sp3,6,0.07393998269515589,0.08744669715069145,0.10155012146501459,0.029633891599968414
crop_slope_sp3,6,0.011602917423026087,0.06590736737409772,0.08730704448154024,0.01723238285966949
crop_root_to_shoot_sp10,6,0.29420057237934627,0.29420057237934627,0.15088430819322082,0.05205106925136776
crop_slope_sp10,6,0.6441343907851098,0.6441343907851098,0.3755139686188535,0.09739605464719521
cy0_to_ceq_multiplier,6,0.19132012435018314,0.41110894673791176,0.7966244292520801,0.2060004296484459
litter_carbon,6,-0.012036936734817427,0.012036936734817427,0.00527150555281919,0.0014347836097866086
litter_nitrogen,6,0.013982065601876387,0.013982065601876387,0.007232994521154567,0.0024399858924105573
mortality_fraction_branch_delta,6,-0.11562249556338092,0.11680404978848384,0.09814795734530206,0.02525968014787735
mortality_fraction_croot_delta,6,-0.05314387578300119,0.05314387578300119,0.05317880363002236,0.015099764021031874
mortality_fraction_froot_delta,6,-0.03379769423592702,0.03379769423592702,0.028665026764290117,0.008850411550204355
mortality_fraction_leaf_delta,6,-0.029438805787473238,0.029833125010859413,0.02401832053383753,0.007354921932837766
mortality_fraction_stem_delta,6,-0.22847638516040578,0.23086917795586132,0.20416387600981087,0.06588740554045772
pool_alloc_froot_sp1,6,-1.653263715524184,1.653263715524184,1.2563989266583708,0.38768812115491885
pool_alloc_leaf_sp1,6,-1.549008437776307,1.6159553314117598,1.262075180203737,0.3462004367023963
pool_alloc_stem_sp1,6,-0.34488723720352843,0.34488723720352843,0.42874057281818995,0.1162963627402569
pool_turnover_branch_sp1,6,1.228020517525377,1.228020517525377,0.619448770702768,0.19560042546890136
pool_turnover_croot_sp1,6,-2.5742237493724303,2.5742237493724303,2.091539831672671,0.6437719305294498
pool_turnover_froot_sp1,6,-1.3638352521230037,1.3638352521230037,1.0289632755068097,0.3033555645665338
pool_turnover_leaf_sp1,6,-0.6881315031547229,0.7234913672295911,0.6161475029158807,0.17179714134050847
pool_turnover_stem_sp1,6,0.3261132014427471,0.3261132014427471,0.15423823595030448,0.04341591825603222
proj_cover,6,-10.600255952144206,10.600255952144206,6.180298318065369,1.8680279351757618
proj_fire_off,6,0.08966250142734407,0.08966250142734407,0.13455548928635003,0.045688270208449434
proj_fire_on,6,3.642010129832608,3.642010129832608,3.6150028164689094,1.0714329071174282
proj_mortality,6,5.88513318651639,5.88513318651639,3.4267134416780336,1.0819276916046172
proj_thinning_delta,6,23.061714322545978,23.061714322545978,15.951125678159146,4.367069042448174
roth_c_cover_c,6,0.7738743354466825,1.202410607305389,1.3537808833499694,0.3318614138832194
roth_c_dpm_frac_crop,6,-0.23689478609044,0.24704464620632147,0.1741838016571308,0.04881150259126649
roth_c_dpm_frac_tree,6,3.4436725289839414,3.4436725289839414,2.9653773407420303,0.9252595018596127
roth_c_moisture_b_slope,6,-2.5838165457520317,2.777950646595164,3.7393813797408875,1.2239098056184599
roth_c_temp_a1,6,0.9715088565449111,0.9914723334029972,0.5986454617391997,0.1915340066752331
roth_c_temp_a2,6,-8.532265270807876,8.532265270807876,4.589019571368378,1.4893264344447856
thinning_fraction_branch_delta,6,-0.17872039368510836,0.18133815907580556,0.3733227107662415,0.12170718952300259
thinning_fraction_croot_delta,6,-0.0662994057776784,0.0662994057776784,0.09989441970953411,0.030763057704522583
thinning_fraction_froot_delta,6,-0.04798902613485728,0.04798902613485728,0.08854025071152466,0.025526726881231906
thinning_fraction_leaf_delta,6,-0.05275752378579381,0.05352097991421452,0.11171571713216587,0.034486531998899096
thinning_fraction_stem_delta,6,-0.3450719783681553,0.36681856982899175,0.676017357026013,0.1801715227352274
tree_carbon_sp1,6,-3.7955785089820124,3.841150128101499,2.972346303019386,0.8542783137566047
tree_nitrogen_branch_sp1,6,0.046638466351332016,0.046638466351332016,0.039510433027844905,0.012480371562883188
tree_nitrogen_croot_sp1,6,0.14021323567244465,0.14021323567244465,0.14363426468422835,0.045235704497215354
tree_nitrogen_froot_sp1,6,0.0036930597686635315,0.0036930597686635315,0.0031171524934235956,0.0010328713865814354
tree_nitrogen_leaf_sp1,6,0.8680472652220719,0.8680472652220719,0.7818059823472416,0.23001123435437937
tree_nitrogen_stem_sp1,6,0.0041682711537575495,0.0041682711537575495,0.0035608393742095415,0.001148694435889513
tree_root_in_top_30,6,-3.2470792226418355,3.2470792226418355,2.344334589490455,0.7091673130690348
tree_root_to_shoot_sp1,6,-3.706562223106836,3.780094636177663,3.0130395288983327,0.802262856299759
cy0,7,0.4855582938181035,1.2777905890415404,2.1118031100710892,0.5554385824897446
clay,7,-1.2330351814880585,1.244087890948507,1.277642313723922,0.36637965961610247
temp_ci_delta,7,1.151631615334883,1.173956293994685,0.8361984837213092,0.26924666204223124
rain_ci_delta,7,6.793279789539197,7.381779510364927,7.7710378357888334,1.9969013698919587
evap_ci_delta,7,-0.713631729741379,0.8137537184254423,1.8348311782606723,0.5121409271743187
ef_N_inputs,7,0.7297768592203608,0.9780156107467324,1.130729679367156,0.2812939750685652
volatile_frac_organic_fertiliser,7,-0.016301567573002808,0.016301567573002808,0.00990937829653982,0.0030138450609992146
volatile_frac_synthetic_fertiliser,7,0.21208655635002102,0.21208655635002102,0.11442689071693658,0.035733729260371105
base_sf_qty_scale,7,-0.1217143721927528,0.1217143721927528,0.060011127386040065,0.017457688627474675
proj_lit_qty_scale,7,-0.02831664895072696,0.03627960344769972,0.038324981270597636,0.009904364755332575
base_stand_density_scale,7,0.0,0.0,0.0,0.0
proj_stand_density_scale,7,-5.879592839958886,8.029929101818652,8.832405513151274,2.25945570527401
tree_wood_dens_sp1,7,-9.54432765626684,12.58148403882249,15.708718612056694,3.999382748324102
base_cover,7,2.1490587047696947,2.187713927658248,1.592466867781654,0.3969628083109558
base_fire_off,7,-0.0756788006786383,0.0756788006786383,0.14689869148455828,0.04839404300400012
base_fire_on,7,-0.31290890624115464,0.31290890624115464,0.3936872468257284,0.13352457891041059
base_sf_n_delta,7,-0.012054012840149946,0.012054012840149946,0.005283568101080301,0.0016692262153269785
crop_base_left_delta,7,0.6371745514354472,0.6394356881367702,0.3896775818058947,0.11227411454363559
crop_base_yield_delta,7,0.39789213749960667,0.3993068043377934,0.30048156197147774,0.0938982863530765
crop_carbon_above_sp3,7,0.025805409634380966,0.05871493186833439,0.06991959005066334,0.013803188633283572
crop_carbon_below_sp3,7,0.044472871422296514,0.06962223618149398,0.0910892746999704,0.021243856970658094
crop_intercept_sp3,7,0.01821339047830637,0.055420103456776046,0.07216367659280105,0.015033513940201438
crop_nitrogen_above_sp3,7,-0.01745745069614436,0.051117604818636954,0.08621265591420628,0.019159185151934457
crop_nitrogen_below_sp3,7,-0.025458862502681374,0.025458862502681374,0.023336280632614715,0.0076748358350840545
crop_carbon_above_sp10,7,0.2617354109306943,0.2617354109306943,0.12334306241471435,0.03699591093474599
crop_carbon_below_sp10,7,0.12421994153491722,0.12421994153491722,0.07744161442327895,0.024935829437090502
crop_intercept_sp10,7,0.1911399786276901,0.1916126404348209,0.10712486589254307,0.032862339559846514
crop_nitrogen_above_sp10,7,-0.0457035691316031,0.0457035691316031,0.029841637006421708,0.00897388708369499
crop_nitrogen_below_sp10,7,-0.023142435699093366,0.023444840719467785,0.0294044671660024,0.008328548589452868
crop_proj_left_delta,7,0.059691221687683906,0.1364717708070981,0.16301801433221108,0.032872734585903646
crop_proj_yield_delta,7,0.22633141890561834,0.2626852754368344,0.21845760398043051,0.051068594048873144
crop_root_in_top_30,7,0.1482005313138681,0.1482005313138681,0.11902992076858447,0.03701929581753574
crop_root_to_shoot_sp3,7,0.06796880372277485,0.08023974571975372,0.09572503297319072,0.028122346526873118
crop_slope_sp3,7,0.009812966844703206,0.06033712743389034,0.08189180079396113,0.016548561077325195
crop_root_to_shoot_sp10,7,0.20449890542951646,0.20449890542951646,0.12390026749833769,0.04245382966597367
crop_slope_sp10,7,0.41964940349924296,0.41964940349924296,0.28020896831034897,0.07431676580029149
cy0_to_ceq_multiplier,7,0.1847298200210211,0.42737493204564236,0.7708637394266281,0.19685297372819494
litter_carbon,7,-0.010561858580073446,0.010561858580073446,0.004691598860284171,0.001274697423064325
litter_nitrogen,7,0.013982065601878363,0.013982065601878363,0.007232994521154511,0.0024399858924104797
mortality_fraction_branch_delta,7,-0.09694942195845017,0.09886171264991736,0.08916592213367758,0.022081239551992333
mortality_fraction_croot_delta,7,-0.046412410230311715,0.046412410230311715,0.048140855427520945,0.013648116518675047
mortality_fraction_froot_delta,7,-0.03005727181037799,0.03005727181037799,0.02673553278278028,0.008244198989189577
mortality_fraction_leaf_delta,7,-0.02410118904610363,0.024751705029075706,0.021485371094903255,0.006470906185534135
mortality_fraction_stem_delta,7,-0.19737636736915162,0.2013254536250461,0.18788743807118788,0.060388528202135444
pool_alloc_froot_sp1,7,-1.4592766197095277,1.4592766197095277,1.2061328868019738,0.36846594338856653
pool_alloc_leaf_sp1,7,-1.2684004688229784,1.3658712995650952,1.1599410504221128,0.30311480919085204
pool_alloc_stem_sp1,7,-0.28567330737608254,0.29334344528800826,0.42836908060641243,0.11323420924189771
pool_turnover_branch_sp1,7,1.2555128153042088,1.2555128153042088,0.734951055468202,0.23065455404880206
pool_turnover_croot_sp1,7,-2.4909444589199987,2.4909444589199987,1.979874367064693,0.6251022795023721
pool_turnover_froot_sp1,7,-1.339603146044212,1.339603146044212,1.0246262850497443,0.30601132276273285
pool_turnover_leaf_sp1,7,-0.6404364948509936,0.6610497265127149,0.5630613555239168,0.16134562415257991
pool_turnover_stem_sp1,7,0.33945457528417516,0.33945457528417516,0.1831594510569781,0.05194213744433535
proj_cover,7,-10.188184915605968,10.188184915605968,6.133938982123432,1.8604399766554613
proj_fire_off,7,0.0896625014273442,0.0896625014273442,0.13455548928635014,0.04568827020844958
proj_fire_on,7,3.5403899514673043,3.5403899514673043,3.341710537655336,0.9871562837696148
proj_mortality,7,6.028767244167872,6.028767244167872,3.977017676797792,1.2717380715611124
proj_thinning_delta,7,33.137502738650575,33.137502738650575,16.301969875500706,4.355639276040412
roth_c_cover_c,7,0.8393951018005488,1.214468391938744,1.3540814408872892,0.34748772425843827
roth_c_dpm_frac_crop,7,-0.20118016961893592,0.2068742010808736,0.16088232661759586,0.0502518955955805
roth_c_dpm_frac_tree,7,2.8809074215938884,2.8834374563459497,2.753804324439591,0.8666189275198969
roth_c_moisture_b_slope,7,-2.60692918669832,2.790799723898831,3.7502860746803535,1.2342845921733803
roth_c_temp_a1,7,0.941881604951732,0.9594948163339806,0.62329626314286,0.20160608337747932
roth_c_temp_a2,7,-8.49566604424252,8.49566604424252,4.989820060696555,1.6286493241544628
thinning_fraction_branch_delta,7,-0.1407896598920035,0.14433685865867948,0.30646399005649066,0.10151131037209173
thinning_fraction_croot_delta,7,-0.052552357400727265,0.052552357400727265,0.08017799945637172,0.024697426461525177
thinning_fraction_froot_delta,7,-0.03884071932681198,0.03884178386658698,0.07559806543859263,0.021780349836426544
thinning_fraction_leaf_delta,7,-0.04135840668840054,0.042820053357052745,0.09421945392882894,0.02838424781646702
thinning_fraction_stem_delta,7,-0.2582626496550101,0.2845557721027667,0.5364118774818961,0.1406796332694564
tree_carbon_sp1,7,-2.7782653360777645,3.2200626943718236,3.119526530588997,0.804998549643761
tree_nitrogen_branch_sp1,7,0.04757680016211472,0.04757680016211472,0.0400041409917575,0.01262054701508928
tree_nitrogen_croot_sp1,7,0.14475519842324155,0.14475519842324155,0.15088991892837916,0.04749506969356118
tree_nitrogen_froot_sp1,7,0.0038196702655549975,0.0038196702655549975,0.003301433175765443,0.0010997013641959685
tree_nitrogen_leaf_sp1,7,0.8912594308095265,0.8912594308095265,0.8202417262164614,0.24028190161069785
tree_nitrogen_stem_sp1,7,0.004183296918255329,0.004183296918255329,0.0035144418369768326,0.001135369433578629
tree_root_in_top_30,7,-2.8993747833480668,2.8993747833480668,2.279707331908535,0.6976288941975133
tree_root_to_shoot_sp1,7,-2.5593372623103905,3.064146253515877,2.9545564677563108,0.662180572879494
cy0,8,0.485839502839421,1.238213295611888,2.0464265069845937,0.5418379920930634
clay,8,-1.2905799485870546,1.2964806715470218,1.2878240804142898,0.3694456706109474
temp_ci_delta,8,1.1198735093954577,1.1313747476607916,0.8522387814764903,0.28700436825997794
rain_ci_delta,8,6.835082921998054,7.383305309858078,7.929989808256448,2.0811953879048213
evap_ci_delta,8,-0.7319804693186283,0.840058611452697,1.9640063293892251,0.5399550137581967
ef_N_inputs,8,0.7776100568691194,1.0205658986638848,1.1875615593349984,0.29906161629999606
volatile_frac_organic_fertiliser,8,-0.016301567573002572,0.016301567573002572,0.00990937829653906,0.003013845060999074
volatile_frac_synthetic_fertiliser,8,0.21208655635002055,0.21208655635002055,0.11442689071693621,0.035733729260370925
base_sf_qty_scale,8,-0.12171437219275254,0.12171437219275254,0.060011127386040156,0.01745768862747468
proj_lit_qty_scale,8,-0.022121692161749203,0.03157423339025695,0.035499984984719804,0.008650183521280101
base_stand_density_scale,8,0.0,0.0,0.0,0.0
proj_stand_density_scale,8,-8.193393065799837,8.693606539308544,7.773041622648369,2.4786269808546715
tree_wood_dens_sp1,8,-13.345360901470059,13.768423013841822,13.682459309900208,3.9149462231645247
base_cover,8,2.048918972597695,2.072793894695714,1.5038147120553946,0.3784047388589197
base_fire_off,8,-0.07567880067863834,0.07567880067863834,0.1468986914845585,0.04839404300400011
base_fire_on,8,-0.29922141194485524,0.29922141194485524,0.36249358310481794,0.12269473929266722
base_sf_n_delta,8,-0.012054012840149949,0.012054012840149949,0.005283568101080583,0.0016692262153269494
crop_base_left_delta,8,0.5849237254106985,0.5889539740527141,0.3690829156238735,0.10512731936394959
crop_base_yield_delta,8,0.351017909740475,0.35320963187003684,0.2796683063380362,0.08661839637419753
crop_carbon_above_sp3,8,0.02351709824744247,0.0541283507668809,0.06457437258977823,0.012712042842380809
crop_carbon_below_sp3,8,0.04180795273364743,0.06432962594005012,0.08374448562707427,0.019608507175358416
crop_intercept_sp3,8,0.01681044318626073,0.05106242787759703,0.06683151616856053,0.014012890479796876
crop_nitrogen_above_sp3,8,-0.01745745069614516,0.05111760481863729,0.0862126559142061,0.019159185151934224
crop_nitrogen_below_sp3,8,-0.025458862502682433,0.025458862502682433,0.023336280632616245,0.007674835835084627
crop_carbon_above_sp10,8,0.21813422847857938,0.21813422847857938,0.11457261479841964,0.0334574556263651
crop_carbon_below_sp10,8,0.10246241818541055,0.10246241818541055,0.07016413094558144,0.022324378516403006
crop_intercept_sp10,8,0.15696215575946976,0.15773841040452946,0.10426921101762185,0.031108194075765427
crop_nitrogen_above_sp10,8,-0.0457035691316023,0.0457035691316023,0.029841637006422193,0.008973887083695158
crop_nitrogen_below_sp10,8,-0.023142435699092783,0.023444840719467102,0.029404467166002448,0.008328548589453134
crop_proj_left_delta,8,0.0014327093066966502,0.09645269925007152,0.13725672633866437,0.03073347891797386
crop_proj_yield_delta,8,0.16875288758696377,0.20685626056465461,0.17447745461826342,0.038082570374383104
crop_root_in_top_30,8,0.12515109477182418,0.12515109477182418,0.11228960692252819,0.034746493376481634
crop_root_to_shoot_sp3,8,0.06285413588458692,0.0738902672762066,0.09015542093622593,0.0266706789316649
crop_slope_sp3,8,0.008388401968788834,0.05589439138600605,0.07713596886445857,0.01585534803179777
crop_root_to_shoot_sp10,8,0.17002300381264934,0.17002300381264934,0.11457898781289419,0.039082358409764636
crop_slope_sp10,8,0.3263554438218296,0.3263554438218296,0.24723063136641615,0.06728325103696743
cy0_to_ceq_multiplier,8,0.16962010937273425,0.41770414399669564,0.7298486016539724,0.18651206993443822
litter_carbon,8,-0.009442116630715942,0.009442116630715942,0.004186152695290807,0.0011360393025631225
litter_nitrogen,8,0.013982065601876903,0.013982065601876903,0.007232994521154372,0.002439985892410434
mortality_fraction_branch_delta,8,-0.07841134580983727,0.08146959960295051,0.08069703124410317,0.0193488014228854
mortality_fraction_croot_delta,8,-0.03906474410895006,0.03906474410895006,0.04348226982104578,0.012361760201415262
mortality_fraction_froot_delta,8,-0.025970793303003274,0.025970793303003274,0.0248205994627535,0.007699932725263778
mortality_fraction_leaf_delta,8,-0.018524531203614265,0.019393741179743247,0.01966594846844012,0.005829891724093591
mortality_fraction_stem_delta,8,-0.16334239683154328,0.17050602200402212,0.17171917370120138,0.05432509457332581
pool_alloc_froot_sp1,8,-1.3475294508011337,1.3475294508011337,1.1459380106893862,0.3469931706620263
pool_alloc_leaf_sp1,8,-1.0504889243271969,1.1704603924850407,1.0860212172379144,0.2751103033659134
pool_alloc_stem_sp1,8,-0.3497127541542243,0.3497127541542243,0.4360680792710383,0.11895249335105113
pool_turnover_branch_sp1,8,1.553891193137264,1.553891193137264,0.8708390904883818,0.2739810853092432
pool_turnover_croot_sp1,8,-1.7958878922556376,1.7958878922556376,1.5479957864058373,0.5016294957389309
pool_turnover_froot_sp1,8,-1.002941421208686,1.002941421208686,0.9216516034001471,0.27573204791386074
pool_turnover_leaf_sp1,8,-0.44484394708163844,0.5203219793884531,0.5460475972570605,0.14105376503404768
pool_turnover_stem_sp1,8,0.4123922372669915,0.4123922372669915,0.2129226668086323,0.06141736246008424
proj_cover,8,-9.819231027917576,9.819231027917576,6.206388982711905,1.8884250062276018
proj_fire_off,8,0.08966250142734362,0.08966250142734362,0.1345554892863494,0.0456882702084492
proj_fire_on,8,3.999142279942634,3.999142279942634,3.8946501872242507,1.1538271462815692
proj_mortality,8,7.292292045930293,7.292292045930293,4.703313462728729,1.5059130195329367
proj_thinning_delta,8,24.489523985366695,24.489523985366695,18.1586073862109,4.969396607990502
roth_c_cover_c,8,0.8794754426564282,1.210986259564787,1.3583189256490065,0.3643454756036832
roth_c_dpm_frac_crop,8,-0.15475910230069584,0.16121438364458743,0.14788278812226902,0.04702807394440037
roth_c_dpm_frac_tree,8,2.729695177479047,2.733167329027381,2.662199929969459,0.8277687552753293
roth_c_moisture_b_slope,8,-2.5764994058066764,2.7552833617940524,3.703055968777685,1.222221595990785
roth_c_temp_a1,8,0.9175821754346778,0.9294113854727872,0.6353925969032677,0.20848921990950323
roth_c_temp_a2,8,-8.418096297241856,8.418096297241856,5.381842423535709,1.746413287625206
thinning_fraction_branch_delta,8,-0.3950090030517749,0.39709982260258203,0.5141585670600284,0.16044967929077306
thinning_fraction_croot_delta,8,-0.17751219713432434,0.17751219713432434,0.20646880802488482,0.06527241157615812
thinning_fraction_froot_delta,8,-0.1020741313997765,0.1020741313997765,0.13109391147551708,0.037057243901120425
thinning_fraction_leaf_delta,8,-0.1197293909545973,0.1197293909545973,0.16516040301277263,0.051200299511779825
thinning_fraction_stem_delta,8,-0.758769958846383,0.7762513332445939,1.0018153998892014,0.25734533370396667
tree_carbon_sp1,8,-3.670733936482771,3.7302836995195405,3.1129212230808294,0.8908091156500123
tree_nitrogen_branch_sp1,8,0.05980943883445331,0.05980943883445331,0.05498790831081819,0.01764516600720522
tree_nitrogen_croot_sp1,8,0.15191761832214842,0.15191761832214842,0.16000086499287605,0.05048909031744977
tree_nitrogen_froot_sp1,8,0.0039267265033181035,0.0039267265033181035,0.003479680503458367,0.0011660256521828156
tree_nitrogen_leaf_sp1,8,0.9053705127767995,0.9053705127767995,0.8519599600652967,0.24784968822429645
tree_nitrogen_stem_sp1,8,0.005450690854615298,0.005450690854615298,0.004954394954212986,0.0015820767584499881
tree_root_in_top_30,8,-2.6608486497535213,2.6608486497535213,2.239233643750641,0.6936975243350796
tree_root_to_shoot_sp1,8,-3.277050881954114,3.3606498766172566,2.9125272004470286,0.7758220749857224
cy0,9,0.4792846827807403,1.1997329010226472,1.9771886841371569,0.5259673007520816
clay,9,-1.2848883426741338,1.2876468965226011,1.2590671627748526,0.3570092487823502
temp_ci_delta,9,1.03256323654391,1.045908064999835,0.8589869907940332,0.2933612523909942
rain_ci_delta,9,6.538660992593816,7.0661009283909575,7.774331728784895,2.0498861953456187
evap_ci_delta,9,-0.7317910898337374,0.8434578582245127,2.058551680414978,0.5606569420500749
ef_N_inputs,9,0.7844706860524653,1.0362067257275154,1.2300591209343086,0.30737984845359967
volatile_frac_organic_fertiliser,9,-0.016301567573002683,0.016301567573002683,0.009909378296539196,0.003013845060999195
volatile_frac_synthetic_fertiliser,9,0.21208655635002086,0.21208655635002086,0.11442689071693624,0.03573372926037102
base_sf_qty_scale,9,-0.12171437219275391,0.12171437219275391,0.060011127386040954,0.017457688627474852
proj_lit_qty_scale,9,-0.017214580476217815,0.0281110646701341,0.033054973860706396,0.0075474754320017335
base_stand_density_scale,9,0.0,0.0,0.0,0.0
proj_stand_density_scale,9,-7.091852069646353,8.198776360032857,8.27274727518856,2.397135982708218
tree_wood_dens_sp1,9,-11.220084510475832,12.920043705670025,15.087234153299736,4.039100650293071
base_cover,9,1.9650277635100752,1.971651578053788,1.4287024557338721,0.365917973734558
base_fire_off,9,-0.07567880067863866,0.07567880067863866,0.14689869148455892,0.04839404300400028
base_fire_on,9,-0.2884249403361962,0.2884249403361962,0.3379269987966308,0.1141470216511053
base_sf_n_delta,9,-0.012054012840150192,0.012054012840150192,0.005283568101080769,0.0016692262153271695
crop_base_left_delta,9,0.5442857791668637,0.5505764254519696,0.3496129760565895,0.0984695618877056
crop_base_yield_delta,9,0.3129274178489908,0.3157422837005271,0.26122103021029563,0.08022126105055832
crop_carbon_above_sp3,9,0.021805503000109427,0.050457358483283275,0.060162141561698156,0.01177361947621076
crop_carbon_below_sp3,9,0.03959041108212203,0.059746508692495634,0.07750942756786841,0.018252453882594465
crop_intercept_sp3,9,0.015649991817018684,0.0475038044006986,0.06246246256665309,0.013159176478516053
crop_nitrogen_above_sp3,9,-0.017457450696144777,0.05111760481863734,0.08621265591420701,0.019159185151934342
crop_nitrogen_below_sp3,9,-0.025458862502681923,0.025458862502681923,0.023336280632614722,0.007674835835084175
crop_carbon_above_sp10,9,0.18845509402898017,0.18845509402898017,0.10650947409689264,0.030672948454997847
crop_carbon_below_sp10,9,0.08785219879181562,0.08787326556041827,0.06453603196042113,0.020373645289549575
crop_intercept_sp10,9,0.13353994030822908,0.13453619188442573,0.10107508108207106,0.029546531906508383
crop_nitrogen_above_sp10,9,-0.04570356913160311,0.04570356913160311,0.02984163700642219,0.008973887083695151
crop_nitrogen_below_sp10,9,-0.023142435699093043,0.02344484071946753,0.029404467166002198,0.008328548589452983
crop_proj_left_delta,9,-0.030886345319004027,0.0907889358089814,0.12529039883592674,0.028191435476857762
crop_proj_yield_delta,9,0.13559120570860833,0.17403810898606337,0.1477254087818234,0.030050192869667265
crop_root_in_top_30,9,0.10956109881737153,0.10956109881737153,0.10654717175159391,0.032870777262281985
crop_root_to_shoot_sp3,9,0.058405701534001896,0.06831149771336514,0.08497835572748699,0.025311466346358443
crop_slope_sp3,9,0.007218164000679886,0.05228286839023969,0.07293453150132186,0.01513979789222708
crop_root_to_shoot_sp10,9,0.1465746872153379,0.1465746872153379,0.10657816004628293,0.03634502171265609
crop_slope_sp10,9,0.2640781017112518,0.26562542299141806,0.22214370710070802,0.06078501882698112
cy0_to_ceq_multiplier,9,0.15115525034104035,0.39481702810091657,0.6822631586853461,0.1757222463334901
litter_carbon,9,-0.008574780455608621,0.008574780455608621,0.003753149468859818,0.0010176498420740195
litter_nitrogen,9,0.013982065601877619,0.013982065601877619,0.007232994521153978,0.002439985892410386
mortality_fraction_branch_delta,9,-0.07127410826955148,0.07442742264089684,0.07822136250397847,0.01864750800458744
mortality_fraction_croot_delta,9,-0.03672214112521788,0.03672214112521788,0.042299559444607684,0.01196358838118171
mortality_fraction_froot_delta,9,-0.02453872845936656,0.0245562229241781,0.02404691482632944,0.00746990411395104
mortality_fraction_leaf_delta,9,-0.016344538852942674,0.017310874026522566,0.018184898869616366,0.005361079026456921
mortality_fraction_stem_delta,9,-0.15096001643150087,0.15837978599855193,0.16427435940155688,0.051487902127605865
pool_alloc_froot_sp1,9,-1.2318181450536287,1.233252160902745,1.1183132840391297,0.3365611188731997
pool_alloc_leaf_sp1,9,-0.877276674755953,1.0233844087427482,1.0464150549859064,0.26067584775281916
pool_alloc_stem_sp1,9,-0.33099640933787944,0.3330065706485595,0.4587376762887547,0.12260047760720387
pool_turnover_branch_sp1,9,1.6318236878124324,1.6318236878124324,0.9927367830964285,0.3114195475966942
pool_turnover_croot_sp1,9,-1.6485570051544858,1.6485570051544858,1.4469080938198435,0.47707175096553966
pool_turnover_froot_sp1,9,-0.9372478095574923,0.9372478095574923,0.8903273468732215,0.2687897534257412
pool_turnover_leaf_sp1,9,-0.3959389259768251,0.4732876284109911,0.5244517651702078,0.13665830703818402
pool_turnover_stem_sp1,9,0.43914372243852906,0.43914372243852906,0.24291609911528997,0.0704635197153857
proj_cover,9,-9.099562223741227,9.099562223741227,5.984727821206407,1.8214541916085623
proj_fire_off,9,0.08966250142734347,0.08966250142734347,0.13455548928634917,0.04568827020844915
proj_fire_on,9,3.135601894911014,3.135601894911014,2.7778516341314607,0.8144286918994745
proj_mortality,9,7.7407582706809706,7.7407582706809706,5.330355235849048,1.719259943452449
proj_thinning_delta,9,29.448003332020683,29.448003332020683,18.430799919906388,4.9822663767337465
roth_c_cover_c,9,0.8533261930308511,1.1556349046755272,1.3065634976612617,0.35612365285913317
roth_c_dpm_frac_crop,9,-0.12177236474872988,0.12878395668490464,0.13485516433913533,0.043152794688161765
roth_c_dpm_frac_tree,9,1.9947643397807453,2.1549022680286947,2.4204146054345728,0.7132570060738049
roth_c_moisture_b_slope,9,-2.447257251154533,2.625317613614159,3.502219809202727,1.161420227546499
roth_c_temp_a1,9,0.8551888143782879,0.8630109334864293,0.6317089196044414,0.20920383601553594
roth_c_temp_a2,9,-7.911885795858007,7.911885795858007,5.48118678925901,1.7683829671532845
thinning_fraction_branch_delta,9,0.011326193940164686,0.10458273882386979,0.18071799902419955,0.05060886577403426
thinning_fraction_croot_delta,9,0.0065112736403225065,0.02687669606215118,0.0429256901716573,0.008668630932149904
thinning_fraction_froot_delta,9,-0.004304029537421994,0.020976775676577332,0.045087107040131746,0.012085130144705209
thinning_fraction_leaf_delta,9,0.004212415228775362,0.03414837904577188,0.06229062476341669,0.015057452900192673
thinning_fraction_stem_delta,9,0.04682940195888793,0.17230698869515013,0.2796011951880745,0.06257639767955912
tree_carbon_sp1,9,-3.269530516557076,3.4568177418628623,3.1400164816936535,0.8690417250650426
tree_nitrogen_branch_sp1,9,0.04844852399960359,0.04844852399960359,0.04008380897503112,0.012579195540373253
tree_nitrogen_croot_sp1,9,0.1509355725758442,0.1509355725758442,0.1640104146579098,0.0514753891425401
tree_nitrogen_froot_sp1,9,0.0040200096870661225,0.0040200096870661225,0.0036572588434147946,0.0012351082079923065
tree_nitrogen_leaf_sp1,9,0.9211687331460287,0.9211687331460287,0.8887235170573118,0.2576170262955237
tree_nitrogen_stem_sp1,9,0.0041009366461319365,0.0041009366461319365,0.0033457038395972452,0.0010821581950412015
tree_root_in_top_30,9,-2.342528457648636,2.3439758755746896,2.248860230371311,0.709417157701988
tree_root_to_shoot_sp1,9,-2.81885759844015,3.0670949062980366,2.968018073333467,0.7702942582641735
cy0,10,0.46755034441031745,1.1609235268750235,1.9013369913974252,0.5066878680989789
clay,10,-1.286400478462762,1.287151007596466,1.2497334762800576,0.3520391115779186
temp_ci_delta,10,0.9578976940032321,0.9758855964041908,0.8766788897615664,0.29924443760374847
rain_ci_delta,10,6.264308248133203,6.7764348260788125,7.675987677914137,2.0433904828506315
evap_ci_delta,10,-0.7386752222991735,0.8474658241077494,2.157623107201675,0.5837391161256116
ef_N_inputs,10,0.8355543372455412,1.084852750805977,1.295941201894878,0.3266499656621635
volatile_frac_organic_fertiliser,10,-0.016301567573003155,0.016301567573003155,0.009909378296540034,0.0030138450609993846
volatile_frac_synthetic_fertiliser,10,0.21208655635002122,0.21208655635002122,0.1144268907169359,0.035733729260370904
base_sf_qty_scale,10,-0.12171437219275298,0.12171437219275298,0.06001112738603991,0.017457688627474516
proj_lit_qty_scale,10,-0.013243991923404525,0.025510134542203182,0.030962520310388496,0.006584816593691265
base_stand_density_scale,10,0.0,0.0,0.0,0.0
proj_stand_density_scale,10,-4.999642947604539,8.177889872341769,9.390885982649968,2.174831102471517
tree_wood_dens_sp1,10,-7.650838402182487,13.651339531731443,17.580169345112964,4.011712634048038
base_cover,10,1.8888530022072652,1.8888530022072652,1.3635508156316452,0.3517165603783602
base_fire_off,10,-0.07567880067863833,0.07567880067863833,0.1468986914845579,0.048394043003999916
base_fire_on,10,-0.27970446893550127,0.27970446893550127,0.3181591694402709,0.10725742897257749
base_sf_n_delta,10,-0.012054012840150508,0.012054012840150508,0.00528356810108009,0.0016692262153268982
crop_base_left_delta,10,0.511876287517374,0.519915848142715,0.33165717850811677,0.09250620208330995
crop_base_yield_delta,10,0.28148984669501803,0.28576910441892595,0.24491104375577924,0.07407805638970999
crop_carbon_above_sp3,10,0.02050730863780947,0.04747528843221629,0.05648044034352918,0.010965078505017524
crop_carbon_below_sp3,10,0.037684964291421374,0.055794254563388636,0.0722057943342234,0.017109713036645324
crop_intercept_sp3,10,0.01466207110321612,0.044485678505454596,0.05880674150721078,0.012454158797052558
crop_nitrogen_above_sp3,10,-0.01745745069614457,0.05111760481863783,0.08621265591420788,0.019159185151934446
crop_nitrogen_below_sp3,10,-0.025458862502681014,0.025458862502681014,0.023336280632615742,0.007674835835084435
crop_carbon_above_sp10,10,0.16699596242499953,0.16699596242499953,0.09918400891359543,0.028320442411137244
crop_carbon_below_sp10,10,0.07750148381043373,0.07760456259881648,0.05984671154062742,0.018762477409017594
crop_intercept_sp10,10,0.11634799080699842,0.11750496227526899,0.09748373907796191,0.028087216841732335
crop_nitrogen_above_sp10,10,-0.045703569131603325,0.045703569131603325,0.02984163700642226,0.008973887083695203
crop_nitrogen_below_sp10,10,-0.0231424356990934,0.02344484071946782,0.029404467166002226,0.008328548589452903
crop_proj_left_delta,10,-0.04967457420244832,0.0915557913135604,0.11845030003460097,0.02742539760773616
crop_proj_yield_delta,10,0.11533914303893837,0.15341453917931008,0.13085345870402015,0.02509346603750734
crop_root_in_top_30,10,0.09819351555002057,0.09819351555002057,0.10136917534490912,0.03125020842503575
crop_root_to_shoot_sp3,10,0.054496662237594876,0.06350795672695352,0.08024551714805275,0.024014722866996352
crop_slope_sp3,10,0.006228384012933236,0.0493791473361253,0.06920753698526225,0.014454616978149414
crop_root_to_shoot_sp10,10,0.12942899450253662,0.12942899450253662,0.09944851552733908,0.03396316415544367
crop_slope_sp10,10,0.21980716734435357,0.2247676001085262,0.20198190452097567,0.05473047944562802
cy0_to_ceq_multiplier,10,0.13219154418278975,0.36602445264221367,0.63245061597953,0.16467509817317408
litter_carbon,10,-0.007889781233895365,0.007889781233895365,0.0033867736055229664,0.0009177335366384357
litter_nitrogen,10,0.013982065601877869,0.013982065601877869,0.00723299452115433,0.002439985892410379
mortality_fraction_branch_delta,10,-0.066176324006863,0.0697376188779273,0.07704133641736857,0.018270811679004618
mortality_fraction_croot_delta,10,-0.035025498958416876,0.035025498958416876,0.04162009938823563,0.011721271623815935
mortality_fraction_froot_delta,10,-0.0234624738547698,0.023499045123713654,0.023552498311466694,0.007328215583482902
mortality_fraction_leaf_delta,10,-0.014639001900663895,0.01580392822405805,0.017151160629150505,0.005002818698696832
mortality_fraction_stem_delta,10,-0.14150038608124899,0.1495741987270686,0.1599914735862828,0.0494137205838752
pool_alloc_froot_sp1,10,-1.1702656865005086,1.1771677777114717,1.1185593648509926,0.33488218996182356
pool_alloc_leaf_sp1,10,-0.7765419242526536,0.9446131400575591,1.025608220988436,0.24920756499357843
pool_alloc_stem_sp1,10,-0.28148565187950375,0.3044117760752705,0.4676535793845144,0.1228003786206897
pool_turnover_branch_sp1,10,1.5793173218903045,1.5793173218903045,1.1396245024000475,0.35519710880812283
pool_turnover_croot_sp1,10,-1.837113622279766,1.837113622279766,1.501217382893227,0.5056285240765307
pool_turnover_froot_sp1,10,-1.0347378235297904,1.0347378235297904,0.909147585196654,0.2776293735792126
pool_turnover_leaf_sp1,10,-0.4285680457082851,0.4726660503615653,0.4950779463311945,0.13658542819528535
pool_turnover_stem_sp1,10,0.4333436402376803,0.4333436402376803,0.27870275747811646,0.0815759795718708
proj_cover,10,-8.525725768113887,8.525725768113887,6.003746014545222,1.8183335283238748
proj_fire_off,10,0.08966250142734364,0.08966250142734364,0.1345554892863493,0.045688270208449205
proj_fire_on,10,3.213654453724069,3.213654453724069,2.8374083816292615,0.8313517119795437
proj_mortality,10,7.643649035481526,7.643649035481526,5.978558677922778,1.9337971894418953
proj_thinning_delta,10,37.35480498957479,37.35480498957479,17.85146321332226,4.727848845987622
roth_c_cover_c,10,0.8491119670468908,1.1290599721616352,1.300078470382196,0.36123637133442693
roth_c_dpm_frac_crop,10,-0.09786678789233108,0.10464156867708638,0.12245691277735818,0.03940099075710039
roth_c_dpm_frac_tree,10,1.7720577572787548,1.9140429422880743,2.2122861922695347,0.6490121991635097
roth_c_moisture_b_slope,10,-2.3249041565888113,2.5002806985312587,3.324038637342763,1.1074816025234953
roth_c_temp_a1,10,0.8050367567950868,0.8097623817427803,0.6332643937880045,0.20974821708253244
roth_c_temp_a2,10,-7.508467119288949,7.5110769924826375,5.6800140484938515,1.8037748255685861
thinning_fraction_branch_delta,10,-0.012812628290645712,0.07208478796838387,0.1498527765561786,0.0464484323047819
thinning_fraction_croot_delta,10,-0.00508141991312337,0.021252821737876664,0.03807128322450322,0.008334337556660035
thinning_fraction_froot_delta,10,-0.008328431315347906,0.01723547701111101,0.04022236424815139,0.010843168244452145
thinning_fraction_leaf_delta,10,-0.0023346041942214567,0.025332030541366492,0.05118954445107594,0.012823805440195369
thinning_fraction_stem_delta,10,0.01343258686215612,0.1257133587858694,0.2198662247008843,0.04989775737467967
tree_carbon_sp1,10,-2.488737776933188,3.169586240858842,3.3316997348257735,0.8263784997520693
tree_nitrogen_branch_sp1,10,0.04956085531524833,0.04956085531524833,0.04087272698945872,0.01280117684736667
tree_nitrogen_croot_sp1,10,0.1561147119248036,0.1561147119248036,0.17271290566869452,0.054179924683515505
tree_nitrogen_froot_sp1,10,0.004169455710289505,0.004169455710289505,0.0038790785260628038,0.001314843126037905
tree_nitrogen_leaf_sp1,10,0.9485626298530381,0.9485626298530381,0.9356356832304641,0.27041183351277454
tree_nitrogen_stem_sp1,10,0.004133962647041078,0.004133962647041078,0.0033578030472659268,0.0010857462885034957
tree_root_in_top_30,10,-2.273112581985778,2.274566538755215,2.26760875248734,0.7215866653363053
tree_root_to_shoot_sp1,10,-1.990437101851662,2.658809584090492,2.989827119589391,0.7072392190791154
cy0,11,0.45209325807870027,1.1218299038389046,1.8200548722195797,0.48451258496896754
clay,11,-1.3150324605362234,1.3150324605362234,1.2662669285602874,0.3570163003232823
temp_ci_delta,11,0.9277037398132901,0.9398208265009235,0.8820672383997307,0.3038311009318669
rain_ci_delta,11,6.115061387520845,6.600877956485521,7.606157812513984,2.046992115645523
evap_ci_delta,11,-0.7572133399467221,0.858795382693464,2.258875302611764,0.6084859930176176
ef_N_inputs,11,0.8906333462581892,1.139824744969895,1.366526983959461,0.34740789046936754
volatile_frac_organic_fertiliser,11,-0.016301567573002405,0.016301567573002405,0.00990937829653937,0.003013845060999314
volatile_frac_synthetic_fertiliser,11,0.21208655635002133,0.21208655635002133,0.11442689071693592,0.035733729260370876
base_sf_qty_scale,11,-0.12171437219275345,0.12171437219275345,0.06001112738604083,0.01745768862747493
proj_lit_qty_scale,11,-0.009969217061994556,0.023781587800144777,0.029184604132403598,0.005720622281863762
base_stand_density_scale,11,0.0,0.0,0.0,0.0
proj_stand_density_scale,11,-7.653580035727055,8.528247729591797,8.420233432659785,2.5418417592235465
tree_wood_dens_sp1,11,-11.934926438089857,13.375765819614537,15.676175402911717,4.244945523438523
base_cover,11,1.8165720438473585,1.8165720438473585,1.3049681330827243,0.3363342123493401
base_fire_off,11,-0.07567880067863807,0.07567880067863807,0.14689869148455753,0.04839404300399974
base_fire_on,11,-0.2725041615879965,0.2725041615879965,0.3019258408021985,0.10159317997187489
base_sf_n_delta,11,-0.012054012840149824,0.012054012840149824,0.0052835681010808926,0.0016692262153270268
crop_base_left_delta,11,0.4854161667319471,0.4948610736528555,0.3155862884599975,0.08723300472075383
crop_base_yield_delta,11,0.2551643871151267,0.2612841243301009,0.23051956736476661,0.06848987729586122
crop_carbon_above_sp3,11,0.019508240897528294,0.04501852690724199,0.053379521442525384,0.010268845509249199
crop_carbon_below_sp3,11,0.0360071659513161,0.05239261465019505,0.06767828344543404,0.016131466768295237
crop_intercept_sp3,11,0.013804397847508093,0.042037472062231934,0.05570536037748634,0.011848180494654866
crop_nitrogen_above_sp3,11,-0.017457450696144163,0.05111760481863785,0.08621265591420733,0.019159185151934433
crop_nitrogen_below_sp3,11,-0.025458862502681572,0.025458862502681572,0.023336280632614594,0.007674835835084037
crop_carbon_above_sp10,11,0.15081024477658317,0.15081024477658317,0.09271246391029803,0.02631690236402301
crop_carbon_below_sp10,11,0.06986899982882346,0.07004575148239492,0.055844755818930156,0.017424729992125312
crop_intercept_sp10,11,0.10318282792830502,0.10503906457734183,0.09386448207609208,0.026474976768275312
crop_nitrogen_above_sp10,11,-0.045703569131603235,0.045703569131603235,0.02984163700642186,0.008973887083695047
crop_nitrogen_below_sp10,11,-0.02314243569909346,0.02344484071946801,0.0294044671660028,0.008328548589453285
crop_proj_left_delta,11,-0.06074761604413896,0.09197988796975468,0.11383116919215819,0.027662557375410395
crop_proj_yield_delta,11,0.10276189719948836,0.14084168615190257,0.12002602292468717,0.021981022328166858
crop_root_in_top_30,11,0.08951655972887393,0.08951655972887393,0.09671228246807927,0.029837078196495004
crop_root_to_shoot_sp3,11,0.05103635168669771,0.05933789574200514,0.07596090209541402,0.022811600111045632
crop_slope_sp3,11,0.005368368331972883,0.04695037092092517,0.06589026561099758,0.01385094858916004
crop_root_to_shoot_sp10,11,0.1163369222303388,0.1163369222303388,0.09313346321263319,0.031862878190526744
crop_slope_sp10,11,0.18687575101285184,0.19525130629025228,0.1856151957564653,0.049710495584141284
cy0_to_ceq_multiplier,11,0.11423780687978916,0.33538243957750313,0.582692205287759,0.1534883246044603
litter_carbon,11,-0.007338616038547801,0.007338616038547801,0.003079497341505768,0.0008341632380473064
litter_nitrogen,11,0.013982065601876778,0.013982065601876778,0.007232994521153961,0.002439985892410364
mortality_fraction_branch_delta,11,-0.05725145951107359,0.06411940512300496,0.07468523408776222,0.017117857588666307
mortality_fraction_croot_delta,11,-0.031181582308767913,0.03134591159784166,0.04013811267992663,0.011299466564065688
mortality_fraction_froot_delta,11,-0.021234613611734877,0.021381684457104744,0.022834586918146618,0.007123992812659502
mortality_fraction_leaf_delta,11,-0.011644243980692576,0.013992852879640466,0.01673640329720176,0.004550103083376241
mortality_fraction_stem_delta,11,-0.12316123576647713,0.13510315925423017,0.15516305367688907,0.04624415480349662
pool_alloc_froot_sp1,11,-1.149584821171486,1.1537753274369842,1.1021639945095887,0.3320974210524088
pool_alloc_leaf_sp1,11,-0.6854910507467159,0.8834364904311819,1.0176464856760268,0.24045092107975102
pool_alloc_stem_sp1,11,-0.36269906230146437,0.3631644117443281,0.49361073237712466,0.13454505393667918
pool_turnover_branch_sp1,11,1.942141292019788,1.942141292019788,1.2945981668311461,0.405801223145027
pool_turnover_croot_sp1,11,-1.3383176457119808,1.3383176457119808,1.3240171352330774,0.44400799605415486
pool_turnover_froot_sp1,11,-0.7885983372544995,0.7885983372544995,0.835969644993753,0.253268367965239
pool_turnover_leaf_sp1,11,-0.2944216064932693,0.39714745077641284,0.5169622565953986,0.13275260783157639
pool_turnover_stem_sp1,11,0.5186733945917169,0.5186733945917169,0.30703967832535595,0.09054501075239889
proj_cover,11,-8.249018245042027,8.249018245042027,6.164792911890632,1.8576003619282664
proj_fire_off,11,0.0896625014273442,0.0896625014273442,0.13455548928635008,0.045688270208449476
proj_fire_on,11,3.788464999920169,3.788464999920169,3.493104460344489,1.023538912864335
proj_mortality,11,9.265503697374447,9.265503697374447,6.858095658661455,2.2200821475110013
proj_thinning_delta,11,29.509314806877278,29.509314806877278,20.53226878536162,5.549696728880926
roth_c_cover_c,11,0.8622490279290187,1.124680570393411,1.3157663813738183,0.3725810077595306
roth_c_dpm_frac_crop,11,-0.08008848419218956,0.08635870708386378,0.11107501615557468,0.035868405297391506
roth_c_dpm_frac_tree,11,1.8912931284124632,1.9511860670896972,2.1861279197863155,0.6567253093683941
roth_c_moisture_b_slope,11,-2.2596557745387957,2.4283232295552506,3.2120004474053125,1.0731334139464925
roth_c_temp_a1,11,0.788554313154058,0.7889800850503373,0.622927762947039,0.2068235841245484
roth_c_temp_a2,11,-7.37005554328108,7.370919196502828,5.894372339409043,1.8475841418368175
thinning_fraction_branch_delta,11,-0.2842417496176644,0.28799717626224186,0.3451547085079742,0.10577546088397896
thinning_fraction_croot_delta,11,-0.1392533417997827,0.1392533417997827,0.1611552174344643,0.05111236880926442
thinning_fraction_froot_delta,11,-0.07520117441546499,0.07520117441546499,0.09689772816339813,0.027293587170889314
thinning_fraction_leaf_delta,11,-0.08591808077411148,0.08591808077411148,0.1212517447609858,0.03724689575356682
thinning_fraction_stem_delta,11,-0.5228196597150706,0.5408815134904987,0.6941606850785232,0.17443666041338782
tree_carbon_sp1,11,-3.5094563046782974,3.6322072893109008,3.3481730026439935,0.9470919915105861
tree_nitrogen_branch_sp1,11,0.06194795019555681,0.06194795019555681,0.05550148140054186,0.017769386102897394
tree_nitrogen_croot_sp1,11,0.16403778860376278,0.16403778860376278,0.18345592947910988,0.057727544989784926
tree_nitrogen_froot_sp1,11,0.004299820066635351,0.004299820066635351,0.004094054548950024,0.001393646082336405
tree_nitrogen_leaf_sp1,11,0.9669269390889518,0.9669269390889518,0.9750408594411117,0.28033430139190424
tree_nitrogen_stem_sp1,11,0.005414477504226564,0.005414477504226564,0.0049636468497169794,0.0015742542580581794
tree_root_in_top_30,11,-2.223126953981745,2.2237864733484254,2.292333433270841,0.7332104688062353
tree_root_to_shoot_sp1,11,-2.8776981081955806,3.0361396561302554,3.0747136621883864,0.8474072127212827
cy0,12,0.4340595598954552,1.085934886994345,1.735534930342114,0.45876807165017813
clay,12,-1.2782840269768068,1.2782840269768068,1.251183281222612,0.3499013483717953
temp_ci_delta,12,0.8505460954779622,0.871797472894617,0.8830259765918219,0.30007059443478723
rain_ci_delta,12,5.714506680807726,6.191885498622819,7.3288053118345955,1.9763363204976376
evap_ci_delta,12,-0.753718202924591,0.8498057689807286,2.313818689584131,0.6229163391202429
ef_N_inputs,12,0.8745590184321431,1.159877856792202,1.4269242602968972,0.3548674549753213
volatile_frac_organic_fertiliser,12,-0.016301567573002683,0.016301567573002683,0.009909378296539076,0.0030138450609991907
volatile_frac_synthetic_fertiliser,12,0.2120865563500204,0.2120865563500204,0.11442689071693615,0.03573372926037087
base_sf_qty_scale,12,-0.12171437219275268,0.12171437219275268,0.06001112738603948,0.01745768862747459
proj_lit_qty_scale,12,-0.007221655514312433,0.022419153207716376,0.027680767966048573,0.005051833272410181
base_stand_density_scale,12,0.0,0.0,0.0,0.0
proj_stand_density_scale,12,-6.908502773001726,8.377664187408445,8.955734553540701,2.5213357449793232
tree_wood_dens_sp1,12,-10.55327197659997,13.406361497973117,17.051905277411443,4.4066261904843556
base_cover,12,1.7465972780862007,1.7465972780862007,1.2506029899834854,0.32234148916509975
base_fire_off,12,-0.07567880067863827,0.07567880067863827,0.14689869148455822,0.048394043004000055
base_fire_on,12,-0.2664384014829616,0.2664384014829616,0.28833478369649024,0.09684805854283976
base_sf_n_delta,12,-0.012054012840150305,0.012054012840150305,0.005283568101080736,0.0016692262153270635
crop_base_left_delta,12,0.46334287555446146,0.4739553106252209,0.3015207942923565,0.0826326755201357
crop_base_yield_delta,12,0.23281994233688863,0.24045333802782834,0.21784311043961807,0.06367891322508869
crop_carbon_above_sp3,12,0.04331794696356858,0.05100747526469718,0.048172160224047564,0.012833019675270178
crop_carbon_below_sp3,12,0.13118049419953043,0.13118049419953043,0.07155624174358924,0.019228937512260375
crop_intercept_sp3,12,0.013049937076199017,0.0399489861135758,0.05305008662909287,0.011341369110713246
crop_nitrogen_above_sp3,12,-0.025566671930544994,0.051845810268036883,0.08460975637830595,0.0184095845266382
crop_nitrogen_below_sp3,12,-0.046528851372774745,0.046528851372774745,0.036695798426133824,0.011912687054919541
crop_carbon_above_sp10,12,0.13819539827796767,0.13819539827796767,0.08705989030452793,0.024606328684336473
crop_carbon_below_sp10,12,0.06404285806148265,0.06428688433188023,0.05240236063682969,0.016292153348093596
crop_intercept_sp10,12,0.092774279043238,0.09546070507298002,0.09039437270031497,0.02494728072012146
crop_nitrogen_above_sp10,12,-0.04570356913160299,0.04570356913160299,0.029841637006422284,0.008973887083695141
crop_nitrogen_below_sp10,12,-0.023142435699092544,0.023444840719467012,0.02940446716600248,0.00832854858945303
crop_proj_left_delta,12,-0.005792856236920057,0.07448505814946445,0.09692695277914971,0.01811386435183614
crop_proj_yield_delta,12,0.09497848458416366,0.13257027299292973,0.11300452619391532,0.02013929322775631
crop_root_in_top_30,12,0.16036716030904047,0.16036716030904047,0.10773673611171743,0.033566592261428
crop_root_to_shoot_sp3,12,0.19320695455433837,0.19320695455433837,0.08983494479942138,0.026805571669021946
crop_slope_sp3,12,0.06115118609488612,0.06115118609488612,0.052305953985136495,0.01489018422573307
crop_root_to_shoot_sp10,12,0.10601013965320802,0.10601013965320802,0.08754665996167524,0.029997378720986328
crop_slope_sp10,12,0.1614881042789264,0.17344769592200343,0.17225499377233602,0.0452601147464014
cy0_to_ceq_multiplier,12,0.09800982694087046,0.3051115451527693,0.5343153719487621,0.14230867474950618
litter_carbon,12,-0.00688718568980512,0.00688718568980512,0.0028233368123244504,0.0007647214882504923
litter_nitrogen,12,0.01398206560187627,0.01398206560187627,0.007232994521153861,0.0024399858924102017
mortality_fraction_branch_delta,12,-0.0566184459502615,0.0641382624907794,0.07536156989570456,0.017258570938058496
mortality_fraction_croot_delta,12,-0.03117408361542886,0.03131341354509616,0.040438387016892834,0.011321353615240285
mortality_fraction_froot_delta,12,-0.021113299451126756,0.021225043453429515,0.022857000167621707,0.00715613781246991
mortality_fraction_leaf_delta,12,-0.011196002405663508,0.013582072621358543,0.016179526066038223,0.004362111254184364
mortality_fraction_stem_delta,12,-0.12168875897828295,0.13293571371552662,0.1551050278999862,0.04571053368693359
pool_alloc_froot_sp1,12,-1.101672515736992,1.113268027927829,1.1162382946953429,0.33414079034402366
pool_alloc_leaf_sp1,12,-0.6066340499780256,0.8521292892282084,1.0286845753882243,0.2322594692303715
pool_alloc_stem_sp1,12,-0.3504472470970262,0.36029133732637914,0.5252422872392596,0.13973142018258403
pool_turnover_branch_sp1,12,1.9856295124548702,1.9856295124548702,1.4364192436452705,0.44887777082198776
pool_turnover_croot_sp1,12,-1.325701109279259,1.3265510784737526,1.3220630325875788,0.4468103049522369
pool_turnover_froot_sp1,12,-0.7827082610456787,0.7827082610456787,0.8278416243367621,0.2523238008773638
pool_turnover_leaf_sp1,12,-0.28556105915812935,0.38581462576116166,0.5145095971516944,0.13397756668565722
pool_turnover_stem_sp1,12,0.5383248483070432,0.5383248483070432,0.341577738061986,0.10111465734756928
proj_cover,12,-7.6412261595191975,7.6412261595191975,5.975284988273976,1.8003223650475644
proj_fire_off,12,0.08362089480234361,0.08362089480234361,0.12715505907677244,0.04342919757719815
proj_fire_on,12,2.9988490464695454,2.9988490464695454,2.6941283689565325,0.790688047060473
proj_mortality,12,9.64318335690339,9.64318335690339,7.569103540960635,2.459024943367083
proj_thinning_delta,12,33.578838578760966,33.578838578760966,20.162241227625703,5.40922829813098
roth_c_cover_c,12,0.8156931088767303,1.0746582912650824,1.2632337554674746,0.3557303234500645
roth_c_dpm_frac_crop,12,-0.10596506742494513,0.1074548441785649,0.1026225702053735,0.03409551187860675
roth_c_dpm_frac_tree,12,1.3769040649713182,1.6329394035664209,2.0772480378184195,0.5653965805483714
roth_c_moisture_b_slope,12,-2.126852410569479,2.290409928397922,3.013048351889976,1.0124501275289333
roth_c_temp_a1,12,0.7358440022850528,0.7405758444351304,0.619530017912751,0.20088392073344363
roth_c_temp_a2,12,-6.85946421824961,6.881860904554729,5.850756454357845,1.8192765445698986
thinning_fraction_branch_delta,12,0.08126030566212342,0.10875650017664706,0.13352742916416344,0.03258882892913853
thinning_fraction_croot_delta,12,0.03041705132087543,0.03752272809160677,0.048599587629018996,0.013403543680477088
thinning_fraction_froot_delta,12,0.013118660401283141,0.019440728412322892,0.02898883116112783,0.007536476828604894
thinning_fraction_leaf_delta,12,0.026839181039174004,0.03341701475899784,0.04760834118500296,0.01287369679643659
thinning_fraction_stem_delta,12,0.191984383059769,0.20831985300686978,0.24804309436169344,0.07044154973782889
tree_carbon_sp1,12,-3.2174213918464374,3.5243763225981697,3.4118785041405584,0.9286684446828462
tree_nitrogen_branch_sp1,12,0.05080286277979078,0.05080286277979078,0.041718909645310824,0.012969921365552677
tree_nitrogen_croot_sp1,12,0.16352782342554809,0.16352782342554809,0.18885495072229294,0.05906562275234298
tree_nitrogen_froot_sp1,12,0.004416617294586059,0.004416617294586059,0.004308953674574097,0.0014755942376033233
tree_nitrogen_leaf_sp1,12,0.9870905759397555,0.9870905759397555,1.0196586672737866,0.2925236877045027
tree_nitrogen_stem_sp1,12,0.004096094236189682,0.004096094236189682,0.0033256798220057523,0.0010727077625563063
tree_root_in_top_30,12,-2.0461931741309556,2.073410642763467,2.3523380581988174,0.7512574836198376
tree_root_to_shoot_sp1,12,-2.5737377566880455,2.913852769922964,3.1816602389655353,0.8679952412650885
cy0,13,0.41432785593122834,1.0476554677106946,1.6498678767175368,0.43264108585299527
clay,13,-1.272429710420386,1.272429710420386,1.265387918313728,0.3530647249665608
temp_ci_delta,13,0.799993466603828,0.8315456951967718,0.9042413240143199,0.3025709846661549
rain_ci_delta,13,5.456724809983987,5.924785717967617,7.224513179355473,1.968486486114705
evap_ci_delta,13,-0.765644418064247,0.8538503212512975,2.399803847653488,0.6456998896702747
ef_N_inputs,13,0.9333892886351485,1.2194431829171095,1.5064927495978806,0.37732112282148395
volatile_frac_organic_fertiliser,13,-0.016301567573002586,0.016301567573002586,0.009909378296539276,0.0030138450609992345
volatile_frac_synthetic_fertiliser,13,0.21208655635002088,0.21208655635002088,0.11442689071693621,0.035733729260371
base_sf_qty_scale,13,-0.12171437219275275,0.12171437219275275,0.06001112738604065,0.017457688627474835
proj_lit_qty_scale,13,-0.004880785802767301,0.021256545742277384,0.026412132086689705,0.004583077018950255
base_stand_density_scale,13,0.0,0.0,0.0,0.0
proj_stand_density_scale,13,-7.195884181881327,8.60217374712501,9.15855056354408,2.6129254565077917
tree_wood_dens_sp1,13,-10.935733099830301,13.751968349381759,17.575571986845187,4.56138530240157
base_cover,13,1.6783776437234756,1.6783776437234756,1.1991285900213113,0.30929747670889
base_fire_off,13,-0.07567880067863797,0.07567880067863797,0.14689869148455764,0.04839404300399983
base_fire_on,13,-0.2612347928189881,0.2612347928189881,0.27674634503602313,0.09280200962381921
base_sf_n_delta,13,-0.012054012840149822,0.012054012840149822,0.005283568101080641,0.0016692262153269574
crop_base_left_delta,13,0.4445653379499392,0.45617602705459426,0.28938195676342904,0.07865759895287601
crop_base_yield_delta,13,0.2136123224422894,0.22252371192190146,0.2066965113462114,0.05953092292936549
crop_carbon_above_sp3,13,0.03502271444151312,0.04575534657966897,0.046012415631184814,0.01108762224143827
crop_carbon_below_sp3,13,0.10194659570916889,0.10194659570916889,0.06462017715285978,0.017740823771438194
crop_intercept_sp3,13,0.012380692065738493,0.038151433527617754,0.050762152850957545,0.010888442909650504
crop_nitrogen_above_sp3,13,-0.025566671930543905,0.05184581026803753,0.08460975637830773,0.018409584526638652
crop_nitrogen_below_sp3,13,-0.046528851372774474,0.046528851372774474,0.0366957984261344,0.011912687054919548
crop_carbon_above_sp10,13,0.12810155549584817,0.12810155549584817,0.08213436948047789,0.023140098247467183
crop_carbon_below_sp10,13,0.059456950926255435,0.05976330486483642,0.04943178991333097,0.015321467218106821
crop_intercept_sp10,13,0.08433525980993264,0.08779822495169559,0.08714356001835297,0.023567308229608855
crop_nitrogen_above_sp10,13,-0.04570356913160338,0.04570356913160338,0.029841637006422173,0.00897388708369513
crop_nitrogen_below_sp10,13,-0.023142435699093068,0.023444840719467487,0.02940446716600278,0.008328548589452863
crop_proj_left_delta,13,-0.02964797709065913,0.07386842306110916,0.09553880131526894,0.01997975172707963
crop_proj_yield_delta,13,0.09028624762317261,0.1270646086594855,0.10840451914430597,0.01911050042670108
crop_root_in_top_30,13,0.12927116388363533,0.12927116388363533,0.10019664057524784,0.03103600404087994
crop_root_to_shoot_sp3,13,0.1444450911993857,0.1444450911993857,0.08374686469508281,0.025358704061075755
crop_slope_sp3,13,0.03893048598536077,0.04356232085428311,0.052675650818064794,0.0138580378719512
crop_root_to_shoot_sp10,13,0.09765024095568756,0.09765024095568756,0.08259222227902317,0.028331378326725887
crop_slope_sp10,13,0.14133886088292158,0.1571553899402854,0.1612817307704179,0.04119482253013578
cy0_to_ceq_multiplier,13,0.08376374343211021,0.27649578050155393,0.4881530634579786,0.13128152038504473
litter_carbon,13,-0.00651113400552793,0.00651113400552793,0.0026105722018851243,0.0007072647859770575
litter_nitrogen,13,0.01398206560187687,0.01398206560187687,0.007232994521154191,0.002439985892410404
mortality_fraction_branch_delta,13,-0.05619449038652548,0.0647961546100396,0.07636402152332522,0.017464052910222044
mortality_fraction_croot_delta,13,-0.031143295360028307,0.031324310736167656,0.040790195147545935,0.011358269774699467
mortality_fraction_froot_delta,13,-0.020998278885272906,0.021101611576649363,0.02300273236009215,0.007216859319183552
mortality_fraction_leaf_delta,13,-0.010747229439473316,0.01335382006448545,0.015919135282274344,0.004189912310038953
mortality_fraction_stem_delta,13,-0.12033547153607449,0.1315660533853173,0.15675222323601895,0.045575190883821295
pool_alloc_froot_sp1,13,-1.113921785632432,1.1256167665296564,1.1376178243647352,0.34258300058000174
pool_alloc_leaf_sp1,13,-0.5854424040468416,0.8442285054716233,1.0291324853907864,0.2275208105172362
pool_alloc_stem_sp1,13,-0.36741382815954793,0.3760355764767689,0.5539647209335345,0.14773461100530874
pool_turnover_branch_sp1,13,2.127079010629903,2.127079010629903,1.6011233881110236,0.5002449350466349
pool_turnover_croot_sp1,13,-1.3167788843951242,1.3195627185417265,1.3359176156575328,0.4531276831089113
pool_turnover_froot_sp1,13,-0.7767127087638613,0.7767127087638613,0.8263601076478551,0.2527281523828757
pool_turnover_leaf_sp1,13,-0.27674425835185634,0.3786984606689531,0.5191642797235506,0.1359361354120596
pool_turnover_stem_sp1,13,0.5756702681061269,0.5756702681061269,0.37712769173964167,0.11224357054815089
proj_cover,13,-7.2601532450042985,7.2601532450042985,6.119803348542058,1.833356304833115
proj_fire_off,13,0.08362089480234405,0.08362089480234405,0.1271550590767732,0.04342919757719836
proj_fire_on,13,3.1424037654333277,3.1424037654333277,2.8160679845860166,0.824984319228864
proj_mortality,13,10.432665930737457,10.432665930737457,8.417396026562402,2.737535181360098
proj_thinning_delta,13,34.17611899485513,34.17611899485513,21.020819584471397,5.633426408478038
roth_c_cover_c,13,0.8106612341210738,1.06978958926602,1.2793805779878489,0.3618694693163722
roth_c_dpm_frac_crop,13,-0.08958792467769479,0.09103877958659597,0.0968336127459186,0.03217373199190707
roth_c_dpm_frac_tree,13,1.3034232139993283,1.5373203137336808,1.982108005030959,0.5392793632365748
roth_c_moisture_b_slope,13,-2.040759286354806,2.19818619452654,2.8914103013764665,0.9764701959181417
roth_c_temp_a1,13,0.7038123876625815,0.7126712512765951,0.6312787386080708,0.19968277227320627
roth_c_temp_a2,13,-6.571825576367156,6.620348163327117,6.0296461069083085,1.843752371391073
thinning_fraction_branch_delta,13,0.04456303066785883,0.0715260137682523,0.10017392706974625,0.024895053343488818
thinning_fraction_croot_delta,13,0.013547916481300942,0.023000872497061304,0.034398186491382404,0.008282168466598534
thinning_fraction_froot_delta,13,0.006061655173970148,0.012241861196984016,0.021045602350745273,0.0055163356580237854
thinning_fraction_leaf_delta,13,0.016389902171518495,0.023003819930016482,0.03269432424020081,0.00879832947096648
thinning_fraction_stem_delta,13,0.12955436051147848,0.14694979296990232,0.18305198894558386,0.05085674144653244
tree_carbon_sp1,13,-3.3263434850696525,3.626767006981074,3.5307221038124386,0.9649846158471205
tree_nitrogen_branch_sp1,13,0.052078512033538124,0.052078512033538124,0.04280671759868699,0.013274627980690682
tree_nitrogen_croot_sp1,13,0.16935817772601913,0.16935817772601913,0.19906373769349317,0.06222977142397868
tree_nitrogen_froot_sp1,13,0.004589911537183114,0.004589911537183114,0.004568650967871055,0.001568565241279462
tree_nitrogen_leaf_sp1,13,1.0186696620597757,1.0186696620597757,1.0743437340895936,0.30769154092925344
tree_nitrogen_stem_sp1,13,0.004146090966257227,0.004146090966257227,0.003392906700901726,0.0010925275674993264
tree_root_in_top_30,13,-2.0749341044124945,2.10011985723236,2.412518626444839,0.7726581121836689
tree_root_to_shoot_sp1,13,-2.643804372088609,2.978634054705502,3.2899747329674685,0.9114664952934408
cy0,14,0.39357518448333567,1.0064885364522145,1.5647096579610245,0.4074086019983336
clay,14,-1.276538983790965,1.276538983790965,1.291853864462296,0.3606921957743676
temp_ci_delta,14,0.7661482646160405,0.8046949750257832,0.9118225594484085,0.3031171192870657
rain_ci_delta,14,5.232516624344476,5.684057859499938,7.1184252630915275,1.9590083243818512
evap_ci_delta,14,-0.7780180870405209,0.8625111724052905,2.4752209179957085,0.6644622691668769
ef_N_inputs,14,0.9949546686609214,1.2834499282075573,1.590583348100828,0.4008655019035845
volatile_frac_organic_fertiliser,14,-0.01630156757300264,0.01630156757300264,0.009909378296539416,0.003013845060999333
volatile_frac_synthetic_fertiliser,14,0.21208655635002094,0.21208655635002094,0.1144268907169363,0.03573372926037102
base_sf_qty_scale,14,-0.12171437219275269,0.12171437219275269,0.06001112738603995,0.017457688627474686
proj_lit_qty_scale,14,-0.0028588254260073914,0.020259039255944546,0.025343208542273805,0.004280669905867373
base_stand_density_scale,14,0.0,0.0,0.0,0.0
proj_stand_density_scale,14,-7.440021272106657,8.829868593142907,9.413969771106236,2.6990967728262425
tree_wood_dens_sp1,14,-11.266818793459153,14.145534320761035,18.19823662019166,4.725292517520911
base_cover,14,1.6118138870083776,1.6118138870083776,1.149940516050964,0.2969627377444244
base_fire_off,14,-0.07567880067863837,0.07567880067863837,0.1468986914845586,0.04839404300400014
base_fire_on,14,-0.2566976570635959,0.2566976570635959,0.2666962569089928,0.08929491891855448
base_sf_n_delta,14,-0.012054012840150004,0.012054012840150004,0.005283568101079519,0.0016692262153266656
crop_base_left_delta,14,0.4283079610023838,0.44079335151701515,0.2789802199820224,0.07524035037591151
crop_base_yield_delta,14,0.19690476244234273,0.2069642787828693,0.19691217702335068,0.05595023356548753
crop_carbon_above_sp3,14,0.03134147324015848,0.043053062581144205,0.04429959505401826,0.010203099539357949
crop_carbon_below_sp3,14,0.08953271713957077,0.0897863868806485,0.06015569040766164,0.016448499620880453
crop_intercept_sp3,14,0.011783370876101443,0.03678036777189911,0.048781166489398495,0.010488717823904668
crop_nitrogen_above_sp3,14,-0.025566671930543877,0.051845810268037175,0.08460975637830633,0.018409584526638295
crop_nitrogen_below_sp3,14,-0.04652885137277493,0.04652885137277493,0.03669579842613482,0.011912687054919671
crop_carbon_above_sp10,14,0.11984564369753345,0.11984564369753345,0.0778375703533972,0.021876744272161967
crop_carbon_below_sp10,14,0.055750113268651834,0.05611459531710657,0.04686196246665142,0.014482541096971419
crop_intercept_sp10,14,0.07735077983692742,0.08198336916642976,0.08413334900796698,0.022109277413443325
crop_nitrogen_above_sp10,14,-0.045703569131603394,0.045703569131603394,0.029841637006421395,0.008973887083694862
crop_nitrogen_below_sp10,14,-0.023142435699093848,0.023444840719468334,0.029404467166002465,0.008328548589452943
crop_proj_left_delta,14,-0.039305237942072135,0.07481241225930685,0.0935388459802488,0.02073712083154841
crop_proj_yield_delta,14,0.08763449509837078,0.1233880072978695,0.10535316651237621,0.018594647270391146
crop_root_in_top_30,14,0.11416271702890449,0.11416271702890449,0.09550495117293356,0.02953039767770691
crop_root_to_shoot_sp3,14,0.12391711456125307,0.12391711456125307,0.08026150598459768,0.024269855573208873
crop_slope_sp3,14,0.029934004887083372,0.03796361565070126,0.05184664969954604,0.01320794544655882
crop_root_to_shoot_sp10,14,0.09073560066618024,0.09073560066618024,0.0781821791793827,0.02683707596941546
crop_slope_sp10,14,0.1249548503231572,0.14462950830778676,0.15220626589516073,0.0376732015359436
cy0_to_ceq_multiplier,14,0.07149770795349648,0.24996148156217304,0.44473043599319123,0.12061348103288305
litter_carbon,14,-0.006192871632563523,0.006192871632563523,0.002434120190324033,0.0006598149690551089
litter_nitrogen,14,0.013982065601876629,0.013982065601876629,0.0072329945211538176,0.0024399858924102845
mortality_fraction_branch_delta,14,-0.05613892189869703,0.06586040684576826,0.07767390156734097,0.01772865383755735
mortality_fraction_croot_delta,14,-0.031195311966462295,0.03152247035372854,0.041247552128030655,0.01140306332659455
mortality_fraction_froot_delta,14,-0.02095706458840696,0.021064317892447136,0.023272837909404914,0.0073118850479990845
mortality_fraction_leaf_delta,14,-0.010377232141980941,0.013203408084952096,0.015861823392979365,0.004084519825666654
mortality_fraction_stem_delta,14,-0.11962259262586653,0.13113717305590825,0.15960009037773643,0.04575861025961171
pool_alloc_froot_sp1,14,-1.1279111853761306,1.1419842837517593,1.1679184122520367,0.3535392255241221
pool_alloc_leaf_sp1,14,-0.5666236207758064,0.8433244168030936,1.038122390062627,0.22510860462209856
pool_alloc_stem_sp1,14,-0.3837482502033334,0.39236380725192765,0.5849809892976205,0.15629678694243593
pool_turnover_branch_sp1,14,2.264033398298459,2.264033398298459,1.7726849210501725,0.5537778740459084
pool_turnover_croot_sp1,14,-1.3152273960444054,1.319683660242259,1.362542055521534,0.4631878723824008
pool_turnover_froot_sp1,14,-0.7739834116151425,0.7739834116151425,0.831825734328048,0.25488701402810937
pool_turnover_leaf_sp1,14,-0.2700335438165607,0.37718603543864954,0.5284284941106748,0.13837537042372283
pool_turnover_stem_sp1,14,0.6121341251979455,0.6121341251979455,0.4141157056859975,0.1238331525602324
proj_cover,14,-6.980256878292181,6.980256878292181,6.186021012040926,1.8511184878925144
proj_fire_off,14,0.08362089480234385,0.08362089480234385,0.12715505907677285,0.04342919757719822
proj_fire_on,14,3.2344414789763314,3.2344414789763314,2.903898456718296,0.8492226589625986
proj_mortality,14,11.225580691364893,11.225580691364893,9.312768671062258,3.0306684474609717
proj_thinning_delta,14,35.030700120389824,35.030700120389824,21.787351387030384,5.8321977248322
roth_c_cover_c,14,0.8014983136322199,1.0571461152725452,1.2848009718926652,0.3655508897154532
roth_c_dpm_frac_crop,14,-0.07328008662031958,0.07494094041559161,0.0891326571270556,0.02954323583635948
roth_c_dpm_frac_tree,14,1.2897555025459786,1.5017664059354776,1.9632560366591374,0.5377117605969011
roth_c_moisture_b_slope,14,-1.976645238620452,2.126291651326278,2.7950596136755994,0.9479214386638241
roth_c_temp_a1,14,0.6859733399715114,0.7004762216737138,0.6374728666974688,0.1979908390605549
roth_c_temp_a2,14,-6.361028655356325,6.454490191415407,6.113216583418048,1.844169522400523
thinning_fraction_branch_delta,14,0.03232559468134977,0.05213336974599216,0.08297348811304245,0.021192668234734115
thinning_fraction_croot_delta,14,0.006639966693477516,0.016635005187979467,0.02784014191967491,0.006436609157040395
thinning_fraction_froot_delta,14,0.0038068687721413393,0.00885031968607646,0.014876672934832908,0.003766415754861588
thinning_fraction_leaf_delta,14,0.013350052434171584,0.017909683938299732,0.024793272913413517,0.006817226519009655
thinning_fraction_stem_delta,14,0.10586160094032274,0.1184495161079501,0.15659282859606527,0.04469570687838309
tree_carbon_sp1,14,-3.421113211066608,3.7283494108858717,3.6593551036513405,1.0019743391230327
tree_nitrogen_branch_sp1,14,0.05340811735935761,0.05340811735935761,0.04398501209614265,0.013604882357276886
tree_nitrogen_croot_sp1,14,0.1754304271369351,0.1754304271369351,0.20980842041019726,0.06555958481728236
tree_nitrogen_froot_sp1,14,0.004771714243236627,0.004771714243236627,0.004841924726442681,0.0016663041774309924
tree_nitrogen_leaf_sp1,14,1.0517130571511146,1.0517130571511146,1.1317735513789526,0.3236988859246826
tree_nitrogen_stem_sp1,14,0.004201192189172587,0.004201192189172587,0.0034759618379540053,0.001117081678402147
tree_root_in_top_30,14,-2.1001314032365337,2.1271040039032187,2.4869899019548063,0.797629531519081
tree_root_to_shoot_sp1,14,-2.6993474175669405,3.0375643352792077,3.4019846646434035,0.9547441781699274
cy0,15,0.3723219870581512,0.9634317908937611,1.481263571313184,0.3833028290668028
clay,15,-1.284982163189604,1.284982163189604,1.328547491522109,0.3717482389423222
temp_ci_delta,15,0.7470735322282394,0.7892544027103023,0.9210696358020132,0.30536731602856654
rain_ci_delta,15,5.081793601616557,5.529371545364294,7.07509768431578,1.964750808248882
evap_ci_delta,15,-0.7949436779821408,0.8747100962018836,2.552733308279965,0.6846790485972144
ef_N_inputs,15,1.0592514389847643,1.351474819922778,1.679162093844478,0.4254184176992774
volatile_frac_organic_fertiliser,15,-0.016301567573003113,0.016301567573003113,0.009909378296539552,0.0030138450609992094
volatile_frac_synthetic_fertiliser,15,0.21208655635002086,0.21208655635002086,0.11442689071693637,0.03573372926037103
base_sf_qty_scale,15,-0.12171437219275305,0.12171437219275305,0.06001112738604034,0.017457688627474714
proj_lit_qty_scale,15,-0.0010907171646243829,0.019610272862651663,0.024442576689916774,0.004023223240626167
base_stand_density_scale,15,0.0,0.0,0.0,0.0
proj_stand_density_scale,15,-3.1325732574156793,8.65288687420592,10.494537707790187,2.0068369459868083
tree_wood_dens_sp1,15,-4.805620909097166,16.16261025209967,20.62406497407847,3.97435619062518
base_cover,15,1.5469799687787895,1.5469799687787895,1.102856234961038,0.28523067993324736
base_fire_off,15,-0.0756788006786379,0.0756788006786379,0.14689869148455764,0.048394043003999854
base_fire_on,15,-0.25268390119557166,0.25268390119557166,0.2578435564417397,0.0862088310187553
base_sf_n_delta,15,-0.012054012840149408,0.012054012840149408,0.005283568101080349,0.001669226215327019
crop_base_left_delta,15,0.41401041310620046,0.42727808754492713,0.27008459793419104,0.0723065510134841
crop_base_yield_delta,15,0.18221038264227424,0.19417186434779626,0.18833896834966873,0.052726498144503774
crop_carbon_above_sp3,15,0.028885880877603208,0.041167242475128485,0.042894605029043624,0.009570413020773763
crop_carbon_below_sp3,15,0.08053981149990772,0.08103078585369553,0.056627770082291425,0.015382498538707174
crop_intercept_sp3,15,0.01124784348481575,0.035633619184319724,0.04705908896116441,0.010158368054200607
crop_nitrogen_above_sp3,15,-0.025566671930544578,0.051845810268037563,0.08460975637830603,0.01840958452663819
crop_nitrogen_below_sp3,15,-0.04652885137277519,0.04652885137277519,0.03669579842613481,0.01191268705491977
crop_carbon_above_sp10,15,0.11296503812720649,0.11296503812720649,0.07407954462508912,0.02078164430939442
crop_carbon_below_sp10,15,0.052682012095326115,0.05310088797859157,0.04463314367609309,0.013752804678093778
crop_intercept_sp10,15,0.07146922439187761,0.07763307928263301,0.08136289969230244,0.020688465225333765
crop_nitrogen_above_sp10,15,-0.04570356913160354,0.04570356913160354,0.029841637006421628,0.008973887083694974
crop_nitrogen_below_sp10,15,-0.023142435699093817,0.02344484071946837,0.029404467166002188,0.008328548589452938
crop_proj_left_delta,15,-0.045201147114962335,0.07556916635947296,0.0919330839646998,0.02126958066964037
crop_proj_yield_delta,15,0.08635367080244616,0.12094940856328014,0.10329773756722431,0.01839818303233768
crop_root_in_top_30,15,0.1033433299758264,0.10357564095697355,0.09128836468927665,0.028151363590037705
crop_root_to_shoot_sp3,15,0.10926332056147939,0.10992060946326099,0.07646828739875128,0.02305513171679007
crop_slope_sp3,15,0.023573434181320685,0.03455759265358678,0.050778701874589195,0.012702847342517844
crop_root_to_shoot_sp10,15,0.08490963085861578,0.08490963085861578,0.0742409671704491,0.02549203773795503
crop_slope_sp10,15,0.11135265477642164,0.13476424086467967,0.1446450546230205,0.03463374328693406
cy0_to_ceq_multiplier,15,0.061075077586796936,0.22594247765393236,0.40435274260305787,0.1105143053715849
litter_carbon,15,-0.00591947487035861,0.00591947487035861,0.0022877229583596645,0.000620618577238678
litter_nitrogen,15,0.013982065601877387,0.013982065601877387,0.007232994521153499,0.0024399858924100018
mortality_fraction_branch_delta,15,-0.056396559650240485,0.06706034961907208,0.07919512448734684,0.018073389676294543
mortality_fraction_croot_delta,15,-0.031334208581679776,0.03183472366299066,0.04180464206730522,0.011477696595808712
mortality_fraction_froot_delta,15,-0.020987348285846964,0.021104124366833732,0.023643348936533262,0.007436097205205098
mortality_fraction_leaf_delta,15,-0.010082683728997672,0.013185244508566524,0.015945271119247966,0.004027602147974357
mortality_fraction_stem_delta,15,-0.11952303497317207,0.13140362443279746,0.16330799851804853,0.04624693926047407
pool_alloc_froot_sp1,15,-1.0871764614359407,1.1229569647988005,1.211210974860075,0.36367772830687883
pool_alloc_leaf_sp1,15,-0.5301184204111411,0.8576024831086508,1.0603463332200311,0.22142951711744072
pool_alloc_stem_sp1,15,-0.24994362789875754,0.3220862569413038,0.5654550144333669,0.14911049416771216
pool_turnover_branch_sp1,15,1.7893710332846404,1.848263764833865,1.9081417843953947,0.5759449136404594
pool_turnover_croot_sp1,15,-1.966486115114725,1.972454085508683,1.6954032864162238,0.5787475127433297
pool_turnover_froot_sp1,15,-1.0851350063728387,1.0851350063728387,1.003769148154294,0.30900190743848865
pool_turnover_leaf_sp1,15,-0.41640270493036163,0.4562855947106179,0.5515726153857563,0.15473578313931277
pool_turnover_stem_sp1,15,0.5034806729709838,0.5157064673866575,0.4496485895615001,0.1312491591994653
proj_cover,15,-6.802675970972184,6.802675970972184,6.284363794641617,1.8802085872474203
proj_fire_off,15,0.0836208948023438,0.0836208948023438,0.12715505907677221,0.04342919757719801
proj_fire_on,15,3.311286875322316,3.311286875322316,2.986346879315145,0.87318906591042
proj_mortality,15,9.313738699243064,9.482870433523434,9.601122833506505,3.064125350816851
proj_thinning_delta,15,40.67349568345886,40.67349568345886,19.331394934101823,5.474600208006141
roth_c_cover_c,15,0.7983986834079706,1.0478372915165959,1.2931551765497056,0.3712046326020968
roth_c_dpm_frac_crop,15,-0.06104183824073597,0.06265194229125819,0.08164197395096477,0.027032644532400806
roth_c_dpm_frac_tree,15,1.279880280916674,1.4809692352162696,1.9765272422309554,0.5442202830152898
roth_c_moisture_b_slope,15,-1.9443101911339942,2.085151198681126,2.7412757356395305,0.9324324103204369
roth_c_temp_a1,15,0.6792099686707502,0.6972718702249138,0.6488046754328406,0.19920007114569566
roth_c_temp_a2,15,-6.248383490499423,6.362961655893054,6.204662170819537,1.8583668881559674
thinning_fraction_branch_delta,15,0.026923335998249077,0.041129995740946355,0.07342434156069397,0.019005574179278787
thinning_fraction_croot_delta,15,0.0024580053201034404,0.013373431383954203,0.02486337642894713,0.0058761719813183065
thinning_fraction_froot_delta,15,0.0026266031000654055,0.006780014564450931,0.011029305142899883,0.002686113977370137
thinning_fraction_leaf_delta,15,0.011969163231981005,0.014656567265984344,0.020033599014822167,0.005642358314472339
thinning_fraction_stem_delta,15,0.09163492360349768,0.0999118848223308,0.1450482596604472,0.042720299309616516
tree_carbon_sp1,15,-1.8224028909563923,3.303266808598302,3.8529825992331608,0.819823920694975
tree_nitrogen_branch_sp1,15,0.054790391036670605,0.054790391036670605,0.045254046425749504,0.013960775397886913
tree_nitrogen_croot_sp1,15,0.1817449385190067,0.1817449385190067,0.22109792196315192,0.06905760013571391
tree_nitrogen_froot_sp1,15,0.004962119995789838,0.004962119995789838,0.00512899920322379,0.0017689019226197523
tree_nitrogen_leaf_sp1,15,1.0862171833579592,1.0862171833579592,1.1919390907423906,0.34054584115319764
tree_nitrogen_stem_sp1,15,0.004261327146570787,0.004261327146570787,0.003574202938865153,0.0011462267587655033
tree_root_in_top_30,15,-2.1297948975556777,2.1600715710549374,2.575256586461243,0.8267680655669052
tree_root_to_shoot_sp1,15,-1.129751051558619,2.5827511633353195,3.2137717713429947,0.6668675881135233
cy0,16,0.35096801679665973,0.919297927690544,1.4003503298026292,0.3604523983886723
clay,16,-1.3458496876528367,1.3460006862803966,1.3926504738851324,0.39107182707163135
temp_ci_delta,16,0.7887100112807971,0.8103610930350802,0.9365978221599819,0.31786242800431425
rain_ci_delta,16,5.239435943494811,5.659030609729498,7.2281041809213615,2.0277654048136675
evap_ci_delta,16,-0.8387125288600406,0.9103870874974274,2.676994794268078,0.714927915513218
ef_N_inputs,16,1.1274336969681393,1.4255291212668593,1.7721571254469888,0.45136835419857013
volatile_frac_organic_fertiliser,16,-0.016301567573002572,0.016301567573002572,0.009909378296539442,0.003013845060999333
volatile_frac_synthetic_fertiliser,16,0.21208655635002094,0.21208655635002094,0.11442689071693643,0.03573372926037115
base_sf_qty_scale,16,-0.12171437219275325,0.12171437219275325,0.06001112738604061,0.017457688627474717
proj_lit_qty_scale,16,0.0004725201854464789,0.019270677915116052,0.023682963466681008,0.003749112398942988
base_stand_density_scale,16,0.0,0.0,0.0,0.0
proj_stand_density_scale,16,-8.783054937024726,9.667772048057802,9.954643879636448,3.046323065242289
tree_wood_dens_sp1,16,-13.385426631354145,15.201981337129656,19.154444495971248,5.143290345808582
base_cover,16,1.4839934883648909,1.4839934883648909,1.0578974315216143,0.2740690203109508
base_fire_off,16,-0.07567880067863822,0.07567880067863822,0.1468986914845582,0.048394043004000034
base_fire_on,16,-0.24908737849537016,0.24908737849537016,0.2499358361404054,0.08345615664101412
base_sf_n_delta,16,-0.012054012840149888,0.012054012840149888,0.005283568101080516,0.0016692262153269542
crop_base_left_delta,16,0.40126084520398375,0.4152401936346535,0.26246304987940267,0.06978364545662331
crop_base_yield_delta,16,0.16915379651505372,0.18349524490870572,0.18084032124760724,0.04970560111711029
crop_carbon_above_sp3,16,0.027134322485381186,0.03970787917375215,0.04166242697214151,0.009089833745290966
crop_carbon_below_sp3,16,0.07368691288590766,0.07440146330563574,0.053770416883261125,0.01449329519348096
crop_intercept_sp3,16,0.010765967226839734,0.03462990620272011,0.045556495193529556,0.00987404088115528
crop_nitrogen_above_sp3,16,-0.025566671930544405,0.05184581026803796,0.08460975637830662,0.018409584526638087
crop_nitrogen_below_sp3,16,-0.046528851372775154,0.046528851372775154,0.03669579842613405,0.011912687054919609
crop_carbon_above_sp10,16,0.10713568972450974,0.10713568972450974,0.07078206328499104,0.019826522892780207
crop_carbon_below_sp10,16,0.0500907989618569,0.050560639894343215,0.04269358532402915,0.013114637852233607
crop_intercept_sp10,16,0.0664420699762299,0.07388048292884011,0.07882211633506134,0.01947257460390262
crop_nitrogen_above_sp10,16,-0.04570356913160376,0.04570356913160376,0.029841637006421274,0.008973887083694867
crop_nitrogen_below_sp10,16,-0.023142435699093487,0.023444840719467962,0.029404467166002164,0.008328548589452938
crop_proj_left_delta,16,-0.04882111758434561,0.07561332927119643,0.09059325322204638,0.021732158734443736
crop_proj_yield_delta,16,0.08600585753491688,0.1193652025949962,0.10188722739556418,0.018398793305860476
crop_root_in_top_30,16,0.09512503073204076,0.09555048776075482,0.08751785593939121,0.026971369227013712
crop_root_to_shoot_sp3,16,0.09817494080941452,0.09939522015278303,0.07282242575312334,0.021930481194965726
crop_slope_sp3,16,0.01879020936372754,0.03227277211982792,0.04960419269823077,0.012260987569908847
crop_root_to_shoot_sp10,16,0.0799226735584621,0.0799226735584621,0.07070519091827382,0.024277652050324252
crop_slope_sp10,16,0.0998560455291619,0.12683837742831788,0.13829979459322575,0.032135587264605504
cy0_to_ceq_multiplier,16,0.052297324887378836,0.2041484589417876,0.3671586369797342,0.1009802056217572
litter_carbon,16,-0.00568135299340577,0.00568135299340577,0.002165993454911176,0.0005881627357204461
litter_nitrogen,16,0.013982065601875978,0.013982065601875978,0.007232994521154493,0.002439985892410518
mortality_fraction_branch_delta,16,-0.04535330465958984,0.06289998801760634,0.07511412375299552,0.01631210602745414
mortality_fraction_croot_delta,16,-0.026328521522467112,0.02876387059183074,0.03991010427476451,0.010693083083662965
mortality_fraction_froot_delta,16,-0.017853313461435403,0.018447754845822402,0.0227045868233395,0.007052575559139119
mortality_fraction_leaf_delta,16,-0.006357586079564039,0.01233837542372249,0.01560391878834379,0.0032831797526155144
mortality_fraction_stem_delta,16,-0.0975563956199579,0.12149096845639398,0.159553982647747,0.04208718620424374
pool_alloc_froot_sp1,16,-1.1197997606167864,1.1447564440742295,1.2268385085743088,0.3741281321207776
pool_alloc_leaf_sp1,16,-0.47711708625030075,0.8718793613858153,1.0699798141059635,0.20784044858676437
pool_alloc_stem_sp1,16,-0.4361932367898703,0.43833747643777626,0.6527658649784259,0.18231749455819055
pool_turnover_branch_sp1,16,2.673269537915428,2.673269537915428,2.1947522643281983,0.687699967182313
pool_turnover_croot_sp1,16,-1.0568045234242691,1.0797608323421986,1.4001091098045924,0.4628052538317119
pool_turnover_froot_sp1,16,-0.6470620980359721,0.6591794865362975,0.8143104527766118,0.2438343394916333
pool_turnover_leaf_sp1,16,-0.18634259989230836,0.36196256519228964,0.5512310605831428,0.13418053039437808
pool_turnover_stem_sp1,16,0.7063921205225334,0.7063921205225334,0.4934259697995451,0.14910830556081212
proj_cover,16,-7.089234241527416,7.089234241527416,6.919153887527246,2.0582122349134324
proj_fire_off,16,0.08362089480234391,0.08362089480234391,0.12715505907677285,0.04342919757719829
proj_fire_on,16,4.403777742935953,4.403777742935953,4.410031924920228,1.2643688020447312
proj_mortality,16,13.343919844231483,13.343919844231483,11.512626384567964,3.7279772539763316
proj_thinning_delta,16,35.28444658579268,35.28444658579268,25.85242659282412,6.891099099109379
roth_c_cover_c,16,0.8507628818836768,1.0870495117552625,1.3842061533121843,0.4099842341502659
roth_c_dpm_frac_crop,16,-0.051651554570610034,0.053281355938503694,0.07468331879177718,0.024634736898037215
roth_c_dpm_frac_tree,16,1.7699363063968676,1.8094944505694364,2.36883859128979,0.7180612034035753
roth_c_moisture_b_slope,16,-2.0272576098676423,2.1559268119734964,2.808259429338421,0.9526995259619472
roth_c_temp_a1,16,0.7209978255128673,0.7334353991936865,0.6623683394009366,0.20504569846552162
roth_c_temp_a2,16,-6.647531525896314,6.722008662353825,6.645830894505514,1.9909550341523479
thinning_fraction_branch_delta,16,-0.5135806163445913,0.5160823101765093,0.5619390429788148,0.16689961498596198
thinning_fraction_croot_delta,16,-0.26193982328322096,0.26193982328322096,0.29411739208049087,0.09383033855612682
thinning_fraction_froot_delta,16,-0.12422523373176046,0.12422523373176046,0.1686774938521671,0.04633198713642301
thinning_fraction_leaf_delta,16,-0.15889678460120593,0.15889678460120593,0.22658966646428533,0.07192289349887318
thinning_fraction_stem_delta,16,-0.9886093206445133,1.0001763781638255,1.396077190098892,0.41181645598373273
tree_carbon_sp1,16,-3.9843701647995777,4.14517316578405,4.063408839038018,1.1544563936366152
tree_nitrogen_branch_sp1,16,0.0813119175878586,0.0813119175878586,0.07591086607247809,0.02401186090759627
tree_nitrogen_croot_sp1,16,0.19478428365163028,0.19478428365163028,0.23789497348114025,0.07483243854132328
tree_nitrogen_froot_sp1,16,0.005103852886448041,0.005103852886448041,0.005374202757343041,0.0018587813149983803
tree_nitrogen_leaf_sp1,16,1.0992292447883294,1.0992292447883294,1.2257751673390467,0.34879783670754516
tree_nitrogen_stem_sp1,16,0.00692461020794885,0.00692461020794885,0.007821557074458696,0.002420543716078536
tree_root_in_top_30,16,-2.1687556674380093,2.1965208767640876,2.6618933202194692,0.8554032767903815
tree_root_to_shoot_sp1,16,-2.9976354014413698,3.1963312353632753,3.6113066602573625,1.0684592205708703
cy0,17,0.3298166688231955,0.874728400239454,1.3225006198890006,0.3389155125769012
clay,17,-1.3107295522842655,1.3110542705861299,1.432025350396548,0.4022968931814231
temp_ci_delta,17,0.7325938688768471,0.7749035173227485,0.9367089574322582,0.3106847274666943
rain_ci_delta,17,4.933422285069779,5.383715523487668,7.140922173348921,2.0114764018630336
evap_ci_delta,17,-0.8420029756600567,0.9122052185599314,2.719769430232372,0.7292077413783281
ef_N_inputs,17,1.1129727778269747,1.4389514040286548,1.8241791940732885,0.4561271729535161
volatile_frac_organic_fertiliser,17,-0.016301567573002905,0.016301567573002905,0.009909378296539135,0.0030138450609991144
volatile_frac_synthetic_fertiliser,17,0.2120865563500216,0.2120865563500216,0.11442689071693589,0.03573372926037102
base_sf_qty_scale,17,-0.1217143721927539,0.1217143721927539,0.06001112738604023,0.01745768862747457
proj_lit_qty_scale,17,0.001868314178588859,0.01897712139821082,0.023041031836256144,0.003555907338053478
base_stand_density_scale,17,0.0,0.0,0.0,0.0
proj_stand_density_scale,17,-7.209215484443888,9.105204990557109,10.256333866283043,2.762763236172967
tree_wood_dens_sp1,17,-10.963255465254642,15.200995118294193,20.468349448933314,5.129016620914406
base_cover,17,1.4229608365299895,1.4229608365299895,1.0151558606805402,0.263479485439873
base_fire_off,17,-0.07567880067863864,0.07567880067863864,0.14689869148455897,0.04839404300400031
base_fire_on,17,-0.2458279255711982,0.2458279255711982,0.242783748093938,0.0809708795012899
base_sf_n_delta,17,-0.012054012840149609,0.012054012840149609,0.0052835681010799775,0.001669226215326875
crop_base_left_delta,17,0.3897515730487691,0.4043874294916149,0.2559052668749151,0.06760606422166027
crop_base_yield_delta,17,0.1574418581844348,0.1746696044734751,0.17429309645791147,0.04687687156890188
crop_carbon_above_sp3,17,0.02581866425854303,0.0385212809298843,0.04055182367111651,0.00869454887647576
crop_carbon_below_sp3,17,0.06828017088610172,0.06920604950019607,0.051423681998755306,0.013748093704018537
crop_intercept_sp3,17,0.01033074779001408,0.03373523057403095,0.044240659838387375,0.009634328155122565
crop_nitrogen_above_sp3,17,-0.025566671930544876,0.051845810268037765,0.08460975637830798,0.018409584526638788
crop_nitrogen_below_sp3,17,-0.04652885137277464,0.04652885137277464,0.036695798426134754,0.01191268705491961
crop_carbon_above_sp10,17,0.10212457163429116,0.10212457163429116,0.06787732287981231,0.01898778549326334
crop_carbon_below_sp10,17,0.047862288227920505,0.048387538372546696,0.04099899792539541,0.012550135470510771
crop_intercept_sp10,17,0.06208850054296413,0.07061037009445001,0.076496679181266,0.018420412722653268
crop_nitrogen_above_sp10,17,-0.04570356913160281,0.04570356913160281,0.02984163700642234,0.008973887083695214
crop_nitrogen_below_sp10,17,-0.023142435699093532,0.023444840719467886,0.029404467166002483,0.008328548589453137
crop_proj_left_delta,17,-0.05096693000627265,0.0753374747576919,0.08944584905463757,0.02204400602617944
crop_proj_yield_delta,17,0.08629853296356337,0.11838045927844724,0.10089775469798155,0.01852029906986307
crop_root_in_top_30,17,0.08861961027463272,0.08929061478072835,0.0841656572259155,0.025966563952981532
crop_root_to_shoot_sp3,17,0.0894488464923971,0.09109993261896819,0.06952136939080686,0.020938108084369838
crop_slope_sp3,17,0.015048076520732978,0.030815846497494602,0.04840939236002602,0.011843072267360288
crop_root_to_shoot_sp10,17,0.07559414939648748,0.07559414939648748,0.0675217196412391,0.023178442135054888
crop_slope_sp10,17,0.08998351266505906,0.12029132161595861,0.13293729997474713,0.030068355822239396
cy0_to_ceq_multiplier,17,0.044948477072658144,0.1845139720100022,0.3331599119686606,0.09208051637454095
litter_carbon,17,-0.005471296967472783,0.005471296967472783,0.0020643939268486355,0.0005611737079768544
litter_nitrogen,17,0.013982065601876837,0.013982065601876837,0.007232994521154234,0.002439985892410338
mortality_fraction_branch_delta,17,-0.04936386467545788,0.06520033192486234,0.07749041414208291,0.01721442065204251
mortality_fraction_croot_delta,17,-0.02806501452123448,0.03006671147568022,0.04113834699915212,0.0109994487418765
mortality_fraction_froot_delta,17,-0.018859652587626903,0.019272849745953075,0.02340292745103327,0.00732503965048203
mortality_fraction_leaf_delta,17,-0.007240853036343806,0.012616502167859487,0.015688439306157747,0.003415481809929825
mortality_fraction_stem_delta,17,-0.1045826023230177,0.12485370028186334,0.1642882690635791,0.04373434855472472
pool_alloc_froot_sp1,17,-1.0573557656853176,1.1140226968979814,1.2481327836222444,0.3731985714400761
pool_alloc_leaf_sp1,17,-0.42040851567338144,0.8861718630945212,1.0942256004895148,0.20500404143022474
pool_alloc_stem_sp1,17,-0.4004193605514973,0.42011460686238244,0.6748185416058939,0.18074641646259712
pool_turnover_branch_sp1,17,2.51842646763278,2.51842646763278,2.276945511572536,0.7105511788426159
pool_turnover_croot_sp1,17,-1.1471518993479528,1.1594665560644581,1.4503907631524067,0.48689795624468235
pool_turnover_froot_sp1,17,-0.6921298588302773,0.6961139083205994,0.8326963301173967,0.2512992439339383
pool_turnover_leaf_sp1,17,-0.2107226033506636,0.3699554693519195,0.5617693104244569,0.14073483777637058
pool_turnover_stem_sp1,17,0.6867341538266898,0.6869731628066612,0.5199273699064193,0.15679660005458995
proj_cover,17,-6.595377691569736,6.595377691569736,6.475559669406883,1.9437997546781502
proj_fire_off,17,0.08362089480234389,0.08362089480234389,0.1271550590767729,0.04342919757719827
proj_fire_on,17,2.927977273696194,3.017981980457633,2.940435521681307,0.8543566351667623
proj_mortality,17,13.015974401721087,13.015974401721087,11.932693582627515,3.893602472729516
proj_thinning_delta,17,38.55209756898729,38.55209756898729,21.40454010457656,5.743033445953425
roth_c_cover_c,17,0.7933706386676693,1.0288957362801026,1.2891212645393668,0.37650916324100686
roth_c_dpm_frac_crop,17,-0.04427662623132164,0.0459326588726562,0.06836197912372645,0.022441151298974636
roth_c_dpm_frac_tree,17,0.933785117716414,1.4571384917645738,2.102317674832849,0.526272153047126
roth_c_moisture_b_slope,17,-1.9474532344151954,2.070106454064369,2.713350538361888,0.9249182320801869
roth_c_temp_a1,17,0.6815986579762805,0.7034987562489434,0.6875125352132593,0.20755071033350564
roth_c_temp_a2,17,-6.203177319585625,6.3401151896021375,6.3708673349943625,1.9077043049002578
thinning_fraction_branch_delta,17,0.2022270847621197,0.2022270847621197,0.20907830117511048,0.05999335416186774
thinning_fraction_croot_delta,17,0.07607062792823581,0.07607062792823581,0.08399050057456114,0.02740933950328306
thinning_fraction_froot_delta,17,0.03878545388235371,0.03878545388235371,0.04575480648328467,0.012871748402076081
thinning_fraction_leaf_delta,17,0.06576731470881012,0.06576731470881012,0.07503075065390617,0.021378239520382338
thinning_fraction_stem_delta,17,0.3937532477837777,0.3937532477837777,0.4369195429537718,0.1287430057499345
tree_carbon_sp1,17,-3.3521936777269374,3.782823417497731,3.9468593646387613,1.0839374628959635
tree_nitrogen_branch_sp1,17,0.05527943779538506,0.05527943779538506,0.046240961602507,0.014146253680355823
tree_nitrogen_croot_sp1,17,0.1871828275365388,0.1871828275365388,0.23945125377362866,0.07442123333597606
tree_nitrogen_froot_sp1,17,0.005199600303247865,0.005199600303247865,0.00559404122193777,0.0019437116531358077
tree_nitrogen_leaf_sp1,17,1.1138764525901137,1.1138764525901137,1.268291800074011,0.3611072757334011
tree_nitrogen_stem_sp1,17,0.00418407593423753,0.00418407593423753,0.003630343443606136,0.0011597654316545922
tree_root_in_top_30,17,-1.9054813648140425,2.033967196716838,2.7102100686414308,0.8581267356527863
tree_root_to_shoot_sp1,17,-2.4813467338898496,3.0112609706688342,3.6376612530564696,1.0288906022773023
cy0,18,0.30909275972506045,0.830219450785324,1.2480373123608757,0.3187048044934207
clay,18,-1.301989348920896,1.3024745496290684,1.4839183579417983,0.41833996191468087
temp_ci_delta,18,0.6994788720713001,0.7674554136821612,0.978748990218911,0.3178415169799827
rain_ci_delta,18,4.762524193774789,5.258708144854153,7.237760638840575,2.055352842360766
evap_ci_delta,18,-0.8627106451482458,0.9374189639662053,2.817479577236252,0.7551693880280052
ef_N_inputs,18,1.1837421600377112,1.5140638940595428,1.9240529140608036,0.4836019792278444
volatile_frac_organic_fertiliser,18,-0.01630156757300249,0.01630156757300249,0.009909378296539562,0.0030138450609992987
volatile_frac_synthetic_fertiliser,18,0.2120865563500213,0.2120865563500213,0.11442689071693615,0.035733729260370974
base_sf_qty_scale,18,-0.12171437219275368,0.12171437219275368,0.0600111273860404,0.017457688627474644
proj_lit_qty_scale,18,0.0031256459443530617,0.018748585236869054,0.02249702376248625,0.0034216433117225616
base_stand_density_scale,18,0.0,0.0,0.0,0.0
proj_stand_density_scale,18,-7.727621771750705,9.396355038891892,10.528802378924006,2.9200272303204677
tree_wood_dens_sp1,18,-11.770345758485023,15.61042190694414,21.100610936934775,5.384012396219042
base_cover,18,1.3639571537302349,1.3639571537302349,0.9747240122495753,0.25347427666013295
base_fire_off,18,-0.07567880067863839,0.07567880067863839,0.14689869148455825,0.048394043004
base_fire_on,18,-0.2428444370724049,0.2428444370724049,0.2362447270957278,0.07870309928431736
base_sf_n_delta,18,-0.012054012840150133,0.012054012840150133,0.005283568101081108,0.0016692262153271504
crop_base_left_delta,18,0.37925084065738507,0.3944991691645324,0.2502274525039179,0.06571653547864602
crop_base_yield_delta,18,0.14684441720162245,0.16677660788431664,0.1685865664993799,0.04441701059376912
crop_carbon_above_sp3,18,0.02478725530245459,0.03750160406883359,0.03953701904675544,0.008368605128352443
crop_carbon_below_sp3,18,0.06389002845588344,0.06501595686504423,0.04947673746309806,0.013122271429566863
crop_intercept_sp3,18,0.009937161636801662,0.03292538074164695,0.043084325371079445,0.009436166747018034
crop_nitrogen_above_sp3,18,-0.025566671930543926,0.051845810268037286,0.08460975637830617,0.01840958452663824
crop_nitrogen_below_sp3,18,-0.04652885137277514,0.04652885137277514,0.0366957984261346,0.011912687054919704
crop_carbon_above_sp10,18,0.09776014351979646,0.09776014351979646,0.06531065280717314,0.018247202679105987
crop_carbon_below_sp10,18,0.04591692749291838,0.04649774460055054,0.039511940429142654,0.012049666402223748
crop_intercept_sp10,18,0.05827469855039271,0.06792248108861522,0.07437207316900162,0.017452062914228985
crop_nitrogen_above_sp10,18,-0.04570356913160311,0.04570356913160311,0.029841637006422162,0.008973887083695132
crop_nitrogen_below_sp10,18,-0.023142435699093033,0.02344484071946752,0.029404467166002913,0.008328548589452832
crop_proj_left_delta,18,-0.0521214697705328,0.07493841961721537,0.08844352887076284,0.022191991678712778
crop_proj_yield_delta,18,0.08703282012502732,0.1179046657652875,0.10018565053428886,0.018688432684089946
crop_root_in_top_30,18,0.08330164633448967,0.08425057719561227,0.08118306804671184,0.025095805710422317
crop_root_to_shoot_sp3,18,0.08237018158840363,0.08435714504982902,0.06661031823416481,0.020078192424478596
crop_slope_sp3,18,0.012024625481800272,0.03024399649764642,0.04724374799720566,0.011344245470892588
crop_root_to_shoot_sp10,18,0.07179066268206011,0.07179066268206011,0.0646467289707633,0.022181241060644466
crop_slope_sp10,18,0.08138539766152594,0.11462190840216284,0.1283763879117503,0.028360325202290006
cy0_to_ceq_multiplier,18,0.03881621871492924,0.16690883802565656,0.3022774881228112,0.08385238707603136
litter_carbon,18,-0.005283827286708976,0.005283827286708976,0.001979163382812824,0.0005385997860286186
litter_nitrogen,18,0.01398206560187712,0.01398206560187712,0.007232994521154837,0.0024399858924106766
mortality_fraction_branch_delta,18,-0.052110810987894385,0.06726392854254108,0.07965769802906333,0.017950514892735355
mortality_fraction_croot_delta,18,-0.029228012560370893,0.03104413384105876,0.04217845442786597,0.011264586135314017
mortality_fraction_froot_delta,18,-0.019517859497179258,0.019967542358125458,0.024050631909481673,0.0075284839368550795
mortality_fraction_leaf_delta,18,-0.007714958768607649,0.012924415379796028,0.015928959858189623,0.0035285050980327294
mortality_fraction_stem_delta,18,-0.1092662150583942,0.1284108609430922,0.16975808862426842,0.04515541672781198
pool_alloc_froot_sp1,18,-1.1135994867184915,1.158249721253134,1.2990854269342154,0.3937322136350171
pool_alloc_leaf_sp1,18,-0.4532446539523053,0.8990500787562954,1.1033918754970045,0.20781539158111673
pool_alloc_stem_sp1,18,-0.42520429345069777,0.44199513917607003,0.7137525327545068,0.19180010374535067
pool_turnover_branch_sp1,18,2.6832803476223623,2.6832803476223623,2.468800339418668,0.770907184703474
pool_turnover_croot_sp1,18,-1.2107357950065771,1.224968467817972,1.5085637530278755,0.5080762165543978
pool_turnover_froot_sp1,18,-0.7219681765103234,0.723832056058994,0.8541298841770509,0.2585417055854931
pool_turnover_leaf_sp1,18,-0.22498782029808337,0.37905256778121865,0.5782317259950888,0.14705710838274574
pool_turnover_stem_sp1,18,0.7274386678644769,0.7278372281568322,0.5597170141663803,0.1692509436748837
proj_cover,18,-6.3513339405687175,6.362226488514631,6.823235207959931,2.0340887813943027
proj_fire_off,18,0.0836208948023438,0.0836208948023438,0.1271550590767728,0.04342919757719828
proj_fire_on,18,3.178596526014703,3.2179311070695036,3.0915314417094253,0.9057659154385506
proj_mortality,18,14.04862750733436,14.04862750733436,13.009728423694874,4.245210269979916
proj_thinning_delta,18,39.04989166600562,39.04989166600562,22.534133958584125,6.030659182653279
roth_c_cover_c,18,0.8015601863218805,1.0364673473939012,1.3512725478572245,0.40010191014298974
roth_c_dpm_frac_crop,18,-0.03836937442236653,0.03995785603471301,0.06268186955865732,0.020506310303842513
roth_c_dpm_frac_tree,18,0.9430271953769177,1.4016810762381016,2.0639632934552634,0.527154031109126
roth_c_moisture_b_slope,18,-1.9012036523085274,2.0193960404508897,2.6951856397364935,0.9232091148437457
roth_c_temp_a1,18,0.6592587077345127,0.6916108282452764,0.7285508913444709,0.21543842137561484
roth_c_temp_a2,18,-6.019426572970349,6.255702284892445,6.660552289456245,1.97346339122916
thinning_fraction_branch_delta,18,0.1250957893741554,0.1250957893741554,0.13753528888408198,0.03854436586270006
thinning_fraction_croot_delta,18,0.04268804136844952,0.043692651701253984,0.05111847881842211,0.016443964507730145
thinning_fraction_froot_delta,18,0.02410053178472201,0.02410053178472201,0.027224102074875894,0.00764131688355008
thinning_fraction_leaf_delta,18,0.04228970841066839,0.04228970841066839,0.04558255229406322,0.013583407791589883
thinning_fraction_stem_delta,18,0.2678017200004753,0.2678017200004753,0.3066031553388918,0.08921656139997121
tree_carbon_sp1,18,-3.552895740853587,3.94640268699037,4.104263968404433,1.137953948543864
tree_nitrogen_branch_sp1,18,0.05678088584537703,0.05678088584537703,0.0478050345981916,0.014586731543306274
tree_nitrogen_croot_sp1,18,0.1940271741679441,0.1940271741679441,0.252280508938361,0.07837632491104811
tree_nitrogen_froot_sp1,18,0.005412077386304964,0.005412077386304964,0.00591640388877463,0.002058729828753071
tree_nitrogen_leaf_sp1,18,1.151759579908062,1.151759579908062,1.334124890516612,0.3797812561267346
tree_nitrogen_stem_sp1,18,0.004258810197573315,0.004258810197573315,0.0037695603332421933,0.0012018354748452077
tree_root_in_top_30,18,-2.0245179594990907,2.133860054219496,2.819171422713534,0.8956370285260224
tree_root_to_shoot_sp1,18,-2.641763653160845,3.108214114586759,3.779434261828248,1.0903745353447865
cy0,19,0.2889600373913928,0.786148736161492,1.177134535053351,0.29980242665759044
clay,19,-1.309334827016922,1.309969703035147,1.5445796625265482,0.4373570323414595
temp_ci_delta,19,0.6860229516730226,0.7662092573088513,0.9972189441053314,0.3212836955607352
rain_ci_delta,19,4.638276790738882,5.201829793016229,7.34069383650143,2.080173436971294
evap_ci_delta,19,-0.8826079045692168,0.9661138232007171,2.9025014311357236,0.7799309643889836
ef_N_inputs,19,1.257043550731844,1.5921290044981116,2.0281636558277456,0.5121902288314466
volatile_frac_organic_fertiliser,19,-0.016301567573002707,0.016301567573002707,0.009909378296539463,0.003013845060999303
volatile_frac_synthetic_fertiliser,19,0.21208655635002122,0.21208655635002122,0.1144268907169363,0.03573372926037103
base_sf_qty_scale,19,-0.12171437219275352,0.12171437219275352,0.06001112738604075,0.017457688627474724
proj_lit_qty_scale,19,0.0042672502198523475,0.018602315101481103,0.022034358559980073,0.003329332687003375
base_stand_density_scale,19,0.0,0.0,0.0,0.0
proj_stand_density_scale,19,-8.11113501865152,9.678184578817602,10.84462647490291,3.0513731535400215
tree_wood_dens_sp1,19,-12.38357615952432,16.05202338377645,21.83069981930103,5.620104385098479
base_cover,19,1.307024033925058,1.307024033925058,0.9366619429682128,0.24406361390476622
base_fire_off,19,-0.07567880067863794,0.07567880067863794,0.1468986914845574,0.048394043003999694
base_fire_on,19,-0.2400893760900192,0.2400893760900192,0.23020938169399488,0.07661428167982315
base_sf_n_delta,19,-0.01205401284015035,0.01205401284015035,0.005283568101079863,0.001669226215326905
crop_base_left_delta,19,0.3695805190987787,0.38540558951813453,0.24527740437011544,0.06406697643434392
crop_base_yield_delta,19,0.13717862196546618,0.16020485881019253,0.16362071487522026,0.04195692937913125
crop_carbon_above_sp3,19,0.02394834466574917,0.03659291807233349,0.038602185571842904,0.008098012386658332
crop_carbon_below_sp3,19,0.0602398114388281,0.06155535945152248,0.04784651201969025,0.0125951568548162
crop_intercept_sp3,19,0.009579567079173207,0.032188352836443515,0.04206412463396153,0.009272652312323389
crop_nitrogen_above_sp3,19,-0.02556667193054456,0.05184581026803718,0.08460975637830388,0.01840958452663775
crop_nitrogen_below_sp3,19,-0.04652885137277657,0.04652885137277657,0.03669579842613472,0.011912687054919843
crop_carbon_above_sp10,19,0.09391475775001729,0.09391475775001729,0.06303423362969758,0.017589626012224083
crop_carbon_below_sp10,19,0.04419494892907921,0.044825273842686225,0.038200641409385144,0.011606394402360465
crop_intercept_sp10,19,0.05489874079633315,0.06556228354333675,0.07243234436989703,0.01659275321136028
crop_nitrogen_above_sp10,19,-0.04570356913160299,0.04570356913160299,0.0298416370064209,0.0089738870836946
crop_nitrogen_below_sp10,19,-0.02314243569909285,0.02344484071946737,0.029404467166002504,0.008328548589452669
crop_proj_left_delta,19,-0.052591607021477006,0.0743812624520809,0.0875526387816285,0.022230165851329423
crop_proj_yield_delta,19,0.08807158015048173,0.11786417268247147,0.09965813554933722,0.01886210165351338
crop_root_in_top_30,19,0.078839340000104,0.08002161861580799,0.07851816768204213,0.024324231894314357
crop_root_to_shoot_sp3,19,0.07648834390671605,0.07879015619729673,0.0640715783264501,0.019314715405362736
crop_slope_sp3,19,0.009515794598007419,0.029862827138508186,0.04613302084921305,0.0108815771508524
crop_root_to_shoot_sp10,19,0.06841147076410894,0.06841147076410894,0.062043088588628975,0.021274686959493902
crop_slope_sp10,19,0.0738027371241768,0.10970459025182377,0.12447384143313993,0.02692737649061385
cy0_to_ceq_multiplier,19,0.03370691008526614,0.15142353153421162,0.27436719550561134,0.07619494771162334
litter_carbon,19,-0.005114734247731062,0.005114734247731062,0.0019072257497011749,0.0005195860098219277
litter_nitrogen,19,0.013982065601876403,0.013982065601876403,0.007232994521154806,0.002439985892410626
mortality_fraction_branch_delta,19,-0.054355540675540916,0.06914229947494163,0.08184230751633574,0.01863306647723056
mortality_fraction_croot_delta,19,-0.030159802136312357,0.03191194049167348,0.043176138076941484,0.011523710065313478
mortality_fraction_froot_delta,19,-0.02005349304812493,0.02058284268162808,0.02471390732497063,0.007727757723542151
mortality_fraction_leaf_delta,19,-0.00802646477181529,0.013226345035555209,0.016240093261809446,0.0036349271877164726
mortality_fraction_stem_delta,19,-0.11315842994507878,0.132156852484624,0.17558914348221122,0.04654210598044955
pool_alloc_froot_sp1,19,-1.1593733053981594,1.2001143001095045,1.3538992778348946,0.41308879429319123
pool_alloc_leaf_sp1,19,-0.47311232738715125,0.9130878561746817,1.119017468686695,0.21157868665732135
pool_alloc_stem_sp1,19,-0.4459600785285408,0.4618074114254725,0.75164623332569,0.2024053956452006
pool_turnover_branch_sp1,19,2.828326310193245,2.828326310193245,2.66068646990013,0.8311548120907913
pool_turnover_croot_sp1,19,-1.264177157477759,1.2807578380677698,1.5727320984396826,0.5302418647451795
pool_turnover_froot_sp1,19,-0.7469666466809192,0.7484566162169501,0.8804129578651942,0.26692699905220707
pool_turnover_leaf_sp1,19,-0.2356551008065606,0.3899235019520815,0.5980828950081568,0.15277435756142035
pool_turnover_stem_sp1,19,0.7643140951610091,0.7648929259540239,0.599769892281031,0.18175592933619136
proj_cover,19,-6.20923994733313,6.257580393109818,6.924772164281192,2.0571483333464418
proj_fire_off,19,0.083620894802344,0.083620894802344,0.12715505907677285,0.04342919757719817
proj_fire_on,19,3.3312724128702875,3.3456284153495965,3.2339516790327183,0.949765388586885
proj_mortality,19,15.024415644884565,15.024415644884565,14.114455654369385,4.604786843697271
proj_thinning_delta,19,39.771027992253956,39.771027992253956,23.413138349381494,6.2560497734131735
roth_c_cover_c,19,0.800722674141419,1.0311841474557206,1.3779407752889261,0.4110489013866874
roth_c_dpm_frac_crop,19,-0.033559754920741446,0.03503070526478008,0.057603019254172445,0.018799480340879037
roth_c_dpm_frac_tree,19,1.034459345934075,1.4233413458263506,2.1173576058885155,0.5625399644737191
roth_c_moisture_b_slope,19,-1.876233601764488,1.9871306671982905,2.692232274231362,0.924577921755509
roth_c_temp_a1,19,0.6597810440356324,0.6962387678080229,0.7557819542924021,0.22288723165319269
roth_c_temp_a2,19,-5.923333036219941,6.226111852898674,6.763079952414146,1.9904168411474232
thinning_fraction_branch_delta,19,0.09362446666002724,0.09362446666002724,0.11137892907983225,0.031030803792871927
thinning_fraction_croot_delta,19,0.028837077789673222,0.030324751004767607,0.03688542989208887,0.01138683157773445
thinning_fraction_froot_delta,19,0.018073877232546158,0.018073877232546158,0.019576802314775914,0.005453104877262893
thinning_fraction_leaf_delta,19,0.033323131847538885,0.033323131847538885,0.03608593033657987,0.011066520253810844
thinning_fraction_stem_delta,19,0.2141961454125055,0.2141961454125055,0.2510867912017925,0.07176471363641723
tree_carbon_sp1,19,-3.701500708946868,4.08143823577022,4.258144307263285,1.188323374556424
tree_nitrogen_branch_sp1,19,0.05832678343626111,0.05832678343626111,0.049457058209496876,0.015052391747174952
tree_nitrogen_croot_sp1,19,0.20109879306727824,0.20109879306727824,0.26567501182081643,0.08250478560969833
tree_nitrogen_froot_sp1,19,0.005633046408391929,0.005633046408391929,0.006252876719636066,0.0021787471179506124
tree_nitrogen_leaf_sp1,19,1.190983511518755,1.190983511518755,1.4024961436306174,0.39924441264967164
tree_nitrogen_stem_sp1,19,0.004337953134452399,0.004337953134452399,0.003920269041116668,0.0012475449101351942
tree_root_in_top_30,19,-2.1143681063374187,2.223805618272415,2.9323282471501213,0.9320475602797541
tree_root_to_shoot_sp1,19,-2.7526504705384887,3.18871488340558,3.907681019359513,1.1414533733440955
cy0,20,0.2695315041206872,0.742799137527727,1.109867882224079,0.2821733610264075
clay,20,-1.3241508161339117,1.3249264592975807,1.611249630094826,0.4580208757162868
temp_ci_delta,20,0.6887675812760333,0.7730899451757992,1.0164893431893947,0.3271016184457913
rain_ci_delta,20,4.606683390067046,5.2104466344387115,7.5055336693800285,2.1282648354198828
evap_ci_delta,20,-0.9076256762872866,0.9954137058891479,2.9919482275025255,0.8063741361430327
ef_N_inputs,20,1.3328059198690139,1.6723921645306543,2.136460996690359,0.5421155958215547
volatile_frac_organic_fertiliser,20,-0.01630156757300259,0.01630156757300259,0.009909378296539666,0.0030138450609993447
volatile_frac_synthetic_fertiliser,20,0.21208655635002124,0.21208655635002124,0.1144268907169361,0.03573372926037097
base_sf_qty_scale,20,-0.12171437219275416,0.12171437219275416,0.06001112738603987,0.017457688627474523
proj_lit_qty_scale,20,0.005311147226983992,0.0184957076552442,0.021639192432655156,0.003278178064157246
base_stand_density_scale,20,0.0,0.0,0.0,0.0
proj_stand_density_scale,20,-8.442655021204686,9.946647691106353,11.185936579127423,3.174888702238207
tree_wood_dens_sp1,20,-12.925438822574591,16.486226176969623,22.612753978860685,5.861480297171471
base_cover,20,1.252172025368005,1.252172025368005,0.9009868743322574,0.23525011186441877
base_fire_off,20,-0.07567880067863797,0.07567880067863797,0.14689869148455742,0.0483940430039997
base_fire_on,20,-0.2375256149403993,0.2375256149403993,0.22459376203274195,0.07467470733580929
base_sf_n_delta,20,-0.012054012840149541,0.012054012840149541,0.005283568101080666,0.0016692262153269416
crop_base_left_delta,20,0.36060245325309015,0.37697467878326757,0.24092862561307257,0.06261730523284102
crop_base_yield_delta,20,0.12829820623475055,0.15435005374557723,0.15930596027849697,0.03975812520674456
crop_carbon_above_sp3,20,0.023245166925024742,0.035766430434830375,0.03773664866666422,0.007869632993371675
crop_carbon_below_sp3,20,0.057141674366306794,0.05863694548309828,0.046472034251138314,0.012150764759041296
crop_intercept_sp3,20,0.009254396658343312,0.031515361169294896,0.041161021594005705,0.009137933984880865
crop_nitrogen_above_sp3,20,-0.025566671930545293,0.05184581026803738,0.08460975637830621,0.018409584526638115
crop_nitrogen_below_sp3,20,-0.04652885137277561,0.04652885137277561,0.036695798426134525,0.011912687054919772
crop_carbon_above_sp10,20,0.09049077921896467,0.09049077921896467,0.06100655748088515,0.017002399779015864
crop_carbon_below_sp10,20,0.0426534513434849,0.04332859820878005,0.03703829354758758,0.011211698294700586
crop_intercept_sp10,20,0.0518817955960212,0.06354759876404377,0.07066257645765645,0.015801903530745176
crop_nitrogen_above_sp10,20,-0.04570356913160291,0.04570356913160291,0.0298416370064211,0.008973887083694591
crop_nitrogen_below_sp10,20,-0.023142435699093918,0.023444840719468403,0.029404467166002535,0.008328548589453033
crop_proj_left_delta,20,-0.05258013466756939,0.07370383364475575,0.08674823913417794,0.02219118523792452
crop_proj_yield_delta,20,0.0893189459906874,0.11803307110710666,0.0992547493706935,0.019070423001117543
crop_root_in_top_30,20,0.0750137766571527,0.0764005113634743,0.07612435630976813,0.023633370958302306
crop_root_to_shoot_sp3,20,0.07150461729862143,0.07421459055060413,0.06186565751494004,0.018584277193449846
crop_slope_sp3,20,0.007386519423067325,0.029609854067011533,0.04508963816402374,0.01045724922546209
crop_root_to_shoot_sp10,20,0.0653810777902508,0.0653810777902508,0.059679092889525,0.020449124669989605
crop_slope_sp10,20,0.06703917090564881,0.10545823305807067,0.12111660529818546,0.02569940474304123
cy0_to_ceq_multiplier,20,0.029448985647692882,0.13760086505669672,0.24924377553625612,0.06921963036001683
litter_carbon,20,-0.004960750273870718,0.004960750273870718,0.0018460893136110629,0.0005034455820991989
litter_nitrogen,20,0.013982065601877387,0.013982065601877387,0.007232994521153858,0.0024399858924102472
mortality_fraction_branch_delta,20,-0.05629388536549566,0.07090754722029058,0.0840078668274402,0.01926601763551805
mortality_fraction_croot_delta,20,-0.030957550542141343,0.0327108662057332,0.04416054579394934,0.0117819842331755
mortality_fraction_froot_delta,20,-0.020520261230715726,0.021134771746229082,0.025389476321175063,0.00792830121930241
mortality_fraction_leaf_delta,20,-0.008240560602895314,0.013515610678045492,0.01658099907679296,0.0037339111468184362
mortality_fraction_stem_delta,20,-0.11662482383801813,0.13586969101582275,0.18154336000721047,0.047951289127848615
pool_alloc_froot_sp1,20,-1.2014048763956395,1.241439145198975,1.4118994188620326,0.43237507607138226
pool_alloc_leaf_sp1,20,-0.4880255489577149,0.9275584271641545,1.1374411741615256,0.2157320042672288
pool_alloc_stem_sp1,20,-0.465649442635086,0.48116340993074413,0.7906960682803761,0.2132730581682409
pool_turnover_branch_sp1,20,2.965520849157284,2.9670344490154212,2.8551004397391377,0.8916035398829427
pool_turnover_croot_sp1,20,-1.3118431976431613,1.3306898881584897,1.6408785383780524,0.553240217630851
pool_turnover_froot_sp1,20,-0.7698300705436949,0.7719507185669412,0.9098074263851701,0.2757297936934174
pool_turnover_leaf_sp1,20,-0.2445482981829168,0.40140543245526905,0.6200830177779126,0.15852010761296545
pool_turnover_stem_sp1,20,0.7994012406323477,0.8001542600248273,0.6395991378771055,0.19418667599654835
proj_cover,20,-6.181081220349237,6.253243946918122,7.061886868025192,2.0980815105263644
proj_fire_off,20,0.08362089480234372,0.08362089480234372,0.12715505907677283,0.0434291975771982
proj_fire_on,20,3.449598658739837,3.4521629047047475,3.3625979128233405,0.9893328487822741
proj_mortality,20,16.009359042307562,16.0096506538225,15.267035871697082,4.97867062868904
proj_thinning_delta,20,40.58057730895886,40.58057730895886,24.25762130541778,6.47577456810259
roth_c_cover_c,20,0.8062837097192641,1.0363778348994728,1.398523119621127,0.41991231116437305
roth_c_dpm_frac_crop,20,-0.029590239316157663,0.03091843760685157,0.05306892357972188,0.01729078819676597
roth_c_dpm_frac_tree,20,1.1053029281480753,1.467901207856348,2.1919862714990335,0.594446028099569
roth_c_moisture_b_slope,20,-1.8880815620656706,1.990461663829855,2.7244023010891465,0.9363943530844475
roth_c_temp_a1,20,0.6734134853378653,0.712287128938493,0.7830496643757414,0.23122235185163253
roth_c_temp_a2,20,-5.946320504487269,6.276675825845835,6.879917900436292,2.0220589961637008
thinning_fraction_branch_delta,20,0.07531171596405482,0.07531171596405482,0.09795797325131951,0.027591210066134634
thinning_fraction_croot_delta,20,0.020124254933779305,0.021979552987400716,0.028922172938554307,0.00848195465694019
thinning_fraction_froot_delta,20,0.014180049810303385,0.014180049810303385,0.016167449317009985,0.004580601289625416
thinning_fraction_leaf_delta,20,0.02789602096995462,0.02789602096995462,0.031196116281043445,0.00955417206041283
thinning_fraction_stem_delta,20,0.17767943435342176,0.17767943435342176,0.21595456470212018,0.06116331108588994
tree_carbon_sp1,20,-3.8355871519421507,4.208288144132908,4.417881694237689,1.2399491162537704
tree_nitrogen_branch_sp1,20,0.05991454719534348,0.05991454719534348,0.05119571071161539,0.015542899760292677
tree_nitrogen_croot_sp1,20,0.20839186994705927,0.20839186994705927,0.2796363783914047,0.08680697007559009
tree_nitrogen_froot_sp1,20,0.005862424568828195,0.005862424568828195,0.006603522758451264,0.0023037909197142514
tree_nitrogen_leaf_sp1,20,1.231507983827327,1.231507983827327,1.4733647797332148,0.4194871307798388
tree_nitrogen_stem_sp1,20,0.004421346770450957,0.004421346770450957,0.004081787438650617,0.0012967095550229955
tree_root_in_top_30,20,-2.1951921160487604,2.310414225452158,3.0553587772324624,0.9714797718397942
tree_root_to_shoot_sp1,20,-2.8469778312279055,3.2699227789267398,4.039099590704563,1.190050811143284
cy0,21,0.25087999470845684,0.7003811065692418,1.0462467551422459,0.2657718340604344
clay,21,-1.343881389762403,1.3447901478345552,1.6824872633147074,0.4798394630066817
temp_ci_delta,21,0.6995614591293469,0.7837794058393177,1.039944084359583,0.3351171055519025
rain_ci_delta,21,4.6346666466055195,5.258425073689291,7.719828496057842,2.1949663857763677
evap_ci_delta,21,-0.9372773260073579,1.0269380530814634,3.089305258834335,0.8350053999208775
ef_N_inputs,21,1.4109403569098855,1.7547813292989631,2.2488783447643894,0.5733451884255863
volatile_frac_organic_fertiliser,21,-0.016301567573003023,0.016301567573003023,0.009909378296539527,0.003013845060999314
volatile_frac_synthetic_fertiliser,21,0.21208655635002152,0.21208655635002152,0.11442689071693603,0.03573372926037105
base_sf_qty_scale,21,-0.12171437219275263,0.12171437219275263,0.06001112738603971,0.017457688627474675
proj_lit_qty_scale,21,0.006271792395483461,0.018447756407747633,0.021300044463614366,0.0032482640499567313
base_stand_density_scale,21,0.0,0.0,0.0,0.0
proj_stand_density_scale,21,-8.73964848599387,10.203034620155456,11.541499232898568,3.293365279201746
tree_wood_dens_sp1,21,-13.422916389988867,16.91400205840375,23.430143746250863,6.1077642767921825
base_cover,21,1.1993879660338103,1.1993879660338103,0.8676769391014116,0.22702792835554425
base_fire_off,21,-0.07567880067863823,0.07567880067863823,0.1468986914845584,0.048394043004000166
base_fire_on,21,-0.23512380465409718,0.23512380465409718,0.2193327962752385,0.07286121651570512
base_sf_n_delta,21,-0.012054012840150025,0.012054012840150025,0.005283568101080009,0.0016692262153270973
crop_base_left_delta,21,0.3522087869407557,0.36910319295596056,0.2370783871652295,0.06133448606081252
crop_base_yield_delta,21,0.12008537189074882,0.1491824357111151,0.15556245291815038,0.03777161975486479
crop_carbon_above_sp3,21,0.022639952089219696,0.035003611388129754,0.036931986759598925,0.007673882682882685
crop_carbon_below_sp3,21,0.05446554635670838,0.05613151193201328,0.045306264404019796,0.01177555710993206
crop_intercept_sp3,21,0.008957152862305407,0.0308975894056856,0.04035821084171217,0.009027084801009281
crop_nitrogen_above_sp3,21,-0.025566671930543978,0.05184581026803694,0.0846097563783067,0.018409584526638764
crop_nitrogen_below_sp3,21,-0.04652885137277549,0.04652885137277549,0.036695798426133824,0.011912687054919251
crop_carbon_above_sp10,21,0.08741298522968086,0.08741298522968086,0.05919486596696459,0.016475642247480618
crop_carbon_below_sp10,21,0.04125863180084211,0.0419748546673699,0.03600276697426179,0.010858461252645819
crop_intercept_sp10,21,0.04916406809685857,0.061761112564588425,0.06904887261802398,0.015086146992385556
crop_nitrogen_above_sp10,21,-0.04570356913160263,0.04570356913160263,0.029841637006422242,0.008973887083695276
crop_nitrogen_below_sp10,21,-0.023142435699092585,0.02344484071946707,0.029404467166002868,0.008328548589453194
crop_proj_left_delta,21,-0.05222514962756064,0.07295324020341483,0.0860116629481661,0.022093922651675455
crop_proj_yield_delta,21,0.090707503307354,0.1185873260567335,0.0989361486772797,0.01916873863712703
crop_root_in_top_30,21,0.07167379006465194,0.07324524214751124,0.07396278738610278,0.023009872359660864
crop_root_to_shoot_sp3,21,0.06721277727379885,0.07029551179191665,0.05994988140168778,0.017943175542964204
crop_slope_sp3,21,0.0055444260352218,0.02951082620114816,0.0441184999119645,0.010034882942321088
crop_root_to_shoot_sp10,21,0.06263895783886816,0.06263895783886816,0.05752878537174324,0.019696043097670465
crop_slope_sp10,21,0.06094600555041185,0.10165852057480378,0.11821445027003355,0.02468890198909403
cy0_to_ceq_multiplier,21,0.025893995307391043,0.1254412634929289,0.22669865478034157,0.06279628926508758
litter_carbon,21,-0.004819315959552017,0.004819315959552017,0.0017937486204909487,0.000489631115711564
litter_nitrogen,21,0.013982065601876786,0.013982065601876786,0.007232994521153922,0.002439985892410405
mortality_fraction_branch_delta,21,-0.058032711394279256,0.07259653530741464,0.08614513066886967,0.019860533651393036
mortality_fraction_croot_delta,21,-0.03167523477716978,0.03346759067691148,0.04514660692864616,0.012041878258628215
mortality_fraction_froot_delta,21,-0.02094602155253964,0.02164483327899074,0.026073546659780972,0.008131792619516624
mortality_fraction_leaf_delta,21,-0.008393172984553693,0.013789008828049615,0.016930995558731673,0.0038266867722515237
mortality_fraction_stem_delta,21,-0.11984577866747334,0.13994845923450583,0.1875211392148682,0.04946293474552628
pool_alloc_froot_sp1,21,-1.241265983521713,1.282123858221961,1.471918090609142,0.45174534117856935
pool_alloc_leaf_sp1,21,-0.5003097502502308,0.9423047421384233,1.1573970181094926,0.22000538041449724
pool_alloc_stem_sp1,21,-0.4845208882704982,0.5000937740371165,0.8306584893406054,0.22437143980513116
pool_turnover_branch_sp1,21,3.0960026384400217,3.1006442221188264,3.0506616721863087,0.9518501130645404
pool_turnover_croot_sp1,21,-1.3563340484006141,1.3786994832247723,1.7120831118690045,0.5765965673060293
pool_turnover_froot_sp1,21,-0.791935255660157,0.7954325898176313,0.9413536389863703,0.28482082889074506
pool_turnover_leaf_sp1,21,-0.2525826036058536,0.41322912935307643,0.6436612308277554,0.16451976088743284
pool_turnover_stem_sp1,21,0.8326349979794075,0.8338198087473335,0.6788497924680186,0.20638151409175076
proj_cover,21,-6.212162186551291,6.295633562075428,7.24615410859844,2.1574886158993403
proj_fire_off,21,0.08362089480234366,0.08362089480234366,0.12715505907677235,0.04342919757719809
proj_fire_on,21,3.550886726125402,3.550886726125402,3.4835601548293815,1.0258087660333612
proj_mortality,21,17.010339025826998,17.01252846132567,16.46230792735058,5.364814697432255
proj_thinning_delta,21,41.42664787762486,41.42664787762486,25.083892964238633,6.693031253133873
roth_c_cover_c,21,0.8182691891880431,1.0452188376897422,1.4232779013385477,0.4309944328034804
roth_c_dpm_frac_crop,21,-0.02627699659722384,0.027451679055372463,0.04901940036542519,0.01595256440713779
roth_c_dpm_frac_tree,21,1.1634634766773826,1.519893174950348,2.278087626024182,0.6258491948208602
roth_c_moisture_b_slope,21,-1.9225449430061041,2.0169071958605094,2.7787074926693367,0.9549378286680004
roth_c_temp_a1,21,0.6924829741970002,0.7332705732594839,0.8127649181495473,0.23987405794640718
roth_c_temp_a2,21,-6.037739068943758,6.374674684775686,7.0344811402461715,2.0719210741177285
thinning_fraction_branch_delta,21,0.06401767341018608,0.06401767341018608,0.09004203549159005,0.02587833842719481
thinning_fraction_croot_delta,21,0.014515170957060775,0.01680016553059015,0.02446480761502927,0.006846096974871194
thinning_fraction_froot_delta,21,0.011598004906798126,0.011795441055083173,0.01519265072650193,0.004355369244604644
thinning_fraction_leaf_delta,21,0.024375028419893037,0.024375028419893037,0.028373681886480102,0.008584992551577388
thinning_fraction_stem_delta,21,0.15207496164712497,0.15207496164712497,0.1930207982435655,0.054474756957444956
tree_carbon_sp1,21,-3.960385574928025,4.3290518264831,4.580650286920079,1.2922492777247132
tree_nitrogen_branch_sp1,21,0.06154123340387665,0.06154123340387665,0.05301923054498931,0.016057794808268664
tree_nitrogen_croot_sp1,21,0.21589895898455932,0.21589895898455932,0.29416367598708915,0.0912824561360199
tree_nitrogen_froot_sp1,21,0.006100080363984078,0.006100080363984078,0.00696834558187411,0.002433866927005832
tree_nitrogen_leaf_sp1,21,1.2732831013545798,1.2732831013545798,1.546677211731831,0.4404960927166835
tree_nitrogen_stem_sp1,21,0.004508809621327469,0.004508809621327469,0.004253451585781162,0.0013491452543455001
tree_root_in_top_30,21,-2.271242845801051,2.39506182750502,3.1860740802697696,1.0135408131779382
tree_root_to_shoot_sp1,21,-2.9302034603517417,3.3456229287273667,4.172670066174948,1.238814976571094
cy0,22,0.2330490415656407,0.6590452105200059,0.9862348183066576,0.2505462871222533
clay,22,-1.3479027743094398,1.348915788308784,1.7500297798423987,0.5012651280239236
temp_ci_delta,22,0.7065025410420926,0.7959045687447652,1.066988518560287,0.34254588118770285
rain_ci_delta,22,4.654003584185513,5.300305610162736,7.946133794471326,2.2636142130477985
evap_ci_delta,22,-0.9645577347566741,1.0562782444556609,3.182719690966148,0.8624399572497204
ef_N_inputs,22,1.4598265988516121,1.8330974819281192,2.3665598479822694,0.6002632062296651
volatile_frac_organic_fertiliser,22,-0.01630156757300319,0.01630156757300319,0.009909378296539383,0.0030138450609992315
volatile_frac_synthetic_fertiliser,22,0.21208655635002086,0.21208655635002086,0.11442689071693626,0.03573372926037088
base_sf_qty_scale,22,-0.12171437219275334,0.12171437219275334,0.06001112738603943,0.017457688627474394
proj_lit_qty_scale,22,0.007160887198748828,0.018536943374022414,0.021007416660421545,0.0032022022182191193
base_stand_density_scale,22,0.0,0.0,0.0,0.0
proj_stand_density_scale,22,-9.011135239450706,10.447641994910365,11.90475177639521,3.4082238473152713
tree_wood_dens_sp1,22,-13.889142710035518,17.33450497860536,24.271946875715205,6.357965721532604
base_cover,22,1.148638104046766,1.148638104046766,0.8366745737760787,0.2193825222438047
base_fire_off,22,-0.07567880067863811,0.07567880067863811,0.14689869148455767,0.048394043003999826
base_fire_on,22,-0.23286020789858783,0.23286020789858783,0.21437461776067374,0.07115518366730214
base_sf_n_delta,22,-0.01205401284015134,0.01205401284015134,0.0052835681010813245,0.001669226215327482
crop_base_left_delta,22,0.34431350638894076,0.3617087179023681,0.23364384635053956,0.06019190662578305
crop_base_yield_delta,22,0.11244442018948671,0.14492581688615336,0.15231869733906966,0.03586039791591182
crop_carbon_above_sp3,22,0.04669818105640003,0.04793835673796386,0.0359685812957717,0.011234588490168044
crop_carbon_below_sp3,22,0.1487978484736868,0.1487978484736868,0.06337191524086694,0.01642839769338001
crop_intercept_sp3,22,0.008685498172384528,0.030328562743442276,0.0396420870929061,0.008936090571888333
crop_nitrogen_above_sp3,22,-0.03367589316494504,0.053199967104722676,0.08374088345839655,0.01818471554318291
crop_nitrogen_below_sp3,22,-0.06759884024286811,0.06759884024286811,0.050580262051058686,0.016310658067563252
crop_carbon_above_sp10,22,0.08462223787640437,0.08462223787640437,0.057568686220723767,0.016000736434810585
crop_carbon_below_sp10,22,0.03998585266003203,0.0407401314062391,0.03507535751575368,0.010540772799954695
crop_intercept_sp10,22,0.04669615696912416,0.06019154120372501,0.06757767915281711,0.014418011913717497
crop_nitrogen_above_sp10,22,-0.04570356913160181,0.04570356913160181,0.029841637006423116,0.008973887083695406
crop_nitrogen_below_sp10,22,-0.0231424356990917,0.023444840719466287,0.029404467166003,0.00832854858945287
crop_proj_left_delta,22,0.009790639192496536,0.05895664811807324,0.07364803487359954,0.012536256300869924
crop_proj_yield_delta,22,0.09218918428123904,0.11929414341637737,0.09867627505741633,0.019261873654849163
crop_root_in_top_30,22,0.14641637127226645,0.14641637127226645,0.09090273599925511,0.028496532366483692
crop_root_to_shoot_sp3,22,0.2087170675966255,0.2087170675966255,0.09009694001857298,0.026481662938662155
crop_slope_sp3,22,0.06047237154229355,0.06125843217068301,0.04426230161610394,0.012487988781707525
crop_root_to_shoot_sp10,22,0.06014002268672356,0.06014002268672356,0.0555683167484985,0.019007941255757554
crop_slope_sp10,22,0.05540551012398085,0.09822653513418582,0.11569436305469465,0.023862486694870615
cy0_to_ceq_multiplier,22,0.02291683167123828,0.11458918364603923,0.20651370455499488,0.05700315691676109
litter_carbon,22,-0.0046884082263993375,0.0046884082263993375,0.0017485955479330593,0.0004777084560520795
litter_nitrogen,22,0.013982065601876602,0.013982065601876602,0.007232994521155122,0.0024399858924110027
mortality_fraction_branch_delta,22,-0.05962947092278097,0.07422392031704876,0.0882487561264171,0.020425828816416587
mortality_fraction_croot_delta,22,-0.03234200634383181,0.03421157770014739,0.0461379034583884,0.012298315567848828
mortality_fraction_froot_delta,22,-0.021344873579794275,0.022123318110681613,0.02676122050977536,0.008337879488561944
mortality_fraction_leaf_delta,22,-0.008504111734520575,0.014044128239949688,0.017278566013392685,0.003914399029117517
mortality_fraction_stem_delta,22,-0.12291319336391718,0.14422712161542847,0.19347474554512273,0.051042465850423296
pool_alloc_froot_sp1,22,-1.279757571591211,1.3246233218985008,1.5333343473835697,0.4702870693079546
pool_alloc_leaf_sp1,22,-0.5109778317812406,0.9570562836282178,1.1781149174465644,0.22428138763227035
pool_alloc_stem_sp1,22,-0.5026658406521691,0.5186302958267359,0.8711705133538005,0.23560694415869385
pool_turnover_branch_sp1,22,3.2196424935798182,3.228449580549918,3.245798471464305,1.0117883822074487
pool_turnover_croot_sp1,22,-1.3991942827161172,1.4246911826652653,1.785840683752961,0.6007547877310383
pool_turnover_froot_sp1,22,-0.8139735116071108,0.8187624830906719,0.9744534688752514,0.2943338703006646
pool_turnover_leaf_sp1,22,-0.26022735717668743,0.4252727723931236,0.6685124974447464,0.17080139600955035
pool_turnover_stem_sp1,22,0.8638122700443145,0.8660320236075296,0.717175259103151,0.21816739171497507
proj_cover,22,-6.2205721821669675,6.315588788378704,7.45924987701828,2.2256132661623
proj_fire_off,22,0.07757928817734423,0.07757928817734423,0.11992034557465248,0.041207682631032944
proj_fire_on,22,3.61845241800615,3.6220388440061613,3.5847147505681085,1.0565719654027186
proj_mortality,22,18.029064414921258,18.03315942242969,17.69644943776048,5.763017169329811
proj_thinning_delta,22,42.27523287120922,42.27523287120922,25.900474521859508,6.909523985866652
roth_c_cover_c,22,0.826090260898164,1.0507358462207528,1.4487181111682992,0.44299336749925106
roth_c_dpm_frac_crop,22,-0.06289063663411285,0.06289063663411285,0.04765300905903724,0.015245055221185423
roth_c_dpm_frac_tree,22,1.2141979408571157,1.5757604692802205,2.3706899495155893,0.6572196467753935
roth_c_moisture_b_slope,22,-1.9552293924534454,2.0433304185912595,2.8351650956991308,0.9736658007432032
roth_c_temp_a1,22,0.7077374315385304,0.755180032686954,0.8445215948301282,0.24717284437665132
roth_c_temp_a2,22,-6.1114580306577135,6.471996082960992,7.219929754602065,2.1282203192101443
thinning_fraction_branch_delta,22,0.05670604327246705,0.05670604327246705,0.08496174072684731,0.024986219278744802
thinning_fraction_croot_delta,22,0.010843086790251744,0.014139943514135755,0.021950831697566484,0.005826304686657988
thinning_fraction_froot_delta,22,0.009862690925130469,0.010489663945151596,0.015274320030660343,0.00435662752575494
thinning_fraction_leaf_delta,22,0.021969904232325796,0.021969904232325796,0.02669612634379009,0.007984799397372198
thinning_fraction_stem_delta,22,0.13374589627598987,0.1338669847245741,0.17738406260176684,0.049995000567383575
tree_carbon_sp1,22,-4.07808079183523,4.444375491970287,4.744753990188316,1.344863582034919
tree_nitrogen_branch_sp1,22,0.06320351765896179,0.06320351765896179,0.05492537739863014,0.016596477854018202
tree_nitrogen_croot_sp1,22,0.22361087577290797,0.22361087577290797,0.30925309860944816,0.09592994447555703
tree_nitrogen_froot_sp1,22,0.0063458294408688136,0.0063458294408688136,0.007347280976882834,0.002568956276666782
tree_nitrogen_leaf_sp1,22,1.316248717898415,1.316248717898415,1.6223653322752813,0.4622537706643527
tree_nitrogen_stem_sp1,22,0.0046001352982664835,0.0046001352982664835,0.004434613674541645,0.0014046678084330018
tree_root_in_top_30,22,-2.3447982922497794,2.478410946003012,3.322714021943982,1.0578154024967998
tree_root_to_shoot_sp1,22,-3.005188994901478,3.416600091393652,4.30717156170008,1.2876468768152878
cy0,23,0.21605713675644367,0.6188993187394333,0.9297697228846317,0.23644286257049038
clay,23,-1.3720047587313384,1.3730918429928707,1.8278666113215862,0.5248108175728271
temp_ci_delta,23,0.7244911592573199,0.8134167720461676,1.1002748519372705,0.353624418992184
rain_ci_delta,23,4.747796051135806,5.395634156250526,8.228345033560162,2.3541316669267647
evap_ci_delta,23,-1.0018844620832055,1.0928454128712155,3.2990129502913557,0.8957902977825234
ef_N_inputs,23,1.5423611536207282,1.919446331730752,2.486910461284423,0.6339652558066544
volatile_frac_organic_fertiliser,23,-0.016301567573003058,0.016301567573003058,0.009909378296539364,0.003013845060999189
volatile_frac_synthetic_fertiliser,23,0.2120865563500205,0.2120865563500205,0.11442689071693647,0.035733729260371085
base_sf_qty_scale,23,-0.12171437219275165,0.12171437219275165,0.06001112738603953,0.01745768862747462
proj_lit_qty_scale,23,0.007987994819478744,0.018625572419382126,0.020753475645316568,0.0031871802527250223
base_stand_density_scale,23,0.0,0.0,0.0,0.0
proj_stand_density_scale,23,-9.261545140458685,10.680672773729551,12.271164650661392,3.520034683885128
tree_wood_dens_sp1,23,-14.330169784338073,17.745300483536663,25.129582479352244,6.610894890253242
base_cover,23,1.0998778196308203,1.0998778196308203,0.8078974992811099,0.2122932334722534
base_fire_off,23,-0.0756788006786384,0.0756788006786384,0.14689869148455867,0.04839404300400016
base_fire_on,23,-0.23071592062643842,0.23071592062643842,0.20967887890606912,0.06954208947794076
base_sf_n_delta,23,-0.012054012840149083,0.012054012840149083,0.005283568101078969,0.001669226215326484
crop_base_left_delta,23,0.33684780845336304,0.35472534233612407,0.23055709058253324,0.05916731645693713
crop_base_yield_delta,23,0.10529726379282205,0.14117019835245195,0.1495112075521272,0.034163222437333544
crop_carbon_above_sp3,23,0.03854639140964327,0.04121924572079534,0.03440601041882106,0.01030065156136871
crop_carbon_below_sp3,23,0.11884925252452419,0.11884925252452419,0.05592222577185572,0.014531274291927304
crop_intercept_sp3,23,0.008435870411390784,0.02983625874586044,0.03900085490341754,0.008839979228182793
crop_nitrogen_above_sp3,23,-0.03367589316494551,0.05319996710472248,0.08374088345839711,0.018184715543183426
crop_nitrogen_below_sp3,23,-0.0675988402428671,0.0675988402428671,0.05058026205105904,0.01631065806756329
crop_carbon_above_sp10,23,0.08207231169647282,0.08207231169647282,0.05610289150387785,0.015570504179000558
crop_carbon_below_sp10,23,0.03881522445051598,0.039605068002072155,0.03424026445168159,0.01025365503083115
crop_intercept_sp10,23,0.044439629879649875,0.058751686284147266,0.06623660320855362,0.01381975098201792
crop_nitrogen_above_sp10,23,-0.04570356913160305,0.04570356913160305,0.02984163700642234,0.00897388708369522
crop_nitrogen_below_sp10,23,-0.023142435699092884,0.02344484071946737,0.0294044671660029,0.00832854858945295
crop_proj_left_delta,23,-0.00968539292752683,0.056951357956667545,0.07321183711738609,0.013507653267463761
crop_proj_yield_delta,23,0.0937295771436503,0.12002093624298535,0.09845792770420346,0.01940155886530728
crop_root_in_top_30,23,0.11822188720152234,0.11853347786613799,0.08428994623017265,0.026187245595516658
crop_root_to_shoot_sp3,23,0.15940080695578257,0.15940080695578257,0.08389874715154437,0.02500509631471486
crop_slope_sp3,23,0.03750122640725787,0.04064309916663234,0.04288893328304441,0.01142199643621462
crop_root_to_shoot_sp10,23,0.05784610141611146,0.05784610141611146,0.05377845690059495,0.018378645686835685
crop_slope_sp10,23,0.050327030176217646,0.09510173491696336,0.11349747163593886,0.02319289733608988
cy0_to_ceq_multiplier,23,0.020412643951796604,0.10489294548174319,0.18846996792361354,0.05179708313956737
litter_carbon,23,-0.004566414722948687,0.004566414722948687,0.001709342664239734,0.00046733371331285573
litter_nitrogen,23,0.013982065601876804,0.013982065601876804,0.007232994521154834,0.0024399858924107685
mortality_fraction_branch_delta,23,-0.0611133796117307,0.07579147395719224,0.09031157222961529,0.02096771644373752
mortality_fraction_croot_delta,23,-0.03297274402308897,0.034932266338555694,0.047131580506750606,0.012556296451820043
mortality_fraction_froot_delta,23,-0.02172314970029467,0.022577116790531555,0.027447017636648464,0.008544135485367267
mortality_fraction_leaf_delta,23,-0.008583946756122082,0.014278754481365055,0.017616705759132024,0.003997729034073584
mortality_fraction_stem_delta,23,-0.12587199266548543,0.14835356831516938,0.19937438629634693,0.05261870493598467
pool_alloc_froot_sp1,23,-1.3172680644022454,1.3675314478488798,1.5957515415129906,0.48856562678457127
pool_alloc_leaf_sp1,23,-0.5204364647670866,0.9715042139398828,1.1990286085859234,0.22848324997443317
pool_alloc_stem_sp1,23,-0.5200914484853184,0.5367438362845676,0.9118795160027245,0.2468859501509675
pool_turnover_branch_sp1,23,3.335669547579046,3.3496468304614835,3.4388187555434304,1.0708271475608468
pool_turnover_croot_sp1,23,-1.4413235309543784,1.4695988260352824,1.8618043832299318,0.6256521734440605
pool_turnover_froot_sp1,23,-0.8362693246798372,0.8430492208398155,1.0086929710881503,0.3040304885780938
pool_turnover_leaf_sp1,23,-0.2677182324431929,0.43743698415238097,0.6944416229710128,0.1773134920887955
pool_turnover_stem_sp1,23,0.8926421928847187,0.8958488674318523,0.7542040403289025,0.22959402138471113
proj_cover,23,-6.3020980518379615,6.397786011118055,7.721655358429067,2.3101560071812086
proj_fire_off,23,0.0775792881773436,0.0775792881773436,0.11992034557465174,0.041207682631032715
proj_fire_on,23,3.7139768026067648,3.715766329009606,3.707705926730816,1.0942165232958143
proj_mortality,23,19.064748118852304,19.070686971484548,18.965881842475646,6.172229122515595
proj_thinning_delta,23,43.102343185654306,43.102343185654306,26.711405372502806,7.126080825846358
roth_c_cover_c,23,0.8476282562592689,1.0666763326543154,1.4852960317440145,0.45864785884003695
roth_c_dpm_frac_crop,23,-0.054645616994335865,0.054645616994335865,0.048773403871205934,0.015638124491067218
roth_c_dpm_frac_tree,23,1.2603497773026384,1.6303023426905632,2.4668309058089486,0.6887328546146736
roth_c_moisture_b_slope,23,-2.011728134682118,2.093540736608381,2.9147613368222665,1.0002733346730517
roth_c_temp_a1,23,0.7312245695929029,0.7817220330939723,0.8794423762474183,0.2564936474636718
roth_c_temp_a2,23,-6.269519763310659,6.632305108387266,7.444590108516892,2.2010833473207487
thinning_fraction_branch_delta,23,0.05177506208946768,0.05177506208946768,0.08151942692407171,0.02450738919441832
thinning_fraction_croot_delta,23,0.00841337863484821,0.012652141598009394,0.020511136108184887,0.005237903134548656
thinning_fraction_froot_delta,23,0.008685747473315528,0.009934460902763695,0.015674635482957246,0.004385515222769825
thinning_fraction_leaf_delta,23,0.02025979644436605,0.02025979644436605,0.025715309009711262,0.007642320850147582
thinning_fraction_stem_delta,23,0.12039036547924468,0.1213767863752496,0.1661310879541261,0.046552797609009405
tree_carbon_sp1,23,-4.189457829762537,4.554197114116038,4.908947563468518,1.3975083537729005
tree_nitrogen_branch_sp1,23,0.06489767840623602,0.06489767840623602,0.056911396266268205,0.017158200526595804
tree_nitrogen_croot_sp1,23,0.23151660192066825,0.23151660192066825,0.3248976504620456,0.1007471611280482
tree_nitrogen_froot_sp1,23,0.006599430689945032,0.006599430689945032,0.007740188863136325,0.002709012774270153
tree_nitrogen_leaf_sp1,23,1.360333890384093,1.360333890384093,1.7003449267196706,0.4847379492190273
tree_nitrogen_stem_sp1,23,0.004695091278842434,0.004695091278842434,0.004624637425813804,0.0014630921863249833
tree_root_in_top_30,23,-2.4170762679474693,2.560734228708458,3.463962429003254,1.1039530013193237
tree_root_to_shoot_sp1,23,-3.073477217537287,3.483098325605502,4.441528438038219,1.3363742122610363
cy0,24,0.1999068531244085,0.5800347375781152,0.8767701319903813,0.22339580272430157
clay,24,-1.4000604984050504,1.4013103185650961,1.9083640273840212,0.5488835861727908
temp_ci_delta,24,0.743073821408883,0.8307316605602862,1.135024690016174,0.36534906152869906
rain_ci_delta,24,4.847609872033775,5.529566162598858,8.522151685007813,2.439041125949664
evap_ci_delta,24,-1.0405214590776783,1.1314187955613988,3.417994679980188,0.9296535573439652
ef_N_inputs,24,1.6268826779034034,2.007588332407049,2.6110561086105526,0.6688466411464297
volatile_frac_organic_fertiliser,24,-0.016301567573003307,0.016301567573003307,0.009909378296539288,0.003013845060999236
volatile_frac_synthetic_fertiliser,24,0.2120865563500205,0.2120865563500205,0.11442689071693647,0.03573372926037102
base_sf_qty_scale,24,-0.1217143721927535,0.1217143721927535,0.06001112738604011,0.017457688627474686
proj_lit_qty_scale,24,0.00876099302088299,0.01871342539500568,0.020531769364759502,0.0031971138809129295
base_stand_density_scale,24,0.0,0.0,0.0,0.0
proj_stand_density_scale,24,-9.492683192756303,10.90809131474829,12.637092380592136,3.6287581037858816
tree_wood_dens_sp1,24,-14.748159725662351,18.14306143264043,25.995584466404743,6.865261147216987
base_cover,24,1.0530523389790063,1.0574687197949084,0.7812452162865452,0.20308549504507797
base_fire_off,24,-0.07567880067863864,0.07567880067863864,0.1468986914845585,0.048394043004000124
base_fire_on,24,-0.22867549333216536,0.22867549333216536,0.20521300980323467,0.0680101277578576
base_sf_n_delta,24,-0.01205401284014975,0.01205401284014975,0.005283568101080686,0.0016692262153269839
crop_base_left_delta,24,0.32975697720533026,0.34810024485414365,0.22776383076613996,0.0582430624675069
crop_base_yield_delta,24,0.09857955099707587,0.13772636186596876,0.14708368225811091,0.03266895755515149
crop_carbon_above_sp3,24,0.0349328595433356,0.03866362644321233,0.03366232987224099,0.009584039251813383
crop_carbon_below_sp3,24,0.10582313016147302,0.10582313016147302,0.052558255305953476,0.013674792482041242
crop_intercept_sp3,24,0.008206068120492183,0.02938048428050589,0.03842459302635582,0.008758588157100592
crop_nitrogen_above_sp3,24,-0.03367589316494508,0.053199967104723925,0.08374088345839725,0.01818471554318286
crop_nitrogen_below_sp3,24,-0.06759884024286822,0.06759884024286822,0.05058026205105932,0.016310658067563315
crop_carbon_above_sp10,24,0.07972617147099686,0.07972617147099686,0.054777889016492526,0.01517956905522247
crop_carbon_below_sp10,24,0.03773152500482115,0.03855418726251083,0.03348399766675193,0.009993030652989255
crop_intercept_sp10,24,0.04236419049960623,0.05745153912962895,0.06501411680183193,0.013274440731248824
crop_nitrogen_above_sp10,24,-0.045703569131601826,0.045703569131601826,0.029841637006422395,0.00897388708369506
crop_nitrogen_below_sp10,24,-0.02314243569909292,0.02344484071946737,0.029404467166002788,0.008328548589452926
crop_proj_left_delta,24,-0.016658844086317893,0.05706285068749646,0.07265587286728512,0.014140286843178756
crop_proj_yield_delta,24,0.09530391486712864,0.12075623704655183,0.0982696179441768,0.01957673002276521
crop_root_in_top_30,24,0.1053128359753229,0.10614372191598198,0.081142011834002,0.02500429998982664
crop_root_to_shoot_sp3,24,0.1383952219880257,0.1391857414103895,0.08189772468954676,0.024239898621765114
crop_slope_sp3,24,0.027842773742890986,0.035067022732774726,0.042874748273516866,0.010739661674713866
crop_root_to_shoot_sp10,24,0.055728311755998294,0.05576225465906244,0.05214157441528475,0.01779324359638002
crop_slope_sp10,24,0.045638345023149195,0.09227095824608793,0.11157364036983071,0.02263777996940609
cy0_to_ceq_multiplier,24,0.018294323297156745,0.09621820668354081,0.17235645512441045,0.04713138725247961
litter_carbon,24,-0.00445204002062905,0.00445204002062905,0.0016749576096595083,0.0004582341744334548
litter_nitrogen,24,0.013982065601878351,0.013982065601878351,0.007232994521154581,0.002439985892410731
mortality_fraction_branch_delta,24,-0.06249669796803844,0.07729337882369113,0.0923239296470159,0.021489064819982615
mortality_fraction_croot_delta,24,-0.03357401765949161,0.03562694358605818,0.048121487353185104,0.012815514491840553
mortality_fraction_froot_delta,24,-0.02208288380131528,0.02301788761275777,0.028125180611415865,0.008743518722058577
mortality_fraction_leaf_delta,24,-0.00863781488732592,0.014490686834788939,0.01794074351717499,0.004076950829228455
mortality_fraction_stem_delta,24,-0.12873999552849597,0.152396972279096,0.20519507559070105,0.054155093493174426
pool_alloc_froot_sp1,24,-1.3539458278029972,1.4094556482756577,1.6588606514695967,0.507082679083425
pool_alloc_leaf_sp1,24,-0.5287971491059353,0.9853407397531747,1.219675345332009,0.23254376216355635
pool_alloc_stem_sp1,24,-0.5367462820994122,0.5541525070295894,0.9524381989720744,0.25815803631440476
pool_turnover_branch_sp1,24,3.442938050145736,3.4627431516031235,3.627896817367373,1.1287240930059135
pool_turnover_croot_sp1,24,-1.4832189156642643,1.5139461987992324,1.9396837206424966,0.651218134771803
pool_turnover_froot_sp1,24,-0.8589454234319905,0.868088179245359,1.0437585373062463,0.31388701914553485
pool_turnover_leaf_sp1,24,-0.2751614605039535,0.4495608336707481,0.7212995707262441,0.1840939096481696
pool_turnover_stem_sp1,24,0.9187734772239103,0.9232770486769901,0.7895338773033617,0.24032112867895752
proj_cover,24,-6.391116021301666,6.486357582916488,8.002734044647644,2.4007943923405235
proj_fire_off,24,0.07757928817734358,0.07757928817734358,0.11992034557465096,0.041207682631032486
proj_fire_on,24,3.8040280794825803,3.8072918647328367,3.829789104627163,1.1312010804291424
proj_mortality,24,20.11503481752686,20.126741674611736,20.26672213661821,6.5892429387041025
proj_thinning_delta,24,43.88966417765204,43.88966417765204,27.517722566957147,7.342849806922303
roth_c_cover_c,24,0.8689055881612097,1.0824497910764288,1.5236864671346975,0.47506092161024394
roth_c_dpm_frac_crop,24,-0.04460544753731053,0.04460544753731053,0.04650585971020461,0.014979299473860456
roth_c_dpm_frac_tree,24,1.3033779829487848,1.6833328464729154,2.564542692146105,0.7201010858868288
roth_c_moisture_b_slope,24,-2.0691632305885483,2.145958838102468,2.996672838797229,1.0271714419328282
roth_c_temp_a1,24,0.755448251486572,0.8086775223364875,0.9149344404171605,0.2659867119565392
roth_c_temp_a2,24,-6.434771103370674,6.798444982174973,7.683125425162079,2.2790540827095915
thinning_fraction_branch_delta,24,0.048336115872413175,0.048336115872413175,0.07907651009815109,0.02423771225553011
thinning_fraction_croot_delta,24,0.0068019633004055835,0.011824296654191917,0.019669146122574255,0.004890836677837639
thinning_fraction_froot_delta,24,0.007882803593020588,0.009673220424389412,0.01609764678311359,0.004433588782118583
thinning_fraction_leaf_delta,24,0.019004865942845627,0.019004865942845627,0.025165818013178725,0.007471821176937748
thinning_fraction_stem_delta,24,0.11050103468093249,0.11211621982724555,0.1575795816438394,0.04399971134324364
tree_carbon_sp1,24,-4.294598061487973,4.658101928951569,5.072159419629462,1.4499108555971927
tree_nitrogen_branch_sp1,24,0.0666195851372505,0.0666195851372505,0.058973985336176045,0.017742055242556103
tree_nitrogen_croot_sp1,24,0.23960320490576428,0.23960320490576428,0.34108684440492193,0.10573076482439299
tree_nitrogen_froot_sp1,24,0.0068605826883977265,0.0068605826883977265,0.008146845599673531,0.0028539602428441168
tree_nitrogen_leaf_sp1,24,1.4054564269562757,1.4054564269562757,1.7805142439146173,0.5079212873529102
tree_nitrogen_stem_sp1,24,0.004793417900459779,0.004793417900459779,0.004822891922913082,0.0015242312541623386
tree_root_in_top_30,24,-2.488652939951636,2.6420577480740284,3.6087665491444176,1.1516409139314472
tree_root_to_shoot_sp1,24,-3.1358125755656783,3.545002803526823,4.574731841066764,1.3847818826016884
cy0,25,0.18458571591343403,0.5454191823946151,0.8271460906283585,0.21074324287693924
clay,25,-1.4298160166560883,1.4322603820760549,1.9907693624920497,0.5729651964551054
temp_ci_delta,25,0.7638729193235824,0.8492997637938405,1.1725944246330298,0.37823956049106117
rain_ci_delta,25,4.965817130551904,5.690162921985039,8.833260399714796,2.527032592653924
evap_ci_delta,25,-1.0819570021985798,1.172253658054084,3.5441298697580312,0.965361078760087
ef_N_inputs,25,1.713220493888782,2.097370749258322,2.7388364460278116,0.7048512132270354
volatile_frac_organic_fertiliser,25,-0.016301567573003224,0.016301567573003224,0.009909378296539267,0.003013845060999218
volatile_frac_synthetic_fertiliser,25,0.2120865563500221,0.2120865563500221,0.11442689071693585,0.03573372926037098
base_sf_qty_scale,25,-0.12171437219275243,0.12171437219275243,0.06001112738604018,0.0174576886274747
proj_lit_qty_scale,25,0.009486428741490605,0.018800330559099254,0.020336986621377534,0.003226761770914407
base_stand_density_scale,25,0.0,0.0,0.0,0.0
proj_stand_density_scale,25,-9.704794586200086,11.120980807653439,12.999269339040815,3.7344220126603385
tree_wood_dens_sp1,25,-15.143033301370235,18.531672784306735,26.86303705593806,7.116738715151639
base_cover,25,1.0081010730975097,1.0179317390329885,0.7566032065282094,0.193777729159289
base_fire_off,25,-0.0756788006786392,0.0756788006786392,0.14689869148456022,0.0483940430040008
base_fire_on,25,-0.22672618190237337,0.22672618190237337,0.20095055593083486,0.06654964099326004
base_sf_n_delta,25,-0.012054012840150466,0.012054012840150466,0.005283568101080284,0.001669226215326944
crop_base_left_delta,25,0.32299583358192974,0.3417901094695086,0.22521989557986888,0.057404480411003614
crop_base_yield_delta,25,0.09223802019187213,0.13455162232235468,0.14498696296322358,0.03136052261622567
crop_carbon_above_sp3,25,0.032490562827367744,0.03697430973562561,0.03312885396272241,0.009077695868029903
crop_carbon_below_sp3,25,0.0963006790644579,0.0963006790644579,0.0499293633808797,0.012975760978007905
crop_intercept_sp3,25,0.007993864605652896,0.028952159829101244,0.03790514947175754,0.00869252151012757
crop_nitrogen_above_sp3,25,-0.033675893164945125,0.0531999671047237,0.08374088345839732,0.018184715543183266
crop_nitrogen_below_sp3,25,-0.0675988402428673,0.0675988402428673,0.05058026205105912,0.016310658067563252
crop_carbon_above_sp10,25,0.07755462715422014,0.07755462715422014,0.05357488192087952,0.014822768062345582
crop_carbon_below_sp10,25,0.036722130350851104,0.03757557599924581,0.03279564707280559,0.009755313633043956
crop_intercept_sp10,25,0.040443935836264926,0.0562700659259668,0.06389921321428188,0.012776659457694768
crop_nitrogen_above_sp10,25,-0.045703569131601764,0.045703569131601764,0.029841637006422797,0.008973887083695491
crop_nitrogen_below_sp10,25,-0.023142435699093085,0.023444840719467536,0.02940446716600281,0.008328548589453182
crop_proj_left_delta,25,-0.020966482637492716,0.05726337359074799,0.07232146919997043,0.014645696194766402
crop_proj_yield_delta,25,0.09689441692677873,0.12149250596551626,0.09810370865050301,0.019778969713719348
crop_root_in_top_30,25,0.09618354844921503,0.09765560118289485,0.07838645427383853,0.024092612735524467
crop_root_to_shoot_sp3,25,0.12331509881440499,0.12495816769054628,0.07917472251888054,0.023271875637812193
crop_slope_sp3,25,0.02089499394554858,0.03177656935117816,0.04249704361242076,0.010208265405649002
crop_root_to_shoot_sp10,25,0.05376242005299624,0.05383019318883606,0.050642203922505125,0.017255671241050964
crop_slope_sp10,25,0.041280753159494796,0.08969001130255608,0.10988438310637291,0.02218120305356455
cy0_to_ceq_multiplier,25,0.01649075176405478,0.08844309543600638,0.1579725478242916,0.042958943518986596
litter_carbon,25,-0.004344237027675418,0.004344237027675418,0.0016446095262171985,0.0004501925297073269
litter_nitrogen,25,0.013982065601876686,0.013982065601876686,0.007232994521154955,0.0024399858924109116
mortality_fraction_branch_delta,25,-0.06378155939156277,0.07871965633075152,0.09427412988489575,0.021990578662539173
mortality_fraction_croot_delta,25,-0.03414748492507954,0.036294060620845704,0.04910000029974968,0.013073973764901829
mortality_fraction_froot_delta,25,-0.022423275682040444,0.02343086254064476,0.02878999046389829,0.008941388307750563
mortality_fraction_leaf_delta,25,-0.008667599058694533,0.014677700780736843,0.018247269505083777,0.004152050337227859
mortality_fraction_stem_delta,25,-0.13151828586610725,0.15632344712837684,0.2109114467041517,0.05565632311024842
pool_alloc_froot_sp1,25,-1.3897909708277347,1.4503075047747138,1.722380694166942,0.5257798535542174
pool_alloc_leaf_sp1,25,-0.5360212483081946,0.9982722061898581,1.239652891056785,0.2363973860307235
pool_alloc_stem_sp1,25,-0.5525379871956364,0.5707184365240245,0.9924972072950966,0.2693343839623427
pool_turnover_branch_sp1,25,3.540074289856251,3.571138521878518,3.8110788347138045,1.1839301900065209
pool_turnover_croot_sp1,25,-1.5251208777021232,1.5599293880877396,2.0192007715120113,0.6770816965985202
pool_turnover_froot_sp1,25,-0.8820073473025782,0.8935235986147226,1.0793923260173148,0.3238559314378689
pool_turnover_leaf_sp1,25,-0.28258723652662115,0.46156261050550285,0.7489558692479635,0.1911331546504747
pool_turnover_stem_sp1,25,0.9418139057291686,0.9483606576716103,0.8227360724722728,0.24995319036815247
proj_cover,25,-6.495536286205142,6.588932850273471,8.3058844660175,2.498132989984858
proj_fire_off,25,0.07757928817734333,0.07757928817734333,0.11992034557465064,0.04120768263103222
proj_fire_on,25,3.8923655651394418,3.89854802064284,3.953247424892624,1.1684492693054371
proj_mortality,25,21.176437905332953,21.20093411236817,21.59456257809106,7.010797810293275
proj_thinning_delta,25,44.62218692588293,44.62218692588293,28.318494363416306,7.5595006599625165
roth_c_cover_c,25,0.8928258231976958,1.1002393319473662,1.5657532157392986,0.49276101240829967
roth_c_dpm_frac_crop,25,-0.03727098642869745,0.037298501359424883,0.04367423634794913,0.014083755154006533
roth_c_dpm_frac_tree,25,1.3439885356741346,1.7345509092981275,2.6624144848582083,0.7511212084605238
roth_c_moisture_b_slope,25,-2.130904313787509,2.207476524471292,3.084543348906741,1.055304957299969
roth_c_temp_a1,25,0.7815404026792361,0.8364535680955655,0.9518684434087908,0.27617822542863896
roth_c_temp_a2,25,-6.6169740610828045,6.976316152851259,7.939674607799152,2.364578558792281
thinning_fraction_branch_delta,25,0.04587048797027441,0.04587048797027441,0.07725357061037134,0.024067943997395633
thinning_fraction_croot_delta,25,0.0057432846622454126,0.011275209595409303,0.019162321694516937,0.004704022578150039
thinning_fraction_froot_delta,25,0.007333532383866836,0.009490367388730093,0.01644687513100006,0.00450097059728032
thinning_fraction_leaf_delta,25,0.01806024352764824,0.01806618499690839,0.024876422508520176,0.007406628906558604
thinning_fraction_stem_delta,25,0.10306777584177156,0.10512349848442896,0.15076175437986905,0.04201699884540035
tree_carbon_sp1,25,-4.393200448923403,4.755487068299528,5.233373047822044,1.5017868422080594
tree_nitrogen_branch_sp1,25,0.06836469206526151,0.06836469206526151,0.06110926868616269,0.018346966792415886
tree_nitrogen_croot_sp1,25,0.24785577697564803,0.24785577697564803,0.3578064228048594,0.11087626147596798
tree_nitrogen_froot_sp1,25,0.0071289206141378235,0.0071289206141378235,0.00856693683728281,0.003003690052113631
tree_nitrogen_leaf_sp1,25,1.4515225519162722,1.4515225519162722,1.8627527603698755,0.5317709313647483
tree_nitrogen_stem_sp1,25,0.004894827634878368,0.004894827634878368,0.005028744703054213,0.0015878942280529763
tree_root_in_top_30,25,-2.5597040460325458,2.7222465550480797,3.756222500722583,1.200585664324847
tree_root_to_shoot_sp1,25,-3.1924440704801746,3.6024271918170854,4.7058006856077705,1.432511916186208
cy0,26,0.17007402137642608,0.5152589179516208,0.7808010341172913,0.19866706164348527
clay,26,-1.4609406886047354,1.466869714374957,2.0747892857111006,0.5965682771432549
temp_ci_delta,26,0.7859074956575799,0.868947400719539,1.2126729311316304,0.3919901407832183
rain_ci_delta,26,5.096070043538535,5.8526431751396615,9.155895706846918,2.6211113956012615
evap_ci_delta,26,-1.1255912708814488,1.2144308112391786,3.6768910191674213,1.0029094280841708
ef_N_inputs,26,1.8011819068842398,2.188719161790874,2.870061887883636,0.7418617352515564
volatile_frac_organic_fertiliser,26,-0.016301567573003224,0.016301567573003224,0.00990937829653916,0.0030138450609991803
volatile_frac_synthetic_fertiliser,26,0.2120865563500205,0.2120865563500205,0.11442689071693612,0.03573372926037093
base_sf_qty_scale,26,-0.12171437219275358,0.12171437219275358,0.0600111273860407,0.017457688627474762
proj_lit_qty_scale,26,0.010169779806867119,0.01888615106609859,0.020164756296761028,0.0032717281589640956
base_stand_density_scale,26,0.0,0.0,0.0,0.0
proj_stand_density_scale,26,-9.897170971762838,11.317041941276603,13.354587878863558,3.8365884721338506
tree_wood_dens_sp1,26,-15.513367110754512,18.90221026111471,27.72528226027476,7.365828349948003
base_cover,26,0.9649603133076445,0.9796711638022348,0.7338529179114825,0.18533729393070378
base_fire_off,26,-0.07567880067863872,0.07567880067863872,0.14689869148455859,0.04839404300400014
base_fire_on,26,-0.22485737995124086,0.22485737995124086,0.1968697539888223,0.06515267495059
base_sf_n_delta,26,-0.012054012840151132,0.012054012840151132,0.005283568101081318,0.0016692262153274737
crop_base_left_delta,26,0.316526712342016,0.335758669486692,0.2228889268632304,0.05663957860140488
crop_base_yield_delta,26,0.08622789882746287,0.13160936736684747,0.14317756866625914,0.030223091382523135
crop_carbon_above_sp3,26,0.030713527698658056,0.03569425568839247,0.032654865468493534,0.008714497935247319
crop_carbon_below_sp3,26,0.08898711143728646,0.08898711143728646,0.047832919928139685,0.012412890043623198
crop_intercept_sp3,26,0.0077973425921971234,0.02854743655178668,0.03743501256692496,0.008639490662683609
crop_nitrogen_above_sp3,26,-0.033675893164944994,0.053199967104723564,0.08374088345839734,0.018184715543183502
crop_nitrogen_below_sp3,26,-0.06759884024286866,0.06759884024286866,0.05058026205106002,0.016310658067563627
crop_carbon_above_sp10,26,0.07553255959348018,0.07553255959348018,0.052478413465579146,0.014495952526248065
crop_carbon_below_sp10,26,0.03577717164261041,0.03665946583963134,0.032166000149687554,0.009537544963626113
crop_intercept_sp10,26,0.038658015069917444,0.05519823541335791,0.06288232983204275,0.012331735127413411
crop_nitrogen_above_sp10,26,-0.045703569131603644,0.045703569131603644,0.02984163700642132,0.008973887083694775
crop_nitrogen_below_sp10,26,-0.0231424356990926,0.023444840719467053,0.029404467166001574,0.008328548589452764
crop_proj_left_delta,26,-0.023718384615992745,0.057296564529647875,0.07205879181957185,0.015048112200847846
crop_proj_yield_delta,26,0.09848804027658133,0.12227585729243522,0.09795488093563218,0.019969878033410993
crop_root_in_top_30,26,0.08927555647647448,0.09118091810778466,0.07593744486345066,0.02334397626577068
crop_root_to_shoot_sp3,26,0.11183533020431018,0.11430108781419215,0.07635329453123729,0.022231374335153483
crop_slope_sp3,26,0.015589057761128114,0.02948919631082366,0.041929553108225125,0.00984553070231721
crop_root_to_shoot_sp10,26,0.05192915084891993,0.05202858492893484,0.04926673603806613,0.016761782365906783
crop_slope_sp10,26,0.037207735358611195,0.08729266747767717,0.10839519159339867,0.021824513236372592
cy0_to_ceq_multiplier,26,0.014943838385726854,0.0814826741378165,0.1451324201212362,0.03923141546276914
litter_carbon,26,-0.004242150721097798,0.004242150721097798,0.0016176294532983663,0.00044303503010163726
litter_nitrogen,26,0.013982065601878285,0.013982065601878285,0.007232994521154344,0.002439985892410483
mortality_fraction_branch_delta,26,-0.06496365529285608,0.08011599719592126,0.09614903850748757,0.022443980940824927
mortality_fraction_croot_delta,26,-0.03469183402842612,0.03693190263242925,0.050058826346687575,0.013329149359532538
mortality_fraction_froot_delta,26,-0.02274213542787907,0.023815538424706278,0.029435667665924373,0.00913573056180921
mortality_fraction_leaf_delta,26,-0.0086732333731524,0.014837523657891427,0.01853356417610361,0.004222831005325274
mortality_fraction_stem_delta,26,-0.13419717495802558,0.1600813966998959,0.21649641907991884,0.057132265679889424
pool_alloc_froot_sp1,26,-1.4247081822647587,1.4899472604013198,1.7860310734303346,0.5445846439441611
pool_alloc_leaf_sp1,26,-0.5419904598316387,1.0100208827823942,1.2585977751847015,0.23997900439532496
pool_alloc_stem_sp1,26,-0.5673467289912713,0.5862899173806969,1.0317009474521122,0.28032226459640786
pool_turnover_branch_sp1,26,3.6255706710025244,3.6694833973824794,3.9863019499346932,1.2366925501457868
pool_turnover_croot_sp1,26,-1.567098169460394,1.6059086635499262,2.100071511050873,0.7034369765886925
pool_turnover_froot_sp1,26,-0.9053908971450195,0.9194587303722962,1.115366211884501,0.3338784516590205
pool_turnover_leaf_sp1,26,-0.2899787542093589,0.4741532272143522,0.7772861414138542,0.19827875938676726
pool_turnover_stem_sp1,26,0.9613478137404318,0.970674699108071,0.8533618435896985,0.25854734561613646
proj_cover,26,-6.608866723390646,6.704672809323223,8.62725415901532,2.599338538857072
proj_fire_off,26,0.0775792881773435,0.0775792881773435,0.11992034557465092,0.0412076826310324
proj_fire_on,26,3.979768687476497,3.9899404630554245,4.07785626095172,1.2059659385280008
proj_mortality,26,22.244574961231912,22.283811732709744,22.944384236386757,7.439608775851315
proj_thinning_delta,26,45.28690464214534,45.28690464214534,29.11146368538497,7.775366072744769
roth_c_cover_c,26,0.9187691929615995,1.1199785740058492,1.6114435820589108,0.511683752033245
roth_c_dpm_frac_crop,26,-0.03177020983543882,0.03177020983543882,0.04072040034832521,0.013136958132292202
roth_c_dpm_frac_tree,26,1.382462417847837,1.7836095695089351,2.75936441034917,0.7816279420273586
roth_c_moisture_b_slope,26,-2.19468421370713,2.271006356188013,3.1758519810894557,1.084808853793472
roth_c_temp_a1,26,0.808742094348219,0.8646856946625388,0.9902309420877841,0.28695179503774026
roth_c_temp_a2,26,-6.809116974443931,7.173139706017831,8.212064634318128,2.4514167589755798
thinning_fraction_branch_delta,26,0.04406122978216807,0.04408397803553414,0.07581121346674959,0.023933053516200505
thinning_fraction_croot_delta,26,0.0050666158389282845,0.010920429817696281,0.018842353695489377,0.004605907947785918
thinning_fraction_froot_delta,26,0.006958107534699232,0.009342461300250182,0.016700227096841623,0.004562219007086714
thinning_fraction_leaf_delta,26,0.017333762416808306,0.01737836835542616,0.024734636080517243,0.007392666412537703
thinning_fraction_stem_delta,26,0.09739981862135809,0.09974686866595854,0.14510895338980095,0.04041475435969023
tree_carbon_sp1,26,-4.484743129294609,4.84564418242879,5.3915736600550614,1.5528332465517551
tree_nitrogen_branch_sp1,26,0.0701280380855415,0.0701280380855415,0.06331277484057303,0.01897168568764831
tree_nitrogen_croot_sp1,26,0.25625739697015415,0.25625739697015415,0.3750381089414102,0.11617792827922205
tree_nitrogen_froot_sp1,26,0.007404013757317038,0.007404013757317038,0.009000051096615991,0.0031580588915401065
tree_nitrogen_leaf_sp1,26,1.4984267105377822,1.4984267105377822,1.9469201761319725,0.5562481908745944
tree_nitrogen_stem_sp1,26,0.004999004702938764,0.004999004702938764,0.0052415547613018235,0.0016538850315246066
tree_root_in_top_30,26,-2.6301504235086357,2.8010564740348634,3.9055035863710392,1.2505015659715664
tree_root_to_shoot_sp1,26,-3.2433053531647618,3.656972690195463,4.833765581928905,1.4788151264406113
cy0,27,0.15634493416160683,0.4860013006426428,0.7376356451495316,0.1876365683976373
clay,27,-1.4931266437557782,1.5046608499451168,2.1600926111564407,0.6199096465374176
temp_ci_delta,27,0.8085863230671352,0.8907744821734829,1.254811654799095,0.4059320510420664
rain_ci_delta,27,5.233868306124355,6.014698460576524,9.48567440840943,2.7194341694899764
evap_ci_delta,27,-1.170961575705419,1.2582183115357388,3.815505432563379,1.0420217952440944
ef_N_inputs,27,1.8905521191719152,2.2829743496559542,3.004512003898305,0.7789904719729962
volatile_frac_organic_fertiliser,27,-0.01630156757300319,0.01630156757300319,0.009909378296539172,0.0030138450609991786
volatile_frac_synthetic_fertiliser,27,0.2120865563500208,0.2120865563500208,0.11442689071693658,0.03573372926037111
base_sf_qty_scale,27,-0.12171437219275234,0.12171437219275234,0.06001112738604054,0.017457688627474845
proj_lit_qty_scale,27,0.010815664074669279,0.018970780138949,0.02001147882823429,0.0033284059033933627
base_stand_density_scale,27,0.0,0.0,0.0,0.0
proj_stand_density_scale,27,-10.068524094721434,11.493911452071083,13.699998481560597,3.934676751036521
tree_wood_dens_sp1,27,-15.856914267581095,19.24857871369224,28.575763757337445,7.6117923934414184
base_cover,27,0.923565321679574,0.9426615846705516,0.7128708146354497,0.17771644310676588
base_fire_off,27,-0.07567880067863868,0.07567880067863868,0.1468986914845594,0.04839404300400049
base_fire_on,27,-0.22306060275565862,0.22306060275565862,0.19295357964149576,0.06381299077656503
base_sf_n_delta,27,-0.012054012840149267,0.012054012840149267,0.005283568101080894,0.0016692262153270093
crop_base_left_delta,27,0.31031933876232354,0.32997650941273765,0.22074069957352735,0.05593829754280334
crop_base_yield_delta,27,0.08051224410063071,0.12886896167821651,0.14161731970102898,0.029243448684909475
crop_carbon_above_sp3,27,0.02934522713901801,0.034649156745019755,0.032199877211714543,0.008437406312802289
crop_carbon_below_sp3,27,0.08317515802982542,0.08317515802982542,0.04615608093457851,0.011970407572622273
crop_intercept_sp3,27,0.00761422083289808,0.02816330943386397,0.0370086204914049,0.00859777010804892
crop_nitrogen_above_sp3,27,-0.033675893164945944,0.05319996710472465,0.08374088345839713,0.018184715543182538
crop_nitrogen_below_sp3,27,-0.06759884024286848,0.06759884024286848,0.050580262051058686,0.016310658067563086
crop_carbon_above_sp10,27,0.07364081114333237,0.07364081114333237,0.05147523028726035,0.014195524896019562
crop_carbon_below_sp10,27,0.03488843550760197,0.035797778882526624,0.03158711800025714,0.00933721043067535
crop_intercept_sp10,27,0.03698963633229296,0.054214674162932075,0.06195421610192492,0.011931870003516956
crop_nitrogen_above_sp10,27,-0.04570356913160343,0.04570356913160343,0.029841637006422148,0.0089738870836953
crop_nitrogen_below_sp10,27,-0.02314243569909192,0.02344484071946637,0.02940446716600271,0.008328548589453191
crop_proj_left_delta,27,-0.025475496525984954,0.05720756203700348,0.07182380454734323,0.015346582067125004
crop_proj_yield_delta,27,0.10007533558631124,0.12306664061809236,0.09781950733938594,0.020167690974752298
crop_root_in_top_30,27,0.08379500110656829,0.08601579715752562,0.07377123039681735,0.022706591777134175
crop_root_to_shoot_sp3,27,0.1027418887975915,0.10620641323875338,0.07373466498775356,0.021125468037548275
crop_slope_sp3,27,0.011378742894498816,0.02856090628609389,0.04130430367664006,0.009368230338555706
crop_root_to_shoot_sp10,27,0.05021166097787364,0.05041142776368203,0.04800359136898812,0.016282542634779983
crop_slope_sp10,27,0.033381242578193075,0.08505264960387697,0.10707790403591456,0.021554062450375312
cy0_to_ceq_multiplier,27,0.013605324722683937,0.07526543820027239,0.1336653145485003,0.0359024907419683
litter_carbon,27,-0.004145080784305422,0.004145080784305422,0.0015934728341102178,0.00043662130584543355
litter_nitrogen,27,0.013982065601879317,0.013982065601879317,0.007232994521154629,0.0024399858924105287
mortality_fraction_branch_delta,27,-0.06603477455517866,0.08148902149889836,0.09793462254218406,0.02284097693288112
mortality_fraction_croot_delta,27,-0.03520392352653111,0.03753322020933487,0.050989434343055993,0.013579327883899636
mortality_fraction_froot_delta,27,-0.023036329467644077,0.024176335745860762,0.03005645125343931,0.009324551409182025
mortality_fraction_leaf_delta,27,-0.008653455628065193,0.014967843746816029,0.018797320666130803,0.004288996049401419
mortality_fraction_stem_delta,27,-0.13675985729703904,0.1636508718298315,0.22192084239812174,0.05857688922061305
pool_alloc_froot_sp1,27,-1.4585380280321485,1.5283614379147688,1.8495199344251831,0.5633317995023563
pool_alloc_leaf_sp1,27,-0.5465433745221882,1.0203235993298216,1.2761735296186614,0.2432245205250441
pool_alloc_stem_sp1,27,-0.5810344818640438,0.6008951212736996,1.0696866597485561,0.2910572943772829
pool_turnover_branch_sp1,27,3.697854262892747,3.7546228617820545,4.151421264598324,1.2866418127427675
pool_turnover_croot_sp1,27,-1.6091070986189628,1.651626526008036,2.1819920168294242,0.7302180615792961
pool_turnover_froot_sp1,27,-0.9289866060504675,0.9454521677339371,1.1514673703709566,0.34394388514575036
pool_turnover_leaf_sp1,27,-0.2972896214386721,0.4866239313542037,0.8061650162303916,0.20560455409178602
pool_turnover_stem_sp1,27,0.9769501549524771,0.9895211655592627,0.8809516346658932,0.2659609193658342
proj_cover,27,-6.727282931904061,6.825363614003611,8.963054651554549,2.7042146276857277
proj_fire_off,27,0.0775792881773438,0.0775792881773438,0.119920345574651,0.04120768263103249
proj_fire_on,27,4.0664875516592085,4.081662251578124,4.2031913926090905,1.243676111346371
proj_mortality,27,23.31431264976752,23.37638216537402,24.310533605247638,7.87272743070923
proj_thinning_delta,27,45.87209899745614,45.87209899745614,29.893438697670724,7.989530782929233
roth_c_cover_c,27,0.94613926232991,1.1413574531089397,1.6603410002177266,0.5316684115722845
roth_c_dpm_frac_crop,27,-0.027517119157510272,0.027529973044381827,0.03785068974358986,0.012193536094644514
roth_c_dpm_frac_tree,27,1.4188352048442017,1.8301462658235272,2.8545095706728754,0.8114726256847551
roth_c_moisture_b_slope,27,-2.2589648572418306,2.334881870315129,3.2688121173410187,1.1150480639821734
roth_c_temp_a1,27,0.8365884449842591,0.8943677155858859,1.0298785162148025,0.2979213091046983
roth_c_temp_a2,27,-7.006611581382674,7.378920460067684,8.497532121980614,2.5410648600995964
thinning_fraction_branch_delta,27,0.04270647574198537,0.04282289096005123,0.0745941748250386,0.023781655128193566
thinning_fraction_croot_delta,27,0.00465969796779076,0.010702255019379065,0.01862264975115898,0.004552770537218184
thinning_fraction_froot_delta,27,0.006702873867840664,0.00920456571039524,0.016860348459298978,0.0046071415940363335
thinning_fraction_leaf_delta,27,0.016764172012041705,0.016832608245302,0.024667516873443776,0.007411379748823254
thinning_fraction_stem_delta,27,0.09301921098360758,0.09553961695559811,0.14027462610357988,0.03907591821688001
tree_carbon_sp1,27,-4.568571755204222,4.92780302021792,5.545726303754577,1.6027284801791117
tree_nitrogen_branch_sp1,27,0.07190425378642583,0.07190425378642583,0.06557942229728347,0.019614783577938007
tree_nitrogen_croot_sp1,27,0.2647891189018381,0.2647891189018381,0.3927593976304339,0.1216287500771453
tree_nitrogen_froot_sp1,27,0.0076853637592399745,0.0076853637592399745,0.00944567426672817,0.0033168868556701825
tree_nitrogen_leaf_sp1,27,1.5460515364547174,1.5460515364547174,2.032855682318332,0.5813082903624037
tree_nitrogen_stem_sp1,27,0.005105605087153911,0.005105605087153911,0.005460665972019696,0.00172200070673947
tree_root_in_top_30,27,-2.6997451389330096,2.878164479324174,4.055815883257982,1.3011035036619427
tree_root_to_shoot_sp1,27,-3.2881367192516096,3.7080404476523086,4.957657775187689,1.5233745134835972
cy0,28,0.14336638312217292,0.4636603072026843,0.6975504046714853,0.176423688446514
clay,28,-1.526084051377522,1.5428658394180472,2.246351080811008,0.6436067436272956
temp_ci_delta,28,0.831521629449667,0.9132043800425876,1.2985590570763634,0.42037088881475854
rain_ci_delta,28,5.376042822111926,6.174725480882162,9.819204215858903,2.8205844473016857
evap_ci_delta,28,-1.2177130909383598,1.30301674182955,3.9592403849436386,1.0825369772531335
ef_N_inputs,28,1.9810944884659363,2.378278074759096,3.1419343889801365,0.8170360835246858
volatile_frac_organic_fertiliser,28,-0.01630156757300284,0.01630156757300284,0.009909378296539565,0.003013845060999385
volatile_frac_synthetic_fertiliser,28,0.21208655635002058,0.21208655635002058,0.11442689071693658,0.035733729260371064
base_sf_qty_scale,28,-0.12171437219275302,0.12171437219275302,0.06001112738603937,0.017457688627474207
proj_lit_qty_scale,28,0.011427999342879362,0.019054130664502934,0.019874185365323597,0.003393889987700633
base_stand_density_scale,28,0.0,0.0,0.0,0.0
proj_stand_density_scale,28,-10.217219650307795,11.64920870635687,14.032477319594902,4.028017495596857
tree_wood_dens_sp1,28,-16.170927770327935,19.57715282231369,29.407951123835172,7.851883495911156
base_cover,28,0.883849043017509,0.9068730322330962,0.6935353148272398,0.1708658465869422
base_fire_off,28,-0.07567880067863811,0.07567880067863811,0.1468986914845577,0.04839404300399983
base_fire_on,28,-0.22132837178675274,0.22132837178675274,0.1891867398710796,0.06252495879759168
base_sf_n_delta,28,-0.01205401284014955,0.01205401284014955,0.005283568101080831,0.0016692262153269943
crop_base_left_delta,28,0.30434864801834627,0.32441984904306154,0.2187512792107368,0.05529246889834095
crop_base_yield_delta,28,0.07505932748960027,0.12630441877693835,0.14027299247410924,0.028409540520544185
crop_carbon_above_sp3,28,0.028241721299942783,0.03374966658635697,0.03175299354325909,0.008215613977299663
crop_carbon_below_sp3,28,0.07842693399230352,0.07842693399230352,0.044809965055842636,0.011628996309873171
crop_intercept_sp3,28,0.007443872005110111,0.02779757912931823,0.03662040605195514,0.008565320290194111
crop_nitrogen_above_sp3,28,-0.03367589316494477,0.05319996710472221,0.08374088345839446,0.0181847155431822
crop_nitrogen_below_sp3,28,-0.06759884024286798,0.06759884024286798,0.05058026205105881,0.016310658067563176
crop_carbon_above_sp10,28,0.07186289275050685,0.07186289275050685,0.05055392783294577,0.013918430620830717
crop_carbon_below_sp10,28,0.034049134823690916,0.03498399531186042,0.03105244686228257,0.009152167122125437
crop_intercept_sp10,28,0.035424215929908555,0.05329459356560604,0.061106447915069174,0.011570063412232916
crop_nitrogen_above_sp10,28,-0.045703569131602825,0.045703569131602825,0.029841637006422252,0.008973887083695231
crop_nitrogen_below_sp10,28,-0.023142435699092984,0.02344484071946747,0.029404467166001633,0.008328548589453023
crop_proj_left_delta,28,-0.026562890091490578,0.05704519024133322,0.07159965976569085,0.015551171180217684
crop_proj_yield_delta,28,0.10164966241625188,0.12384617418772455,0.09769507590538334,0.020378872635025486
crop_root_in_top_30,28,0.07928370674190086,0.08175082473907072,0.07185534910411134,0.0221518351126307
crop_root_to_shoot_sp3,28,0.09531302299811542,0.09954913374016101,0.07141652724183728,0.020229439142883866
crop_slope_sp3,28,0.00793528312015616,0.028386171066337458,0.0406876614519079,0.008845803123762814
crop_root_to_shoot_sp10,28,0.04859626693707088,0.048916370473060425,0.046841957075657435,0.01583163524989239
crop_slope_sp10,28,0.029769294837661154,0.08296075859522914,0.10590880488599279,0.02135221337751797
cy0_to_ceq_multiplier,28,0.012436810621757933,0.06965674345451829,0.12341677705495942,0.03293595565153481
litter_carbon,28,-0.0040524538297939785,0.0040524538297939785,0.0015716951324157102,0.0004308365197470145
litter_nitrogen,28,0.013982065601878993,0.013982065601878993,0.007232994521152873,0.0024399858924100976
mortality_fraction_branch_delta,28,-0.06698394274277837,0.08275204277544682,0.09961623219394362,0.023209203354085817
mortality_fraction_croot_delta,28,-0.035679516855692275,0.03809276349453531,0.051883244768785364,0.013822231645766198
mortality_fraction_froot_delta,28,-0.02330214675189574,0.02450183521376508,0.030646656067228127,0.009505881892444565
mortality_fraction_leaf_delta,28,-0.008606314914197461,0.015066314969048838,0.01903648179359875,0.004350204357630761
mortality_fraction_stem_delta,28,-0.13918458623738417,0.16700976537585738,0.2271534471171691,0.059983240071293846
pool_alloc_froot_sp1,28,-1.491077548073939,1.565288954995022,1.9125390517386078,0.5819517710001813
pool_alloc_leaf_sp1,28,-0.5494951186850516,1.0289296834504829,1.2920646331744667,0.24607230331691535
pool_alloc_stem_sp1,28,-0.5934525763536906,0.6142546656994299,1.1060855805491336,0.3014074048741032
pool_turnover_branch_sp1,28,3.755342253051559,3.824209235630511,4.304240505120687,1.333207251158458
pool_turnover_croot_sp1,28,-1.6510215977247842,1.6978597112088902,2.264634666861359,0.7569680980228698
pool_turnover_froot_sp1,28,-0.9526547220823037,0.9713300704264884,1.1874888296505945,0.35399026806530154
pool_turnover_leaf_sp1,28,-0.3044528633696347,0.4991224452271963,0.8354637845644624,0.21304209110484212
pool_turnover_stem_sp1,28,0.9882010648553914,1.0044774547041444,0.9050448010661422,0.27221808997466374
proj_cover,28,-6.848396602622772,6.947115729414421,9.309957548802041,2.8120696097822604
proj_fire_off,28,0.07757928817734436,0.07757928817734436,0.11992034557465236,0.04120768263103278
proj_fire_on,28,4.152487358642381,4.1728487536437395,4.328754228673441,1.2814717512508544
proj_mortality,28,24.379874009207988,24.472918334880358,25.68673223802332,8.304385230162323
proj_thinning_delta,28,46.366971146177455,46.366971146177455,30.660538590919757,8.200887763801534
roth_c_cover_c,28,0.9744890827197876,1.1647615191411793,1.7120180671676288,0.5518994110837986
roth_c_dpm_frac_crop,28,-0.024141144516334777,0.0242447610709726,0.035158127299437916,0.011270650558162208
roth_c_dpm_frac_tree,28,1.4529923991644016,1.8737960791922905,2.947085968484929,0.8405105843754705
roth_c_moisture_b_slope,28,-2.3227319592477516,2.398112516781956,3.362128321655377,1.1455403202675445
roth_c_temp_a1,28,0.8647542247517979,0.9238202384955073,1.070632565245623,0.3093580268497011
roth_c_temp_a2,28,-7.206372980891378,7.59173051703236,8.793478569394319,2.6334042514331135
thinning_fraction_branch_delta,28,0.04167313322363155,0.04201599528485167,0.07350100509635445,0.023581745524582105
thinning_fraction_croot_delta,28,0.004446412986298951,0.010546024662848466,0.018451422558699773,0.004528899378066474
thinning_fraction_froot_delta,28,0.006531305671702137,0.00907297109887909,0.016936768171469073,0.004632123286222784
thinning_fraction_leaf_delta,28,0.016309423099369894,0.016436590993731258,0.024629376935138267,0.007433669762955283
thinning_fraction_stem_delta,28,0.08958785237606104,0.09218807106507035,0.13603790676535735,0.03792485712104215
tree_carbon_sp1,28,-4.643955905814445,5.001161875405202,5.69477079337586,1.6511351869564463
tree_nitrogen_branch_sp1,28,0.07368757620035987,0.07368757620035987,0.06790351314168004,0.020274651051644648
tree_nitrogen_croot_sp1,28,0.2734299909375904,0.2734299909375904,0.4109433939874693,0.12722037068905834
tree_nitrogen_froot_sp1,28,0.00797240370751685,0.00797240370751685,0.009903185227767767,0.003479955913591417
tree_nitrogen_leaf_sp1,28,1.5942680030655967,1.5942680030655967,2.120377540381076,0.6069002087764604
tree_nitrogen_stem_sp1,28,0.005214256996354141,0.005214256996354141,0.005685401307785644,0.001792029999431169
tree_root_in_top_30,28,-2.7681307502558625,2.953190590395052,4.206370151064431,1.3521023609596456
tree_root_to_shoot_sp1,28,-3.3265582644794756,3.7534382004287847,5.076510245527076,1.5663652327686772
cy0,29,0.13110620084114813,0.4417467726460497,0.660444156283373,0.16627313434520324
clay,29,-1.5595376809834072,1.5835967218100229,2.333231156332305,0.6670382282598072
temp_ci_delta,29,0.8544229829346136,0.9357259607298106,1.3434804870726111,0.4352050542530558
rain_ci_delta,29,5.520185358297241,6.331457450024453,10.153688065713157,2.9234167307967533
evap_ci_delta,29,-1.2655327914302288,1.3486142043697964,4.1073478036785565,1.1242533905047565
ef_N_inputs,29,2.0725511671404564,2.4750403286035594,3.282044064834453,0.8557501125335837
volatile_frac_organic_fertiliser,29,-0.01630156757300379,0.01630156757300379,0.009909378296539909,0.003013845060999239
volatile_frac_synthetic_fertiliser,29,0.21208655635002108,0.21208655635002108,0.11442689071693543,0.0357337292603708
base_sf_qty_scale,29,-0.12171437219275352,0.12171437219275352,0.06001112738604084,0.017457688627474884
proj_lit_qty_scale,29,0.012010129182213928,0.019151348106544744,0.019750421299225968,0.0034610710683696966
base_stand_density_scale,29,0.0,0.0,0.0,0.0
proj_stand_density_scale,29,-10.341442557926388,11.780576591783115,14.349020346423808,4.115892255832923
tree_wood_dens_sp1,29,-16.452379423695113,19.880397677275646,30.215315658950388,8.0850726693701
base_cover,29,0.845748331759777,0.8722769447986934,0.6757257968360542,0.1647344349669643
base_fire_off,29,-0.07567880067863868,0.07567880067863868,0.14689869148455856,0.04839404300400013
base_fire_on,29,-0.2196546358953023,0.2196546358953023,0.18555722744893038,0.0612841563318267
base_sf_n_delta,29,-0.012054012840150391,0.012054012840150391,0.0052835681010809776,0.0016692262153269986
crop_base_left_delta,29,0.29859152076316464,0.3190660032084448,0.21689986325381222,0.05469540713579174
crop_base_yield_delta,29,0.06984239402959462,0.12389338158791044,0.13911568767424629,0.027710565161911154
crop_carbon_above_sp3,29,0.02731888000643896,0.032981637299784185,0.031312214098874434,0.008021805312945685
crop_carbon_below_sp3,29,0.0744570791371169,0.0744570791371169,0.04372346746140443,0.011369233133514824
crop_intercept_sp3,29,0.007284217356995959,0.027472962648382827,0.03626633857729834,0.008536433188987695
crop_nitrogen_above_sp3,29,-0.033675893164945056,0.05319996710472323,0.08374088345840064,0.018184715543184415
crop_nitrogen_below_sp3,29,-0.06759884024286802,0.06759884024286802,0.05058026205106058,0.016310658067563943
crop_carbon_above_sp10,29,0.07018512340741836,0.07018512340741836,0.04970470356877369,0.013662012395905929
crop_carbon_below_sp10,29,0.03325370368705063,0.03421202286747434,0.030555814297610125,0.00898075985495837
crop_intercept_sp10,29,0.03395036834566527,0.05243140593370168,0.06033148054125254,0.011242771313667799
crop_nitrogen_above_sp10,29,-0.04570356913160186,0.04570356913160186,0.029841637006421687,0.008973887083695103
crop_nitrogen_below_sp10,29,-0.02314243569909493,0.023444840719469416,0.02940446716600221,0.008328548589453191
crop_proj_left_delta,29,-0.027182311476868715,0.05683843029052427,0.07137793470979799,0.01567682707466232
crop_proj_yield_delta,29,0.10320610994587971,0.12461298288453508,0.0975797241021039,0.020600282274085176
crop_root_in_top_30,29,0.07545918234838209,0.07813043528030193,0.0701546069480725,0.02166169151107045
crop_root_to_shoot_sp3,29,0.08909262122569986,0.09395474322293472,0.06940900859011613,0.019494813555873406
crop_slope_sp3,29,0.005048386314113237,0.028189672351810868,0.04010920159204127,0.00845853301774444
crop_root_to_shoot_sp10,29,0.04707239348150416,0.04750741352261412,0.045771780700113056,0.01541500262841132
crop_slope_sp10,29,0.0263469631730955,0.08146341957549191,0.10486796214606402,0.02095423496784317
cy0_to_ceq_multiplier,29,0.011407627673149612,0.06458080375105552,0.11424728019469808,0.03029475766487904
litter_carbon,29,-0.00396377154664479,0.00396377154664479,0.0015519312540345843,0.00042558935860775
litter_nitrogen,29,0.0139820656018808,0.0139820656018808,0.007232994521153994,0.002439985892410341
mortality_fraction_branch_delta,29,-0.06779880497378246,0.08393719807046217,0.10117902171583112,0.02352687584242282
mortality_fraction_croot_delta,29,-0.03611365046087224,0.03860493093505831,0.05273176020694737,0.01405557107385508
mortality_fraction_froot_delta,29,-0.023535610311588524,0.02478841889812832,0.031200600474952652,0.0096777222981497
mortality_fraction_leaf_delta,29,-0.008529488188714407,0.015130586096751764,0.019249181977208214,0.00440611438644007
mortality_fraction_stem_delta,29,-0.14144652525382007,0.17013459397593,0.2321617239790686,0.06134374075687589
pool_alloc_froot_sp1,29,-1.5220944257391362,1.6003874181862607,1.9747624098820127,0.6003966179431203
pool_alloc_leaf_sp1,29,-0.5506492426049343,1.0355989132325738,1.3059736899129861,0.24846493144210582
pool_alloc_stem_sp1,29,-0.6044474515980635,0.6262804624324223,1.1405260742340477,0.3111876669223661
pool_turnover_branch_sp1,29,3.7964925594091463,3.8770401315116922,4.442551443460653,1.3755940242712128
pool_turnover_croot_sp1,29,-1.6926569342887938,1.7438310681966898,2.3476446453237587,0.7837905987657442
pool_turnover_froot_sp1,29,-0.9762336335514881,0.9969332188430634,1.2232239717249427,0.363954615763916
pool_turnover_leaf_sp1,29,-0.3113884117977634,0.5114357058509834,0.8650472175899497,0.22056700498169857
pool_turnover_stem_sp1,29,0.9946988889703281,1.0144100180953184,0.9251904735926519,0.27741468804318004
proj_cover,29,-6.970482467641299,7.068785617813774,9.664989746393996,2.921859162935402
proj_fire_off,29,0.0775792881773436,0.0775792881773436,0.11992034557465099,0.04120768263103243
proj_fire_on,29,4.23757174687708,4.263106402384639,4.454023170116897,1.3192207290788949
proj_mortality,29,25.43493057358326,25.561922748319752,27.066111706221072,8.734979559464279
proj_thinning_delta,29,46.76147703213557,46.76147703213557,31.408362642443972,8.40817746007218
roth_c_cover_c,29,1.0034641801351902,1.190170809774489,1.7660625917157973,0.5720950100725625
roth_c_dpm_frac_crop,29,-0.02140336941775488,0.021551593578269867,0.03267522936043785,0.010439214580992076
roth_c_dpm_frac_tree,29,1.4847239962826357,1.9142060547470319,3.0363980202216805,0.868595045969506
roth_c_moisture_b_slope,29,-2.385267702912686,2.459996259201993,3.454799345135428,1.1759101174243873
roth_c_temp_a1,29,0.8929788698312136,0.9529210996412643,1.1122907176442172,0.3211582430548757
roth_c_temp_a2,29,-7.406068173780767,7.802611539468385,9.097507602330246,2.7291075391041137
thinning_fraction_branch_delta,29,0.04087064184743948,0.04138170141627409,0.07246607278429898,0.023375056178228486
thinning_fraction_croot_delta,29,0.00437450905321172,0.01045356132280761,0.01829718258643534,0.0045127952370858215
thinning_fraction_froot_delta,29,0.006418264246700267,0.00894463114203814,0.016939950121916535,0.004637279571940609
thinning_fraction_leaf_delta,29,0.01593967392534585,0.016137045216181617,0.02459241985285939,0.007452813918613872
thinning_fraction_stem_delta,29,0.08686424902314777,0.0894704871385923,0.1322524454648991,0.03691117394829199
tree_carbon_sp1,29,-4.710127334524694,5.064910070134725,5.837625668953358,1.6977046363469175
tree_nitrogen_branch_sp1,29,0.07547187186688278,0.07547187186688278,0.07027873582344517,0.02094949812204502
tree_nitrogen_croot_sp1,29,0.2821571080647798,0.2821571080647798,0.42955870921241535,0.13294306190306887
tree_nitrogen_froot_sp1,29,0.00826449821016946,0.00826449821016946,0.01037185280328975,0.0036470088351224206
tree_nitrogen_leaf_sp1,29,1.6429357781227847,1.6429357781227847,2.209283011501822,0.6329666192701437
tree_nitrogen_stem_sp1,29,0.005324561830471452,0.005324561830471452,0.005915058135162815,0.0018637522116143161
tree_root_in_top_30,29,-2.83487415964147,3.0257111197668007,4.356366506503473,1.4032025542806912
tree_root_to_shoot_sp1,29,-3.3581241683232967,3.791813069770643,5.18936002183932,1.6076806278554607
cy0,30,0.11952960957222203,0.42025384480744676,0.6262161379798618,0.15715417556670774
clay,30,-1.593220720444025,1.624833247358092,2.420389165819467,0.6905218501941639
temp_ci_delta,30,0.8770493753602766,0.9582518120194521,1.3891584693613839,0.4502434593212711
rain_ci_delta,30,5.664328997552308,6.490595017519929,10.486684742627453,3.0242302051627954
evap_ci_delta,30,-1.3141233282456213,1.394918556071684,4.259040806212496,1.1669397415178222
ef_N_inputs,30,2.164644152008267,2.5736407343125682,3.424523468206078,0.8948784547170832
volatile_frac_organic_fertiliser,30,-0.016301567573003974,0.016301567573003974,0.009909378296539918,0.0030138450609992797
volatile_frac_synthetic_fertiliser,30,0.21208655635002152,0.21208655635002152,0.1144268907169357,0.035733729260370925
base_sf_qty_scale,30,-0.12171437219275258,0.12171437219275258,0.060011127386040385,0.017457688627474894
proj_lit_qty_scale,30,0.012564926140024408,0.01928706136541217,0.01963815386810155,0.003519873595572565
base_stand_density_scale,30,0.0,0.0,0.0,0.0
proj_stand_density_scale,30,-10.43931345625452,11.885726772566903,14.646660287458536,4.197562503421483
tree_wood_dens_sp1,30,-16.698119291715805,20.14763192386321,30.991343127782393,8.310543153239381
base_cover,30,0.8091986928743389,0.8391472798535429,0.6593258815414603,0.15905514301105325
base_fire_off,30,-0.07567880067863864,0.07567880067863864,0.14689869148455856,0.04839404300400014
base_fire_on,30,-0.2180340850511698,0.2180340850511698,0.18205439230569762,0.060086663316008385
base_sf_n_delta,30,-0.012054012840150199,0.012054012840150199,0.00528356810108098,0.0016692262153272348
crop_base_left_delta,30,0.29303095949543956,0.31389869006582305,0.21516877970189308,0.05414094658136047
crop_base_yield_delta,30,0.06483892462689542,0.1220494173885405,0.13811989709528763,0.026926540093917983
crop_carbon_above_sp3,30,0.026523996511821146,0.03228900051500999,0.03087714908987571,0.007852919266885992
crop_carbon_below_sp3,30,0.07107268101798761,0.07107268101798761,0.042839632703836714,0.011173635351444913
crop_intercept_sp3,30,0.007134203424887633,0.027175742294375294,0.03594197707351442,0.008511547702041773
crop_nitrogen_above_sp3,30,-0.03367589316494745,0.0531999671047237,0.0837408834583959,0.01818471554318279
crop_nitrogen_below_sp3,30,-0.06759884024286908,0.06759884024286908,0.05058026205106,0.01631065806756371
crop_carbon_above_sp10,30,0.0685955907343486,0.0685955907343486,0.048918902828473894,0.013423947800814566
crop_carbon_below_sp10,30,0.03249734460521679,0.033478130695970776,0.030093135340006134,0.00882111382533569
crop_intercept_sp10,30,0.03255763403539911,0.051657874979211336,0.059622562094149616,0.010932506324596927
crop_nitrogen_above_sp10,30,-0.04570356913160323,0.04570356913160323,0.029841637006421243,0.008973887083694693
crop_nitrogen_below_sp10,30,-0.02314243569909195,0.02344484071946647,0.02940446716600337,0.008328548589453005
crop_proj_left_delta,30,-0.027465524581497713,0.05660394464701586,0.07115372779231334,0.015738273574101767
crop_proj_yield_delta,30,0.10474122695627941,0.12536617905727326,0.0974720691144148,0.020829415985677693
crop_root_in_top_30,30,0.0721392904133765,0.07498772503824642,0.06863599596446338,0.02122376334006507
crop_root_to_shoot_sp3,30,0.08377866112250018,0.08916831685274182,0.06768709237246787,0.018886951322798287
crop_slope_sp3,30,0.002577058398170204,0.02801162190494757,0.039581018493813486,0.008165088148834206
crop_root_to_shoot_sp10,30,0.045629881051296214,0.046174332874719025,0.044785029246306826,0.015029756887771122
crop_slope_sp10,30,0.023091705969227938,0.08020593527719441,0.10393792862969768,0.02054196397638928
cy0_to_ceq_multiplier,30,0.010492045223215262,0.059973108483103374,0.10603322066899999,0.02794468047450897
litter_carbon,30,-0.003878651639111913,0.003878651639111913,0.0015338783445057143,0.00042079954390116577
litter_nitrogen,30,0.01398206560187861,0.01398206560187861,0.007232994521154492,0.002439985892410296
mortality_fraction_branch_delta,30,-0.06846610619373131,0.08499562905010674,0.10260818679946572,0.023805006166688993
mortality_fraction_croot_delta,30,-0.03650102897065782,0.039064038777148646,0.05352661970585906,0.014277072381762162
mortality_fraction_froot_delta,30,-0.02373261051014334,0.025044580248578217,0.03171272605002229,0.009831738860985142
mortality_fraction_leaf_delta,30,-0.008420429409819625,0.015174513456911991,0.019433733902531624,0.004448812158353212
mortality_fraction_stem_delta,30,-0.14351885782600468,0.17300047933640583,0.2369117357519859,0.06265039763706659
pool_alloc_froot_sp1,30,-1.5513369551234022,1.633406859090962,2.0358473493635985,0.618559530682961
pool_alloc_leaf_sp1,30,-0.5498065102429006,1.040101877985971,1.3176211819846073,0.25035071151058214
pool_alloc_stem_sp1,30,-0.6138660533488753,0.6366540451714355,1.17263800885161,0.32038245337155946
pool_turnover_branch_sp1,30,3.8198529690222047,3.9110669335411417,4.5641780660367575,1.4132550882858779
pool_turnover_croot_sp1,30,-1.7337848021465856,1.788978191148028,2.4306382634297408,0.810680991532272
pool_turnover_froot_sp1,30,-0.9995451830306156,1.0220889839289742,1.2584639298069995,0.3737729957774142
pool_turnover_leaf_sp1,30,-0.318006008550295,0.523347824777008,0.894773924813163,0.2281583006615053
pool_turnover_stem_sp1,30,0.99607439354425,1.018936433785527,0.9409591430890345,0.2814210307908017
proj_cover,30,-7.092117776479569,7.189324366108972,10.025444669359855,3.032682305280128
proj_fire_off,30,0.07757928817734357,0.07757928817734357,0.11992034557465057,0.04120768263103232
proj_fire_on,30,4.321449519924445,4.352019724745423,4.578475036491747,1.356780159100253
proj_mortality,30,26.472694541543916,26.64324071100973,28.441266476263525,9.15903119983947
proj_thinning_delta,30,47.046292415326754,47.046292415326754,32.13212265298366,8.61001907352781
roth_c_cover_c,30,1.0327628631462447,1.2157048053362236,1.822075709949041,0.5929855024763266
roth_c_dpm_frac_crop,30,-0.01914256901162866,0.0193080538924559,0.030407121825372682,0.009691822556685733
roth_c_dpm_frac_tree,30,1.5137611330940188,1.95142303306515,3.1217894411508165,0.8955956092514394
roth_c_moisture_b_slope,30,-2.4460135602838173,2.523477041952996,3.546000088590164,1.2048218561145798
roth_c_temp_a1,30,0.9210319514528742,0.9815335716514302,1.1546398239539906,0.3332251834569858
roth_c_temp_a2,30,-7.6037576328890655,8.012515844931972,9.407394106389438,2.8259069066044216
thinning_fraction_branch_delta,30,0.04023574314210982,0.04086827894773849,0.07144798290211579,0.02315176667189874
thinning_fraction_croot_delta,30,0.0044070058385228175,0.010392585882168223,0.018141008683466214,0.00449924615714031
thinning_fraction_froot_delta,30,0.006346249654611324,0.0088169795275591,0.016879509395665078,0.004624201923919326
thinning_fraction_leaf_delta,30,0.01563329680988544,0.01587767284613871,0.02454086058646886,0.0074694967872826045
thinning_fraction_stem_delta,30,0.08467300518736703,0.08722675019915029,0.128817373821654,0.03600026371102478
tree_carbon_sp1,30,-4.766310332889052,5.118248065043935,5.9731983216950075,1.7420818849319595
tree_nitrogen_branch_sp1,30,0.07725066862003407,0.07725066862003407,0.07269817807567977,0.021637357676329103
tree_nitrogen_croot_sp1,30,0.29094570118112656,0.29094570118112656,0.44856942188001064,0.13878571269896992
tree_nitrogen_froot_sp1,30,0.008560944559942435,0.008560944559942435,0.010850834241845606,0.0038177486445588175
tree_nitrogen_leaf_sp1,30,1.6919037972889481,1.6919037972889481,2.299348670808315,0.6594439400827425
tree_nitrogen_stem_sp1,30,0.005436095684903525,0.005436095684903525,0.006148904786890486,0.0019369363936722875
tree_root_in_top_30,30,-2.899492670906846,3.09527099310492,4.504985560773746,1.4541007350238944
tree_root_to_shoot_sp1,30,-3.3823606954727645,3.822555441883009,5.2952554576669835,1.6470011854396125
cy0,31,0.10860126252930666,0.3992114479842023,0.5947647826480261,0.14902549341806953
clay,31,-1.626867919145496,1.6654466648475903,2.507466223270163,0.7141460519689242
temp_ci_delta,31,0.8991847834285928,0.9813586275341624,1.4351917655406705,0.4653235898512611
rain_ci_delta,31,5.806774746029236,6.64625405190732,10.815957961785443,3.1241059464139256
evap_ci_delta,31,-1.3631899363615982,1.4416485638979748,4.41348835255122,1.2103866617789072
ef_N_inputs,31,2.2570767658740367,2.6724109661989113,3.5690230730265964,0.9346589923076782
volatile_frac_organic_fertiliser,31,-0.016301567573003654,0.016301567573003654,0.009909378296539739,0.003013845060999186
volatile_frac_synthetic_fertiliser,31,0.21208655635002116,0.21208655635002116,0.11442689071693571,0.035733729260370994
base_sf_qty_scale,31,-0.12171437219275369,0.12171437219275369,0.06001112738604145,0.0174576886274749
proj_lit_qty_scale,31,0.013094887866633723,0.019419467768455014,0.01953571881840513,0.0035828753882249094
base_stand_density_scale,31,0.0,0.0,0.0,0.0
proj_stand_density_scale,31,-10.508980301163879,11.962483806862164,14.922493906184323,4.272293143144149
tree_wood_dens_sp1,31,-16.90500091740122,20.37492571523888,31.729573875398447,8.526652072093412
base_cover,31,0.7741389111519776,0.808556697070213,0.6442249038066854,0.15299366756410418
base_fire_off,31,-0.07567880067863812,0.07567880067863812,0.1468986914845577,0.04839404300399983
base_fire_on,31,-0.2164624011448025,0.2164624011448025,0.17866958830887752,0.05892926958862355
base_sf_n_delta,31,-0.012054012840149541,0.012054012840149541,0.005283568101080495,0.0016692262153269462
crop_base_left_delta,31,0.2876511161255454,0.30890258726163955,0.21354422669752052,0.05362448453481531
crop_base_yield_delta,31,0.06002936991603045,0.12040652126460039,0.13726375677249478,0.02623160711298571
crop_carbon_above_sp3,31,0.025821909455393872,0.03164382491592831,0.030449817418510914,0.007704855760361388
crop_carbon_below_sp3,31,0.06813811748943202,0.06813811748943202,0.04211504408398149,0.011027707311984521
crop_intercept_sp3,31,0.006992755024051514,0.026888915554843053,0.0356446547324513,0.008492624818741001
crop_nitrogen_above_sp3,31,-0.033675893164944765,0.053199967104724674,0.08374088345839752,0.0181847155431828
crop_nitrogen_below_sp3,31,-0.06759884024286708,0.06759884024286708,0.050580262051058304,0.016310658067563114
crop_carbon_above_sp10,31,0.06708572197961161,0.06708572197961161,0.048189039871454134,0.01320223600648882
crop_carbon_below_sp10,31,0.03177654816904854,0.03277800231160093,0.029659498381712522,0.008672030247259216
crop_intercept_sp10,31,0.03123734416098156,0.050965317426412124,0.05897298032529385,0.010637410043983114
crop_nitrogen_above_sp10,31,-0.045703569131603825,0.045703569131603825,0.02984163700642134,0.008973887083694851
crop_nitrogen_below_sp10,31,-0.023142435699093335,0.023444840719467785,0.029404467166003496,0.008328548589453033
crop_proj_left_delta,31,-0.02750211101451979,0.05635134954416661,0.07092412961826129,0.015748421342128498
crop_proj_yield_delta,31,0.10625265256914344,0.1261052795577315,0.09737107712104848,0.02106427033827836
crop_root_in_top_30,31,0.0691999869122191,0.07220747948944586,0.06727225304487945,0.02082966310725707
crop_root_to_shoot_sp3,31,0.07916416886291139,0.08502438281004097,0.06621493230319497,0.01837540979938985
crop_slope_sp3,31,0.0004250982668481618,0.02786128098426762,0.039104860699429686,0.007944247962217038
crop_root_to_shoot_sp10,31,0.044260973584102276,0.044910071573240236,0.043873588875943954,0.014673062721335738
crop_slope_sp10,31,0.019986411191548457,0.07907410854067294,0.10310384939463796,0.02017299918808313
cy0_to_ceq_multiplier,31,0.009669708042853784,0.05580095877572787,0.09866410585666599,0.02584699375093316
litter_carbon,31,-0.003796748402431482,0.003796748402431482,0.0015172848089764941,0.000416403322412319
litter_nitrogen,31,0.01398206560187731,0.01398206560187731,0.007232994521155006,0.002439985892410831
mortality_fraction_branch_delta,31,-0.06897232980047383,0.08589817531383541,0.10388920898206266,0.024046368993986617
mortality_fraction_croot_delta,31,-0.03683618050073635,0.03946438660326313,0.054259693988208436,0.014484509062324414
mortality_fraction_froot_delta,31,-0.02388905374262874,0.025258494036778156,0.03217760851490338,0.009970516411013706
mortality_fraction_leaf_delta,31,-0.00827665104113926,0.015183795823305968,0.019588652755682025,0.004483746788218629
mortality_fraction_stem_delta,31,-0.14537355145801242,0.17572986324920437,0.24136951557961653,0.06389037437446943
pool_alloc_froot_sp1,31,-1.57854196376255,1.6640887206403463,2.095436854357273,0.6363283649424272
pool_alloc_leaf_sp1,31,-0.5467699886695192,1.0422204536648103,1.32674774230161,0.2516859328035575
pool_alloc_stem_sp1,31,-0.62156018436228,0.6453830014116846,1.202058410207782,0.32883760831879516
pool_turnover_branch_sp1,31,3.8241073780725303,3.924942839247121,4.667026221320172,1.4455240572315027
pool_turnover_croot_sp1,31,-1.774140702215498,1.8330345652166529,2.5132053124607996,0.8375000084688253
pool_turnover_froot_sp1,31,-1.0223987189685775,1.0470533042458567,1.2929956769168365,0.38341689821130664
pool_turnover_leaf_sp1,31,-0.3242089229436938,0.5347677845811992,0.9244953941092203,0.23577210248167005
pool_turnover_stem_sp1,31,0.9920030042226271,1.0177220518707129,0.9519553526962184,0.2841162149611444
proj_cover,31,-7.212018226477315,7.3081905201133335,10.388812948167072,3.143680286103134
proj_fire_off,31,0.07757928817734316,0.07757928817734316,0.11992034557465048,0.0412076826310322
proj_fire_on,31,4.403773241410088,4.439163691065606,4.701594570900053,1.39400186733607
proj_mortality,31,27.48601411666304,27.697840129941625,29.804325899717472,9.579739527252569
proj_thinning_delta,31,47.21285484838916,47.21285484838916,32.82675502927447,8.804938338347043
roth_c_cover_c,31,1.062114263929948,1.241099706612569,1.8796704671773992,0.6144457509586113
roth_c_dpm_frac_crop,31,-0.017249366660273952,0.017415229058705566,0.028342574513696664,0.009019458848751457
roth_c_dpm_frac_tree,31,1.5397980933307813,1.9846403026542625,3.2026260285829817,0.9213292915288918
roth_c_moisture_b_slope,31,-2.5044939879568426,2.584373264050301,3.6350122048099625,1.2331145549969735
roth_c_temp_a1,31,0.9487020285635787,1.0095113979366026,1.1974540745056235,0.34546567938576683
roth_c_temp_a2,31,-7.7977163043528295,8.222652699116493,9.721043474131479,2.9214855460363314
thinning_fraction_branch_delta,31,0.03972319710118826,0.04045786258211837,0.07042181819488702,0.022902887451371548
thinning_fraction_croot_delta,31,0.004517227257379938,0.010349185905476291,0.017971987453651462,0.004483793282819338
thinning_fraction_froot_delta,31,0.006302952962952685,0.00868806965279421,0.016763881382273152,0.0045949933211485
thinning_fraction_leaf_delta,31,0.015374277242601143,0.015646343075764145,0.02446651751481614,0.007479631214497613
thinning_fraction_stem_delta,31,0.08288483505133556,0.08533969382154424,0.12566134368425322,0.03516792375101856
tree_carbon_sp1,31,-4.811746935428217,5.160406756665965,6.100398883041432,1.7839112887040875
tree_nitrogen_branch_sp1,31,0.07901719631117192,0.07901719631117192,0.07515435079972183,0.022336092121787693
tree_nitrogen_croot_sp1,31,0.29976926461375136,0.29976926461375136,0.4679351124243395,0.1447358410202741
tree_nitrogen_froot_sp1,31,0.008860975082316546,0.008860975082316546,0.011339175411847,0.0039918386676542576
tree_nitrogen_leaf_sp1,31,1.741011067914048,1.741011067914048,2.3903311351912997,0.6862625059045682
tree_nitrogen_stem_sp1,31,0.005548411422411964,0.005548411422411964,0.0063861785453755635,0.0020113409277979066
tree_root_in_top_30,31,-2.9614721036207645,3.1613934596106406,4.651386234670468,1.5044860511206595
tree_root_to_shoot_sp1,31,-3.398794068249559,3.8450898479702373,5.3932664057673385,1.6840050490174003
cy0,32,0.0982868534088754,0.3786434954226666,0.5659873433479312,0.14184264908838431
clay,32,-1.6088667316551644,1.6786982109937025,2.5684257889884625,0.7254985081945461
temp_ci_delta,32,0.8994908166110795,0.9993359733185917,1.4795416932297036,0.4761553492388467
rain_ci_delta,32,5.822993041665156,6.74113877281643,11.080512716988903,3.189131343541821
evap_ci_delta,32,-1.396935713382129,1.4794662099356894,4.543750478808099,1.2467817343036196
ef_N_inputs,32,2.2708590023693356,2.7628670242465097,3.7187417146190493,0.9629587749738735
volatile_frac_organic_fertiliser,32,-0.01630156757300357,0.01630156757300357,0.00990937829654014,0.003013845060999413
volatile_frac_synthetic_fertiliser,32,0.2120865563500216,0.2120865563500216,0.11442689071693637,0.03573372926037107
base_sf_qty_scale,32,-0.12171437219275316,0.12171437219275316,0.06001112738604153,0.017457688627475043
proj_lit_qty_scale,32,0.01360209840530208,0.019564419006948667,0.01944164238793021,0.003648352376832411
base_stand_density_scale,32,0.0,0.0,0.0,0.0
proj_stand_density_scale,32,-10.548691869329868,12.008830131441316,15.173718810504857,4.339372665422479
tree_wood_dens_sp1,32,-17.06998647450181,20.55859499764039,32.42366287342408,8.731754925686873
base_cover,32,0.7405086516488868,0.7789268392501665,0.6303172591783281,0.14759202256455606
base_fire_off,32,-0.07567880067863868,0.07567880067863868,0.14689869148455856,0.04839404300400013
base_fire_on,32,-0.21493583597740185,0.21493583597740185,0.17539519843444928,0.057809242472036684
base_sf_n_delta,32,-0.012054012840151115,0.012054012840151115,0.0052835681010813635,0.0016692262153272723
crop_base_left_delta,32,0.2824381992945313,0.30406437242744677,0.2120136633899595,0.05314178336327654
crop_base_yield_delta,32,0.05539634952355764,0.11885737766919924,0.1365285115187368,0.025643833231389634
crop_carbon_above_sp3,32,0.11671332175015818,0.11671332175015818,0.07079171890190798,0.02033934844808066
crop_carbon_below_sp3,32,0.26456769775310535,0.26456769775310535,0.10058093515017434,0.02861398290345933
crop_intercept_sp3,32,0.1380265887640404,0.14710732502617158,0.1832137721344442,0.05372229270052982
crop_nitrogen_above_sp3,32,-0.06693056078586525,0.07202355101829695,0.09143711527675644,0.022607966955536563
crop_nitrogen_below_sp3,32,-0.11086118948445933,0.11086118948445933,0.08012494133274693,0.025742508856431735
crop_carbon_above_sp10,32,0.06564618964775162,0.06564618964775162,0.047508304842543043,0.012994928328959257
crop_carbon_below_sp10,32,0.031087422765361604,0.03210786703519428,0.029251640783919855,0.008532504505684064
crop_intercept_sp10,32,0.029982312935742616,0.05031314536212809,0.05837736116755214,0.010368536254160924
crop_nitrogen_above_sp10,32,-0.04570356913160226,0.04570356913160226,0.029841637006422967,0.008973887083695597
crop_nitrogen_below_sp10,32,-0.0231424356990923,0.02344484071946672,0.029404467166003437,0.008328548589453253
crop_proj_left_delta,32,0.19684106540345536,0.19984146541339953,0.16282084243882222,0.050616540115133106
crop_proj_yield_delta,32,-0.2953108559607335,0.3311050756776622,0.3302506495388698,0.08152358253698115
crop_root_in_top_30,32,0.22492749836483475,0.22492749836483475,0.11592925558225924,0.03557876333186623
crop_root_to_shoot_sp3,32,0.3742219308912941,0.3742219308912941,0.14971329974104555,0.04440640825214207
crop_slope_sp3,32,0.10289519429091379,0.1045322794968812,0.07008535648068427,0.01914085132435716
crop_root_to_shoot_sp10,32,0.04295841871262719,0.04370756733427705,0.043030863042958514,0.014342332748956842
crop_slope_sp10,32,0.017015623891984282,0.0781526679022553,0.10235411413455074,0.019812552998381784
cy0_to_ceq_multiplier,32,0.008924305493879212,0.052038359368706245,0.09204309118466014,0.02396325805956046
litter_carbon,32,-0.0037177756772987956,0.0037177756772987956,0.001501939342681674,0.00041234609445390397
litter_nitrogen,32,0.013982065601877569,0.013982065601877569,0.007232994521155002,0.00243998589241069
mortality_fraction_branch_delta,32,-0.06930415506730483,0.08662918036288433,0.1050082990534416,0.024248575907261104
mortality_fraction_croot_delta,32,-0.03711370194815685,0.03980130367284977,0.05492318402343204,0.014675496709886169
mortality_fraction_froot_delta,32,-0.02400093787297104,0.025422558228727653,0.03259003647300822,0.010094372309149705
mortality_fraction_leaf_delta,32,-0.008095727196422644,0.015151779023283777,0.019712686586510087,0.004512929781083736
mortality_fraction_stem_delta,32,-0.14698250369037488,0.1782917341874068,0.24550091063505572,0.06505468596994625
pool_alloc_froot_sp1,32,-1.6034418341747254,1.6928495799146206,2.153162624020145,0.6534048609957352
pool_alloc_leaf_sp1,32,-0.5413503426670438,1.0417486457226612,1.333116905256731,0.2524371701871849
pool_alloc_stem_sp1,32,-0.6273907942309547,0.6523312050556891,1.2284379229491627,0.3364548641540148
pool_turnover_branch_sp1,32,3.808121037651606,3.9194613581493067,4.749136505234803,1.4715084612766713
pool_turnover_croot_sp1,32,-1.8134363188808238,1.8757244586589774,2.5949084710363333,0.8640933995618068
pool_turnover_froot_sp1,32,-1.0445938768751033,1.0715307777208514,1.3266024363063944,0.3926379619854015
pool_turnover_leaf_sp1,32,-0.3298959397935783,0.5456015306598152,0.9540566100194148,0.24336313036604698
pool_turnover_stem_sp1,32,0.982218893413186,1.0104939427032666,0.9578286604236119,0.28539233462515456
proj_cover,32,-7.1958948782935135,7.326129152901883,10.737063526317417,3.2422945493285478
proj_fire_off,32,0.05485737965524527,0.05485737965524527,0.10861682660156191,0.03751853685995003
proj_fire_on,32,4.38133725709025,4.448507206029242,4.74097118567905,1.4079336947232552
proj_mortality,32,28.467477016232618,28.717835166213263,31.147043454792605,9.994677301538086
proj_thinning_delta,32,47.253457075814154,47.253457075814154,33.48702876704268,8.991395669961783
roth_c_cover_c,32,1.0702580501514174,1.2548652620246448,1.931251591773774,0.6323723413413814
roth_c_dpm_frac_crop,32,-0.1201938176024453,0.1201938176024453,0.05117411576539637,0.014332669899751458
roth_c_dpm_frac_tree,32,1.5625103164448704,2.0147737120244216,3.278285478924184,0.9453586662999429
roth_c_moisture_b_slope,32,-2.5208965397511887,2.6132056831089447,3.6952653884510895,1.2498625634891307
roth_c_temp_a1,32,0.9592975655675268,1.02748196823084,1.2407838949924823,0.35628125363519286
roth_c_temp_a2,32,-7.838973130169582,8.378180628022728,10.035354563248408,2.9929087836613837
thinning_fraction_branch_delta,32,0.03929996119074376,0.04010568806605045,0.0693738848306671,0.022630523664634167
thinning_fraction_croot_delta,32,0.004685527104968681,0.010313413981081274,0.017784477059316423,0.004464305954906409
thinning_fraction_froot_delta,32,0.006279616348885797,0.008581835695667561,0.016600412074304318,0.00455222064688707
thinning_fraction_leaf_delta,32,0.01515057516065848,0.01543418692615836,0.02436603691401186,0.007481211006892326
thinning_fraction_stem_delta,32,0.08140304842197603,0.08372221583968861,0.12273283324540635,0.034397057347537924
tree_carbon_sp1,32,-4.845719569920406,5.190666004176297,6.218156258969166,1.8228423879600213
tree_nitrogen_branch_sp1,32,0.08076443643769157,0.08076443643769157,0.07763922352270979,0.023043403403956546
tree_nitrogen_croot_sp1,32,0.30859972315300227,0.30859972315300227,0.4876109772809401,0.1507796300339245
tree_nitrogen_froot_sp1,32,0.009163760737041338,0.009163760737041338,0.011835812868563438,0.0041689032290696
tree_nitrogen_leaf_sp1,32,1.7900877086433802,1.7900877086433802,2.4819682253313973,0.7133468667328265
tree_nitrogen_stem_sp1,32,0.00566104132636105,0.00566104132636105,0.006626085118369516,0.0020867135374074814
tree_root_in_top_30,32,-3.0202792380122467,3.2248725464567074,4.794708386280457,1.5540318922323682
tree_root_to_shoot_sp1,32,-3.406972875223081,3.8588860663372886,5.482496069918913,1.7183743499388802
cy0,33,0.08855336036898413,0.3585666627862282,0.5397783382576054,0.13555798427807278
clay,33,-1.6369558661696082,1.7182355142044892,2.6543225571716675,0.747673890143863
temp_ci_delta,33,0.9199501346381478,1.023411917730981,1.52815423733715,0.49166181774536055
rain_ci_delta,33,5.964029550847937,6.885395123863614,11.402048323930577,3.2912150707294603
evap_ci_delta,33,-1.4475183502246778,1.5275103758705422,4.7072863108847764,1.2920602044355052
ef_N_inputs,33,2.3630162063878077,2.8637864568575484,3.8660633787883865,1.0035588834168365
volatile_frac_organic_fertiliser,33,-0.01630156757300375,0.01630156757300375,0.009909378296539912,0.00301384506099921
volatile_frac_synthetic_fertiliser,33,0.21208655635002152,0.21208655635002152,0.11442689071693633,0.035733729260371036
base_sf_qty_scale,33,-0.12171437219275208,0.12171437219275208,0.060011127386039524,0.017457688627474523
proj_lit_qty_scale,33,0.014088530885942053,0.01971680932518415,0.019354803461592886,0.003715884300250041
base_stand_density_scale,33,0.0,0.0,0.0,0.0
proj_stand_density_scale,33,-10.556859660425506,12.022950294883728,15.397675395356867,4.3981309855692565
tree_wood_dens_sp1,33,-17.190236985663553,20.695252449540263,33.0674545249725,8.92423268126841
base_cover,33,0.7082497051710839,0.7502339038171029,0.6175021375870354,0.14280537549258235
base_fire_off,33,-0.0756788006786385,0.0756788006786385,0.14689869148455909,0.04839404300400035
base_fire_on,33,-0.21345109383930957,0.21345109383930957,0.1722247122645582,0.05672412915565807
base_sf_n_delta,33,-0.01205401284015005,0.01205401284015005,0.005283568101080388,0.0016692262153268933
crop_base_left_delta,33,0.2773802191606488,0.2993723218119113,0.21056584721663704,0.05268908306618763
crop_base_yield_delta,33,0.050925690034145044,0.11739002123630675,0.13589722648718747,0.025156625149374914
crop_carbon_above_sp3,33,0.08705300026979716,0.08705300026979716,0.04970099289848506,0.014421716401317713
crop_carbon_below_sp3,33,0.20489876156086936,0.20489876156086936,0.08299764516289025,0.02334872804766701
crop_intercept_sp3,33,0.0875461653853408,0.09736917841577626,0.12052103712941091,0.034488768098971216
crop_nitrogen_above_sp3,33,-0.0669305607858641,0.07202355101829659,0.0914371152767565,0.02260796695553597
crop_nitrogen_below_sp3,33,-0.11086118948445756,0.11086118948445756,0.08012494133274613,0.025742508856431392
crop_carbon_above_sp10,33,0.06427106893666187,0.06427106893666187,0.046872356411769234,0.012801058543972978
crop_carbon_below_sp10,33,0.030427557918790638,0.03146579897890924,0.028866613816279346,0.008401227153544069
crop_intercept_sp10,33,0.028786542852125962,0.04978497242992371,0.05783048852631381,0.010121946621223236
crop_nitrogen_above_sp10,33,-0.045703569131602645,0.045703569131602645,0.02984163700642232,0.008973887083694988
crop_nitrogen_below_sp10,33,-0.023142435699093734,0.02344484071946825,0.02940446716600316,0.008328548589453208
crop_proj_left_delta,33,0.12205680154847125,0.13343347274329379,0.11958696327754903,0.03342383118719457
crop_proj_yield_delta,33,-0.13206207789875918,0.20743152290589198,0.25381989324819676,0.052868574204344834
crop_root_in_top_30,33,0.17058639634509673,0.17065383367684278,0.10206099120896413,0.03128561292049568
crop_root_to_shoot_sp3,33,0.2757607694973564,0.2757607694973564,0.13547246568416374,0.040836186353318364
crop_slope_sp3,33,0.06153499236809854,0.06866327020879845,0.05972642697622267,0.014164818860415165
crop_root_to_shoot_sp10,33,0.04171595512163176,0.042560572398486055,0.04225067821944283,0.014035771896134433
crop_slope_sp10,33,0.014166030456892503,0.07739461949261403,0.10167658467594184,0.019485789717307314
cy0_to_ceq_multiplier,33,0.00824301718464232,0.04866417027912653,0.08608400290002943,0.022252844919760956
litter_carbon,33,-0.0036414900217035862,0.0036414900217035862,0.0014876639409877935,0.0004085814941960986
litter_nitrogen,33,0.013982065601875704,0.013982065601875704,0.007232994521152713,0.0024399858924098396
mortality_fraction_branch_delta,33,-0.06944845555111753,0.08717339428911386,0.10595190107392123,0.024409155967480736
mortality_fraction_croot_delta,33,-0.037328110213752555,0.04009731731669487,0.05550949451444721,0.014839905613638966
mortality_fraction_froot_delta,33,-0.024064508915146266,0.025533274166707143,0.03294505294623844,0.010201647214364404
mortality_fraction_leaf_delta,33,-0.007875248954586736,0.015076247987715567,0.019804886535094532,0.004536481380481184
mortality_fraction_stem_delta,33,-0.14831812061199123,0.18052683468166428,0.24927238896343643,0.06613888973046807
pool_alloc_froot_sp1,33,-1.6257701671503402,1.7192757713812619,2.2086494643592585,0.6697232056002815
pool_alloc_leaf_sp1,33,-0.5333700062505228,1.038495377318565,1.336519967967867,0.2525836328539055
pool_alloc_stem_sp1,33,-0.6312324669037304,0.6571881970917568,1.2514477310371117,0.3432039536178468
pool_turnover_branch_sp1,33,3.7709844885414228,3.8936131660503137,4.808740487943146,1.4906696103465638
pool_turnover_croot_sp1,33,-1.85136169624217,1.9167573634153574,2.6752887135617613,0.890297128465472
pool_turnover_froot_sp1,33,-1.0659233774352046,1.0950728401026677,1.3590639857480413,0.4014724973382233
pool_turnover_leaf_sp1,33,-0.3349631124217805,0.5557524395344402,0.9832966883191087,0.2508850498249873
pool_turnover_stem_sp1,33,0.9665240746490866,0.9975924996143973,0.9582886060762092,0.28495305466531917
proj_cover,33,-7.30373015872956,7.439308570607366,11.10985441893531,3.3522570627765265
proj_fire_off,33,0.05485737965524555,0.05485737965524555,0.10861682660156227,0.037518536859950026
proj_fire_on,33,4.484137095729253,4.545151627610162,4.876700757356605,1.4488330473822408
proj_mortality,33,29.409522993919108,29.698260879045563,32.46090065378028,10.400581213020669
proj_thinning_delta,33,47.16136515173688,47.16136515173688,34.10764972308217,9.167814754449834
roth_c_cover_c,33,1.102022643953544,1.2813839735185861,1.994762683841613,0.6561688185418223
roth_c_dpm_frac_crop,33,-0.10105373529737256,0.10105373529737256,0.05617944078593525,0.01601215582739
roth_c_dpm_frac_tree,33,1.5815669922823494,2.0413148818667572,3.3481582273907073,0.9675724928268535
roth_c_moisture_b_slope,33,-2.5756251600272853,2.667164142359991,3.781196360851618,1.2779196750085176
roth_c_temp_a1,33,0.9849883178682142,1.0533096652826,1.2853719016864222,0.3691984967116035
roth_c_temp_a2,33,-8.024260789336822,8.579670707846992,10.36503522735693,3.097258242836226
thinning_fraction_branch_delta,33,0.03894147569860846,0.039791467870386496,0.06829804817302855,0.02233524106118032
thinning_fraction_croot_delta,33,0.004897112169801404,0.010278063629670537,0.017576389890879555,0.004440128022914601
thinning_fraction_froot_delta,33,0.0062699387286112625,0.008473040187763186,0.01639555250118417,0.004497898247016346
thinning_fraction_leaf_delta,33,0.01495301056164051,0.015234623592620764,0.024238980635253687,0.007473509409317091
thinning_fraction_stem_delta,33,0.08015434681047981,0.08230864157199835,0.1199941213689728,0.03367553613808844
tree_carbon_sp1,33,-4.867571653103528,5.208372930231198,6.325437102603248,1.858536341109775
tree_nitrogen_branch_sp1,33,0.08248518037435038,0.08248518037435038,0.08014427176043629,0.023756846494878
tree_nitrogen_croot_sp1,33,0.3174076385971162,0.3174076385971162,0.5075480274916918,0.15690199030368968
tree_nitrogen_froot_sp1,33,0.009468416013202072,0.009468416013202072,0.01233957791673591,0.004348529045530103
tree_nitrogen_leaf_sp1,33,1.838956223812923,1.838956223812923,2.5739805721974607,0.7406162182455809
tree_nitrogen_stem_sp1,33,0.005773500332552456,0.005773500332552456,0.006867799639780423,0.0021627917410808484
tree_root_in_top_30,33,-3.075374792621109,3.28486542220501,4.934077266232816,1.602420445252075
tree_root_to_shoot_sp1,33,-3.406486755182608,3.8641798947622283,5.5620949005681615,1.7496934932647155
cy0,34,0.0793679414481892,0.3402579629445122,0.516029868460945,0.13010367642417525
clay,34,-1.6692455689510552,1.7593546520862293,2.739653175358918,0.7701259259596914
temp_ci_delta,34,0.9368865703913869,1.0440021896647467,1.5719007743116375,0.5055945011073419
rain_ci_delta,34,6.070278512837538,7.00847675735955,11.696018400063586,3.379648519413919
evap_ci_delta,34,-1.4948195847594983,1.5739303651536711,4.862766235034667,1.3358617723665318
ef_N_inputs,34,2.4545323881702026,2.963972671799504,4.014182887088376,1.0444747995604386
volatile_frac_organic_fertiliser,34,-0.016301567573003585,0.016301567573003585,0.009909378296539912,0.003013845060999195
volatile_frac_synthetic_fertiliser,34,0.21208655635002063,0.21208655635002063,0.11442689071693647,0.03573372926037105
base_sf_qty_scale,34,-0.12171437219275291,0.12171437219275291,0.06001112738604015,0.017457688627474592
proj_lit_qty_scale,34,0.014555773780134989,0.01988020597120496,0.019274224537368757,0.003778651658742446
base_stand_density_scale,34,0.0,0.0,0.0,0.0
proj_stand_density_scale,34,-10.532112448322527,12.003273698112498,15.59189263230163,4.4479566413079965
tree_wood_dens_sp1,34,-17.263194597069507,20.781864968683603,33.655069286116344,9.102518943736186
base_cover,34,0.6773065660201105,0.7224543026035928,0.6056860709378439,0.1385889749926202
base_fire_off,34,-0.07567880067863864,0.07567880067863864,0.1468986914845594,0.0483940430040005
base_fire_on,34,-0.21200511597006452,0.21200511597006452,0.1691517057382292,0.05567162288509219
base_sf_n_delta,34,-0.012054012840149933,0.012054012840149933,0.005283568101080822,0.001669226215327104
crop_base_left_delta,34,0.2724673140035946,0.2948170317194375,0.20919259127399045,0.05226340831447224
crop_base_yield_delta,34,0.046604341525318005,0.11599475261312983,0.13535579877506676,0.024763471822616998
crop_carbon_above_sp3,34,0.07445493218644589,0.07445493218644589,0.042492016071384704,0.012631915558029954
crop_carbon_below_sp3,34,0.17993495421931643,0.17993495421931643,0.07650864213118899,0.021493949857960673
crop_intercept_sp3,34,0.06479709897032553,0.07552684691327989,0.09421124504161066,0.026577607396606015
crop_nitrogen_above_sp3,34,-0.06693056078586414,0.07202355101829691,0.09143711527675724,0.022607966955536324
crop_nitrogen_below_sp3,34,-0.11086118948445897,0.11086118948445897,0.0801249413327461,0.02574250885643144
crop_carbon_above_sp10,34,0.06295418029755782,0.06295418029755782,0.04627455309380408,0.012618585844486259
crop_carbon_below_sp10,34,0.029793941216963177,0.030848776943874962,0.02850175599189294,0.008277539256086727
crop_intercept_sp10,34,0.027644229918208918,0.04931729718292195,0.05732720096430068,0.009896173338126455
crop_nitrogen_above_sp10,34,-0.045703569131603845,0.045703569131603845,0.029841637006421905,0.00897388708369506
crop_nitrogen_below_sp10,34,-0.02314243569909384,0.023444840719468344,0.029404467166002608,0.008328548589453167
crop_proj_left_delta,34,0.0925324960980179,0.11004149268350852,0.10298522179079955,0.02562975271048344
crop_proj_yield_delta,34,-0.06530413017662665,0.18669430388242267,0.23242506282291167,0.04193627579664202
crop_root_in_top_30,34,0.14705317978567786,0.14810343414681185,0.09702432784591804,0.029286368459183042
crop_root_to_shoot_sp3,34,0.23533763419980253,0.23533763419980253,0.13277865628482025,0.0399569853794842
crop_slope_sp3,34,0.044550286619085694,0.05597387230506813,0.05790955771210862,0.012578773232192999
crop_root_to_shoot_sp10,34,0.040529184638094885,0.04146526900897923,0.041526860861075196,0.013750689410547988
crop_slope_sp10,34,0.01142691683052493,0.07667271632978592,0.10106309658781366,0.019212226271608564
cy0_to_ceq_multiplier,34,0.007614960053939792,0.04575335472129584,0.08071194414365956,0.020726072812253204
litter_carbon,34,-0.003567682324345628,0.003567682324345628,0.0014743081320230803,0.0004050699323507735
litter_nitrogen,34,0.013982065601879017,0.013982065601879017,0.007232994521154657,0.0024399858924105014
mortality_fraction_branch_delta,34,-0.06939349102346563,0.0875170776720601,0.1067085543021955,0.024526302155013394
mortality_fraction_croot_delta,34,-0.03747458946936076,0.04032031023845146,0.05601185149142835,0.014983760095394379
mortality_fraction_froot_delta,34,-0.024076249248428015,0.02561301614644218,0.033238067050577025,0.010277608529194968
mortality_fraction_leaf_delta,34,-0.007613366577463481,0.014955491122026116,0.019864657373634617,0.004554532479783849
mortality_fraction_stem_delta,34,-0.14935355326979619,0.18240964496949358,0.2526517233917041,0.06713502716172695
pool_alloc_froot_sp1,34,-1.6452674884154603,1.7425845506618578,2.2615198015527316,0.6853100765378244
pool_alloc_leaf_sp1,34,-0.5226674409731373,1.0324798000904336,1.336781305280852,0.25205225847220725
pool_alloc_stem_sp1,34,-0.6329764423204051,0.6598395935895306,1.2707867107173831,0.3490014856373167
pool_turnover_branch_sp1,34,3.712050360018889,3.8486843913218487,4.84431298136196,1.501321154944832
pool_turnover_croot_sp1,34,-1.8875927952338727,1.9559739482804879,2.7538685620626095,0.9159224798879682
pool_turnover_froot_sp1,34,-1.0861755732093616,1.1176530429456526,1.390158414368135,0.4098369935780132
pool_turnover_leaf_sp1,34,-0.33930577128522177,0.5651231530442331,1.0120501926485979,0.25829097732314016
pool_turnover_stem_sp1,34,0.9448014280987935,0.97839066726951,0.9531135963409424,0.2829237961843505
proj_cover,34,-7.397963368716837,7.5497799655002265,11.464169665677513,3.4558282414258605
proj_fire_off,34,0.05485737965524562,0.05485737965524562,0.10861682660156236,0.037518536859950075
proj_fire_on,34,4.570080791481917,4.6315389579193305,4.999410290038938,1.4853873763544583
proj_mortality,34,30.30456439033248,30.62899928454102,33.73722606019144,10.795098537257138
proj_thinning_delta,34,46.930950352885475,46.930950352885475,34.68336400593372,9.332612159302853
roth_c_cover_c,34,1.126981192583931,1.3055528887327061,2.0546068838143126,0.6773665336411251
roth_c_dpm_frac_crop,34,-0.07803971165340948,0.07803971165340948,0.054676485213509984,0.015993914870836737
roth_c_dpm_frac_tree,34,1.5966433075862223,2.0629470639725707,3.4116487345274287,0.9880228271727213
roth_c_moisture_b_slope,34,-2.6177866756762476,2.7117615981743652,3.8539168531488532,1.300766332899852
roth_c_temp_a1,34,1.0083724680848998,1.077937449913399,1.3277947140366713,0.38096606686563866
roth_c_temp_a2,34,-8.180600287019095,8.764479481637892,10.677025282033883,3.191448885076675
thinning_fraction_branch_delta,34,0.03862919158883872,0.03950023664551915,0.06719322125414683,0.022018813465992104
thinning_fraction_croot_delta,34,0.005140632087354882,0.010237889314953405,0.017348073889264872,0.0044115379221894065
thinning_fraction_froot_delta,34,0.006269332991423254,0.00835985342991053,0.016155041515291114,0.0044338900704737295
thinning_fraction_leaf_delta,34,0.0147745076512424,0.01504271936838151,0.024086619253117694,0.007456562582397003
thinning_fraction_stem_delta,34,0.07908230069786193,0.08104865424030154,0.11741727688760513,0.03299477079990202
tree_carbon_sp1,34,-4.876725314692248,5.214913648153706,6.421262741125647,1.8898073262214012
tree_nitrogen_branch_sp1,34,0.08417209560528303,0.08417209560528303,0.08266053629115598,0.024473846357627102
tree_nitrogen_croot_sp1,34,0.3261624545728614,0.3261624545728614,0.527693374502969,0.16308664866411032
tree_nitrogen_froot_sp1,34,0.009774005122655308,0.009774005122655308,0.012849202746909432,0.004530267344456086
tree_nitrogen_leaf_sp1,34,1.8874330041056802,1.8874330041056802,2.666073665977698,0.7679849641544204
tree_nitrogen_stem_sp1,34,0.005885289818262711,0.005885289818262711,0.00711046918400824,0.0022393037543847675
tree_root_in_top_30,34,-3.1262240726984385,3.3399271036154885,5.068611187652201,1.64933012969439
tree_root_to_shoot_sp1,34,-3.39698062579847,3.8605232840033414,5.631274495292195,1.7776758557375107
cy0,35,0.07069979297564921,0.32608831747632755,0.49462991596512795,0.12414941550171901
clay,35,-1.7005030210610124,1.7985603507720243,2.8229824463003474,0.7922759697400361
temp_ci_delta,35,0.9552630212844677,1.0638540135756398,1.614393704876499,0.5196111291085383
rain_ci_delta,35,6.184829407598043,7.1301675795133175,11.985989479924053,3.4687861233280937
evap_ci_delta,35,-1.5427837212431095,1.6200910885848412,5.01825106664616,1.379905676965825
ef_N_inputs,35,2.5450597208208317,3.063085357941003,4.162642657444495,1.0855725926107047
volatile_frac_organic_fertiliser,35,-0.01630156757300181,0.01630156757300181,0.009909378296539581,0.0030138450609990715
volatile_frac_synthetic_fertiliser,35,0.21208655635002055,0.21208655635002055,0.11442689071693475,0.035733729260370634
base_sf_qty_scale,35,-0.12171437219275294,0.12171437219275294,0.06001112738603779,0.017457688627473544
proj_lit_qty_scale,35,0.01500528920231461,0.02008393855789601,0.019199058557945167,0.0038209185134098476
base_stand_density_scale,35,0.0,0.0,0.0,0.0
proj_stand_density_scale,35,25.647313009561014,25.647313009561014,19.813166229032312,6.326068608209069
tree_wood_dens_sp1,35,35.955914300964714,35.955914300964714,30.69073238704883,8.240886826098277
base_cover,35,0.6476256523539722,0.6965146827309288,0.5947810345747089,0.1347684784399657
base_fire_off,35,-0.07567880067863864,0.07567880067863864,0.14689869148455834,0.04839404300399989
base_fire_on,35,-0.21059597520642975,0.21059597520642975,0.16617235286820767,0.05465036234277485
base_sf_n_delta,35,-0.012054012840149241,0.012054012840149241,0.005283568101079624,0.0016692262153263256
crop_base_left_delta,35,0.2676899756995545,0.29038917031123795,0.2078852887937316,0.05186204797026014
crop_base_yield_delta,35,0.04242123371842834,0.11466268348181505,0.13489163353117964,0.02445835385806777
crop_carbon_above_sp3,35,0.06632635100161162,0.06632635100161162,0.038642624302509324,0.011684321944924404
crop_carbon_below_sp3,35,0.16199503256624026,0.16199503256624026,0.07111185341127195,0.019845869189695015
crop_intercept_sp3,35,0.05026649562128027,0.06176777199319676,0.07835004641942599,0.021744224459908947
crop_nitrogen_above_sp3,35,-0.06693056078586726,0.07202355101829935,0.09143711527675664,0.022607966955536032
crop_nitrogen_below_sp3,35,-0.11086118948445814,0.11086118948445814,0.08012494133274785,0.025742508856432016
crop_carbon_above_sp10,35,0.06169005210378549,0.06169005210378549,0.045712131936313724,0.012446779160075278
crop_carbon_below_sp10,35,0.029184743003419566,0.030254902685579475,0.028154751220423734,0.008160427284103605
crop_intercept_sp10,35,0.02655077424203937,0.048905864288420794,0.05686398985980391,0.009689888256608964
crop_nitrogen_above_sp10,35,-0.045703569131602464,0.045703569131602464,0.029841637006422513,0.008973887083695413
crop_nitrogen_below_sp10,35,-0.0231424356990935,0.023444840719468053,0.02940446716600224,0.008328548589453096
crop_proj_left_delta,35,0.0728802827843976,0.09494857425354097,0.09149408862612182,0.020358439909824173
crop_proj_yield_delta,35,-0.02077233022665448,0.1769892646538307,0.2160803837197531,0.03550427413251857
crop_root_in_top_30,35,0.13091400209220055,0.13303247736918594,0.0927118367617523,0.027752416603914563
crop_root_to_shoot_sp3,35,0.20682061344973537,0.20821219966226695,0.12808661463718465,0.038010094721122864
crop_slope_sp3,35,0.032513819784425045,0.04789628912262487,0.056150987003605254,0.01188364730527523
crop_root_to_shoot_sp10,35,0.03939276200506712,0.040416020234609974,0.04085478547612513,0.01348588490248496
crop_slope_sp10,35,0.008789452733228148,0.07608020514041866,0.10050445096487566,0.01896598617544004
cy0_to_ceq_multiplier,35,0.007031738626925521,0.04324239361611941,0.07586095363903478,0.019362314491310685
litter_carbon,35,-0.003496174993135337,0.003496174993135337,0.0014617421353433583,0.0004017775689231198
litter_nitrogen,35,0.0139820656018802,0.0139820656018802,0.0072329945211563745,0.002439985892411364
mortality_fraction_branch_delta,35,-0.0691282944271919,0.0876473445308855,0.1072674986407349,0.024598289742886466
mortality_fraction_croot_delta,35,-0.03754841692156232,0.040463431117573,0.05642381559766702,0.015105864286208335
mortality_fraction_froot_delta,35,-0.02403302966408046,0.025652036034658276,0.0334649200339214,0.010324165739929766
mortality_fraction_leaf_delta,35,-0.007308298282997084,0.014866938530578255,0.01989183147780562,0.0045505759916121945
mortality_fraction_stem_delta,35,-0.1500638361580389,0.18402450704737988,0.2556083569038885,0.06803360518623194
pool_alloc_froot_sp1,35,-1.2485060844807325,1.5098597089329044,2.130785067735532,0.6070131258030688
pool_alloc_leaf_sp1,35,-0.35510063316203644,0.9298656205154762,1.2444242600067918,0.23980347007665387
pool_alloc_stem_sp1,35,0.7591465779519899,0.8079358151310843,1.2665699551495668,0.3950417510894204
pool_turnover_branch_sp1,35,-5.616971003924393,5.616971003924393,4.985761419375616,1.468125115783021
pool_turnover_croot_sp1,35,-6.5783933151393414,6.58195776908831,6.568731057177151,2.269426505762888
pool_turnover_froot_sp1,35,-3.5059225240687013,3.5113086554865114,3.383893695605098,0.9804328103563084
pool_turnover_leaf_sp1,35,-1.5052637261065938,1.529213502221474,1.9960649992177224,0.5743553409925921
pool_turnover_stem_sp1,35,-1.5560343118393911,1.5560343118393911,1.3094664880866183,0.3786150120640915
proj_cover,35,-7.502840334135064,7.672112986960632,11.813012670746781,3.5574082009808885
proj_fire_off,35,0.05485737965524651,0.05485737965524651,0.10861682660156496,0.03751853685995095
proj_fire_on,35,4.649297215044022,4.712312053441763,5.118381318311704,1.521032243091004
proj_mortality,35,-24.197904870017886,24.197904870017886,25.350859175016073,7.1174438717904005
proj_thinning_delta,35,-67.36031340087519,79.75107431559208,77.30065523925406,17.705495578847742
roth_c_cover_c,35,1.152824633480191,1.3325136937385775,2.1141745477595646,0.6974809428441336
roth_c_dpm_frac_crop,35,-0.062122226295486284,0.062122226295486284,0.05207359183006563,0.015502661546093626
roth_c_dpm_frac_tree,35,1.607431799349446,2.0793579127971396,3.468180443603111,1.0065453324564542
roth_c_moisture_b_slope,35,-2.661153891375565,2.758355785271441,3.9259679722728618,1.3231728863993262
roth_c_temp_a1,35,1.0327194160719029,1.1023031172093796,1.3693777385337893,0.3926853801755845
roth_c_temp_a2,35,-8.343790175478041,8.94338839285533,10.982871158868939,3.286434141374622
thinning_fraction_branch_delta,35,0.03834880038126139,0.03922070856450225,0.0660616103499116,0.021683703692613614
thinning_fraction_croot_delta,35,0.0054071545704566844,0.010189083693925394,0.017101604584552437,0.004379402666457764
thinning_fraction_froot_delta,35,0.00627441622652235,0.008240902952901908,0.015884052530538192,0.004361899490586978
thinning_fraction_leaf_delta,35,0.014609555924925976,0.014861350496912762,0.023911159755521553,0.007428940103757589
thinning_fraction_stem_delta,35,0.07814303893435458,0.07990333494097947,0.11498154796965113,0.03234871010219094
tree_carbon_sp1,35,8.947833327448645,8.947833327448645,7.125951764975877,1.901149757226155
tree_nitrogen_branch_sp1,35,0.0858177990437305,0.0858177990437305,0.08517869397757986,0.025191718288759435
tree_nitrogen_croot_sp1,35,0.33483277706825454,0.33483277706825454,0.5479906034454155,0.16931626383149415
tree_nitrogen_froot_sp1,35,0.010079549457090909,0.010079549457090909,0.013363328669716248,0.004713636719323081
tree_nitrogen_leaf_sp1,35,1.9353300368960666,1.9353300368960666,2.757940331540104,0.7953634069474212
tree_nitrogen_stem_sp1,35,0.005995901907229939,0.005995901907229939,0.007353216739302786,0.0023159698282208857
tree_root_in_top_30,35,-3.17230525056752,3.389569047544333,5.197431756194248,1.6944381159047188
tree_root_to_shoot_sp1,35,7.070183705499065,7.149987323327889,9.975202895880079,3.0953280269021306
cy0,36,0.06251968732874358,0.31660128320599235,0.4754615543916984,0.11782182695133503
clay,36,-2.10952891524525,2.202181141601179,3.4163771064789223,0.9683376123811579
temp_ci_delta,36,1.308294810100979,1.3631194945852734,1.899127565934362,0.6272202431865733
rain_ci_delta,36,8.318917996122801,9.080771427660355,14.763131113636774,4.296842321745015
evap_ci_delta,36,-2.0613161481710263,2.1156191857153033,6.50807835266271,1.821053394493755
ef_N_inputs,36,2.637125276895747,3.1624804904191977,4.27808765362313,1.1276611446793292
volatile_frac_organic_fertiliser,36,-0.01630156757300248,0.01630156757300248,0.009909378296540755,0.0030138450609995737
volatile_frac_synthetic_fertiliser,36,0.21208655635002044,0.21208655635002044,0.11442689071693574,0.03573372926037055
base_sf_qty_scale,36,-0.1217143721927533,0.1217143721927533,0.060011127386040065,0.01745768862747445
proj_lit_qty_scale,36,0.015438360101817445,0.020280677278933696,0.01912860503750352,0.003866046667582733
base_stand_density_scale,36,0.0,0.0,0.0,0.0
proj_stand_density_scale,36,-16.747104834338455,17.232244431311834,21.09359002819317,6.500559532416615
tree_wood_dens_sp1,36,-27.75902566613046,29.191149078535,43.64161865178741,12.230667700446384
base_cover,36,0.6191551017104355,0.6716852817954473,0.5847049510708203,0.1314115020718345
base_fire_off,36,-0.07567880067863865,0.07567880067863865,0.14689869148455942,0.0483940430040005
base_fire_on,36,-0.20922101212987892,0.20922101212987892,0.1632808904847812,0.05365822838805796
base_sf_n_delta,36,-0.012054012840147793,0.012054012840147793,0.005283568101079944,0.001669226215326574
crop_base_left_delta,36,0.2630411723260188,0.2862759762193508,0.2066378031249103,0.05141677431573846
crop_base_yield_delta,36,0.03836617011674034,0.11344646221049766,0.1344940774804802,0.024206183349940836
crop_carbon_above_sp3,36,0.060684133263287386,0.060684133263287386,0.036247820339026196,0.01106087703686189
crop_carbon_below_sp3,36,0.14844251306942652,0.14844251306942652,0.0665518964589557,0.01840142492749059
crop_intercept_sp3,36,0.04053499700201199,0.053527336509897674,0.06819160412217747,0.01829050492900809
crop_nitrogen_above_sp3,36,-0.06693056078586473,0.07202355101829788,0.0914371152767588,0.022607966955536404
crop_nitrogen_below_sp3,36,-0.11086118948445575,0.11086118948445575,0.08012494133274582,0.02574250885643134
crop_carbon_above_sp10,36,0.060474506107543194,0.060474506107543194,0.04518018098838601,0.012284328340215036
crop_carbon_below_sp10,36,0.028598164535587594,0.029682590832157546,0.0278236642151552,0.008049365938490798
crop_intercept_sp10,36,0.025502258871837685,0.04851653717329782,0.05643624709480351,0.009503381459679333
crop_nitrogen_above_sp10,36,-0.045703569131602825,0.045703569131602825,0.029841637006422263,0.008973887083694993
crop_nitrogen_below_sp10,36,-0.023142435699093796,0.02344484071946829,0.029404467166003034,0.008328548589453416
crop_proj_left_delta,36,0.05904700467137284,0.08435618868415343,0.08310082769721641,0.01674990916338093
crop_proj_yield_delta,36,0.010976628021019296,0.17029164006814237,0.20258120763628606,0.03214073319906675
crop_root_in_top_30,36,0.1190736004913314,0.12190698958658248,0.08896989234444842,0.026553973899674985
crop_root_to_shoot_sp3,36,0.18546032247940794,0.1890231905921557,0.12282675075915253,0.03542659290695094
crop_slope_sp3,36,0.023456616826127697,0.04287569377805102,0.0543793499307408,0.011095316580193226
crop_root_to_shoot_sp10,36,0.03830277605526254,0.03943343182089379,0.04022990188736244,0.013231915879241826
crop_slope_sp10,36,0.006244107924848414,0.07554563355089064,0.09999514537974825,0.018757145946427634
cy0_to_ceq_multiplier,36,0.006486724115029929,0.04093694390385687,0.07147290284163849,0.018150003984267644
litter_carbon,36,-0.003426809991304375,0.003426809991304375,0.0014498581474804344,0.00039867498445539823
litter_nitrogen,36,0.013982065601877494,0.013982065601877494,0.007232994521155134,0.0024399858924104693
mortality_fraction_branch_delta,36,0.015950963369404374,0.05164696749371052,0.06300868306970402,0.011770755196674367
mortality_fraction_croot_delta,36,-0.005982433219058272,0.020619229265794178,0.03425808769806655,0.008377914187105043
mortality_fraction_froot_delta,36,-0.0022703701908680595,0.013450135295399184,0.020060561192300812,0.004697250114561659
mortality_fraction_leaf_delta,36,0.013906996532586846,0.014933279619420481,0.015742812782431267,0.004939754839962968
mortality_fraction_stem_delta,36,0.003791548276364823,0.1025055600534015,0.13815979690402175,0.028228029296934624
pool_alloc_froot_sp1,36,-1.2353716712333465,1.3586212670395177,1.9928730201998437,0.5992342753897516
pool_alloc_leaf_sp1,36,-0.027257856306518724,0.7811562641276921,1.0318040041866097,0.1722696081942897
pool_alloc_stem_sp1,36,-0.9173804447607956,1.0225965420489562,2.0529756275282187,0.6022063452619333
pool_turnover_branch_sp1,36,5.846216915063817,5.870280763091684,7.455151796971714,2.3787112361656195
pool_turnover_croot_sp1,36,0.06171427619731047,0.954545206641345,1.5885278781518581,0.43018568759247394
pool_turnover_froot_sp1,36,-0.07367468761727061,0.5765144184463934,0.7884334124328859,0.16999953607419516
pool_turnover_leaf_sp1,36,0.29469859942859394,0.5300596028034164,0.6812378686922066,0.1568757357378536
pool_turnover_stem_sp1,36,1.3303497045683312,1.3380772603140194,1.261596764380553,0.3959886441202221
proj_cover,36,-10.68566387559003,10.776666671103516,17.363891215124198,5.1702687072064695
proj_fire_off,36,0.05485737965524664,0.05485737965524664,0.10861682660156473,0.037518536859950824
proj_fire_on,36,10.143482810504832,10.143482810504832,14.312335221740993,3.978627072359303
proj_mortality,36,42.70777912024433,42.75245810673296,48.7145395126137,15.549126919251282
proj_thinning_delta,36,68.29608640028809,68.29608640028809,66.57238527390614,17.38944797109342
roth_c_cover_c,36,1.61841983178772,1.7835297504396952,3.042863576377169,1.0224846442431603
roth_c_dpm_frac_crop,36,-0.05081004958356981,0.05081004958356981,0.048649288784073735,0.014637153597344384
roth_c_dpm_frac_tree,36,5.519766792606413,5.7614692583174065,9.018553898670591,2.947106653116515
roth_c_moisture_b_slope,36,-3.4306028081115834,3.493434105304735,4.759625781214035,1.595934165115956
roth_c_temp_a1,36,1.4153122466222292,1.4692892936584723,1.6814465152956497,0.4918189057338887
roth_c_temp_a2,36,-12.019861288781495,12.448601049620702,15.315994405957376,4.693454750384595
thinning_fraction_branch_delta,36,-4.310275472086149,4.310275472086149,4.933121827020922,1.717815708011932
thinning_fraction_croot_delta,36,-1.996598108936699,1.996598108936699,2.434474193738056,0.696471471891928
thinning_fraction_froot_delta,36,-1.0645206063023194,1.0645206063023194,1.2532587308608871,0.38395336508487427
thinning_fraction_leaf_delta,36,-1.5258430073948972,1.5258430073948972,1.7394843944767622,0.5720417494052277
thinning_fraction_stem_delta,36,-10.578142497169654,10.581517151919638,13.721520191094912,4.631341083262591
tree_carbon_sp1,36,-7.898474317850145,8.045567589372414,9.488071686339364,2.8623510090077846
tree_nitrogen_branch_sp1,36,0.2717052104416914,0.2717052104416914,0.3019748282290635,0.08974185674551267
tree_nitrogen_croot_sp1,36,0.3975594437436977,0.3975594437436977,0.6354143668688188,0.19956897163848233
tree_nitrogen_froot_sp1,36,0.00997464286024305,0.00997464286024305,0.013441590185349298,0.00473687259257177
tree_nitrogen_leaf_sp1,36,1.8267303568356106,1.8267303568356106,2.5839924080972976,0.7411517009416191
tree_nitrogen_stem_sp1,36,0.024284665670965367,0.024284665670965367,0.03981591903656863,0.012504445845366039
tree_root_in_top_30,36,-3.303334203311068,3.510654452411773,5.43099113387864,1.7653136793254924
tree_root_to_shoot_sp1,36,-4.305402962238359,4.506825671552222,7.064347377496065,2.2944246716472905
cy0,37,0.05479946224932841,0.31021125783269754,0.45840252532324127,0.11145371605111566
clay,37,-1.743195492272924,1.8576637311136632,2.9632069234654375,0.8237533105293753
temp_ci_delta,37,0.9827251306329666,1.0887067973237037,1.603299087339397,0.516711112163647
rain_ci_delta,37,6.399769042802443,7.30459980783925,12.250281433788375,3.5225274285458696
evap_ci_delta,37,-1.6327256328682584,1.6989902935896235,5.152045718857952,1.4080193725414707
ef_N_inputs,37,2.1280055374020312,2.7307807573005474,3.8090777145248187,0.9703423041616437
volatile_frac_organic_fertiliser,37,-0.01630156757300357,0.01630156757300357,0.009909378296539983,0.003013845060999314
volatile_frac_synthetic_fertiliser,37,0.21208655635002102,0.21208655635002102,0.11442689071693596,0.03573372926037095
base_sf_qty_scale,37,-0.12171437219275343,0.12171437219275343,0.060011127386040315,0.01745768862747466
proj_lit_qty_scale,37,0.01585612531703793,0.02047314752038776,0.019062270415874622,0.003912838428959046
base_stand_density_scale,37,0.0,0.0,0.0,0.0
proj_stand_density_scale,37,-3.1844749345041876,6.806932061033893,11.041432974867702,2.800763777636528
tree_wood_dens_sp1,37,-5.826550512664837,13.373767386832773,23.547558014883087,5.802748183506114
base_cover,37,0.5918450132411209,0.6480721310608205,0.5753803264518308,0.12837391747427543
base_fire_off,37,-0.0756788006786384,0.0756788006786384,0.14689869148455867,0.048394043004000166
base_fire_on,37,-0.20787873932763903,0.20787873932763903,0.16047427345140666,0.052694160974369485
base_sf_n_delta,37,-0.012054012840150416,0.012054012840150416,0.0052835681010809646,0.00166922621532707
crop_base_left_delta,37,0.2585126930055705,0.28231710338052773,0.2054431565746049,0.05097717160299048
crop_base_yield_delta,37,0.03443094244961115,0.11243898447368283,0.13415357925632043,0.023973062506809445
crop_carbon_above_sp3,37,0.05653204816783859,0.05653204816783859,0.034572981111299195,0.010591042304513411
crop_carbon_below_sp3,37,0.13784879039742068,0.13784879039742068,0.06272499012865347,0.017169096779531892
crop_intercept_sp3,37,0.033714004844771474,0.04778067904655881,0.06135842922503512,0.015957890825413257
crop_nitrogen_above_sp3,37,-0.06693056078586561,0.07202355101829705,0.09143711527675742,0.022607966955536605
crop_nitrogen_below_sp3,37,-0.11086118948445926,0.11086118948445926,0.08012494133274642,0.02574250885643159
crop_carbon_above_sp10,37,0.0593038498436342,0.0593038498436342,0.044676464221027334,0.01213062907581425
crop_carbon_below_sp10,37,0.028032457195808054,0.029129974414390143,0.027506664886079238,0.007943710973935748
crop_intercept_sp10,37,0.024495161068878044,0.048167634165485834,0.056041010882014804,0.009324121060619365
crop_nitrogen_above_sp10,37,-0.04570356913160269,0.04570356913160269,0.029841637006421326,0.008973887083694822
crop_nitrogen_below_sp10,37,-0.02314243569909261,0.023444840719467095,0.029404467166002615,0.008328548589452879
crop_proj_left_delta,37,0.04893212375941004,0.07658306816540467,0.0768360410785344,0.014240564508845574
crop_proj_yield_delta,37,0.03471435956153996,0.16523521762106855,0.19123252248203343,0.030373417782420038
crop_root_in_top_30,37,0.10996097383615529,0.11327787403930407,0.08576114397809285,0.025584951425285916
crop_root_to_shoot_sp3,37,0.16879152183053966,0.1741846146595437,0.11776356155056734,0.03315946781434094
crop_slope_sp3,37,0.016374745660189607,0.039757686801612666,0.05271907591718157,0.010493914742258803
crop_root_to_shoot_sp10,37,0.037256245475607457,0.03849793520430608,0.039647838650867503,0.012992886586692355
crop_slope_sp10,37,0.0037853568277509465,0.07503123513837055,0.09952791537428696,0.018589343432294868
cy0_to_ceq_multiplier,37,0.00597366682619509,0.038818730119037435,0.06749826359381363,0.017074124722133485
litter_carbon,37,-0.003359452616352587,0.003359452616352587,0.0014385611540938391,0.0003957367892142107
litter_nitrogen,37,0.013982065601876753,0.013982065601876753,0.007232994521154429,0.0024399858924103843
mortality_fraction_branch_delta,37,-0.006514468455878014,0.047566073463447406,0.06295344554122569,0.012152825579910004
mortality_fraction_croot_delta,37,-0.014063005105567572,0.022559773910009684,0.0355424152985101,0.009588108058263213
mortality_fraction_froot_delta,37,-0.007570512623665732,0.012611784621577643,0.02071533473985622,0.005575141033534565
mortality_fraction_leaf_delta,37,0.008146239389699014,0.011445783665749406,0.013282897079170722,0.0036342916478194595
mortality_fraction_stem_delta,37,-0.03492514083591926,0.11077921736605678,0.1522130217936448,0.03459301793573493
pool_alloc_froot_sp1,37,-0.5578203712176022,0.844955939245833,1.435689892478644,0.4060887371792036
pool_alloc_leaf_sp1,37,0.4372709164316436,0.6673540358786705,0.7227766542004219,0.16166314781641553
pool_alloc_stem_sp1,37,-0.29049425957121505,0.4149385363229352,0.7701973568541601,0.2076616508366995
pool_turnover_branch_sp1,37,1.538159779999535,2.105955959125931,3.1180139778005804,0.8937067379676306
pool_turnover_croot_sp1,37,-0.48072559515288893,0.9986612767476941,1.7263674274049305,0.4889783818686296
pool_turnover_froot_sp1,37,-0.34565915120915114,0.5758970255245907,0.8170428700770355,0.2040979847164357
pool_turnover_leaf_sp1,37,0.11923322778064471,0.4336654495259535,0.6926195891020102,0.16687922973883576
pool_turnover_stem_sp1,37,0.39339493889297206,0.499156151765095,0.5902319331174251,0.15263791770403043
proj_cover,37,-7.9066723400436185,8.10818646892804,12.026515028425983,3.6392971724146945
proj_fire_off,37,0.05485737965524564,0.05485737965524564,0.10861682660156245,0.03751853685995007
proj_fire_on,37,2.3632556526574335,4.248571097405746,5.435959268192605,1.2052468814728041
proj_mortality,37,19.92429952310968,21.446004932017,25.416824736219073,7.754824242701769
proj_thinning_delta,37,21.868440719306342,22.398345991305327,20.780409974565597,5.754560798315548
roth_c_cover_c,37,1.1703300979241242,1.3571110522683174,1.9541044143940347,0.6358348472517101
roth_c_dpm_frac_crop,37,-0.042486918365464685,0.042486918365464685,0.044866601763705986,0.013583609641397485
roth_c_dpm_frac_tree,37,-0.9552802453248093,2.1558502209235764,2.88898982732554,0.5931996685589772
roth_c_moisture_b_slope,37,-2.7853059506403612,2.877910488375016,4.050096575128915,1.3534391621418056
roth_c_temp_a1,37,1.0726956948185034,1.1432088212824645,1.4443761186967106,0.4185707181479574
roth_c_temp_a2,37,-8.62600933697048,9.19310924845573,11.016337526188801,3.2731491578231156
thinning_fraction_branch_delta,37,1.429749414684549,1.429749414684549,1.673091162079395,0.5425907695248485
thinning_fraction_croot_delta,37,0.49503515586866803,0.49503515586866803,0.5603785231011759,0.1572619674519617
thinning_fraction_froot_delta,37,0.31175956190762866,0.31175956190762866,0.41439099378475047,0.12276596465019741
thinning_fraction_leaf_delta,37,0.46730851633814,0.46730851633814,0.4329543207149942,0.13922093079308276
thinning_fraction_stem_delta,37,2.9501542393508755,2.9501542393508755,3.516391512035571,1.2107386845469632
tree_carbon_sp1,37,-1.8080570676536634,2.6842017071160056,4.018137379827619,1.0566742634517343
tree_nitrogen_branch_sp1,37,0.07508785672055104,0.07508785672055104,0.07824516239351449,0.023131231110152754
tree_nitrogen_croot_sp1,37,0.2985621255549521,0.2985621255549521,0.5189531923424694,0.15939094913994864
tree_nitrogen_froot_sp1,37,0.009122050206690147,0.009122050206690147,0.012320103118939,0.004352648982403627
tree_nitrogen_leaf_sp1,37,1.711796201240216,1.711796201240216,2.4678851710168965,0.7127263634993243
tree_nitrogen_stem_sp1,37,0.005223268418946514,0.005223268418946514,0.00664850763520898,0.0021045169083597046
tree_root_in_top_30,37,-1.0097958202199502,1.912434863283315,3.266825604911735,0.9367439076575564
tree_root_to_shoot_sp1,37,-1.0883811045672234,2.235814383045295,3.793900266327997,1.069721898551032
cy0,38,0.047512895265245866,0.30363196488776545,0.443327275138148,0.10588153898056087
clay,38,-1.5923041934621935,1.7193415287253508,2.831983667608407,0.7833902427369772
temp_ci_delta,38,0.7864195196497543,0.963448269436426,1.594454849435255,0.5040079872083196
rain_ci_delta,38,5.317363738598705,6.372407150935577,11.339612697594385,3.3120514022986787
evap_ci_delta,38,-1.4840180039626287,1.566354351668783,5.168411893204913,1.3967955095790978
ef_N_inputs,38,2.2013408075680228,2.810520883469743,3.934567655049438,1.005348275366034
volatile_frac_organic_fertiliser,38,-0.016301567573002957,0.016301567573002957,0.009909378296539524,0.003013845060999333
volatile_frac_synthetic_fertiliser,38,0.2120865563500211,0.2120865563500211,0.11442689071693637,0.035733729260371036
base_sf_qty_scale,38,-0.12171437219275245,0.12171437219275245,0.06001112738604039,0.017457688627474807
proj_lit_qty_scale,38,0.01625960006359043,0.020690533711761626,0.018999549172332063,0.003952691449718167
base_stand_density_scale,38,0.0,0.0,0.0,0.0
proj_stand_density_scale,38,-4.8766544089186175,7.304896981711792,11.533090084855143,3.024589669599321
tree_wood_dens_sp1,38,-8.74390069186228,14.216720802532938,25.559474897439106,6.6106820127814645
base_cover,38,0.5656478496568674,0.6258620673207171,0.566738264580969,0.12554057336557453
base_fire_off,38,-0.07567880067863808,0.07567880067863808,0.14689869148455761,0.04839404300399978
base_fire_on,38,-0.2065672513453313,0.2065672513453313,0.15774834810690488,0.05175665858936568
base_sf_n_delta,38,-0.0120540128401499,0.0120540128401499,0.005283568101080439,0.0016692262153270151
crop_base_left_delta,38,0.25409873767755425,0.27845744505963166,0.20429722971736525,0.05055890550317315
crop_base_yield_delta,38,0.03060752988725886,0.1116251320516489,0.1338620338679914,0.023754955055925307
crop_carbon_above_sp3,38,0.05332487709023202,0.05332487709023202,0.033292778295007125,0.010207707222626594
crop_carbon_below_sp3,38,0.12933328962183466,0.12933328962183466,0.05952834987360532,0.01613685068738492
crop_intercept_sp3,38,0.028716263873879804,0.04379434336381356,0.0565696887567147,0.0143297907851959
crop_nitrogen_above_sp3,38,-0.06693056078586371,0.07202355101829741,0.09143711527675762,0.022607966955535897
crop_nitrogen_below_sp3,38,-0.11086118948445911,0.11086118948445911,0.08012494133274625,0.025742508856431583
crop_carbon_above_sp10,38,0.05817371441046133,0.05817371441046133,0.04419683217967331,0.011984466120152108
crop_carbon_below_sp10,38,0.027485553923914365,0.02859547491975236,0.027202879057773625,0.007843036437796434
crop_intercept_sp10,38,0.02352586712216496,0.04787112437294509,0.05567514954807826,0.009141786720856847
crop_nitrogen_above_sp10,38,-0.04570356913160298,0.04570356913160298,0.02984163700642255,0.008973887083695295
crop_nitrogen_below_sp10,38,-0.02314243569909228,0.02344484071946678,0.029404467166002358,0.008328548589452945
crop_proj_left_delta,38,0.04131435692944096,0.07073892795291464,0.07209973760746971,0.012474234684758785
crop_proj_yield_delta,38,0.05316784549193112,0.16193059052491557,0.18166381234578055,0.02920174026875879
crop_root_in_top_30,38,0.10267470515674644,0.10634289840199625,0.08302106951160831,0.024780217137423125
crop_root_to_shoot_sp3,38,0.15535885401157118,0.16213725779892532,0.113194400190451,0.031318861345494456
crop_slope_sp3,38,0.01066324062425678,0.03798892433991892,0.05123084791349897,0.009877327976473897
crop_root_to_shoot_sp10,38,0.036249494136971615,0.03759863206657913,0.03910484806001675,0.012769677423074829
crop_slope_sp10,38,0.0014062143324305222,0.07453467336305865,0.09909788635180015,0.018459269860685978
cy0_to_ceq_multiplier,38,0.005489242315304959,0.036848798993171436,0.0638912797654289,0.01611909789817724
litter_carbon,38,-0.003293984046034923,0.003293984046034923,0.0014277703269801425,0.00039294094832494336
litter_nitrogen,38,0.013982065601876158,0.013982065601876158,0.007232994521154632,0.0024399858924105114
mortality_fraction_branch_delta,38,-0.019173344518302368,0.04989816465230742,0.06677422753579527,0.013452248907840077
mortality_fraction_croot_delta,38,-0.018466583779100165,0.025113839915946845,0.03772181658405408,0.009912782953858458
mortality_fraction_froot_delta,38,-0.010381868819223686,0.01399584390880139,0.021518244242682574,0.006126808651667308
mortality_fraction_leaf_delta,38,0.005021166394800133,0.010726609149817504,0.013003194948992445,0.003028848193072975
mortality_fraction_stem_delta,38,-0.056898162661816944,0.11932117740982365,0.16475756514512122,0.04032360526194006
pool_alloc_froot_sp1,38,-0.8003658118486487,0.9774574446463372,1.5818010582541333,0.46077679560955
pool_alloc_leaf_sp1,38,0.22716520253395264,0.5623712227377956,0.7156540303173254,0.15802018069722426
pool_alloc_stem_sp1,38,-0.36451991502109304,0.43165918802643455,0.8811652816885555,0.2424182919292414
pool_turnover_branch_sp1,38,1.9332674446203781,2.2907170548933515,3.3884743216296402,1.0131985181121879
pool_turnover_croot_sp1,38,-0.8094224761599772,1.1247751283850014,1.9350648869275977,0.580143435162529
pool_turnover_froot_sp1,38,-0.5011705107774458,0.6419872192135141,0.8802570919602262,0.23160983389645357
pool_turnover_leaf_sp1,38,0.019215609474593963,0.39671610751131064,0.7271048896870475,0.18277657858281068
pool_turnover_stem_sp1,38,0.4717319215227692,0.560438097950051,0.6262489973051892,0.16666460033937802
proj_cover,38,-6.238152577328553,6.750671626468213,12.445585170509473,3.5763146137643926
proj_fire_off,38,0.054857379655245356,0.054857379655245356,0.1086168266015619,0.03751853685994998
proj_fire_on,38,3.1833142430786965,3.779688285466321,4.415348904267986,1.2020852280572165
proj_mortality,38,23.241814301369235,24.224895054693437,28.12927802837945,8.755860985853388
proj_thinning_delta,38,27.126057199527775,27.22363127813724,23.121356945034613,6.499752263714519
roth_c_cover_c,38,1.1164211276951337,1.3077636529538461,2.2109593983446643,0.7306365162320044
roth_c_dpm_frac_crop,38,-0.03616210828819884,0.03616210828819884,0.041058632919799797,0.012476925720371077
roth_c_dpm_frac_tree,38,-0.8686466145441099,1.445649368724874,1.8590893341211523,0.3674868563794643
roth_c_moisture_b_slope,38,-2.29083588442298,2.432944299996271,3.542169763363263,1.1847685718070198
roth_c_temp_a1,38,0.8545987489400103,0.9836248137385015,1.49483403396674,0.41198349949647073
roth_c_temp_a2,38,-7.011848307615691,7.862440513100575,11.514203822585017,3.3970352745107344
thinning_fraction_branch_delta,38,0.8128377942640033,0.8128377942640033,0.9008540074234561,0.2996133314757482
thinning_fraction_croot_delta,38,0.29523570345092087,0.29523570345092087,0.33181180435695773,0.09394769015401394
thinning_fraction_froot_delta,38,0.18295531879707444,0.18295531879707444,0.21340887085228946,0.06431512164701544
thinning_fraction_leaf_delta,38,0.274156690763194,0.274156690763194,0.24936200675098397,0.08191493459113566
thinning_fraction_stem_delta,38,1.685152695984693,1.685152695984693,1.938105295344413,0.6567028853068111
tree_carbon_sp1,38,-2.606843245464082,3.2269068403277736,4.601639360934512,1.290957574310215
tree_nitrogen_branch_sp1,38,0.07638484389225773,0.07638484389225773,0.08044886473412442,0.02376553134221122
tree_nitrogen_croot_sp1,38,0.3057090352124304,0.3057090352124304,0.5371965095726796,0.16496647808385403
tree_nitrogen_froot_sp1,38,0.00938040819028354,0.00938040819028354,0.012764034660973679,0.0045108139219714495
tree_nitrogen_leaf_sp1,38,1.7504413780620012,1.7504413780620012,2.5429871718191444,0.7353155044838219
tree_nitrogen_stem_sp1,38,0.005314472996780717,0.005314472996780717,0.0068516973025507045,0.0021693140941077653
tree_root_in_top_30,38,-1.522708090832101,2.033231877209394,3.5992453518049787,1.114995066495532
tree_root_to_shoot_sp1,38,-1.633693518827764,2.531314978756873,4.221237603318122,1.265391431927958
cy0,39,0.0406345136139993,0.2968932096328712,0.43010363824910414,0.10108178350898023
clay,39,-1.5352613285661973,1.6730384203344912,2.8082857900659746,0.776433075914785
temp_ci_delta,39,0.667435081953966,0.8721978347031983,1.4872657298541447,0.4611276798622845
rain_ci_delta,39,4.4191209209685605,5.608180587198133,10.386970841931927,3.0483093470226152
evap_ci_delta,39,-1.3878420814547188,1.4791083997696992,4.92933949644241,1.3314890127400554
ef_N_inputs,39,2.2726813815010254,2.8882266521046835,4.058708949282386,1.0400420617291184
volatile_frac_organic_fertiliser,39,-0.016301567573003006,0.016301567573003006,0.009909378296539508,0.003013845060999294
volatile_frac_synthetic_fertiliser,39,0.2120865563500211,0.2120865563500211,0.11442689071693575,0.03573372926037088
base_sf_qty_scale,39,-0.12171437219275283,0.12171437219275283,0.06001112738604055,0.017457688627474818
proj_lit_qty_scale,39,0.016649695956375832,0.02089998453783374,0.01894000869625654,0.003994781885722764
base_stand_density_scale,39,0.0,0.0,0.0,0.0
proj_stand_density_scale,39,-5.624841533385416,7.615837152606614,11.83406130994638,3.174716397848146
tree_wood_dens_sp1,39,-10.098621227370394,14.617273430315574,26.493207601249775,6.995122194765594
base_cover,39,0.540518832324254,0.6052309463661836,0.5587115275532195,0.12286788435898527
base_fire_off,39,-0.07567880067863822,0.07567880067863822,0.1468986914845578,0.048394043003999854
base_fire_on,39,-0.20528504948740398,0.20528504948740398,0.1550999537647848,0.05084462449957522
base_sf_n_delta,39,-0.012054012840149841,0.012054012840149841,0.0052835681010802,0.0016692262153268054
crop_base_left_delta,39,0.249793361787503,0.27469164470773605,0.20319442269913665,0.05015987960508228
crop_base_yield_delta,39,0.02688906909273247,0.11095267782719942,0.1336126730045309,0.023538130602074214
crop_carbon_above_sp3,39,0.05074338683700887,0.05074338683700887,0.03224831263698774,0.009880625888309982
crop_carbon_below_sp3,39,0.12232529049634913,0.12232529049634913,0.05686251951016736,0.015282062260368984
crop_intercept_sp3,39,0.024898344580501313,0.04079402341251889,0.05308865428173402,0.013160267515480384
crop_nitrogen_above_sp3,39,-0.06693056078586353,0.07202355101829636,0.09143711527675714,0.022607966955536223
crop_nitrogen_below_sp3,39,-0.1108611894844594,0.1108611894844594,0.08012494133274646,0.025742508856431593
crop_carbon_above_sp10,39,0.05708271920468642,0.05708271920468642,0.04373963233460496,0.01184541981246095
crop_carbon_below_sp10,39,0.026957572053650042,0.028078284171258665,0.026909468932944665,0.0077467237674627995
crop_intercept_sp10,39,0.022592325077200222,0.04758944996110703,0.05533562700027213,0.008975192755049164
crop_nitrogen_above_sp10,39,-0.04570356913160278,0.04570356913160278,0.029841637006421107,0.00897388708369466
crop_nitrogen_below_sp10,39,-0.023142435699093442,0.023444840719467945,0.029404467166002504,0.008328548589452965
crop_proj_left_delta,39,0.03543919605479197,0.0662224143435177,0.0684780069415366,0.01124651413517937
crop_proj_yield_delta,39,0.0679921112321234,0.1594231398928088,0.17360546756550418,0.028478158802742473
crop_root_in_top_30,39,0.09666269217436048,0.10076344176078744,0.08067630414412978,0.024013195568192213
crop_root_to_shoot_sp3,39,0.1442507408774663,0.1521304487123991,0.1091949838565089,0.02981280685663649
crop_slope_sp3,39,0.005937156794367215,0.03691036381305575,0.049931387500258995,0.00932668118255889
crop_root_to_shoot_sp10,39,0.03527968906553582,0.03675310329428015,0.038598052753703156,0.012556584222732831
crop_slope_sp10,39,-0.0008985507310316249,0.07405324620645311,0.09870061161512723,0.018364512387786136
cy0_to_ceq_multiplier,39,0.005029225087819697,0.03501004916148212,0.06061377062138526,0.015272753150230776
litter_carbon,39,-0.00323029893701392,0.00323029893701392,0.0014174164918421387,0.00039026838304389623
litter_nitrogen,39,0.01398206560187712,0.01398206560187712,0.007232994521154399,0.0024399858924104845
mortality_fraction_branch_delta,39,-0.027254764126091457,0.052790974844695394,0.0710403198591733,0.01496611604013009
mortality_fraction_croot_delta,39,-0.02128240700537039,0.02680761143778318,0.03973349882103816,0.010425706153874423
mortality_fraction_froot_delta,39,-0.012175993694450415,0.015315853702161842,0.02237447305832575,0.006453176964636003
mortality_fraction_leaf_delta,39,0.003071779796476842,0.010786006988216672,0.01332685414327751,0.0028271220340274072
mortality_fraction_stem_delta,39,-0.07182083393448152,0.12783894203035184,0.17616667652140625,0.04432854854035072
pool_alloc_froot_sp1,39,-0.9502738429200515,1.1084823382729347,1.6959272342065521,0.49782378811838346
pool_alloc_leaf_sp1,39,0.11164065865992656,0.5870692452262825,0.7565428298634239,0.1431988182821057
pool_alloc_stem_sp1,39,-0.39085413037621514,0.43705876810818606,0.9144691487203601,0.2517677763111916
pool_turnover_branch_sp1,39,2.024758416936967,2.345238021610197,3.4113619391081786,1.021862465401649
pool_turnover_croot_sp1,39,-1.0413386491532315,1.2723569532796895,2.136776925452179,0.6640786902145411
pool_turnover_froot_sp1,39,-0.6102781346539954,0.7170855934093452,0.9535472294913147,0.2578455445824371
pool_turnover_leaf_sp1,39,-0.049006557637802504,0.40394631142821485,0.7728790005809604,0.19655266817850148
pool_turnover_stem_sp1,39,0.4895269553136087,0.5721735568683967,0.63572632434808,0.17079462887261324
proj_cover,39,-5.146124357898872,5.7462498790817635,11.153585451668338,3.169345510267404
proj_fire_off,39,0.05485737965524554,0.05485737965524554,0.10861682660156222,0.03751853685995
proj_fire_on,39,3.5513815571593,3.7558049388598773,4.313238831828561,1.2692850613225455
proj_mortality,39,24.914209723646387,25.715464142576867,29.62964156612486,9.295754549632408
proj_thinning_delta,39,29.072540397140017,29.087648825961118,24.416255283843824,6.893017273614144
roth_c_cover_c,39,1.0026933421784794,1.2100194088522798,2.1952535764368326,0.7187116101058273
roth_c_dpm_frac_crop,39,-0.031220158247935125,0.031220158247935125,0.03741711728506982,0.011395931833403334
roth_c_dpm_frac_tree,39,-0.27219812725776804,1.0606677314697033,1.7541404600702915,0.3723258273121103
roth_c_moisture_b_slope,39,-1.8867521384432853,2.059734522880856,3.149164329304857,1.0497480718775833
roth_c_temp_a1,39,0.7634304317896795,0.901043881354413,1.4001018182507163,0.3789097503379598
roth_c_temp_a2,39,-5.918057273301974,6.907169558141787,10.792441828863854,3.1695193947627103
thinning_fraction_branch_delta,39,0.5440134605478358,0.5440134605478358,0.5627848040342639,0.1929012608569681
thinning_fraction_croot_delta,39,0.2150465140909167,0.2150465140909167,0.2411927456133358,0.06852371966187662
thinning_fraction_froot_delta,39,0.12624269945266225,0.12624269945266225,0.13010384042437645,0.039682437777527696
thinning_fraction_leaf_delta,39,0.1979129998307963,0.1979129998307963,0.18345779835961815,0.06052242538806655
thinning_fraction_stem_delta,39,1.2036645488063704,1.2036645488063704,1.3316237567840181,0.44755080619475657
tree_carbon_sp1,39,-2.933753189243343,3.475199571386905,4.833249140638059,1.3754819924381676
tree_nitrogen_branch_sp1,39,0.07762365584967897,0.07762365584967897,0.08262019505228342,0.024390655508698584
tree_nitrogen_croot_sp1,39,0.31268026880878674,0.31268026880878674,0.5553602787459483,0.17051698860575953
tree_nitrogen_froot_sp1,39,0.00963521196543834,0.00963521196543834,0.013206515505885627,0.004668490417125455
tree_nitrogen_leaf_sp1,39,1.787966374430519,1.787966374430519,2.6168255777602645,0.7575947790461656
tree_nitrogen_stem_sp1,39,0.005402960146592551,0.005402960146592551,0.007051849193029321,0.002233236919774035
tree_root_in_top_30,39,-1.807375580027302,2.2252237429379242,3.8047113602026887,1.1995255547877433
tree_root_to_shoot_sp1,39,-1.88673879528331,2.6569884209090087,4.360010705143864,1.335400647940757
cy0,40,0.03414167497499989,0.2903408755809605,0.41859653940582203,0.09697888685373922
clay,40,-1.5086903286231272,1.6559952521478336,2.814283817734514,0.7785578721592693
temp_ci_delta,40,0.6325103813537847,0.8294878121674065,1.4155442943099634,0.43734015090155265
rain_ci_delta,40,4.061189462362815,5.276295243036761,9.971867472942959,2.9339804288655373
evap_ci_delta,40,-1.3684762396566121,1.4608929068375534,4.781808067335424,1.299262530691952
ef_N_inputs,40,2.341743667721294,2.9636160370208837,4.181072460388968,1.0742986257155929
volatile_frac_organic_fertiliser,40,-0.016301567573002922,0.016301567573002922,0.009909378296539708,0.003013845060999373
volatile_frac_synthetic_fertiliser,40,0.21208655635002058,0.21208655635002058,0.11442689071693624,0.03573372926037086
base_sf_qty_scale,40,-0.12171437219275325,0.12171437219275325,0.06001112738604027,0.01745768862747459
proj_lit_qty_scale,40,0.017027227041078334,0.02110199715610554,0.018883280511699456,0.004038720409963774
base_stand_density_scale,40,0.0,0.0,0.0,0.0
proj_stand_density_scale,40,-6.054761727807912,7.82644180562598,12.09522979067757,3.2908715721445247
tree_wood_dens_sp1,40,-10.904595390146788,14.990054124337846,27.232644988802697,7.235618068690384
base_cover,40,0.5164129054211252,0.5872323270122042,0.5512410121207212,0.12005886973775089
base_fire_off,40,-0.07567880067863811,0.07567880067863811,0.14689869148455773,0.04839404300399984
base_fire_on,40,-0.20403101881255195,0.20403101881255195,0.1525264707142766,0.04995713480783023
base_sf_n_delta,40,-0.012054012840149874,0.012054012840149874,0.0052835681010803045,0.0016692262153268724
crop_base_left_delta,40,0.245591788561359,0.2710151803131173,0.20213090102712072,0.04977888558979928
crop_base_yield_delta,40,0.023269125461419383,0.11030514974151787,0.1333990296574061,0.023389936457645352
crop_carbon_above_sp3,40,0.04859418289309418,0.04859418289309418,0.03135657736806325,0.009594409843894588
crop_carbon_below_sp3,40,0.11643937124268666,0.11643937124268666,0.0546388500440251,0.014579621596419323
crop_intercept_sp3,40,0.021867940544974748,0.038822065203624356,0.05047217472144268,0.012263299643443875
crop_nitrogen_above_sp3,40,-0.06693056078586501,0.07202355101829665,0.09143711527675646,0.022607966955536227
crop_nitrogen_below_sp3,40,-0.11086118948445936,0.11086118948445936,0.0801249413327474,0.025742508856431985
crop_carbon_above_sp10,40,0.05602714929643025,0.05602714929643025,0.04330229380087986,0.011712662124596079
crop_carbon_below_sp10,40,0.02644636212049713,0.027576910755637958,0.026627047999410732,0.007654679969812595
crop_intercept_sp10,40,0.021691382968499828,0.04732108718129108,0.05501989082083775,0.00882314962658762
crop_nitrogen_above_sp10,40,-0.04570356913160324,0.04570356913160324,0.0298416370064211,0.008973887083694626
crop_nitrogen_below_sp10,40,-0.023142435699094025,0.023444840719468528,0.02940446716600238,0.008328548589453044
crop_proj_left_delta,40,0.030818033110080433,0.06257839152995784,0.06567272548073874,0.010443005287548391
crop_proj_yield_delta,40,0.08023766297885154,0.15776138672359977,0.16683316241104737,0.028165783559017554
crop_root_in_top_30,40,0.09157132385793994,0.09611917959644312,0.07865866963811557,0.02331475851446844
crop_root_to_shoot_sp3,40,0.13486875285092761,0.14366005899225848,0.10574798964896522,0.02857348645101518
crop_slope_sp3,40,0.0019400126045146765,0.03621113139078213,0.0488146653207839,0.008895355565784552
crop_root_to_shoot_sp10,40,0.03434506112196384,0.03597139626325294,0.03812338184437091,0.01233180366243834
crop_slope_sp10,40,-0.0031338900049730197,0.0736900442238324,0.09833199321042048,0.01826832426759131
cy0_to_ceq_multiplier,40,0.004590924757733744,0.03328789436283491,0.057631955015260326,0.014523913851945994
litter_carbon,40,-0.003168304582865866,0.003168304582865866,0.0014074387766351522,0.0003877021686439067
litter_nitrogen,40,0.013982065601877819,0.013982065601877819,0.00723299452115441,0.0024399858924106523
mortality_fraction_branch_delta,40,-0.0323222348941074,0.05563762487882771,0.07446112766572775,0.01599268841909629
mortality_fraction_croot_delta,40,-0.023082226232003032,0.028043811097672754,0.04128571141544043,0.010886505997661132
mortality_fraction_froot_delta,40,-0.01331747827027075,0.016182697844957534,0.023095441304237296,0.006719407590433956
mortality_fraction_leaf_delta,40,0.0018782144880253703,0.011068633281863699,0.013776233853439528,0.0027968241095092964
mortality_fraction_stem_delta,40,-0.08197428735336268,0.13401735482474478,0.18526932239936827,0.04751367371546822
pool_alloc_froot_sp1,40,-1.055322455821325,1.20391361758838,1.794533380116808,0.530299386129844
pool_alloc_leaf_sp1,40,0.04107214755292654,0.6135681699257735,0.7986379674400365,0.14205443303698653
pool_alloc_stem_sp1,40,-0.40555415995629496,0.44408825717716127,0.937762648972889,0.25857333487452094
pool_turnover_branch_sp1,40,2.0163902158441553,2.324752583253349,3.3817071366740237,1.0127714932657563
pool_turnover_croot_sp1,40,-1.2077474646698383,1.3962071560832272,2.3092733770856237,0.7301815389765897
pool_turnover_froot_sp1,40,-0.6893703101290057,0.7798472973678034,1.02178896510263,0.27963156685054386
pool_turnover_leaf_sp1,40,-0.09627412517260085,0.42239946783551385,0.8192542744483337,0.20671030623985415
pool_turnover_stem_sp1,40,0.48352331344180505,0.5632406658338862,0.6291028026166473,0.16992644839836726
proj_cover,40,-4.804775144062973,5.365086103834546,10.28889319992617,2.9280659153421484
proj_fire_off,40,0.05485737965524544,0.05485737965524544,0.10861682660156216,0.03751853685995003
proj_fire_on,40,3.7719868699986607,3.904555361060614,4.414007427969576,1.315517140566939
proj_mortality,40,26.146993050667938,26.878928184827704,30.947412339730356,9.750069292615331
proj_thinning_delta,40,29.98242065559331,29.992452985218485,25.577272789108086,7.191194656080811
roth_c_cover_c,40,0.9343970850351422,1.1530579847806557,2.1148859471506998,0.6870594314018992
roth_c_dpm_frac_crop,40,-0.027267664413550975,0.027267664413550975,0.034036935644378985,0.01038103535039917
roth_c_dpm_frac_tree,40,0.1192151207345747,1.0775179087713282,1.8705779416476858,0.41352576699964155
roth_c_moisture_b_slope,40,-1.712198679533633,1.917162803468234,2.9711433910128506,0.9837504100216022
roth_c_temp_a1,40,0.7510939655455953,0.8685637946511319,1.3300028352817805,0.36208113447053025
roth_c_temp_a2,40,-5.562372792394308,6.526451124742202,10.215364803363036,3.030749227324545
thinning_fraction_branch_delta,40,0.38430368796100217,0.38430368796100217,0.3809112978070433,0.131990645550244
thinning_fraction_croot_delta,40,0.162525486819545,0.162525486819545,0.18696005169211014,0.05310587949522816
thinning_fraction_froot_delta,40,0.09082047456701811,0.09082047456701811,0.08913855853961312,0.027496221950707524
thinning_fraction_leaf_delta,40,0.14839896536254105,0.14839896536254105,0.141265216133456,0.04603678921112672
thinning_fraction_stem_delta,40,0.9040465905142424,0.9040465905142424,0.99341091025902,0.3328161069447146
tree_carbon_sp1,40,-3.1155707759169973,3.607045770052724,4.988586773642118,1.4322451981499154
tree_nitrogen_branch_sp1,40,0.07879875220248174,0.07879875220248174,0.08475058122749296,0.025004096950756814
tree_nitrogen_croot_sp1,40,0.31944950910347264,0.31944950910347264,0.5733855296012486,0.1760244990912988
tree_nitrogen_froot_sp1,40,0.0098855619510126,0.0098855619510126,0.013646150137230285,0.004825182756846228
tree_nitrogen_leaf_sp1,40,1.8242184148427665,1.8242184148427665,2.6891306528209733,0.779483535671944
tree_nitrogen_stem_sp1,40,0.005488321602511154,0.005488321602511154,0.007248209172730485,0.0022960433656243583
tree_root_in_top_30,40,-2.008890668394937,2.3745472884981864,3.996207399386976,1.2726428675533161
tree_root_to_shoot_sp1,40,-2.0308699026125887,2.71951372383187,4.448788219589149,1.380313221029491
cy0,41,0.0280117838425346,0.28366321049448895,0.40866896107184125,0.09356770552789563
clay,41,-1.4991147349591398,1.6561771105283314,2.834710562847669,0.7843050112601039
temp_ci_delta,41,0.6328450077748266,0.818964718652299,1.379993020008061,0.42570922161354074
rain_ci_delta,41,3.989995761389578,5.217210347904873,9.865827534075688,2.8949864547786532
evap_ci_delta,41,-1.378333297510844,1.4685404275617864,4.7226163321734616,1.293117672846592
ef_N_inputs,41,2.4082567594732205,3.0364187008430648,4.30123562264993,1.1079949746538362
volatile_frac_organic_fertiliser,41,-0.01630156757300284,0.01630156757300284,0.00990937829653979,0.003013845060999389
volatile_frac_synthetic_fertiliser,41,0.21208655635002058,0.21208655635002058,0.11442689071693614,0.03573372926037089
base_sf_qty_scale,41,-0.12171437219275194,0.12171437219275194,0.060011127386039594,0.017457688627474655
proj_lit_qty_scale,41,0.017392930909818985,0.02129702162023794,0.018829044724668297,0.0040841708365446225
base_stand_density_scale,41,0.0,0.0,0.0,0.0
proj_stand_density_scale,41,-6.276876364665874,7.9300250115342035,12.294575663143657,3.373857110569978
tree_wood_dens_sp1,41,-11.361528062346213,15.175498228709833,27.798219952780777,7.438207568736109
base_cover,41,0.4932885803243531,0.5709691652465839,0.5442706523227999,0.11694822116476944
base_fire_off,41,-0.07567880067863868,0.07567880067863868,0.1468986914845586,0.04839404300400015
base_fire_on,41,-0.20280394433387888,0.20280394433387888,0.1500248938266813,0.049093167653521376
base_sf_n_delta,41,-0.012054012840149859,0.012054012840149859,0.005283568101079677,0.0016692262153266955
crop_base_left_delta,41,0.2414889719213801,0.26742352592782936,0.20110319492075393,0.04941465646258346
crop_base_yield_delta,41,0.01974262903421318,0.10967881484470625,0.13321581639231284,0.02330578171488807
crop_carbon_above_sp3,41,0.04675567549491953,0.04675567549491953,0.030570441200622644,0.0093399426349716
crop_carbon_below_sp3,41,0.11140787440350261,0.11140787440350261,0.052779077814557256,0.014004416505070415
crop_intercept_sp3,41,0.019380815779990564,0.037416421098016364,0.048443093468173666,0.011470740567018805
crop_nitrogen_above_sp3,41,-0.06693056078586333,0.07202355101829618,0.09143711527675746,0.022607966955536202
crop_nitrogen_below_sp3,41,-0.11086118948445915,0.11086118948445915,0.08012494133274656,0.025742508856431593
crop_carbon_above_sp10,41,0.05500473592382686,0.05500473592382686,0.042883037472289165,0.011585651772026773
crop_carbon_below_sp10,41,0.02595078757243561,0.027090606000332862,0.026353525977532904,0.00756598494382716
crop_intercept_sp10,41,0.02082091555592349,0.047065800253805926,0.05472618026136608,0.008684437140226809
crop_nitrogen_above_sp10,41,-0.04570356913160202,0.04570356913160202,0.029841637006422443,0.008973887083695136
crop_nitrogen_below_sp10,41,-0.023142435699093383,0.02344484071946787,0.029404467166003125,0.00832854858945281
crop_proj_left_delta,41,0.02712254997940196,0.059665796762411995,0.06346623739625952,0.009894001474478033
crop_proj_yield_delta,41,0.09059636960685777,0.15748909185264032,0.16115215387320864,0.02781141003368414
crop_root_in_top_30,41,0.08716367338544798,0.09211702113089468,0.07691046134606928,0.022699432782149562
crop_root_to_shoot_sp3,41,0.1268048334047404,0.13637471105576657,0.10279772027074056,0.027548613903538157
crop_slope_sp3,41,-0.0015030921525646835,0.0358997336396744,0.04786293673448391,0.008546199925871323
crop_root_to_shoot_sp10,41,0.03344246767309715,0.03521733206039711,0.037679003513887144,0.01212055629567953
crop_slope_sp10,41,-0.0053040559830008025,0.07347793805735103,0.0979888868383457,0.018110843769297686
cy0_to_ceq_multiplier,41,0.004172037568340189,0.03167185055498507,0.05491552084605835,0.013862228032099433
litter_carbon,41,-0.0031079177209529184,0.0031079177209529184,0.001397785867191386,0.0003852279074931541
litter_nitrogen,41,0.013982065601876578,0.013982065601876578,0.007232994521154568,0.0024399858924104606
mortality_fraction_branch_delta,41,-0.03534438241735596,0.05778592753412689,0.07689798015456713,0.016731529784116593
mortality_fraction_croot_delta,41,-0.02420548065235923,0.028853824599801466,0.04241217337119681,0.011249934231838178
mortality_fraction_froot_delta,41,-0.014017681565354555,0.016711264435306385,0.02364662292740326,0.006919335471330248
mortality_fraction_leaf_delta,41,0.0011905729372859082,0.011317006221637513,0.014192724714972535,0.0028543264980085284
mortality_fraction_stem_delta,41,-0.0887705445786808,0.13831671416714286,0.19208030650858565,0.04990383637345672
pool_alloc_froot_sp1,41,-1.1282779120264304,1.2706870921167879,1.8763954267023895,0.5573400843435398
pool_alloc_leaf_sp1,41,-0.0006470706159963258,0.632347059611264,0.8314733975663334,0.14547786938545662
pool_alloc_stem_sp1,41,-0.41227682001449695,0.44938246422566996,0.9534072972042039,0.26438539751112905
pool_turnover_branch_sp1,41,1.9441294780656784,2.2513145396693988,3.312400431176703,0.9914782522809824
pool_turnover_croot_sp1,41,-1.3286855592078344,1.496634968054534,2.4511598606486107,0.7818172125904902
pool_turnover_froot_sp1,41,-0.7480040138041001,0.8319172290494429,1.0812458717173434,0.29641379557516495
pool_turnover_leaf_sp1,41,-0.12910577100269763,0.43964755629510055,0.8623672577263156,0.21684018680037984
pool_turnover_stem_sp1,41,0.4610823837155172,0.5398479563988102,0.6100948552237336,0.16511888259559343
proj_cover,41,-4.8143516677538205,5.333602770488548,9.86303703995914,2.82790098740432
proj_fire_off,41,0.05485737965524534,0.05485737965524534,0.10861682660156186,0.037518536859949964
proj_fire_on,41,3.915118525155325,4.032344441988967,4.5433452940598436,1.3541092698007304
proj_mortality,41,27.071303322181677,27.776621633482467,32.08412434082389,10.12978054872104
proj_thinning_delta,41,30.2083202711826,30.252971120289992,26.537793885879786,7.4142391933969565
roth_c_cover_c,41,0.9037431517839025,1.1232019997671798,2.0567974188590363,0.6649058681213513
roth_c_dpm_frac_crop,41,-0.024045235557597626,0.024045235557597626,0.030955965885517807,0.009449924057767565
roth_c_dpm_frac_tree,41,0.38139179959426944,1.1537148298667022,2.027348534292326,0.4717414817959921
roth_c_moisture_b_slope,41,-1.6700870596572492,1.8963122955629466,2.914266560136687,0.9584803151474044
roth_c_temp_a1,41,0.7646853476894377,0.874910227660442,1.293946213671563,0.35469834169628944
roth_c_temp_a2,41,-5.552107614652309,6.510287376062735,9.920792754076551,2.957488901957096
thinning_fraction_branch_delta,41,0.2851958124476107,0.2851958124476107,0.27467375835098795,0.0947234367818715
thinning_fraction_croot_delta,41,0.126548266797416,0.126548266797416,0.14906694976830415,0.042321500926229265
thinning_fraction_froot_delta,41,0.06784483743042262,0.06784483743042262,0.06687950773562991,0.02080153303489583
thinning_fraction_leaf_delta,41,0.11480822277161451,0.11480822277161451,0.11207743741163709,0.03574834141530119
thinning_fraction_stem_delta,41,0.7058379605242788,0.7058379605242788,0.7802700513339581,0.2622985327496555
tree_carbon_sp1,41,-3.2107788511035773,3.672400415778399,5.093111919788775,1.4702430911205033
tree_nitrogen_branch_sp1,41,0.07990496702878987,0.07990496702878987,0.08683164368258975,0.02560340227757918
tree_nitrogen_croot_sp1,41,0.32599149694802393,0.32599149694802393,0.5912134134770116,0.18147107390716422
tree_nitrogen_froot_sp1,41,0.01013057624358828,0.01013057624358828,0.014081539943960462,0.004980393508486345
tree_nitrogen_leaf_sp1,41,1.8590516637124619,1.8590516637124619,2.7596395432079457,0.8009027412929871
tree_nitrogen_stem_sp1,41,0.005570167901024786,0.005570167901024786,0.007440041042503196,0.0023574969603611497
tree_root_in_top_30,41,-2.1548961421937163,2.4904018358342466,4.168735693294399,1.3360688826351852
tree_root_to_shoot_sp1,41,-2.1042569573786762,2.7414428607996046,4.501301939634542,1.4074661418503158
cy0,42,0.022224232968008333,0.277220616339438,0.4001830781814237,0.09065162123755269
clay,42,-1.4986403927927596,1.6706258863327021,2.8620143994538156,0.7907049674091814
temp_ci_delta,42,0.6467664811120437,0.820228279745049,1.3693442833824792,0.4225592430686133
rain_ci_delta,42,4.061504117061469,5.2919609164158405,9.932833722723807,2.9007798753719687
evap_ci_delta,42,-1.39647748409963,1.482934677288308,4.717009331205976,1.3011606216073912
ef_N_inputs,42,2.471965760096217,3.106379367799312,4.418787468009251,1.1410115634927716
volatile_frac_organic_fertiliser,42,-0.01630156757300264,0.01630156757300264,0.00990937829654014,0.0030138450609995446
volatile_frac_synthetic_fertiliser,42,0.21208655635002094,0.21208655635002094,0.1144268907169356,0.03573372926037086
base_sf_qty_scale,42,-0.12171437219275319,0.12171437219275319,0.060011127386039476,0.01745768862747449
proj_lit_qty_scale,42,0.017747480186456322,0.021490549667506343,0.0187770208326335,0.004128740444914112
base_stand_density_scale,42,0.0,0.0,0.0,0.0
proj_stand_density_scale,42,-6.541464723590897,8.0945796518217,12.375421133567606,3.397565090133108
tree_wood_dens_sp1,42,-11.580639359197972,15.219940695518954,28.209145092247198,7.598577424202307
base_cover,42,0.47110550614111135,0.5581117503738255,0.5377491790657533,0.11323750797577394
base_fire_off,42,-0.07567880067863864,0.07567880067863864,0.1468986914845585,0.04839404300400013
base_fire_on,42,-0.20160245639347849,0.20160245639347849,0.14759274346686058,0.04825183719547437
base_sf_n_delta,42,-0.012054012840149383,0.012054012840149383,0.005283568101079544,0.0016692262153265986
crop_base_left_delta,42,0.23748070706121402,0.26391281013366596,0.2001077989850642,0.04906588619822373
crop_base_yield_delta,42,0.01630430975138569,0.10907131955002032,0.13305854448669874,0.023280770990460796
crop_carbon_above_sp3,42,0.045145972318752565,0.04515725210580043,0.029861437257422838,0.009108962496505396
crop_carbon_below_sp3,42,0.10703988503466148,0.10703988503466148,0.05121735646147892,0.013534127062262825
crop_intercept_sp3,42,0.017279466801901015,0.03627755693130671,0.04682718207810881,0.010849129690005885
crop_nitrogen_above_sp3,42,-0.06693056078586372,0.0720235510182959,0.09143711527675734,0.02260796695553657
crop_nitrogen_below_sp3,42,-0.1108611894844592,0.1108611894844592,0.08012494133274621,0.025742508856431603
crop_carbon_above_sp10,42,0.054013536224819025,0.054013536224819025,0.04247979540021706,0.011463933716869856
crop_carbon_below_sp10,42,0.02547036686475348,0.026618520506963856,0.026088565385320877,0.007480829228925333
crop_intercept_sp10,42,0.01997931711615849,0.04682172638397406,0.05445185549428542,0.008558266818780441
crop_nitrogen_above_sp10,42,-0.0457035691316024,0.0457035691316024,0.02984163700642264,0.008973887083695392
crop_nitrogen_below_sp10,42,-0.02314243569909236,0.023444840719466845,0.029404467166002122,0.008328548589452929
crop_proj_left_delta,42,0.024124962782299003,0.05745606888872081,0.06169924816464557,0.00942431041961891
crop_proj_yield_delta,42,0.09953809496044615,0.1572936848369925,0.15639259701906227,0.027876112874506358
crop_root_in_top_30,42,0.08327609104559931,0.08864731770180921,0.0753841130101845,0.02212348984369236
crop_root_to_shoot_sp3,42,0.1197702569115326,0.1301711463676072,0.10027971747155273,0.02663058583054605
crop_slope_sp3,42,-0.004516140329751203,0.03584787556273457,0.04705426315183135,0.008286376441752948
crop_root_to_shoot_sp10,42,0.03257062967060373,0.034498126309546046,0.03726164986931543,0.011918496290445599
crop_slope_sp10,42,-0.007412217933854976,0.07329596255113784,0.09766770443878972,0.017970323521706362
cy0_to_ceq_multiplier,42,0.0037706910376878095,0.03014848914952848,0.052438196469662905,0.013278665498698501
litter_carbon,42,-0.0030490634809237417,0.0030490634809237417,0.001388412537056844,0.0003828327444550381
litter_nitrogen,42,0.013982065601877303,0.013982065601877303,0.0072329945211549555,0.002439985892410821
mortality_fraction_branch_delta,42,-0.03693365410751077,0.0588234773494104,0.07847990088484592,0.017252985321350108
mortality_fraction_croot_delta,42,-0.02485863471853819,0.02932062358391672,0.04318625009801217,0.011518785803308963
mortality_fraction_froot_delta,42,-0.014404912957437987,0.01698883318848262,0.02403173610764772,0.007057830143936613
mortality_fraction_leaf_delta,42,0.0008546459316529726,0.011509929971352709,0.014530807499053985,0.0029343042323496625
mortality_fraction_stem_delta,42,-0.09312462314941825,0.14113371710862666,0.19691613257722795,0.05161837067545876
pool_alloc_froot_sp1,42,-1.1758719763668135,1.3175146277202638,1.9439556023376956,0.5789630261428691
pool_alloc_leaf_sp1,42,-0.02243240565651287,0.6428308678002317,0.8539972589048197,0.14970778591452602
pool_alloc_stem_sp1,42,-0.41292758799821117,0.449557455067967,0.9617241602174246,0.26795511782008136
pool_turnover_branch_sp1,42,1.8284475201157864,2.1403619553519997,3.211701677885034,0.9608262331776034
pool_turnover_croot_sp1,42,-1.4171704195743005,1.5733964575128474,2.5661689326956183,0.8231860150024403
pool_turnover_froot_sp1,42,-0.791953144725341,0.8719747106228077,1.131492178310086,0.3109426703249295
pool_turnover_leaf_sp1,42,-0.1516059982428985,0.4535045885305749,0.9010259668436339,0.2269514166647476
pool_turnover_stem_sp1,42,0.4270712088227426,0.5061059143873351,0.5819188164287431,0.157405690418878
proj_cover,42,-4.967094942309219,5.451156360336677,9.74671370966541,2.8202784789598754
proj_fire_off,42,0.054857379655245606,0.054857379655245606,0.10861682660156227,0.03751853685995005
proj_fire_on,42,4.015388918744855,4.122286711361683,4.6668753618573495,1.3911889722519015
proj_mortality,42,27.760686513875463,28.464138970042644,33.04891603934533,10.445287853062105
proj_thinning_delta,42,29.954401694342586,30.05393118151725,27.299303625608157,7.578917893348929
roth_c_cover_c,42,0.8946365643704212,1.1092590098758675,2.0210027803418966,0.6515114770017526
roth_c_dpm_frac_crop,42,-0.021377587557418115,0.021377587557418115,0.02817809373468967,0.00860744474794372
roth_c_dpm_frac_tree,42,0.5612644405585081,1.2466827396526876,2.1738885383022124,0.5271812664892204
roth_c_moisture_b_slope,42,-1.6979835624724509,1.9277217836814522,2.930337115715441,0.9596299270223306
roth_c_temp_a1,42,0.7860469479646239,0.8899172934501051,1.281742586214762,0.35523244293012407
roth_c_temp_a2,42,-5.685054451327766,6.635538490229877,9.826889370460167,2.9374335389612742
thinning_fraction_branch_delta,42,0.2209092097214064,0.2209092097214064,0.20734935294902165,0.07059192288987332
thinning_fraction_croot_delta,42,0.10099500564899136,0.10099500564899136,0.12043043486614373,0.034210026164169585
thinning_fraction_froot_delta,42,0.05242355978974265,0.05242355978974265,0.05299064648314106,0.016572347539820734
thinning_fraction_leaf_delta,42,0.09123547387247397,0.09123547387247397,0.09098701411603578,0.028285536665156583
thinning_fraction_stem_delta,42,0.568311539131947,0.568311539131947,0.6348824500494714,0.21500063857647195
tree_carbon_sp1,42,-3.249174831151457,3.691578263106046,5.1615313777578935,1.4950333970961696
tree_nitrogen_branch_sp1,42,0.08093757449575038,0.08093757449575038,0.08885529189510849,0.02618619970210112
tree_nitrogen_croot_sp1,42,0.33228233827244547,0.33228233827244547,0.6087858866841485,0.18683903156762513
tree_nitrogen_froot_sp1,42,0.010369400852021959,0.010369400852021959,0.014511298937764776,0.005133629060572047
tree_nitrogen_leaf_sp1,42,1.8923290126368357,1.8923290126368357,2.82809948293444,0.8217759308365656
tree_nitrogen_stem_sp1,42,0.005648132881028278,0.005648132881028278,0.007626634604223435,0.0024173693444712505
tree_root_in_top_30,42,-2.2612271252749485,2.578870273038924,4.319861374021823,1.390890076440818
tree_root_to_shoot_sp1,42,-2.1294465688797724,2.735326198793647,4.524962817876573,1.4211540756665086
cy0,43,0.01675953336029377,0.270732107350299,0.3930007499657615,0.08832292890046149
clay,43,-1.5025664688368512,1.685968773538559,2.8921934699157816,0.7984098585378466
temp_ci_delta,43,0.6651020351546251,0.8276070118436426,1.3737363107665095,0.4244008618061433
rain_ci_delta,43,4.1974083872381955,5.408671228798586,10.090269749925108,2.938289313352673
evap_ci_delta,43,-1.4161896227337125,1.4982637617467154,4.740729202394046,1.3159105615053828
ef_N_inputs,43,2.5326348724883063,3.1732609741211513,4.53333351843026,1.1732336604047724
volatile_frac_organic_fertiliser,43,-0.01630156757300307,0.01630156757300307,0.009909378296539414,0.003013845060999259
volatile_frac_synthetic_fertiliser,43,0.2120865563500205,0.2120865563500205,0.11442689071693617,0.035733729260370925
base_sf_qty_scale,43,-0.12171437219275352,0.12171437219275352,0.06001112738604054,0.017457688627474655
proj_lit_qty_scale,43,0.018091472281176472,0.02169241608170342,0.018726978523741982,0.004168292794384655
base_stand_density_scale,43,0.0,0.0,0.0,0.0
proj_stand_density_scale,43,-6.314170140981255,7.887570933010712,12.506122243398323,3.454708238709098
tree_wood_dens_sp1,43,-11.533687865557564,15.249724099693674,28.53290956968196,7.712316268801216
base_cover,43,0.4498254866500414,0.5461614139908193,0.5316308469704532,0.10990154257676366
base_fire_off,43,-0.07567880067863861,0.07567880067863861,0.14689869148455845,0.0483940430040001
base_fire_on,43,-0.20042594222202906,0.20042594222202906,0.1452277874229226,0.047432405682556446
base_sf_n_delta,43,-0.0120540128401509,0.0120540128401509,0.005283568101080606,0.0016692262153272005
crop_base_left_delta,43,0.23356266891911154,0.2604792163733499,0.19914210110562855,0.0487315535578392
crop_base_yield_delta,43,0.01294952516339935,0.10848010759101231,0.13292333953027965,0.02331026337736448
crop_carbon_above_sp3,43,0.04371107774368909,0.0437522160910428,0.02921213415560425,0.008895868598448205
crop_carbon_below_sp3,43,0.10319565768316367,0.10319565768316367,0.04989867480731142,0.013149062645909253
crop_intercept_sp3,43,0.0154612067734906,0.035473857354615994,0.045510971615006855,0.010341783720740188
crop_nitrogen_above_sp3,43,-0.06693056078586442,0.07202355101829698,0.09143711527675712,0.02260796695553608
crop_nitrogen_below_sp3,43,-0.11086118948445903,0.11086118948445903,0.08012494133274646,0.02574250885643167
crop_carbon_above_sp10,43,0.05305178752284737,0.05305178752284737,0.04209077105768841,0.011346820910520524
crop_carbon_below_sp10,43,0.025004201736752905,0.02615972025955181,0.025831354591907257,0.0073987963932702515
crop_intercept_sp10,43,0.019164414813146406,0.046588075472753905,0.054195045102111275,0.008443676100795173
crop_nitrogen_above_sp10,43,-0.04570356913160276,0.04570356913160276,0.029841637006422058,0.008973887083695092
crop_nitrogen_below_sp10,43,-0.0231424356990937,0.023444840719468268,0.02940446716600289,0.008328548589453118
crop_proj_left_delta,43,0.021663228020667648,0.055596028019036556,0.060255433870735814,0.00910022490897887
crop_proj_yield_delta,43,0.10739071229841284,0.15779723311617283,0.15240721347153463,0.028124355778498145
crop_root_in_top_30,43,0.07979325849503155,0.08558613136046439,0.07404074750184055,0.021617470988106527
crop_root_to_shoot_sp3,43,0.11355586730479232,0.12479253553475914,0.09812965749059638,0.02579873940731941
crop_slope_sp3,43,-0.007188480588870169,0.036056809079930946,0.04636974413819944,0.008088334514186373
crop_root_to_shoot_sp10,43,0.031727329810797684,0.03380618190109958,0.0368696498140057,0.011727167230691851
crop_slope_sp10,43,-0.00946223630705063,0.07313740683683224,0.0973661951156308,0.017857623314259566
cy0_to_ceq_multiplier,43,0.003385463146089315,0.028964398064812685,0.050176399528885036,0.012656499649137376
litter_carbon,43,-0.002991674596588717,0.002991674596588717,0.0013792799042306478,0.0003805055136185676
litter_nitrogen,43,0.013982065601877702,0.013982065601877702,0.00723299452115621,0.0024399858924110856
mortality_fraction_branch_delta,43,-0.03748618532969757,0.05914670732127886,0.07936851655680732,0.017544356621917286
mortality_fraction_croot_delta,43,-0.02517049684560908,0.029530682529712294,0.04366986024772166,0.01170435964157389
mortality_fraction_froot_delta,43,-0.01456005581408569,0.01707655640280613,0.024263518933200025,0.007141546388080661
mortality_fraction_leaf_delta,43,0.000771617514311182,0.011642760459588888,0.014786302685997649,0.0030146362643241947
mortality_fraction_stem_delta,43,-0.09564809189671475,0.14276894848363592,0.2001177189995778,0.05278294358189866
pool_alloc_froot_sp1,43,-1.2076212891356348,1.345683681894935,1.9963090449811043,0.5962558572488383
pool_alloc_leaf_sp1,43,-0.02939674611712903,0.6463223715683535,0.867396261752576,0.1536466654211331
pool_alloc_stem_sp1,43,-0.40880922673709313,0.44565676823192896,0.9632328643803432,0.26949962843591635
pool_turnover_branch_sp1,43,1.6822261334837545,2.0018840196777394,3.085854983685367,0.9229230921378218
pool_turnover_croot_sp1,43,-1.481783465664148,1.631746403638664,2.658672170367949,0.8562236945039978
pool_turnover_froot_sp1,43,-0.824823934047334,0.902617421013941,1.1730545202809486,0.3231267368756766
pool_turnover_leaf_sp1,43,-0.16716520059003298,0.46379310802160545,0.9349021974013499,0.2364842270065293
pool_turnover_stem_sp1,43,0.38483780960648567,0.4648436107706684,0.5470623846052783,0.14764026726569457
proj_cover,43,-5.1646731061590945,5.6154834005354335,9.823406232580592,2.8664681710930875
proj_fire_off,43,0.05485737965524608,0.05485737965524608,0.10861682660156348,0.037518536859950456
proj_fire_on,43,4.090074504278068,4.189927084341157,4.779300351349756,1.4251428989901958
proj_mortality,43,28.33561957698987,29.036818833562545,33.79345844945121,10.675032606907832
proj_thinning_delta,43,29.51869785230148,29.683307077009534,27.783027135118147,7.6949037005556535
roth_c_cover_c,43,0.8972183335874183,1.104382686041842,2.001952371879366,0.6445935460873633
roth_c_dpm_frac_crop,43,-0.019140368381064594,0.019140368381064594,0.025688541562805797,0.00785069831373997
roth_c_dpm_frac_tree,43,0.6859684537085504,1.312848946836318,2.2980729009995895,0.5795855014136184
roth_c_moisture_b_slope,43,-1.758554780627367,1.9823432691432412,2.9884550405267145,0.9763756342769943
roth_c_temp_a1,43,0.8090869045928051,0.9068255249160793,1.2846659167243617,0.3595817759142807
roth_c_temp_a2,43,-5.869150757586794,6.810875654400933,9.85605722747615,2.950188697325728
thinning_fraction_branch_delta,43,0.17741927973407878,0.17741927973407878,0.16200290347898025,0.05434572414639722
thinning_fraction_croot_delta,43,0.0822992874540171,0.0822992874540171,0.0981506185133239,0.027933946845001768
thinning_fraction_froot_delta,43,0.041742160140653725,0.041742160140653725,0.04327468694240138,0.013578935809403463
thinning_fraction_leaf_delta,43,0.07422099342163138,0.07422099342163138,0.07527244954785951,0.02279157677014372
thinning_fraction_stem_delta,43,0.4691027882672584,0.4691027882672584,0.5294863443050304,0.18085429899775407
tree_carbon_sp1,43,-3.2471822554531746,3.6755746182172557,5.201836193541097,1.5097951482419478
tree_nitrogen_branch_sp1,43,0.08189234796467228,0.08189234796467228,0.09081381772471621,0.02675022650757302
tree_nitrogen_croot_sp1,43,0.33829979174963976,0.33829979174963976,0.6260463897717481,0.19211115145681526
tree_nitrogen_froot_sp1,43,0.010601219616806861,0.010601219616806861,0.014934069511563074,0.005284405198819082
tree_nitrogen_leaf_sp1,43,1.9239237419833255,1.9239237419833255,2.8942708667179313,0.8420301248670753
tree_nitrogen_stem_sp1,43,0.005721877868285774,0.005721877868285774,0.007807313540676143,0.0024754427725698224
tree_root_in_top_30,43,-2.3377812070175032,2.643494162143587,4.449325766576992,1.4376657237723798
tree_root_to_shoot_sp1,43,-2.1206560970299435,2.708701338656104,4.525362747807178,1.4245067374885207
cy0,44,0.011599307142639815,0.2642507636599461,0.38698778163165815,0.0865333090035536
clay,44,-1.5080716069816336,1.7006201278973603,2.922856082027204,0.8065529856481061
temp_ci_delta,44,0.68384646203237,0.8384839804465477,1.3865637743075647,0.428912026025465
rain_ci_delta,44,4.35471917917156,5.53997975312087,10.287118168059665,2.991341510320188
evap_ci_delta,44,-1.4357292720793797,1.5134736348377449,4.780832562588091,1.3338121004788268
ef_N_inputs,44,2.590050172859554,3.2368475151684293,4.644500418764148,1.2045526402495883
volatile_frac_organic_fertiliser,44,-0.016301567573002516,0.016301567573002516,0.00990937829654009,0.003013845060999526
volatile_frac_synthetic_fertiliser,44,0.2120865563500204,0.2120865563500204,0.11442689071693622,0.03573372926037092
base_sf_qty_scale,44,-0.12171437219275369,0.12171437219275369,0.060011127386039455,0.01745768862747435
proj_lit_qty_scale,44,0.018425489944709984,0.02188789757203572,0.018678672139357023,0.004208863009215475
base_stand_density_scale,44,0.0,0.0,0.0,0.0
proj_stand_density_scale,44,-6.355931770569329,7.860215192537469,12.454117999331178,3.432085292456319
tree_wood_dens_sp1,44,-11.443141404619423,15.111266133137377,28.68511318766105,7.775606230046219
base_cover,44,0.42941115055016016,0.5343554353054167,0.525872272957069,0.10701272514432517
base_fire_off,44,-0.07567880067863864,0.07567880067863864,0.1468986914845585,0.0483940430040001
base_fire_on,44,-0.19927336190888983,0.19927336190888983,0.14292805972219982,0.046634190790966354
base_sf_n_delta,44,-0.012054012840149776,0.012054012840149776,0.0052835681010800885,0.001669226215326816
crop_base_left_delta,44,0.22973157586816478,0.25711973120756826,0.1982034082158482,0.04841074126452306
crop_base_yield_delta,44,0.009674349485758918,0.10790251680686827,0.1328065023129924,0.023389942267064905
crop_carbon_above_sp3,44,0.042412971900228226,0.04247765798613247,0.028611181999828098,0.008702324015514755
crop_carbon_below_sp3,44,0.09977228909298783,0.09977228909298783,0.048776988416471344,0.012832603976604445
crop_intercept_sp3,44,0.013855711696763903,0.03474880936085412,0.04441926820829185,0.009923873230261773
crop_nitrogen_above_sp3,44,-0.06693056078586503,0.07202355101829559,0.09143711527675627,0.02260796695553638
crop_nitrogen_below_sp3,44,-0.11086118948445844,0.11086118948445844,0.08012494133274602,0.025742508856431423
crop_carbon_above_sp10,44,0.052117993741366844,0.052117993741366844,0.04171501368556808,0.011234177509219777
crop_carbon_below_sp10,44,0.02455151866944503,0.02571351253757746,0.025581130706695217,0.007319764796366777
crop_intercept_sp10,44,0.018374758116359174,0.046364050421865116,0.053954586869946274,0.008339919972091128
crop_nitrogen_above_sp10,44,-0.04570356913160313,0.04570356913160313,0.029841637006422318,0.00897388708369516
crop_nitrogen_below_sp10,44,-0.023142435699093834,0.023444840719468285,0.029404467166002354,0.008328548589453068
crop_proj_left_delta,44,0.019619440209893084,0.053984136794923254,0.0590500254043274,0.008887367974899014
crop_proj_yield_delta,44,0.11438848101463946,0.15832598562309966,0.1490694305650723,0.02859014910920901
crop_root_in_top_30,44,0.07663144055348961,0.08281754020097584,0.07284920577836562,0.02117088197581001
crop_root_to_shoot_sp3,44,0.10800504579764625,0.12000805116446742,0.09629108418453657,0.025092020997597612
crop_slope_sp3,44,-0.009585584011210851,0.03640844851350024,0.04578928507462169,0.00794713537946321
crop_root_to_shoot_sp10,44,0.030911322245414367,0.03316681062409252,0.03650048551471578,0.011522693675332717
crop_slope_sp10,44,-0.011457639043013598,0.07312995107671742,0.0970821564949868,0.01772407088005615
cy0_to_ceq_multiplier,44,0.0030148390662542157,0.0279543175303975,0.048110100980304195,0.012048119075627818
litter_carbon,44,-0.00293568974924871,0.00293568974924871,0.0013703543046107874,0.0003782365439845045
litter_nitrogen,44,0.013982065601878577,0.013982065601878577,0.007232994521155488,0.0024399858924108865
mortality_fraction_branch_delta,44,-0.037265084051118356,0.05886290179719824,0.07970325367043136,0.01767848198534576
mortality_fraction_croot_delta,44,-0.025224036104198343,0.02953874020981597,0.04391009394427953,0.011818289586806098
mortality_fraction_froot_delta,44,-0.014536231393360743,0.017013966459302497,0.02435643900525648,0.007177297261115031
mortality_fraction_leaf_delta,44,0.0008756962088547163,0.011717583975925426,0.014969966176239368,0.0030917038154556846
mortality_fraction_stem_delta,44,-0.0965552408531328,0.14364827720600876,0.20209459137383798,0.0534539653943877
pool_alloc_froot_sp1,44,-1.2261381041230668,1.3601960049206883,2.0361455827532984,0.6096316200911275
pool_alloc_leaf_sp1,44,-0.02479393435417331,0.6441352980088968,0.8733683409403149,0.15735780235556018
pool_alloc_stem_sp1,44,-0.4008719102884163,0.4385439597957192,0.9585748285233997,0.2692327834994018
pool_turnover_branch_sp1,44,1.5141195290792746,1.8489310631036766,2.9397900868391993,0.8791710052228735
pool_turnover_croot_sp1,44,-1.5282725038227871,1.6754239594636755,2.7324841296096025,0.8824907173377028
pool_turnover_froot_sp1,44,-0.8489512908539206,0.9255861154901881,1.2066952273873544,0.3330771596767438
pool_turnover_leaf_sp1,44,-0.1749640716339978,0.4732711713646941,0.9646973089993203,0.24506701917342427
pool_turnover_stem_sp1,44,0.33678780869438746,0.4181054391593698,0.5074694945362342,0.13652785656581318
proj_cover,44,-5.361490074419395,5.789042995596849,10.007688681313223,2.9394309898472573
proj_fire_off,44,0.054857379655245175,0.054857379655245175,0.10861682660156173,0.03751853685994995
proj_fire_on,44,4.147932987826453,4.242869653476188,4.8804993168452695,1.4557881346899213
proj_mortality,44,28.606024271136896,29.342484573109296,34.510911566970506,10.916380394509705
proj_thinning_delta,44,28.816940300576277,29.0515373246349,28.17521953336472,7.832787482974991
roth_c_cover_c,44,0.9058025862029668,1.1046338948784997,1.9950827673294567,0.6423771489797202
roth_c_dpm_frac_crop,44,-0.017244327789201576,0.017244327789201576,0.023465336386352887,0.007174077080514569
roth_c_dpm_frac_tree,44,0.7715508247488313,1.3531732828911356,2.3975673967760307,0.6255595588212101
roth_c_moisture_b_slope,44,-1.8299314631906587,2.044253669215373,3.0663339302383186,1.0010238302467802
roth_c_temp_a1,44,0.8312947369489072,0.92431065545641,1.296945493611736,0.36574834732329425
roth_c_temp_a2,44,-6.060470587402264,6.983650278964312,9.95647070714884,2.984752308704336
thinning_fraction_branch_delta,44,0.14714948213131848,0.14714948213131848,0.12990697110397542,0.04299538551963287
thinning_fraction_croot_delta,44,0.06829619203408792,0.06829619203408792,0.08064596557980036,0.023026798086915882
thinning_fraction_froot_delta,44,0.03413364995672179,0.03413364995672179,0.03598063198970595,0.01130595250766302
thinning_fraction_leaf_delta,44,0.06164702567649877,0.06164702567649877,0.06326752990596285,0.018689417687791535
thinning_fraction_stem_delta,44,0.3952345543432748,0.3952345543432748,0.4489870700494288,0.154625523865228
tree_carbon_sp1,44,-3.197498793491571,3.6496493600304,5.231191221836353,1.515825665321442
tree_nitrogen_branch_sp1,44,0.0827656110109116,0.0827656110109116,0.0926999832370821,0.027293354964218777
tree_nitrogen_croot_sp1,44,0.34402352981300527,0.34402352981300527,0.6429405057934947,0.19727087396496656
tree_nitrogen_froot_sp1,44,0.010824397793072833,0.010824397793072833,0.015349163107329734,0.00543222693229072
tree_nitrogen_leaf_sp1,44,1.9537210139981067,1.9537210139981067,2.957930110476807,0.8615966916996491
tree_nitrogen_stem_sp1,44,0.0057891670713040464,0.0057891670713040464,0.007982868002317874,0.0025316787464298046
tree_root_in_top_30,44,-2.3910025609868013,2.688722370269821,4.557767167644904,1.4767741645672936
tree_root_to_shoot_sp1,44,-2.067147128598085,2.6862366357880965,4.517935785485861,1.418740009704756
cy0,45,0.006726586083839936,0.25781597853512483,0.3820145049931823,0.08521811215117847
clay,45,-1.5134473374603945,1.7136814824969675,2.9524102475472875,0.8145597883006842
temp_ci_delta,45,0.7006301305593812,0.849295227989469,1.4039250415517974,0.43500867837528223
rain_ci_delta,45,4.509817349557843,5.664172025146349,10.491795442714473,3.049740676108653
evap_ci_delta,45,-1.4547429001024796,1.528314174546405,4.8306445280116295,1.3532262365598722
ef_N_inputs,45,2.6440219985659157,3.2969465175543435,4.751940192565936,1.2348671730457468
volatile_frac_organic_fertiliser,45,-0.01630156757300279,0.01630156757300279,0.009909378296539872,0.0030138450609994397
volatile_frac_synthetic_fertiliser,45,0.21208655635002058,0.21208655635002058,0.11442689071693624,0.03573372926037097
base_sf_qty_scale,45,-0.12171437219275272,0.12171437219275272,0.060011127386039524,0.017457688627474554
proj_lit_qty_scale,45,0.018749954386023317,0.02207739831701431,0.01863203006049739,0.0042502149434266
base_stand_density_scale,45,0.0,0.0,0.0,0.0
proj_stand_density_scale,45,-5.991348641803212,7.865517714735249,12.604412666808422,3.408056571129397
tree_wood_dens_sp1,45,-11.35533718769073,14.823586365006387,28.66993978999493,7.829239134221457
base_cover,45,0.40982693098724987,0.5226990907666604,0.5204353526465728,0.10453744708041403
base_fire_off,45,-0.07567880067863872,0.07567880067863872,0.1468986914845586,0.048394043004000166
base_fire_on,45,-0.19814399829765988,0.19814399829765988,0.140691521105054,0.0458565619857877
base_sf_n_delta,45,-0.012054012840150008,0.012054012840150008,0.005283568101081027,0.001669226215327117
crop_base_left_delta,45,0.22598418690819502,0.25383158883197554,0.19728904294210373,0.048102209184894225
crop_base_yield_delta,45,0.00647490561215309,0.10733660363159774,0.13270474047012748,0.023515144281364902
crop_carbon_above_sp3,45,0.04122411903877066,0.041307197308739704,0.0280510412597116,0.008525647474200333
crop_carbon_below_sp3,45,0.09669085264407981,0.09669085264407981,0.04781523151363258,0.012570955667018262
crop_intercept_sp3,45,0.012414398894491963,0.034087163158956234,0.04350147170448094,0.009577011299016759
crop_nitrogen_above_sp3,45,-0.0669305607858646,0.07202355101829616,0.09143711527675663,0.022607966955536414
crop_nitrogen_below_sp3,45,-0.11086118948445903,0.11086118948445903,0.08012494133274703,0.025742508856431735
crop_carbon_above_sp10,45,0.05120998882358968,0.05120998882358968,0.041351373230383535,0.011125522565319408
crop_carbon_below_sp10,45,0.024111252482226044,0.02527931579864664,0.025337060458600617,0.007242971925628803
crop_intercept_sp10,45,0.017608633804039413,0.04614934012853653,0.05372891480756277,0.008246084797850098
crop_nitrogen_above_sp10,45,-0.04570356913160235,0.04570356913160235,0.02984163700642156,0.008973887083694723
crop_nitrogen_below_sp10,45,-0.023142435699093408,0.023444840719467862,0.029404467166002746,0.008328548589453078
crop_proj_left_delta,45,0.017906169542978738,0.05256716755745685,0.058021341544620644,0.008749513341861442
crop_proj_yield_delta,45,0.1207023153428847,0.15893604135056422,0.14627185796379139,0.029169411259820786
crop_root_in_top_30,45,0.07372876545940399,0.08027895603077913,0.0717839733058058,0.02077400758364022
crop_root_to_shoot_sp3,45,0.10299942008282156,0.11571367935579671,0.09471357421467752,0.024488907733861184
crop_slope_sp3,45,-0.011757414328523999,0.03700174161876727,0.04529654353760966,0.007785338800604156
crop_root_to_shoot_sp10,45,0.030120533596707084,0.03255654873981566,0.03615223376065836,0.01132180905642186
crop_slope_sp10,45,-0.013400220468509614,0.07311988004048277,0.09681331107313097,0.0176198063626687
cy0_to_ceq_multiplier,45,0.002658533315452917,0.026991353370711384,0.046220294528322936,0.011498791553998237
litter_carbon,45,-0.0028810528877637074,0.0028810528877637074,0.0013616071284076815,0.000376017517374029
litter_nitrogen,45,0.013982065601877536,0.013982065601877536,0.007232994521154856,0.00243998589241079
mortality_fraction_branch_delta,45,-0.03644989066222656,0.058306965323218954,0.0795945825124892,0.017617323528779528
mortality_fraction_croot_delta,45,-0.024934687677889745,0.02952139454489794,0.04404182819585091,0.011799805949288648
mortality_fraction_froot_delta,45,-0.014331161101966727,0.01687692598032483,0.024352923129368067,0.007157136521151339
mortality_fraction_leaf_delta,45,0.0012069904735160786,0.01182462855831542,0.015126761508216827,0.0031351535690443124
mortality_fraction_stem_delta,45,-0.09664071742283402,0.14343345642567326,0.20279135244316254,0.05384089341692252
pool_alloc_froot_sp1,45,-1.2332679987202402,1.3646451674252058,2.065625611762847,0.619474320556869
pool_alloc_leaf_sp1,45,-0.012278423339698691,0.6359725418001607,0.8734624124863453,0.16114758403550655
pool_alloc_stem_sp1,45,-0.3898416229372874,0.42855757718937915,0.9484280487511143,0.2673976530323092
pool_turnover_branch_sp1,45,1.3303683323219968,1.7007437065252105,2.7777668847450108,0.8272552424744922
pool_turnover_croot_sp1,45,-1.560554865529662,1.7071137686562898,2.790650933779734,0.9031761809947351
pool_turnover_froot_sp1,45,-0.8659068121940511,0.9420839728234169,1.2331843026927496,0.3409670241377747
pool_turnover_leaf_sp1,45,-0.18381030856284236,0.47923146620355855,0.9892344127413327,0.2523618982549348
pool_turnover_stem_sp1,45,0.2847338799460938,0.3674521192333005,0.46474526587563264,0.12468443292565784
proj_cover,45,-5.5361539979195085,5.9526336914905436,10.244345901050695,3.0217846408380145
proj_fire_off,45,0.05485737965524527,0.05485737965524527,0.10861682660156188,0.03751853685995003
proj_fire_on,45,4.193533674336992,4.284921210139535,4.971093423999149,1.4832255436132513
proj_mortality,45,29.008813764711352,29.707862615030542,34.87856497092288,11.023304594764017
proj_thinning_delta,45,27.956763696259287,27.956763696259287,28.38167071835203,7.932501357286404
roth_c_cover_c,45,0.9165465416855383,1.1081278865071065,1.9971773233184102,0.6434440820232229
roth_c_dpm_frac_crop,45,-0.01562391105360556,0.01562391105360556,0.021482709252889046,0.006570095929390908
roth_c_dpm_frac_tree,45,0.8241464463179708,1.3789412410355257,2.4743152601928897,0.6619093340942209
roth_c_moisture_b_slope,45,-1.9000760221077186,2.103288492581021,3.148327174444923,1.027947741292063
roth_c_temp_a1,45,0.8517842743822335,0.940509319766706,1.3144682033647408,0.3727518642880825
roth_c_temp_a2,45,-6.240106329896259,7.138444518012972,10.094329961094541,3.0315316122427016
thinning_fraction_branch_delta,45,0.12523405726768683,0.12523405726768683,0.10671085880621552,0.03500046221028235
thinning_fraction_croot_delta,45,0.057957515178480634,0.057957515178480634,0.06667166137403868,0.018973036349693117
thinning_fraction_froot_delta,45,0.02905372814056706,0.02905372814056706,0.03008537096318318,0.009435059303100637
thinning_fraction_leaf_delta,45,0.052353092575799384,0.052353092575799384,0.05378437193092226,0.015570292635354662
thinning_fraction_stem_delta,45,0.3387801103659459,0.3387801103659459,0.38484594200182176,0.13350198137644195
tree_carbon_sp1,45,-3.1572310082956134,3.569365769448246,5.2151274054689045,1.5159617735354145
tree_nitrogen_branch_sp1,45,0.08355427903212312,0.08355427903212312,0.09450710085015734,0.027813616054792867
tree_nitrogen_croot_sp1,45,0.349435366483866,0.349435366483866,0.6594165811848341,0.20230248905795634
tree_nitrogen_froot_sp1,45,0.011039012074144377,0.011039012074144377,0.015754745590869527,0.0055769060794791684
tree_nitrogen_leaf_sp1,45,1.9816191596549237,1.9816191596549237,3.0188722260865815,0.8804121320198869
tree_nitrogen_stem_sp1,45,0.0058445842259640226,0.0058445842259640226,0.008156259253230661,0.00258793035526571
tree_root_in_top_30,45,-2.4252572125782264,2.718461772422927,4.646189463705279,1.5086190675481546
tree_root_to_shoot_sp1,45,-2.031372737091832,2.61475904326061,4.473529178034992,1.4075493482248373
cy0,46,0.002125041099775521,0.2513231801666499,0.37795576138943243,0.08435175707204497
clay,46,-1.517096149711667,1.7251622985116868,2.9800685198763484,0.8218226515748653
temp_ci_delta,46,0.7153759083914807,0.8584179519926991,1.422568605442905,0.4418298980808933
rain_ci_delta,46,4.649963411193779,5.770956348821545,10.684854067742636,3.106265256652134
evap_ci_delta,46,-1.4730761496109823,1.5425817445043135,4.88610278624629,1.3732825004270806
ef_N_inputs,46,2.694386892462476,3.3533910768187267,4.855334016055958,1.264084278130003
volatile_frac_organic_fertiliser,46,-0.01630156757300269,0.01630156757300269,0.00990937829653953,0.003013845060999318
volatile_frac_synthetic_fertiliser,46,0.21208655635002022,0.21208655635002022,0.11442689071693612,0.035733729260370856
base_sf_qty_scale,46,-0.12171437219275272,0.12171437219275272,0.06001112738604022,0.017457688627474724
proj_lit_qty_scale,46,0.019065418003765593,0.02226111353107354,0.01858677242147406,0.004292232294001966
base_stand_density_scale,46,0.0,0.0,0.0,0.0
proj_stand_density_scale,46,-5.739344833109742,7.408266205349328,12.43617876176263,3.4096274178479797
tree_wood_dens_sp1,46,-11.010132256379924,14.68658771904325,28.6474311228333,7.810339502144356
base_cover,46,0.39103915246657656,0.5111965075682399,0.5152839166988992,0.10244097633920496
base_fire_off,46,-0.07567880067863861,0.07567880067863861,0.14689869148455936,0.048394043004000485
base_fire_on,46,-0.19703696384684957,0.19703696384684957,0.1385161634442879,0.04509877914163499
base_sf_n_delta,46,-0.012054012840150116,0.012054012840150116,0.005283568101081178,0.0016692262153272987
crop_base_left_delta,46,0.22231695260840123,0.25061150006024285,0.19639746906226185,0.04780548431322993
crop_base_yield_delta,46,0.003347977337950231,0.10680363576001184,0.13261588347899342,0.023674048318031684
crop_carbon_above_sp3,46,0.040125122032967836,0.04022237583851319,0.0275261645968221,0.008363505723485473
crop_carbon_below_sp3,46,0.09389191327554859,0.09389191327554859,0.046983192183100105,0.012353007836546998
crop_intercept_sp3,46,0.01110288514309346,0.03347825322562886,0.042722693783010975,0.009288379522616179
crop_nitrogen_above_sp3,46,-0.06693056078586479,0.07202355101829656,0.09143711527675676,0.022607966955536345
crop_nitrogen_below_sp3,46,-0.11086118948445838,0.11086118948445838,0.08012494133274582,0.025742508856431263
crop_carbon_above_sp10,46,0.050327280324882526,0.050327280324882526,0.040998132815757704,0.011020464336319116
crop_carbon_below_sp10,46,0.02368339307130106,0.02485667175740078,0.025098926322021913,0.007168739526764986
crop_intercept_sp10,46,0.016865126851820813,0.04594215573406002,0.05351588839524123,0.008161581767186465
crop_nitrogen_above_sp10,46,-0.04570356913160224,0.04570356913160224,0.029841637006422415,0.00897388708369534
crop_nitrogen_below_sp10,46,-0.023142435699093307,0.023444840719467775,0.029404467166002805,0.008328548589453057
crop_proj_left_delta,46,0.016457569503476745,0.051305669609305785,0.05712456823054008,0.008661180651518888
crop_proj_yield_delta,46,0.1264594504016984,0.1597872672768391,0.1439238079653654,0.029682671004856324
crop_root_in_top_30,46,0.0710390618103228,0.07793030158856915,0.07082482999780092,0.020419020491547053
crop_root_to_shoot_sp3,46,0.09844654984330367,0.11182826354455336,0.09335556778043132,0.02397237022928618
crop_slope_sp3,46,-0.013741702885904147,0.03757225962712281,0.04487764221070779,0.007685066414880045
crop_root_to_shoot_sp10,46,0.029353949027400884,0.031964575968484024,0.03582353818977616,0.011131882382655308
crop_slope_sp10,46,-0.015293337446143876,0.07310705186112978,0.09655801137099078,0.017542728709953898
cy0_to_ceq_multiplier,46,0.002314792446590623,0.026070289616860774,0.04449092413262529,0.01100357567454988
litter_carbon,46,-0.0028277129943198864,0.0028277129943198864,0.0013530122558068954,0.0003738406983949326
litter_nitrogen,46,0.013982065601879406,0.013982065601879406,0.007232994521154917,0.002439985892410706
mortality_fraction_branch_delta,46,-0.03503462571806926,0.05756524402935692,0.07920542401869275,0.017411676360987418
mortality_fraction_croot_delta,46,-0.024675411300308474,0.02918623304207521,0.04385574805760192,0.011823193609543654
mortality_fraction_froot_delta,46,-0.014068280391080523,0.01658262346323066,0.02419532580559144,0.007118871755821137
mortality_fraction_leaf_delta,46,0.0015183308768336595,0.011754198504656768,0.015194685354453173,0.0032336029414048073
mortality_fraction_stem_delta,46,-0.0957899068291104,0.14257141097267645,0.20258136147201652,0.05393035882593979
pool_alloc_froot_sp1,46,-1.2312984355421395,1.360697394977464,2.085788194917245,0.6262539373235766
pool_alloc_leaf_sp1,46,0.008631630605481739,0.6248602457665158,0.8698969466528044,0.16535989385971073
pool_alloc_stem_sp1,46,-0.3722886652293883,0.4201508726130376,0.9356673789890998,0.2636740942183456
pool_turnover_branch_sp1,46,1.116265587510163,1.5700156968179575,2.616526250136827,0.7638040344001585
pool_turnover_croot_sp1,46,-1.5833160050015762,1.7282845066322274,2.834391960113099,0.9192960730188564
pool_turnover_froot_sp1,46,-0.884281820509293,0.9497208334679923,1.247533574873962,0.34810496028740834
pool_turnover_leaf_sp1,46,-0.17941655300572235,0.4837454561568448,1.0117006457572266,0.2593654226891655
pool_turnover_stem_sp1,46,0.22849265089516185,0.32169551610787905,0.4214507736675752,0.10955449800872244
proj_cover,46,-5.682470641979607,6.092561413427854,10.498001700451814,3.1036095318626833
proj_fire_off,46,0.054857379655245675,0.054857379655245675,0.10861682660156236,0.03751853685995009
proj_fire_on,46,4.22936941019865,4.3180733057656395,5.051758552615536,1.5076196633819494
proj_mortality,46,29.286585243010315,29.96726526352478,35.12422565901088,11.109591252522426
proj_thinning_delta,46,26.444404775752467,26.849849518276528,28.802433618863272,7.844841524027589
roth_c_cover_c,46,0.9281442310960661,1.1126189688586794,2.005236387302298,0.6468990961546379
roth_c_dpm_frac_crop,46,-0.014228733309446209,0.014228733309446209,0.019714765331008258,0.006031184394659433
roth_c_dpm_frac_tree,46,0.8599248431353181,1.3836303589580017,2.5258735511724053,0.6912060745710075
roth_c_moisture_b_slope,46,-1.9625371983813202,2.154672544546424,3.2245705556530218,1.0535567481077268
roth_c_temp_a1,46,0.8700052005695944,0.9545061609666918,1.3344165506260959,0.3800096310064474
roth_c_temp_a2,46,-6.398695779818044,7.2689446767126595,10.248836715486826,3.0843710795505377
thinning_fraction_branch_delta,46,0.1084543805011033,0.1084543805011033,0.08991487589273832,0.029378324191212963
thinning_fraction_croot_delta,46,0.04973515048104914,0.04973515048104914,0.055692010859974765,0.016024199820324162
thinning_fraction_froot_delta,46,0.02475030725650467,0.02475030725650467,0.025634466651346326,0.008017045247503648
thinning_fraction_leaf_delta,46,0.04503196689379521,0.04503196689379521,0.04638055730828223,0.013185381644520053
thinning_fraction_stem_delta,46,0.294851844376564,0.294851844376564,0.3320344406636924,0.11586828246855253
tree_carbon_sp1,46,-3.0406591695504033,3.5296385507952897,5.224402018407829,1.4979650990567093
tree_nitrogen_branch_sp1,46,0.0842497259592369,0.0842497259592369,0.09623463125396647,0.028311111930593248
tree_nitrogen_croot_sp1,46,0.3545194465288121,0.3545194465288121,0.675426294058951,0.20719130867203459
tree_nitrogen_froot_sp1,46,0.011245601179026812,0.011245601179026812,0.01614878603303686,0.005717553198879135
tree_nitrogen_leaf_sp1,46,2.0074346061137875,2.0074346061137875,3.0769773056589007,0.8984513134782628
tree_nitrogen_stem_sp1,46,0.005904979808072785,0.005904979808072785,0.00831481263395454,0.002639173559482796
tree_root_in_top_30,46,-2.443631175338821,2.7341424490665647,4.7157319897956445,1.533724446952299
tree_root_to_shoot_sp1,46,-1.966060309406344,2.5480230371332153,4.423962822840335,1.3910665158668531
cy0,47,-0.0022202515648118704,0.24478757971289017,0.37469537960022314,0.08387811403022652
clay,47,-1.5192653592170333,1.7338197696748772,3.0044347689804836,0.828400613394569
temp_ci_delta,47,0.7276713471058711,0.8663082276146371,1.4405787287762217,0.44852587799871296
rain_ci_delta,47,4.768656321061647,5.85432189012431,10.854560959875855,3.157760730723982
evap_ci_delta,47,-1.490282445991439,1.556277183058757,4.944153555114331,1.393297318091287
ef_N_inputs,47,2.740672924663372,3.4063775525447495,4.95467024436585,1.2919704992781422
volatile_frac_organic_fertiliser,47,-0.016301567573002673,0.016301567573002673,0.00990937829653965,0.0030138450609993516
volatile_frac_synthetic_fertiliser,47,0.2120865563500213,0.2120865563500213,0.1144268907169364,0.03573372926037107
base_sf_qty_scale,47,-0.12171437219275334,0.12171437219275334,0.06001112738603957,0.01745768862747451
proj_lit_qty_scale,47,0.01937227669104118,0.02243935906513842,0.018542806518892518,0.0043347494005076545
base_stand_density_scale,47,0.0,0.0,0.0,0.0
proj_stand_density_scale,47,-5.449710417182353,7.168102502354474,12.321074207916475,3.3802280379895855
tree_wood_dens_sp1,47,-10.761323949066332,14.33228542015009,28.436663768907678,7.768384769771122
base_cover,47,0.37301474469058044,0.5003380245193828,0.5103872232599123,0.10047070764854266
base_fire_off,47,-0.07567880067863815,0.07567880067863815,0.14689869148455778,0.048394043003999854
base_fire_on,47,-0.1959516539816449,0.1959516539816449,0.13640031167065064,0.044360360997096435
base_sf_n_delta,47,-0.012054012840150157,0.012054012840150157,0.005283568101079788,0.001669226215326846
crop_base_left_delta,47,0.21872718141718894,0.24745704739640512,0.1955264251996633,0.047519684152995005
crop_base_yield_delta,47,0.0002898142068327919,0.10643334819264842,0.13253748120025258,0.02381796592591186
crop_carbon_above_sp3,47,0.03910086866701241,0.03920884810474816,0.027032722329552672,0.00821439557478768
crop_carbon_below_sp3,47,0.09132854068021226,0.09132854068021226,0.04625646092058342,0.012169657243237366
crop_intercept_sp3,47,0.009895824192910987,0.03291390798157709,0.04205769132951451,0.00904859518817632
crop_nitrogen_above_sp3,47,-0.06693056078586361,0.07202355101829545,0.09143711527675681,0.02260796695553637
crop_nitrogen_below_sp3,47,-0.11086118948445904,0.11086118948445904,0.08012494133274671,0.025742508856431697
crop_carbon_above_sp10,47,0.049467906190058704,0.049467906190058704,0.04065507144478608,0.010918785475816064
crop_carbon_below_sp10,47,0.02326687868140468,0.02444457024745129,0.024866391386278133,0.007096770093234102
crop_intercept_sp10,47,0.016142729624191773,0.045743301797749374,0.05331544023731124,0.008085624341026313
crop_nitrogen_above_sp10,47,-0.045703569131603484,0.045703569131603484,0.029841637006421763,0.008973887083695039
crop_nitrogen_below_sp10,47,-0.023142435699093265,0.02344484071946775,0.02940446716600267,0.008328548589453021
crop_proj_left_delta,47,0.015223033940389924,0.05016966777894758,0.05632697538673285,0.00860490112755511
crop_proj_yield_delta,47,0.13175602175664256,0.16115070460514805,0.141949369399106,0.030229869415448397
crop_root_in_top_30,47,0.06852714080016983,0.07574035646505435,0.06995505348621883,0.020099579151501474
crop_root_to_shoot_sp3,47,0.09427464965765683,0.10842388004544634,0.09218131641647762,0.02342756569051513
crop_slope_sp3,47,-0.01556797743948149,0.03810357656399261,0.044520492030402974,0.007640953676725681
crop_root_to_shoot_sp10,47,0.02861058551122303,0.0313901821751537,0.035512327596697195,0.010952166657143528
crop_slope_sp10,47,-0.01713851044386665,0.07309106931988676,0.0963145579480838,0.017491319764115134
cy0_to_ceq_multiplier,47,0.00198357053471738,0.025187587422425085,0.04290766019851638,0.010558087002418273
litter_carbon,47,-0.0027756224651733913,0.0027756224651733913,0.0013445483792726782,0.00037169982875394147
litter_nitrogen,47,0.013982065601877975,0.013982065601877975,0.00723299452115492,0.002439985892410732
mortality_fraction_branch_delta,47,-0.03331893384560937,0.05655050125096717,0.0784833027789039,0.017209815513962497
mortality_fraction_croot_delta,47,-0.024257094772484274,0.02880881209919763,0.04353204575162074,0.011793269857187634
mortality_fraction_froot_delta,47,-0.013699371226173795,0.01620990898984979,0.023946863972131745,0.0070462015994848005
mortality_fraction_leaf_delta,47,0.002028391641652634,0.011754007938006088,0.015264717511791284,0.0032930140756761866
mortality_fraction_stem_delta,47,-0.09394348142366057,0.1417245381180143,0.20175442569688223,0.05352357612337832
pool_alloc_froot_sp1,47,-1.2218498834605853,1.3496784379141384,2.0975753439219074,0.6303481681156884
pool_alloc_leaf_sp1,47,0.03730748631902692,0.6121541394089535,0.8644813027498314,0.17030332205390034
pool_alloc_stem_sp1,47,-0.3604922076930673,0.4025678746025245,0.914449742956189,0.2597186500136517
pool_turnover_branch_sp1,47,0.9343029727437123,1.402087577825069,2.421824850823622,0.7071783166165255
pool_turnover_croot_sp1,47,-1.5915103880621309,1.7429109870287376,2.8695424497083692,0.9308478727998932
pool_turnover_froot_sp1,47,-0.8778905895944847,0.963407074356714,1.2713437314533054,0.34976664499706384
pool_turnover_leaf_sp1,47,-0.17649048672002732,0.4861400043966541,1.0296872242302249,0.2657256901161767
pool_turnover_stem_sp1,47,0.17394213687057683,0.27326937303540855,0.37563526850457685,0.09407293519643965
proj_cover,47,-5.7969738989509,6.203472556487047,10.74905831108477,3.180751993719827
proj_fire_off,47,0.05485737965524558,0.05485737965524558,0.10861682660156227,0.03751853685995003
proj_fire_on,47,4.256890097981039,4.343447729587694,5.123160642177018,1.5291547297538706
proj_mortality,47,28.88598351763934,29.705865722975737,35.68153273513315,11.305535851578773
proj_thinning_delta,47,24.853882731727587,25.409431817437877,28.76273088354299,7.784565789953409
roth_c_cover_c,47,0.9395149281093282,1.1168948854097724,2.017134488199967,0.6519657450351831
roth_c_dpm_frac_crop,47,-0.013020715417192968,0.013020715417192968,0.018137139515164012,0.005550009870833681
roth_c_dpm_frac_tree,47,0.8754356321152631,1.377243190535608,2.5574234559114046,0.7127801085258002
roth_c_moisture_b_slope,47,-2.01409884081707,2.1960249641977194,3.2895587319842945,1.0757459443278523
roth_c_temp_a1,47,0.8854876561491407,0.965807643858632,1.3549079620729412,0.3870621057323417
roth_c_temp_a2,47,-6.5304481381340995,7.378306843951366,10.407766960859863,3.138937956917036
thinning_fraction_branch_delta,47,0.09563140410290563,0.09563140410290563,0.07728657586510922,0.025265181409214577
thinning_fraction_croot_delta,47,0.04306800806368423,0.04306800806368423,0.047119724341864004,0.013664655719134576
thinning_fraction_froot_delta,47,0.021502598970696042,0.021502598970696042,0.022035467762439497,0.006857013647106663
thinning_fraction_leaf_delta,47,0.03947557660984065,0.03947557660984065,0.0403401784463583,0.011276722422759053
thinning_fraction_stem_delta,47,0.2616644671600505,0.2616644671600505,0.2875987151727266,0.10053852323933729
tree_carbon_sp1,47,-2.9874487794003297,3.3954208484559003,5.154549814446574,1.496772066057326
tree_nitrogen_branch_sp1,47,0.08486302698891565,0.08486302698891565,0.09786557964116237,0.028780268016546505
tree_nitrogen_croot_sp1,47,0.3591992045822793,0.3591992045822793,0.690958732322837,0.2119193843722533
tree_nitrogen_froot_sp1,47,0.011441308217958435,0.011441308217958435,0.01653181344724523,0.0058541050983956094
tree_nitrogen_leaf_sp1,47,2.0312958940206416,2.0312958940206416,3.131949128906046,0.915594770309283
tree_nitrogen_stem_sp1,47,0.005959016257609579,0.005959016257609579,0.008466042977242334,0.002688320795575849
tree_root_in_top_30,47,-2.446789441967374,2.7389764307295286,4.768490341335209,1.5524135875836542
tree_root_to_shoot_sp1,47,-1.8891611276043996,2.472843533962809,4.3625721243649815,1.3700381611625383
cy0,48,-0.0063233751352231166,0.2382223894543572,0.3721240982681485,0.08374153762879619
clay,48,-1.5193892027020857,1.739585932927358,3.0249899124014505,0.8340205084851046
temp_ci_delta,48,0.7370871878315797,0.872031843287205,1.4567845593391133,0.45464355803633105
rain_ci_delta,48,4.863015248240845,5.912954607842965,10.994164063656754,3.201638726400191
evap_ci_delta,48,-1.5063024030545429,1.5688265465359787,5.001987605371373,1.4127611634570008
ef_N_inputs,48,2.783478473129194,3.455088785341464,5.049118517182306,1.3187650242396465
volatile_frac_organic_fertiliser,48,-0.016301567573002655,0.016301567573002655,0.009909378296539945,0.0030138450609994497
volatile_frac_synthetic_fertiliser,48,0.21208655635002102,0.21208655635002102,0.11442689071693588,0.03573372926037094
base_sf_qty_scale,48,-0.12171437219275343,0.12171437219275343,0.06001112738604041,0.01745768862747475
proj_lit_qty_scale,48,0.019670917283626015,0.022612379376223873,0.018500012120554042,0.004377638309936563
base_stand_density_scale,48,0.0,0.0,0.0,0.0
proj_stand_density_scale,48,-5.145733682795669,7.017550005991433,12.199191003296331,3.3025851627620537
tree_wood_dens_sp1,48,-10.277761836773328,14.109128735463084,28.234929272112304,7.665973577985205
base_cover,48,0.35572303871561906,0.4910006474377225,0.5057150649427027,0.09851832679689927
base_fire_off,48,-0.07567880067863827,0.07567880067863827,0.14689869148455792,0.048394043003999944
base_fire_on,48,-0.19488731946568838,0.19488731946568838,0.13434229721035906,0.04364069625339919
base_sf_n_delta,48,-0.012054012840149033,0.012054012840149033,0.005283568101079956,0.0016692262153267304
crop_base_left_delta,48,0.21521202989874047,0.24436577528886164,0.19467439664687564,0.04724411148490827
crop_base_yield_delta,48,-0.002701865957863063,0.10606722777357305,0.1324675116120772,0.023996813667084907
crop_carbon_above_sp3,48,0.03813993155671067,0.038255812685937404,0.026566924567774833,0.008076396943212326
crop_carbon_below_sp3,48,0.0889645754929674,0.0889645754929674,0.04561517471156996,0.012013742711952703
crop_intercept_sp3,48,0.008774747942331029,0.032387645831994376,0.04148773197399861,0.008850657421901382
crop_nitrogen_above_sp3,48,-0.06693056078586421,0.07202355101829586,0.0914371152767568,0.02260796695553658
crop_nitrogen_below_sp3,48,-0.1108611894844594,0.1108611894844594,0.08012494133274628,0.02574250885643154
crop_carbon_above_sp10,48,0.04863142247919937,0.04863142247919937,0.04032082564567722,0.010820145180149735
crop_carbon_below_sp10,48,0.02286127215869451,0.024042879491360945,0.024638784790403562,0.007026898092936861
crop_intercept_sp10,48,0.015440651156958524,0.04555114094794136,0.05312582667714246,0.00801777663045292
crop_nitrogen_above_sp10,48,-0.04570356913160319,0.04570356913160319,0.029841637006421916,0.008973887083695039
crop_nitrogen_below_sp10,48,-0.02314243569909228,0.023444840719466748,0.029404467166002517,0.008328548589452898
crop_proj_left_delta,48,0.014163673177156477,0.04913656236675775,0.055604852798484115,0.008568715742976787
crop_proj_yield_delta,48,0.13666624653676712,0.16266140902181073,0.1402852523561661,0.03080382969720906
crop_root_in_top_30,48,0.06616571873081446,0.07368483875448659,0.06916081934479841,0.019810494136590646
crop_root_to_shoot_sp3,48,0.09042519181208353,0.10538973555808351,0.09116134264261314,0.02294446007278206
crop_slope_sp3,48,-0.017259318228775355,0.03860194331106574,0.04421462653333851,0.0076412337353746924
crop_root_to_shoot_sp10,48,0.027888788764009537,0.030831987593364328,0.03521756200426559,0.010782093837141283
crop_slope_sp10,48,-0.018938474382631427,0.07307163112135136,0.09608183398409739,0.017463861331245348
cy0_to_ceq_multiplier,48,0.0016636503581275552,0.024337853757276373,0.04145690299751145,0.010158108112983474
litter_carbon,48,-0.0027247418651069723,0.0027247418651069723,0.0013361952073647158,0.0003695879472563131
litter_nitrogen,48,0.013982065601878257,0.013982065601878257,0.007232994521155059,0.0024399858924106952
mortality_fraction_branch_delta,48,-0.031420321198345244,0.05547602008327103,0.07745424617510432,0.016896071199904036
mortality_fraction_croot_delta,48,-0.02371265253946915,0.02833878234249476,0.04308137395510884,0.01172064924721857
mortality_fraction_froot_delta,48,-0.01324456022613677,0.01576611798623399,0.02361570808693508,0.006945036096859622
mortality_fraction_leaf_delta,48,0.002488232190933147,0.011598008806878415,0.015300172439647102,0.003421935868649199
mortality_fraction_stem_delta,48,-0.09177149247810681,0.14013589935776602,0.20005911577125615,0.05297024478459377
pool_alloc_froot_sp1,48,-1.2047779840870183,1.3339846705650347,2.1027423926739908,0.6322320944821441
pool_alloc_leaf_sp1,48,0.06652401574948837,0.5922217696197831,0.8562439191228627,0.1780865511689628
pool_alloc_stem_sp1,48,-0.34032991052942796,0.3923211131815297,0.8933535382859682,0.25386894071281024
pool_turnover_branch_sp1,48,0.7299721066537099,1.2651147121987145,2.235705168229247,0.6453666272888625
pool_turnover_croot_sp1,48,-1.5948958792733612,1.7481814331627532,2.8926250094719808,0.9393563539533478
pool_turnover_froot_sp1,48,-0.8803512516421848,0.9633589331673651,1.2789613872830972,0.3530279052378901
pool_turnover_leaf_sp1,48,-0.1719860653785368,0.4856733747727481,1.0441269355340885,0.27124316386291386
pool_turnover_stem_sp1,48,0.11120430082775117,0.2357904518408999,0.3376638342783824,0.07961657687319389
proj_cover,48,-5.881484192809813,6.286105157474367,10.985031369053322,3.2504871027051667
proj_fire_off,48,0.054857379655245474,0.054857379655245474,0.10861682660156206,0.03751853685994994
proj_fire_on,48,4.2761898969444525,4.360924862073054,5.186621221145032,1.5484845575905348
proj_mortality,48,28.634379303887954,29.739662272344948,35.94892024521856,11.300866992626334
proj_thinning_delta,48,23.254555147706565,24.002553500658784,28.725386297510553,7.7412542388996135
roth_c_cover_c,48,0.9496034555889942,1.1204875493666187,2.0314237993021047,0.6580018235438473
roth_c_dpm_frac_crop,48,-0.011968049586706725,0.011968049586706725,0.016727758247902756,0.005119836677024762
roth_c_dpm_frac_tree,48,0.8768500971492322,1.3592176402697707,2.5693478160445844,0.7265142935336752
roth_c_moisture_b_slope,48,-2.053531506286601,2.2265532220058324,3.340667915943651,1.0934266539178754
roth_c_temp_a1,48,0.8979510374150015,0.9743038780339791,1.3746311020259687,0.3935266105485039
roth_c_temp_a2,48,-6.63554447787522,7.460983461078433,10.5611822745465,3.1929438746085426
thinning_fraction_branch_delta,48,0.08561309865342198,0.08561309865342198,0.0676716627195882,0.022204644011096782
thinning_fraction_croot_delta,48,0.03783208588016794,0.03783208588016794,0.04027089685639729,0.01177560029297332
thinning_fraction_froot_delta,48,0.01899593398034914,0.01899593398034914,0.019119775807100774,0.005905933614352266
thinning_fraction_leaf_delta,48,0.03491727727484086,0.03491727727484086,0.03552157687809506,0.009836806067518043
thinning_fraction_stem_delta,48,0.23219502651776489,0.23219502651776489,0.25048648873548607,0.08807079155389838
tree_carbon_sp1,48,-2.883954683278387,3.2949651412491265,5.09913120712023,1.4777497967216406
tree_nitrogen_branch_sp1,48,0.08538624098188191,0.08538624098188191,0.09940141736059768,0.02922181443184805
tree_nitrogen_croot_sp1,48,0.36359604245130484,0.36359604245130484,0.7059031498737932,0.2164835564500356
tree_nitrogen_froot_sp1,48,0.011628042565783253,0.011628042565783253,0.01690110917863538,0.005985988935746212
tree_nitrogen_leaf_sp1,48,2.053040548003365,2.053040548003365,3.1837211782242676,0.9318339610978849
tree_nitrogen_stem_sp1,48,0.006008733637589869,0.006008733637589869,0.008607953777431917,0.002734398101988353
tree_root_in_top_30,48,-2.440179931242632,2.73057109593445,4.803489223264682,1.565458713899181
tree_root_to_shoot_sp1,48,-1.7916124849855959,2.4019786970747075,4.296740305351538,1.3447542175477745
cy0,49,-0.010198265356356448,0.2324488600850477,0.370141866745178,0.08379898761209195
clay,49,-1.517125577547068,1.742446129946816,3.0413241338436636,0.8384994242127722
temp_ci_delta,49,0.7434505841655893,0.8751260755312457,1.4703504224073138,0.45987830744853553
rain_ci_delta,49,4.932280799153689,5.947097145192258,11.100163769615593,3.23636683433235
evap_ci_delta,49,-1.5207574514679683,1.5798516941089895,5.057179192946621,1.43113017058855
ef_N_inputs,49,2.822353033969092,3.4998142451799077,5.138770944408804,1.3442403180013254
volatile_frac_organic_fertiliser,49,-0.016301567573002756,0.016301567573002756,0.009909378296539604,0.003013845060999383
volatile_frac_synthetic_fertiliser,49,0.2120865563500211,0.2120865563500211,0.11442689071693636,0.03573372926037105
base_sf_qty_scale,49,-0.12171437219275379,0.12171437219275379,0.060011127386040856,0.017457688627474814
proj_lit_qty_scale,49,0.019961703275555416,0.022780391217269037,0.018458272618909467,0.004420790651426985
base_stand_density_scale,49,0.0,0.0,0.0,0.0
proj_stand_density_scale,49,-4.898815237187687,6.504833759790833,11.904193018176358,3.2956087458876704
tree_wood_dens_sp1,49,-9.851384647278094,13.740172067134997,27.90108683373436,7.593394231502917
base_cover,49,0.3391336172532943,0.4834386776907381,0.501242105568346,0.09631650574394031
base_fire_off,49,-0.07567880067863836,0.07567880067863836,0.14689869148455822,0.048394043003999986
base_fire_on,49,-0.19384359733700518,0.19384359733700518,0.13234076208747353,0.04293939055562314
base_sf_n_delta,49,-0.01205401284015061,0.01205401284015061,0.005283568101080631,0.001669226215326978
crop_base_left_delta,49,0.2117693388588609,0.24133596364021712,0.19383992056418262,0.04697802293667754
crop_base_yield_delta,49,-0.005629995631280138,0.10570400544064514,0.13240412285433734,0.024207252025879172
crop_carbon_above_sp3,49,0.03723302628296725,0.03735449925234544,0.02612684230580064,0.007948614808664997
crop_carbon_below_sp3,49,0.08677017369399156,0.08677017369399156,0.04504427309956253,0.011879759606315335
crop_intercept_sp3,49,0.007726010016452331,0.03189451127859122,0.040998566421590374,0.008689035826226923
crop_nitrogen_above_sp3,49,-0.0669305607858659,0.07202355101829527,0.09143711527675648,0.022607966955536896
crop_nitrogen_below_sp3,49,-0.11086118948445915,0.11086118948445915,0.08012494133274652,0.025742508856431645
crop_carbon_above_sp10,49,0.04781610407510657,0.04781610407510657,0.0399947899113161,0.010724386279845337
crop_carbon_below_sp10,49,0.022466657906474004,0.0236515386973945,0.02441554507413658,0.006958761094910748
crop_intercept_sp10,49,0.014757512785716414,0.045365207512720676,0.05294594973143057,0.007957488596962917
crop_nitrogen_above_sp10,49,-0.04570356913160341,0.04570356913160341,0.029841637006421735,0.008973887083694938
crop_nitrogen_below_sp10,49,-0.02314243569909313,0.023444840719467584,0.02940446716600287,0.008328548589452872
crop_proj_left_delta,49,0.013248702794679278,0.04818868686338994,0.05494087190605419,0.00854474998148477
crop_proj_yield_delta,49,0.14124806244753985,0.1641458123329254,0.13887898198674775,0.03139908064214575
crop_root_in_top_30,49,0.06393368292290108,0.07174504001949635,0.06843127607536642,0.01954753350199918
crop_root_to_shoot_sp3,49,0.08685214028885146,0.10267768360275084,0.09027176396896656,0.022514659829214228
crop_slope_sp3,49,-0.018834450957667892,0.039072531141944665,0.04395237393892695,0.007676492125406703
crop_root_to_shoot_sp10,49,0.027187443420446666,0.03028872743281852,0.034937661761849335,0.01062114089017607
crop_slope_sp10,49,-0.020694595230398228,0.07310623012527581,0.09585862808031141,0.017449920226536308
cy0_to_ceq_multiplier,49,0.001355237705269935,0.02351922559226625,0.04012789242396104,0.009800115282447019
litter_carbon,49,-0.002675047523534979,0.002675047523534979,0.0013279698942732425,0.00036750411056092727
litter_nitrogen,49,0.01398206560187562,0.01398206560187562,0.007232994521152821,0.0024399858924099116
mortality_fraction_branch_delta,49,-0.029246053106315967,0.05443994644696896,0.07625553945367737,0.01653057296135742
mortality_fraction_croot_delta,49,-0.02306368374677236,0.027782717769371672,0.042517870319418255,0.011612401087986841
mortality_fraction_froot_delta,49,-0.012718790922253531,0.015259084430804749,0.02321149461559393,0.006820251418797215
mortality_fraction_leaf_delta,49,0.0030211199200046585,0.011428009775694557,0.01534142957520458,0.0035587217043973746
mortality_fraction_stem_delta,49,-0.08845811201538252,0.13871698184367837,0.1982212430620174,0.052241431331509186
pool_alloc_froot_sp1,49,-1.182530960660316,1.3129487436981373,2.100969076876982,0.631994443234323
pool_alloc_leaf_sp1,49,0.10216166846617991,0.5804136868289381,0.8490546403974255,0.18232634816302715
pool_alloc_stem_sp1,49,-0.3248088016817145,0.37518101980521423,0.8662072952453359,0.24730315807896472
pool_turnover_branch_sp1,49,0.5245868604613372,1.1276872520488082,2.0502591280710383,0.586531526677042
pool_turnover_croot_sp1,49,-1.5911091304405793,1.7468856757146471,2.9067218605512855,0.9446976006527489
pool_turnover_froot_sp1,49,-0.8779560144788299,0.959943252444156,1.2824586294374667,0.3546852664199477
pool_turnover_leaf_sp1,49,-0.1649860785301594,0.48376188030955997,1.0555779661730438,0.27605505901347777
pool_turnover_stem_sp1,49,0.06145213567097492,0.1954487911994504,0.29110426657726957,0.06237555083553269
proj_cover,49,-5.937768855350534,6.341461331642189,11.199252600546075,3.3115587673859337
proj_fire_off,49,0.05485737965524554,0.05485737965524554,0.10861682660156219,0.03751853685995
proj_fire_on,49,4.289640796680152,4.372738301059358,5.241396824047835,1.56482921666444
proj_mortality,49,28.473114664422287,29.491984169336284,35.94811856138155,11.352261149975442
proj_thinning_delta,49,21.85121022470735,22.84971634561996,28.811582562179925,7.69551822554406
roth_c_cover_c,49,0.9578048552111582,1.1229746670763763,2.046915986470754,0.6645008507769495
roth_c_dpm_frac_crop,49,-0.01104748988701868,0.01104748988701868,0.015466124190625026,0.0047346308134548635
roth_c_dpm_frac_tree,49,0.8605267047897979,1.3393624311708106,2.5663024178803484,0.7302974888140771
roth_c_moisture_b_slope,49,-2.0806548018330173,2.2463997378549703,3.377124051301087,1.10611689545034
roth_c_temp_a1,49,0.907266020588801,0.9799464306738475,1.3926791249504107,0.39917313572491686
roth_c_temp_a2,49,-6.707348643622398,7.521987259049728,10.708303608361634,3.243321204510686
thinning_fraction_branch_delta,49,0.07763818957196722,0.07763818957196722,0.06027866616785259,0.01988788423011881
thinning_fraction_croot_delta,49,0.03367012676141789,0.03367012676141789,0.034787040171407574,0.01025905177373926
thinning_fraction_froot_delta,49,0.017028471925345144,0.017028471925345144,0.016758476740048336,0.005126407996316882
thinning_fraction_leaf_delta,49,0.031680360679893674,0.031680360679893674,0.031645484855340494,0.00872621079175315
thinning_fraction_stem_delta,49,0.20832206524973734,0.20832206524973734,0.21883231611125642,0.0772717872831752
tree_carbon_sp1,49,-2.74194153696105,3.2116546167380333,5.050980107214904,1.4524055294168128
tree_nitrogen_branch_sp1,49,0.0858188527674548,0.0858188527674548,0.10083824161226868,0.02963459066249163
tree_nitrogen_croot_sp1,49,0.3676217645027001,0.3676217645027001,0.7202666803805426,0.2208690289075966
tree_nitrogen_froot_sp1,49,0.011804104705669477,0.011804104705669477,0.017256680061936872,0.006112992285605415
tree_nitrogen_leaf_sp1,49,2.0726274426515685,2.0726274426515685,3.2321808826018295,0.9471315919662969
tree_nitrogen_stem_sp1,49,0.006052865683354572,0.006052865683354572,0.008741035191495519,0.002777734822389615
tree_root_in_top_30,49,-2.4194359723778076,2.717036917463228,4.825215426446854,1.571707358968405
tree_root_to_shoot_sp1,49,-1.7100517911677957,2.3071890748157546,4.210105269845634,1.3157459072948516
cy0,50,-0.013857160768878113,0.2272270937991884,0.36865736183424086,0.08404430269523075
clay,50,-1.5122603929168412,1.742497482440506,3.0531296230116842,0.8417184006633556
temp_ci_delta,50,0.7467570926735345,0.8756045156125642,1.480691610648669,0.46399858622753215
rain_ci_delta,50,4.976928560149174,5.959547609993512,11.17120301765535,3.260892253157021
evap_ci_delta,50,-1.5332004640285422,1.5890392775913451,5.107646283801758,1.4478940650816898
ef_N_inputs,50,2.8572476215587708,3.5404995655195917,5.2234505498151576,1.3683439630403722
volatile_frac_organic_fertiliser,50,-0.016301567573002655,0.016301567573002655,0.009909378296539614,0.003013845060999341
volatile_frac_synthetic_fertiliser,50,0.21208655635002094,0.21208655635002094,0.11442689071693612,0.03573372926037094
base_sf_qty_scale,50,-0.12171437219275325,0.12171437219275325,0.0600111273860403,0.017457688627474675
proj_lit_qty_scale,50,0.02024495746970589,0.022943649634092237,0.018417528216214656,0.00446409700373596
base_stand_density_scale,50,0.0,0.0,0.0,0.0
proj_stand_density_scale,50,-4.556525259098883,6.19164692873638,11.67375542200477,3.2295646511478684
tree_wood_dens_sp1,50,-9.368336359973053,13.366625675633298,27.510136265883812,7.505748988577034
base_cover,50,0.32321826075668436,0.47589475732875675,0.4969448561467565,0.09437944271394322
base_fire_off,50,-0.07567880067863812,0.07567880067863812,0.14689869148455775,0.048394043003999854
base_fire_on,50,-0.19281961081722657,0.19281961081722657,0.1303939191572971,0.04225586058330037
base_sf_n_delta,50,-0.01205401284015071,0.01205401284015071,0.0052835681010807885,0.0016692262153271155
crop_base_left_delta,50,0.20839624164208198,0.23836486360132048,0.19302137832784216,0.04672086459708716
crop_base_yield_delta,50,-0.008497193794206513,0.1053431722231029,0.13234606868422694,0.024446113972391437
crop_carbon_above_sp3,50,0.036373486672694896,0.036498661471412154,0.025710574525644687,0.007829988316397371
crop_carbon_below_sp3,50,0.08472227298882898,0.08472227298882898,0.04453095905917403,0.011763187069011726
crop_intercept_sp3,50,0.006738115660510987,0.031430583615026396,0.04057975497242441,0.008559539763860155
crop_nitrogen_above_sp3,50,-0.06693056078586415,0.07202355101829575,0.09143711527675687,0.022607966955536626
crop_nitrogen_below_sp3,50,-0.11086118948445874,0.11086118948445874,0.08012494133274548,0.025742508856431146
crop_carbon_above_sp10,50,0.047021133699591655,0.047021133699591655,0.03967629596081438,0.010631164763596166
crop_carbon_below_sp10,50,0.02208189210079296,0.023269267839310777,0.02419695296799309,0.006892529792558948
crop_intercept_sp10,50,0.01409231690131801,0.045185515473867774,0.052775439232015345,0.007903987672048007
crop_nitrogen_above_sp10,50,-0.045703569131602804,0.045703569131602804,0.029841637006421826,0.008973887083694954
crop_nitrogen_below_sp10,50,-0.023142435699093453,0.023444840719467903,0.02940446716600222,0.00832854858945295
crop_proj_left_delta,50,0.012453845894240867,0.047312196210660254,0.05432221663676085,0.008527744598663015
crop_proj_yield_delta,50,0.14554742429852988,0.16609546286769844,0.13768707700984945,0.0318072037090392
crop_root_in_top_30,50,0.061814099817537674,0.0699051721375166,0.06775725031572828,0.019307440010046382
crop_root_to_shoot_sp3,50,0.08351708179458121,0.10033283810650231,0.08949134149223853,0.022080349532867728
crop_slope_sp3,50,-0.02030897952167552,0.03952952019206845,0.043726747157775074,0.007734798754147306
crop_root_to_shoot_sp10,50,0.026505942602439263,0.029760355644220672,0.03467142677028219,0.010468686247381355
crop_slope_sp10,50,-0.022408889176657676,0.07324094577534615,0.09564347257858852,0.017441325231550345
cy0_to_ceq_multiplier,50,0.0010575953459739413,0.022727940665490366,0.038909027811277495,0.009480269068869361
litter_carbon,50,-0.0026264177597194517,0.0026264177597194517,0.0013197597006993041,0.00036544010447456753
litter_nitrogen,50,0.013982065601878277,0.013982065601878277,0.0072329945211536415,0.002439985892410145
mortality_fraction_branch_delta,50,-0.026853032510548335,0.05341205441125988,0.07491971026858622,0.016138365395654473
mortality_fraction_croot_delta,50,-0.02230688274056455,0.027167996061369177,0.041867272020157595,0.011471094238434162
mortality_fraction_froot_delta,50,-0.012106144411744239,0.014724338395236309,0.022762425907685766,0.006667807409811449
mortality_fraction_leaf_delta,50,0.0036571260466727014,0.01129524904409103,0.015397717426308789,0.003710093978669462
mortality_fraction_stem_delta,50,-0.0854359810906945,0.13615997730393958,0.19536841432131488,0.051383868726596706
pool_alloc_froot_sp1,50,-1.1578000629440761,1.2853283104904425,2.0915299327537085,0.6296063479122963
pool_alloc_leaf_sp1,50,0.14122962561634794,0.571946880653297,0.8431966421514511,0.1866853900737102
pool_alloc_stem_sp1,50,-0.3055792701805701,0.35985766025805443,0.8381599926720125,0.24000996242203093
pool_turnover_branch_sp1,50,0.3126475622493906,1.0168875635250367,1.8725801904924806,0.5310773217960796
pool_turnover_croot_sp1,50,-1.58101719693471,1.7396647163212282,2.9126709266228277,0.9471875136652316
pool_turnover_froot_sp1,50,-0.8715354492848709,0.9530807684273592,1.281883934451085,0.355005086922517
pool_turnover_leaf_sp1,50,-0.15592998133899738,0.4803813607810531,1.0642407132089102,0.28024342009301373
pool_turnover_stem_sp1,50,0.0068306467277602975,0.16971662489953426,0.25485838580497056,0.04910557623645875
proj_cover,50,-5.968302604907199,6.371369035936203,11.387982482850846,3.363461267740396
proj_fire_off,50,0.05485737965524608,0.05485737965524608,0.10861682660156348,0.037518536859950456
proj_fire_on,50,4.294255532106638,4.375812092045041,5.290860431138307,1.5793286346779591
proj_mortality,50,27.906851569474686,29.47225183661623,36.15317996289625,11.222823388781334
proj_thinning_delta,50,20.032787599429977,21.371566990397024,28.347026308817615,7.51826953499966
roth_c_cover_c,50,0.9628452370232028,1.1249439249319058,2.0631599096818714,0.6707208607225973
roth_c_dpm_frac_crop,50,-0.010237955100347466,0.010237955100347466,0.014335364849164712,0.004389132576196225
roth_c_dpm_frac_tree,50,0.840022596627185,1.3081525529235747,2.545484060514873,0.731207055203142
roth_c_moisture_b_slope,50,-2.095630702759238,2.256447678814597,3.3994011082371607,1.1136201988558836
roth_c_temp_a1,50,0.912946400825678,0.983237965630288,1.4088051908805235,0.4036374486985733
roth_c_temp_a2,50,-6.75475827021305,7.554302540904881,10.838834408740077,3.2899451525403083
thinning_fraction_branch_delta,50,0.07190339523869642,0.07190339523869642,0.05485606722663699,0.01817481195272521
thinning_fraction_croot_delta,50,0.030327093087429768,0.030327093087429768,0.03038766160756062,0.009038558442804498
thinning_fraction_froot_delta,50,0.015460272083969152,0.015460272083969152,0.014850769593668956,0.004489430183266915
thinning_fraction_leaf_delta,50,0.028584428986292397,0.028584428986292397,0.028380289802628116,0.007810217761961435
thinning_fraction_stem_delta,50,0.1919210078762955,0.1919210078762955,0.19368004906855257,0.06845901509962903
tree_carbon_sp1,50,-2.641073896644051,3.06944731173765,4.953032848058716,1.427400716768853
tree_nitrogen_branch_sp1,50,0.0861609823715523,0.0861609823715523,0.10217293018935826,0.030017664199729427
tree_nitrogen_croot_sp1,50,0.37129295168377474,0.37129295168377474,0.7340069246507683,0.22506517796940825
tree_nitrogen_froot_sp1,50,0.011969150486027555,0.011969150486027555,0.017597735449896953,0.0062348288984737255
tree_nitrogen_leaf_sp1,50,2.0900311645946594,2.0900311645946594,3.2772410908551173,0.961457716629588
tree_nitrogen_stem_sp1,50,0.006083494770133546,0.006083494770133546,0.008870390040212745,0.0028188679433726075
tree_root_in_top_30,50,-2.3943131820217793,2.6898142180656004,4.829730490201581,1.5741133362143684
tree_root_to_shoot_sp1,50,-1.5995760382542894,2.231394455611398,4.1282050493561275,1.2800519550206082
cy0,total,13.197796777580612,37.7797351853528,54.855111589330555,13.500589115160748
clay,total,-67.34043632694011,67.49017491394602,93.53585600859236,26.617258258900705
temp_ci_delta,total,39.80913858398419,40.42528621737996,53.45263853894752,17.919244613551488
rain_ci_delta,total,253.04826392549597,273.6517188294243,414.7511446206088,120.88884123467686
evap_ci_delta,total,-53.81790133087825,56.765572750647195,173.46007967846353,47.73783183088783
ef_N_inputs,total,82.5927806121837,102.405183651465,138.61380696566252,35.59676978141807
volatile_frac_organic_fertiliser,total,-0.8150783786502224,0.8150783786502224,0.49546891482693045,0.15069225304996034
volatile_frac_synthetic_fertiliser,total,10.604327817501018,10.604327817501018,5.721344535846778,1.7866864630185446
base_sf_qty_scale,total,-6.085718609637682,6.085718609637682,3.000556369302094,0.8728844313737486
proj_lit_qty_scale,total,-0.1568297716254256,0.9863681958495224,1.206864288795577,0.19664635919021553
base_stand_density_scale,total,0.0,0.0,0.0,0.0
proj_stand_density_scale,total,-448.2575606251985,449.5770510631837,522.6983220225432,165.17283888797155
tree_wood_dens_sp1,total,-752.1878431994971,754.5632597209731,1114.9275509051056,321.1740186044075
base_cover,total,68.35744315660489,68.35744315660489,42.329820020163744,11.001598299728553
base_fire_off,total,-3.783940033931896,3.783940033931896,7.344934574227859,2.419702150199982
base_fire_on,total,-12.70537943755059,12.70537943755059,13.035973014810628,4.382238525065908
base_sf_n_delta,total,-0.602700642007519,0.602700642007519,0.26417840505400525,0.08346131076634855
crop_base_left_delta,total,21.471348046266424,22.034415676044667,13.6863999860686,3.7706653963624914
crop_base_yield_delta,total,9.251887344226065,9.861869754543038,9.094847131949992,2.587546939269476
crop_carbon_above_sp3,total,2.033708694609671,2.3047233893160533,2.1364814175667157,0.5814880266215374
crop_carbon_below_sp3,total,4.778215565893334,4.778215565893334,2.942843257499182,0.814478635700605
crop_intercept_sp3,total,1.084620673221399,2.0253649438430226,2.455187385365183,0.5368701304989469
crop_nitrogen_above_sp3,total,-2.0561382635439545,2.7439679882892487,4.212979146008657,0.9165977271780951
crop_nitrogen_below_sp3,total,-3.5276870038906614,3.5276870038906614,2.6380045401963663,0.8514830200258778
crop_carbon_above_sp10,total,4.356214147040056,4.360432076474744,3.5314853094911154,0.9635995220335279
crop_carbon_below_sp10,total,1.9702767599138056,2.0835236282770566,2.0072983332443255,0.5577213397794861
crop_intercept_sp10,total,2.3834620658517762,3.046592343947703,3.3043887182650487,0.7065725541996541
crop_nitrogen_above_sp10,total,-2.0718595157659085,2.104771488162743,1.4807839071975464,0.42664288571652553
crop_nitrogen_below_sp10,total,-1.0563262692023403,1.082411885497774,1.4156731197158745,0.40082552431669727
crop_proj_left_delta,total,-4.080158235570314,4.539739564331929,5.128610113386426,1.5373089709281904
crop_proj_yield_delta,total,0.24616442785988676,6.169680265503634,7.190414864409301,1.0331719048370425
crop_root_in_top_30,total,4.949616765180172,4.985653712014608,4.08369350048263,1.2837148541529741
crop_root_to_shoot_sp3,total,6.084030524156136,6.211984633910777,4.189070792554527,1.209512404552192
crop_slope_sp3,total,0.7683014943974085,1.6393429739191305,2.39415528512815,0.5532350220370144
crop_root_to_shoot_sp10,total,3.123175582003042,3.1378330636071596,3.0511783453418087,1.025609613654507
crop_slope_sp10,total,3.7387793503075164,5.736123268010236,6.292674235603434,1.3497345337586084
cy0_to_ceq_multiplier,total,1.0890069130888134,3.1634875211106275,5.128459277699048,1.1011031447397754
litter_carbon,total,-0.3272322590449702,0.3272322590449702,0.12070955350844487,0.03311095593241143
litter_nitrogen,total,0.6991032800939379,0.6991032800939379,0.36164972605782303,0.12199929462056076
mortality_fraction_branch_delta,total,-2.9459234180148806,3.203654468442854,3.8013385000573012,0.9255302924248409
mortality_fraction_croot_delta,total,-1.6135613945607212,1.6135613945607212,2.0664800767894334,0.5783123716179426
mortality_fraction_froot_delta,total,-1.0177136689916506,1.0178380725867298,1.1849198709261057,0.3759512046904151
mortality_fraction_leaf_delta,total,-0.42463778649423445,0.5352434695224797,0.690213385384424,0.18100631416362592
mortality_fraction_stem_delta,total,-6.3298957672968434,6.7871795383604026,8.728811367805964,2.468333397342495
pool_alloc_froot_sp1,total,-64.62989349275873,64.67990083371475,76.36633744821667,23.864221792519658
pool_alloc_leaf_sp1,total,-25.98129318059639,36.543268876917374,46.72238575476752,10.158990920535443
pool_alloc_stem_sp1,total,-21.79835883444399,21.79835883444399,38.85067130473148,10.777313839594573
pool_turnover_branch_sp1,total,104.38082613445872,104.40875663885053,122.88389582520844,38.841487597354714
pool_turnover_croot_sp1,total,-71.71790994347994,72.63723592753445,93.97716100813993,31.73593895122533
pool_turnover_froot_sp1,total,-40.71510143144034,40.7749081149722,48.11897098265068,14.425764379929902
pool_turnover_leaf_sp1,total,-12.81192752159249,19.82753578720854,34.790842010938704,9.00430917477554
pool_turnover_stem_sp1,total,26.587307414309954,26.594980996101516,24.162544585556162,7.419331818298701
proj_cover,total,-355.8331803159252,355.8331803159252,398.1858290375603,119.91510208450939
proj_fire_off,total,3.821321532232362,3.821321532232362,6.052335118532894,2.065857768531139
proj_fire_on,total,194.7378440395588,194.7378440395588,182.99376978580167,54.82702546968274
proj_mortality,total,902.5216658899815,902.5216658899815,973.6216196724095,315.8443744022656
proj_thinning_delta,total,1592.8885181950295,1592.8885181950295,1057.7839103199658,286.5018883127625
roth_c_cover_c,total,43.41772317798369,53.73850460247063,75.0208433756201,23.72150261463283
roth_c_dpm_frac_crop,total,-2.8380783458092567,2.8380783458092567,2.7923347512920604,0.8784754750308656
roth_c_dpm_frac_tree,total,74.90277740435586,74.90277740435586,111.80563120990085,34.31359702081108
roth_c_moisture_b_slope,total,-103.9060963039013,110.09430107092369,147.31437909215288,50.057244803814925
roth_c_temp_a1,total,40.104282666979756,40.104282666979756,44.091656055545556,13.473988323322631
roth_c_temp_a2,total,-334.3982095573022,334.43347420488635,363.65953632765513,114.59203152032478
thinning_fraction_branch_delta,total,-0.8612987911491669,1.3277667049952986,1.790066335378312,0.5091678858747511
thinning_fraction_croot_delta,total,-0.9441605476504573,0.9441605476504573,1.0750623747295007,0.3262349929119315
thinning_fraction_froot_delta,total,-0.4428255744489943,0.4575794313647997,0.5366996735789749,0.14569703215423888
thinning_fraction_leaf_delta,total,-0.10180710285802845,0.5128791037509773,0.8440525648148004,0.19971898532872168
thinning_fraction_stem_delta,total,-1.9267559127605351,3.487125048909166,4.5846895600124515,1.080623750835621
tree_carbon_sp1,total,-203.46648944687283,203.46648944687283,215.27197902049645,66.45890977927486
tree_nitrogen_branch_sp1,total,3.4920330544199105,3.4920330544199105,3.163992914316547,0.9546204067785623
tree_nitrogen_croot_sp1,total,12.232195370975326,12.232195370975326,18.81165552384754,5.814078484407686
tree_nitrogen_froot_sp1,total,0.35959347047684975,0.35959347047684975,0.44715037028456,0.15729984898295096
tree_nitrogen_leaf_sp1,total,70.65074781094768,70.65074781094768,92.17686680473213,26.549932694400628
tree_nitrogen_stem_sp1,total,0.26348550460974096,0.26348550460974096,0.28024050466615985,0.0886091935543494
tree_root_in_top_30,total,-123.2862683180141,123.32061893123698,169.328191776969,56.176428446144385
tree_root_to_shoot_sp1,total,-155.10818509318008,155.18655888713482,189.6400500711616,60.90530284053842
