parameter,year,mu,mu_star,sigma,mu_star_conf
cy0,1,0.7874631380924797,2.8647356542298748,4.328211620591,0.9361545259039017
clay,1,0.0969890882388544,0.5559973589461567,1.2073880956390761,0.31683447135419746
temp_ci_delta,1,0.11637835448420608,0.1723500690053698,0.321831457339982,0.08955226549518595
rain_ci_delta,1,-0.3444019292518222,0.9716619791546945,1.6224690980379268,0.4113257677731301
evap_ci_delta,1,0.029089543718976697,0.0982579270217605,0.22789396838929007,0.059631444975124
ef_N_inputs,1,-0.8418945196244817,0.8418945196244817,0.17986695316720056,0.06069691904686779
volatile_frac_organic_fertiliser,1,-0.016301567573006003,0.016301567573006003,0.009909378296541631,0.0030138450609993447
volatile_frac_synthetic_fertiliser,1,0.21208655635002086,0.21208655635002086,0.11442689071693579,0.03573372926036967
base_sf_qty_scale,1,-0.12171437219275064,0.12171437219275064,0.060011127386035375,0.01745768862747352
proj_lit_qty_scale,1,-0.14913455952052104,0.14914317684766304,0.06098628736934636,0.018440486330320742
base_stand_density_scale,1,0.0,0.0,0.0,0.0
proj_stand_density_scale,1,-114.79145221553586,114.79145221553586,42.047907428743386,13.344837810709706
tree_wood_dens_sp1,1,-198.0348969352116,198.0348969352116,49.38447343788429,14.1070882913864
base_cover,1,4.221943687795127,4.221943687795127,2.4541455144991446,0.7894528957738814
base_fire_off,1,-0.07567880067863904,0.07567880067863904,0.14689869148455953,0.04839404300400053
base_fire_on,1,-0.5970840577419324,0.5970840577419324,1.0666786429965929,0.362049573498362
base_sf_n_delta,1,-0.012054012840150109,0.012054012840150109,0.005283568101081675,0.0016692262153275828
crop_base_left_delta,1,1.675868772887147,1.675868772887147,0.7719334754712597,0.24346668636046873
crop_base_yield_delta,1,1.2096999745245667,1.2096999745245667,0.5579930047169818,0.180255199723647
crop_carbon_above_sp3,1,0.07841601601069118,0.15277950596402984,0.18127295354845804,0.03492994164140865
crop_carbon_below_sp3,1,0.11068061967073425,0.13117550199268385,0.1466036301868504,0.038677589342858774
crop_intercept_sp3,1,0.060933469109925475,0.16488308713176192,0.24522561901416146,0.05861064752328432
crop_nitrogen_above_sp3,1,-0.017457450696146994,0.05111760481864565,0.08621265591421265,0.019159185151934325
crop_nitrogen_below_sp3,1,-0.025458862502674328,0.025458862502674328,0.023336280632608158,0.007674835835081974
crop_carbon_above_sp10,1,0.03492601880546644,0.22793090877484445,0.2939252459646604,0.05231359273581371
crop_carbon_below_sp10,1,-0.0018830917591532881,0.09693469861857373,0.1237050201583553,0.023706379684559863
crop_intercept_sp10,1,0.015374693041552945,0.164429441696905,0.22617314162379973,0.03830585695178637
crop_nitrogen_above_sp10,1,-0.0030397809687651824,0.027174888300818534,0.04210209628446127,0.009131273605210224
crop_nitrogen_below_sp10,1,-0.0029833325486275262,0.012934676353154284,0.02203418797897971,0.005081015820980347
crop_proj_left_delta,1,-1.2972629771700386,1.2973633826075195,0.637247940384571,0.19866474012206872
crop_proj_yield_delta,1,-1.13766898835316,1.13766898835316,0.5910074028856219,0.19062972502803185
crop_root_in_top_30,1,0.10676989031522943,0.15917169670108855,0.2611402782555512,0.07229358791814962
crop_root_to_shoot_sp3,1,0.17633875562701365,0.1894808275901366,0.17540826024030384,0.04825141540392283
crop_slope_sp3,1,0.061832547665823426,0.14520080871625848,0.19735783036415,0.04433960297693873
crop_root_to_shoot_sp10,1,0.042475047855987394,0.1620826679824395,0.23279479287208382,0.05256085431745415
crop_slope_sp10,1,0.10192867051400327,0.34111139285030595,0.44297915300562024,0.09874754902981031
cy0_to_ceq_multiplier,1,-0.619024945232472,1.081192750829889,1.964391086516431,0.4697447322711327
litter_carbon,1,-0.03296323846872742,0.03296323846872742,0.009233963725346316,0.002768566658605006
litter_nitrogen,1,0.013982065601880932,0.013982065601880932,0.007232994521156469,0.002439985892412963
mortality_fraction_branch_delta,1,0.0,0.0,0.0,0.0
mortality_fraction_croot_delta,1,0.0,0.0,0.0,0.0
mortality_fraction_froot_delta,1,0.0,0.0,0.0,0.0
mortality_fraction_leaf_delta,1,0.0,0.0,0.0,0.0
mortality_fraction_stem_delta,1,0.0,0.0,0.0,0.0
pool_alloc_froot_sp1,1,-7.024206838574163,7.024206838574163,3.351179076407555,1.1545026562558245
pool_alloc_leaf_sp1,1,-6.6357427121727115,6.6357427121727115,3.1923372950596365,0.9965263453016747
pool_alloc_stem_sp1,1,-2.269805369845714,2.269805369845714,1.7016992332336656,0.4663568345151453
pool_turnover_branch_sp1,1,0.0,0.0,0.0,0.0
pool_turnover_croot_sp1,1,0.0,0.0,0.0,0.0
pool_turnover_froot_sp1,1,0.0,0.0,0.0,0.0
pool_turnover_leaf_sp1,1,0.0,0.0,0.0,0.0
pool_turnover_stem_sp1,1,0.0,0.0,0.0,0.0
proj_cover,1,-5.602687965990443,5.602687965990443,5.656507613598084,1.8528973127062878
proj_fire_off,1,0.12581089608435397,0.12581089608435397,0.17303529712485988,0.054731205740758467
proj_fire_on,1,0.9656202332889933,0.9656202332889933,1.404695535949864,0.44147341818343677
proj_mortality,1,0.0,0.0,0.0,0.0
proj_thinning_delta,1,0.0,0.0,0.0,0.0
roth_c_cover_c,1,-0.2510346862113299,0.7739912653235381,1.1224701192095048,0.23497228202881057
roth_c_dpm_frac_crop,1,-0.09437126505803332,0.20395471976026808,0.3264745285656762,0.08101863898423571
roth_c_dpm_frac_tree,1,0.3135355629193395,0.43805813009358696,0.6032364324919801,0.15146063147086705
roth_c_moisture_b_slope,1,0.12462393909944983,0.5027998844840011,0.9836568346826665,0.2654786352300191
roth_c_temp_a1,1,-0.04452256216902324,0.19993719341991484,0.31518000138013585,0.0728071557999477
roth_c_temp_a2,1,-0.10876584963362017,0.9777331948762894,1.34682435868389,0.25546332052387577
thinning_fraction_branch_delta,1,0.0,0.0,0.0,0.0
thinning_fraction_croot_delta,1,0.0,0.0,0.0,0.0
thinning_fraction_froot_delta,1,0.0,0.0,0.0,0.0
thinning_fraction_leaf_delta,1,0.0,0.0,0.0,0.0
thinning_fraction_stem_delta,1,0.0,0.0,0.0,0.0
tree_carbon_sp1,1,-42.2058291516842,42.2058291516842,16.55691835454482,4.780743770244646
tree_nitrogen_branch_sp1,1,0.0,0.0,0.0,0.0
tree_nitrogen_croot_sp1,1,0.0,0.0,0.0,0.0
tree_nitrogen_froot_sp1,1,0.0,0.0,0.0,0.0
tree_nitrogen_leaf_sp1,1,0.0,0.0,0.0,0.0
tree_nitrogen_stem_sp1,1,0.0,0.0,0.0,0.0
tree_root_in_top_30,1,0.0,0.0,0.0,0.0
tree_root_to_shoot_sp1,1,-40.54932698736017,40.54932698736017,20.277239695977187,6.2729517817728055
cy0,2,0.403492305654899,1.4893084154885887,2.1703117875370173,0.44241074367818545
clay,2,0.0065268306105206505,0.21551548390315772,0.4441699757472231,0.11062047480905837
temp_ci_delta,2,0.04448453989081391,0.07658956007535964,0.1171878116524388,0.026009322404006562
rain_ci_delta,2,-0.2001078370763986,0.70310253726137,1.2138807225811077,0.3227087416658244
evap_ci_delta,2,-0.004846570029934527,0.0709982397568433,0.16148684563745133,0.04646606679440991
ef_N_inputs,2,-0.841894519624472,0.841894519624472,0.1798669531672057,0.06069691904687052
volatile_frac_organic_fertiliser,2,-0.016301567573002808,0.016301567573002808,0.009909378296539782,0.0030138450609993434
volatile_frac_synthetic_fertiliser,2,0.2120865563500217,0.2120865563500217,0.11442689071693661,0.03573372926037115
base_sf_qty_scale,2,-0.12171437219275216,0.12171437219275216,0.06001112738604042,0.017457688627474738
proj_lit_qty_scale,2,-0.08831994420733005,0.08980054433577096,0.049352831389381284,0.015006139799721879
base_stand_density_scale,2,0.0,0.0,0.0,0.0
proj_stand_density_scale,2,16.99745299613742,16.99745299613742,8.031526974832412,2.2558258269247835
tree_wood_dens_sp1,2,31.08946416724597,31.08946416724597,11.348031690125456,3.0654926227956745
base_cover,2,2.580738405396661,2.580738405396661,1.3639441120729543,0.39726450594286894
base_fire_off,2,-0.0756788006786379,0.0756788006786379,0.14689869148455764,0.04839404300399982
base_fire_on,2,-0.42861593342235904,0.42861593342235904,0.670095962259154,0.22431486449966498
base_sf_n_delta,2,-0.012054012840149841,0.012054012840149841,0.005283568101080118,0.0016692262153267148
crop_base_left_delta,2,1.1392687811175122,1.1392687811175122,0.5790285003235952,0.1768479307727331
crop_base_yield_delta,2,0.7536164151869131,0.7536164151869131,0.3916919751783,0.12420704488698951
crop_carbon_above_sp3,2,0.05142028604837795,0.10147617336519348,0.12036187519538204,0.023065603988230887
crop_carbon_below_sp3,2,0.07688898463894756,0.09450224152593165,0.10629240543687608,0.026318826188107443
crop_intercept_sp3,2,0.03325383306769845,0.09900289712662569,0.13850934730631093,0.031989351632716184
crop_nitrogen_above_sp3,2,-0.01745745069614433,0.05111760481863832,0.08621265591420801,0.019159185151934596
crop_nitrogen_below_sp3,2,-0.025458862502680923,0.025458862502680923,0.023336280632615145,0.007674835835084361
crop_carbon_above_sp10,2,0.02584489971508235,0.15963879282942178,0.213239980041353,0.040368414649190304
crop_carbon_below_sp10,2,-0.0003716069263599353,0.06728279270813527,0.08635750399549251,0.016839448034501697
crop_intercept_sp10,2,0.007619992035827905,0.10932826451602835,0.15086390377170072,0.025750924857295722
crop_nitrogen_above_sp10,2,-0.0030397809687659817,0.027174888300814003,0.04210209628446408,0.009131273605211758
crop_nitrogen_below_sp10,2,-0.0029833325486315564,0.012934676353156916,0.022034187978977982,0.005081015820978498
crop_proj_left_delta,2,-0.8414939669625167,0.8451311571966048,0.47216408585635516,0.14678890007743808
crop_proj_yield_delta,2,-0.6952927194335754,0.695671234515844,0.43644899729827313,0.13636006842795959
crop_root_in_top_30,2,0.0606378493114477,0.09764598904817526,0.13234709620627788,0.03274853215693664
crop_root_to_shoot_sp3,2,0.11356592943286566,0.12572053425166466,0.12971024759867672,0.03572529151122352
crop_slope_sp3,2,0.034787176415266276,0.09588053103127699,0.1325460550798594,0.028574215997330482
crop_root_to_shoot_sp10,2,0.02149161006609428,0.10131035977273344,0.14872851979368504,0.034687961292511275
crop_slope_sp10,2,0.06856612881296108,0.23407657876571758,0.3054915124079313,0.06678929007621213
cy0_to_ceq_multiplier,2,0.07172160870869648,0.2853581009034862,0.5269058152773763,0.1362666177170391
litter_carbon,2,-0.021923577888305745,0.021923577888305745,0.0074488842515245575,0.002133927311116374
litter_nitrogen,2,0.01398206560187767,0.01398206560187767,0.007232994521154802,0.0024399858924105365
mortality_fraction_branch_delta,2,0.0,0.0,0.0,0.0
mortality_fraction_croot_delta,2,0.0,0.0,0.0,0.0
mortality_fraction_froot_delta,2,0.0,0.0,0.0,0.0
mortality_fraction_leaf_delta,2,0.0,0.0,0.0,0.0
mortality_fraction_stem_delta,2,0.0,0.0,0.0,0.0
pool_alloc_froot_sp1,2,5.872014837354433,5.872014837354433,3.171094143829434,1.095026952003926
pool_alloc_leaf_sp1,2,6.081330508057438,6.081330508057438,3.039959535926052,0.9509702646643392
pool_alloc_stem_sp1,2,0.527956268403211,0.5564992312456074,0.7249239761962314,0.20024065690907594
pool_turnover_branch_sp1,2,0.8649410965724936,0.8649410965724936,0.40065978351565706,0.13217086024321759
pool_turnover_croot_sp1,2,12.39558235903038,12.39558235903038,8.843804031667673,2.4969068895118602
pool_turnover_froot_sp1,2,6.496019411953229,6.496019411953229,3.221707912740539,0.9114839532704113
pool_turnover_leaf_sp1,2,3.0965753672456304,3.0965753672456304,1.352462836158693,0.38899392286418
pool_turnover_stem_sp1,2,0.22288629993116804,0.22288629993116804,0.09297084993251731,0.028275873957702983
proj_cover,2,-3.342215390802628,3.342215390802628,2.745505677436126,0.8853516325016895
proj_fire_off,2,0.1258108960843524,0.1258108960843524,0.17303529712486,0.05473120574075786
proj_fire_on,2,0.7308800248458802,0.7308800248458802,0.9248535764536816,0.2888422962308968
proj_mortality,2,4.098371100790651,4.098371100790651,2.008326810065198,0.6110131112830196
proj_thinning_delta,2,18.2996586545023,18.2996586545023,13.90754777862347,3.7860136616231697
roth_c_cover_c,2,-0.1284954874534366,0.5574891250890507,0.7973295464125221,0.16263284521662313
roth_c_dpm_frac_crop,2,-0.06915173553039569,0.1622937911371512,0.22596149910104862,0.05921306613785519
roth_c_dpm_frac_tree,2,0.21389307772207963,0.23575981819995961,0.19898221826069337,0.05573580043473472
roth_c_moisture_b_slope,2,-0.0023744647862914857,0.42226493542825877,0.781192398679966,0.19969721731071255
roth_c_temp_a1,2,0.021241060375159004,0.08937836945240926,0.12762132801613973,0.02745183774641986
roth_c_temp_a2,2,-0.045799435965410286,0.5555750967812305,0.7071070566992332,0.14095407409881192
thinning_fraction_branch_delta,2,0.0,0.0,0.0,0.0
thinning_fraction_croot_delta,2,0.0,0.0,0.0,0.0
thinning_fraction_froot_delta,2,0.0,0.0,0.0,0.0
thinning_fraction_leaf_delta,2,0.0,0.0,0.0,0.0
thinning_fraction_stem_delta,2,0.0,0.0,0.0,0.0
tree_carbon_sp1,2,6.158880188663552,6.158880188663552,2.7585179120184837,0.8895900626202211
tree_nitrogen_branch_sp1,2,0.0,0.0,0.0,0.0
tree_nitrogen_croot_sp1,2,0.0,0.0,0.0,0.0
tree_nitrogen_froot_sp1,2,0.0,0.0,0.0,0.0
tree_nitrogen_leaf_sp1,2,0.0,0.0,0.0,0.0
tree_nitrogen_stem_sp1,2,0.0,0.0,0.0,0.0
tree_root_in_top_30,2,0.0,0.0,0.0,0.0
tree_root_to_shoot_sp1,2,9.761067214097062,9.761067214097062,7.9654644833328785,2.36886019718208
cy0,3,0.3343916336917875,1.072197885069785,1.6349792842371023,0.34549795145615636
clay,3,-0.7772084880263481,0.7800996339810699,0.7744799867046054,0.23963973238323072
temp_ci_delta,3,0.47026636033881297,0.47026636033881297,0.2638147712001759,0.07837159502833803
rain_ci_delta,3,1.2214075907754811,1.7086594406107172,2.23490686616978,0.5591077645898215
evap_ci_delta,3,-0.2666699804744695,0.2874759535043817,0.5289686102949994,0.17232931239614827
ef_N_inputs,3,0.635597745951826,0.8566974562123939,0.9586360265043621,0.24208170470081883
volatile_frac_organic_fertiliser,3,-0.01630156757300304,0.01630156757300304,0.009909378296540277,0.0030138450609996023
volatile_frac_synthetic_fertiliser,3,0.2120865563500208,0.2120865563500208,0.11442689071693639,0.03573372926037105
base_sf_qty_scale,3,-0.12171437219275219,0.12171437219275219,0.06001112738604005,0.017457688627474762
proj_lit_qty_scale,3,-0.05577159869705226,0.058518052617455796,0.042226069079635824,0.012727669852339224
base_stand_density_scale,3,0.0,0.0,0.0,0.0
proj_stand_density_scale,3,-13.363561030730741,13.47226374414755,7.381225105523861,2.55287540526875
tree_wood_dens_sp1,3,-23.507303188435174,23.507303188435174,10.96357051323505,3.2724257113058584
base_cover,3,1.9889399660647862,1.9889399660647862,1.24013908961923,0.3479719147705194
base_fire_off,3,-0.0756788006786383,0.0756788006786383,0.1468986914845584,0.048394043004000194
base_fire_on,3,-0.3602589155966171,0.3602589155966171,0.512771207830541,0.16932483252404712
base_sf_n_delta,3,-0.012054012840149975,0.012054012840149975,0.005283568101079893,0.0016692262153267588
crop_base_left_delta,3,0.8948729509766394,0.8949573461554448,0.4935849770769661,0.14752005950903702
crop_base_yield_delta,3,0.5562763009596168,0.5562763009596168,0.31924976484654044,0.09984347043573234
crop_carbon_above_sp3,3,0.03858207938023335,0.07845745626691052,0.0943449599728141,0.018300926116837278
crop_carbon_below_sp3,3,0.06491312597006262,0.08070454416390624,0.089882688832575,0.021257309448621087
crop_intercept_sp3,3,0.023852763494597494,0.07589319603635698,0.10228198100961323,0.02297758005619467
crop_nitrogen_above_sp3,3,-0.017457450696144794,0.05111760481863772,0.08621265591420736,0.019159185151934488
crop_nitrogen_below_sp3,3,-0.02545886250268272,0.02545886250268272,0.02333628063261518,0.007674835835084238
crop_carbon_above_sp10,3,0.021218490796225342,0.1298508899931346,0.17880322110744665,0.035274259217218905
crop_carbon_below_sp10,3,0.00040149861675003453,0.05447858532564378,0.07033954973289117,0.01374780865301647
crop_intercept_sp10,3,0.004751897455246868,0.08672240298178373,0.11772608055790691,0.020114013322070468
crop_nitrogen_above_sp10,3,-0.003039780968764949,0.027174888300815502,0.04210209628446551,0.009131273605211838
crop_nitrogen_below_sp10,3,-0.002983332548629125,0.012934676353156283,0.022034187978978485,0.005081015820978854
crop_proj_left_delta,3,-0.6492718516952398,0.6546409010729909,0.39992501031070693,0.12391456660092674
crop_proj_yield_delta,3,-0.5059299846291923,0.5098528154915593,0.3720408787471179,0.11263101388063239
crop_root_in_top_30,3,0.04756996752256355,0.0775093077405399,0.10754463492812588,0.027714621051085755
crop_root_to_shoot_sp3,3,0.08845608813136976,0.10449867509086941,0.11782706985394778,0.03259614841329178
crop_slope_sp3,3,0.023612485149744122,0.07595033917069376,0.10527010855775085,0.02246824972208567
crop_root_to_shoot_sp10,3,0.011268960967651597,0.07758218719945872,0.11197014558929871,0.025729563434335367
crop_slope_sp10,3,0.053620038213114715,0.1938125685373348,0.2555359240571542,0.05395993514838812
cy0_to_ceq_multiplier,3,0.20546543331561923,0.30279112696047544,0.6492276606089395,0.16492777481397322
litter_carbon,3,-0.01599398271994934,0.01599398271994934,0.006362897257507701,0.00178644655191631
litter_nitrogen,3,0.01398206560187647,0.01398206560187647,0.007232994521153566,0.0024399858924099957
mortality_fraction_branch_delta,3,-0.23460264560190097,0.23460264560190097,0.1603768563851887,0.048552685977540165
mortality_fraction_croot_delta,3,-0.09829794856189927,0.09829794856189927,0.09949620631174633,0.029087943302303184
mortality_fraction_froot_delta,3,-0.05785266670702176,0.05785266670702176,0.042686513421741935,0.013479341884306686
mortality_fraction_leaf_delta,3,-0.06387739139879921,0.06387739139879921,0.04006065243448403,0.011947309213889855
mortality_fraction_stem_delta,3,-0.42460884287790296,0.42460884287790296,0.2814698543136534,0.08728499952872626
pool_alloc_froot_sp1,3,-2.7078261372810575,2.7078261372810575,1.492004327678288,0.4855140835781142
pool_alloc_leaf_sp1,3,-3.1931117135749845,3.1931117135749845,1.8535848915936795,0.5629367781497137
pool_alloc_stem_sp1,3,-0.40431825319341036,0.40431825319341036,0.45577353508231033,0.12798310180908787
pool_turnover_branch_sp1,3,0.5547779731510291,0.5547779731510291,0.26155481449460055,0.0873503067999626
pool_turnover_croot_sp1,3,-4.948232490707326,4.948232490707326,4.171219976856502,1.207781208874996
pool_turnover_froot_sp1,3,-2.5283842408262434,2.5283842408262434,1.274011840895335,0.3711505574038824
pool_turnover_leaf_sp1,3,-1.4795467060944987,1.4803680052961798,0.844132810902327,0.23964897212996303
pool_turnover_stem_sp1,3,0.1523928970808628,0.1523928970808628,0.07280638302439735,0.019982381301900692
proj_cover,3,-6.22380595809374,6.22380595809374,3.4997762560470997,1.100996391538529
proj_fire_off,3,0.12581089608435225,0.12581089608435225,0.17303529712486,0.05473120574075788
proj_fire_on,3,5.6448114161732565,5.6448114161732565,8.102934014030879,2.4303727925731895
proj_mortality,3,3.4333971620627346,3.4333971620627346,1.7919267838687831,0.5381275532110044
proj_thinning_delta,3,14.944855015428317,14.944855015428317,10.968937491697565,3.0551061474762036
roth_c_cover_c,3,0.3930491957228488,0.7649791028951766,0.9283971753391319,0.21112375640498915
roth_c_dpm_frac_crop,3,-0.0507017422986859,0.12626779277531436,0.18886490746402496,0.05190202031581041
roth_c_dpm_frac_tree,3,6.126468340469171,6.126468340469171,3.1706641083953593,0.9074073418989672
roth_c_moisture_b_slope,3,-0.942777424778989,1.1344371963962216,1.0972841895367422,0.2868093318115274
roth_c_temp_a1,3,0.6454335097248582,0.6454335097248582,0.3471407410757249,0.10657662052339524
roth_c_temp_a2,3,-4.510827321833353,4.510827321833353,2.2588568045985418,0.740708972814806
thinning_fraction_branch_delta,3,-0.38620955917041344,0.38620955917041344,0.6641720363062534,0.2089615682854219
thinning_fraction_croot_delta,3,-0.15347296569373295,0.15347296569373295,0.2319267828584093,0.06843722477889291
thinning_fraction_froot_delta,3,-0.09559557655850497,0.09559557655850497,0.13997032236601165,0.0406096186559163
thinning_fraction_leaf_delta,3,-0.11247978522379096,0.11247978522379096,0.18666041846479603,0.0626551982210247
thinning_fraction_stem_delta,3,-0.8515018121356371,0.8515018121356371,1.36773821511646,0.3819160789114347
tree_carbon_sp1,3,-5.347474854963289,5.347474854963289,2.8596508449953286,0.8383385396316897
tree_nitrogen_branch_sp1,3,0.04419164477512303,0.04419164477512303,0.03855339702404469,0.012209749956596436
tree_nitrogen_croot_sp1,3,0.12791917900286434,0.12791917900286434,0.12472398509418903,0.03935924395585661
tree_nitrogen_froot_sp1,3,0.0033576636143258674,0.0033576636143258674,0.0026411306773246215,0.0008584168355742044
tree_nitrogen_leaf_sp1,3,0.8068000547221061,0.8068000547221061,0.6852678580742045,0.2046147347414656
tree_nitrogen_stem_sp1,3,0.004156201139106202,0.004156201139106202,0.003801050019477187,0.0012177074166892724
tree_root_in_top_30,3,-5.478972464237133,5.478972464237133,3.235101955438658,1.063913285927316
tree_root_to_shoot_sp1,3,-5.923492454103591,5.923492454103591,3.963731366840627,1.094431084984839
cy0,4,0.3213423231036696,0.9177808782276952,1.4438761480169902,0.31676202740350135
clay,4,-1.1299683413032906,1.1299683413032906,1.0199692715036097,0.3174904550935283
temp_ci_delta,4,0.7357434984828515,0.7357434984828515,0.4247816006957477,0.12887391977979049
rain_ci_delta,4,2.2522366442938626,2.5975842017013084,3.485050751539559,0.9940647227419823
evap_ci_delta,4,-0.4482867429015582,0.4567168393273556,0.8399556267304895,0.27424098513071926
ef_N_inputs,4,0.6712208926944749,0.8890360453259912,0.992806819948923,0.2505359062883604
volatile_frac_organic_fertiliser,4,-0.016301567573003148,0.016301567573003148,0.009909378296539928,0.0030138450609991556
volatile_frac_synthetic_fertiliser,4,0.21208655635002033,0.21208655635002033,0.1144268907169363,0.03573372926037094
base_sf_qty_scale,4,-0.12171437219275312,0.12171437219275312,0.06001112738604043,0.01745768862747467
proj_lit_qty_scale,4,-0.03607006592336742,0.04066126252517795,0.036126685252373454,0.010334607506471876
base_stand_density_scale,4,0.0,0.0,0.0,0.0
proj_stand_density_scale,4,-9.637449669220679,9.892075172250474,6.784071368223121,2.265273699474289
tree_wood_dens_sp1,4,-17.018047594735098,17.018047594735098,11.223375834968632,3.3691074767779545
base_cover,4,1.6996605782171776,1.6996605782171776,1.1491778976324127,0.32338713903317495
base_fire_off,4,-0.07567880067863861,0.07567880067863861,0.14689869148455878,0.04839404300400022
base_fire_on,4,-0.32159107702492673,0.32159107702492673,0.42420429698839457,0.13901850148497927
base_sf_n_delta,4,-0.01205401284015074,0.01205401284015074,0.00528356810108145,0.0016692262153272788
crop_base_left_delta,4,0.7379539465309534,0.7400990934884217,0.4270767790256673,0.12463902142436994
crop_base_yield_delta,4,0.42987083112578245,0.42987083112578245,0.2694038822907635,0.08364866596097288
crop_carbon_above_sp3,4,0.03054900277185809,0.06400189284912611,0.07785826158731549,0.015131183520687982
crop_carbon_below_sp3,4,0.056709159869786405,0.06893003277573244,0.07674965582720598,0.018219932392935987
crop_intercept_sp3,4,0.01904394647831726,0.0628674873958791,0.08396108990233915,0.018692898862225395
crop_nitrogen_above_sp3,4,-0.017457450696145144,0.05111760481863781,0.08621265591420715,0.019159185151934266
crop_nitrogen_below_sp3,4,-0.025458862502681406,0.025458862502681406,0.02333628063261444,0.007674835835083975
crop_carbon_above_sp10,4,0.017656821952037643,0.109576079428266,0.15363268925491455,0.03098282204232412
crop_carbon_below_sp10,4,0.0004453173986246589,0.04589568971596592,0.05964068402189279,0.011749281263687931
crop_intercept_sp10,4,0.002560284247507899,0.07171049748669159,0.0960531342693278,0.016561959215120367
crop_nitrogen_above_sp10,4,-0.003039780968765332,0.027174888300815818,0.042102096284464874,0.009131273605211564
crop_nitrogen_below_sp10,4,-0.002983332548629758,0.012934676353155017,0.022034187978978277,0.00508101582097898
crop_proj_left_delta,4,-0.5336233939036241,0.5400403905381636,0.34711055368778976,0.1067523645121938
crop_proj_yield_delta,4,-0.3889938401883951,0.39467488378200977,0.32068903147860917,0.09515109087179434
crop_root_in_top_30,4,0.04068571385744454,0.06522662087778064,0.09804615121475714,0.026549135932157818
crop_root_to_shoot_sp3,4,0.0728285403687183,0.08982540978007877,0.1077448849592247,0.029992260373038846
crop_slope_sp3,4,0.016483730354067177,0.0630720438941063,0.0871801905803647,0.018483841255994633
crop_root_to_shoot_sp10,4,0.005511020838803715,0.06276374956235219,0.08867379657470953,0.019921549839134838
crop_slope_sp10,4,0.04159245717667024,0.16679071430208245,0.2210002523178556,0.045254799354087154
cy0_to_ceq_multiplier,4,0.1978129452595352,0.268410833944933,0.569346280009408,0.14523425059143288
litter_carbon,4,-0.012426444021881733,0.012426444021881733,0.005391730135916541,0.0015026857314630229
litter_nitrogen,4,0.013982065601877161,0.013982065601877161,0.007232994521155153,0.0024399858924105634
mortality_fraction_branch_delta,4,-0.14840534839940414,0.14873543213630044,0.10645678726741084,0.030191387994663876
mortality_fraction_croot_delta,4,-0.06565000382651742,0.06565000382651742,0.06561974111370131,0.018996558116592198
mortality_fraction_froot_delta,4,-0.03976505675900181,0.03976505675900181,0.0307428799084294,0.009602725629348467
mortality_fraction_leaf_delta,4,-0.04034848197741017,0.04034848197741017,0.029168416199720684,0.008870788710311255
mortality_fraction_stem_delta,4,-0.2842461590453073,0.2842461590453073,0.21742001838923197,0.06913557192974949
pool_alloc_froot_sp1,4,-1.9065074245836555,1.9065074245836555,1.1798399633604035,0.3796785691290535
pool_alloc_leaf_sp1,4,-2.047770697266641,2.068751771587828,1.3954107304907035,0.4155409868910181
pool_alloc_stem_sp1,4,-0.33536631802955574,0.33536631802955574,0.3887247871410489,0.10875850477471453
pool_turnover_branch_sp1,4,0.8829025336676202,0.8829025336676202,0.4119776187933564,0.13258189338619342
pool_turnover_croot_sp1,4,-3.2667655371059654,3.2667655371059654,2.8520634849547286,0.8369036566976512
pool_turnover_froot_sp1,4,-1.658514272919642,1.658514272919642,0.8771237932368477,0.26136975210413244
pool_turnover_leaf_sp1,4,-0.910537303203164,0.9267037799257782,0.6397164584851145,0.185195005339901
pool_turnover_stem_sp1,4,0.23380528018162003,0.23380528018162003,0.1016116644417496,0.02837908291046024
proj_cover,4,-8.105856512349886,8.105856512349886,4.157096821258478,1.2675205431015368
proj_fire_off,4,0.1258108960843527,0.1258108960843527,0.17303529712486085,0.054731205740758224
proj_fire_on,4,4.5424536286252755,4.5424536286252755,5.516945623940101,1.6552860355438166
proj_mortality,4,4.4306245428308895,4.4306245428308895,2.3439871477467307,0.7205218163545571
proj_thinning_delta,4,18.594556275250522,18.594556275250522,13.258432651378623,3.6612149430127126
roth_c_cover_c,4,0.6895887548539816,0.9403795532057615,1.026900319357263,0.27271838880693583
roth_c_dpm_frac_crop,4,-0.03970628729298653,0.10053411735077937,0.16610521445288012,0.04734201043095914
roth_c_dpm_frac_tree,4,4.477848460423942,4.477848460423942,2.9696914939127694,0.886908219061259
roth_c_moisture_b_slope,4,-1.5901923611538944,1.7293787806411056,1.4553156708795854,0.4045468536546218
roth_c_temp_a1,4,0.9985119969465839,0.9985119969465839,0.4804402214112622,0.15520222705468428
roth_c_temp_a2,4,-7.478040378761028,7.478040378761028,3.6667672107200957,1.2241988753352706
thinning_fraction_branch_delta,4,-0.24051514629173204,0.24051514629173204,0.4511325841715778,0.14174716430781809
thinning_fraction_croot_delta,4,-0.09781994008392184,0.09781994008392184,0.1489775241682581,0.044515137634297985
thinning_fraction_froot_delta,4,-0.06146512259067359,0.06146512259067359,0.09496613801491911,0.027756191549253406
thinning_fraction_leaf_delta,4,-0.07140446788863802,0.07140446788863802,0.1260302588622663,0.04149066901783865
thinning_fraction_stem_delta,4,-0.539688719088148,0.5457301058079879,0.9412303297247981,0.25985482429951173
tree_carbon_sp1,4,-4.078063321928987,4.078063321928987,2.627637967303707,0.7750357352476479
tree_nitrogen_branch_sp1,4,0.0449451540539808,0.0449451540539808,0.038784964969336436,0.012274833945928997
tree_nitrogen_croot_sp1,4,0.131800269080378,0.131800269080378,0.13055823792234883,0.041169450575298534
tree_nitrogen_froot_sp1,4,0.003462251855360099,0.003462251855360099,0.0027870051523955987,0.000912249597714246
tree_nitrogen_leaf_sp1,4,0.8258408221151999,0.8258408221151999,0.714257477758548,0.21217161172493978
tree_nitrogen_stem_sp1,4,0.004154746790071917,0.004154746790071917,0.0037047251754730773,0.0011900205292162535
tree_root_in_top_30,4,-3.768241509416854,3.768241509416854,2.391965227543403,0.7611947045443122
tree_root_to_shoot_sp1,4,-4.282677729705502,4.300202106400528,3.065497319213639,0.8356129423251701
cy0,5,0.3108471977628998,0.8446539114066105,1.3380923977874328,0.29883907359719486
clay,5,-1.258266551652956,1.258266551652956,1.1036938495189481,0.34068775656720734
temp_ci_delta,5,0.7637738962834764,0.7637738962834764,0.48461772111296747,0.15792220686923963
rain_ci_delta,5,2.6928124818042996,3.0073397272592337,4.43418882095406,1.3212663397069093
evap_ci_delta,5,-0.5151814978974298,0.5222446479919419,1.0629200435416857,0.3486957043994625
ef_N_inputs,5,0.7093831237218653,0.9233551208926729,1.032672648875178,0.26128970005910507
volatile_frac_organic_fertiliser,5,-0.016301567573003106,0.016301567573003106,0.009909378296539843,0.003013845060999192
volatile_frac_synthetic_fertiliser,5,0.21208655635002033,0.21208655635002033,0.11442689071693585,0.03573372926037093
base_sf_qty_scale,5,-0.12171437219275334,0.12171437219275334,0.060011127386040884,0.017457688627474783
proj_lit_qty_scale,5,-0.02349178566805702,0.030910835919975222,0.03123656478717848,0.0078174737959783
base_stand_density_scale,5,0.0,0.0,0.0,0.0
proj_stand_density_scale,5,-7.789904388298072,8.1581616064352,6.676697449125066,2.1595702810914705
tree_wood_dens_sp1,5,-13.607726052670305,13.77207975959772,11.59196350457786,3.409379486465187
base_cover,5,1.5255224909809264,1.5299156940222052,1.0524972315671057,0.295552806667524
base_fire_off,5,-0.0756788006786383,0.0756788006786383,0.1468986914845581,0.04839404300399999
base_fire_on,5,-0.2977470453778869,0.2977470453778869,0.3689651311427871,0.12058759928843076
base_sf_n_delta,5,-0.012054012840149658,0.012054012840149658,0.005283568101080964,0.0016692262153271142
crop_base_left_delta,5,0.632534156510485,0.63800637427156,0.3762039294491348,0.10688442071417183
crop_base_yield_delta,5,0.34423625303196603,0.34467043661977914,0.23307373983293153,0.07185936516400834
crop_carbon_above_sp3,5,0.025419353106424375,0.05467950882002677,0.06671058766307456,0.012795455671125288
crop_carbon_below_sp3,5,0.05052206715746708,0.05958041553907369,0.06674250925790413,0.016206032394899653
crop_intercept_sp3,5,0.016201054128159094,0.05468168020181709,0.07282673787781603,0.01602669287136548
crop_nitrogen_above_sp3,5,-0.01745745069614451,0.05111760481863836,0.0862126559142074,0.01915918515193429
crop_nitrogen_below_sp3,5,-0.02545886250268172,0.02545886250268172,0.023336280632615804,0.007674835835084405
crop_carbon_above_sp10,5,0.01499681075894122,0.09518440965915041,0.13466353811908324,0.02747627869316734
crop_carbon_below_sp10,5,0.00024021995040567068,0.040063706808603675,0.05208020711765644,0.01025135153911718
crop_intercept_sp10,5,0.000814895109837771,0.06160356564605207,0.08141464974114451,0.014145479689393536
crop_nitrogen_above_sp10,5,-0.0030397809687647158,0.02717488830081527,0.04210209628446451,0.009131273605211628
crop_nitrogen_below_sp10,5,-0.002983332548629891,0.012934676353155367,0.022034187978978315,0.005081015820979065
crop_proj_left_delta,5,-0.4584549298664641,0.4655237291445083,0.30838471529187267,0.09400075718441937
crop_proj_yield_delta,5,-0.3118248259559309,0.32103161550032727,0.280197308525421,0.08091119213509657
crop_root_in_top_30,5,0.03595944340221814,0.056806735525211115,0.09166292866176452,0.025553360021724585
crop_root_to_shoot_sp3,5,0.062102702625316406,0.0787218505388502,0.09861813664593196,0.02759475851615845
crop_slope_sp3,5,0.011557861179952751,0.05398642092327188,0.07466341235211925,0.015897175759454544
crop_root_to_shoot_sp10,5,0.002208383857351964,0.05285336855378153,0.07339148785828967,0.016116039493563866
crop_slope_sp10,5,0.03244097904006012,0.1473891025759572,0.19542281350793364,0.03909343452418377
cy0_to_ceq_multiplier,5,0.1629512010816642,0.23955571632032924,0.4525050585566682,0.11280015955660855
litter_carbon,5,-0.010181886308939892,0.010181886308939892,0.004557732902706598,0.0012655775900361523
litter_nitrogen,5,0.013982065601877511,0.013982065601877511,0.007232994521154569,0.00243998589241053
mortality_fraction_branch_delta,5,-0.1032207299222628,0.10446294487566496,0.07769289320486253,0.020333926435934086
mortality_fraction_croot_delta,5,-0.048386487169744516,0.048386487169744516,0.04800002827428481,0.013760880863413991
mortality_fraction_froot_delta,5,-0.030361801047629134,0.030361801047629134,0.025073803783741043,0.007714690916181799
mortality_fraction_leaf_delta,5,-0.02789604989032312,0.02808256145919477,0.023447443862475364,0.007149328733719529
mortality_fraction_stem_delta,5,-0.21081311591559357,0.21304018594875251,0.17998615698121323,0.057719692399663826
pool_alloc_froot_sp1,5,-1.4852780056254746,1.4852780056254746,1.0252858310952082,0.3276154779271552
pool_alloc_leaf_sp1,5,-1.437881256956722,1.5006098895287425,1.137464026601169,0.3204884242374323
pool_alloc_stem_sp1,5,-0.30263537963655424,0.30263537963655424,0.3603276573726569,0.09991638707587451
pool_turnover_branch_sp1,5,1.0992761573130738,1.0992761573130738,0.531907695630703,0.16971244042333689
pool_turnover_croot_sp1,5,-2.3535634841401847,2.3535634841401847,2.1061477557146526,0.6332777508556562
pool_turnover_froot_sp1,5,-1.2098998669560515,1.2098998669560515,0.7232515164693137,0.22019015679513337
pool_turnover_leaf_sp1,5,-0.6129230229851822,0.6493304014769709,0.5192050093523112,0.14636803406342472
pool_turnover_stem_sp1,5,0.2895575380860489,0.2895575380860489,0.13013775587598309,0.036675971231823784
proj_cover,5,-8.215396034668867,8.215396034668867,4.36508785036939,1.3275780744824608
proj_fire_off,5,0.12581089608435267,0.12581089608435267,0.17303529712486054,0.05473120574075811
proj_fire_on,5,3.9953931372995064,3.9953931372995064,4.1886777267909086,1.2499273945401639
proj_mortality,5,5.182946985433915,5.182946985433915,2.8772159635899754,0.8987365343790606
proj_thinning_delta,5,21.008376036135054,21.008376036135054,14.752397556700922,4.040626435657111
roth_c_cover_c,5,0.8513097724136319,1.0433437125263416,1.1627617701962616,0.342440335658941
roth_c_dpm_frac_crop,5,-0.03213440220579468,0.08098107759021905,0.1465569345554786,0.042786589535030194
roth_c_dpm_frac_tree,5,3.133665725838088,3.133665725838088,2.526698444418854,0.7753271057873937
roth_c_moisture_b_slope,5,-1.7022825082284263,1.8299699696222653,1.4838154073902325,0.40567297968704524
roth_c_temp_a1,5,1.0209228901173961,1.0209228901173961,0.5292903823070031,0.17280005418303293
roth_c_temp_a2,5,-8.01355364243973,8.01355364243973,4.075532857749765,1.3626630958766575
thinning_fraction_branch_delta,5,-0.16025782769418723,0.16234567092716704,0.3178357672192399,0.10002378520325801
thinning_fraction_croot_delta,5,-0.067416946805621,0.067416946805621,0.10404023567704551,0.03140707526208482
thinning_fraction_froot_delta,5,-0.04251947783390683,0.04251947783390683,0.06857278889742371,0.020196255787291065
thinning_fraction_leaf_delta,5,-0.04777944133792844,0.0483175681014701,0.08979018491984042,0.029035667234234307
thinning_fraction_stem_delta,5,-0.36500912221859444,0.38221089952602816,0.6908955907702775,0.18657191562970735
tree_carbon_sp1,5,-3.4827196466929125,3.5092655675861373,2.5658987559863524,0.7454913505603044
tree_nitrogen_branch_sp1,5,0.04576101495197567,0.04576101495197567,0.03910405963308277,0.01236510367418753
tree_nitrogen_croot_sp1,5,0.13589657413269784,0.13589657413269784,0.13685947489321199,0.04312776194797947
tree_nitrogen_froot_sp1,5,0.0035739852701549392,0.0035739852701549392,0.0029456858611043627,0.0009703974884975517
tree_nitrogen_leaf_sp1,5,0.8462486439404284,0.8462486439404284,0.7464585403272009,0.2206391858264661
tree_nitrogen_stem_sp1,5,0.004158760391072686,0.004158760391072686,0.003624446291059791,0.0011669605361466393
tree_root_in_top_30,5,-2.856230125413974,2.856230125413974,1.9590706329962864,0.6153192319455623
tree_root_to_shoot_sp1,5,-3.4476706356163462,3.523255354001905,2.719345511515868,0.714701065818121
cy0,6,0.29566293241310493,0.8055973092379245,1.255183378124355,0.27816191778359334
clay,6,-1.2075767294685948,1.2075767294685948,1.0647078207453724,0.32674206176936993
temp_ci_delta,6,0.6784906320905034,0.6784906320905034,0.4959926741336055,0.1679652452766118
rain_ci_delta,6,2.6502349092345368,2.9544957871384385,4.796460396658892,1.454156042989239
evap_ci_delta,6,-0.4985825027012831,0.5061430575677038,1.1243547702654084,0.3693348086401828
ef_N_inputs,6,0.6864057044504503,0.9399801690369844,1.0801974007436717,0.26651445328001133
volatile_frac_organic_fertiliser,6,-0.016301567573003023,0.016301567573003023,0.00990937829653991,0.0030138450609992554
volatile_frac_synthetic_fertiliser,6,0.21208655635002077,0.21208655635002077,0.11442689071693632,0.035733729260370925
base_sf_qty_scale,6,-0.1217143721927536,0.1217143721927536,0.06001112738604037,0.01745768862747465
proj_lit_qty_scale,6,-0.015055030113071303,0.02504413247204036,0.02757718885263002,0.005966340732138815
base_stand_density_scale,6,0.0,0.0,0.0,0.0
proj_stand_density_scale,6,-6.791451671630492,7.434331632925793,6.7125150283354085,2.0362676443205103
tree_wood_dens_sp1,6,-11.58847955498277,12.127828352219364,11.943611460363263,3.3898761660704295
base_cover,6,1.3999467254744125,1.3999467254744125,0.9640172659762464,0.27412697121679713
base_fire_off,6,-0.07567880067863839,0.07567880067863839,0.1468986914845586,0.048394043004000166
base_fire_on,6,-0.28176552432967256,0.28176552432967256,0.3316227696123179,0.10835158826909352
base_sf_n_delta,6,-0.0120540128401499,0.0120540128401499,0.005283568101081091,0.0016692262153271845
crop_base_left_delta,6,0.5590679382126671,0.5678603853001021,0.3378388600909472,0.09382436120146329
crop_base_yield_delta,6,0.2837610698285314,0.28664955368965506,0.2060431616057477,0.06191093437602478
crop_carbon_above_sp3,6,0.02206178626097533,0.04834031970211269,0.058893126465862686,0.01108884268668912
crop_carbon_below_sp3,6,0.04563737913849458,0.052421996389550064,0.05929150601197274,0.0147459587391299
crop_intercept_sp3,6,0.014323869148657678,0.04860855557390654,0.0652427535265489,0.014392841774231247
crop_nitrogen_above_sp3,6,-0.017457450696144253,0.05111760481863724,0.08621265591420729,0.019159185151934505
crop_nitrogen_below_sp3,6,-0.025458862502681433,0.025458862502681433,0.023336280632614583,0.007674835835084017
crop_carbon_above_sp10,6,0.3332305188469224,0.3332305188469224,0.12621490795072451,0.04168480970274408
crop_carbon_below_sp10,6,0.16548214839010775,0.16548214839010775,0.08255618881528999,0.02648239812276711
crop_intercept_sp10,6,0.2587987818291177,0.2587987818291177,0.11013668747243058,0.03492878858646429
crop_nitrogen_above_sp10,6,-0.0457035691316033,0.0457035691316033,0.02984163700642226,0.008973887083695193
crop_nitrogen_below_sp10,6,-0.02314243569909285,0.023444840719467352,0.029404467166002587,0.008328548589453
crop_proj_left_delta,6,0.3139403382656452,0.32464852140350137,0.22655837570443954,0.06572806394279182
crop_proj_yield_delta,6,0.47277542214509066,0.4797183678417838,0.32761875059012857,0.09571883313139337
crop_root_in_top_30,6,0.18168764378539248,0.18168764378539248,0.12455779577169944,0.03845648012367763
crop_root_to_shoot_sp3,6,0.054306185911138026,0.07024817320308786,0.09053149053728746,0.02534635549716679
crop_slope_sp3,6,0.008034048436923163,0.047646287958594775,0.06579566048459398,0.01412493793707955
crop_root_to_shoot_sp10,6,0.2578064329027068,0.2578064329027068,0.11939910347725567,0.03979875632593435
crop_slope_sp10,6,0.5659882858854853,0.5659882858854853,0.3367995568284751,0.0887720702147591
cy0_to_ceq_multiplier,6,0.12924729134352073,0.2025999497999052,0.35551750631976425,0.0883825260516316
litter_carbon,6,-0.008704311027507882,0.008704311027507882,0.003876123026189829,0.0010729707930942458
litter_nitrogen,6,0.013982065601877753,0.013982065601877753,0.00723299452115472,0.0024399858924105465
mortality_fraction_branch_delta,6,-0.07714304855852971,0.07969133819468228,0.061624756389907,0.014874121647922685
mortality_fraction_croot_delta,6,-0.03841750777031744,0.03841750777031744,0.038216899556496944,0.010808716769454697
mortality_fraction_froot_delta,6,-0.024819275710836586,0.024819275710836586,0.021774278121327074,0.006628605224104836
mortality_fraction_leaf_delta,6,-0.020383795771516097,0.02094800043076401,0.01958371317030945,0.005845605635591682
mortality_fraction_stem_delta,6,-0.166209763866064,0.17132332949893564,0.15425260489392376,0.04905825682987984
pool_alloc_froot_sp1,6,-1.2337534718772978,1.2337534718772978,0.9226628877254663,0.29447683310796813
pool_alloc_leaf_sp1,6,-1.0572134083032085,1.1577740402624102,0.9599791213286754,0.2546899975650037
pool_alloc_stem_sp1,6,-0.2873206463355421,0.2873764883251396,0.3512373949641552,0.09654577685694038
pool_turnover_branch_sp1,6,1.26462267400217,1.26462267400217,0.6437771684765733,0.20454738798115638
pool_turnover_croot_sp1,6,-1.8104333263621808,1.8104333263621808,1.6494725688894185,0.5109145672260573
pool_turnover_froot_sp1,6,-0.9486640444698645,0.9486640444698645,0.6374003181849555,0.19647124044022982
pool_turnover_leaf_sp1,6,-0.43530837062635913,0.4936927405218764,0.4403271363010257,0.1176820530643827
pool_turnover_stem_sp1,6,0.3334412841430937,0.3334412841430937,0.15724546104322326,0.04468280942952719
proj_cover,6,-7.387944078544843,7.387944078544843,4.246785581561741,1.3058873432389309
proj_fire_off,6,0.08966250142734383,0.08966250142734383,0.13455548928634986,0.04568827020844942
proj_fire_on,6,3.3376253310124455,3.3376253310124455,2.9840361322015894,0.8774076907225089
proj_mortality,6,5.833828836062918,5.833828836062918,3.4221955565288416,1.0807891808428254
proj_thinning_delta,6,22.82611873511305,22.82611873511305,15.831462257207201,4.306111951815111
roth_c_cover_c,6,0.8519211571168835,1.021270207617608,1.196391853185545,0.3652282274801715
roth_c_dpm_frac_crop,6,-0.2311730182961099,0.2316822323539331,0.14124619791179546,0.04820663073219986
roth_c_dpm_frac_tree,6,2.3133331271060724,2.3133331271060724,2.146196678100071,0.6673956214780318
roth_c_moisture_b_slope,6,-1.5404752494662457,1.6646317355583888,1.4156860689688502,0.38721135046840105
roth_c_temp_a1,6,0.9070624682383267,0.9070624682383267,0.5566761266679187,0.18222658596822136
roth_c_temp_a2,6,-7.276848504812837,7.276848504812837,4.073271465993105,1.3464687249419498
thinning_fraction_branch_delta,6,-0.10897088308384598,0.1126479721521394,0.22359444079659635,0.07062231310660858
thinning_fraction_croot_delta,6,-0.048932318127517534,0.048932318127517534,0.07666550526567567,0.02321666907211885
thinning_fraction_froot_delta,6,-0.03033240957834697,0.03033240957834697,0.049983905479557285,0.014852028378947595
thinning_fraction_leaf_delta,6,-0.03193877191614045,0.033217692969962374,0.06415445500582109,0.02035123816241049
thinning_fraction_stem_delta,6,-0.2501592020142994,0.27537246317733227,0.5142594653096614,0.13556879796525945
tree_carbon_sp1,6,-3.1601891862967793,3.2278260487101127,2.5626557384258923,0.7325791271996064
tree_nitrogen_branch_sp1,6,0.046638466351332515,0.046638466351332515,0.039510433027845696,0.012480371562883381
tree_nitrogen_croot_sp1,6,0.14021323567244487,0.14021323567244487,0.14363426468422813,0.04523570449721528
tree_nitrogen_froot_sp1,6,0.003693059768662624,0.003693059768662624,0.0031171524934233033,0.0010328713865814531
tree_nitrogen_leaf_sp1,6,0.8680472652220714,0.8680472652220714,0.7818059823472415,0.2300112343543793
tree_nitrogen_stem_sp1,6,0.004168271153757558,0.004168271153757558,0.0035608393742098785,0.0011486944358895573
tree_root_in_top_30,6,-2.3111081281744057,2.3111081281744057,1.7184994299154142,0.5415024631641713
tree_root_to_shoot_sp1,6,-2.9694125299257648,3.1116700119214284,2.5900319936823486,0.6653594305233973
cy0,7,0.2770079279222647,0.7680071984886351,1.176777748811222,0.25762310251921094
clay,7,-1.2192842945160465,1.2192842945160465,1.0730866687793785,0.3273981596329273
temp_ci_delta,7,0.5993890366184145,0.5993890366184145,0.48452186195417946,0.16789287861745106
rain_ci_delta,7,2.524736301094703,2.8197270658761404,4.956689979026735,1.517304031600646
evap_ci_delta,7,-0.47470472620326626,0.48231228774650303,1.1663791528246785,0.38441802422067495
ef_N_inputs,7,0.7297768592203602,0.978015610746732,1.1307296793671557,0.28129397506856535
volatile_frac_organic_fertiliser,7,-0.01630156757300323,0.01630156757300323,0.009909378296540315,0.003013845060999406
volatile_frac_synthetic_fertiliser,7,0.21208655635002086,0.21208655635002086,0.11442689071693585,0.03573372926037078
base_sf_qty_scale,7,-0.12171437219275279,0.12171437219275279,0.060011127386040156,0.017457688627474703
proj_lit_qty_scale,7,-0.009135684067275242,0.02187980071893766,0.024961383558633827,0.0043608980092357
base_stand_density_scale,7,0.0,0.0,0.0,0.0
proj_stand_density_scale,7,-4.017359424921024,6.898220758445518,7.940858366364755,1.767877358964264
tree_wood_dens_sp1,7,-6.583076240263625,11.579018291877912,14.55474032687847,3.2730253877043114
base_cover,7,1.2979651963011012,1.2979651963011012,0.8871923743046459,0.2519326452524927
base_fire_off,7,-0.07567880067863848,0.07567880067863848,0.1468986914845585,0.048394043004000124
base_fire_on,7,-0.2702173842658294,0.2702173842658294,0.30466449074138824,0.09958138947546735
base_sf_n_delta,7,-0.012054012840150166,0.012054012840150166,0.00528356810108086,0.001669226215327143
crop_base_left_delta,7,0.5061215020176772,0.5170150757387708,0.30906546971779236,0.08428162340999745
crop_base_yield_delta,7,0.2395104593251145,0.2443455607335095,0.18574367591148697,0.054425982243300385
crop_carbon_above_sp3,7,0.019809150211251014,0.04388772768346084,0.053267508890558736,0.009833044647819185
crop_carbon_below_sp3,7,0.04166647931719123,0.047009707576821755,0.05368985981476165,0.013589296363109236
crop_intercept_sp3,7,0.01298068344388179,0.04396771636550319,0.05969249082133073,0.013259935630631279
crop_nitrogen_above_sp3,7,-0.01745745069614531,0.051117604818637495,0.08621265591420713,0.01915918515193441
crop_nitrogen_below_sp3,7,-0.025458862502681652,0.025458862502681652,0.02333628063261555,0.007674835835084466
crop_carbon_above_sp10,7,0.22320591479425192,0.22320591479425192,0.09825331185820155,0.030904197772559525
crop_carbon_below_sp10,7,0.11061348457308033,0.11061348457308033,0.064486872071584,0.020095632936611433
crop_intercept_sp10,7,0.1642097484025116,0.1642097484025116,0.08882153821332575,0.027354971498996346
crop_nitrogen_above_sp10,7,-0.04570356913160305,0.04570356913160305,0.02984163700642201,0.00897388708369517
crop_nitrogen_below_sp10,7,-0.023142435699092658,0.023444840719467012,0.02940446716600318,0.008328548589452995
crop_proj_left_delta,7,0.10548255936855737,0.13383978895176826,0.1523236251521618,0.04256151155280553
crop_proj_yield_delta,7,0.26866511440787605,0.28215519598366784,0.20523851082938813,0.056001605862905625
crop_root_in_top_30,7,0.12486164408054576,0.12486164408054576,0.10465873899035605,0.03224742554728102
crop_root_to_shoot_sp3,7,0.04841939666808976,0.06340916996230384,0.0834632856080143,0.023430161299180314
crop_slope_sp3,7,0.005456798652988623,0.04304403817457191,0.059356059963208994,0.012881210948953621
crop_root_to_shoot_sp10,7,0.1691804086144823,0.1691804086144823,0.09114198128613277,0.03020662330002041
crop_slope_sp10,7,0.3393270187906631,0.3393270187906631,0.24031710100303005,0.06417266006979551
cy0_to_ceq_multiplier,7,0.10211874586108809,0.16902450499105315,0.28389496015494964,0.07106195231032617
litter_carbon,7,-0.00768687589104487,0.00768687589104487,0.0033362316027395838,0.0009205859390129173
litter_nitrogen,7,0.013982065601878094,0.013982065601878094,0.007232994521155148,0.002439985892410723
mortality_fraction_branch_delta,7,-0.06162056468164647,0.06482981653121304,0.05362537687393975,0.012300375131042741
mortality_fraction_croot_delta,7,-0.032523397224017314,0.032523397224017314,0.032917195400148716,0.009165650628890713
mortality_fraction_froot_delta,7,-0.021436529363646203,0.021436529363646203,0.01978003428126617,0.005997679591473815
mortality_fraction_leaf_delta,7,-0.015653055962188293,0.016470743800823702,0.016974456518706268,0.0049825424248417256
mortality_fraction_stem_delta,7,-0.13794030157044415,0.14475456925534297,0.13723553983533507,0.04307101779251493
pool_alloc_froot_sp1,7,-1.0550772901002974,1.0550772901002974,0.8664718200487908,0.27735931338908354
pool_alloc_leaf_sp1,7,-0.7943282495760261,0.9249898249082035,0.851073860781515,0.21459339720760037
pool_alloc_stem_sp1,7,-0.22831466476691245,0.23868131278365437,0.34968585245753797,0.09239920029462194
pool_turnover_branch_sp1,7,1.2706921797628281,1.2706921797628281,0.7513178164738934,0.23698333225453638
pool_turnover_croot_sp1,7,-1.7779789928753722,1.7779789928753722,1.571666351305633,0.4960197407836287
pool_turnover_froot_sp1,7,-0.9406415550779708,0.9406415550779708,0.6360334351026574,0.19832919945117616
pool_turnover_leaf_sp1,7,-0.39799342332584725,0.4361577601616139,0.38093910408466913,0.10514919422872775
pool_turnover_stem_sp1,7,0.3407737558282288,0.3407737558282288,0.18393856648594867,0.05247926584082124
proj_cover,7,-6.636743170167096,6.636743170167096,4.116227250395684,1.2731217693480734
proj_fire_off,7,0.08966250142734403,0.08966250142734403,0.13455548928635,0.04568827020844949
proj_fire_on,7,3.2575075343821225,3.2575075343821225,2.7161181568513495,0.7970614281217637
proj_mortality,7,5.89056856621953,5.89056856621953,3.9294745605129444,1.2556351072310235
proj_thinning_delta,7,32.522629575063235,32.522629575063235,15.862135939666098,4.186796105554393
roth_c_cover_c,7,0.8412396726400025,1.0024859634481742,1.2293352507458855,0.3778615686541006
roth_c_dpm_frac_crop,7,-0.16712215306434064,0.16712215306434064,0.12457484867825086,0.044203414864149415
roth_c_dpm_frac_tree,7,1.7917246117793553,1.8153316864973745,1.8306641600394817,0.5635434550810353
roth_c_moisture_b_slope,7,-1.3739594333912764,1.4940289597011964,1.3658160467889688,0.3781544732290823
roth_c_temp_a1,7,0.805808141226516,0.805808141226516,0.5498254421278598,0.18060597451978955
roth_c_temp_a2,7,-6.475528552250291,6.475528552250291,3.890073444355355,1.259754363258892
thinning_fraction_branch_delta,7,-0.07452885151560114,0.07937077595847705,0.1572207198644068,0.04983087151179924
thinning_fraction_croot_delta,7,-0.037282197243493624,0.037282197243493624,0.05953553898005562,0.01797690882015068
thinning_fraction_froot_delta,7,-0.022166182273629022,0.02225253630812597,0.03674193103326056,0.010998953784126755
thinning_fraction_leaf_delta,7,-0.02095173185191405,0.0232960722064617,0.04600505973086659,0.014149143744599383
thinning_fraction_stem_delta,7,-0.1716120626995264,0.20040138542561348,0.3873975347216646,0.10036752668620494
tree_carbon_sp1,7,-2.160392342215239,2.7486098312598473,2.7474832110050573,0.6573504905519569
tree_nitrogen_branch_sp1,7,0.04757680016211478,0.04757680016211478,0.040004140991757364,0.012620547015089287
tree_nitrogen_croot_sp1,7,0.1447551984232418,0.1447551984232418,0.15088991892837977,0.04749506969356144
tree_nitrogen_froot_sp1,7,0.0038196702655541566,0.0038196702655541566,0.003301433175763936,0.0010997013641952452
tree_nitrogen_leaf_sp1,7,0.8912594308095265,0.8912594308095265,0.8202417262164609,0.24028190161069757
tree_nitrogen_stem_sp1,7,0.004183296918255583,0.004183296918255583,0.0035144418369769683,0.0011353694335786602
tree_root_in_top_30,7,-1.9787016604184633,1.9787016604184633,1.593852287862214,0.505691096977935
tree_root_to_shoot_sp1,7,-1.871931421237378,2.4627778754764855,2.5936540049851304,0.5884477614274293
cy0,8,0.25669802911586487,0.7274637221921145,1.0984093354406625,0.237510687188132
clay,8,-1.2526334850365146,1.2526334850365146,1.0985225643084338,0.33488772330463296
temp_ci_delta,8,0.548886526569426,0.548886526569426,0.4651211829347177,0.16252072196446654
rain_ci_delta,8,2.39977217945259,2.6807053153371583,4.959652058085813,1.5259427579888452
evap_ci_delta,8,-0.45333548715192873,0.46047655578890695,1.1757089262895952,0.3886095991553564
ef_N_inputs,8,0.7776100568691209,1.0205658986638866,1.1875615593350004,0.29906161629999684
volatile_frac_organic_fertiliser,8,-0.016301567573003238,0.016301567573003238,0.009909378296539987,0.00301384506099925
volatile_frac_synthetic_fertiliser,8,0.21208655635002066,0.21208655635002066,0.1144268907169363,0.03573372926037097
base_sf_qty_scale,8,-0.12171437219275254,0.12171437219275254,0.060011127386040024,0.01745768862747473
proj_lit_qty_scale,8,-0.004808544638890061,0.019757784090254978,0.023143036636184222,0.003499181381416839
base_stand_density_scale,8,0.0,0.0,0.0,0.0
proj_stand_density_scale,8,-6.416435286044042,7.151839669302646,6.7436906868548645,2.026171490276707
tree_wood_dens_sp1,8,-10.485569045347587,11.338951929362581,12.288831032603104,3.360923231679136
base_cover,8,1.209610198427505,1.209610198427505,0.820812850896144,0.23209021064517366
base_fire_off,8,-0.0756788006786387,0.0756788006786387,0.14689869148455909,0.048394043004000346
base_fire_on,8,-0.26132682745829894,0.26132682745829894,0.2841013680143046,0.09287517920706412
base_sf_n_delta,8,-0.012054012840149692,0.012054012840149692,0.005283568101080391,0.0016692262153269635
crop_base_left_delta,8,0.4666948673917348,0.4790956026337618,0.287452344958355,0.07720259623361703
crop_base_yield_delta,8,0.20606012409620442,0.2132732229317912,0.17042294047184955,0.04839148597827431
crop_carbon_above_sp3,8,0.018262251747404888,0.04064393613411209,0.04912197373555717,0.008910942125446882
crop_carbon_below_sp3,8,0.03837277747522043,0.042919327537206564,0.04939200371739299,0.012614310800081071
crop_intercept_sp3,8,0.011965089629548963,0.040413335037484156,0.05543521951929097,0.012356011433055451
crop_nitrogen_above_sp3,8,-0.017457450696144943,0.05111760481863683,0.08621265591420636,0.019159185151934294
crop_nitrogen_below_sp3,8,-0.025458862502682356,0.025458862502682356,0.023336280632614843,0.007674835835084148
crop_carbon_above_sp10,8,0.17577558119208875,0.17577558119208875,0.0846363945361018,0.025955680526204488
crop_carbon_below_sp10,8,0.08674318828299807,0.08674318828299807,0.05649716882007285,0.01725941995777474
crop_intercept_sp10,8,0.12353639632226007,0.12403349077573318,0.0787941868638404,0.023426228191666405
crop_nitrogen_above_sp10,8,-0.045703569131602916,0.045703569131602916,0.029841637006422398,0.008973887083695216
crop_nitrogen_below_sp10,8,-0.023142435699093074,0.02344484071946753,0.029404467166002524,0.008328548589452983
crop_proj_left_delta,8,0.030922702630764375,0.09029306274184964,0.12631742119815234,0.03170173560328632
crop_proj_yield_delta,8,0.1949492511203255,0.21095888989184436,0.15709644914892965,0.04045704659921191
crop_root_in_top_30,8,0.10024308752654347,0.10024308752654347,0.09534283447138218,0.029412455520055215
crop_root_to_shoot_sp3,8,0.043849247019329504,0.05786434628117981,0.07732581656846069,0.02178289010081722
crop_slope_sp3,8,0.003535588015073385,0.039708149320060435,0.05455235608670593,0.011919250985607732
crop_root_to_shoot_sp10,8,0.13193018212834365,0.13193018212834365,0.07559436256638358,0.025010255137984022
crop_slope_sp10,8,0.2436294450137432,0.24541873752973217,0.19887849358471205,0.052536542477975526
cy0_to_ceq_multiplier,8,0.08129826580467674,0.1411716241847378,0.23183128502166578,0.058616740453978716
litter_carbon,8,-0.0069547989792779815,0.0069547989792779815,0.0029165450007783054,0.0008023492792157893
litter_nitrogen,8,0.013982065601875954,0.013982065601875954,0.007232994521153486,0.002439985892410183
mortality_fraction_branch_delta,8,-0.04690708986552986,0.051097927349486386,0.04851201208280983,0.010979200594119125
mortality_fraction_croot_delta,8,-0.026381572217872233,0.026381572217872233,0.02840253038313065,0.007782090635339863
mortality_fraction_froot_delta,8,-0.017950099442596727,0.017966761578591933,0.017960513160309714,0.005470624054954932
mortality_fraction_leaf_delta,8,-0.010923677034995449,0.012237698885041837,0.015480654598949019,0.004425509078923105
mortality_fraction_stem_delta,8,-0.10839244564800814,0.11808749829574419,0.12300366556840357,0.03735655125121312
pool_alloc_froot_sp1,8,-0.9662998148778209,0.9662998148778209,0.8121358529613794,0.26036979938981963
pool_alloc_leaf_sp1,8,-0.6053518101769066,0.758973370017023,0.7817685591956326,0.1921311417075685
pool_alloc_stem_sp1,8,-0.29283153851550275,0.29283153851550275,0.35835325274449753,0.09973557849446323
pool_turnover_branch_sp1,8,1.5429421393223715,1.5429421393223715,0.8781524501849259,0.2774109447136195
pool_turnover_croot_sp1,8,-1.1516394255495055,1.1583503732251568,1.126610696280919,0.36747814227517844
pool_turnover_froot_sp1,8,-0.6293971643195713,0.6293971643195713,0.5228463088280857,0.16069745637955002
pool_turnover_leaf_sp1,8,-0.21968188260883256,0.30943816621634174,0.3692609742294013,0.0964115494575554
pool_turnover_stem_sp1,8,0.4068788940586906,0.4068788940586906,0.21133022815947844,0.061115061269477446
proj_cover,8,-6.101196369162136,6.101196369162136,3.894805206854415,1.2080953700738257
proj_fire_off,8,0.08966250142734382,0.08966250142734382,0.13455548928634928,0.045688270208449205
proj_fire_on,8,3.7144368558031524,3.7144368558031524,3.277346611871785,0.9634605008414698
proj_mortality,8,7.05111510365042,7.05111510365042,4.595474791723276,1.4685144845898799
proj_thinning_delta,8,23.648165947548755,23.648165947548755,17.26010800533103,4.683705333218756
roth_c_cover_c,8,0.8254082878072507,0.9808093992949931,1.2528535016880842,0.3858448275079689
roth_c_dpm_frac_crop,8,-0.11549284156528679,0.11549284156528679,0.10690078921800866,0.0384081066517171
roth_c_dpm_frac_tree,8,1.7006527260163977,1.7074687900169596,1.688844960975967,0.5089041717050671
roth_c_moisture_b_slope,8,-1.2675548170891726,1.3822344764427767,1.3365145229192485,0.3748111314408408
roth_c_temp_a1,8,0.7415988857374641,0.7415988857374641,0.5246705561917959,0.17278767801214764
roth_c_temp_a2,8,-5.924067319406978,5.924067319406978,3.7553925685729417,1.1915084170047618
thinning_fraction_branch_delta,8,-0.3105520301499847,0.3133849549383156,0.3714526548954047,0.10852584814706327
thinning_fraction_croot_delta,8,-0.1546418745400227,0.1546418745400227,0.18142905346835225,0.057259546074485274
thinning_fraction_froot_delta,8,-0.08073890636578693,0.08073890636578693,0.0933391144019321,0.02660751985602019
thinning_fraction_leaf_delta,8,-0.09365796245579926,0.09365796245579926,0.12047967491129093,0.03885387964086418
thinning_fraction_stem_delta,8,-0.643966113414429,0.6616429380295089,0.833855727276088,0.21315661988011791
tree_carbon_sp1,8,-3.067450259238015,3.1514348701013164,2.677733578850518,0.7576616262804726
tree_nitrogen_branch_sp1,8,0.05980943883445329,0.05980943883445329,0.05498790831081733,0.017645166007204765
tree_nitrogen_croot_sp1,8,0.15191761832214853,0.15191761832214853,0.1600008649928762,0.050489090317449845
tree_nitrogen_froot_sp1,8,0.00392672650331802,0.00392672650331802,0.003479680503458481,0.0011660256521827186
tree_nitrogen_leaf_sp1,8,0.9053705127767995,0.9053705127767995,0.851959960065297,0.24784968822429645
tree_nitrogen_stem_sp1,8,0.005450690854615081,0.005450690854615081,0.004954394954213593,0.0015820767584502052
tree_root_in_top_30,8,-1.7748442530619404,1.7748442530619404,1.5292286369700299,0.487318085935274
tree_root_to_shoot_sp1,8,-2.636676023432363,2.770094584569805,2.537513153957754,0.6800800101492968
cy0,9,0.23597061930329288,0.6840381532568536,1.0201748470849417,0.21822555736608804
clay,9,-1.2203385171431607,1.2203385171431607,1.0790334234796506,0.3247712316967832
temp_ci_delta,9,0.4738511906288904,0.4738511906288904,0.4409247363654561,0.15527001889347727
rain_ci_delta,9,2.1817989967994316,2.4534382538125383,4.806835595360503,1.487778086726378
evap_ci_delta,9,-0.41787209426863486,0.4243552379497654,1.1382889790999333,0.37662128557099445
ef_N_inputs,9,0.7844706860524645,1.0362067257275152,1.230059120934308,0.30737984845359934
volatile_frac_organic_fertiliser,9,-0.016301567573003266,0.016301567573003266,0.00990937829653995,0.0030138450609992705
volatile_frac_synthetic_fertiliser,9,0.212086556350021,0.212086556350021,0.11442689071693621,0.03573372926037096
base_sf_qty_scale,9,-0.12171437219275325,0.12171437219275325,0.06001112738604036,0.01745768862747472
proj_lit_qty_scale,9,-0.0015243572909948073,0.018536061943510092,0.021896049072919005,0.0030300412187517422
base_stand_density_scale,9,0.0,0.0,0.0,0.0
proj_stand_density_scale,9,-5.470570778111531,6.969364011745211,7.261382829760736,1.9228324739128255
tree_wood_dens_sp1,9,-8.581978943870455,11.153823180383313,13.566070278097927,3.37888654977485
base_cover,9,1.1305437309251058,1.1305437309251058,0.7628843864554719,0.21453882316305722
base_fire_off,9,-0.07567880067863814,0.07567880067863814,0.146898691484558,0.048394043003999986
base_fire_on,9,-0.2541267407595985,0.2541267407595985,0.26767841167624484,0.08747215830748488
base_sf_n_delta,9,-0.012054012840149855,0.012054012840149855,0.005283568101080618,0.0016692262153270218
crop_base_left_delta,9,0.4363660233814973,0.44995890060738447,0.27110232900405745,0.07187049463782082
crop_base_yield_delta,9,0.17998460689487433,0.1898899394424768,0.15882493375608997,0.04360084786078225
crop_carbon_above_sp3,9,0.017175840520026624,0.03821886986174042,0.04599012950009211,0.008226128920489037
crop_carbon_below_sp3,9,0.03560034383906714,0.039809658116065634,0.04603444458891194,0.011766659235191716
crop_intercept_sp3,9,0.011168996684940402,0.037568175768214064,0.05206768567013199,0.011649778653824092
crop_nitrogen_above_sp3,9,-0.017457450696144416,0.05111760481863801,0.0862126559142074,0.019159185151934433
crop_nitrogen_below_sp3,9,-0.025458862502681073,0.025458862502681073,0.023336280632613882,0.0076748358350838194
crop_carbon_above_sp10,9,0.14703168650430004,0.14703168650430004,0.07417898878160407,0.02236701295347649
crop_carbon_below_sp10,9,0.0722013559561591,0.0722013559561591,0.050457567569063236,0.015278235779670295
crop_intercept_sp10,9,0.09836066682303943,0.10017170095671127,0.0709859762966966,0.01992641506099314
crop_nitrogen_above_sp10,9,-0.04570356913160313,0.04570356913160313,0.029841637006421947,0.008973887083695163
crop_nitrogen_below_sp10,9,-0.02314243569909267,0.023444840719467154,0.02940446716600241,0.008328548589453016
crop_proj_left_delta,9,-0.00779296374903275,0.08345304563839752,0.11257948780842368,0.024558943454166125
crop_proj_yield_delta,9,0.15484343888830557,0.17365382172037472,0.12959375619115843,0.030487710708274003
crop_root_in_top_30,9,0.08501232169652422,0.08501232169652422,0.08797066757376354,0.02732437155657293
crop_root_to_shoot_sp3,9,0.04021831207734068,0.05334089254859341,0.07201702877620954,0.02035936564316952
crop_slope_sp3,9,0.0020748930633200787,0.03710582673880402,0.05087279391458701,0.011187021541062145
crop_root_to_shoot_sp10,9,0.10882450690736467,0.10882450690736467,0.06407350093020163,0.0212645606394759
crop_slope_sp10,9,0.18595444298668967,0.19217525080687486,0.16945334472614915,0.043214645572992136
cy0_to_ceq_multiplier,9,0.06544342940960234,0.11864139584289526,0.19310788284243458,0.04927447135898793
litter_carbon,9,-0.0064054421387781,0.0064054421387781,0.002593764876070642,0.0007118319931321789
litter_nitrogen,9,0.013982065601877713,0.013982065601877713,0.00723299452115488,0.002439985892410571
mortality_fraction_branch_delta,9,-0.04306945995654164,0.04728049950374609,0.04873484668547803,0.011211613622972315
mortality_fraction_croot_delta,9,-0.025122958361448223,0.025122958361448223,0.027847251327236297,0.007553062911181456
mortality_fraction_froot_delta,9,-0.01706049862429181,0.01707911581398195,0.017387092910989194,0.005312839320133332
mortality_fraction_leaf_delta,9,-0.009497977282178808,0.011024060297161267,0.01426584594204663,0.003987499407435301
mortality_fraction_stem_delta,9,-0.10006680665077854,0.10954719214640699,0.11775090301612788,0.03514048914842081
pool_alloc_froot_sp1,9,-0.8756601627584117,0.8784083671723684,0.7983304485202942,0.25478814763384133
pool_alloc_leaf_sp1,9,-0.46427042953627684,0.6496952523050153,0.7525813117731267,0.18160338147954475
pool_alloc_stem_sp1,9,-0.27632083676077007,0.28031565861658125,0.3836287806254057,0.1030185201861152
pool_turnover_branch_sp1,9,1.5988393699488597,1.5988393699488597,0.9882586670854744,0.31100375619306797
pool_turnover_croot_sp1,9,-1.0663651447292468,1.078372280831122,1.054335278397749,0.34647534950004033
pool_turnover_froot_sp1,9,-0.5858388295443311,0.5858388295443311,0.4957193596211772,0.15331083863595565
pool_turnover_leaf_sp1,9,-0.18668922800192014,0.2763793316879122,0.3528042486814186,0.0937538337894672
pool_turnover_stem_sp1,9,0.4281167885399883,0.4281167885399883,0.2396529421078242,0.06963427401332399
proj_cover,9,-5.371299403884458,5.371299403884458,3.5480568093255407,1.0940463393999935
proj_fire_off,9,0.08966250142734367,0.08966250142734367,0.13455548928634917,0.045688270208449205
proj_fire_on,9,2.8865688159965437,2.8865688159965437,2.216570255873032,0.6496393202487019
proj_mortality,9,7.413107245639834,7.413107245639834,5.159860833546448,1.6592148259582162
proj_thinning_delta,9,28.09695267589305,28.09695267589305,17.18103068891914,4.584223148117637
roth_c_cover_c,9,0.7607902464431893,0.9176805597300698,1.1928322446641029,0.36300715375574855
roth_c_dpm_frac_crop,9,-0.08262959627861959,0.08262959627861959,0.09131068233433492,0.03285884699755178
roth_c_dpm_frac_tree,9,0.9964388450680742,1.2303195007952956,1.420609546262269,0.3627634724279946
roth_c_moisture_b_slope,9,-1.1272980516956173,1.2373127020851025,1.2747905294763,0.36018973478251615
roth_c_temp_a1,9,0.6499005891336818,0.6503116636675179,0.49745614278938943,0.16324619572271645
roth_c_temp_a2,9,-5.1429711852773226,5.1429711852773226,3.4726230246113166,1.0837153774390909
thinning_fraction_branch_delta,9,0.07709335453988564,0.09101372483674845,0.10441578071125784,0.027422785129840935
thinning_fraction_croot_delta,9,0.02311419175179956,0.0291114718486844,0.042645822646583335,0.011449821015373333
thinning_fraction_froot_delta,9,0.01239533550406344,0.01540445413188187,0.023654821641837694,0.0068590618949888405
thinning_fraction_leaf_delta,9,0.02505058748889698,0.027523639792569367,0.03949739846029025,0.010882666831946983
thinning_fraction_stem_delta,9,0.13798147277658832,0.18785255352740454,0.2586232820071039,0.0640457685150218
tree_carbon_sp1,9,-2.7054185372791495,2.9651367272893743,2.7204221579703303,0.7214789436477284
tree_nitrogen_branch_sp1,9,0.04844852399960363,0.04844852399960363,0.04008380897503131,0.01257919554037329
tree_nitrogen_croot_sp1,9,0.15093557257584375,0.15093557257584375,0.1640104146579086,0.05147538914253966
tree_nitrogen_froot_sp1,9,0.004020009687067322,0.004020009687067322,0.0036572588434160237,0.0012351082079928364
tree_nitrogen_leaf_sp1,9,0.921168733146029,0.921168733146029,0.8887235170573125,0.2576170262955238
tree_nitrogen_stem_sp1,9,0.004100936646131886,0.004100936646131886,0.0033457038395970605,0.001082158195041132
tree_root_in_top_30,9,-1.5053671637878598,1.5084038397668835,1.5111104235953627,0.48572374954716213
tree_root_to_shoot_sp1,9,-2.244939791307499,2.5392164923131944,2.643353565286537,0.7056079312011245
cy0,10,0.21556073322387656,0.6388870341955227,0.9433215849803409,0.20007005333066283
clay,10,-1.2009638818460036,1.2009638818460036,1.0767343106488085,0.32123750522846484
temp_ci_delta,10,0.4136877276204496,0.4137742280938637,0.42413047216929867,0.1495798040781226
rain_ci_delta,10,1.97789915002078,2.239432625614705,4.631307605871873,1.4434100242715662
evap_ci_delta,10,-0.38742805817651005,0.3931865248764502,1.1055572999154546,0.3661504393269359
ef_N_inputs,10,0.8355543372455401,1.084852750805976,1.295941201894876,0.3266499656621629
volatile_frac_organic_fertiliser,10,-0.016301567573003464,0.016301567573003464,0.009909378296540122,0.0030138450609993642
volatile_frac_synthetic_fertiliser,10,0.21208655635002072,0.21208655635002072,0.11442689071693599,0.03573372926037089
base_sf_qty_scale,10,-0.1217143721927529,0.1217143721927529,0.06001112738603998,0.01745768862747456
proj_lit_qty_scale,10,0.00105512238806858,0.017844174304648457,0.021041647859750198,0.0028647607677872544
base_stand_density_scale,10,0.0,0.0,0.0,0.0
proj_stand_density_scale,10,-3.5168939991412684,7.24621989119004,8.408523984876902,1.718666350473162
tree_wood_dens_sp1,10,-5.218281744196358,12.823392493213433,15.945728289496051,3.1595421799285934
base_cover,10,1.0586324702310135,1.0586324702310135,0.711772134651793,0.19908363777985313
base_fire_off,10,-0.07567880067863833,0.07567880067863833,0.14689869148455834,0.04839404300400011
base_fire_on,10,-0.24806305389182728,0.24806305389182728,0.2540578480617553,0.08293848371115063
base_sf_n_delta,10,-0.012054012840150724,0.012054012840150724,0.0052835681010809715,0.001669226215327191
crop_base_left_delta,10,0.41227657761025993,0.4268796230006145,0.2585920925879157,0.06778856880977853
crop_base_yield_delta,10,0.15905646251938205,0.17112722578222464,0.15002569438398183,0.04004650967672802
crop_carbon_above_sp3,10,0.016395386049569156,0.036337783219993154,0.04356097569077176,0.007712292593009241
crop_carbon_below_sp3,10,0.03323859663785577,0.03742282755844199,0.043381907551056614,0.011022953600865575
crop_intercept_sp3,10,0.010529849687824642,0.03531114299614175,0.04934894525849214,0.01109366533339745
crop_nitrogen_above_sp3,10,-0.017457450696144395,0.051117604818638016,0.08621265591420836,0.01915918515193459
crop_nitrogen_below_sp3,10,-0.025458862502681832,0.025458862502681832,0.023336280632615104,0.007674835835084199
crop_carbon_above_sp10,10,0.1282219290164425,0.1282219290164425,0.0665319418899239,0.019794323606769578
crop_carbon_below_sp10,10,0.06272736586196034,0.06272736586196034,0.045774282524927976,0.013817845139090174
crop_intercept_sp10,10,0.08166174759379104,0.08468974772336542,0.06522932465518068,0.017376959423732456
crop_nitrogen_above_sp10,10,-0.04570356913160374,0.04570356913160374,0.029841637006422107,0.00897388708369511
crop_nitrogen_below_sp10,10,-0.023142435699093317,0.023444840719467803,0.029404467166002226,0.008328548589453005
crop_proj_left_delta,10,-0.02873670434212395,0.08228982223696482,0.10463803449871927,0.02226928709656464
crop_proj_yield_delta,10,0.13228042982839838,0.15247264582523434,0.11388308646611386,0.02506687595587814
crop_root_in_top_30,10,0.07476480540380823,0.07476480540380823,0.08195065917919944,0.025652368556995247
crop_root_to_shoot_sp3,10,0.03727116086641164,0.049620823696596546,0.06743938235482284,0.01912611773951365
crop_slope_sp3,10,0.0009401177754759682,0.03504363458865954,0.04798755915106394,0.010616310453290093
crop_root_to_shoot_sp10,10,0.09339543638900112,0.09339543638900112,0.055709569580197994,0.018562604026925954
crop_slope_sp10,10,0.14814953111460452,0.15922148493503271,0.14867846400009513,0.03649115699622126
cy0_to_ceq_multiplier,10,0.05328386963507674,0.10046106895898406,0.16329151527113606,0.04192434044999934
litter_carbon,10,-0.005976762324870594,0.005976762324870594,0.002346666433606758,0.0006430805357276256
litter_nitrogen,10,0.013982065601877019,0.013982065601877019,0.007232994521154312,0.0024399858924102386
mortality_fraction_branch_delta,10,-0.04049897775974076,0.046096342716855324,0.049732496021366104,0.011298717578379639
mortality_fraction_croot_delta,10,-0.024277009256796635,0.024277009256796635,0.027701106238274938,0.007465363709365149
mortality_fraction_froot_delta,10,-0.016429541481681593,0.01645988701096724,0.0171006895888046,0.005247293992196515
mortality_fraction_leaf_delta,10,-0.008408295329351188,0.010422570619613046,0.013569342843979395,0.003636275051599934
mortality_fraction_stem_delta,10,-0.0938904271699385,0.10378824293274476,0.11589135798684583,0.03383447034432555
pool_alloc_froot_sp1,10,-0.834372152080418,0.8447538733806027,0.8094304733016704,0.25639791257603123
pool_alloc_leaf_sp1,10,-0.3910662430706269,0.6116338159851447,0.7383952904617016,0.16896476175618627
pool_alloc_stem_sp1,10,-0.22818001208003363,0.2544059510305516,0.39113643565644285,0.10234124461802377
pool_turnover_branch_sp1,10,1.524296160494,1.524296160494,1.120678221673552,0.3499854587950529
pool_turnover_croot_sp1,10,-1.3035756394504774,1.3194617954024837,1.1694829308002292,0.3844403093487527
pool_turnover_froot_sp1,10,-0.700130472137948,0.700130472137948,0.5343347609335224,0.16702932653554822
pool_turnover_leaf_sp1,10,-0.2321193866423589,0.2879750761618475,0.3301966237998184,0.08944073163448588
pool_turnover_stem_sp1,10,0.41723702029675935,0.41723702029675935,0.2753409409216737,0.08079603078022676
proj_cover,10,-4.78972562677972,4.78972562677972,3.2959133404929264,1.007416319522204
proj_fire_off,10,0.08966250142734358,0.08966250142734358,0.13455548928634917,0.04568827020844913
proj_fire_on,10,2.9908379506397917,2.9908379506397917,2.310047243702663,0.6747350006508193
proj_mortality,10,7.223807341636838,7.223807341636838,5.741178328592455,1.8504123770174101
proj_thinning_delta,10,35.53769239792838,35.53769239792838,16.369798890146946,4.227438022100185
roth_c_cover_c,10,0.714745260407868,0.8731729244021131,1.1670372067370751,0.35130410334174633
roth_c_dpm_frac_crop,10,-0.06102016633645806,0.06102016633645806,0.07834750651348156,0.028031644142353113
roth_c_dpm_frac_tree,10,0.8858118037862504,1.0793946060436903,1.2496056093445718,0.3131416872610789
roth_c_moisture_b_slope,10,-1.0176308419115252,1.1259796040096213,1.2274579141602602,0.34799945550473105
roth_c_temp_a1,10,0.5798814722957044,0.5820147240278365,0.48187958077717236,0.15489726580119806
roth_c_temp_a2,10,-4.499326839115508,4.510964667859806,3.2782943621888267,1.000286494499311
thinning_fraction_branch_delta,10,0.037176369910600866,0.0482529471206481,0.06448854712090633,0.015830542171125395
thinning_fraction_croot_delta,10,0.0054790688531617445,0.016642434021614576,0.02690951875850287,0.006100266473327349
thinning_fraction_froot_delta,10,0.0043721115703061085,0.007389099152717599,0.011548701571886493,0.0029128303117404316
thinning_fraction_leaf_delta,10,0.01479294769495596,0.01691278962335152,0.02246530903397955,0.006240278509903333
thinning_fraction_stem_delta,10,0.07491155389703481,0.11887576638640099,0.18219791271955402,0.045178836526279804
tree_carbon_sp1,10,-1.9577200311866771,2.765720534905651,2.952540314140676,0.6873644963953681
tree_nitrogen_branch_sp1,10,0.04956085531524906,0.04956085531524906,0.04087272698945979,0.012801176847367264
tree_nitrogen_croot_sp1,10,0.15611471192480392,0.15611471192480392,0.17271290566869477,0.05417992468351559
tree_nitrogen_froot_sp1,10,0.0041694557102895545,0.0041694557102895545,0.0038790785260625336,0.0013148431260377215
tree_nitrogen_leaf_sp1,10,0.9485626298530381,0.9485626298530381,0.9356356832304645,0.27041183351277476
tree_nitrogen_stem_sp1,10,0.004133962647041361,0.004133962647041361,0.0033578030472657407,0.001085746288503426
tree_root_in_top_30,10,-1.477882966678799,1.480701617673406,1.5223302811859798,0.4886792843698907
tree_root_to_shoot_sp1,10,-1.4686568062215692,2.306506607538789,2.694331039871973,0.6257260562926376
cy0,11,0.19589098683570047,0.5931901534314132,0.8690815717075513,0.1832336252998419
clay,11,-1.220264397677902,1.220264397677902,1.0981952700213427,0.32670900277005505
temp_ci_delta,11,0.39701442220364325,0.39766962268601735,0.4106165258709741,0.14407432937018277
rain_ci_delta,11,1.878312223246541,2.121965695096594,4.513785458124552,1.4130370729347983
evap_ci_delta,11,-0.37708489962532327,0.38206147520624245,1.0936579823636987,0.3628828933509123
ef_N_inputs,11,0.8906333462581897,1.1398247449698955,1.3665269839594631,0.3474078904693684
volatile_frac_organic_fertiliser,11,-0.016301567573003238,0.016301567573003238,0.009909378296540018,0.003013845060999303
volatile_frac_synthetic_fertiliser,11,0.21208655635002124,0.21208655635002124,0.11442689071693593,0.035733729260370904
base_sf_qty_scale,11,-0.1217143721927529,0.1217143721927529,0.060011127386040204,0.01745768862747476
proj_lit_qty_scale,11,0.003144962477492448,0.017546355137235486,0.02044999718439556,0.002815364103112971
base_stand_density_scale,11,0.0,0.0,0.0,0.0
proj_stand_density_scale,11,-6.225160553494671,7.347413145547435,7.372562786391693,2.0965377161832723
tree_wood_dens_sp1,11,-9.599283866440976,11.66027735711558,13.932121492844669,3.548796470540391
base_cover,11,0.9926544504189696,0.9926544504189696,0.6663323365293353,0.18550764557338492
base_fire_off,11,-0.07567880067863839,0.07567880067863839,0.1468986914845586,0.04839404300400016
base_fire_on,11,-0.2428024474156334,0.2428024474156334,0.24241412201176477,0.07901546338183568
base_sf_n_delta,11,-0.01205401284014985,0.01205401284014985,0.005283568101080244,0.0016692262153269063
crop_base_left_delta,11,0.3925451489227929,0.408044128691275,0.24887809609942554,0.06461004241358398
crop_base_yield_delta,11,0.14179320426116673,0.15623814970501504,0.1433362148973219,0.03726317781574923
crop_carbon_above_sp3,11,0.015819280448452853,0.03483149916089943,0.041623181088560446,0.007320438352204257
crop_carbon_below_sp3,11,0.031205981733486415,0.03556744885671604,0.04127459564107616,0.010371649581262092
crop_intercept_sp3,11,0.010007822490519486,0.03367235205735465,0.04712195518961995,0.010680090149315674
crop_nitrogen_above_sp3,11,-0.017457450696145044,0.051117604818637696,0.08621265591420695,0.01915918515193435
crop_nitrogen_below_sp3,11,-0.025458862502682044,0.025458862502682044,0.023336280632615607,0.007674835835084248
crop_carbon_above_sp10,11,0.11515284917626763,0.11515284917626763,0.061044454082200855,0.01795832227205674
crop_carbon_below_sp10,11,0.05619076053329279,0.05619076053329279,0.04213378303229421,0.012711622398951612
crop_intercept_sp10,11,0.06998452464322286,0.07440261458121387,0.06110694787702023,0.015370619027912851
crop_nitrogen_above_sp10,11,-0.04570356913160303,0.04570356913160303,0.02984163700642209,0.008973887083695177
crop_nitrogen_below_sp10,11,-0.023142435699093137,0.023444840719467633,0.029404467166002462,0.008328548589453134
crop_proj_left_delta,11,-0.0402057390057001,0.08180083132178768,0.09997694624638889,0.022100527713481633
crop_proj_yield_delta,11,0.11946790418305715,0.14009896278227124,0.10489353541304916,0.022276541273100258
crop_root_in_top_30,11,0.06740335641795989,0.06755157318808751,0.07694049189526048,0.024208989480445465
crop_root_to_shoot_sp3,11,0.03482850927146182,0.0465326783951215,0.06350471864979171,0.018057108673108703
crop_slope_sp3,11,3.6667566178014146e-05,0.03339701673058405,0.04568018640906716,0.010157489547756426
crop_root_to_shoot_sp10,11,0.08250150026203529,0.08250150026203529,0.04971127120194163,0.01661377809800102
crop_slope_sp10,11,0.12172673324880792,0.13747158639014095,0.13414745175571147,0.031500484860617295
cy0_to_ceq_multiplier,11,0.043835537038087104,0.0856563393857493,0.13959235840264528,0.03595641384857265
litter_carbon,11,-0.005630207056782033,0.005630207056782033,0.0021573914925733357,0.0005909786199154862
litter_nitrogen,11,0.013982065601876611,0.013982065601876611,0.007232994521153942,0.0024399858924102286
mortality_fraction_branch_delta,11,-0.03386686078388143,0.044377834288969215,0.05000262311264043,0.010734903049425685
mortality_fraction_croot_delta,11,-0.021263594000951777,0.021502524000718868,0.026492610156315852,0.0070485522144862625
mortality_fraction_froot_delta,11,-0.014666576481011624,0.014812170954671872,0.016432723957135673,0.005050333055764847
mortality_fraction_leaf_delta,11,-0.006038268988900549,0.009883276189812376,0.013492246929130546,0.0031908013408077666
mortality_fraction_stem_delta,11,-0.07893636663343111,0.09316524012086877,0.11392072306900496,0.031610577105066824
pool_alloc_froot_sp1,11,-0.8300888985485886,0.8354907189515097,0.804025955588494,0.2574983117102506
pool_alloc_leaf_sp1,11,-0.3247718912323632,0.587922550719138,0.7331729077396013,0.15840883042862494
pool_alloc_stem_sp1,11,-0.30919103059563985,0.3099464711713722,0.4184655094288049,0.11588194569499836
pool_turnover_branch_sp1,11,1.8612651649163134,1.8612651649163134,1.2566214524560406,0.3945462405498847
pool_turnover_croot_sp1,11,-0.8497930334115015,0.8689367153980184,0.9630812347836631,0.31861826361749856
pool_turnover_froot_sp1,11,-0.4706995354281195,0.4706995354281195,0.454038325337587,0.13857333380224773
pool_turnover_leaf_sp1,11,-0.11086846645862285,0.23851112619147874,0.3538197612155053,0.09261741405823379
pool_turnover_stem_sp1,11,0.49686167484128296,0.49686167484128296,0.30030550826585145,0.08855821642504157
proj_cover,11,-4.543296516879531,4.543296516879531,3.0933633526544106,0.9387285250012266
proj_fire_off,11,0.08966250142734357,0.08966250142734357,0.13455548928634936,0.045688270208449226
proj_fire_on,11,3.5585567581876516,3.5585567581876516,2.978713957117439,0.8667011162630335
proj_mortality,11,8.738663829564466,8.738663829564466,6.533963392312084,2.106685568176854
proj_thinning_delta,11,27.476057809341945,27.476057809341945,18.454618255581142,4.918539732721038
roth_c_cover_c,11,0.6957048399197718,0.8487062847852009,1.1618162911133296,0.3504498920605112
roth_c_dpm_frac_crop,11,-0.04636192158119453,0.04636192158119453,0.06781926953344834,0.02402077268592379
roth_c_dpm_frac_tree,11,1.073635560747143,1.1360899803579276,1.2527664097598288,0.341409936363461
roth_c_moisture_b_slope,11,-0.9993884661006105,1.0971638430224322,1.2105154936107878,0.34224651177655074
roth_c_temp_a1,11,0.5624709613539726,0.5643809586045344,0.4688490280760329,0.1491747124212025
roth_c_temp_a2,11,-4.293126726633034,4.295946353683864,3.2614870281459316,0.9902409379103481
thinning_fraction_branch_delta,11,-0.2233391825282549,0.22822637794685532,0.25804501696966003,0.07233756267036398
thinning_fraction_croot_delta,11,-0.12303169008218211,0.12303169008218211,0.14321048801773636,0.04568558127817528
thinning_fraction_froot_delta,11,-0.05992290126028125,0.05992290126028125,0.07343700945931425,0.02093327935939037
thinning_fraction_leaf_delta,11,-0.06581186968873308,0.066152382513875,0.09195279384771837,0.0296686696829188
thinning_fraction_stem_delta,11,-0.4443947753758037,0.46362769545289506,0.5913336988136841,0.1482344755126619
tree_carbon_sp1,11,-2.99201348612491,3.1603754352051814,2.918761131137005,0.8007027988674394
tree_nitrogen_branch_sp1,11,0.061947950195556364,0.061947950195556364,0.05550148140054137,0.017769386102897102
tree_nitrogen_croot_sp1,11,0.16403778860376245,0.16403778860376245,0.183455929479109,0.05772754498978462
tree_nitrogen_froot_sp1,11,0.004299820066635718,0.004299820066635718,0.0040940545489504595,0.0013936460823365945
tree_nitrogen_leaf_sp1,11,0.9669269390889514,0.9669269390889514,0.9750408594411122,0.28033430139190435
tree_nitrogen_stem_sp1,11,0.005414477504226365,0.005414477504226365,0.004963646849716204,0.0015742542580579706
tree_root_in_top_30,11,-1.4610947649729058,1.4624156457479343,1.5434756417087112,0.495798295292918
tree_root_to_shoot_sp1,11,-2.3859683923004287,2.576141950695973,2.75542494323964,0.7806580784044412
cy0,12,0.17719899088705404,0.547878737522544,0.7983629061824125,0.16781333678321392
clay,12,-1.1687769409271538,1.1687769409271538,1.095938544263933,0.32333133736398034
temp_ci_delta,12,0.35166034015967784,0.3539737079605748,0.4033821885530355,0.1407035087335778
rain_ci_delta,12,1.706238924846458,1.9410713003018665,4.366308717652575,1.3773712297353105
evap_ci_delta,12,-0.353174783639556,0.35886250045228063,1.0466416249571697,0.34708664567911046
ef_N_inputs,12,0.8745590184321423,1.1598778567922008,1.4269242602968972,0.3548674549753213
volatile_frac_organic_fertiliser,12,-0.01630156757300334,0.01630156757300334,0.009909378296540077,0.0030138450609993542
volatile_frac_synthetic_fertiliser,12,0.2120865563500211,0.2120865563500211,0.11442689071693612,0.03573372926037102
base_sf_qty_scale,12,-0.12171437219275338,0.12171437219275338,0.060011127386040745,0.017457688627474818
proj_lit_qty_scale,12,0.004885821886063785,0.017369336550926956,0.02003159378119724,0.0028735942569238925
base_stand_density_scale,12,0.0,0.0,0.0,0.0
proj_stand_density_scale,12,-5.576644837163469,7.299539248759568,7.88982974273878,2.0574468004116553
tree_wood_dens_sp1,12,-8.377122851149961,12.087247850088442,15.182192702552497,3.618822283995737
base_cover,12,0.9317977747949445,0.9317977747949445,0.625789686793845,0.17361083398141153
base_fire_off,12,-0.07567880067863848,0.07567880067863848,0.14689869148455859,0.04839404300400015
base_fire_on,12,-0.2381353229492611,0.2381353229492611,0.23221998307158115,0.07554212823360545
base_sf_n_delta,12,-0.012054012840149874,0.012054012840149874,0.005283568101080602,0.0016692262153269607
crop_base_left_delta,12,0.3759131757004736,0.39223088229602004,0.2412052247027281,0.06209159623072987
crop_base_yield_delta,12,0.12718771079418323,0.1457336920685631,0.13823968756997373,0.034670839129557096
crop_carbon_above_sp3,12,0.03808014756644361,0.04276628270787365,0.037913650817390294,0.010176048937366079
crop_carbon_below_sp3,12,0.11588056563792185,0.11588056563792185,0.052983006385527935,0.01365827187456876
crop_intercept_sp3,12,0.009575756515233989,0.03239766894359821,0.04527659899785701,0.010370781155752148
crop_nitrogen_above_sp3,12,-0.02556667193054455,0.051845810268036974,0.08460975637830566,0.018409584526638136
crop_nitrogen_below_sp3,12,-0.04652885137277517,0.04652885137277517,0.03669579842613456,0.011912687054919713
crop_carbon_above_sp10,12,0.10561053383830174,0.10561053383830174,0.057082151405749876,0.016633369778685216
crop_carbon_below_sp10,12,0.051448949446003554,0.051448949446003554,0.039288335333581836,0.011856318648386908
crop_intercept_sp10,12,0.061455690519134534,0.06733531979121903,0.05817895646680307,0.013878153187504662
crop_nitrogen_above_sp10,12,-0.045703569131603186,0.045703569131603186,0.02984163700642221,0.008973887083695065
crop_nitrogen_below_sp10,12,-0.023142435699093973,0.023444840719468393,0.02940446716600233,0.008328548589452905
crop_proj_left_delta,12,0.00867619677155182,0.06811012927953819,0.08641974522702484,0.015721303191523293
crop_proj_yield_delta,12,0.11231743640554163,0.13258772507547525,0.09964648672756968,0.02097533129801172
crop_root_in_top_30,12,0.13139612078749216,0.13139612078749216,0.08548932112353226,0.026774152088253098
crop_root_to_shoot_sp3,12,0.16363556062383772,0.16363556062383772,0.07231846173084645,0.02222899656017698
crop_slope_sp3,12,0.04856231824260592,0.04856231824260592,0.03410622759832396,0.009468802734849274
crop_root_to_shoot_sp10,12,0.07445258594331938,0.07445258594331938,0.045420034399030376,0.015202735223075385
crop_slope_sp10,12,0.1022803069349375,0.12355303987413106,0.12397626550501442,0.02756216040881526
cy0_to_ceq_multiplier,12,0.03638047930422358,0.07352908111735798,0.12031069553139563,0.03100259166228606
litter_carbon,12,-0.005341190572823007,0.005341190572823007,0.002011624324459694,0.0005513569275325892
litter_nitrogen,12,0.01398206560187697,0.01398206560187697,0.00723299452115479,0.002439985892410515
mortality_fraction_branch_delta,12,-0.03482305159317334,0.04537051134888572,0.05161257344273845,0.011237979476943284
mortality_fraction_croot_delta,12,-0.021853244527800787,0.02204451121911134,0.02723605703345516,0.007227095983883713
mortality_fraction_froot_delta,12,-0.014881428046860847,0.015026942086210884,0.016593665186874402,0.00512315603895864
mortality_fraction_leaf_delta,12,-0.006056920867660914,0.009706259147458679,0.013122837304405239,0.0030904127425324616
mortality_fraction_stem_delta,12,-0.07991280751661525,0.09275548126420734,0.11559159875982562,0.031935331561899045
pool_alloc_froot_sp1,12,-0.7964506899688508,0.8109858291087834,0.8293850683266145,0.2621339353451559
pool_alloc_leaf_sp1,12,-0.26741555809337164,0.5839789393844813,0.7435766737198215,0.15292631430821643
pool_alloc_stem_sp1,12,-0.2979587856396518,0.3090832858358926,0.4505054314558629,0.12057739562707687
pool_turnover_branch_sp1,12,1.88557232642952,1.88557232642952,1.3821853720772517,0.43228582892709033
pool_turnover_croot_sp1,12,-0.8693210199519088,0.8914407197091236,0.9766271147218898,0.32354695205256523
pool_turnover_froot_sp1,12,-0.47554281653866115,0.47554281653866115,0.45045227429009543,0.13859185386367115
pool_turnover_leaf_sp1,12,-0.11100691355530685,0.2353326583574374,0.35264510798151333,0.09299976703432103
pool_turnover_stem_sp1,12,0.5125680508261696,0.5125680508261696,0.33400682369506735,0.09889878317350806
proj_cover,12,-4.058976553708869,4.058976553708869,2.887902222730514,0.868003769971153
proj_fire_off,12,0.08362089480234383,0.08362089480234383,0.12715505907677252,0.043429197577198125
proj_fire_on,12,2.798971440232459,2.798971440232459,2.241107977719891,0.6623404287368025
proj_mortality,12,9.036153723722189,9.036153723722189,7.164417812382306,2.316383306614373
proj_thinning_delta,12,31.136872397258365,31.136872397258365,17.838093757890917,4.689877647942557
roth_c_cover_c,12,0.6321874853890825,0.7871543401827198,1.0847719638197528,0.32496331992060745
roth_c_dpm_frac_crop,12,-0.07525562731434374,0.07525562731434374,0.06178227028604641,0.020927395074627715
roth_c_dpm_frac_tree,12,0.5809330263686596,0.9399507650647394,1.2027593204046023,0.27237789584177424
roth_c_moisture_b_slope,12,-0.9295576471140967,1.0243540497800718,1.177989785363481,0.33338344205075454
roth_c_temp_a1,12,0.509750121329351,0.512423782557884,0.4745214191902423,0.14697779724708215
roth_c_temp_a2,12,-3.8279112737232746,3.863166595579389,3.176800530737025,0.950419253365924
thinning_fraction_branch_delta,12,0.12338944580110948,0.12338944580110948,0.1361748450158826,0.03863421419437586
thinning_fraction_croot_delta,12,0.04042751433279622,0.04147098533564058,0.0516125008430469,0.016373797188939672
thinning_fraction_froot_delta,12,0.023656815902270804,0.023656815902270804,0.02868036782575622,0.008601182678522671
thinning_fraction_leaf_delta,12,0.041112440740170314,0.041112440740170314,0.049127317896618485,0.014735576490997894
thinning_fraction_stem_delta,12,0.24588932024352222,0.24802674550748333,0.29553640747496684,0.08738651735170323
tree_carbon_sp1,12,-2.7297439817048157,3.0986089593417834,2.989373420738067,0.7793313169324219
tree_nitrogen_branch_sp1,12,0.05080286277979079,0.05080286277979079,0.0417189096453111,0.012969921365552686
tree_nitrogen_croot_sp1,12,0.1635278234255486,0.1635278234255486,0.18885495072229289,0.059065622752342846
tree_nitrogen_froot_sp1,12,0.004416617294586067,0.004416617294586067,0.004308953674574274,0.0014755942376033038
tree_nitrogen_leaf_sp1,12,0.9870905759397555,0.9870905759397555,1.0196586672737862,0.2925236877045026
tree_nitrogen_stem_sp1,12,0.0040960942361903145,0.0040960942361903145,0.003325679822005908,0.0010727077625564039
tree_root_in_top_30,12,-1.3184195634062061,1.3529437758087237,1.5823851829128857,0.5009673307988144
tree_root_to_shoot_sp1,12,-2.12411972831326,2.520473547595739,2.886031955023015,0.7963349457864609
cy0,13,0.1596094461705654,0.5036138452321522,0.7317382620667295,0.15383787896606274
clay,13,-1.1528284916532807,1.1528284916532807,1.11894820695144,0.3283643856328353
temp_ci_delta,13,0.32120479393059786,0.3337612118949697,0.4074017102957681,0.1387294633538602
rain_ci_delta,13,1.5767405872587186,1.8080670446503233,4.289608261342149,1.363500704728921
evap_ci_delta,13,-0.33851769453003133,0.34596039333596396,1.0257767769169015,0.3399704826608387
ef_N_inputs,13,0.9333892886351478,1.2194431829171086,1.506492749597881,0.37732112282148406
volatile_frac_organic_fertiliser,13,-0.016301567573003474,0.016301567573003474,0.00990937829654033,0.0030138450609994466
volatile_frac_synthetic_fertiliser,13,0.21208655635002124,0.21208655635002124,0.11442689071693586,0.035733729260370876
base_sf_qty_scale,13,-0.1217143721927535,0.1217143721927535,0.060011127386040405,0.017457688627474748
proj_lit_qty_scale,13,0.006371945489042255,0.01737753802401533,0.019726726793132005,0.0029353319447249816
base_stand_density_scale,13,0.0,0.0,0.0,0.0
proj_stand_density_scale,13,-5.938573499918459,7.519181076657523,8.062647763724375,2.157304449206734
tree_wood_dens_sp1,13,-8.888538571954323,12.379899822778913,15.593645164147192,3.773559600243108
base_cover,13,0.8754557676945515,0.8754557676945515,0.5895926473050578,0.16321463424978497
base_fire_off,13,-0.07567880067863852,0.07567880067863852,0.14689869148455897,0.048394043004000346
base_fire_on,13,-0.2339237097271089,0.2339237097271089,0.22312763557854848,0.07241404342645646
base_sf_n_delta,13,-0.012054012840149817,0.012054012840149817,0.005283568101080937,0.0016692262153271897
crop_base_left_delta,13,0.3615267212712423,0.3786073076076103,0.2350294844480487,0.06006118862933776
crop_base_yield_delta,13,0.11454514671822032,0.13831928447126168,0.1343484611720014,0.032224579394660204
crop_carbon_above_sp3,13,0.029942053539812552,0.03759532729355427,0.03655304117588288,0.008454714766001733
crop_carbon_below_sp3,13,0.08593973175079989,0.08593973175079989,0.04529043007225688,0.01184604376187974
crop_intercept_sp3,13,0.009214292170150197,0.031291476545304585,0.04373147433208909,0.010134624980307563
crop_nitrogen_above_sp3,13,-0.025566671930545005,0.05184581026803683,0.0846097563783055,0.0184095845266379
crop_nitrogen_below_sp3,13,-0.0465288513727747,0.0465288513727747,0.03669579842613484,0.01191268705491964
crop_carbon_above_sp10,13,0.09833878591462918,0.09833878591462918,0.054156484824579736,0.01565437235910708
crop_carbon_below_sp10,13,0.04785473530053453,0.04785473530053453,0.0370387861575386,0.011182328172565596
crop_intercept_sp10,13,0.05498552139445656,0.061975234893772546,0.05609207168653717,0.012882215043192716
crop_nitrogen_above_sp10,13,-0.04570356913160326,0.04570356913160326,0.029841637006421933,0.008973887083695047
crop_nitrogen_below_sp10,13,-0.023142435699092766,0.023444840719467185,0.029404467166002386,0.008328548589453094
crop_proj_left_delta,13,-0.014697762147509874,0.0659060663347161,0.08433699893929356,0.0162594699101412
crop_proj_yield_delta,13,0.10856374055473221,0.12805796292842642,0.09646853921507091,0.020458275181960667
crop_root_in_top_30,13,0.10076377436072788,0.10076377436072788,0.07782763348944785,0.024403547497633075
crop_root_to_shoot_sp3,13,0.11562199357776932,0.11562199357776932,0.06667832942280164,0.02066571738102968
crop_slope_sp3,13,0.02660012598016868,0.030554058650033005,0.034842455942798084,0.008882117369195272
crop_root_to_shoot_sp10,13,0.06827288704962246,0.06827288704962246,0.04232807857437625,0.014171322448571114
crop_slope_sp10,13,0.08733455994139044,0.11398555144703863,0.11677803977538678,0.02460637914927152
cy0_to_ceq_multiplier,13,0.030405697824425742,0.06345517288446009,0.10438969410378914,0.026862915000321192
litter_carbon,13,-0.0050936255645733005,0.0050936255645733005,0.0018982590422982908,0.0005209495515899495
litter_nitrogen,13,0.01398206560187707,0.01398206560187707,0.007232994521154259,0.0024399858924104376
mortality_fraction_branch_delta,13,-0.035330536535182366,0.046221999219771014,0.053093386016119896,0.01165258599730466
mortality_fraction_croot_delta,13,-0.022192770121776884,0.02238757913064985,0.027836861261361857,0.0073619768835491255
mortality_fraction_froot_delta,13,-0.014992192263864132,0.01516925602445903,0.016819182652503557,0.00520458266927017
mortality_fraction_leaf_delta,13,-0.005931930141834128,0.009688387116639642,0.013006770627339464,0.0030247960456768162
mortality_fraction_stem_delta,13,-0.08014463206635015,0.09342972684437122,0.11841168909822936,0.032244902183249075
pool_alloc_froot_sp1,13,-0.8173649256095132,0.8304955073556666,0.8545534614358061,0.271528884017736
pool_alloc_leaf_sp1,13,-0.26100367570768124,0.5857235601449723,0.7411729348828606,0.14895054732765273
pool_alloc_stem_sp1,13,-0.31469291409412536,0.3239463742614459,0.4768838713010011,0.12816855556486104
pool_turnover_branch_sp1,13,2.007359970668037,2.007359970668037,1.5260854916738502,0.47687486743242713
pool_turnover_croot_sp1,13,-0.8796894072289156,0.9046478393397113,0.9988326058024943,0.33097568525757176
pool_turnover_froot_sp1,13,-0.47500079384447264,0.47500079384447264,0.4521951868931892,0.13954709905964227
pool_turnover_leaf_sp1,13,-0.1074871827722534,0.23481849864566695,0.35741937769260845,0.09431425460083434
pool_turnover_stem_sp1,13,0.5462265973775077,0.5462265973775077,0.3679320686750041,0.10951652386827904
proj_cover,13,-3.7290966169914364,3.7290966169914364,2.8314841397844046,0.8465230999242986
proj_fire_off,13,0.0836208948023441,0.0836208948023441,0.12715505907677332,0.04342919757719845
proj_fire_on,13,2.9623410685605682,2.9623410685605682,2.381458934869719,0.6996760900174094
proj_mortality,13,9.736643037808934,9.736643037808934,7.921190241475457,2.5628345594224746
proj_thinning_delta,13,31.371076687052817,31.371076687052817,18.391506950643148,4.8232924016737995
roth_c_cover_c,13,0.5995607588383217,0.7539842218849724,1.0679841163328196,0.31955571001104655
roth_c_dpm_frac_crop,13,-0.056548781028227205,0.056548781028227205,0.05672251562265839,0.019037875608221188
roth_c_dpm_frac_tree,13,0.5986712441953307,0.8872642783615339,1.1744536966268542,0.278634971132919
roth_c_moisture_b_slope,13,-0.8848913241627709,0.9760928900920888,1.1677133318038606,0.33106781988038814
roth_c_temp_a1,13,0.47838944895706115,0.48780154371218226,0.49049191048388485,0.1468103409070219
roth_c_temp_a2,13,-3.508661359986366,3.595450349544426,3.21042393189729,0.9429697636661206
thinning_fraction_branch_delta,13,0.07185714612091886,0.07185714612091886,0.09261260252255216,0.02566685486316381
thinning_fraction_croot_delta,13,0.01833112329123645,0.020731925225068122,0.027973532693681438,0.008220391333616892
thinning_fraction_froot_delta,13,0.012780782693066376,0.012780782693066376,0.014808585403258268,0.004397404881478318
thinning_fraction_leaf_delta,13,0.026679999062800618,0.026679999062800618,0.03108476277168124,0.009575836908894629
thinning_fraction_stem_delta,13,0.156426622768753,0.16007052606686464,0.20105205720478458,0.058892892145879144
tree_carbon_sp1,13,-2.8590661431069178,3.2079340215132772,3.098776868331174,0.8164912043188205
tree_nitrogen_branch_sp1,13,0.05207851203353823,0.05207851203353823,0.04280671759868657,0.013274627980690621
tree_nitrogen_croot_sp1,13,0.16935817772601908,0.16935817772601908,0.1990637376934919,0.06222977142397819
tree_nitrogen_froot_sp1,13,0.004589911537182698,0.004589911537182698,0.004568650967869787,0.001568565241278977
tree_nitrogen_leaf_sp1,13,1.0186696620597762,1.0186696620597762,1.0743437340895947,0.3076915409292537
tree_nitrogen_stem_sp1,13,0.0041460909662571765,0.0041460909662571765,0.0033929067009012604,0.0010925275674990985
tree_root_in_top_30,13,-1.3697380283806126,1.3990629571364566,1.630365297070297,0.517308212580166
tree_root_to_shoot_sp1,13,-2.2219208170647433,2.6026375421874564,2.984256765023466,0.8324070746534339
cy0,14,0.14317536565566039,0.46083553937346833,0.6695165429799903,0.14128776690358202
clay,14,-1.1518107527142338,1.1518107527142338,1.1520397443384507,0.33695826892948283
temp_ci_delta,14,0.31015486754787436,0.32712585311335,0.40862345012792556,0.1371568558854724
rain_ci_delta,14,1.5001834183856015,1.732352133441729,4.263721550595864,1.3609194593205693
evap_ci_delta,14,-0.3330508395161237,0.34149417319669034,1.0125120722254877,0.33583731760139074
ef_N_inputs,14,0.994954668660923,1.2834499282075578,1.5905833481008305,0.4008655019035855
volatile_frac_organic_fertiliser,14,-0.016301567573003006,0.016301567573003006,0.009909378296540051,0.003013845060999311
volatile_frac_synthetic_fertiliser,14,0.21208655635002094,0.21208655635002094,0.11442689071693644,0.035733729260371085
base_sf_qty_scale,14,-0.12171437219275323,0.12171437219275323,0.06001112738604,0.017457688627474682
proj_lit_qty_scale,14,0.007667876444281585,0.01742749484951046,0.0194962707342328,0.003031650340543054
base_stand_density_scale,14,0.0,0.0,0.0,0.0
proj_stand_density_scale,14,-6.2143444955706775,7.721179020020503,8.289203937076321,2.2535738011401096
tree_wood_dens_sp1,14,-9.292711879567161,12.713367963245632,16.121788936200524,3.9327345872903114
base_cover,14,0.8231432689415625,0.8231432689415625,0.5573131558244221,0.15415785381588748
base_fire_off,14,-0.07567880067863819,0.07567880067863819,0.1468986914845579,0.04839404300399996
base_fire_on,14,-0.23007297267344035,0.23007297267344035,0.21490060362208535,0.06956060705776898
base_sf_n_delta,14,-0.0120540128401503,0.0120540128401503,0.005283568101080158,0.0016692262153269015
crop_base_left_delta,14,0.3488000212759614,0.36660068345406555,0.2299599694819943,0.058396202734189974
crop_base_yield_delta,14,0.10337787850737865,0.13215974266892855,0.13137130069827146,0.030186947486911038
crop_carbon_above_sp3,14,0.026348961096170197,0.03527785662934422,0.03565501681057866,0.007760070860686661
crop_carbon_below_sp3,14,0.0719228954449603,0.0719228954449603,0.04164476694834876,0.010978738787940662
crop_intercept_sp3,14,0.008908681659645513,0.03032431632859402,0.04242482958837234,0.00995265798485596
crop_nitrogen_above_sp3,14,-0.02556667193054455,0.051845810268036904,0.08460975637830553,0.018409584526638084
crop_nitrogen_below_sp3,14,-0.04652885137277421,0.04652885137277421,0.036695798426133984,0.011912687054919454
crop_carbon_above_sp10,14,0.0925837227184355,0.0925837227184355,0.051929176831208,0.014909436840778334
crop_carbon_below_sp10,14,0.045023106026388746,0.045023106026388746,0.03523119360607659,0.01064090790367258
crop_intercept_sp10,14,0.04990724561781093,0.05790860539984126,0.05459042121391641,0.012198126502676059
crop_nitrogen_above_sp10,14,-0.04570356913160306,0.04570356913160306,0.02984163700642242,0.008973887083695179
crop_nitrogen_below_sp10,14,-0.02314243569909336,0.02344484071946781,0.02940446716600241,0.008328548589453
crop_proj_left_delta,14,-0.024413428277142254,0.06667377995242556,0.08309204109718814,0.016712762138189338
crop_proj_yield_delta,14,0.10689755174236412,0.125403616985112,0.09445069635899107,0.020348069796872148
crop_root_in_top_30,14,0.08605793304120289,0.08629781105247734,0.07311400775702338,0.022928154780320648
crop_root_to_shoot_sp3,14,0.09417316419754605,0.0943903979579577,0.06242394873533414,0.019305964698600762
crop_slope_sp3,14,0.01674759642806516,0.025581587529241286,0.03490358133245778,0.008615341324492543
crop_root_to_shoot_sp10,14,0.06336452565723652,0.06336452565723652,0.04006457355696899,0.013405622830252826
crop_slope_sp10,14,0.07541180065610645,0.1064885024907026,0.11158442365505937,0.022534050316050578
cy0_to_ceq_multiplier,14,0.02554393841405838,0.05517632518885233,0.09113577766893641,0.023374931800220055
litter_carbon,14,-0.0048767431966645295,0.0048767431966645295,0.0018089080840327152,0.000497288173037157
litter_nitrogen,14,0.013982065601876353,0.013982065601876353,0.007232994521154582,0.0024399858924104706
mortality_fraction_branch_delta,14,-0.035737278488098254,0.04702404207627234,0.05448020064511949,0.012019605565446477
mortality_fraction_croot_delta,14,-0.02245351029644269,0.022695387583398084,0.028392338008625947,0.007476015491854288
mortality_fraction_froot_delta,14,-0.015096531796648136,0.01531180366750091,0.017107003877733694,0.00530003128285361
mortality_fraction_leaf_delta,14,-0.00578332270401471,0.009796158995876474,0.013028621409613833,0.0029864441543440558
mortality_fraction_stem_delta,14,-0.0804136767802909,0.09450593161822114,0.12179074899164838,0.03275133354202403
pool_alloc_froot_sp1,14,-0.8351908853132721,0.8493201012597742,0.8861306425752424,0.2822380960476626
pool_alloc_leaf_sp1,14,-0.25170629161511054,0.5916980290909644,0.7454517429981854,0.14657357935252097
pool_alloc_stem_sp1,14,-0.329965709728154,0.33879781598976244,0.5054516879540873,0.1362401898054607
pool_turnover_branch_sp1,14,2.124416171517187,2.124416171517187,1.6759739175990604,0.523270881643747
pool_turnover_croot_sp1,14,-0.888099991008712,0.9158197557902283,1.027379205441012,0.3403904032180533
pool_turnover_froot_sp1,14,-0.47400774259875816,0.47400774259875816,0.45803824297930623,0.14150716178986184
pool_turnover_leaf_sp1,14,-0.10346630265501833,0.23663563872334453,0.3652122465647508,0.09597654544821883
pool_turnover_stem_sp1,14,0.5790098368258809,0.5790098368258809,0.4031921068738594,0.12052979188554439
proj_cover,14,-3.5520315314726587,3.5520315314726587,2.800512899783921,0.8368333491363135
proj_fire_off,14,0.08362089480234333,0.08362089480234333,0.12715505907677205,0.04342919757719793
proj_fire_on,14,3.064251287049868,3.064251287049868,2.4903694593930723,0.7309827393749599
proj_mortality,14,10.438157642430262,10.438157642430262,8.7205419113876,2.822170804182546
proj_thinning_delta,14,31.973337765138353,31.973337765138353,18.90226143690699,4.949056705509765
roth_c_cover_c,14,0.5720593953080936,0.7211874362013846,1.0402169084418456,0.31276631377828196
roth_c_dpm_frac_crop,14,-0.04201590052478218,0.04201590052478218,0.050469246333900715,0.016851283979760684
roth_c_dpm_frac_tree,14,0.6333721566736484,0.8965235459959577,1.19569060954151,0.2898807028674994
roth_c_moisture_b_slope,14,-0.8812846394190423,0.9658971313514992,1.170910670938929,0.33116061909209915
roth_c_temp_a1,14,0.4723838261580687,0.4877891853522698,0.5032330744411407,0.14761385543325406
roth_c_temp_a2,14,-3.385178445011141,3.503155908104378,3.265298528091756,0.9579390719488269
thinning_fraction_branch_delta,14,0.050339821930266496,0.05083864051600149,0.07629810063169017,0.02119617257613044
thinning_fraction_croot_delta,14,0.00830539038272471,0.01188974425825995,0.018670456347642937,0.004881171128957865
thinning_fraction_froot_delta,14,0.00782110417923057,0.008115555733020457,0.010612555475623238,0.0031349188516721182
thinning_fraction_leaf_delta,14,0.020383324625652798,0.020383324625652798,0.024430488533657056,0.007536121931299299
thinning_fraction_stem_delta,14,0.11611035626993024,0.11668694430820725,0.1616133299251559,0.048982678157215395
tree_carbon_sp1,14,-2.965315291701476,3.313268669933124,3.219139838733364,0.8541629587097663
tree_nitrogen_branch_sp1,14,0.05340811735935751,0.05340811735935751,0.04398501209614293,0.013604882357276894
tree_nitrogen_croot_sp1,14,0.17543042713693519,0.17543042713693519,0.20980842041019726,0.06555958481728219
tree_nitrogen_froot_sp1,14,0.004771714243237089,0.004771714243237089,0.004841924726443308,0.0016663041774311255
tree_nitrogen_leaf_sp1,14,1.0517130571511146,1.0517130571511146,1.1317735513789526,0.3236988859246826
tree_nitrogen_stem_sp1,14,0.004201192189172529,0.004201192189172529,0.0034759618379551064,0.0011170816784024863
tree_root_in_top_30,14,-1.4073562385799696,1.4393994222398294,1.6897518780601108,0.5364420188654562
tree_root_to_shoot_sp1,14,-2.2944178300072364,2.673895420994056,3.090425737100759,0.8695417348880972
cy0,15,0.1279025729999016,0.4198188228076531,0.6118216073668752,0.13011095988196686
clay,15,-1.1567766239113388,1.1567766239113388,1.1915387783440756,0.3476422969851487
temp_ci_delta,15,0.3090659902607101,0.32962046445732474,0.4135319498624246,0.1379566209997191
rain_ci_delta,15,1.466779132905714,1.6930923886729754,4.293614595121578,1.3747474603467948
evap_ci_delta,15,-0.3353738900555606,0.3432471704390263,1.0164565458661448,0.3376727361450971
ef_N_inputs,15,1.0592514389847656,1.3514748199227795,1.6791620938444778,0.42541841769927724
volatile_frac_organic_fertiliser,15,-0.016301567573003623,0.016301567573003623,0.009909378296539489,0.0030138450609992263
volatile_frac_synthetic_fertiliser,15,0.21208655635002063,0.21208655635002063,0.11442689071693675,0.03573372926037114
base_sf_qty_scale,15,-0.12171437219275365,0.12171437219275365,0.06001112738603987,0.01745768862747457
proj_lit_qty_scale,15,0.008818673042494802,0.017635596918208634,0.01931483538606069,0.0031058557740812173
base_stand_density_scale,15,0.0,0.0,0.0,0.0
proj_stand_density_scale,15,-1.9125673619475765,7.75082022148258,9.461638449630009,1.6513445251235168
tree_wood_dens_sp1,15,-2.868432312482623,14.901233932427038,18.378559856886667,3.1847360671354785
base_cover,15,0.7744572757283072,0.7744572757283072,0.5285884628420464,0.14629255294001953
base_fire_off,15,-0.07567880067863797,0.07567880067863797,0.14689869148455748,0.04839404300399974
base_fire_on,15,-0.2265165617785838,0.2265165617785838,0.2073742015767089,0.06693283215437405
base_sf_n_delta,15,-0.012054012840150025,0.012054012840150025,0.005283568101080568,0.001669226215327134
crop_base_left_delta,15,0.33732474697876796,0.35581083646323364,0.22571386015175182,0.057008219804443365
crop_base_yield_delta,15,0.09333992216536222,0.12737388435840527,0.12909038329278416,0.028191938456470403
crop_carbon_above_sp3,15,0.024141441056253748,0.03375265411594918,0.03488842163379948,0.007347285905181506
crop_carbon_below_sp3,15,0.06287044956088209,0.06287044956088209,0.0393575482240013,0.01040809721516376
crop_intercept_sp3,15,0.008646532154775866,0.029542601166281247,0.041308988328839974,0.009792725636472464
crop_nitrogen_above_sp3,15,-0.02556667193054508,0.05184581026803801,0.08460975637830598,0.01840958452663802
crop_nitrogen_below_sp3,15,-0.04652885137277478,0.04652885137277478,0.036695798426134144,0.011912687054919541
crop_carbon_above_sp10,15,0.08787447076555042,0.08787447076555042,0.05017302968263497,0.014323539616527568
crop_carbon_below_sp10,15,0.042715254240800006,0.04279766253940746,0.03375127127171267,0.010139202397486391
crop_intercept_sp10,15,0.04579585314581365,0.05496445898695088,0.05349730077497049,0.011590883445715612
crop_nitrogen_above_sp10,15,-0.045703569131603075,0.045703569131603075,0.029841637006421777,0.008973887083694945
crop_nitrogen_below_sp10,15,-0.0231424356990935,0.023444840719468053,0.02940446716600219,0.008328548589452771
crop_proj_left_delta,15,-0.029600382436358104,0.06736795151458569,0.08247733962561554,0.01713601800706572
crop_proj_yield_delta,15,0.10653688322207236,0.12402084385535668,0.09310319619736852,0.02040605262375657
crop_root_in_top_30,15,0.07649560537474248,0.07698239606497656,0.06933166074827499,0.021751020668259204
crop_root_to_shoot_sp3,15,0.08033256863240705,0.08133450616306992,0.05880876012080027,0.018074320569760813
crop_slope_sp3,15,0.01041302576387682,0.023882180669363567,0.034756715771048385,0.008392209965075479
crop_root_to_shoot_sp10,15,0.059347781572709604,0.059347781572709604,0.03836896126193382,0.012825644648531765
crop_slope_sp10,15,0.06558638677181985,0.10060489944045665,0.10774229216362533,0.0210008572171274
cy0_to_ceq_multiplier,15,0.021532620920648622,0.04826669872251235,0.08006259471803101,0.02044524590889794
litter_carbon,15,-0.004683167400192145,0.004683167400192145,0.0017373486699531135,0.0004785524153143218
litter_nitrogen,15,0.013982065601877286,0.013982065601877286,0.007232994521154127,0.00243998589241028
mortality_fraction_branch_delta,15,-0.0361358927840313,0.04785311651376906,0.05582832982076609,0.012353593640329789
mortality_fraction_croot_delta,15,-0.02269310057356616,0.023032601657591988,0.02894740742992491,0.007576963159079537
mortality_fraction_froot_delta,15,-0.015217067211291551,0.0154704400914012,0.017443497264722788,0.005407603600589985
mortality_fraction_leaf_delta,15,-0.005639652650303856,0.00994809012782138,0.013134921701759792,0.002971266286265565
mortality_fraction_stem_delta,15,-0.0808698759726647,0.09584576697140708,0.12549345965073316,0.03341961997156067
pool_alloc_froot_sp1,15,-0.7948591251936115,0.8366407851618802,0.9237105838790485,0.2860923754498195
pool_alloc_leaf_sp1,15,-0.2207222771261613,0.6062800912025681,0.7601960012646806,0.14419135148829057
pool_alloc_stem_sp1,15,-0.19435585038291187,0.27027530132538724,0.48029966619703923,0.1265020580531908
pool_turnover_branch_sp1,15,1.6292854353674393,1.709520704029181,1.7979652052841402,0.5361115079431479
pool_turnover_croot_sp1,15,-1.5428892312547762,1.5733163051078933,1.4055934383206368,0.4574836699907535
pool_turnover_froot_sp1,15,-0.784327014820319,0.784327014820319,0.6743604550288331,0.20626454111035877
pool_turnover_leaf_sp1,15,-0.2506450766756703,0.30478870652844614,0.40154480049650365,0.10810720897486012
pool_turnover_stem_sp1,15,0.4666450402187337,0.48853954659491966,0.44152420641906126,0.12499035352414678
proj_cover,15,-3.4634683490394957,3.4634683490394957,2.8340786298616507,0.84889828397121
proj_fire_off,15,0.0836208948023438,0.0836208948023438,0.12715505907677246,0.043429197577198084
proj_fire_on,15,3.1457318284368583,3.1457318284368583,2.5871071856604324,0.7604648143352544
proj_mortality,15,8.430710594145392,8.678041990079329,8.922475273435868,2.786744535262744
proj_thinning_delta,15,37.41816175004178,37.41816175004178,17.87785626888571,4.914934526322516
roth_c_cover_c,15,0.5566065546404267,0.698802591842479,1.0262674118170392,0.3116483425351025
roth_c_dpm_frac_crop,15,-0.03230271000340424,0.03230271000340424,0.044743908749386635,0.014834031671056002
roth_c_dpm_frac_tree,15,0.6574794779492259,0.9274511699187921,1.2396022900928387,0.3041856369840409
roth_c_moisture_b_slope,15,-0.9002853779879837,0.9769917435004066,1.1895802920190008,0.3355834085206634
roth_c_temp_a1,15,0.4782995360313514,0.5036411854889256,0.5180981693596508,0.14949740618517296
roth_c_temp_a2,15,-3.381735050237701,3.5165660351905075,3.369158714901252,0.993587967280484
thinning_fraction_branch_delta,15,0.03934033445584778,0.040291639977735404,0.06671009114884263,0.01868243448348865
thinning_fraction_croot_delta,15,0.002903986144405302,0.009001094519725994,0.01597087424038623,0.0038251310023482542
thinning_fraction_froot_delta,15,0.005099284531574,0.006092914541417605,0.009779222345209221,0.002823285216038842
thinning_fraction_leaf_delta,15,0.01679510695053641,0.01679510695053641,0.0209708509825602,0.006412008991917869
thinning_fraction_stem_delta,15,0.09361629872426791,0.09514482498405881,0.14278120438117764,0.043113919403929286
tree_carbon_sp1,15,-1.3711260694702405,2.974464126211734,3.4651592093074566,0.6827713350386871
tree_nitrogen_branch_sp1,15,0.05479039103667045,0.05479039103667045,0.045254046425748894,0.013960775397886744
tree_nitrogen_croot_sp1,15,0.1817449385190068,0.1817449385190068,0.22109792196315128,0.06905760013571378
tree_nitrogen_froot_sp1,15,0.004962119995790171,0.004962119995790171,0.0051289992032236545,0.0017689019226196305
tree_nitrogen_leaf_sp1,15,1.0862171833579597,1.0862171833579597,1.1919390907423908,0.3405458411531978
tree_nitrogen_stem_sp1,15,0.004261327146570887,0.004261327146570887,0.0035742029388647458,0.0011462267587652893
tree_root_in_top_30,15,-1.441482628601074,1.4800511153193643,1.7584184110642833,0.558195611430462
tree_root_to_shoot_sp1,15,-0.7334627391980583,2.3056248760102505,2.952864648537987,0.6066385718894782
cy0,16,0.11376554655085729,0.38071910693821487,0.5586562904707314,0.12023451837343248
clay,16,-1.2202334373414703,1.2202334373414703,1.2491019314068104,0.3640949577144701
temp_ci_delta,16,0.3491793683239665,0.3594446495293848,0.4229743606865083,0.14255193933222898
rain_ci_delta,16,1.567850510731021,1.7703544121850978,4.394683296700849,1.4004910996686548
evap_ci_delta,16,-0.3655029229197288,0.36964290528711125,1.0865278175520718,0.3617978244486515
ef_N_inputs,16,1.1274336969681393,1.4255291212668593,1.7721571254469872,0.45136835419856963
volatile_frac_organic_fertiliser,16,-0.016301567573002364,0.016301567573002364,0.009909378296539352,0.003013845060999256
volatile_frac_synthetic_fertiliser,16,0.21208655635002022,0.21208655635002022,0.11442689071693594,0.03573372926037081
base_sf_qty_scale,16,-0.12171437219275287,0.12171437219275287,0.06001112738604015,0.01745768862747472
proj_lit_qty_scale,16,0.00985636319292423,0.01793973893776127,0.019165989502509913,0.0031688004240866168
base_stand_density_scale,16,0.0,0.0,0.0,0.0
proj_stand_density_scale,16,-7.47483831438832,8.428088334042059,8.763759578666791,2.5902536031854813
tree_wood_dens_sp1,16,-11.36419015774668,13.566569839253518,16.969178304140435,4.358538836330882
base_cover,16,0.7290534107896469,0.7290534107896469,0.5030882492549762,0.13947993461444178
base_fire_off,16,-0.07567880067863865,0.07567880067863865,0.14689869148455886,0.04839404300400025
base_fire_on,16,-0.22320541203010716,0.22320541203010716,0.20042993243483337,0.06449511390763052
base_sf_n_delta,16,-0.012054012840150055,0.012054012840150055,0.005283568101080406,0.0016692262153269856
crop_base_left_delta,16,0.32681431894423535,0.3459565967089513,0.22208659144210638,0.05583281466663197
crop_base_yield_delta,16,0.08418249568900751,0.12318058716844234,0.12734124710295913,0.02658215130086557
crop_carbon_above_sp3,16,0.022660512994013705,0.03259990438407763,0.03416900363937233,0.007068222462726126
crop_carbon_below_sp3,16,0.05663741671773873,0.05663741671773873,0.03785488074347688,0.010035794617613482
crop_intercept_sp3,16,0.008420392592499165,0.028879653550665713,0.04034674578726575,0.00964644746503511
crop_nitrogen_above_sp3,16,-0.025566671930544616,0.05184581026803745,0.08460975637830587,0.018409584526638156
crop_nitrogen_below_sp3,16,-0.046528851372775216,0.046528851372775216,0.03669579842613427,0.011912687054919656
crop_carbon_above_sp10,16,0.08390616435947552,0.08390616435947552,0.04873877793665047,0.013847579247794103
crop_carbon_below_sp10,16,0.04077859666616797,0.040925506193088566,0.032514827628603526,0.009723595161175798
crop_intercept_sp10,16,0.0423721198580574,0.052806363533870804,0.052691339121108766,0.01106716434125281
crop_nitrogen_above_sp10,16,-0.04570356913160288,0.04570356913160288,0.029841637006421843,0.00897388708369493
crop_nitrogen_below_sp10,16,-0.023142435699093043,0.023444840719467525,0.02940446716600273,0.008328548589453118
crop_proj_left_delta,16,-0.03224753393430908,0.06761490523187219,0.08212808127434283,0.017453371001232027
crop_proj_yield_delta,16,0.10700202101390585,0.12345906690776169,0.09215850654236474,0.0205586138514978
crop_root_in_top_30,16,0.06970591440177593,0.07071855535927128,0.06621746901035003,0.02074006591086946
crop_root_to_shoot_sp3,16,0.0707297936685318,0.07227681639362915,0.05598526816722307,0.017136731299524935
crop_slope_sp3,16,0.006067256960699377,0.023632411107258007,0.03453267206873228,0.00806953718445243
crop_root_to_shoot_sp10,16,0.05597178945210866,0.05597178945210866,0.037062225566018174,0.012375779282722916
crop_slope_sp10,16,0.05725645424080481,0.09569507747462051,0.10481925258657718,0.019927547518713618
cy0_to_ceq_multiplier,16,0.018179599529774555,0.04237504352640305,0.07080591388608655,0.018008713116811542
litter_carbon,16,-0.004507737958000191,0.004507737958000191,0.0016790215780084878,0.00046342373594348153
litter_nitrogen,16,0.01398206560187693,0.01398206560187693,0.0072329945211547725,0.002439985892410506
mortality_fraction_branch_delta,16,-0.02605113186822865,0.045378060001629875,0.054012176753985765,0.010687129543786627
mortality_fraction_croot_delta,16,-0.018094039427945092,0.02036650519005983,0.026890742267577195,0.00673031661090021
mortality_fraction_froot_delta,16,-0.01236648777214137,0.013452682988176794,0.016133942680525447,0.0047708541823867166
mortality_fraction_leaf_delta,16,-0.0022739107112126748,0.009739497540692137,0.012727630538471611,0.0024174337356608813
mortality_fraction_stem_delta,16,-0.06073211083745159,0.09045876321506592,0.12228332070924347,0.029952857493614517
pool_alloc_froot_sp1,16,-0.8289490004172194,0.8554187675601461,0.942324006503363,0.29819089446907415
pool_alloc_leaf_sp1,16,-0.17474493644658484,0.6124419337545902,0.763431512566322,0.13731440571512166
pool_alloc_stem_sp1,16,-0.37660732310383505,0.37868361267742573,0.5671314824159135,0.16152005760942162
pool_turnover_branch_sp1,16,2.479242808417067,2.479242808417067,2.037822188638577,0.637357887693056
pool_turnover_croot_sp1,16,-0.652010405942397,0.7016922182515986,1.0550850006759975,0.33878329386374145
pool_turnover_froot_sp1,16,-0.35362627763575893,0.3744036399260126,0.44189657841561847,0.12985389571844963
pool_turnover_leaf_sp1,16,-0.02634451650914027,0.23162665269607713,0.3761908430081204,0.09496798860302809
pool_turnover_stem_sp1,16,0.6631952774662405,0.6631952774662405,0.47760235101507864,0.1440486262018596
proj_cover,16,-3.722876716035592,3.722876716035592,3.0329758212084967,0.9135529040834787
proj_fire_off,16,0.08362089480234444,0.08362089480234444,0.12715505907677432,0.04342919757719877
proj_fire_on,16,4.199620213463794,4.199620213463794,3.9959246396374497,1.1418143108555914
proj_mortality,16,12.313709653849452,12.313709653849452,10.671740093567543,3.437416550715349
proj_thinning_delta,16,31.9505966693101,31.9505966693101,22.21890586613421,5.826930121575763
roth_c_cover_c,16,0.5988484559426397,0.7291904079001353,1.1161911725819553,0.3485341330577764
roth_c_dpm_frac_crop,16,-0.025572532181999647,0.025572532181999647,0.039795546689355484,0.013086009972614004
roth_c_dpm_frac_tree,16,1.1699925775772153,1.261504714111925,1.703053992986398,0.492721259945788
roth_c_moisture_b_slope,16,-1.0219483842066701,1.0873037064614812,1.2821623212122275,0.35473172707389605
roth_c_temp_a1,16,0.5373729081520174,0.5568264932424937,0.5340182519344733,0.15737541140973052
roth_c_temp_a2,16,-3.88580702445183,3.964280999640759,3.8040692635513946,1.147623009021534
thinning_fraction_branch_delta,16,-0.4635011882981643,0.4666602017806631,0.5243211724654185,0.15248936257403903
thinning_fraction_croot_delta,16,-0.24188709019408475,0.24188709019408475,0.27074822802553816,0.08734858044113686
thinning_fraction_froot_delta,16,-0.11208904976309006,0.11208904976309006,0.15356590953385685,0.04216866396587811
thinning_fraction_leaf_delta,16,-0.14303994853015106,0.14303994853015106,0.21000099188971807,0.06769268252778095
thinning_fraction_stem_delta,16,-0.9164839883246343,0.9281367435382519,1.303287479090628,0.38528207793089
tree_carbon_sp1,16,-3.508706473426585,3.7065157739534924,3.5973298220705954,1.000511612789172
tree_nitrogen_branch_sp1,16,0.08131191758785856,0.08131191758785856,0.07591086607247721,0.024011860907595994
tree_nitrogen_croot_sp1,16,0.19478428365162964,0.19478428365162964,0.23789497348114033,0.07483243854132333
tree_nitrogen_froot_sp1,16,0.005103852886448382,0.005103852886448382,0.005374202757343113,0.0018587813149982787
tree_nitrogen_leaf_sp1,16,1.0992292447883294,1.0992292447883294,1.225775167339046,0.34879783670754505
tree_nitrogen_stem_sp1,16,0.006924610207948517,0.006924610207948517,0.007821557074457955,0.0024205437160783137
tree_root_in_top_30,16,-1.4795476759938286,1.5327689799111943,1.8167160234665494,0.5739070939057594
tree_root_to_shoot_sp1,16,-2.5896554536743954,2.824648700377128,3.2747395419049075,0.9680864574899022
cy0,17,0.1007179537923549,0.3460296170764408,0.5099515232715908,0.11061846127762417
clay,17,-1.1733268024027546,1.1733268024027546,1.288283002039159,0.3739629323840403
temp_ci_delta,17,0.3191208740569782,0.3395553349539579,0.42844600606025673,0.14228798851740646
rain_ci_delta,17,1.4897823065283105,1.6947584594597438,4.479039191190635,1.4367635641225507
evap_ci_delta,17,-0.3550039103000953,0.35987523884720135,1.0525442186052476,0.3500640975666988
ef_N_inputs,17,1.1129727778269736,1.4389514040286548,1.8241791940732899,0.45612717295351646
volatile_frac_organic_fertiliser,17,-0.016301567573003085,0.016301567573003085,0.009909378296540037,0.0030138450609993516
volatile_frac_synthetic_fertiliser,17,0.2120865563500205,0.2120865563500205,0.11442689071693633,0.035733729260370994
base_sf_qty_scale,17,-0.12171437219275286,0.12171437219275286,0.06001112738603998,0.017457688627474717
proj_lit_qty_scale,17,0.010804060520679325,0.01827956802909082,0.01903909759097924,0.0032144959342508585
base_stand_density_scale,17,0.0,0.0,0.0,0.0
proj_stand_density_scale,17,-5.96288357890602,7.927582333361528,9.047878066511247,2.3235445816756592
tree_wood_dens_sp1,17,-9.0312476884961,13.615471030889859,18.08947102133818,4.286993524378899
base_cover,17,0.6866362176327427,0.6866362176327427,0.48050124457923793,0.1335901677491031
base_fire_off,17,-0.07567880067863837,0.07567880067863837,0.14689869148455856,0.048394043004000104
base_fire_on,17,-0.22010270983186625,0.22010270983186625,0.19398081245257912,0.06222099549812906
base_sf_n_delta,17,-0.0120540128401499,0.0120540128401499,0.005283568101080552,0.0016692262153270752
crop_base_left_delta,17,0.3170639729662774,0.3368368311949726,0.21892827283115646,0.05482235533471718
crop_base_yield_delta,17,0.07572439849430031,0.11944170547821154,0.12600035699954823,0.02531136144808777
crop_carbon_above_sp3,17,0.021590547768771628,0.03167839478764217,0.03347666152306938,0.006850697458361434
crop_carbon_below_sp3,17,0.05211092477975006,0.05211092477975006,0.03681239359719521,0.009788207188844298
crop_intercept_sp3,17,0.008221622216986343,0.028302425516534113,0.039509223635172404,0.009514319055925745
crop_nitrogen_above_sp3,17,-0.02556667193054461,0.05184581026803751,0.08460975637830694,0.018409584526638333
crop_nitrogen_below_sp3,17,-0.04652885137277486,0.04652885137277486,0.036695798426135115,0.01191268705491986
crop_carbon_above_sp10,17,0.08047644684284097,0.08047644684284097,0.0475285096817736,0.013449046230690574
crop_carbon_below_sp10,17,0.03911189868436247,0.03931072361327055,0.03146130404563061,0.009372377093463736
crop_intercept_sp10,17,0.03944832207490212,0.05124661308034758,0.05208984765858097,0.01054713545740553
crop_nitrogen_above_sp10,17,-0.045703569131603686,0.045703569131603686,0.02984163700642129,0.008973887083694844
crop_nitrogen_below_sp10,17,-0.02314243569909345,0.02344484071946797,0.029404467166002743,0.008328548589452967
crop_proj_left_delta,17,-0.03338083716012248,0.06758555620627194,0.0818675836667513,0.017607894859744826
crop_proj_yield_delta,17,0.1079920925797125,0.12341135745935886,0.09146645460986454,0.020782193161398038
crop_root_in_top_30,17,0.06453677209821272,0.06603938344248997,0.06360468785494561,0.019875712184658913
crop_root_to_shoot_sp3,17,0.0636685044596705,0.06560514319943248,0.05384354359982721,0.016438791471913676
crop_slope_sp3,17,0.0029245540260175425,0.02400963338302004,0.03428575637924371,0.00772442683342938
crop_root_to_shoot_sp10,17,0.05306625239303092,0.05306625239303092,0.03602297274072694,0.012017426933514794
crop_slope_sp10,17,0.050022214909368604,0.09161349087586246,0.1025314296403706,0.019121990585975274
cy0_to_ceq_multiplier,17,0.015345514658601886,0.037326133590124336,0.06307978171908332,0.015989304001256494
litter_carbon,17,-0.004346772357736295,0.004346772357736295,0.0016306063680255867,0.00045095662038418524
litter_nitrogen,17,0.013982065601877128,0.013982065601877128,0.007232994521154226,0.002439985892410326
mortality_fraction_branch_delta,17,-0.030494635299701513,0.0469682528421417,0.05601528696839303,0.01172222283551354
mortality_fraction_croot_delta,17,-0.020042046530633517,0.021692113264926493,0.028318060744915278,0.00713318588192996
mortality_fraction_froot_delta,17,-0.013521000844797331,0.014278965478565825,0.0168256065297658,0.005092655526012264
mortality_fraction_leaf_delta,17,-0.0033741200468064337,0.0097985687179389,0.012749018045574472,0.002528606299985295
mortality_fraction_stem_delta,17,-0.06875406308055645,0.09370350604385622,0.12677579553994278,0.03210261808796405
pool_alloc_froot_sp1,17,-0.7718995561173021,0.8380057732818177,0.9599339848447261,0.29089204666054097
pool_alloc_leaf_sp1,17,-0.1258116044525254,0.6173849521408289,0.7779044440395418,0.14172326820991385
pool_alloc_stem_sp1,17,-0.34178473960285666,0.36167312880479896,0.5884213202893102,0.1584494486664612
pool_turnover_branch_sp1,17,2.3116049983384066,2.3116049983384066,2.103231479255005,0.654354733503119
pool_turnover_croot_sp1,17,-0.7517081194437091,0.7887271685431394,1.099451407919304,0.3592624524190019
pool_turnover_froot_sp1,17,-0.4000918730426239,0.40464362560069506,0.4556650923587696,0.13782861390501153
pool_turnover_leaf_sp1,17,-0.05277407422074902,0.2374679098938623,0.38349260080239883,0.09755538544039427
pool_turnover_stem_sp1,17,0.6419050555792971,0.6422846025406296,0.5039032416909999,0.15171891252035377
proj_cover,17,-3.3953175042992036,3.4132647040618798,3.0615407336006566,0.9175663713666544
proj_fire_off,17,0.08362089480234378,0.08362089480234378,0.12715505907677266,0.043429197577198174
proj_fire_on,17,2.760469353427618,2.8458874699342673,2.59699165415615,0.763342191882747
proj_mortality,17,11.9288988313669,11.9288988313669,10.991094807686357,3.5636664861928558
proj_thinning_delta,17,34.92644832057533,34.92644832057533,18.009604045566082,4.6964077940003035
roth_c_cover_c,17,0.5469490712732613,0.6789844362711264,1.025584407426659,0.3208649233631008
roth_c_dpm_frac_crop,17,-0.020752893132066748,0.020788357204946168,0.03559328933118303,0.011595999260521395
roth_c_dpm_frac_tree,17,0.2906489582381552,1.0521355819650011,1.362554028926495,0.24264243181312323
roth_c_moisture_b_slope,17,-0.9739311288351337,1.0382976144532674,1.2680082872122047,0.3551016140743721
roth_c_temp_a1,17,0.5013889753827547,0.531030035345532,0.5543094268219593,0.16003196032643363
roth_c_temp_a2,17,-3.5919330930244717,3.7701017288551077,3.7244738803568618,1.1072330084196589
thinning_fraction_branch_delta,17,0.2300675257055332,0.2300675257055332,0.22679145593352232,0.06693020323992058
thinning_fraction_croot_delta,17,0.08731505083004709,0.08731505083004709,0.09543879936292402,0.030969336653404084
thinning_fraction_froot_delta,17,0.045983142109894404,0.045983142109894404,0.05638464603646506,0.01585919432350484
thinning_fraction_leaf_delta,17,0.07479639338485215,0.07479639338485215,0.0847424310218117,0.02435022214449322
thinning_fraction_stem_delta,17,0.4410306718696596,0.4410306718696596,0.4991008922135604,0.14597391420236097
tree_carbon_sp1,17,-2.8996836155861923,3.363847297620963,3.471393692626612,0.9343082705941489
tree_nitrogen_branch_sp1,17,0.05527943779538528,0.05527943779538528,0.04624096160250676,0.014146253680355752
tree_nitrogen_croot_sp1,17,0.18718282753653906,0.18718282753653906,0.23945125377362883,0.0744212333359761
tree_nitrogen_froot_sp1,17,0.005199600303248231,0.005199600303248231,0.005594041221937686,0.0019437116531358183
tree_nitrogen_leaf_sp1,17,1.1138764525901141,1.1138764525901141,1.2682918000740115,0.36110727573340123
tree_nitrogen_stem_sp1,17,0.004184075934237313,0.004184075934237313,0.0036303434436059075,0.0011597654316545215
tree_root_in_top_30,17,-1.2322052267767252,1.400760349694218,1.8275084748824313,0.5606255483320663
tree_root_to_shoot_sp1,17,-2.1048201355421616,2.673570571674405,3.324668981587945,0.9366503859573309
cy0,18,0.08870187189108064,0.3162436192648126,0.4655966973049611,0.10110992697059393
clay,18,-1.1550269385792995,1.1550269385792995,1.3362203484281288,0.38750857445690073
temp_ci_delta,18,0.2959077315497409,0.33358059921242955,0.44885748382217616,0.1447246768698149
rain_ci_delta,18,1.4120738284521626,1.6621156794317347,4.591800790076812,1.4811715934531575
evap_ci_delta,18,-0.34667876897513655,0.35514971785445104,1.048612049725229,0.3487209395709747
ef_N_inputs,18,1.1837421600377103,1.5140638940595426,1.9240529140608036,0.4836019792278442
volatile_frac_organic_fertiliser,18,-0.016301567573002808,0.016301567573002808,0.009909378296539187,0.0030138450609992857
volatile_frac_synthetic_fertiliser,18,0.21208655635002044,0.21208655635002044,0.11442689071693624,0.03573372926037095
base_sf_qty_scale,18,-0.12171437219275212,0.12171437219275212,0.06001112738603968,0.017457688627474547
proj_lit_qty_scale,18,0.011678746600496859,0.018593115461228715,0.0189272509635427,0.0032755048511222203
base_stand_density_scale,18,0.0,0.0,0.0,0.0
proj_stand_density_scale,18,-6.536486409093994,8.211197694593011,9.278476524206146,2.485955827416095
tree_wood_dens_sp1,18,-9.920075637642574,13.94062013467244,18.596066212137764,4.535302763260722
base_cover,18,0.6469499717764515,0.6492390311876383,0.4605353391847493,0.12729455590641486
base_fire_off,18,-0.07567880067863841,0.07567880067863841,0.14689869148455867,0.04839404300400016
base_fire_on,18,-0.2171804407656485,0.2171804407656485,0.18796119954360999,0.06009044606918738
base_sf_n_delta,18,-0.012054012840150058,0.012054012840150058,0.005283568101080872,0.0016692262153271858
crop_base_left_delta,18,0.3079269893614504,0.32830728522661473,0.2161289374458318,0.05394150521506958
crop_base_yield_delta,18,0.0678315314676081,0.11605316148056899,0.12497363191211816,0.02434412630080307
crop_carbon_above_sp3,18,0.020767084374245758,0.030860622890641242,0.03280684422078232,0.006684957996749014
crop_carbon_below_sp3,18,0.04866788732698301,0.048954551423085926,0.036046464403939396,0.009465197913189748
crop_intercept_sp3,18,0.008045399391260094,0.027776620934257572,0.03877378049403096,0.009403985087948392
crop_nitrogen_above_sp3,18,-0.02556667193054467,0.0518458102680369,0.08460975637830544,0.018409584526638018
crop_nitrogen_below_sp3,18,-0.046528851372774904,0.046528851372774904,0.036695798426134754,0.011912687054919716
crop_carbon_above_sp10,18,0.07744786485798039,0.07744786485798039,0.046477867964990545,0.013106413521586036
crop_carbon_below_sp10,18,0.03764614145820916,0.03789517011812803,0.030546687580984274,0.00906603821840944
crop_intercept_sp10,18,0.036895597211870815,0.049960951398193974,0.051635413316300144,0.010116003007890808
crop_nitrogen_above_sp10,18,-0.04570356913160276,0.04570356913160276,0.02984163700642183,0.008973887083694974
crop_nitrogen_below_sp10,18,-0.02314243569909186,0.023444840719466346,0.02940446716600288,0.008328548589452851
crop_proj_left_delta,18,-0.03357521526213104,0.06737969032025538,0.08161135381195872,0.017618430362200385
crop_proj_yield_delta,18,0.10931505116855438,0.12370360324203018,0.0909398382528456,0.021049540830121814
crop_root_in_top_30,18,0.060379054105317534,0.06227239438488623,0.06137515801133643,0.019146363458863433
crop_root_to_shoot_sp3,18,0.05822392638360574,0.06054998598652579,0.05222555069390573,0.015888577892684136
crop_slope_sp3,18,0.0005446901707508334,0.024626415687322323,0.03403741999707188,0.007376272386996827
crop_root_to_shoot_sp10,18,0.05051474523763759,0.05051474523763759,0.03517006526755549,0.011724242946230057
crop_slope_sp10,18,0.04360797791638756,0.08803373255068236,0.1006916006804266,0.0185636164834751
cy0_to_ceq_multiplier,18,0.012925186401982341,0.0331403306006317,0.056650671290462674,0.014216569469984952
litter_carbon,18,-0.0041975920014260815,0.0041975920014260815,0.0015896882808577074,0.00044047546089025127
litter_nitrogen,18,0.01398206560187637,0.01398206560187637,0.007232994521154356,0.002439985892410523
mortality_fraction_branch_delta,18,-0.033026489702534356,0.04826998259642097,0.05773122539440915,0.012454402746521667
mortality_fraction_croot_delta,18,-0.021197979998583076,0.02259124600354377,0.029363693803465086,0.007415957099298019
mortality_fraction_froot_delta,18,-0.014202351500801477,0.014859307705725152,0.017417865742329532,0.0053099065246867165
mortality_fraction_leaf_delta,18,-0.003908795445798927,0.00995950230757622,0.012945873635273547,0.0026405486723018482
mortality_fraction_stem_delta,18,-0.0735224540331876,0.09724684282020805,0.13154617007960467,0.033769920901918674
pool_alloc_froot_sp1,18,-0.8282250238376714,0.8832371593920343,1.0037581567625458,0.30813149601897727
pool_alloc_leaf_sp1,18,-0.15984884617166117,0.6209630835490418,0.7792767128555217,0.1410096055050989
pool_alloc_stem_sp1,18,-0.36512870639478573,0.38166885602397743,0.6205797772239243,0.16782978328796452
pool_turnover_branch_sp1,18,2.4611673254734767,2.4611673254734767,2.26553704506551,0.7047276328413897
pool_turnover_croot_sp1,18,-0.812444742593273,0.8517008043565747,1.1508016074759544,0.37693176656706867
pool_turnover_froot_sp1,18,-0.4260341722310038,0.42824425875066663,0.4733289743291849,0.14370286383581712
pool_turnover_leaf_sp1,18,-0.06514322824246087,0.24442874618230542,0.39657962579647915,0.10133392260906338
pool_turnover_stem_sp1,18,0.6810330929000838,0.6815343576158539,0.5413846103744695,0.16347138404700134
proj_cover,18,-3.1630033821622185,3.2055142903728453,3.221808917773888,0.9617668238120685
proj_fire_off,18,0.08362089480234358,0.08362089480234358,0.12715505907677246,0.0434291975771981
proj_fire_on,18,3.0361697192678063,3.0657877466161234,2.731728955493799,0.8084193494133843
proj_mortality,18,12.877213593308435,12.877213593308435,11.941500306179595,3.870903534436472
proj_thinning_delta,18,35.13314910132541,35.13314910132541,18.98732690979808,4.931012587769748
roth_c_cover_c,18,0.5324654832371359,0.6732901872466244,1.0559440375320281,0.3300924868401488
roth_c_dpm_frac_crop,18,-0.01720208362507918,0.017310730415577114,0.032023086001445385,0.010330232389088064
roth_c_dpm_frac_tree,18,0.401793242851593,1.0132796714218684,1.3596879755777092,0.2804727527424286
roth_c_moisture_b_slope,18,-0.9230645370426279,0.9911469395766923,1.279766839914237,0.3627268973527879
roth_c_temp_a1,18,0.47917819579597376,0.5221774975553735,0.5857335470492258,0.16606395021141873
roth_c_temp_a2,18,-3.3255555717327434,3.6248498187532787,3.7939379779247604,1.102228308630646
thinning_fraction_branch_delta,18,0.13304792187716563,0.13304792187716563,0.13841412227469277,0.039948737921027905
thinning_fraction_croot_delta,18,0.0456102505566384,0.0456102505566384,0.050884653026181094,0.01658171302378831
thinning_fraction_froot_delta,18,0.026279143164206254,0.026279143164206254,0.030067364248725283,0.008382015053576096
thinning_fraction_leaf_delta,18,0.046243370540919364,0.046243370540919364,0.051528404386731314,0.015443086885104169
thinning_fraction_stem_delta,18,0.2787110099721491,0.2787110099721491,0.31124293539013737,0.08917814619050514
tree_carbon_sp1,18,-3.112051032125937,3.527307897831908,3.609286337597506,0.9837261006700424
tree_nitrogen_branch_sp1,18,0.056780885845376904,0.056780885845376904,0.04780503459819216,0.014586731543306544
tree_nitrogen_croot_sp1,18,0.19402717416794396,0.19402717416794396,0.2522805089383606,0.07837632491104793
tree_nitrogen_froot_sp1,18,0.005412077386305443,0.005412077386305443,0.005916403888775465,0.0020587298287532154
tree_nitrogen_leaf_sp1,18,1.151759579908062,1.151759579908062,1.3341248905166114,0.3797812561267344
tree_nitrogen_stem_sp1,18,0.004258810197573798,0.004258810197573798,0.0037695603332424,0.0012018354748451771
tree_root_in_top_30,18,-1.3548839387440688,1.487200685861615,1.906919271435685,0.5913516440270359
tree_root_to_shoot_sp1,18,-2.2803068771340866,2.7633074626395855,3.440347178033814,0.9900979526258769
cy0,19,0.07765258900875197,0.28791303885639574,0.4254615932746594,0.09302714786766207
clay,19,-1.1597294584403182,1.1597294584403182,1.3904242383211685,0.40327647580285664
temp_ci_delta,19,0.29725252377500994,0.33699272245007844,0.4595750058153291,0.14750233665901036
rain_ci_delta,19,1.3993578558879118,1.685260883160184,4.738439210115689,1.5328680845262894
evap_ci_delta,19,-0.3481777689436454,0.3573120334782999,1.0490740632796804,0.3490271274251464
ef_N_inputs,19,1.2570435507318432,1.592129004498112,2.0281636558277447,0.512190228831446
volatile_frac_organic_fertiliser,19,-0.016301567573002374,0.016301567573002374,0.009909378296539331,0.003013845060999266
volatile_frac_synthetic_fertiliser,19,0.21208655635002055,0.21208655635002055,0.11442689071693611,0.03573372926037083
base_sf_qty_scale,19,-0.12171437219275232,0.12171437219275232,0.06001112738604053,0.01745768862747483
proj_lit_qty_scale,19,0.012492990743326965,0.018883084236495002,0.018825907704683887,0.0033480417731527436
base_stand_density_scale,19,0.0,0.0,0.0,0.0
proj_stand_density_scale,19,-6.919412068002472,8.45599976116994,9.559175234744085,2.6152230430463574
tree_wood_dens_sp1,19,-10.544248318106261,14.285955023669114,19.218942404586073,4.763118136983428
base_cover,19,0.6097705554422616,0.6169780638702098,0.44291151542343815,0.12036802472790857
base_fire_off,19,-0.0756788006786386,0.0756788006786386,0.14689869148455878,0.04839404300400022
base_fire_on,19,-0.21441633012092476,0.21441633012092476,0.18232010445087532,0.05808761486589377
base_sf_n_delta,19,-0.012054012840149684,0.012054012840149684,0.005283568101080316,0.001669226215326923
crop_base_left_delta,19,0.2992953831869755,0.32026187879723633,0.21360671094665792,0.05316334044826946
crop_base_yield_delta,19,0.06040517859752907,0.11293805062263088,0.12418968840429523,0.023650630511919686
crop_carbon_above_sp3,19,0.020098085227174264,0.03011313039085835,0.03215889957264448,0.006548157684656382
crop_carbon_below_sp3,19,0.04594141930163674,0.046486095815023214,0.03545268836021319,0.009209077163206984
crop_intercept_sp3,19,0.007886498822557294,0.02735212855599035,0.0381225613013219,0.009285350372386788
crop_nitrogen_above_sp3,19,-0.025566671930544717,0.05184581026803627,0.08460975637830448,0.018409584526637872
crop_nitrogen_below_sp3,19,-0.04652885137277528,0.04652885137277528,0.03669579842613421,0.011912687054919656
crop_carbon_above_sp10,19,0.07472611966902741,0.07472611966902741,0.04554380919990471,0.012805077540232914
crop_carbon_below_sp10,19,0.03633456641500033,0.036626667972787255,0.029738483007362405,0.0087971200825002
crop_intercept_sp10,19,0.034623514804728014,0.04884285438211126,0.051287747964475196,0.009766261971999285
crop_nitrogen_above_sp10,19,-0.04570356913160336,0.04570356913160336,0.029841637006421777,0.008973887083694983
crop_nitrogen_below_sp10,19,-0.023142435699093366,0.023444840719467834,0.029404467166002278,0.008328548589452622
crop_proj_left_delta,19,-0.0331722335481152,0.06705600366527034,0.0813229355677433,0.017519010723094513
crop_proj_yield_delta,19,0.11084627709961563,0.12428839392275845,0.09052608831278945,0.02132451611061822
crop_root_in_top_30,19,0.05688983613827799,0.05911630632056512,0.05944513083309352,0.01851781672923552
crop_root_to_shoot_sp3,19,0.053857154596338,0.056696261795137134,0.050994705783442264,0.01539543997233268
crop_slope_sp3,19,-0.0013320215379552607,0.025080890765208884,0.0337965347637074,0.007115757333953126
crop_root_to_shoot_sp10,19,0.04823378439139835,0.04823378439139835,0.0344488916118304,0.011478069251686594
crop_slope_sp10,19,0.03782178288145189,0.085051035304329,0.0991757643491099,0.0180557134834886
cy0_to_ceq_multiplier,19,0.010839760830012108,0.029517555122305267,0.051322703568572166,0.01278164199745357
litter_carbon,19,-0.004058212483528311,0.004058212483528311,0.0015545045424917114,0.00043149602450315614
litter_nitrogen,19,0.01398206560187672,0.01398206560187672,0.0072329945211548645,0.0024399858924106068
mortality_fraction_branch_delta,19,-0.03469271325510532,0.04935527132374766,0.05922994048370217,0.012984793125607371
mortality_fraction_croot_delta,19,-0.021986778380257265,0.02331430531284816,0.030201293989299202,0.007632206715120415
mortality_fraction_froot_delta,19,-0.014686086175876962,0.0153357677318183,0.0179718294905897,0.005484649252548257
mortality_fraction_leaf_delta,19,-0.004192285663895315,0.010113622599914005,0.013197346364239516,0.002743955221033251
mortality_fraction_stem_delta,19,-0.07698124700201808,0.10066803982636988,0.13616739077531784,0.03512364870540075
pool_alloc_froot_sp1,19,-0.8690909121053576,0.9226255616805418,1.0501047679335802,0.3234209717863885
pool_alloc_leaf_sp1,19,-0.1761209702392339,0.6250913217550563,0.7864364396848165,0.14314452146741505
pool_alloc_stem_sp1,19,-0.38360747829826236,0.39897690749276976,0.6531537533129148,0.17711611791950665
pool_turnover_branch_sp1,19,2.589240673715405,2.589240673715405,2.429398214532492,0.7554547109500789
pool_turnover_croot_sp1,19,-0.8554022943449576,0.897034282627156,1.2047427310524106,0.3949341333178782
pool_turnover_froot_sp1,19,-0.44390966293728196,0.44669250091813273,0.4926574765648579,0.14972140538352527
pool_turnover_leaf_sp1,19,-0.07176214798998769,0.2519472035229785,0.41184277211400805,0.10525067362861325
pool_turnover_stem_sp1,19,0.7156176739756518,0.7162784600055329,0.5789924218289332,0.17515081624190904
proj_cover,19,-3.122658371014496,3.180161706937107,3.344978117606615,0.9983365153143883
proj_fire_off,19,0.08362089480234414,0.08362089480234414,0.12715505907677277,0.04342919757719815
proj_fire_on,19,3.196485190710846,3.202537377808329,2.8788302168950826,0.8541325563362266
proj_mortality,19,13.761602846446063,13.761602846446063,12.921355877743897,4.186071130321715
proj_thinning_delta,19,35.692407711592026,35.692407711592026,19.797047795077525,5.136267463533239
roth_c_cover_c,19,0.5189655131314937,0.6629465357460249,1.0474014473736808,0.3283098765194933
roth_c_dpm_frac_crop,19,-0.014521120959774519,0.014660600087504787,0.028965891103760133,0.009271615842569348
roth_c_dpm_frac_tree,19,0.5249116018862663,1.0367092869167358,1.3994783054616409,0.3117102951301087
roth_c_moisture_b_slope,19,-0.9358086479591694,0.9996094231969479,1.3096915366903517,0.3742912114911174
roth_c_temp_a1,19,0.4927953580209472,0.54170498677513,0.605535519432588,0.17115194622890634
roth_c_temp_a2,19,-3.3272609155938797,3.6764675977043453,3.878991667210097,1.1149035341856206
thinning_fraction_branch_delta,19,0.09109849498055266,0.09109849498055266,0.10417574588319614,0.029954202734360877
thinning_fraction_croot_delta,19,0.027021657870187888,0.027021657870187888,0.03162550207020335,0.010053296622133577
thinning_fraction_froot_delta,19,0.017114909094322277,0.017114909094322277,0.019614077768418028,0.005526232188991392
thinning_fraction_leaf_delta,19,0.03364656398688434,0.03364656398688434,0.03850419742010485,0.011667738757629933
thinning_fraction_stem_delta,19,0.2027981643680941,0.2027981643680941,0.22770224942389433,0.06465358070261498
tree_carbon_sp1,19,-3.2614136635780797,3.655578578693923,3.7480127947564177,1.0312065109602415
tree_nitrogen_branch_sp1,19,0.05832678343626028,0.05832678343626028,0.0494570582094963,0.015052391747174806
tree_nitrogen_croot_sp1,19,0.20109879306727776,0.20109879306727776,0.2656750118208163,0.08250478560969846
tree_nitrogen_froot_sp1,19,0.005633046408392494,0.005633046408392494,0.006252876719636488,0.0021787471179507568
tree_nitrogen_leaf_sp1,19,1.190983511518755,1.190983511518755,1.4024961436306174,0.3992444126496716
tree_nitrogen_stem_sp1,19,0.004337953134452432,0.004337953134452432,0.003920269041116409,0.001247544910135097
tree_root_in_top_30,19,-1.4380262757279862,1.5551878329168627,1.9920747887364971,0.6225875431650201
tree_root_to_shoot_sp1,19,-2.396594789795273,2.83824370690139,3.5551671932041704,1.0369568467183463
cy0,20,0.06750309415493641,0.2624898099872683,0.3894084641458019,0.08542227117671271
clay,20,-1.173071297794336,1.173071297794336,1.4479882353531965,0.4199634078822195
temp_ci_delta,20,0.30870935430954016,0.3471958011884677,0.47210406969296015,0.1517602572176997
rain_ci_delta,20,1.4320694333344934,1.7352867679032975,4.911529421726479,1.5906949092458484
evap_ci_delta,20,-0.35891242293284675,0.3675167530158835,1.0735657522154276,0.357481710200763
ef_N_inputs,20,1.332805919869013,1.6723921645306548,2.1364609966903574,0.5421155958215539
volatile_frac_organic_fertiliser,20,-0.01630156757300238,0.01630156757300238,0.009909378296539258,0.0030138450609992467
volatile_frac_synthetic_fertiliser,20,0.21208655635002108,0.21208655635002108,0.11442689071693647,0.03573372926037107
base_sf_qty_scale,20,-0.12171437219275283,0.12171437219275283,0.060011127386040176,0.017457688627474724
proj_lit_qty_scale,20,0.013256398513650524,0.01915236722171324,0.01873211307887125,0.0034291304382812297
base_stand_density_scale,20,0.0,0.0,0.0,0.0
proj_stand_density_scale,20,-7.2186909980046305,8.681292200587205,9.861400204340258,2.7288296973331536
tree_wood_dens_sp1,20,-11.057422110617328,14.640332440137115,19.89723809019112,4.984435691621884
base_cover,20,0.5749007005334533,0.5865486488494398,0.4273678642975926,0.11442914614813407
base_fire_off,20,-0.07567880067863815,0.07567880067863815,0.1468986914845577,0.04839404300399982
base_fire_on,20,-0.2117923791379707,0.2117923791379707,0.1770171858881807,0.05619967959739366
base_sf_n_delta,20,-0.012054012840149866,0.012054012840149866,0.005283568101081304,0.0016692262153271788
crop_base_left_delta,20,0.2910897578617136,0.31262253649686356,0.21130068504299462,0.05246756282247435
crop_base_yield_delta,20,0.05337081348767707,0.1101449537310131,0.12359317098364592,0.023194962460180376
crop_carbon_above_sp3,20,0.01952960567016735,0.029408674763507003,0.03153254896363549,0.006433392540613623
crop_carbon_below_sp3,20,0.043705515315235255,0.04470617440350434,0.03497195050246906,0.008831339730664356
crop_intercept_sp3,20,0.00774196141580794,0.026977841583842043,0.03754187357129423,0.009178710567509529
crop_nitrogen_above_sp3,20,-0.025566671930543728,0.05184581026803695,0.08460975637830587,0.018409584526638042
crop_nitrogen_below_sp3,20,-0.04652885137277406,0.04652885137277406,0.03669579842613408,0.011912687054919503
crop_carbon_above_sp10,20,0.07224301690547505,0.07224301690547505,0.044696178915985735,0.012534565517353971
crop_carbon_below_sp10,20,0.0351428068013248,0.03547190348805497,0.02901344711192201,0.008557709578356637
crop_intercept_sp10,20,0.03256809445573428,0.047913229554554085,0.051017508735959276,0.00947512168193636
crop_nitrogen_above_sp10,20,-0.04570356913160373,0.04570356913160373,0.029841637006421413,0.008973887083694801
crop_nitrogen_below_sp10,20,-0.02314243569909325,0.02344484071946775,0.029404467166002073,0.008328548589452698
crop_proj_left_delta,20,-0.03238350376889804,0.0666507241545454,0.08099058659191245,0.017341484132894956
crop_proj_yield_delta,20,0.11250389539400094,0.12508002215504913,0.09019239862219702,0.021599962352588667
crop_root_in_top_30,20,0.05386329706655352,0.05638642833989292,0.05775506161608584,0.017968759131496082
crop_root_to_shoot_sp3,20,0.05023791972554901,0.05376770902178328,0.05004754111598302,0.014923578915046743
crop_slope_sp3,20,-0.002866626172733347,0.025453413765104203,0.03356766860722239,0.006907896328446131
crop_root_to_shoot_sp10,20,0.04616374645566568,0.04616374645566568,0.033822424222824554,0.011266146398393873
crop_slope_sp10,20,0.03252720509349847,0.08241321937810807,0.0978992486677327,0.017673785773744274
cy0_to_ceq_multiplier,20,0.009028469149813315,0.026376913727151063,0.046929324132294004,0.011631397464236462
litter_carbon,20,-0.00392714027363319,0.00392714027363319,0.0015237593685756632,0.0004236685296505413
litter_nitrogen,20,0.013982065601876762,0.013982065601876762,0.007232994521153979,0.0024399858924102286
mortality_fraction_branch_delta,20,-0.03589402514306063,0.05035017086394159,0.06062312445001731,0.013394640010576943
mortality_fraction_croot_delta,20,-0.022579117267385908,0.023916205264017255,0.030938878150922493,0.00781057187363995
mortality_fraction_froot_delta,20,-0.015065781069241033,0.01574232729171405,0.018500947068363624,0.005639019431541422
mortality_fraction_leaf_delta,20,-0.004336444601273626,0.010254808367758128,0.01346218306985304,0.002835683603087387
mortality_fraction_stem_delta,20,-0.07974831845781424,0.10380392679538346,0.1406042058027953,0.03634591181834046
pool_alloc_froot_sp1,20,-0.9032500982875702,0.9584567419759191,1.0974866991854635,0.33815611771420945
pool_alloc_leaf_sp1,20,-0.18483473481587026,0.6294953691489699,0.7956899707300289,0.1460500519641709
pool_alloc_stem_sp1,20,-0.40018013253036067,0.4151887501746618,0.686894643116136,0.18667221115969795
pool_turnover_branch_sp1,20,2.7070015219426664,2.709610165506444,2.593942297238365,0.8053462289375755
pool_turnover_croot_sp1,20,-0.8889356724197792,0.9330198324048637,1.260179892628464,0.4131672594568833
pool_turnover_froot_sp1,20,-0.4581021063418902,0.46135964729361445,0.512718186888562,0.15581614147475645
pool_turnover_leaf_sp1,20,-0.07552910036437636,0.2598535308957265,0.42822452931802957,0.10921155124481496
pool_turnover_stem_sp1,20,0.7477449694874985,0.7485695927838705,0.6162045351387094,0.1866883167402508
proj_cover,20,-3.1691038937378684,3.233894869701434,3.488027680085005,1.044649815576935
proj_fire_off,20,0.08362089480234339,0.08362089480234339,0.12715505907677235,0.043429197577198146
proj_fire_on,20,3.31457775727437,3.31457775727437,3.0087184962778952,0.893624378315063
proj_mortality,20,14.642417602683688,14.643660769728026,13.937312738249867,4.511451038392762
proj_thinning_delta,20,36.37649408132062,36.37649408132062,20.549134295507592,5.331584166786948
roth_c_cover_c,20,0.5197696366436498,0.6629375362370864,1.0538282163531096,0.33270676838595686
roth_c_dpm_frac_crop,20,-0.012453490471261536,0.012701552629903894,0.026320477904955415,0.008323847046091945
roth_c_dpm_frac_tree,20,0.6105155296669765,1.0670059505543368,1.4556856589945215,0.3421975906917307
roth_c_moisture_b_slope,20,-0.9796160167697601,1.0404536271409652,1.3571801628420168,0.3872726864796469
roth_c_temp_a1,20,0.5172723666732878,0.5681404413490215,0.625240689155398,0.17677159570329046
roth_c_temp_a2,20,-3.4673532279562367,3.825690393297124,4.023033626007107,1.158000527502686
thinning_fraction_branch_delta,20,0.06841974489213674,0.06841974489213674,0.08451441447637638,0.02437881047808998
thinning_fraction_croot_delta,20,0.016831493465392824,0.017138920472254373,0.022066797068802234,0.00659426400577404
thinning_fraction_froot_delta,20,0.011903006863028986,0.011903006863028986,0.014925663653209045,0.004334789404047744
thinning_fraction_leaf_delta,20,0.026290626030684643,0.026290626030684643,0.030691928088222097,0.00922631514970395
thinning_fraction_stem_delta,20,0.15739907740829362,0.15739907740829362,0.18363219997787153,0.05227386094292994
tree_carbon_sp1,20,-3.3881467442575954,3.770367046884337,3.8896556678938303,1.07889189402473
tree_nitrogen_branch_sp1,20,0.059914547195343906,0.059914547195343906,0.05119571071161602,0.015542899760292932
tree_nitrogen_croot_sp1,20,0.2083918699470595,0.2083918699470595,0.2796363783914047,0.08680697007559009
tree_nitrogen_froot_sp1,20,0.005862424568827508,0.005862424568827508,0.006603522758450887,0.002303790919714205
tree_nitrogen_leaf_sp1,20,1.2315079838273266,1.2315079838273266,1.4733647797332148,0.4194871307798387
tree_nitrogen_stem_sp1,20,0.00442134677045089,0.00442134677045089,0.004081787438650065,0.0012967095550228819
tree_root_in_top_30,20,-1.5042792906192275,1.6160080989475731,2.0838462309595625,0.6553506705198126
tree_root_to_shoot_sp1,20,-2.4877739025033407,2.9104086245140453,3.6732602823725684,1.0813233716724526
cy0,21,0.058186886307627084,0.23951996785145685,0.3572970638431733,0.07876515332526157
clay,21,-1.190666580335721,1.190666580335721,1.5080784957094526,0.43734235585506065
temp_ci_delta,21,0.3232201697990341,0.35975432977941874,0.48719295639702126,0.1570330895926392
rain_ci_delta,21,1.4873011265139895,1.7974301351151047,5.103026235513432,1.6534862553813798
evap_ci_delta,21,-0.3745841933827515,0.3820918518362686,1.114949070742671,0.37167738401529155
ef_N_inputs,21,1.4109403569098855,1.7547813292989622,2.248878344764389,0.5733451884255863
volatile_frac_organic_fertiliser,21,-0.016301567573002333,0.016301567573002333,0.009909378296539277,0.0030138450609992545
volatile_frac_synthetic_fertiliser,21,0.212086556350021,0.212086556350021,0.11442689071693575,0.03573372926037095
base_sf_qty_scale,21,-0.1217143721927533,0.1217143721927533,0.06001112738604091,0.017457688627474936
proj_lit_qty_scale,21,0.013976216102297356,0.019425307866377483,0.018643906652450516,0.003508486291202661
base_stand_density_scale,21,0.0,0.0,0.0,0.0
proj_stand_density_scale,21,-7.470435405109894,8.889099006299924,10.174205437050874,2.8339225455122765
tree_wood_dens_sp1,21,-11.507619853429146,14.990004800928698,20.607473656476234,5.205999633048328
base_cover,21,0.5421662135949219,0.5583857912774085,0.4136626040734863,0.10921219216840863
base_fire_off,21,-0.07567880067863841,0.07567880067863841,0.14689869148455867,0.048394043004000166
base_fire_on,21,-0.20929435381341838,0.20929435381341838,0.17201998818548797,0.054416412247742366
base_sf_n_delta,21,-0.012054012840150449,0.012054012840150449,0.005283568101081276,0.0016692262153272346
crop_base_left_delta,21,0.2832503603283151,0.3053306624522742,0.20916514604131595,0.05183843623868577
crop_base_yield_delta,21,0.046671570715876395,0.10806647750744287,0.12314164210910929,0.022833264825055676
crop_carbon_above_sp3,21,0.01902874678576678,0.028735919834335,0.030926517350460574,0.006333756235691961
crop_carbon_below_sp3,21,0.041816124983539135,0.04319275888003078,0.03456990345884153,0.008535170649566791
crop_intercept_sp3,21,0.007608202640759504,0.026624808126989384,0.03702036618964049,0.009088219657706169
crop_nitrogen_above_sp3,21,-0.025566671930543978,0.05184581026803801,0.08460975637830702,0.018409584526638125
crop_nitrogen_below_sp3,21,-0.04652885137277546,0.04652885137277546,0.03669579842613414,0.011912687054919456
crop_carbon_above_sp10,21,0.0699512243587382,0.0699512243587382,0.043915241624452483,0.012288104457436947
crop_carbon_below_sp10,21,0.034046575392362874,0.034407641981062324,0.02835416728814924,0.008341737797813976
crop_intercept_sp10,21,0.030683578577905123,0.04707923675297423,0.050803831580358665,0.009231991011026074
crop_nitrogen_above_sp10,21,-0.04570356913160343,0.04570356913160343,0.029841637006422107,0.008973887083695245
crop_nitrogen_below_sp10,21,-0.02314243569909285,0.02344484071946725,0.029404467166002885,0.008328548589453035
crop_proj_left_delta,21,-0.031344716963001854,0.06618779721559467,0.08061451876402909,0.017111545530063898
crop_proj_yield_delta,21,0.1142333904207435,0.1259643416269926,0.08991735601265319,0.02188842644606557
crop_root_in_top_30,21,0.05117242449938214,0.05396762119353099,0.05626214730533749,0.01748473385163217
crop_root_to_shoot_sp3,21,0.04715556537829353,0.05135631014404447,0.04930918083397768,0.014529010442185825
crop_slope_sp3,21,-0.0041612405472259365,0.025966432749073155,0.03335267907165311,0.006679571568642548
crop_root_to_shoot_sp10,21,0.04426127759492081,0.04426127759492081,0.033265505614977244,0.011079625516265632
crop_slope_sp10,21,0.027626649790990155,0.07998490029831298,0.09680410780884496,0.017434759851531922
cy0_to_ceq_multiplier,21,0.00744543041839453,0.024370765117536435,0.043325351971289096,0.010710394682629338
litter_carbon,21,-0.003803230179021411,0.003803230179021411,0.0014964906347737137,0.00041673739849717046
litter_nitrogen,21,0.013982065601877244,0.013982065601877244,0.007232994521154528,0.0024399858924105708
mortality_fraction_branch_delta,21,-0.0368299537993853,0.05130984951587161,0.061976151777617026,0.013736990273949475
mortality_fraction_croot_delta,21,-0.023063093033883784,0.02444905869661381,0.031631800004726866,0.007970550372876325
mortality_fraction_froot_delta,21,-0.015386343898936028,0.016103083885033585,0.019012392115778636,0.005782878104737223
mortality_fraction_leaf_delta,21,-0.004397786460305966,0.010380582169819916,0.013724499551443253,0.0029181741736183987
mortality_fraction_stem_delta,21,-0.08212359246564008,0.10670144336326051,0.14490273320251643,0.03750226382410022
pool_alloc_froot_sp1,21,-0.9337624882135133,0.9918236842800967,1.1453340333659514,0.35272094831425205
pool_alloc_leaf_sp1,21,-0.18938069442783417,0.6347038472025244,0.8059691496338621,0.14895465193274232
pool_alloc_stem_sp1,21,-0.4155382610829547,0.4306630187323693,0.7212759667866945,0.19637531048325044
pool_turnover_branch_sp1,21,2.8166100755093995,2.822345254684488,2.7576042656076987,0.8547937550415738
pool_turnover_croot_sp1,21,-0.9176174954218667,0.9641798398098909,1.3170288960164636,0.43171514031038155
pool_turnover_froot_sp1,21,-0.4707210391494165,0.47439034676231645,0.5333011725418348,0.16200451945155858
pool_turnover_leaf_sp1,21,-0.07782710670475651,0.2678234013245774,0.4454103775806434,0.11334016356304275
pool_turnover_stem_sp1,21,0.77772827504489,0.7792947455390797,0.6527154299507956,0.19788342627335243
proj_cover,21,-3.245669392366346,3.3227926905378693,3.6462623911569296,1.0966493956959018
proj_fire_off,21,0.08362089480234385,0.08362089480234385,0.12715505907677274,0.043429197577198174
proj_fire_on,21,3.4139849081368254,3.4139849081368254,3.129545383543684,0.9303284176512463
proj_mortality,21,15.530250847275195,15.533363296777106,14.984077694593244,4.846024699014681
proj_thinning_delta,21,37.09802295487536,37.09802295487536,21.267332855304424,5.52033087326515
roth_c_cover_c,21,0.5291879980586163,0.6696819421830599,1.0723667787068074,0.34158693246365074
roth_c_dpm_frac_crop,21,-0.01082892767643696,0.01115951413347902,0.024006757346901303,0.007509310177737256
roth_c_dpm_frac_tree,21,0.6750129239907187,1.1002289886585974,1.5160794217543683,0.36928893766001003
roth_c_moisture_b_slope,21,-1.0330213128822083,1.0915337797720732,1.4150230314287604,0.4021027061304246
roth_c_temp_a1,21,0.5441876731893937,0.5941475531626956,0.6463496894666116,0.1833950781535722
roth_c_temp_a2,21,-3.6574248113967016,4.013622490050655,4.197452166067013,1.2130722548600232
thinning_fraction_branch_delta,21,0.055197110245086854,0.055197110245086854,0.07205224077158616,0.02089378803559847
thinning_fraction_croot_delta,21,0.011068162767463807,0.012322433618387519,0.017519488151404066,0.004740039771089183
thinning_fraction_froot_delta,21,0.008842919799653149,0.009131753278752241,0.012641697152881971,0.003684075380470104
thinning_fraction_leaf_delta,21,0.02169254162616286,0.02169254162616286,0.02574500554452919,0.007670067911062105
thinning_fraction_stem_delta,21,0.12939816769416948,0.12939816769416948,0.1588599563486951,0.045482004748862395
tree_carbon_sp1,21,-3.5014504002648232,3.8761994818866157,4.031717633795787,1.1263371098677193
tree_nitrogen_branch_sp1,21,0.06154123340387654,0.06154123340387654,0.053019230544989686,0.0160577948082689
tree_nitrogen_croot_sp1,21,0.21589895898455835,0.21589895898455835,0.2941636759870888,0.09128245613601987
tree_nitrogen_froot_sp1,21,0.006100080363983953,0.006100080363983953,0.00696834558187429,0.0024338669270057363
tree_nitrogen_leaf_sp1,21,1.2732831013545804,1.2732831013545804,1.5466772117318321,0.44049609271668405
tree_nitrogen_stem_sp1,21,0.004508809621327378,0.004508809621327378,0.004253451585780292,0.001349145254345166
tree_root_in_top_30,21,-1.5613136454241283,1.6726854962686026,2.1796836447052694,0.6889935038032342
tree_root_to_shoot_sp1,21,-2.563862190398617,2.9760853884413523,3.792653510205581,1.1252491770183737
cy0,22,0.04963976824254844,0.22243524287193078,0.3289858623560262,0.07140558549116027
clay,22,-1.1905458876117554,1.1905458876117554,1.5647059004661876,0.4545804532566353
temp_ci_delta,22,0.33353355986237576,0.37101647457460113,0.5043738993297968,0.162285786563989
rain_ci_delta,22,1.535504367312443,1.853428409891849,5.292164582128757,1.7147424685116954
evap_ci_delta,22,-0.3893392342899063,0.39643547553970204,1.1615244767959327,0.3874617158548993
ef_N_inputs,22,1.4598265988516146,1.8330974819281214,2.366559847982272,0.6002632062296659
volatile_frac_organic_fertiliser,22,-0.016301567573002298,0.016301567573002298,0.009909378296539343,0.003013845060999266
volatile_frac_synthetic_fertiliser,22,0.2120865563500204,0.2120865563500204,0.11442689071693608,0.035733729260370925
base_sf_qty_scale,22,-0.12171437219275291,0.12171437219275291,0.060011127386039746,0.01745768862747457
proj_lit_qty_scale,22,0.014658099361781623,0.019736056853781797,0.018559912613573648,0.003572735482843219
base_stand_density_scale,22,0.0,0.0,0.0,0.0
proj_stand_density_scale,22,-7.691663774913964,9.087225803198681,10.491978602758632,2.9337613785158227
tree_wood_dens_sp1,22,-11.917200549213632,15.333745512487145,21.336061788383105,5.427298265241467
base_cover,22,0.5114115631453433,0.5315901656388904,0.40157214591837603,0.10481362444272889
base_fire_off,22,-0.07567880067863801,0.07567880067863801,0.1468986914845575,0.04839404300399975
base_fire_on,22,-0.20691019442562758,0.20691019442562758,0.16730151396181228,0.05272907628878311
base_sf_n_delta,22,-0.01205401284015065,0.01205401284015065,0.00528356810108163,0.0016692262153273872
crop_base_left_delta,22,0.27573199694804884,0.298341796950528,0.20716494136951505,0.0512637594312134
crop_base_yield_delta,22,0.040263717635580155,0.10647555010897705,0.12280251822405215,0.022358042620604795
crop_carbon_above_sp3,22,0.041274053363870834,0.041779764865083426,0.03050309903365626,0.009441264460356718
crop_carbon_below_sp3,22,0.12661979482471517,0.12661979482471517,0.05199294024184848,0.013749299549623397
crop_intercept_sp3,22,0.007483046414338668,0.026358150391163387,0.03654949880548303,0.009002140057836476
crop_nitrogen_above_sp3,22,-0.03367589316494487,0.05319996710472432,0.0837408834583982,0.01818471554318314
crop_nitrogen_below_sp3,22,-0.06759884024286772,0.06759884024286772,0.05058026205106029,0.0163106580675638
crop_carbon_above_sp10,22,0.0678152184911761,0.0678152184911761,0.04318639481870859,0.012060523498001331
crop_carbon_below_sp10,22,0.03302840063037659,0.03341721964346089,0.02774738600337186,0.008144487681847109
crop_intercept_sp10,22,0.028936200765247944,0.04631854823937185,0.050631322816420965,0.009027488405803441
crop_nitrogen_above_sp10,22,-0.04570356913160347,0.04570356913160347,0.0298416370064225,0.008973887083695242
crop_nitrogen_below_sp10,22,-0.023142435699092242,0.023444840719466762,0.029404467166002462,0.008328548589452844
crop_proj_left_delta,22,0.02487455793313611,0.05847615165178392,0.06907657408764052,0.01239727540764083
crop_proj_yield_delta,22,0.11599835219385919,0.1269061681711785,0.08968671112059881,0.022185641238747316
crop_root_in_top_30,22,0.11830558850569481,0.11830558850569481,0.07254327996607261,0.02274536467084503
crop_root_to_shoot_sp3,22,0.17534342327166347,0.17534342327166347,0.07376743464297537,0.022340658868018868
crop_slope_sp3,22,0.0439810332137198,0.04554752615103687,0.034770630132420856,0.009070654456555189
crop_root_to_shoot_sp10,22,0.04249493917774806,0.04253653489862809,0.03276133532042904,0.010902803868172405
crop_slope_sp10,22,0.02304752639160158,0.07772312061300272,0.09584961992133786,0.017313730791968903
cy0_to_ceq_multiplier,22,0.006052988257864181,0.022626404848983758,0.04038428848462062,0.010025518672922111
litter_carbon,22,-0.0036855917983179276,0.0036855917983179276,0.0014719749018252733,0.00041051295855188145
litter_nitrogen,22,0.01398206560187672,0.01398206560187672,0.007232994521154577,0.0024399858924106462
mortality_fraction_branch_delta,22,-0.03760072299653676,0.05225612728590849,0.06331500132554406,0.014040553448457551
mortality_fraction_croot_delta,22,-0.023483622330824256,0.024938198688415042,0.03230329744610227,0.008121623875305576
mortality_fraction_froot_delta,22,-0.015669661520281625,0.016433411877398867,0.019509074763953638,0.005920809827887776
mortality_fraction_leaf_delta,22,-0.004405381043388565,0.010489261477200754,0.013977846565368313,0.0029941015443169326
mortality_fraction_stem_delta,22,-0.0842594898953278,0.1094648051464947,0.14909946699950755,0.03859759930151862
pool_alloc_froot_sp1,22,-0.9621423187199515,1.0234574788421553,1.1935124061619147,0.36728871207556696
pool_alloc_leaf_sp1,22,-0.1912620750572486,0.6413832632849381,0.8166763257719765,0.1513265430188518
pool_alloc_stem_sp1,22,-0.43000012626398537,0.4456835399106917,0.7558934525104684,0.2061005450804853
pool_turnover_branch_sp1,22,2.9184911628975057,2.9305282987893304,2.918915580004799,0.9026165876604072
pool_turnover_croot_sp1,22,-0.9439642446328363,0.9929909262773148,1.3753474315636307,0.4506540224226092
pool_turnover_froot_sp1,22,-0.48279759453012805,0.48748099545664203,0.5543226103667628,0.1683032672939133
pool_turnover_leaf_sp1,22,-0.0793541207811268,0.2758839703791715,0.4632838144583288,0.11763306764523936
pool_turnover_stem_sp1,22,0.8055559640580696,0.8086026711784969,0.6882207107936269,0.20847285330065274
proj_cover,22,-3.2890574375878456,3.3813949954288254,3.814816976105198,1.1513421607435381
proj_fire_off,22,0.07757928817734434,0.07757928817734434,0.1199203455746526,0.04120768263103291
proj_fire_on,22,3.4811852667236813,3.4811852667236813,3.2344098090835316,0.963488562405478
proj_mortality,22,16.428602768170656,16.435231881778385,16.05849036297019,5.188289532053618
proj_thinning_delta,22,37.81327206548854,37.81327206548854,21.966125145108464,5.705613456433953
roth_c_cover_c,22,0.5365316710982369,0.6753293853814072,1.0969513749475144,0.3527584433219644
roth_c_dpm_frac_crop,22,-0.0486508312751537,0.0486508312751537,0.02567807417178006,0.007571557360456538
roth_c_dpm_frac_tree,22,0.7270491578271506,1.1317987077336042,1.5761524555753128,0.39414531564208627
roth_c_moisture_b_slope,22,-1.0776984481942649,1.1370859472154238,1.4765664062217523,0.4177026445313412
roth_c_temp_a1,22,0.5649431691490772,0.6151688169327096,0.6693178802771447,0.19036955055724628
roth_c_temp_a2,22,-3.815179977148199,4.189882532930304,4.388945860685182,1.2676198505068332
thinning_fraction_branch_delta,22,0.047043657593955235,0.047043657593955235,0.06401583207303435,0.01868498476462819
thinning_fraction_croot_delta,22,0.007734858071987372,0.010337755730431008,0.015598848707850466,0.0038523090317024258
thinning_fraction_froot_delta,22,0.00700414675587171,0.0077732739094240385,0.011381856770749682,0.0032612543887706948
thinning_fraction_leaf_delta,22,0.018689011005405636,0.018689011005405636,0.022660698268829566,0.006739933061551114
thinning_fraction_stem_delta,22,0.1116288613519171,0.11255685244443336,0.14358050759493973,0.04092972396502612
tree_carbon_sp1,22,-3.6052664057196155,3.9748048569798393,4.172974968214848,1.1733815868062125
tree_nitrogen_branch_sp1,22,0.06320351765896162,0.06320351765896162,0.05492537739862997,0.01659647785401811
tree_nitrogen_croot_sp1,22,0.22361087577290806,0.22361087577290806,0.3092530986094477,0.0959299444755569
tree_nitrogen_froot_sp1,22,0.006345829440868464,0.006345829440868464,0.007347280976882712,0.0025689562766668668
tree_nitrogen_leaf_sp1,22,1.3162487178984166,1.3162487178984166,1.6223653322752847,0.4622537706643537
tree_nitrogen_stem_sp1,22,0.00460013529826685,0.00460013529826685,0.0044346136745426834,0.0014046678084333577
tree_root_in_top_30,22,-1.6131819370175275,1.7271926625497642,2.2781675043374023,0.7232736858891368
tree_root_to_shoot_sp1,22,-2.6300339904010155,3.0364465979297717,3.9121075806521306,1.168875017309256
cy0,23,0.04180076133572687,0.20586903335988466,0.3043296337400533,0.06553344836792963
clay,23,-1.2110881237284512,1.2116633416780207,1.628915969358089,0.47303829055003876
temp_ci_delta,23,0.34796188010662094,0.38376526837553354,0.5241040120648265,0.16918943812516926
rain_ci_delta,23,1.6046049713752406,1.9213219022338097,5.50903236712218,1.7857456440360695
evap_ci_delta,23,-0.40869169955551043,0.41530717123580285,1.2223397791001218,0.4080890135257691
ef_N_inputs,23,1.542361153620728,1.9194463317307509,2.486910461284421,0.6339652558066537
volatile_frac_organic_fertiliser,23,-0.016301567573002666,0.016301567573002666,0.009909378296539333,0.003013845060999296
volatile_frac_synthetic_fertiliser,23,0.21208655635002124,0.21208655635002124,0.11442689071693636,0.03573372926037105
base_sf_qty_scale,23,-0.1217143721927526,0.1217143721927526,0.060011127386040156,0.017457688627474714
proj_lit_qty_scale,23,0.015306551192241585,0.020055405490212414,0.01847926673097128,0.003643339779215298
base_stand_density_scale,23,0.0,0.0,0.0,0.0
proj_stand_density_scale,23,-7.8902180965114415,9.276916683201401,10.81083248143595,3.0299310643143116
tree_wood_dens_sp1,23,-12.296355166717573,15.674800529754544,22.073599831116535,5.645218581784634
base_cover,23,0.48249769590740926,0.5060816800890064,0.390894508733298,0.10113054179577852
base_fire_off,23,-0.07567880067863814,0.07567880067863814,0.14689869148455773,0.04839404300399983
base_fire_on,23,-0.204629951786027,0.204629951786027,0.16283917007360396,0.05113041729024136
base_sf_n_delta,23,-0.012054012840149841,0.012054012840149841,0.005283568101081396,0.001669226215327167
crop_base_left_delta,23,0.26850013598923733,0.29162233109836605,0.20527423899906885,0.050734036946487045
crop_base_yield_delta,23,0.03411310898483949,0.10503296195326137,0.12254949437373909,0.022018316810057417
crop_carbon_above_sp3,23,0.03306213646675014,0.034812820521186505,0.028992956012053973,0.008516188474511212
crop_carbon_below_sp3,23,0.09677893789203999,0.09677893789203999,0.04423277700684722,0.011635336303502768
crop_intercept_sp3,23,0.007364631181122216,0.02609674518755038,0.036121858670755125,0.008927858004142765
crop_nitrogen_above_sp3,23,-0.03367589316494574,0.05319996710472319,0.08374088345839763,0.018184715543183693
crop_nitrogen_below_sp3,23,-0.06759884024286793,0.06759884024286793,0.05058026205105936,0.01631065806756346
crop_carbon_above_sp10,23,0.06580874540741963,0.06580874540741963,0.042498739049437836,0.011847947191639448
crop_carbon_below_sp10,23,0.03207453547941029,0.03248804066195163,0.027183798475871514,0.007962519439333623
crop_intercept_sp10,23,0.027301679133642072,0.04578180047552979,0.05048908386580726,0.008772418270711548
crop_nitrogen_above_sp10,23,-0.0457035691316028,0.0457035691316028,0.02984163700642276,0.008973887083695335
crop_nitrogen_below_sp10,23,-0.023142435699093324,0.02344484071946781,0.029404467166002427,0.008328548589452889
crop_proj_left_delta,23,0.005811704560160455,0.05360992803209412,0.06831159006356795,0.011698627716990912
crop_proj_yield_delta,23,0.11777409233708007,0.12788114984982774,0.08949043047164654,0.022488459036513152
crop_root_in_top_30,23,0.08985173236103372,0.09068141634862778,0.06615493194888958,0.020369183286433123
crop_root_to_shoot_sp3,23,0.12672884779006663,0.12693953964517085,0.06922191107925682,0.02100054126746999
crop_slope_sp3,23,0.021645299843611722,0.028413718613570872,0.03356913481800728,0.00789348012676094
crop_root_to_shoot_sp10,23,0.04084092019601215,0.04092186049469053,0.03229735148178754,0.010741909278486166
crop_slope_sp10,23,0.01873710578767078,0.07564310591034015,0.09500639979531918,0.017276772789800145
cy0_to_ceq_multiplier,23,0.004822572028514908,0.02107284823516504,0.03799531525067996,0.009534315957020891
litter_carbon,23,-0.003573521320558265,0.003573521320558265,0.001449662053922491,0.0004048522545114859
litter_nitrogen,23,0.013982065601876953,0.013982065601876953,0.007232994521155692,0.0024399858924109333
mortality_fraction_branch_delta,23,-0.03825588457931679,0.053208235957118655,0.0646440829904177,0.014317617066250314
mortality_fraction_croot_delta,23,-0.02386345350599582,0.025413694620743686,0.032961027244460574,0.008270821885875693
mortality_fraction_froot_delta,23,-0.015925817957944448,0.016744718869386256,0.019990748111188734,0.006053653643094389
mortality_fraction_leaf_delta,23,-0.004374504363733381,0.010579325627339561,0.014219438265043544,0.0030654895030706
mortality_fraction_stem_delta,23,-0.08623426578892666,0.11213566901689598,0.15320989095264065,0.0396401728951039
pool_alloc_froot_sp1,23,-0.9891361113346837,1.0537627892731534,1.2419569838847455,0.3819285102445278
pool_alloc_leaf_sp1,23,-0.19118162514394488,0.6477106159435851,0.8274077314809027,0.15367981228700905
pool_alloc_stem_sp1,23,-0.4436755892666488,0.4601295058714438,0.7904015706820039,0.21578847276430657
pool_turnover_branch_sp1,23,3.012193459602952,3.0322557695498986,3.0763040346023502,0.9489378156282552
pool_turnover_croot_sp1,23,-0.9693591573632749,1.0209384017224472,1.435148118440081,0.46999629395855447
pool_turnover_froot_sp1,23,-0.49483394961730254,0.5010210161757994,0.5757141855720459,0.17446910780889244
pool_turnover_leaf_sp1,23,-0.08047017255725905,0.28403306545027546,0.4817797973608558,0.1220860109769566
pool_turnover_stem_sp1,23,0.8310349968835485,0.8360680967417167,0.722377231412898,0.21843745773524195
proj_cover,23,-3.375845777898138,3.482555605784517,3.9910397589000586,1.2044058704877172
proj_fire_off,23,0.07757928817734369,0.07757928817734369,0.11992034557465195,0.041207682631032715
proj_fire_on,23,3.5753066325249065,3.5753066325249065,3.355863796144448,1.0005946224995157
proj_mortality,23,17.337548676162,17.35404551606498,17.15751803572715,5.5347058688365705
proj_thinning_delta,23,38.4975060462415,38.4975060462415,22.652792739790787,5.889211208043685
roth_c_cover_c,23,0.5543157886947531,0.6915180108437228,1.1325973249054389,0.36641821170684064
roth_c_dpm_frac_crop,23,-0.03620717022373894,0.03620717022373894,0.026051787117775525,0.007740280042263455
roth_c_dpm_frac_tree,23,0.7712142938770187,1.1617271350363985,1.6342835282325856,0.416797327495465
roth_c_moisture_b_slope,23,-1.1296937358141954,1.1874584012470948,1.5445892838827728,0.4361382549067908
roth_c_temp_a1,23,0.5906585556108724,0.6391126568557831,0.6945257839057967,0.19838928951451704
roth_c_temp_a2,23,-4.012835066505153,4.37894261960402,4.589473451193398,1.3345034906325441
thinning_fraction_branch_delta,23,0.041820067989948896,0.041820067989948896,0.058820594758744946,0.0172966059703755
thinning_fraction_croot_delta,23,0.0057907135731931295,0.009438971814689301,0.014959755301858505,0.003535933620107199
thinning_fraction_froot_delta,23,0.0058851188612005665,0.007080909434499028,0.010606353189692597,0.0029871397549253616
thinning_fraction_leaf_delta,23,0.016671754061132662,0.016671754061132662,0.020800979650372656,0.006227439344171027
thinning_fraction_stem_delta,23,0.10004144045855538,0.1017218543271193,0.133319932386576,0.037835482690186106
tree_carbon_sp1,23,-3.7013107552800824,4.066756878348206,4.312589383405381,1.2198887614691862
tree_nitrogen_branch_sp1,23,0.06489767840623586,0.06489767840623586,0.05691139626626796,0.017158200526595776
tree_nitrogen_croot_sp1,23,0.23151660192066897,0.23151660192066897,0.32489765046204594,0.10074716112804832
tree_nitrogen_froot_sp1,23,0.0065994306899455155,0.0065994306899455155,0.007740188863136176,0.0027090127742700402
tree_nitrogen_leaf_sp1,23,1.3603338903840931,1.3603338903840931,1.7003449267196704,0.48473794921902724
tree_nitrogen_stem_sp1,23,0.004695091278842567,0.004695091278842567,0.004624637425814509,0.0014630921863251032
tree_root_in_top_30,23,-1.6620010058234667,1.7801453357796588,2.37838367012604,0.758015589979108
tree_root_to_shoot_sp1,23,-2.6888874568852907,3.0921748794187955,4.030600686247255,1.2120781341852374
cy0,24,0.034612863619628134,0.18984535802563127,0.28317063292682126,0.061092919338985134
clay,24,-1.2343154955703723,1.2421959171816597,1.6945024445894008,0.48995700927500496
temp_ci_delta,24,0.3628194333085997,0.3969165234342941,0.5447316429298675,0.17640423085967527
rain_ci_delta,24,1.6771787878370703,1.9918900369186878,5.730039875176263,1.8580790434492822
evap_ci_delta,24,-0.4288653781076091,0.435057301515565,1.2861969090377372,0.4297425992297606
ef_N_inputs,24,1.6268826779034036,2.007588332407049,2.6110561086105517,0.6688466411464297
volatile_frac_organic_fertiliser,24,-0.01630156757300319,0.01630156757300319,0.00990937829653945,0.0030138450609993417
volatile_frac_synthetic_fertiliser,24,0.21208655635002063,0.21208655635002063,0.11442689071693644,0.03573372926037099
base_sf_qty_scale,24,-0.12171437219275268,0.12171437219275268,0.06001112738604086,0.017457688627474915
proj_lit_qty_scale,24,0.015925110680004906,0.02036873020054497,0.018401332617246077,0.003718645681448679
base_stand_density_scale,24,0.0,0.0,0.0,0.0
proj_stand_density_scale,24,-8.069340815941883,9.454156794002431,11.127546549342728,3.1230617120991324
tree_wood_dens_sp1,24,-12.649205794088958,16.003506017015873,22.812667045927153,5.861264704157892
base_cover,24,0.4552981384465121,0.4817883178351418,0.3814471567098512,0.09806541557569193
base_fire_off,24,-0.07567880067863823,0.07567880067863823,0.14689869148455817,0.04839404300400003
base_fire_on,24,-0.20244498625763305,0.20244498625763305,0.15861344601953742,0.0496140206623904
base_sf_n_delta,24,-0.01205401284015035,0.01205401284015035,0.005283568101081053,0.0016692262153271628
crop_base_left_delta,24,0.2615268992053109,0.2851449287220479,0.20347217180291877,0.05024171998006576
crop_base_yield_delta,24,0.02819308445135373,0.1037312837464383,0.12236246214909106,0.021794485920512044
crop_carbon_above_sp3,24,0.02935810043147317,0.03200184423222862,0.028356734261777632,0.007968815738991854
crop_carbon_below_sp3,24,0.08282789656942433,0.08282789656942433,0.04084857020052323,0.01071443582268965
crop_intercept_sp3,24,0.007251447692617073,0.025864087217403943,0.035731642685007795,0.008855840644446035
crop_nitrogen_above_sp3,24,-0.03367589316494459,0.0531999671047239,0.08374088345839739,0.018184715543183013
crop_nitrogen_below_sp3,24,-0.06759884024286729,0.06759884024286729,0.050580262051059456,0.016310658067563356
crop_carbon_above_sp10,24,0.06391309875198767,0.06391309875198767,0.04184483160369567,0.01164759131662615
crop_carbon_below_sp10,24,0.03117553140937306,0.03161050447732002,0.026655570565553156,0.007793297514053092
crop_intercept_sp10,24,0.025761495585659898,0.045344441734495186,0.05036834085172594,0.008518467736902515
crop_nitrogen_above_sp10,24,-0.04570356913160326,0.04570356913160326,0.02984163700642245,0.008973887083695259
crop_nitrogen_below_sp10,24,-0.023142435699092575,0.02344484071946703,0.029404467166002583,0.008328548589452967
crop_proj_left_delta,24,-0.001426482863883502,0.053507372989116585,0.06796835868120027,0.011646609935248334
crop_proj_yield_delta,24,0.1195437441000717,0.12887224842692352,0.08932132424216202,0.022794521869107656
crop_root_in_top_30,24,0.07669690318602322,0.07892264509049662,0.06290914795835803,0.019039582059825814
crop_root_to_shoot_sp3,24,0.10469713350266116,0.10611995953227046,0.06618904659537947,0.019742904889645616
crop_slope_sp3,24,0.01143122544925641,0.02542966106822993,0.03336857166625248,0.007201612895580351
crop_root_to_shoot_sp10,24,0.03928146602983655,0.03950265908096122,0.031865645643265925,0.010558246914792513
crop_slope_sp10,24,0.014654914864967537,0.07402013912496844,0.0942530461885148,0.017183208061069016
cy0_to_ceq_multiplier,24,0.003730316850650581,0.019751674534855077,0.0360605877146015,0.0091959465072832
litter_carbon,24,-0.003466455421573311,0.003466455421573311,0.001429127412858065,0.0003996456095519775
litter_nitrogen,24,0.013982065601877628,0.013982065601877628,0.007232994521154841,0.002439985892410818
mortality_fraction_branch_delta,24,-0.03881803496672614,0.054123881119306994,0.06595737450101892,0.014579828209234235
mortality_fraction_croot_delta,24,-0.024212818286722726,0.025866351589567117,0.03360417332490979,0.008417483182834804
mortality_fraction_froot_delta,24,-0.0161590100943348,0.017035422633877535,0.02045571195840478,0.006181626509158973
mortality_fraction_leaf_delta,24,-0.004313009540462156,0.01064926780548658,0.014447970393265834,0.003133735428932126
mortality_fraction_stem_delta,24,-0.08808428962829531,0.11467577163713857,0.1572337015811819,0.040658139302386556
pool_alloc_froot_sp1,24,-1.0150839737495736,1.082919976202486,1.2905827104345384,0.3966529810241008
pool_alloc_leaf_sp1,24,-0.18946676817657498,0.6534275943730965,0.8378670746187753,0.15598652105478023
pool_alloc_stem_sp1,24,-0.45655879238467667,0.4738406147556164,0.8244790142700247,0.22537643464730872
pool_turnover_branch_sp1,24,3.0967874986359183,3.1253355381725845,3.228071970087524,0.9935315974553521
pool_turnover_croot_sp1,24,-0.9945496848116321,1.0487242012949256,1.4963749304230087,0.48975070068648235
pool_turnover_froot_sp1,24,-0.5070605111857176,0.5151445036409076,0.5974041795690428,0.18054057753607444
pool_turnover_leaf_sp1,24,-0.08135869435170442,0.29244793389334806,0.5008443815707226,0.12662259794806768
pool_turnover_stem_sp1,24,0.8538672594686372,0.8615247213009193,0.7548045020321957,0.2276822432030836
proj_cover,24,-3.4706792459069575,3.589803504876829,4.1755182940523845,1.2601117680112008
proj_fire_off,24,0.0775792881773438,0.0775792881773438,0.11992034557465095,0.04120768263103245
proj_fire_on,24,3.6641402818062287,3.6641402818062287,3.477221599872406,1.037799617701282
proj_mortality,24,18.25520300633715,18.29023314090024,18.27768091726703,5.883250748730617
proj_thinning_delta,24,39.13440488670718,39.13440488670718,23.330269483140277,6.071899057186593
roth_c_cover_c,24,0.5736248479717625,0.7152013567858425,1.1723122387339606,0.3786112096919967
roth_c_dpm_frac_crop,24,-0.026164504694925327,0.026164504694925327,0.023934575286577317,0.007206696135636408
roth_c_dpm_frac_tree,24,0.8100186980521897,1.1899685850560577,1.6899695339173,0.4375596645037482
roth_c_moisture_b_slope,24,-1.1817124031802055,1.237461952286497,1.6148950586592152,0.45547257357764037
roth_c_temp_a1,24,0.6171814927899607,0.663432429813265,0.7211903136484271,0.20682621628150952
roth_c_temp_a2,24,-4.212203691525616,4.567412630761764,4.794894970889123,1.4038285960647356
thinning_fraction_branch_delta,24,0.03838965259438646,0.03838965259438646,0.055429571394301366,0.016425465424961466
thinning_fraction_croot_delta,24,0.004670922822312251,0.008976671327283414,0.01487387626896107,0.0034981061720598134
thinning_fraction_froot_delta,24,0.0052036573457445836,0.006629176163598804,0.010089365675565348,0.0028226705382240185
thinning_fraction_leaf_delta,24,0.0152926330326626,0.015311636266648105,0.019716447224858217,0.005967006627371579
thinning_fraction_stem_delta,24,0.0922866938209009,0.09441665863871368,0.1259831433722662,0.03566544186268594
tree_carbon_sp1,24,-3.790225219322719,4.152078530459926,4.449817362473175,1.2656898468684812
tree_nitrogen_branch_sp1,24,0.06661958513725061,0.06661958513725061,0.058973985336176114,0.01774205524255613
tree_nitrogen_croot_sp1,24,0.23960320490576437,0.23960320490576437,0.34108684440492315,0.10573076482439339
tree_nitrogen_froot_sp1,24,0.006860582688397664,0.006860582688397664,0.008146845599674494,0.002853960242844671
tree_nitrogen_leaf_sp1,24,1.4054564269562757,1.4054564269562757,1.7805142439146169,0.5079212873529103
tree_nitrogen_stem_sp1,24,0.004793417900458913,0.004793417900458913,0.004822891922913439,0.0015242312541626536
tree_root_in_top_30,24,-1.708834574721034,1.831796036430933,2.4796699662683,0.7930934051947014
tree_root_to_shoot_sp1,24,-2.7416301587019065,3.1460482851842437,4.147196318196277,1.2540163825180901
cy0,25,0.02802273833521125,0.17438004188517225,0.26533335476828407,0.05798675906727844
clay,25,-1.2585408986259874,1.2750286076401465,1.7610807799778614,0.506855923118914
temp_ci_delta,25,0.37792157066539434,0.41025963601069215,0.5667105379084069,0.18415100341333965
rain_ci_delta,25,1.753916593248969,2.0640018412239685,5.960611013972834,1.933976515397428
evap_ci_delta,25,-0.44987983158570566,0.4556214779468098,1.354093803540946,0.45274631244099106
ef_N_inputs,25,1.7132204938887827,2.097370749258322,2.738836446027811,0.704851213227035
volatile_frac_organic_fertiliser,25,-0.01630156757300274,0.01630156757300274,0.009909378296539248,0.0030138450609992567
volatile_frac_synthetic_fertiliser,25,0.21208655635002072,0.21208655635002072,0.11442689071693604,0.0357337292603709
base_sf_qty_scale,25,-0.12171437219275302,0.12171437219275302,0.06001112738604073,0.01745768862747482
proj_lit_qty_scale,25,0.01651666005561908,0.020666238806104086,0.0183256852286185,0.0037971487312386185
base_stand_density_scale,25,0.0,0.0,0.0,0.0
proj_stand_density_scale,25,-8.229878792964398,9.616995247651195,11.439201406736741,3.213121402199294
tree_wood_dens_sp1,25,-12.976687855215312,16.315357594209974,23.54681101494081,6.074713104216148
base_cover,25,0.4296991652880148,0.4598775687852229,0.373066814998855,0.09463006800631645
base_fire_off,25,-0.07567880067863882,0.07567880067863882,0.1468986914845593,0.04839404300400049
base_fire_on,25,-0.20034824132376597,0.20034824132376597,0.1546080008059604,0.04817459863980771
base_sf_n_delta,25,-0.0120540128401498,0.0120540128401498,0.005283568101080258,0.0016692262153268386
crop_base_left_delta,25,0.25479025390427495,0.2788881893040559,0.20174335116169653,0.04978086238605284
crop_base_yield_delta,25,0.022482911804105353,0.10264344200758266,0.12222550099813777,0.021603501581691584
crop_carbon_above_sp3,25,0.027018412009834274,0.030357245797112232,0.02786360512095464,0.007514213626091587
crop_carbon_below_sp3,25,0.0738061636999229,0.0738061636999229,0.038773748671357876,0.010130083421305433
crop_intercept_sp3,25,0.007142238923192315,0.025675106922751333,0.03537443534787584,0.008778630618364489
crop_nitrogen_above_sp3,25,-0.03367589316494503,0.053199967104722815,0.08374088345839621,0.01818471554318281
crop_nitrogen_below_sp3,25,-0.06759884024286726,0.06759884024286726,0.05058026205105975,0.016310658067563384
crop_carbon_above_sp10,25,0.06211252893174226,0.06211252893174226,0.04121870300312045,0.011457337112020861
crop_carbon_below_sp10,25,0.030323042264511373,0.030776873358582375,0.026156743258133917,0.007634605575440866
crop_intercept_sp10,25,0.02430191459685333,0.0449311527381929,0.050262705452644406,0.00829558283799979
crop_nitrogen_above_sp10,25,-0.045703569131603325,0.045703569131603325,0.029841637006420955,0.008973887083694695
crop_nitrogen_below_sp10,25,-0.0231424356990924,0.02344484071946687,0.029404467166002573,0.008328548589452844
crop_proj_left_delta,25,-0.005277494852189707,0.05372977970649793,0.06792733612283779,0.01177505436913737
crop_proj_yield_delta,25,0.12129607009419774,0.12986769529347755,0.08917407366634302,0.023102018169906553
crop_root_in_top_30,25,0.06826326464348922,0.07145427333793371,0.06048068256817961,0.018124367218919548
crop_root_to_shoot_sp3,25,0.09029367100993829,0.09300987909242317,0.06328373162068619,0.018453025629509345
crop_slope_sp3,25,0.004750357396109425,0.024989407413614075,0.03311029502018817,0.006607102043473952
crop_root_to_shoot_sp10,25,0.03780225080075345,0.03816496005501651,0.03145966521802217,0.010384707404280102
crop_slope_sp10,25,0.010770174618566029,0.07274667398632818,0.09357281744487217,0.017034123254906164
cy0_to_ceq_multiplier,25,0.00275697093700967,0.018584531278207216,0.03449562837987579,0.008963924757211797
litter_carbon,25,-0.0033639333390284463,0.0033639333390284463,0.0014100403117437673,0.00039480814433776935
litter_nitrogen,25,0.013982065601876629,0.013982065601876629,0.007232994521154859,0.002439985892410617
mortality_fraction_branch_delta,25,-0.039295918748611144,0.05498989619876361,0.06724486588957435,0.014830373392971689
mortality_fraction_croot_delta,25,-0.024536128695670754,0.02629552082556421,0.03422933193293381,0.008560521914933042
mortality_fraction_froot_delta,25,-0.01637023699321727,0.0173027083481898,0.020901459256593712,0.006304600230857202
mortality_fraction_leaf_delta,25,-0.0042246540475967265,0.010705099101433396,0.014662710099134883,0.0031995986389061434
mortality_fraction_stem_delta,25,-0.08982317843982188,0.11708026539539058,0.16116018500597912,0.04165457257235616
pool_alloc_froot_sp1,25,-1.0401011690838733,1.1109680252120675,1.3392681838443328,0.41144064402714653
pool_alloc_leaf_sp1,25,-0.18625006182260498,0.6589399023234203,0.847826662452811,0.15802819765854195
pool_alloc_stem_sp1,25,-0.4685814176903782,0.4868264235851574,0.8578120258266114,0.2348087531138625
pool_turnover_branch_sp1,25,3.1710760828460733,3.210469604435749,3.372413226802342,1.0355912129471951
pool_turnover_croot_sp1,25,-1.0199181851403378,1.0770142396259832,1.5589126580576294,0.5098703161662677
pool_turnover_froot_sp1,25,-0.5195651169059063,0.5295641377087541,0.619318561523135,0.18668484823394005
pool_turnover_leaf_sp1,25,-0.08210495351412339,0.30091528354846525,0.5204233826711301,0.1312939303833308
pool_turnover_stem_sp1,25,0.8736932846375364,0.884892054492062,0.785092689138882,0.23575712833982332
proj_cover,25,-3.5712623379824593,3.703245835190576,4.364292595673735,1.3158639177311255
proj_fire_off,25,0.07757928817734303,0.07757928817734303,0.11992034557465035,0.04120768263103214
proj_fire_on,25,3.7512309790079805,3.754890167536865,3.599743758172028,1.0746454493027087
proj_mortality,25,19.178381896803778,19.233145850838074,19.414893783297813,6.236322206126555
proj_thinning_delta,25,39.71146911697513,39.71146911697513,23.998846561548,6.253776757508658
roth_c_cover_c,25,0.5955341890414969,0.7397534444621817,1.21648647775779,0.3926643476071974
roth_c_dpm_frac_crop,25,-0.019735335167016248,0.019735335167016248,0.02148768504039736,0.006518057160195848
roth_c_dpm_frac_tree,25,0.8448558062975952,1.2164345807387078,1.7431190631086173,0.45676747093800185
roth_c_moisture_b_slope,25,-1.2337185735158858,1.2875740527653103,1.6878276391415055,0.47603854897099407
roth_c_temp_a1,25,0.6439970475352128,0.6877867914741916,0.7495875887531372,0.215807658622732
roth_c_temp_a2,25,-4.411104271121098,4.751473668126641,5.004076189884497,1.475979582296828
thinning_fraction_branch_delta,25,0.0361023698039518,0.0361023698039518,0.05316592617424965,0.015870808853003758
thinning_fraction_croot_delta,25,0.0040569444898625965,0.008772585320741506,0.014987217011970914,0.003568955590258089
thinning_fraction_froot_delta,25,0.0047951043463077825,0.0063127583647184906,0.009724392342378202,0.0027148238668705687
thinning_fraction_leaf_delta,25,0.01433895049385715,0.014389938281908654,0.0191022384309966,0.005847628859213545
thinning_fraction_stem_delta,25,0.08696822315748193,0.08934046204174105,0.12049559472743838,0.034078401822643954
tree_carbon_sp1,25,-3.872076594082601,4.230491812827504,4.583906753504828,1.310577649934073
tree_nitrogen_branch_sp1,25,0.06836469206526163,0.06836469206526163,0.061109268686163336,0.01834696679241612
tree_nitrogen_croot_sp1,25,0.2478557769756486,0.2478557769756486,0.3578064228048615,0.11087626147596859
tree_nitrogen_froot_sp1,25,0.007128920614137649,0.007128920614137649,0.008566936837283299,0.0030036900521136366
tree_nitrogen_leaf_sp1,25,1.4515225519162729,1.4515225519162729,1.8627527603698795,0.5317709313647495
tree_nitrogen_stem_sp1,25,0.004894827634878418,0.004894827634878418,0.0050287447030528815,0.0015878942280523026
tree_root_in_top_30,25,-1.75416156562307,1.8821468080132804,2.581489196010929,0.8283882849144781
tree_root_to_shoot_sp1,25,-2.788706903216448,3.1973696426038236,4.26099662054719,1.2945526921603707
cy0,26,0.021981589976869463,0.16164322251554933,0.2506143654341052,0.05557490884245781
clay,26,-1.2834697976147358,1.3078030603270283,1.8284472269242251,0.5242725138060006
temp_ci_delta,26,0.39270744404811364,0.423545537026839,0.5897427580848629,0.19223835705285755
rain_ci_delta,26,1.8318532766844122,2.135589156631692,6.198207929588617,2.0126101554323768
evap_ci_delta,26,-0.4710934556639831,0.4764045492304575,1.424204430284626,0.47647814437759406
ef_N_inputs,26,1.8011819068842396,2.188719161790872,2.8700618878836353,0.7418617352515562
volatile_frac_organic_fertiliser,26,-0.016301567573002974,0.016301567573002974,0.009909378296539246,0.003013845060999214
volatile_frac_synthetic_fertiliser,26,0.21208655635002094,0.21208655635002094,0.11442689071693599,0.035733729260370925
base_sf_qty_scale,26,-0.12171437219275327,0.12171437219275327,0.06001112738603986,0.017457688627474557
proj_lit_qty_scale,26,0.017083563185782896,0.020949261054665585,0.018252007524164282,0.0038780779404837947
base_stand_density_scale,26,0.0,0.0,0.0,0.0
proj_stand_density_scale,26,-8.371398949696717,9.763305903021136,11.743026697837013,3.299773472224401
tree_wood_dens_sp1,26,-13.277991264135782,16.621770357596034,24.270037073289785,6.282759332684652
base_cover,26,0.4055964613824267,0.4393175964667332,0.3656098436363596,0.0914567277442434
base_fire_off,26,-0.07567880067863808,0.07567880067863808,0.1468986914845577,0.04839404300399984
base_fire_on,26,-0.19833355969834074,0.19833355969834074,0.15080803761442993,0.04680735523658349
base_sf_n_delta,26,-0.012054012840150058,0.012054012840150058,0.005283568101080828,0.001669226215327237
crop_base_left_delta,26,0.2482725844301692,0.2728349928275938,0.20007555960670367,0.04934666312249902
crop_base_yield_delta,26,0.01696376050826071,0.10161118827959917,0.1221260068080021,0.021554384705026627
crop_carbon_above_sp3,26,0.025393720791057527,0.029120949739888425,0.027402676999640656,0.007208853020146153
crop_carbon_below_sp3,26,0.06757200061992158,0.06757200061992158,0.03742696108764942,0.009755951297493404
crop_intercept_sp3,26,0.007036031717513214,0.02548581400058909,0.035045959645943085,0.008708405651543231
crop_nitrogen_above_sp3,26,-0.033675893164944876,0.053199967104722745,0.08374088345839494,0.018184715543182475
crop_nitrogen_below_sp3,26,-0.06759884024286823,0.06759884024286823,0.050580262051060705,0.01631065806756374
crop_carbon_above_sp10,26,0.06039665029365676,0.06039665029365676,0.04061549400963098,0.011275481173150595
crop_carbon_below_sp10,26,0.029511517400046556,0.029982029869118416,0.025683429636791114,0.007485010212173008
crop_intercept_sp10,26,0.02291217643213251,0.04453773544376987,0.05016795531398651,0.008100252373587469
crop_nitrogen_above_sp10,26,-0.04570356913160381,0.04570356913160381,0.029841637006421003,0.008973887083694815
crop_nitrogen_below_sp10,26,-0.02314243569909334,0.023444840719467744,0.029404467166002472,0.008328548589453104
crop_proj_left_delta,26,-0.007314880371398619,0.05391302553177193,0.06792945016166105,0.011892847467290432
crop_proj_yield_delta,26,0.1230232370218377,0.1308589630187045,0.08904457583202638,0.02340953646001866
crop_root_in_top_30,26,0.06231101382771139,0.06612923375823229,0.05860625351587185,0.01748537147014749
crop_root_to_shoot_sp3,26,0.08014781550162711,0.08405428379363529,0.06097787694096772,0.017386116867086042
crop_slope_sp3,26,7.419437480854218e-05,0.02518058403673008,0.032892252628161506,0.006162852210503334
crop_root_to_shoot_sp10,26,0.036393520714752506,0.03689018487794117,0.031075632127566755,0.010222909050985959
crop_slope_sp10,26,0.007059140566708938,0.07173364509490095,0.09295461975376622,0.0168435675244643
cy0_to_ceq_multiplier,26,0.0018874045613579194,0.017521989781049678,0.03322740868551867,0.00881825300983099
litter_carbon,26,-0.0032655779689096387,0.0032655779689096387,0.0013921378155895426,0.00039027170745001483
litter_nitrogen,26,0.013982065601878178,0.013982065601878178,0.007232994521154573,0.002439985892410559
mortality_fraction_branch_delta,26,-0.039689330531657206,0.05579202071538033,0.06849440364078149,0.015069966978152327
mortality_fraction_croot_delta,26,-0.024833616234562778,0.02669638453471112,0.034831369792640954,0.008699405308265837
mortality_fraction_froot_delta,26,-0.016558783917604226,0.017545040431098134,0.021325067745289847,0.006421809019517629
mortality_fraction_leaf_delta,26,-0.00411086160050046,0.010776268210345951,0.014863074444567368,0.003260301641423785
mortality_fraction_stem_delta,26,-0.09145033155891955,0.11940754485028453,0.16497240296944712,0.04260992447314774
pool_alloc_froot_sp1,26,-1.0641717172598535,1.138117581794164,1.387855431664483,0.42611458173609773
pool_alloc_leaf_sp1,26,-0.18155762762793304,0.6653591037361751,0.857106829330158,0.15929989848867077
pool_alloc_stem_sp1,26,-0.4796392336121057,0.49891567948375143,0.8900855241952871,0.2439985043239985
pool_turnover_branch_sp1,26,3.233714376155052,3.2854471739861935,3.5074336469088125,1.074657810224089
pool_turnover_croot_sp1,26,-1.0456302901049441,1.1073996368312045,1.622598539933275,0.5301604113640561
pool_turnover_froot_sp1,26,-0.5323554508267077,0.5444073463097909,0.6413788695900667,0.19285049547365235
pool_turnover_leaf_sp1,26,-0.0827380195681005,0.3093799291851097,0.5404587928034141,0.13608957527794124
pool_turnover_stem_sp1,26,0.8901228150431677,0.9048832566968127,0.8128121023318065,0.24311758572051087
proj_cover,26,-3.6719960746627143,3.8112249344932274,4.5556796780259186,1.3738777195300214
proj_fire_off,26,0.07757928817734382,0.07757928817734382,0.11992034557465081,0.041207682631032416
proj_fire_on,26,3.837433050588126,3.8459115396275045,3.7232894810011836,1.1116317514916751
proj_mortality,26,20.102946129359886,20.191450597847158,20.564433001750622,6.590163254146595
proj_thinning_delta,26,40.21800455942967,40.21800455942967,24.657103695144823,6.434478474295201
roth_c_cover_c,26,0.618881507373707,0.7643469311052031,1.26389744813818,0.4081502823036265
roth_c_dpm_frac_crop,26,-0.015451168193850284,0.015451168193850284,0.019164997853266523,0.005834780088736129
roth_c_dpm_frac_tree,26,0.876486806631435,1.2410079343836724,1.7937507006851832,0.47469140855846237
roth_c_moisture_b_slope,26,-1.2846352309903322,1.3370684359349598,1.762769254150297,0.49761963958693234
roth_c_temp_a1,26,0.6703815711298933,0.7118103458947205,0.7795388146813814,0.22520644502533627
roth_c_temp_a2,26,-4.603993485120832,4.928844596940385,5.215946637539881,1.5494994162469184
thinning_fraction_branch_delta,26,0.034564610402299786,0.034564610402299786,0.0516007099491527,0.015505337134474962
thinning_fraction_croot_delta,26,0.0037623665374239947,0.008677630122826524,0.015143320435603878,0.0036664646847600125
thinning_fraction_froot_delta,26,0.0045601639314750584,0.006090717123581879,0.009454948443215495,0.0026353703001475806
thinning_fraction_leaf_delta,26,0.013674172852218414,0.013739318520611943,0.01876352662030914,0.005807674845046266
thinning_fraction_stem_delta,26,0.0832354529353503,0.0857082691205743,0.11624515904197413,0.03287538365206084
tree_carbon_sp1,26,-3.9466000698922974,4.301536358404506,4.7140598547521435,1.3543107662325107
tree_nitrogen_branch_sp1,26,0.07012803808553998,0.07012803808553998,0.06331277484057092,0.01897168568764773
tree_nitrogen_croot_sp1,26,0.2562573969701548,0.2562573969701548,0.3750381089414127,0.11617792827922267
tree_nitrogen_froot_sp1,26,0.007404013757316788,0.007404013757316788,0.009000051096613605,0.003158058891539177
tree_nitrogen_leaf_sp1,26,1.4984267105377806,1.4984267105377806,1.9469201761319708,0.5562481908745939
tree_nitrogen_stem_sp1,26,0.004999004702938198,0.004999004702938198,0.005241554761301028,0.0016538850315242406
tree_root_in_top_30,26,-1.7981266017355815,1.9310621206292289,2.683358446954187,0.8637746735559427
tree_root_to_shoot_sp1,26,-2.830141528913879,3.243576508275048,4.371119437808693,1.3340696767579352
cy0,27,0.016444591987879453,0.15465663451278214,0.23877864097784784,0.05311761296691834
clay,27,-1.3088598632947357,1.3403639340081115,1.8963425275853012,0.5420981120652774
temp_ci_delta,27,0.40700096822655973,0.43679430573742445,0.6135133419930306,0.20049502255651103
rain_ci_delta,27,1.9095350535238111,2.2081638657669656,6.440825836635814,2.093023126137093
evap_ci_delta,27,-0.4921919207991586,0.497116876222589,1.4952917378795212,0.5005244831789083
ef_N_inputs,27,1.8905521191719163,2.282974349655958,3.0045120038983084,0.7789904719729968
volatile_frac_organic_fertiliser,27,-0.016301567573003297,0.016301567573003297,0.009909378296539111,0.0030138450609992254
volatile_frac_synthetic_fertiliser,27,0.21208655635002072,0.21208655635002072,0.1144268907169354,0.03573372926037075
base_sf_qty_scale,27,-0.12171437219275416,0.12171437219275416,0.0600111273860407,0.017457688627474544
proj_lit_qty_scale,27,0.017627794896613626,0.02122967549558078,0.01818008670471929,0.003959061995564616
base_stand_density_scale,27,0.0,0.0,0.0,0.0
proj_stand_density_scale,27,-8.492781855922733,9.890906190961323,12.036326436996418,3.3825185534098647
tree_wood_dens_sp1,27,-13.551326133679442,16.904358168025098,24.97654448988587,6.486184408255293
base_cover,27,0.38289467632561136,0.4196485861259685,0.3589486426663396,0.08878057601814716
base_fire_off,27,-0.0756788006786381,0.0756788006786381,0.1468986914845577,0.04839404300399984
base_fire_on,27,-0.19639538913599774,0.19639538913599774,0.14720068710388257,0.045508032294282595
base_sf_n_delta,27,-0.012054012840150083,0.012054012840150083,0.0052835681010804745,0.001669226215326969
crop_base_left_delta,27,0.24195938036902312,0.26698547969460545,0.19845970493496115,0.04893080566372314
crop_base_yield_delta,27,0.011622983055258223,0.1007623335458832,0.12205359777859025,0.021561472604316546
crop_carbon_above_sp3,27,0.024176025112879244,0.02810546809170931,0.026949316348865587,0.006986057679299347
crop_carbon_below_sp3,27,0.06301484378576894,0.06301484378576894,0.036491990707326935,0.009507080212287662
crop_intercept_sp3,27,0.006931928810112065,0.02529619991112722,0.034743246034484344,0.008644219102337354
crop_nitrogen_above_sp3,27,-0.0336758931649435,0.05319996710472288,0.08374088345839846,0.018184715543183322
crop_nitrogen_below_sp3,27,-0.06759884024286761,0.06759884024286761,0.050580262051058,0.01631065806756294
crop_carbon_above_sp10,27,0.05875511346329835,0.05875511346329835,0.04003234300060923,0.011100814897492126
crop_carbon_below_sp10,27,0.02873615553090299,0.0292210632683155,0.025231346329217565,0.007343302652657338
crop_intercept_sp10,27,0.021584312355217114,0.04415956245939838,0.050080317748723006,0.007930081528084528
crop_nitrogen_above_sp10,27,-0.04570356913160397,0.04570356913160397,0.029841637006421045,0.008973887083694761
crop_nitrogen_below_sp10,27,-0.023142435699093983,0.023444840719468403,0.029404467166002077,0.008328548589453139
crop_proj_left_delta,27,-0.008307322968551984,0.0540173493884313,0.06789612298376095,0.011955783415592952
crop_proj_yield_delta,27,0.12472017454845408,0.13195337744117208,0.08892972492931282,0.023607299112578146
crop_root_in_top_30,27,0.057773893348478156,0.06204622345448596,0.05712069310095675,0.017008312254474245
crop_root_to_shoot_sp3,27,0.07256512804090298,0.07740632460413288,0.059271924360519423,0.01664598523922303
crop_slope_sp3,27,-0.0033829517259716473,0.025637094883695512,0.03273168161517477,0.005922112423025776
crop_root_to_shoot_sp10,27,0.035046757929641605,0.03567052838154926,0.030709887515574717,0.01007095785524491
crop_slope_sp10,27,0.0035037642105144205,0.07118985001623993,0.092387628720459,0.016562810662129092
cy0_to_ceq_multiplier,27,0.001108181896897846,0.016560287071190966,0.0321941120333217,0.008735446750010447
litter_carbon,27,-0.0031710708847124403,0.0031710708847124403,0.0013752121053880516,0.00038598274524420493
litter_nitrogen,27,0.013982065601877976,0.013982065601877976,0.0072329945211552305,0.0024399858924108323
mortality_fraction_branch_delta,27,-0.03999412080393029,0.056516895439869305,0.06969384617990397,0.015298037112515456
mortality_fraction_croot_delta,27,-0.02510383989074877,0.027064868623102555,0.03540468294406158,0.008833107095335522
mortality_fraction_froot_delta,27,-0.016722966190126833,0.01776029117763494,0.02172335293647026,0.006532306164563783
mortality_fraction_leaf_delta,27,-0.0039717009706736915,0.01083757368866794,0.01504859867998967,0.0033154056733065472
mortality_fraction_stem_delta,27,-0.09295668503991567,0.12170498516228023,0.16864952830797666,0.043512836996466284
pool_alloc_froot_sp1,27,-1.087200722070243,1.1640207167399361,1.4361549432078964,0.4407366270284622
pool_alloc_leaf_sp1,27,-0.175353080767674,0.6717163843414934,0.8655649106291979,0.16006341230808888
pool_alloc_stem_sp1,27,-0.48960943274479424,0.5098664494688177,0.920980594695656,0.25284396030622025
pool_turnover_branch_sp1,27,3.283292429620134,3.3473403004024243,3.6311805307545857,1.1104229512774688
pool_turnover_croot_sp1,27,-1.0717194464944617,1.1382453665723986,1.6872297653983384,0.550748551349722
pool_turnover_froot_sp1,27,-0.5453922456034769,0.5596375262152475,0.6635023114165786,0.1990703530729258
pool_turnover_leaf_sp1,27,-0.08325374917063408,0.31780562922444133,0.5608876661876294,0.14098884493897068
pool_turnover_stem_sp1,27,0.9027533833630406,0.9208295555769579,0.837524482385649,0.24970096683611734
proj_cover,27,-3.7708749212682227,3.913269251770411,4.7485373996939835,1.4333125696993214
proj_fire_off,27,0.07757928817734364,0.07757928817734364,0.11992034557465099,0.04120768263103235
proj_fire_on,27,3.9230159604634665,3.937183631951014,3.847558275749758,1.1487584676887344
proj_mortality,27,21.024002539955184,21.1503966048596,21.72095214973613,6.945102069972847
proj_thinning_delta,27,40.644253363892325,40.644253363892325,25.302443584161846,6.613302420057609
roth_c_cover_c,27,0.6429932044207209,0.7886086991137781,1.3136362056922462,0.4246858028382351
roth_c_dpm_frac_crop,27,-0.012484548195199277,0.012484548195199277,0.0171127946416862,0.005220372423511965
roth_c_dpm_frac_tree,27,0.9052998026387421,1.2635492145745046,1.8418662989211767,0.49151956755026466
roth_c_moisture_b_slope,27,-1.3341811567516655,1.38489958752101,1.8392696376639381,0.5199689651593696
roth_c_temp_a1,27,0.6961034640863186,0.7353965082733984,0.8107858595066507,0.23491171822555446
roth_c_temp_a2,27,-4.789304423580114,5.0992301894039995,5.429730361755421,1.623675584822434
thinning_fraction_branch_delta,27,0.03352776277115116,0.03370779579951998,0.05046794437420332,0.015200356075496007
thinning_fraction_croot_delta,27,0.003674347297514169,0.008641794405065384,0.01527885181459255,0.003760957491559442
thinning_fraction_froot_delta,27,0.0044373277438042365,0.00593335513175835,0.009248095691633554,0.002571669271098997
thinning_fraction_leaf_delta,27,0.013208207585946197,0.013275366980173753,0.018583904559685258,0.005808208665388671
thinning_fraction_stem_delta,27,0.08055715977313822,0.08303345601461203,0.1128522636357626,0.03193199677016073
tree_carbon_sp1,27,-4.013334540756202,4.364638928280174,4.839427046641873,1.3966207171470215
tree_nitrogen_branch_sp1,27,0.07190425378642536,0.07190425378642536,0.06557942229728285,0.019614783577937844
tree_nitrogen_croot_sp1,27,0.2647891189018382,0.2647891189018382,0.39275939763043327,0.1216287500771451
tree_nitrogen_froot_sp1,27,0.007685363759240041,0.007685363759240041,0.009445674266728049,0.0033168868556700992
tree_nitrogen_leaf_sp1,27,1.5460515364547187,1.5460515364547187,2.0328556823183344,0.5813082903624045
tree_nitrogen_stem_sp1,27,0.005105605087154627,0.005105605087154627,0.005460665972021604,0.001722000706740168
tree_root_in_top_30,27,-1.8406769787968873,1.9783257308394664,2.7848089033614802,0.89911499494864
tree_root_to_shoot_sp1,27,-2.8657234238788574,3.2841204409854825,4.476687070957305,1.372309649502409
cy0,28,0.011370342520447062,0.14868911148148742,0.22955695275554347,0.05141973854704526
clay,28,-1.3344903279921874,1.3725587305118456,1.9644837316466048,0.5602221658088075
temp_ci_delta,28,0.4207476522694302,0.44995300061911114,0.6377378711669701,0.2088135001766691
rain_ci_delta,28,1.9861754826233777,2.280467160754361,6.686752061398708,2.174683698056314
evap_ci_delta,28,-0.5129989823806266,0.5175847398334732,1.5665041091048146,0.5246013384120627
ef_N_inputs,28,1.9810944884659367,2.3782780747590944,3.1419343889801343,0.8170360835246849
volatile_frac_organic_fertiliser,28,-0.016301567573003155,0.016301567573003155,0.009909378296539078,0.0030138450609991777
volatile_frac_synthetic_fertiliser,28,0.2120865563500211,0.2120865563500211,0.11442689071693647,0.035733729260371126
base_sf_qty_scale,28,-0.12171437219275236,0.12171437219275236,0.06001112738603912,0.01745768862747439
proj_lit_qty_scale,28,0.018151017265088755,0.02151983948145876,0.01810975868353905,0.004036529738018713
base_stand_density_scale,28,0.0,0.0,0.0,0.0
proj_stand_density_scale,28,-8.592550912601634,9.997623357112357,12.316447343501695,3.46077191078946
tree_wood_dens_sp1,28,-13.79435774739541,17.158630980927775,25.66059994845618,6.683830231123138
base_cover,28,0.3615057909132079,0.40092981479930784,0.35297252031283943,0.08651803723096989
base_fire_off,28,-0.07567880067863841,0.07567880067863841,0.14689869148455864,0.04839404300400015
base_fire_on,28,-0.19452903160338209,0.19452903160338209,0.14377425291581575,0.04427286853329602
base_sf_n_delta,28,-0.0120540128401493,0.0120540128401493,0.005283568101080847,0.0016692262153269757
crop_base_left_delta,28,0.23583820515981868,0.2616064652658946,0.1968879590956076,0.04844123718378471
crop_base_yield_delta,28,0.0064477661438064994,0.0999302874597467,0.12200099174959826,0.021694451821914696
crop_carbon_above_sp3,28,0.023205286161289414,0.02727215420288236,0.026499350641541543,0.00681385350271254
crop_carbon_below_sp3,28,0.059515639839048354,0.059515639839048354,0.03579402281837071,0.00933042189238402
crop_intercept_sp3,28,0.00682996083630108,0.025128101552808764,0.03446310637839589,0.008571650737149567
crop_nitrogen_above_sp3,28,-0.03367589316494479,0.053199967104722704,0.08374088345839643,0.018184715543182867
crop_nitrogen_below_sp3,28,-0.06759884024286848,0.06759884024286848,0.050580262051059706,0.01631065806756357
crop_carbon_above_sp10,28,0.05718155615945584,0.05718155615945584,0.039466396634445046,0.010932494738648662
crop_carbon_below_sp10,28,0.02799344980369336,0.02849086486401157,0.024798044518481163,0.007208318666243574
crop_intercept_sp10,28,0.02031173550898377,0.04393058492388956,0.049996693238461246,0.007776342704726428
crop_nitrogen_above_sp10,28,-0.04570356913160273,0.04570356913160273,0.029841637006422415,0.008973887083695306
crop_nitrogen_below_sp10,28,-0.02314243569909395,0.023444840719468403,0.029404467166002552,0.008328548589453217
crop_proj_left_delta,28,-0.008666597195426295,0.054039578906408745,0.06780502517798329,0.011962350293289053
crop_proj_yield_delta,28,0.12638351190952596,0.13305979273777885,0.0888269773246745,0.02377698327818288
crop_root_in_top_30,28,0.054099890807850604,0.058732496536999634,0.055909967007026044,0.01663434978458506
crop_root_to_shoot_sp3,28,0.06661913313231123,0.07227514978104163,0.05804465260333117,0.016120756287262242
crop_slope_sp3,28,-0.006060915791374691,0.02632009018928395,0.03261970191892502,0.005766079322035055
crop_root_to_shoot_sp10,28,0.03375544002245641,0.03454978960461281,0.03036012632210668,0.009894848285262861
crop_slope_sp10,28,8.862953873839119e-05,0.07074305874040705,0.0918650499092025,0.016338976500699542
cy0_to_ceq_multiplier,28,0.0004087610679639919,0.015936439308226615,0.031344257379587244,0.008622195927564575
litter_carbon,28,-0.003080143361949872,0.003080143361949872,0.0013590945400707387,0.0003818974784323537
litter_nitrogen,28,0.013982065601877453,0.013982065601877453,0.007232994521154735,0.002439985892410597
mortality_fraction_branch_delta,28,-0.04020325266800516,0.057151274831403885,0.07083114151077194,0.015513371947188642
mortality_fraction_croot_delta,28,-0.025344062706888614,0.027397161508880663,0.03594347930256249,0.008960290046126166
mortality_fraction_froot_delta,28,-0.01686052716736692,0.017946008550800748,0.02209301021548126,0.006635046318790518
mortality_fraction_leaf_delta,28,-0.0038064143191033294,0.010942917938514657,0.015218854825268965,0.0033590446403292482
mortality_fraction_stem_delta,28,-0.09432806695077792,0.12402145962328996,0.17216827479646682,0.044373500864801046
pool_alloc_froot_sp1,28,-1.109045316670581,1.1885090278435884,1.4839501335104377,0.45524822773045925
pool_alloc_leaf_sp1,28,-0.16756416497651416,0.6770287647162826,0.8730895513268483,0.1606965091934071
pool_alloc_stem_sp1,28,-0.4983589376247786,0.5197005379958068,0.950174714226908,0.26116683798437434
pool_turnover_branch_sp1,28,3.3183974792166415,3.3938681917857636,3.741675321311578,1.142462396841549
pool_turnover_croot_sp1,28,-1.0981335892472375,1.1695351281255157,1.7525693134224358,0.5715518315734531
pool_turnover_froot_sp1,28,-0.5586063635702878,0.5748911264795764,0.6856002634077175,0.20529393071025814
pool_turnover_leaf_sp1,28,-0.0836267294804666,0.3262490866699692,0.5816414404697942,0.1459636619859206
pool_turnover_stem_sp1,28,0.9111889726869759,0.9323201066077533,0.8587916766957764,0.2553768217953678
proj_cover,28,-3.8670852490363083,4.009653227214769,4.9419028975046695,1.4935270358243482
proj_fire_off,28,0.077579288177344,0.077579288177344,0.11992034557465217,0.04120768263103281
proj_fire_on,28,4.007959376729657,4.027820536891174,3.9721878677327145,1.1860054334162762
proj_mortality,28,21.93604468094173,22.09810633054607,22.8785191225897,7.301164824067533
proj_thinning_delta,28,40.981054692836366,40.981054692836366,25.931430103746855,6.789296327739486
roth_c_cover_c,28,0.6674437928119652,0.8127866671036041,1.3650117229827283,0.44172304355297987
roth_c_dpm_frac_crop,28,-0.010359734602282539,0.010359734602282539,0.015344551431515308,0.004688414295115979
roth_c_dpm_frac_tree,28,0.9314536953148858,1.2838997003342452,1.8874062615190157,0.5073641066314535
roth_c_moisture_b_slope,28,-1.3823076618040417,1.4311947363554,1.916943389113043,0.5429123552562917
roth_c_temp_a1,28,0.7210775176709071,0.7584856733408902,0.843055930435183,0.244829048814939
roth_c_temp_a2,28,-4.966731209120281,5.2628047461570295,5.644748750034905,1.6981073135092355
thinning_fraction_branch_delta,28,0.032829648400584416,0.033171916336605364,0.04960454647499104,0.014969089193126959
thinning_fraction_croot_delta,28,0.0037224214725387226,0.00865610248172884,0.015371900404982194,0.0038413961518754315
thinning_fraction_froot_delta,28,0.0043875382693689905,0.005819267527625021,0.009083180638440092,0.0025178225520890753
thinning_fraction_leaf_delta,28,0.012879803600997978,0.012985752112747093,0.01849478896296262,0.005820624941302831
thinning_fraction_stem_delta,28,0.07859282519440147,0.08100578730893886,0.11006769935513347,0.031167198876579046
tree_carbon_sp1,28,-4.07170379268601,4.419158429747417,4.959111977505429,1.437219097593426
tree_nitrogen_branch_sp1,28,0.07368757620035923,0.07368757620035923,0.06790351314167938,0.020274651051644558
tree_nitrogen_croot_sp1,28,0.2734299909375904,0.2734299909375904,0.41094339398746943,0.1272203706890584
tree_nitrogen_froot_sp1,28,0.007972403707517417,0.007972403707517417,0.00990318522776995,0.0034799559135923423
tree_nitrogen_leaf_sp1,28,1.5942680030655976,1.5942680030655976,2.1203775403810776,0.6069002087764609
tree_nitrogen_stem_sp1,28,0.005214256996354141,0.005214256996354141,0.005685401307785083,0.0017920299994310445
tree_root_in_top_30,28,-1.881640257192458,2.0236717811025366,2.8853634848111507,0.9342574985113682
tree_root_to_shoot_sp1,28,-2.8951148834662566,3.3184491186189105,4.576822914827398,1.4089925696507883
cy0,29,0.006721566402737822,0.14303214296334252,0.22265352012123965,0.05041812470546887
clay,29,-1.3601456700052923,1.4049140687445116,2.0325730196313714,0.5783279240381262
temp_ci_delta,29,0.43392371464754964,0.4627656312895053,0.6621669693003741,0.2171489723655886
rain_ci_delta,29,2.0612812809943235,2.350753461625394,6.934400241841397,2.2571375957613857
evap_ci_delta,29,-0.533399040931954,0.5376930119853022,1.6372299398866919,0.5485065437927444
ef_N_inputs,29,2.0725511671404577,2.4750403286035603,3.282044064834454,0.8557501125335845
volatile_frac_organic_fertiliser,29,-0.01630156757300298,0.01630156757300298,0.009909378296538826,0.0030138450609991287
volatile_frac_synthetic_fertiliser,29,0.21208655635002058,0.21208655635002058,0.11442689071693622,0.03573372926037097
base_sf_qty_scale,29,-0.12171437219275312,0.12171437219275312,0.06001112738604014,0.0174576886274746
proj_lit_qty_scale,29,0.01865465251565098,0.021817274801061114,0.018040903804460443,0.004109313886974445
base_stand_density_scale,29,0.0,0.0,0.0,0.0
proj_stand_density_scale,29,-8.669069421040433,10.081339452716229,12.58077190741902,3.533909244803769
tree_wood_dens_sp1,29,-14.004472658192526,17.380826065947527,26.316492375106037,6.87438441313008
base_cover,29,0.34134830920374476,0.3871938508122662,0.3475846377193786,0.08398590783553689
base_fire_off,29,-0.07567880067863819,0.07567880067863819,0.14689869148455784,0.04839404300399987
base_fire_on,29,-0.1927301301581864,0.1927301301581864,0.14051835804363252,0.04309840579787222
base_sf_n_delta,29,-0.012054012840151007,0.012054012840151007,0.005283568101081303,0.00166922621532718
crop_base_left_delta,29,0.22989841847998393,0.25638170132243665,0.19535482303019447,0.04797535494464259
crop_base_yield_delta,29,0.0014284707586559697,0.09912120060207423,0.12196149316505737,0.0219359524388604
crop_carbon_above_sp3,29,0.02239220001908219,0.026530201552740256,0.026053156769989563,0.006672086928580448
crop_carbon_below_sp3,29,0.05671112322695006,0.05671112322695006,0.035237050255156936,0.009195613184334301
crop_intercept_sp3,29,0.0067285517171963485,0.025021800587076058,0.034203661348394095,0.008467620721845289
crop_nitrogen_above_sp3,29,-0.03367589316494367,0.05319996710472237,0.08374088345839714,0.018184715543183287
crop_nitrogen_below_sp3,29,-0.06759884024286633,0.06759884024286633,0.05058026205105939,0.016310658067563377
crop_carbon_above_sp10,29,0.05566945698009805,0.05566945698009805,0.03891506912214226,0.010769418328948819
crop_carbon_below_sp10,29,0.027279962871657414,0.027787904917587303,0.024381263506070866,0.007079514832161326
crop_intercept_sp10,29,0.019088967750778237,0.0437509305078448,0.049916125090551385,0.007643208036801528
crop_nitrogen_above_sp10,29,-0.045703569131603464,0.045703569131603464,0.02984163700642152,0.0089738870836948
crop_nitrogen_below_sp10,29,-0.02314243569909301,0.023444840719467477,0.029404467166002694,0.008328548589453337
crop_proj_left_delta,29,-0.008628098367283437,0.05399741556584146,0.0676546124203228,0.01192277714378316
crop_proj_yield_delta,29,0.1280106088244259,0.13414305313871785,0.08873417456012325,0.023948413881945012
crop_root_in_top_30,29,0.05098495761541664,0.0559235802195045,0.0548969502384826,0.0163305221829525
crop_root_to_shoot_sp3,29,0.06177015071331221,0.06809500853644432,0.05716812926643242,0.015768615673539318
crop_slope_sp3,29,-0.008220064798611686,0.02720021306827051,0.032543520342354165,0.005588017734914281
crop_root_to_shoot_sp10,29,0.03251410097595859,0.03352313038513237,0.03002432748416196,0.009692710745656231
crop_slope_sp10,29,-0.0031979600399620056,0.07030557009732363,0.09138110395016656,0.016189891238736896
cy0_to_ceq_multiplier,29,-0.00022009778989285494,0.015345679764593428,0.03063536410044666,0.008546710436903256
litter_carbon,29,-0.002992564416212251,0.002992564416212251,0.0013436487992385814,0.00037798030646347253
litter_nitrogen,29,0.013982065601878552,0.013982065601878552,0.007232994521154974,0.0024399858924108
mortality_fraction_branch_delta,29,-0.040308337610847386,0.057682450176891185,0.07189476981048373,0.015714443309375773
mortality_fraction_croot_delta,29,-0.025550881898557466,0.02768926069734179,0.03644200776378973,0.009079555681976348
mortality_fraction_froot_delta,29,-0.016968916590236294,0.018099570194410886,0.02243067284565992,0.00672894258694368
mortality_fraction_leaf_delta,29,-0.003613895339583578,0.011068464219918622,0.015373432379703688,0.0033958204887968866
mortality_fraction_stem_delta,29,-0.0955470675814645,0.12618263804803914,0.1755038996364265,0.04519362566540325
pool_alloc_froot_sp1,29,-1.12953191397373,1.211410388798048,1.5310010282732647,0.4695716060962638
pool_alloc_leaf_sp1,29,-0.1580984785953108,0.6816632542571208,0.8795990966000743,0.1609836914118652
pool_alloc_stem_sp1,29,-0.5057530744273178,0.5281051274484663,0.9773442989716935,0.26897056050304696
pool_turnover_branch_sp1,29,3.3376680264242706,3.423623847209387,3.8369535781619195,1.1701669813056688
pool_turnover_croot_sp1,29,-1.1247626181280972,1.2008161829400883,1.8183488555781362,0.5925473030717565
pool_turnover_froot_sp1,29,-0.5719086204823729,0.5902312380220847,0.7075778582144827,0.21145368741495918
pool_turnover_leaf_sp1,29,-0.0838186839235506,0.33507795451786754,0.6026453332606706,0.15097186796708115
pool_turnover_stem_sp1,29,0.9150527201501564,0.9389674048043138,0.8761874315965608,0.26001622244310474
proj_cover,29,-3.9601931637259575,4.102020221379291,5.134890676779569,1.5539370646410415
proj_fire_off,29,0.07757928817734425,0.07757928817734425,0.11992034557465228,0.04120768263103288
proj_fire_on,29,4.092087725585191,4.117487534054557,4.096790964135531,1.2232857812047406
proj_mortality,29,22.833064574474555,23.03220342057816,24.03066994185506,7.653856197684279
proj_thinning_delta,29,41.21975782632798,41.21975782632798,26.540025365788434,6.961318968925979
roth_c_cover_c,29,0.6919316022847525,0.8364224986979005,1.4174794641671478,0.45931781998178045
roth_c_dpm_frac_crop,29,-0.00879265626546893,0.00879265626546893,0.013829755956495196,0.004233297127322206
roth_c_dpm_frac_tree,29,0.954965313594513,1.3018837319153418,1.930239089506009,0.5222748962315291
roth_c_moisture_b_slope,29,-1.428998590545285,1.4761900867099569,1.9954287213238335,0.5662398021690852
roth_c_temp_a1,29,0.745257493528889,0.7810158994829941,0.876081391524434,0.25487604329234753
roth_c_temp_a2,29,-5.136300761701563,5.419733515565806,5.860312332456673,1.7725153662734778
thinning_fraction_branch_delta,29,0.032361999385888185,0.03281685328913927,0.04891045529797276,0.01479070779792664
thinning_fraction_croot_delta,29,0.0038612564651067495,0.008696951957609505,0.01541832920615228,0.003904819092088597
thinning_fraction_froot_delta,29,0.004385518181945869,0.0057410931741811114,0.00894659444124482,0.0024703559473874207
thinning_fraction_leaf_delta,29,0.012646665619433384,0.012782022627151423,0.018456501444061094,0.005841147428077327
thinning_fraction_stem_delta,29,0.0771191795018083,0.0794223695543386,0.10772196240374259,0.03052713527526889
tree_carbon_sp1,29,-4.1210714668872175,4.464420902408599,5.072186289640071,1.475804598525763
tree_nitrogen_branch_sp1,29,0.07547187186688238,0.07547187186688238,0.07027873582344504,0.020949498122045003
tree_nitrogen_croot_sp1,29,0.28215710806477917,0.28215710806477917,0.42955870921241357,0.13294306190306862
tree_nitrogen_froot_sp1,29,0.008264498210169401,0.008264498210169401,0.010371852803290121,0.0036470088351224913
tree_nitrogen_leaf_sp1,29,1.642935778122786,1.642935778122786,2.209283011501823,0.6329666192701442
tree_nitrogen_stem_sp1,29,0.005324561830470911,0.005324561830470911,0.005915058135162772,0.0018637522116143144
tree_root_in_top_30,29,-1.920768516218636,2.0676790307071675,2.984526299943159,0.9690255901804633
tree_root_to_shoot_sp1,29,-2.9179153665286663,3.3460183207228495,4.670654014845086,1.4438262806556534
cy0,30,0.002462992861794,0.13730584687051398,0.21775385760047125,0.050124029622503334
clay,30,-1.385608496876321,1.4370070534733297,2.1002986686546317,0.5963446894280429
temp_ci_delta,30,0.4465075983887098,0.4754779311722789,0.686580856053159,0.22531629441060133
rain_ci_delta,30,2.134479061299799,2.4189363451496995,7.182215191578404,2.339799398190491
evap_ci_delta,30,-0.5533024922965796,0.5573522284585548,1.707004629738378,0.5720862724982987
ef_N_inputs,30,2.164644152008268,2.5736407343125687,3.4245234682060803,0.8948784547170839
volatile_frac_organic_fertiliser,30,-0.016301567573003144,0.016301567573003144,0.009909378296539092,0.003013845060999185
volatile_frac_synthetic_fertiliser,30,0.21208655635002102,0.21208655635002102,0.11442689071693603,0.03573372926037086
base_sf_qty_scale,30,-0.12171437219275341,0.12171437219275341,0.060011127386040204,0.0174576886274746
proj_lit_qty_scale,30,0.019139925846943875,0.02210233686749572,0.017973431948637007,0.0041831568168643205
base_stand_density_scale,30,0.0,0.0,0.0,0.0
proj_stand_density_scale,30,-8.720667052559245,10.140031347862438,12.826731176971093,3.6012965796608287
tree_wood_dens_sp1,30,-14.17895635951869,17.567361899173214,26.938538844039837,7.056482401028419
base_cover,30,0.32234759082376224,0.37400118107108177,0.3427007377618532,0.08192368455013993
base_fire_off,30,-0.075678800678638,0.075678800678638,0.14689869148455745,0.04839404300399971
base_fire_on,30,-0.1909950603728528,0.1909950603728528,0.1374236777407288,0.041981673367241304
base_sf_n_delta,30,-0.012054012840149526,0.012054012840149526,0.005283568101081034,0.001669226215327028
crop_base_left_delta,30,0.22413089605686207,0.25130300684440526,0.1938556774190626,0.04753064046321113
crop_base_yield_delta,30,-0.0034435935982671056,0.09863929928232827,0.12193027093692665,0.022156564334611398
crop_carbon_above_sp3,30,0.021684943008767284,0.02583891779736579,0.025612588155425903,0.0065488944329986955
crop_carbon_below_sp3,30,0.05437855620449776,0.05437855620449776,0.03476817172640796,0.009085811946925535
crop_intercept_sp3,30,0.006628556447325848,0.024923590480557565,0.0339624480371724,0.008364784948543126
crop_nitrogen_above_sp3,30,-0.033675893164945764,0.0531999671047221,0.0837408834583962,0.01818471554318323
crop_nitrogen_below_sp3,30,-0.06759884024286822,0.06759884024286822,0.05058026205106133,0.016310658067564182
crop_carbon_above_sp10,30,0.05421450189372197,0.05421450189372197,0.03837726015655457,0.010611216714534069
crop_carbon_below_sp10,30,0.026593049997607393,0.027110170246213455,0.023978999363174852,0.00695586659014064
crop_intercept_sp10,30,0.01791212686320092,0.04357440402026421,0.04983620967044981,0.007528614453427542
crop_nitrogen_above_sp10,30,-0.04570356913160327,0.04570356913160327,0.029841637006421947,0.008973887083695196
crop_nitrogen_below_sp10,30,-0.02314243569909349,0.023444840719467994,0.02940446716600221,0.00832854858945282
crop_proj_left_delta,30,-0.008333678280495638,0.05390447234251692,0.06745126020430403,0.011849417002377375
crop_proj_yield_delta,30,0.12960089924534107,0.13530538887919422,0.08864990743984891,0.024073537174949568
crop_root_in_top_30,30,0.048251684605570014,0.053462289540201866,0.054029213502334326,0.016076981606509416
crop_root_to_shoot_sp3,30,0.05768807896923502,0.06458758115963326,0.05653949743710056,0.015533741715680751
crop_slope_sp3,30,-0.01002161927754792,0.02803317871973981,0.03249207070941358,0.005456721940847275
crop_root_to_shoot_sp10,30,0.031319228360709064,0.03256828466190786,0.029701202785127244,0.00948313288219592
crop_slope_sp10,30,-0.0063661880106395535,0.07000687391590188,0.09093026066243057,0.0160686072056182
cy0_to_ceq_multiplier,30,-0.0007861931696859836,0.014781484696302239,0.030033125194157455,0.008496090530839176
litter_carbon,30,-0.0029081332174291374,0.0029081332174291374,0.0013287639405840182,0.0003742020488944951
litter_nitrogen,30,0.013982065601878185,0.013982065601878185,0.0072329945211545964,0.0024399858924105777
mortality_fraction_branch_delta,30,-0.040300098176196265,0.05809778440747375,0.07287303203099234,0.01589945046281405
mortality_fraction_croot_delta,30,-0.02572071913767381,0.027937276490175956,0.036894545494403894,0.009189486139291743
mortality_fraction_froot_delta,30,-0.01704545341559341,0.018218265290182684,0.02273296505808306,0.006812905159275533
mortality_fraction_leaf_delta,30,-0.003392799850916389,0.011183151626164794,0.015512118343813322,0.003430333893864982
mortality_fraction_stem_delta,30,-0.09659467880275072,0.12821806148910878,0.17863071933892602,0.045968443072258294
pool_alloc_froot_sp1,30,-1.1484688676348123,1.2325379640997236,1.5770486136326887,0.48362242778346737
pool_alloc_leaf_sp1,30,-0.1468547282316127,0.6855577039975458,0.8850419349157671,0.16090752644494835
pool_alloc_stem_sp1,30,-0.5116585085609083,0.5351335219310732,1.0021699548091096,0.2761022904429007
pool_turnover_branch_sp1,30,3.339842067799991,3.4353114407821566,3.9151093098448144,1.1929433366273257
pool_turnover_croot_sp1,30,-1.1514543131228372,1.2319737560030812,1.8842719143447917,0.6136287177065426
pool_turnover_froot_sp1,30,-0.5851950823280972,0.6054874735575023,0.7293331937211027,0.2175363457850059
pool_turnover_leaf_sp1,30,-0.08378223538071912,0.3437938580093047,0.6238189202877026,0.15601532459444298
pool_turnover_stem_sp1,30,0.9140010461701589,0.9404205910969065,0.8893087034587432,0.26349604908200086
proj_cover,30,-4.049861854990251,4.190208625748996,5.32665025858079,1.6141414747301908
proj_fire_off,30,0.07757928817734386,0.07757928817734386,0.11992034557465064,0.04120768263103222
proj_fire_on,30,4.175135647407002,4.205827657240704,4.22096906886635,1.2604939415325638
proj_mortality,30,23.708656929955346,23.94296771170656,25.170476352436776,8.003091765944847
proj_thinning_delta,30,41.35225998624437,41.35225998624437,27.123772807795234,7.128088589347532
roth_c_cover_c,30,0.7162181244699446,0.8593506875249346,1.4705907812755148,0.47728133492349284
roth_c_dpm_frac_crop,30,-0.007606653135562569,0.007606653135562569,0.012528013474023963,0.0038434195853752342
roth_c_dpm_frac_tree,30,0.9757634119896258,1.3173140398893841,1.9701697209782978,0.5362541249526745
roth_c_moisture_b_slope,30,-1.4742083039060725,1.5197898836056665,2.074366724158262,0.5898432337100863
roth_c_temp_a1,30,0.7685979384556301,0.8029120235213183,0.909606701899293,0.26497932370042104
roth_c_temp_a2,30,-5.298042875162936,5.570030213136816,6.075676416528224,1.846659730862413
thinning_fraction_branch_delta,30,0.032051191728261756,0.032579545876415886,0.0483240050437603,0.014644560478018629
thinning_fraction_croot_delta,30,0.004061104946534955,0.008743008306685163,0.015421145289914458,0.0039524448126545915
thinning_fraction_froot_delta,30,0.0044146072700178285,0.005698567999399856,0.00882913047171574,0.0024272218792472434
thinning_fraction_leaf_delta,30,0.012479493454821296,0.012625588883874748,0.018446311748747803,0.005865699132637923
thinning_fraction_stem_delta,30,0.07598600072168021,0.07814698572616627,0.1056973677589051,0.02997552103623594
tree_carbon_sp1,30,-4.160781957476507,4.499749050824107,5.177703312937714,1.5120691133832818
tree_nitrogen_branch_sp1,30,0.07725066862003456,0.07725066862003456,0.07269817807568117,0.021637357676329703
tree_nitrogen_croot_sp1,30,0.2909457011811262,0.2909457011811262,0.44856942188000803,0.138785712698969
tree_nitrogen_froot_sp1,30,0.008560944559942135,0.008560944559942135,0.010850834241845558,0.00381774864455877
tree_nitrogen_leaf_sp1,30,1.6919037972889477,1.6919037972889477,2.299348670808315,0.6594439400827425
tree_nitrogen_stem_sp1,30,0.005436095684903508,0.005436095684903508,0.006148904786890468,0.001936936393672218
tree_root_in_top_30,30,-1.9577679442298392,2.109198083680477,3.081778258979116,1.0032540178814626
tree_root_to_shoot_sp1,30,-2.9337019176036585,3.3673729735222553,4.757317961348975,1.4763347457371139
cy0,31,-0.0014366485616962965,0.13365401566445023,0.21454172656002493,0.04972194351023758
clay,31,-1.410657468080829,1.4706045553982103,2.1673339795128115,0.6132029249654756
temp_ci_delta,31,0.4584712411842114,0.4877832989579062,0.710782121461685,0.23339641276705822
rain_ci_delta,31,2.2054354626354415,2.4848730957549994,7.428631066989336,2.422094513589766
evap_ci_delta,31,-0.5726303632945094,0.5764758907969963,1.775445839795197,0.5952155197046582
ef_N_inputs,31,2.2570767658740367,2.6724109661989113,3.5690230730265955,0.934658992307678
volatile_frac_organic_fertiliser,31,-0.01630156757300332,0.01630156757300332,0.009909378296539102,0.0030138450609992202
volatile_frac_synthetic_fertiliser,31,0.21208655635002108,0.21208655635002108,0.11442689071693614,0.03573372926037089
base_sf_qty_scale,31,-0.12171437219275286,0.12171437219275286,0.06001112738604076,0.017457688627474936
proj_lit_qty_scale,31,0.019607915226057194,0.02237580459569414,0.017907271238918464,0.0042576938778105325
base_stand_density_scale,31,0.0,0.0,0.0,0.0
proj_stand_density_scale,31,-8.745727593914562,10.171807960666612,13.051829109636559,3.662311592315382
tree_wood_dens_sp1,31,-14.315122500374173,17.7148607361249,27.52112406288701,7.228737743378165
base_cover,31,0.30443379152171623,0.3612142039572687,0.33824852071654826,0.08028248907969626
base_fire_off,31,-0.07567880067863843,0.07567880067863843,0.1468986914845587,0.04839404300400017
base_fire_on,31,-0.18932057633030505,0.18932057633030505,0.13448138135272872,0.04091981542738417
base_sf_n_delta,31,-0.012054012840150966,0.012054012840150966,0.005283568101080919,0.0016692262153272912
crop_base_left_delta,31,0.21852777183389435,0.24636369949962042,0.19238722700382452,0.04710510849156629
crop_base_yield_delta,31,-0.008175794831005645,0.09816192161107776,0.12190373163881935,0.022473173158147938
crop_carbon_above_sp3,31,0.021051946437227926,0.025185893350083116,0.02517878596523095,0.006438190195384695
crop_carbon_below_sp3,31,0.05237691190097886,0.05237691190097886,0.03435830504524776,0.008992132977103717
crop_intercept_sp3,31,0.006528909811134506,0.024822473275394392,0.03373770025716172,0.008266730001215385
crop_nitrogen_above_sp3,31,-0.03367589316494425,0.05319996710472439,0.08374088345839957,0.0181847155431836
crop_nitrogen_below_sp3,31,-0.06759884024286715,0.06759884024286715,0.05058026205105898,0.01631065806756332
crop_carbon_above_sp10,31,0.05281286243432959,0.05281286243432959,0.037850822280395074,0.010457071394103163
crop_carbon_below_sp10,31,0.025931252059041572,0.026455831690373337,0.023589698607148143,0.006837111623893875
crop_intercept_sp10,31,0.016777583365453902,0.04341170825126886,0.0497562612090807,0.007423109576168987
crop_nitrogen_above_sp10,31,-0.045703569131602714,0.045703569131602714,0.029841637006421628,0.008973887083694915
crop_nitrogen_below_sp10,31,-0.023142435699093526,0.023444840719467994,0.029404467166002556,0.008328548589452789
crop_proj_left_delta,31,-0.007872078387096285,0.05377133065369599,0.06720389263977528,0.01175311334378666
crop_proj_yield_delta,31,0.13115339280508476,0.1364423391036813,0.08857269856360396,0.024199474947846147
crop_root_in_top_30,31,0.045792184173561,0.05125212430519797,0.05327208624308919,0.015861240662059087
crop_root_to_shoot_sp3,31,0.05415993041410664,0.06170945994890128,0.05608311070657392,0.015352777765960113
crop_slope_sp3,31,-0.011569270448002902,0.02877874951186385,0.03245808383547264,0.005372471875926944
crop_root_to_shoot_sp10,31,0.030166505051119237,0.03168112111639146,0.0293895320680394,0.00925015333765235
crop_slope_sp10,31,-0.009424099940929196,0.06983250789865439,0.09050898501063516,0.015969160106977503
cy0_to_ceq_multiplier,31,-0.0012962130534377725,0.01438276772013634,0.0295100191547741,0.008363810401135846
litter_carbon,31,-0.0028266731569044135,0.0028266731569044135,0.0013143491860694346,0.0003705386110945191
litter_nitrogen,31,0.01398206560187737,0.01398206560187737,0.007232994521154947,0.0024399858924108735
mortality_fraction_branch_delta,31,-0.040168854383142896,0.05838581401275483,0.07375574162157697,0.01606663406858701
mortality_fraction_croot_delta,31,-0.025849376644020816,0.028145636454166133,0.03729581712660672,0.009286114499957445
mortality_fraction_froot_delta,31,-0.01708744106089706,0.018299418586461894,0.02299659151069356,0.006885865035706545
mortality_fraction_leaf_delta,31,-0.003141402287143624,0.011299418859049459,0.01563494290429051,0.0034588794121005483
mortality_fraction_stem_delta,31,-0.09745088275764133,0.1300425908943626,0.1815228908979317,0.046691546431320584
pool_alloc_froot_sp1,31,-1.1656551975906253,1.2516975963171486,1.6218193037822768,0.4973114168234839
pool_alloc_leaf_sp1,31,-0.13372943715268787,0.6882579977263538,0.8894003367272698,0.1607152146905419
pool_alloc_stem_sp1,31,-0.5159500101910789,0.540577395483646,1.0243409202346405,0.2825040798830077
pool_turnover_branch_sp1,31,3.323802892875726,3.4307521294750067,3.9743438161844833,1.2097012131935625
pool_turnover_croot_sp1,31,-1.1780256614089546,1.2629777462691316,1.950015914361654,0.6346078294602598
pool_turnover_froot_sp1,31,-0.598350508998425,0.620488108456154,0.7507588192699279,0.22351657779193446
pool_turnover_leaf_sp1,31,-0.08346431398544349,0.3523775600543766,0.6450758180378079,0.16106933161354436
pool_turnover_stem_sp1,31,0.907737097571187,0.9363783390142755,0.8977870120381606,0.265702365103081
proj_cover,31,-4.135753801785192,4.273344188412179,5.516343908269584,1.6738130749438118
proj_fire_off,31,0.0775792881773433,0.0775792881773433,0.11992034557465035,0.04120768263103219
proj_fire_on,31,4.256783892920362,4.292470248969611,4.344318448853268,1.2975125429920227
proj_mortality,31,24.556120524679336,24.82354492985744,26.290628434349763,8.346784681276468
proj_thinning_delta,31,41.371107409230135,41.371107409230135,27.677949941139357,7.288224092976082
roth_c_cover_c,31,0.7400990324973197,0.8813820856910356,1.52396068280799,0.4954352633936508
roth_c_dpm_frac_crop,31,-0.0066891215272443325,0.006717150160531057,0.011401414506565366,0.003492041560147178
roth_c_dpm_frac_tree,31,0.9937236034618431,1.33028847631193,2.0069501892908446,0.5491695945812227
roth_c_moisture_b_slope,31,-1.5178510889369197,1.56192745682994,2.153393628620346,0.6135948764737413
roth_c_temp_a1,31,0.7910433548186161,0.8240864678756165,0.943389248671602,0.27507127340302573
roth_c_temp_a2,31,-5.451885189772087,5.713538373606427,6.290029540459039,1.9203046158124901
thinning_fraction_branch_delta,31,0.03184631503425529,0.032417164578198224,0.04780684497281679,0.014518216403534366
thinning_fraction_croot_delta,31,0.004301581054640935,0.008785830510952441,0.01538594702849538,0.003986611754981301
thinning_fraction_froot_delta,31,0.004463653647044219,0.005666148089638367,0.008724483235964413,0.0023887318621829577
thinning_fraction_leaf_delta,31,0.01235727403714905,0.012499742828705121,0.018450591146497802,0.005890706948929933
thinning_fraction_stem_delta,31,0.07508968194973205,0.07708548086083385,0.10391068462728652,0.0294875694487023
tree_carbon_sp1,31,-4.190188432951635,4.524484328413431,5.274717914570681,1.5457046538131134
tree_nitrogen_branch_sp1,31,0.07901719631117009,0.07901719631117009,0.07515435079971987,0.022336092121786794
tree_nitrogen_croot_sp1,31,0.29976926461374986,0.29976926461374986,0.4679351124243379,0.1447358410202734
tree_nitrogen_froot_sp1,31,0.008860975082315498,0.008860975082315498,0.01133917541184503,0.003991838667653599
tree_nitrogen_leaf_sp1,31,1.7410110679140474,1.7410110679140474,2.390331135191297,0.6862625059045677
tree_nitrogen_stem_sp1,31,0.005548411422411581,0.005548411422411581,0.006386178545374864,0.002011340927797586
tree_root_in_top_30,31,-1.9923160962769004,2.149007705434913,3.176578266437554,1.036776502657436
tree_root_to_shoot_sp1,31,-2.942056925708152,3.3811795113355814,4.835973874361209,1.506362446822398
cy0,32,-0.005006268741842226,0.1318912272308956,0.21270968098194173,0.0489815281960476
clay,32,-1.3808318823116466,1.4770928510891053,2.2117491792838173,0.618454021177097
temp_ci_delta,32,0.4569626097137576,0.49500474337679756,0.7340376962458455,0.2392693315850896
rain_ci_delta,32,2.2254339337802795,2.526613950431152,7.620724702973851,2.4840296787850633
evap_ci_delta,32,-0.5821863227768306,0.5872287712576381,1.8296406574957773,0.61335041696182
ef_N_inputs,32,2.2708590023693356,2.7628670242465097,3.71874171461905,0.9629587749738738
volatile_frac_organic_fertiliser,32,-0.016301567573003026,0.016301567573003026,0.009909378296539,0.0030138450609991387
volatile_frac_synthetic_fertiliser,32,0.2120865563500213,0.2120865563500213,0.11442689071693571,0.035733729260370925
base_sf_qty_scale,32,-0.12171437219275365,0.12171437219275365,0.060011127386040974,0.017457688627474856
proj_lit_qty_scale,32,0.02005957449158443,0.02263837679675037,0.01784237042191838,0.004332610964694442
base_stand_density_scale,32,0.0,0.0,0.0,0.0
proj_stand_density_scale,32,-8.742756759662047,10.174948846834294,13.253676802098203,3.716361921058672
tree_wood_dens_sp1,32,-14.410415149038121,17.820188307575414,28.058762502644342,7.389770197173447
base_cover,32,0.28754150769632425,0.3488232423008268,0.33416518468405987,0.07900319554174316
base_fire_off,32,-0.07567880067863823,0.07567880067863823,0.14689869148455814,0.04839404300400002
base_fire_on,32,-0.18770331979183258,0.18770331979183258,0.13168365543230862,0.03991018799196482
base_sf_n_delta,32,-0.012054012840149609,0.012054012840149609,0.0052835681010807945,0.001669226215327303
crop_base_left_delta,32,0.21308177813950757,0.2415572999821436,0.1909464156710373,0.04669705559218431
crop_base_yield_delta,32,-0.012774733832179124,0.0978052620981765,0.12187828346366926,0.022820087755836837
crop_carbon_above_sp3,32,0.10470060724009378,0.10470060724009378,0.06547949685273674,0.018611031736878936
crop_carbon_below_sp3,32,0.22858267939984128,0.22858267939984128,0.0857531396029097,0.024851663576966273
crop_intercept_sp3,32,0.12521585091669055,0.13349859000068992,0.16786943874177962,0.049194721518248476
crop_nitrogen_above_sp3,32,-0.0669305607858636,0.07202355101829676,0.09143711527675946,0.02260796695553693
crop_nitrogen_below_sp3,32,-0.11086118948445922,0.11086118948445922,0.0801249413327468,0.025742508856431645
crop_carbon_above_sp10,32,0.05145975100725272,0.05145975100725272,0.03733495366408173,0.010306792645025837
crop_carbon_below_sp10,32,0.02529233120794293,0.025823006553728968,0.023212286294881566,0.0067227619596087855
crop_intercept_sp10,32,0.01568252566354254,0.04324743128663499,0.04967556200176903,0.007335176164546734
crop_nitrogen_above_sp10,32,-0.04570356913160292,0.04570356913160292,0.029841637006422325,0.008973887083695448
crop_nitrogen_below_sp10,32,-0.02314243569909395,0.02344484071946837,0.029404467166002594,0.008328548589452945
crop_proj_left_delta,32,0.19172216029326095,0.19314779972574253,0.14455843004479874,0.045629763671503995
crop_proj_yield_delta,32,-0.2241538992376697,0.2657521300217084,0.2995138741276109,0.07153440145042482
crop_root_in_top_30,32,0.1853099348720863,0.1853099348720863,0.098087445504324,0.02974773605524037
crop_root_to_shoot_sp3,32,0.3205880044041252,0.3205880044041252,0.1274666703075084,0.0388185300692731
crop_slope_sp3,32,0.07812182261866013,0.08097121082596845,0.0613674592619969,0.01610900824424826
crop_root_to_shoot_sp10,32,0.02905369744956049,0.0308207206555553,0.029087913721917196,0.009031043244293236
crop_slope_sp10,32,-0.012379104407251474,0.06977657091189228,0.0901142145369372,0.01585234143793709
cy0_to_ceq_multiplier,32,-0.0017557757181408285,0.014162300341926764,0.02904455369579948,0.008142714639177533
litter_carbon,32,-0.0027480267274233917,0.0027480267274233917,0.0013003291191403103,0.00036696955291956476
litter_nitrogen,32,0.013982065601877569,0.013982065601877569,0.007232994521155398,0.002439985892410977
mortality_fraction_branch_delta,32,-0.03990572339867155,0.05853863477147887,0.07453271268925724,0.016214558880619154
mortality_fraction_croot_delta,32,-0.025933388179640575,0.028323491949638006,0.037640495532057894,0.009364184948830704
mortality_fraction_froot_delta,32,-0.017092286662989176,0.018362675878351508,0.023218381154340294,0.006935554177456394
mortality_fraction_leaf_delta,32,-0.0028586333725950847,0.011412176664073717,0.01574206964992798,0.0034846320561548135
mortality_fraction_stem_delta,32,-0.09809573410260583,0.1317457577610069,0.18415449215559504,0.04734213962233859
pool_alloc_froot_sp1,32,-1.1808862149179844,1.2693361569415456,1.665028318033333,0.5104303736666481
pool_alloc_leaf_sp1,32,-0.11862339170930954,0.6894714947715854,0.8926929528954877,0.16060434283622296
pool_alloc_stem_sp1,32,-0.5185122317666507,0.5441902136132722,1.0435623971807424,0.28813781349659207
pool_turnover_branch_sp1,32,3.288622924636794,3.4065701095155054,4.013017183660909,1.2203773283508232
pool_turnover_croot_sp1,32,-1.2042682403265488,1.2942959608768025,2.015234949987266,0.6551183857793291
pool_turnover_froot_sp1,32,-0.6112495560857212,0.6354466366311344,0.7717399835808831,0.22915875170503844
pool_turnover_leaf_sp1,32,-0.08280789596538671,0.3611386637071504,0.66632445914358,0.16613583735258472
pool_turnover_stem_sp1,32,0.8960218356048906,0.9270712621406917,0.9013005345955325,0.26635761248074047
proj_cover,32,-4.106807012500556,4.272246325150426,5.70765792099248,1.7277789375688906
proj_fire_off,32,0.054857379655245606,0.054857379655245606,0.10861682660156233,0.03751853685995005
proj_fire_on,32,4.240443815214396,4.302521194958116,4.4053246515039115,1.3189886242010194
proj_mortality,32,25.36856448598801,25.66892058752485,27.383530485570667,8.682074545583724
proj_thinning_delta,32,41.26962557492366,41.26962557492366,28.197702782067438,7.4402823373525235
roth_c_cover_c,32,0.7459548293691199,0.8950279409643302,1.5715722233488771,0.5098441908530088
roth_c_dpm_frac_crop,32,-0.10925427138338528,0.10925427138338528,0.04632519187814843,0.013021904034734955
roth_c_dpm_frac_tree,32,1.0086916272065725,1.3416703202313243,2.040296683480107,0.5606157163310639
roth_c_moisture_b_slope,32,-1.5335957597291194,1.5858184168377492,2.227958332949501,0.6347713862041318
roth_c_temp_a1,32,0.7962701640669693,0.8331781249451178,0.9778856051738809,0.2840544323925943
roth_c_temp_a2,32,-5.47565252360687,5.797948371087322,6.5055608409944,1.9743533093345087
thinning_fraction_branch_delta,32,0.03171175458198107,0.03230028315325641,0.04733493712114593,0.01440416682923847
thinning_fraction_croot_delta,32,0.004568683547113761,0.00882008097890311,0.015318880254943502,0.004009854627259809
thinning_fraction_froot_delta,32,0.004525071011257609,0.005637746104181729,0.00862836036299108,0.002354227829565567
thinning_fraction_leaf_delta,32,0.012265292553409612,0.012398897169888835,0.018461257522535465,0.0059129073956617675
thinning_fraction_stem_delta,32,0.07435763267726728,0.07617183174404277,0.10230295729863802,0.02904644687753461
tree_carbon_sp1,32,-4.208682531902259,4.538012941657162,5.362304137975226,1.5764088383194916
tree_nitrogen_branch_sp1,32,0.08076443643769174,0.08076443643769174,0.07763922352271141,0.023043403403957077
tree_nitrogen_croot_sp1,32,0.30859972315300405,0.30859972315300405,0.4876109772809416,0.15077963003392497
tree_nitrogen_froot_sp1,32,0.009163760737041013,0.009163760737041013,0.011835812868564765,0.0041689032290700805
tree_nitrogen_leaf_sp1,32,1.7900877086433806,1.7900877086433806,2.481968225331396,0.713346866732826
tree_nitrogen_stem_sp1,32,0.005661041326360616,0.005661041326360616,0.006626085118369491,0.0020867135374074797
tree_root_in_top_30,32,-2.0240754102834506,2.1855853769079365,3.2683671248758244,1.0693647171576997
tree_root_to_shoot_sp1,32,-2.9425886646546737,3.3867420460593607,4.905814871071068,1.5336619784479042
cy0,33,-0.008272336039666844,0.12986409812391306,0.21197443437450644,0.048709480910326855
clay,33,-1.4013747489710224,1.507551761578373,2.277564738082527,0.6352249014724218
temp_ci_delta,33,0.4653077497928044,0.505946515935515,0.7580270322993926,0.24674692130416956
rain_ci_delta,33,2.2843163796344887,2.5821014369432698,7.8627236844641235,2.5652157586633675
evap_ci_delta,33,-0.5990022973606127,0.6045901683103004,1.8951301653040797,0.6354328793192852
ef_N_inputs,33,2.3630162063878113,2.863786456857551,3.8660633787883913,1.0035588834168379
volatile_frac_organic_fertiliser,33,-0.016301567573002974,0.016301567573002974,0.009909378296539,0.0030138450609991296
volatile_frac_synthetic_fertiliser,33,0.21208655635002094,0.21208655635002094,0.11442689071693575,0.03573372926037074
base_sf_qty_scale,33,-0.12171437219275368,0.12171437219275368,0.060011127386040815,0.01745768862747468
proj_lit_qty_scale,33,0.020495760328094387,0.022890682652491973,0.017778683103502523,0.0044076374618276315
base_stand_density_scale,33,0.0,0.0,0.0,0.0
proj_stand_density_scale,33,-8.710437868330505,10.156836984857161,13.4300325466718,3.7633011989458223
tree_wood_dens_sp1,33,-14.462493201813732,17.880501048554596,28.54617468240606,7.538233061516888
base_cover,33,0.27161058880979555,0.3368197800040423,0.3303972139795389,0.07803056717299522
base_fire_off,33,-0.07567880067863812,0.07567880067863812,0.14689869148455778,0.04839404300399987
base_fire_on,33,-0.1861406492728427,0.1861406492728427,0.12902313600793033,0.038950446618743834
base_sf_n_delta,33,-0.01205401284015024,0.01205401284015024,0.0052835681010817565,0.001669226215327352
crop_base_left_delta,33,0.20778659829317814,0.23687831344522517,0.18953124947862474,0.04630502317151882
crop_base_yield_delta,33,-0.017246346140618714,0.09757676803276327,0.12185192851998194,0.023183672893126766
crop_carbon_above_sp3,33,0.07446971780643424,0.07446971780643424,0.04363967550093003,0.012394830630553603
crop_carbon_below_sp3,33,0.16861955201069395,0.16861955201069395,0.06781539160148305,0.019523288255770634
crop_intercept_sp3,33,0.07239815876691694,0.08210793309516737,0.10257183446945074,0.029185913034558277
crop_nitrogen_above_sp3,33,-0.06693056078586504,0.07202355101829547,0.09143711527675638,0.022607966955536483
crop_nitrogen_below_sp3,33,-0.11086118948445892,0.11086118948445892,0.08012494133274621,0.02574250885643142
crop_carbon_above_sp10,33,0.05015304310642479,0.05015304310642479,0.03682877778033694,0.010159987643891595
crop_carbon_below_sp10,33,0.024675003518559734,0.02521058380440592,0.022845771702322642,0.006612293710929099
crop_intercept_sp10,33,0.01462441212596705,0.04308182599883464,0.04959369788986645,0.007263303887585514
crop_nitrogen_above_sp10,33,-0.04570356913160331,0.04570356913160331,0.02984163700642245,0.008973887083695306
crop_nitrogen_below_sp10,33,-0.023142435699092658,0.023444840719467078,0.029404467166002524,0.008328548589452834
crop_proj_left_delta,33,0.11575860983104189,0.12123398215556913,0.09933195386382367,0.028723950131376085
crop_proj_yield_delta,33,-0.05918905912196065,0.17200069523560008,0.22482853243650058,0.042849098153339
crop_root_in_top_30,33,0.1299078980537705,0.1308416960892791,0.08460608700209404,0.02519083668696065
crop_root_to_shoot_sp3,33,0.2225478576256014,0.2225478576256014,0.11606375856632357,0.03556936672143874
crop_slope_sp3,33,0.037598266234041625,0.04863737654498308,0.052173851618116614,0.011069280488529065
crop_root_to_shoot_sp10,33,0.02797780910562179,0.02998798186584233,0.028795854618503678,0.008824140664434927
crop_slope_sp10,33,-0.015236627840983813,0.06978028885482249,0.0897427759120989,0.01575608269488465
cy0_to_ceq_multiplier,33,-0.0021698793624919527,0.014007049859982537,0.028619758015266877,0.007936052169808082
litter_carbon,33,-0.0026720551813137206,0.0026720551813137206,0.0012866442007016614,0.0003634800214749774
litter_nitrogen,33,0.013982065601876762,0.013982065601876762,0.0072329945211534385,0.002439985892410155
mortality_fraction_branch_delta,33,-0.039501688548596245,0.05873596647864056,0.07519516958436788,0.016340602073984852
mortality_fraction_croot_delta,33,-0.02596884849943565,0.02844499172426045,0.03792378887395938,0.0094292716492621
mortality_fraction_froot_delta,33,-0.017057388791874944,0.018401205709738005,0.023395422037014894,0.006962942086603249
mortality_fraction_leaf_delta,33,-0.0025431402209582553,0.011512106190400105,0.01583407865896838,0.0035110942108339508
mortality_fraction_stem_delta,33,-0.09850972037263767,0.13321506401474878,0.18650068901522457,0.04792652894056675
pool_alloc_froot_sp1,33,-1.1939588934221315,1.2850127653871266,1.7063838123370516,0.5229396058313562
pool_alloc_leaf_sp1,33,-0.10144535282150798,0.6890988302424267,0.8949811175026677,0.1606909753162568
pool_alloc_stem_sp1,33,-0.519244524561934,0.545866041709785,1.0595617634458179,0.2929283909329174
pool_turnover_branch_sp1,33,3.233602620970731,3.3662893220049646,4.029700369911632,1.2227701490395297
pool_turnover_croot_sp1,33,-1.2299545836133718,1.3247070885036374,2.079563495421458,0.6754009950453195
pool_turnover_froot_sp1,33,-0.6237602046303277,0.6498646170125074,0.7921572942697702,0.23465264543324743
pool_turnover_leaf_sp1,33,-0.0817524299208349,0.3696530199090579,0.6874687606463313,0.1711611406031897
pool_turnover_stem_sp1,33,0.8786850081436892,0.9119284247092457,0.8995861706026017,0.2655333110031557
proj_cover,33,-4.166901243610839,4.334489713622569,5.889367395682615,1.783013854692376
proj_fire_off,33,0.05485737965524533,0.05485737965524533,0.108616826601562,0.03751853685995008
proj_fire_on,33,4.343831236759458,4.401580173503872,4.537420174604016,1.3575171957197782
proj_mortality,33,26.139022190515824,26.469694565749943,28.44140960599473,9.006983301620323
proj_thinning_delta,33,41.04206247971562,41.04206247971562,28.678166904034388,7.582792162194567
roth_c_cover_c,33,0.7674520285686466,0.9132944486241558,1.6255183740197,0.5286836326552526
roth_c_dpm_frac_crop,33,-0.07712615322822161,0.07712615322822161,0.042746976138412635,0.011718924601912303
roth_c_dpm_frac_tree,33,1.0205023245991824,1.3499538622589822,2.0699019198494035,0.5709686899980271
roth_c_moisture_b_slope,33,-1.568669274511074,1.6203704461850001,2.306247015454864,0.6582837982088734
roth_c_temp_a1,33,0.8134631561586765,0.8509288314778463,1.0121787483296567,0.29376882783036296
roth_c_temp_a2,33,-5.591099693447626,5.91604939724266,6.718218144253866,2.044922110782222
thinning_fraction_branch_delta,33,0.031622364335407334,0.032208506345997326,0.04689313652237576,0.01429789334433481
thinning_fraction_croot_delta,33,0.004852517582231581,0.008842324238394476,0.015225931655330826,0.00402459429481757
thinning_fraction_froot_delta,33,0.004593669551719315,0.005609135722477699,0.00853794218166114,0.002323290349971388
thinning_fraction_leaf_delta,33,0.012192930328190996,0.012324661253512522,0.01847308816851421,0.005929024124367975
thinning_fraction_stem_delta,33,0.07373783465594821,0.07535853740389306,0.10083192315041177,0.028640565949969103
tree_carbon_sp1,33,-4.2157125142334575,4.542618322667848,5.439575324846722,1.602739813340445
tree_nitrogen_branch_sp1,33,0.08248518037434968,0.08248518037434968,0.08014427176043586,0.023756846494877828
tree_nitrogen_croot_sp1,33,0.3174076385971162,0.3174076385971162,0.5075480274916913,0.1569019903036894
tree_nitrogen_froot_sp1,33,0.009468416013201864,0.009468416013201864,0.012339577916734639,0.004348529045529673
tree_nitrogen_leaf_sp1,33,1.838956223812923,1.838956223812923,2.5739805721974602,0.7406162182455809
tree_nitrogen_stem_sp1,33,0.005773500332552523,0.005773500332552523,0.006867799639780741,0.0021627917410809772
tree_root_in_top_30,33,-2.052703331240228,2.218587462130358,3.3565734437717514,1.100814072970125
tree_root_to_shoot_sp1,33,-2.9349480715205796,3.383653613072957,4.9660824441597855,1.5579593084473902
cy0,34,-0.011259228796091392,0.12814322863268965,0.21208138912395602,0.04862017004353715
clay,34,-1.4247696491351254,1.5384325185950571,2.341523790468119,0.6520399343936003
temp_ci_delta,34,0.47521251619342636,0.5163043927966926,0.7797595072297226,0.2539771386710897
rain_ci_delta,34,2.3409411920805328,2.6385973915774175,8.083656008308159,2.638721429509794
evap_ci_delta,34,-0.6154865885047828,0.6211975441906654,1.95455740875931,0.6555800342437111
ef_N_inputs,34,2.4545323881702013,2.9639726717995036,4.0141828870883725,1.0444747995604378
volatile_frac_organic_fertiliser,34,-0.01630156757300304,0.01630156757300304,0.009909378296538995,0.0030138450609991257
volatile_frac_synthetic_fertiliser,34,0.21208655635002144,0.21208655635002144,0.11442689071693617,0.03573372926037095
base_sf_qty_scale,34,-0.12171437219275276,0.12171437219275276,0.06001112738604006,0.017457688627474568
proj_lit_qty_scale,34,0.020917222989628993,0.02314136478355867,0.01771618732988532,0.004477013820091923
base_stand_density_scale,34,0.0,0.0,0.0,0.0
proj_stand_density_scale,34,-8.647676075358294,10.107934015812635,13.578842857353882,3.802474947135704
tree_wood_dens_sp1,34,-14.469306394398453,17.893300984047563,28.978373702822307,7.672839577222935
base_cover,34,0.2565841138550224,0.3251947504365995,0.32689825993194754,0.07731408311605063
base_fire_off,34,-0.07567880067863868,0.07567880067863868,0.14689869148455859,0.04839404300400015
base_fire_on,34,-0.18463011217508954,0.18463011217508954,0.12649271605412155,0.038038311515418775
base_sf_n_delta,34,-0.012054012840149574,0.012054012840149574,0.005283568101080919,0.0016692262153271177
crop_base_left_delta,34,0.20263604412526615,0.23232170369349064,0.18813976047114964,0.04592762071287564
crop_base_yield_delta,34,-0.021595745759910207,0.09738019279145409,0.1218225761388509,0.023591076984436566
crop_carbon_above_sp3,34,0.06148890566947669,0.06148890566947669,0.03581294128661698,0.010279816345109766
crop_carbon_below_sp3,34,0.14119176899619018,0.14119176899619018,0.05941391102167,0.016924653184334528
crop_intercept_sp3,34,0.04920390185064178,0.060225679109477806,0.07585765985825188,0.020962219419558874
crop_nitrogen_above_sp3,34,-0.06693056078586415,0.07202355101829686,0.091437115276757,0.02260796695553604
crop_nitrogen_below_sp3,34,-0.11086118948445822,0.11086118948445822,0.0801249413327465,0.025742508856431656
crop_carbon_above_sp10,34,0.04889067204543236,0.04889067204543236,0.03633147216019095,0.010016343454964072
crop_carbon_below_sp10,34,0.024078001365525584,0.024617012569319644,0.022488790489655724,0.0065055676605673685
crop_intercept_sp10,34,0.013601119615619458,0.04291482087750752,0.049510007993617725,0.007206048605300821
crop_nitrogen_above_sp10,34,-0.045703569131603596,0.045703569131603596,0.02984163700642142,0.008973887083694863
crop_nitrogen_below_sp10,34,-0.023142435699093283,0.023444840719467785,0.02940446716600245,0.008328548589453007
crop_proj_left_delta,34,0.08432176378774435,0.09392206671972417,0.08089860048910587,0.021198917262552314
crop_proj_yield_delta,34,0.010820460268900484,0.1586294985390621,0.19746728002511413,0.03480787055062132
crop_root_in_top_30,34,0.10539980761452483,0.1089346437075281,0.07831130568751687,0.022402534605503337
crop_root_to_shoot_sp3,34,0.1790748757189533,0.18051660233474318,0.10940365066233751,0.03289843332361609
crop_slope_sp3,34,0.019311085476311583,0.03966533278023823,0.04894007872880402,0.009236851598903396
crop_root_to_shoot_sp10,34,0.026937120717842166,0.02920746025433264,0.028512515746464528,0.008620737033678463
crop_slope_sp10,34,-0.018002457252539877,0.06977299149685272,0.08939262228055707,0.01572037701725316
cy0_to_ceq_multiplier,34,-0.002543111282460095,0.013844261192108884,0.02822301371882797,0.007744546351115854
litter_carbon,34,-0.00259862916776189,0.00259862916776189,0.0012732421737222481,0.00036005496992492066
litter_nitrogen,34,0.013982065601879442,0.013982065601879442,0.007232994521154981,0.002439985892410597
mortality_fraction_branch_delta,34,-0.03894872632751724,0.05891625881871222,0.0757351361051457,0.01642789230252525
mortality_fraction_croot_delta,34,-0.025952377875891813,0.028506752155828367,0.03814131305371996,0.009480284650280673
mortality_fraction_froot_delta,34,-0.016980654373781483,0.01839432998821591,0.023524992695762668,0.006976532077163566
mortality_fraction_leaf_delta,34,-0.002193708843160626,0.011637091666452272,0.015911961998158714,0.0035187096352259912
mortality_fraction_stem_delta,34,-0.09867416237445387,0.13441635204192615,0.18853734855876722,0.04844079268975438
pool_alloc_froot_sp1,34,-1.2046785896486463,1.2981319023182343,1.7455936240658485,0.5348211249834803
pool_alloc_leaf_sp1,34,-0.0821172921144494,0.6870488733328891,0.896371340636446,0.16111745450055745
pool_alloc_stem_sp1,34,-0.5180631971479419,0.5456939913275256,1.0720957592864455,0.2968122922265713
pool_turnover_branch_sp1,34,3.158306690531034,3.3078742831418437,4.023227997599231,1.217549338830447
pool_turnover_croot_sp1,34,-1.2548410925710765,1.3539786706675965,2.142618719333171,0.6953223022682277
pool_turnover_froot_sp1,34,-0.6357440027454736,0.6639570624095198,0.8118866016707631,0.23990132973038
pool_turnover_leaf_sp1,34,-0.08023801454502931,0.37787401835354417,0.7084088068572594,0.17611722441069208
pool_turnover_stem_sp1,34,0.8556352858565471,0.8910149831181595,0.8924510506121444,0.26325163721984857
proj_cover,34,-4.239779348932879,4.412417918918798,6.069213610091057,1.8366283566770862
proj_fire_off,34,0.05485737965524558,0.05485737965524558,0.10861682660156227,0.03751853685995003
proj_fire_on,34,4.430156364326653,4.4881035369837425,4.662584112076472,1.3947102463459489
proj_mortality,34,26.860567156419062,27.231579012092464,29.456435021743477,9.316147123986237
proj_thinning_delta,34,40.68373023951467,40.68373023951467,29.114580738765042,7.714287796831501
roth_c_cover_c,34,0.786867575549305,0.9314238718030048,1.67675593055294,0.5459999692370994
roth_c_dpm_frac_crop,34,-0.05222903008259324,0.05222903008259324,0.037398644668083125,0.010488723847413322
roth_c_dpm_frac_tree,34,1.0289911426869747,1.3549422137127904,2.0954507416152794,0.5801515150438323
roth_c_moisture_b_slope,34,-1.6059540927488993,1.658106566719129,2.3820910813955667,0.6810185661239001
roth_c_temp_a1,34,0.8329009653829551,0.87007674442719,1.045165490589418,0.3031865927369449
roth_c_temp_a2,34,-5.7165061866053435,6.039809141950664,6.924263421651583,2.1134992198994786
thinning_fraction_branch_delta,34,0.0315600817575083,0.03212743548917451,0.04647183879378556,0.014196661952942552
thinning_fraction_croot_delta,34,0.005145862328254998,0.008850319330660477,0.015112772179780541,0.0040330486431126465
thinning_fraction_froot_delta,34,0.004665807606015815,0.005577352252494306,0.0084514553722884,0.00229565826164842
thinning_fraction_leaf_delta,34,0.012132526044867538,0.012256277424319336,0.01848275281785274,0.005941937609200975
thinning_fraction_stem_delta,34,0.07319227755403637,0.07461089238120792,0.09946730655494541,0.028261970244792108
tree_carbon_sp1,34,-4.210804376952409,4.539720059524052,5.505703526675468,1.6239718921968167
tree_nitrogen_branch_sp1,34,0.08417209560528255,0.08417209560528255,0.08266053629115622,0.02447384635762702
tree_nitrogen_croot_sp1,34,0.32616245457286086,0.32616245457286086,0.5276933745029693,0.16308664866411035
tree_nitrogen_froot_sp1,34,0.0097740051226543,0.0097740051226543,0.012849202746907604,0.0045302673444554895
tree_nitrogen_leaf_sp1,34,1.8874330041056804,1.8874330041056804,2.6660736659776982,0.7679849641544207
tree_nitrogen_stem_sp1,34,0.005885289818262224,0.005885289818262224,0.007110469184008201,0.0022393037543847606
tree_root_in_top_30,34,-2.077861503396482,2.249134299456535,3.440621536850536,1.130102284134559
tree_root_to_shoot_sp1,34,-2.91884077735019,3.3715688097865524,5.016080727005556,1.5789984276713132
cy0,35,-0.013988869400806426,0.12691676695441695,0.2128110984453721,0.04863460589175822
clay,35,-1.4471038567861192,1.56740343630124,2.4030097562539026,0.6683640561191496
temp_ci_delta,35,0.4858689583416445,0.5264206750957245,0.8008567784323164,0.2611960457050423
rain_ci_delta,35,2.4018374533489766,2.6955690512438997,8.304725590095174,2.712542812655259
evap_ci_delta,35,-0.6324420507580941,0.6380109226708748,2.0135577379639145,0.6755882116862857
ef_N_inputs,35,2.5450597208208343,3.0630853579410044,4.162642657444495,1.0855725926107052
volatile_frac_organic_fertiliser,35,-0.016301567573002905,0.016301567573002905,0.009909378296538937,0.0030138450609990593
volatile_frac_synthetic_fertiliser,35,0.212086556350021,0.212086556350021,0.11442689071693661,0.035733729260371404
base_sf_qty_scale,35,-0.12171437219275419,0.12171437219275419,0.06001112738604109,0.01745768862747475
proj_lit_qty_scale,35,0.02132468007435038,0.02339465894638697,0.01765484340955491,0.004537961128011457
base_stand_density_scale,35,0.0,0.0,0.0,0.0
proj_stand_density_scale,35,27.567014644605003,27.567014644605003,21.434642854808168,6.917914758095117
tree_wood_dens_sp1,35,38.81340919655045,38.81340919655045,32.9402422174635,8.85977103496788
base_cover,35,0.24240941018754975,0.31393948562176566,0.32362859248450754,0.07680801610404928
base_fire_off,35,-0.07567880067863823,0.07567880067863823,0.14689869148455806,0.048394043003999965
base_fire_on,35,-0.18316917924350187,0.18316917924350187,0.1240864818589283,0.037171733464584286
base_sf_n_delta,35,-0.01205401284015129,0.01205401284015129,0.005283568101080246,0.001669226215326998
crop_base_left_delta,35,0.19762527028055188,0.2278830273802725,0.18677053287594073,0.04556391483636117
crop_base_yield_delta,35,-0.02582762024380242,0.09731938409685661,0.12178901950743236,0.023976462896905526
crop_carbon_above_sp3,35,0.05378916253434744,0.05378916253434744,0.03171176009772176,0.009171105793589453
crop_carbon_below_sp3,35,0.12374283687254779,0.12374283687254779,0.053642472390061716,0.015023045977658793
crop_intercept_sp3,35,0.03598740602809541,0.049122406764068545,0.06150581232882853,0.016059807435247462
crop_nitrogen_above_sp3,35,-0.0669305607858636,0.07202355101829758,0.09143711527675726,0.022607966955535574
crop_nitrogen_below_sp3,35,-0.11086118948445822,0.11086118948445822,0.08012494133274621,0.025742508856431385
crop_carbon_above_sp10,35,0.04766955342259149,0.04766955342259149,0.0358421615692452,0.00987550768237798
crop_carbon_below_sp10,35,0.023499931907080572,0.024041631638321202,0.02214146190438145,0.00640211375318907
crop_intercept_sp10,35,0.012610604290705252,0.04274640624771876,0.04942434392551701,0.00716222504000513
crop_nitrogen_above_sp10,35,-0.04570356913160564,0.04570356913160564,0.029841637006418478,0.008973887083693847
crop_nitrogen_below_sp10,35,-0.023142435699094,0.023444840719468618,0.029404467166003485,0.00832854858945339
crop_proj_left_delta,35,0.06596975021781279,0.0797145143807585,0.07020204001023755,0.016191896782334698
crop_proj_yield_delta,35,0.05342643538013566,0.15254343358294267,0.17812555198000468,0.032050118719385234
crop_root_in_top_30,35,0.09031154188254324,0.09555511518566592,0.07378283027313098,0.0206094575370657
crop_root_to_shoot_sp3,35,0.1511219245378434,0.1558271260556852,0.10249777865480578,0.02930559877112125
crop_slope_sp3,35,0.0074843085648375,0.03695060433339221,0.0463604733506581,0.007878277597804476
crop_root_to_shoot_sp10,35,0.0259293231033844,0.02845063403846851,0.028237480678149227,0.008428757550517847
crop_slope_sp10,35,-0.020681041608988548,0.06975440606065249,0.08906208024959623,0.015740678432748904
cy0_to_ceq_multiplier,35,-0.0028788838520343307,0.013702713658242572,0.027843955538246333,0.007554942396714025
litter_carbon,35,-0.0025276329190542014,0.0025276329190542014,0.0012600826634958254,0.00035668352361719366
litter_nitrogen,35,0.013982065601877935,0.013982065601877935,0.007232994521156426,0.00243998589241144
mortality_fraction_branch_delta,35,-0.038239706718017887,0.058956584340137216,0.07614600448407588,0.016493176430994665
mortality_fraction_croot_delta,35,-0.025880814006820498,0.028505702946938417,0.038289166644195884,0.009516237474599029
mortality_fraction_froot_delta,35,-0.016860005126992574,0.018339884682548657,0.023604788757324354,0.006975664664283003
mortality_fraction_leaf_delta,35,-0.0018095614038003416,0.01175305393463678,0.015977100526815544,0.003526035284607732
mortality_fraction_stem_delta,35,-0.09857194403686685,0.13534231134291078,0.19024230796535624,0.04887911531977855
pool_alloc_froot_sp1,35,-0.7996797657285215,1.0904107930087228,1.565019776750276,0.43490242801587176
pool_alloc_leaf_sp1,35,0.09342373731280229,0.651001546691786,0.8712009252077964,0.167393945712256
pool_alloc_stem_sp1,35,0.8767758560860763,0.87979321929169,1.3559903744559891,0.43255965521805556
pool_turnover_branch_sp1,35,-6.1853468349148475,6.1853468349148475,5.459208295718551,1.6338755189998801
pool_turnover_croot_sp1,35,-5.935269919563913,5.935269919563913,5.940638349907145,2.0452023756311215
pool_turnover_froot_sp1,35,-3.0478441545414117,3.0490729763425986,2.848199691381302,0.8226179163175115
pool_turnover_leaf_sp1,35,-1.2406469836365135,1.2588245354825107,1.6512130008840018,0.4780887962610245
pool_turnover_stem_sp1,35,-1.6461887645600868,1.6461887645600868,1.3567834422573732,0.3946958096791985
proj_cover,35,-4.320080444103614,4.490876186505417,6.243108432116323,1.8898287496606958
proj_fire_off,35,0.054857379655246244,0.054857379655246244,0.10861682660156417,0.03751853685995067
proj_fire_on,35,4.509172775944323,4.568508532097248,4.784509728174959,1.431197201656141
proj_mortality,35,-27.816580276625054,27.816580276625054,27.106585386996795,7.893321825352475
proj_thinning_delta,35,-73.72699424289095,84.8498914203799,80.86171378390904,18.825111870338024
roth_c_cover_c,35,0.8077224621118473,0.9496691233039366,1.727701002989396,0.5634051203293579
roth_c_dpm_frac_crop,35,-0.03697598905528153,0.03697598905528153,0.03205652623444287,0.009176004045056061
roth_c_dpm_frac_tree,35,1.0340042835311787,1.3564540035447168,2.1166315924362613,0.5880839256739017
roth_c_moisture_b_slope,35,-1.644870758886006,1.6965247438915518,2.4572003920565044,0.7035633012871937
roth_c_temp_a1,35,0.8530791932745068,0.888966374009021,1.0773667162621487,0.31260062542980255
roth_c_temp_a2,35,-5.849054770594241,6.161267490919637,7.125125832481997,2.183332965825667
thinning_fraction_branch_delta,35,0.03151188988588248,0.03204689912316293,0.0460650178741983,0.014098850736427344
thinning_fraction_croot_delta,35,0.005443332961359204,0.008842606692639133,0.014984426617349953,0.004037093381420614
thinning_fraction_froot_delta,35,0.004738925079776246,0.0055403691475609754,0.008367903477944284,0.002271188514333798
thinning_fraction_leaf_delta,35,0.01207855903684274,0.012189308480623828,0.018487919688697677,0.005951362409860404
thinning_fraction_stem_delta,35,0.0726927720324285,0.07390313901877893,0.0981873360311728,0.027905198642544943
tree_carbon_sp1,35,9.626956675258773,9.626956675258773,7.615582347094701,2.0645840005284253
tree_nitrogen_branch_sp1,35,0.0858177990437306,0.0858177990437306,0.0851786939775797,0.02519171828875948
tree_nitrogen_croot_sp1,35,0.33483277706825537,0.33483277706825537,0.547990603445415,0.16931626383149395
tree_nitrogen_froot_sp1,35,0.010079549457089877,0.010079549457089877,0.013363328669715718,0.00471363671932295
tree_nitrogen_leaf_sp1,35,1.9353300368960653,1.9353300368960653,2.7579403315401025,0.7953634069474209
tree_nitrogen_stem_sp1,35,0.005995901907230139,0.005995901907230139,0.007353216739303404,0.002315969828221226
tree_root_in_top_30,35,-2.0992223433369412,2.27648315015844,3.519939955257982,1.1572805856539923
tree_root_to_shoot_sp1,35,7.554312220506345,7.560554169283653,10.383410277165758,3.2753448891778776
cy0,36,-0.016481918286704467,0.12650653787141608,0.21397965276111341,0.04883127596032339
clay,36,-1.890493613508023,1.9917372108091822,2.9925308019889165,0.8460439047826527
temp_ci_delta,36,0.7356465680751444,0.754901512477905,0.9985293206011351,0.32824741866384904
rain_ci_delta,36,3.2962090076153685,3.4744150721919853,9.61870738032414,3.1252818976648995
evap_ci_delta,36,-0.8644187149004665,0.8665966279302616,2.5309938904026734,0.8480189519073064
ef_N_inputs,36,2.6371252768957514,3.1624804904192008,4.278087653623135,1.1276611446793312
volatile_frac_organic_fertiliser,36,-0.016301567573004046,0.016301567573004046,0.009909378296540344,0.003013845060999441
volatile_frac_synthetic_fertiliser,36,0.21208655635002072,0.21208655635002072,0.11442689071693618,0.03573372926037099
base_sf_qty_scale,36,-0.12171437219275423,0.12171437219275423,0.06001112738604143,0.017457688627475054
proj_lit_qty_scale,36,0.021718769028081945,0.023638833371155105,0.01759463423322192,0.004598642737122154
base_stand_density_scale,36,0.0,0.0,0.0,0.0
proj_stand_density_scale,36,-14.189249587405575,14.649873517554507,18.695042420740897,5.688381114874896
tree_wood_dens_sp1,36,-24.00395647943795,25.379106396847003,37.883434762749694,10.52424534221644
base_cover,36,0.22903681683821392,0.30438905143375566,0.320554420235718,0.07574529884694228
base_fire_off,36,-0.07567880067863818,0.07567880067863818,0.14689869148455775,0.04839404300399983
base_fire_on,36,-0.18175578237734252,0.18175578237734252,0.12179813416020323,0.036348739733258355
base_sf_n_delta,36,-0.012054012840149083,0.012054012840149083,0.005283568101079113,0.0016692262153267005
crop_base_left_delta,36,0.19274837909195275,0.2235575806045495,0.18542238365672856,0.04521268766482814
crop_base_yield_delta,36,-0.02994683565298843,0.09742078726560427,0.12175019108836743,0.024317231437602678
crop_carbon_above_sp3,36,0.048779817043920884,0.048779817043920884,0.029276075609090988,0.008500208761661134
crop_carbon_below_sp3,36,0.11190980535713509,0.11190980535713509,0.049624424858122386,0.013669292149082347
crop_intercept_sp3,36,0.027871846307421295,0.042436326044976505,0.053349109447892645,0.013231874819034123
crop_nitrogen_above_sp3,36,-0.06693056078586405,0.07202355101829724,0.09143711527675924,0.022607966955536577
crop_nitrogen_below_sp3,36,-0.11086118948445775,0.11086118948445775,0.08012494133274604,0.025742508856431482
crop_carbon_above_sp10,36,0.04648745897963777,0.04648745897963777,0.03536048265678319,0.009737392994381174
crop_carbon_below_sp10,36,0.02294015179964485,0.023483282785717565,0.021802310040164738,0.006301866101985322
crop_intercept_sp10,36,0.011651509138465282,0.042602499770741986,0.04933668392844152,0.007114847744003585
crop_nitrogen_above_sp10,36,-0.04570356913160368,0.04570356913160368,0.02984163700642158,0.00897388708369497
crop_nitrogen_below_sp10,36,-0.02314243569909214,0.023444840719466613,0.029404467166003055,0.008328548589452454
crop_proj_left_delta,36,0.0544459893070364,0.07095490564458558,0.06363913056932585,0.013147633571435466
crop_proj_yield_delta,36,0.08161049497319395,0.15003276051062878,0.16379420537746847,0.03122627966099145
crop_root_in_top_30,36,0.08013704158569465,0.08641744068621052,0.07050946070668374,0.019488040830658842
crop_root_to_shoot_sp3,36,0.13178012621582755,0.13864683672790842,0.09671588960080577,0.02674916421929921
crop_slope_sp3,36,-0.0006869238683444287,0.03651049401749253,0.04439867718157636,0.0068995864672729045
crop_root_to_shoot_sp10,36,0.024952985365176233,0.027713088079423086,0.02797008331902542,0.008249037904479884
crop_slope_sp10,36,-0.023276638737334737,0.06972520188465126,0.08874939088183079,0.015811934387679562
cy0_to_ceq_multiplier,36,-0.0031808629921650537,0.01354502855915952,0.027475938309696038,0.00737795616502198
litter_carbon,36,-0.002458954664816798,0.002458954664816798,0.0012471388498650365,0.00035335886700424456
litter_nitrogen,36,0.013982065601878636,0.013982065601878636,0.007232994521154924,0.002439985892410772
mortality_fraction_branch_delta,36,0.03932912904785076,0.05255259689178279,0.05752386580574546,0.014079104227301013
mortality_fraction_croot_delta,36,0.003326669893966224,0.013746247894730187,0.02132502240255395,0.004780979472000587
mortality_fraction_froot_delta,36,0.0033814322132599784,0.009931594101762326,0.013252268112350247,0.0030959034837142216
mortality_fraction_leaf_delta,36,0.017981382567180144,0.018241983179202233,0.017118175804271097,0.005547790841031029
mortality_fraction_stem_delta,36,0.04406786396485968,0.08627455716028973,0.0999444606435454,0.020324647144740363
pool_alloc_froot_sp1,36,-0.8143700761905265,0.9351375376845386,1.521371134624245,0.4608812590807843
pool_alloc_leaf_sp1,36,0.3894402463936963,0.6895770263616395,0.8628843350420748,0.20943347369973786
pool_alloc_stem_sp1,36,-0.7725037364675293,0.8786651424507272,1.786123339553057,0.5277440071686936
pool_turnover_branch_sp1,36,5.043401719403032,5.069045296377257,6.197356991349485,1.9561805570364212
pool_turnover_croot_sp1,36,0.5649253542198167,0.90671013405983,1.265275364830181,0.35791174469955905
pool_turnover_froot_sp1,36,0.30376069520423454,0.4308025059277704,0.5079995627264405,0.12497501455423891
pool_turnover_leaf_sp1,36,0.5130469644610256,0.5764358733681246,0.5856045154472957,0.145302321916273
pool_turnover_stem_sp1,36,1.2048046624901225,1.2134092482086616,1.1745337026197546,0.3666899304030017
proj_cover,36,-6.794633202941919,6.901492900704534,9.174001656446931,2.7901528832262326
proj_fire_off,36,0.05485737965524608,0.05485737965524608,0.10861682660156376,0.0375185368599507
proj_fire_on,36,9.822105860867769,9.822105860867769,13.561470431051335,3.770034192215401
proj_mortality,36,37.906817134315915,37.972639713651354,42.65974783672234,13.525603868750267
proj_thinning_delta,36,59.68167360961612,59.68167360961612,57.726462056530025,14.987549763151941
roth_c_cover_c,36,1.2758132895307075,1.401340460366611,2.715883025863889,0.9016870610917178
roth_c_dpm_frac_crop,36,-0.027237384779334472,0.027237384779334472,0.026972807722693046,0.007815138203232914
roth_c_dpm_frac_tree,36,4.876712164150511,5.015049859207569,7.93684914271163,2.6075687178500484
roth_c_moisture_b_slope,36,-2.4363598314432378,2.4620710134888735,3.27827131197387,0.897223705157428
roth_c_temp_a1,36,1.289008144140358,1.3124739648413126,1.430641158440525,0.4286655014034941
roth_c_temp_a2,36,-9.457351037853034,9.669997179361584,11.160252804724703,3.4710186890736576
thinning_fraction_branch_delta,36,-4.013038051252869,4.013139220917252,4.62453433449236,1.6194670359231254
thinning_fraction_croot_delta,36,-1.8433071521209108,1.8433071521209108,2.2632348535783535,0.6513503038008426
thinning_fraction_froot_delta,36,-0.9794285375220694,0.9794285375220694,1.1461979989966358,0.35153175511534235
thinning_fraction_leaf_delta,36,-1.3955886543819456,1.3955886543819456,1.5643360151134111,0.5177974661492285
thinning_fraction_stem_delta,36,-9.761595784317612,9.765021612599853,12.832874255899725,4.287272875633315
tree_carbon_sp1,36,-6.9580770126775295,7.0948173093109,8.231016761599784,2.4854475969359386
tree_nitrogen_branch_sp1,36,0.27170521044169116,0.27170521044169116,0.30197482822906296,0.08974185674551254
tree_nitrogen_croot_sp1,36,0.39755944374369756,0.39755944374369756,0.6354143668688196,0.19956897163848242
tree_nitrogen_froot_sp1,36,0.009974642860242458,0.009974642860242458,0.013441590185347813,0.004736872592571335
tree_nitrogen_leaf_sp1,36,1.8267303568356106,1.8267303568356106,2.5839924080972976,0.7411517009416191
tree_nitrogen_stem_sp1,36,0.024284665670963358,0.024284665670963358,0.03981591903656446,0.012504445845364608
tree_root_in_top_30,36,-2.2057865262353284,2.374563116083512,3.715928284044282,1.2168436467526282
tree_root_to_shoot_sp1,36,-3.7213091553543514,3.9099389592092613,6.2764305620375485,2.0318279442252547
cy0,37,-0.018756713837059128,0.12602958472240128,0.21543450175030193,0.049319403092593285
clay,37,-1.448484944847888,1.5873181093780269,2.466383785389007,0.679339021448617
temp_ci_delta,37,0.5028920559277903,0.5501661445691817,0.8141319359361854,0.26654012686961875
rain_ci_delta,37,2.552135147119274,2.790305912684836,8.544047854601255,2.7872436641630647
evap_ci_delta,37,-0.677516009065139,0.6819100429630656,2.057067507425508,0.6822912113200931
ef_N_inputs,37,2.1280055374020312,2.7307807573005483,3.8090777145248182,0.9703423041616435
volatile_frac_organic_fertiliser,37,-0.01630156757300278,0.01630156757300278,0.009909378296539737,0.0030138450609991808
volatile_frac_synthetic_fertiliser,37,0.2120865563500204,0.2120865563500204,0.11442689071693614,0.035733729260370876
base_sf_qty_scale,37,-0.12171437219275305,0.12171437219275305,0.06001112738604024,0.017457688627474696
proj_lit_qty_scale,37,0.02210007644313585,0.023874361526439715,0.01753554951599163,0.004658910948123087
base_stand_density_scale,37,0.0,0.0,0.0,0.0
proj_stand_density_scale,37,-1.1771446390243443,5.564154703745299,9.145897118936798,2.267884338061865
tree_wood_dens_sp1,37,-2.8329925157655858,10.80432986008089,18.50855891156259,4.302669315798747
base_cover,37,0.21641992496980453,0.2958359605848823,0.31764653047426716,0.07458732209240374
base_fire_off,37,-0.07567880067863834,0.07567880067863834,0.1468986914845586,0.04839404300400015
base_fire_on,37,-0.1803879376100016,0.1803879376100016,0.1196221412902029,0.03556747152151261
base_sf_n_delta,37,-0.012054012840150183,0.012054012840150183,0.005283568101080687,0.0016692262153270528
crop_base_left_delta,37,0.1880012119741014,0.21934186804395334,0.18409480671093806,0.0448733506354856
crop_base_yield_delta,37,-0.03395691021331344,0.09768330145228,0.12170554642436864,0.024624850436165194
crop_carbon_above_sp3,37,0.04525803533228275,0.04525803533228275,0.027667739502691725,0.0080465903711948
crop_carbon_below_sp3,37,0.1034337144254602,0.1034337144254602,0.04676794591751944,0.012709027887399445
crop_intercept_sp3,37,0.022507631069040974,0.03831874254007597,0.04848371014817249,0.011542346658038468
crop_nitrogen_above_sp3,37,-0.0669305607858638,0.07202355101829644,0.09143711527675735,0.022607966955536175
crop_nitrogen_below_sp3,37,-0.11086118948445858,0.11086118948445858,0.08012494133274645,0.025742508856431534
crop_carbon_above_sp10,37,0.04534308268472741,0.04534308268472741,0.034885984010733444,0.00960181278153502
crop_carbon_below_sp10,37,0.022397399655600517,0.02294123351333114,0.02147128020796739,0.006204409396079927
crop_intercept_sp10,37,0.010721952884248473,0.042481001583049356,0.049247064544069706,0.007063210186164128
crop_nitrogen_above_sp10,37,-0.04570356913160282,0.04570356913160282,0.02984163700642188,0.008973887083695054
crop_nitrogen_below_sp10,37,-0.023142435699092866,0.023444840719467352,0.029404467166002625,0.008328548589452875
crop_proj_left_delta,37,0.046767386593358065,0.06504171945430699,0.05945220817705387,0.011320677698577973
crop_proj_yield_delta,37,0.10158279591560034,0.15103542437698297,0.15302432566617555,0.030554814152308384
crop_root_in_top_30,37,0.07273077684662851,0.07970948494762509,0.06811174596829729,0.01874693392398889
crop_root_to_shoot_sp3,37,0.1175876798349164,0.12608442141017145,0.092249280393156,0.02494052885464775
crop_slope_sp3,37,-0.006645278856559511,0.03647507579945629,0.0429508121806562,0.0064844343226167145
crop_root_to_shoot_sp10,37,0.024006903692307395,0.026994117833388048,0.02770977754728833,0.00808096874269406
crop_slope_sp10,37,-0.025793061821440096,0.06968503449333754,0.08845319824227986,0.01592935919466461
cy0_to_ceq_multiplier,37,-0.003452261733995393,0.013372121101333867,0.0271130484934642,0.007211429710185988
litter_carbon,37,-0.0023925142699756873,0.0023925142699756873,0.0012343541366825943,0.00035006503327125765
litter_nitrogen,37,0.01398206560187682,0.01398206560187682,0.007232994521154514,0.0024399858924103813
mortality_fraction_branch_delta,37,0.01178009066273553,0.03756870580135478,0.04735524152440572,0.009823217691496236
mortality_fraction_croot_delta,37,-0.0062571314178902025,0.014229853791711097,0.021223485907629177,0.00528437579166513
mortality_fraction_froot_delta,37,-0.0028345736756056257,0.008461006178373979,0.012636929155614292,0.0028270843199611033
mortality_fraction_leaf_delta,37,0.011275814549459307,0.012013936455712203,0.01326917940106699,0.00435625399650335
mortality_fraction_stem_delta,37,-0.002020774485925353,0.08074775433192023,0.10457169887879432,0.019440754888265424
pool_alloc_froot_sp1,37,-0.20983243241678567,0.5782428768456975,0.977746410897526,0.25226042933196735
pool_alloc_leaf_sp1,37,0.781549660293623,0.8632940207335343,0.8559582105563018,0.22017079905322562
pool_alloc_stem_sp1,37,-0.18096878817989615,0.33820587058154183,0.5842190934764894,0.1507539966935205
pool_turnover_branch_sp1,37,0.8878922537067595,1.5467343897754815,2.146325546523419,0.5395783817243146
pool_turnover_croot_sp1,37,-0.07402270588077262,0.6500409699713878,1.278599673088305,0.35067403419930065
pool_turnover_froot_sp1,37,-0.02186503476622675,0.2928351455211654,0.403697245232298,0.08927347266033132
pool_turnover_leaf_sp1,37,0.30620502948598355,0.42853924632333856,0.524434064450516,0.1256497175685604
pool_turnover_stem_sp1,37,0.2947514542712445,0.41076499929012067,0.5266064072064185,0.13123367713076495
proj_cover,37,-4.692795270363216,4.883596079125472,7.149672164210704,2.1396922543851282
proj_fire_off,37,0.05485737965524554,0.05485737965524554,0.10861682660156226,0.037518536859950054
proj_fire_on,37,2.192957038201293,4.2316673256063675,5.496195165649732,1.1936626572763467
proj_mortality,37,15.837929812577688,17.56025461858767,20.06813114201311,5.922307480103961
proj_thinning_delta,37,14.99625711545852,16.11253454281511,16.600854505500905,4.556904521178603
roth_c_cover_c,37,0.9121332201503165,1.0526361491285263,1.8153276288772384,0.5994321937687964
roth_c_dpm_frac_crop,37,-0.020758184550760755,0.020758184550760755,0.022473681465740858,0.0065522759909814356
roth_c_dpm_frac_tree,37,-2.026678661719754,2.119996461153942,2.335910341422779,0.7692217275599464
roth_c_moisture_b_slope,37,-1.8126973242144087,1.865850125375026,2.700542831871804,0.7569532411065573
roth_c_temp_a1,37,0.8854302659919611,0.9275802548031364,1.222018256987325,0.35522076742201114
roth_c_temp_a2,37,-6.4733438613054775,6.770597067302965,8.182053250513903,2.519335414651427
thinning_fraction_branch_delta,37,1.6053210708807568,1.6053210708807568,1.8491243178193264,0.6032185611548662
thinning_fraction_croot_delta,37,0.599165106431103,0.599165106431103,0.6761332273848824,0.1894810869370387
thinning_fraction_froot_delta,37,0.36616123795128586,0.36616123795128586,0.4709881151418708,0.14061910998721466
thinning_fraction_leaf_delta,37,0.5474742208783681,0.5474742208783681,0.5277813590504153,0.1717850722692895
thinning_fraction_stem_delta,37,3.453025851458631,3.453025851458631,4.0442481041979175,1.4010830577579592
tree_carbon_sp1,37,-1.1139592410006305,2.0644742344799822,3.032083727268191,0.7684145921886696
tree_nitrogen_branch_sp1,37,0.07508785672055031,0.07508785672055031,0.07824516239351315,0.023131231110152167
tree_nitrogen_croot_sp1,37,0.2985621255549512,0.2985621255549512,0.5189531923424663,0.15939094913994778
tree_nitrogen_froot_sp1,37,0.009122050206691063,0.009122050206691063,0.012320103118939722,0.004352648982403756
tree_nitrogen_leaf_sp1,37,1.7117962012402164,1.7117962012402164,2.4678851710168974,0.7127263634993243
tree_nitrogen_stem_sp1,37,0.005223268418946131,0.005223268418946131,0.006648507635208013,0.0021045169083593156
tree_root_in_top_30,37,-0.07260452043979829,1.1588312617940126,1.6891841063625075,0.3903756686952542
tree_root_to_shoot_sp1,37,-0.6923575598901348,1.8948376192820024,3.2930839083481183,0.8871812696341194
cy0,38,-0.02083090269024896,0.1268603505091889,0.21705450496524048,0.04956960040590965
clay,38,-1.2554552164497266,1.4420345695286736,2.30158436241044,0.6257015808520904
temp_ci_delta,38,0.3002711212593985,0.40621006514960784,0.7198158671448305,0.22368555244034005
rain_ci_delta,38,1.805281416956785,2.1964681147037277,7.875418460320359,2.5869613539841816
evap_ci_delta,38,-0.507794896750013,0.5265708366166725,1.7582196343863172,0.5827645177301496
ef_N_inputs,38,2.2013408075680245,2.810520883469745,3.934567655049442,1.0053482753660352
volatile_frac_organic_fertiliser,38,-0.016301567573003085,0.016301567573003085,0.009909378296539978,0.0030138450609992957
volatile_frac_synthetic_fertiliser,38,0.21208655635002086,0.21208655635002086,0.11442689071693624,0.03573372926037094
base_sf_qty_scale,38,-0.12171437219275294,0.12171437219275294,0.060011127386040475,0.017457688627474762
proj_lit_qty_scale,38,0.022469167904914166,0.024101672324875333,0.017477570805411513,0.004718654074194717
base_stand_density_scale,38,0.0,0.0,0.0,0.0
proj_stand_density_scale,38,-3.4030014186319564,5.804066128434653,9.676283870725717,2.4955917870829607
tree_wood_dens_sp1,38,-6.3650960265062775,11.63211541058337,20.630751452028147,5.127895124684869
base_cover,38,0.20451511234663763,0.28838251560880945,0.3148803276467707,0.07329547582705472
base_fire_off,38,-0.07567880067863834,0.07567880067863834,0.14689869148455856,0.04839404300400011
base_fire_on,38,-0.17906374081654608,0.17906374081654608,0.11755328025553283,0.034826212191621915
base_sf_n_delta,38,-0.012054012840150261,0.012054012840150261,0.005283568101080497,0.001669226215327012
crop_base_left_delta,38,0.18337967716265827,0.21523242393284886,0.18278670281870366,0.04454503193084458
crop_base_yield_delta,38,-0.03786207054636224,0.09791986202840462,0.12165422590078653,0.02497864656243168
crop_carbon_above_sp3,38,0.042612861352633424,0.042612861352633424,0.02650036381135469,0.007711231099209671
crop_carbon_below_sp3,38,0.09706039117814244,0.09706039117814244,0.04467121370333396,0.012015762525699445
crop_intercept_sp3,38,0.018703602945462784,0.03585993687074629,0.04541948547118273,0.010423414768231512
crop_nitrogen_above_sp3,38,-0.06693056078586465,0.0720235510182965,0.09143711527675659,0.022607966955536223
crop_nitrogen_below_sp3,38,-0.1108611894844584,0.1108611894844584,0.08012494133274636,0.025742508856431617
crop_carbon_above_sp10,38,0.044234275833970826,0.044234275833970826,0.03441828123302426,0.009468604290619487
crop_carbon_below_sp10,38,0.021871362276144005,0.02241485723718425,0.021147610035181865,0.006109746398287401
crop_intercept_sp10,38,0.00982107260087263,0.04235740639822821,0.04915526064524865,0.007021327934849429
crop_nitrogen_above_sp10,38,-0.045703569131603686,0.045703569131603686,0.02984163700642209,0.008973887083695193
crop_nitrogen_below_sp10,38,-0.023142435699092273,0.023444840719466776,0.02940446716600271,0.008328548589452922
crop_proj_left_delta,38,0.04138737520355514,0.06079797292237475,0.05665139689656846,0.010224237387879632
crop_proj_yield_delta,38,0.11657849114814742,0.15285747244845863,0.14487756454095774,0.03050322243220421
crop_root_in_top_30,38,0.06698548201128941,0.07455190734229336,0.06631251695221084,0.018231102091393933
crop_root_to_shoot_sp3,38,0.10666002491720686,0.11683136364428064,0.088914318006171,0.023591578154865112
crop_slope_sp3,38,-0.011197309305586356,0.036404357222470166,0.041897443837746816,0.006493567177060536
crop_root_to_shoot_sp10,38,0.023089784526709005,0.02629320195046257,0.027455835665226667,0.007923756438491737
crop_slope_sp10,38,-0.028233707906032003,0.06963483630313343,0.08817227686534537,0.016087948489274077
cy0_to_ceq_multiplier,38,-0.0036955200963742275,0.013184774144870232,0.026752063714654113,0.007053985599076022
litter_carbon,38,-0.0023281962136604455,0.0023281962136604455,0.0012217431950845466,0.00034680700170502943
litter_nitrogen,38,0.013982065601876929,0.013982065601876929,0.0072329945211546546,0.0024399858924106306
mortality_fraction_branch_delta,38,-0.0018310853162647038,0.038251461271871665,0.05003693315187494,0.009750587178620247
mortality_fraction_croot_delta,38,-0.011178658183826221,0.017207752917821364,0.02427787925236832,0.0057810158281244375
mortality_fraction_froot_delta,38,-0.005970281261212953,0.009422468307251911,0.013746743896396747,0.003512834373788917
mortality_fraction_leaf_delta,38,0.007949395143478009,0.009836382326695738,0.012425806329965075,0.0038247293561627367
mortality_fraction_stem_delta,38,-0.02596547077903467,0.08854023269169337,0.11810589194830928,0.02491069425098238
pool_alloc_froot_sp1,38,-0.4947161416343994,0.6668898198693559,1.130768528374672,0.32828546156338717
pool_alloc_leaf_sp1,38,0.5311507914371162,0.6564083995396401,0.7309816434919054,0.17855553232121604
pool_alloc_stem_sp1,38,-0.2665935812609729,0.3416732496261054,0.6771179956204023,0.18451723069852533
pool_turnover_branch_sp1,38,1.388847001182614,1.7874084427043744,2.462838450261211,0.6736176008200231
pool_turnover_croot_sp1,38,-0.42916109901920196,0.7417504044261144,1.483899601936728,0.43067962405272103
pool_turnover_froot_sp1,38,-0.19604131524928373,0.3317555010808214,0.45809407862333895,0.1160068869194279
pool_turnover_leaf_sp1,38,0.19681872963788774,0.35929705117657085,0.5342520106314896,0.1305269351019241
pool_turnover_stem_sp1,38,0.4028346511122317,0.4929671391631142,0.5743582480905496,0.1496271527025779
proj_cover,38,-2.6188690010799425,3.2180848924258063,5.361524765497317,1.4929550898229327
proj_fire_off,38,0.05485737965524544,0.05485737965524544,0.10861682660156219,0.037518536859950005
proj_fire_on,38,3.091481629024258,3.6777712253127866,4.193967503082021,1.1372953312041856
proj_mortality,38,19.535145637274336,20.576335951445174,23.008201924238293,7.0225058758721515
proj_thinning_delta,38,21.62978298174168,21.729964677463265,18.287088863252396,5.19197544486196
roth_c_cover_c,38,0.7050103999825519,0.8536925683275779,1.8668544788299315,0.6016900330192592
roth_c_dpm_frac_crop,38,-0.01628869946197734,0.01628869946197734,0.01865932256824369,0.0054547597695037845
roth_c_dpm_frac_tree,38,-1.2653672729891183,1.3657964863486765,1.6511970282997397,0.5223104046251101
roth_c_moisture_b_slope,38,-1.1211383863851885,1.2471885889962755,2.361834908599461,0.6835584672606
roth_c_temp_a1,38,0.5360233844804376,0.6501820161482925,1.0829381686229425,0.2917796459563288
roth_c_temp_a2,38,-3.607215400083303,4.247442858164253,6.644086165964395,1.9668283955695773
thinning_fraction_branch_delta,38,0.8366723188615349,0.8366723188615349,0.9023932789677125,0.3072154278327278
thinning_fraction_croot_delta,38,0.33837382232198254,0.33837382232198254,0.3854010649074374,0.11065512127507249
thinning_fraction_froot_delta,38,0.19336734484617518,0.19336734484617518,0.21330977716370692,0.06479000404246917
thinning_fraction_leaf_delta,38,0.30656183032159856,0.30656183032159856,0.30303170396423523,0.0994400240694039
thinning_fraction_stem_delta,38,1.8865635444664786,1.8865635444664786,2.1087532809440046,0.7179778183246801
tree_carbon_sp1,38,-2.0684984051052755,2.663868355164485,3.6778830248311505,1.0311952150179682
tree_nitrogen_branch_sp1,38,0.07638484389225797,0.07638484389225797,0.08044886473412462,0.0237655313422113
tree_nitrogen_croot_sp1,38,0.3057090352124307,0.3057090352124307,0.53719650957268,0.16496647808385423
tree_nitrogen_froot_sp1,38,0.009380408190283341,0.009380408190283341,0.012764034660973573,0.0045108139219715345
tree_nitrogen_leaf_sp1,38,1.7504413780620016,1.7504413780620016,2.542987171819145,0.7353155044838219
tree_nitrogen_stem_sp1,38,0.005314472996780767,0.005314472996780767,0.0068516973025505735,0.002169314094107745
tree_root_in_top_30,38,-0.6829043532071271,1.19105755912732,2.02020073990381,0.5927431458225872
tree_root_to_shoot_sp1,38,-1.3386540080867806,2.2135637182937833,3.665515568785637,1.070957254659851
cy0,39,-0.022720051719514044,0.12854053948750738,0.21874237534454485,0.04966075616736987
clay,39,-1.1952022041951107,1.4076125775875525,2.2652294829355633,0.6120596388464085
temp_ci_delta,39,0.25082680085269493,0.3589515590879264,0.6329421576573804,0.19290936482032203
rain_ci_delta,39,1.5048815485664069,1.953948514502617,7.295540200551421,2.407266340516266
evap_ci_delta,39,-0.4165461969645851,0.44414185206002327,1.4550498382604864,0.48351199621231505
ef_N_inputs,39,2.2726813815010254,2.8882266521046835,4.058708949282388,1.0400420617291188
volatile_frac_organic_fertiliser,39,-0.016301567573002634,0.016301567573002634,0.009909378296539746,0.0030138450609994037
volatile_frac_synthetic_fertiliser,39,0.21208655635002094,0.21208655635002094,0.11442689071693622,0.03573372926037092
base_sf_qty_scale,39,-0.12171437219275312,0.12171437219275312,0.060011127386040655,0.01745768862747479
proj_lit_qty_scale,39,0.02282648580981541,0.02432110428507602,0.017420645213491865,0.004777729747741312
base_stand_density_scale,39,0.0,0.0,0.0,0.0
proj_stand_density_scale,39,-4.39230257175638,6.264047087866131,10.130759596515928,2.6963191417777197
tree_wood_dens_sp1,39,-8.011944945032578,12.20201540473364,21.915362809575992,5.63002240413259
base_cover,39,0.19328207356663216,0.28116801199516017,0.3122342614871686,0.072216535097088
base_fire_off,39,-0.07567880067863844,0.07567880067863844,0.14689869148455875,0.04839404300400019
base_fire_on,39,-0.17778146204630316,0.17778146204630316,0.11558642771003101,0.0341231973018754
base_sf_n_delta,39,-0.012054012840150058,0.012054012840150058,0.005283568101080907,0.001669226215327011
crop_base_left_delta,39,0.17887892568953073,0.21122522206703795,0.18149782357238306,0.0442271832340251
crop_base_yield_delta,39,-0.0416656422620844,0.09813133245330587,0.12159616015977324,0.025372470925841
crop_carbon_above_sp3,39,0.040511813771203095,0.040511813771203095,0.025583167622715473,0.007445449621107445
crop_carbon_below_sp3,39,0.09205394268661252,0.09205394268661252,0.04307433140116917,0.01150059187197675
crop_intercept_sp3,39,0.01582744717183283,0.03433745533355151,0.04336872320019783,0.009533867323573315
crop_nitrogen_above_sp3,39,-0.06693056078586353,0.07202355101829536,0.09143711527675712,0.02260796695553643
crop_nitrogen_below_sp3,39,-0.11086118948445944,0.11086118948445944,0.08012494133274646,0.025742508856431614
crop_carbon_above_sp10,39,0.043159942239492086,0.043159942239492086,0.033957164703360854,0.009337613053308408
crop_carbon_below_sp10,39,0.021360750658008583,0.021903180903824877,0.02083127151249873,0.006017668222608443
crop_intercept_sp10,39,0.008946900066800045,0.04223210460141822,0.04906133495151254,0.006988239649235124
crop_nitrogen_above_sp10,39,-0.04570356913160305,0.04570356913160305,0.029841637006421902,0.008973887083695021
crop_nitrogen_below_sp10,39,-0.023142435699093262,0.02344484071946773,0.029404467166002268,0.008328548589452985
crop_proj_left_delta,39,0.0374507008754916,0.05758717109681046,0.054660803349616184,0.009554591111805608
crop_proj_yield_delta,39,0.12839548402711873,0.15724721517542278,0.1386834625603881,0.029992051383103603
crop_root_in_top_30,39,0.06229169312176943,0.07035998056444437,0.0649213467566109,0.01785836611497513
crop_root_to_shoot_sp3,39,0.09790427745391886,0.1095406440317297,0.086454890932269,0.022607362508005085
crop_slope_sp3,39,-0.014818072097135598,0.036502656171502376,0.04113531089232525,0.00664306288393598
crop_root_to_shoot_sp10,39,0.022199395958603842,0.02560899580673128,0.02720863025975241,0.007777090774752438
crop_slope_sp10,39,-0.03060151292523522,0.06957459549161475,0.08790553723727693,0.016283133510868315
cy0_to_ceq_multiplier,39,-0.003913116011990567,0.013015217535476234,0.026389962145925774,0.006895305715287743
litter_carbon,39,-0.0022659254296052977,0.0022659254296052977,0.0012092698576939035,0.00034357403888624565
litter_nitrogen,39,0.013982065601877485,0.013982065601877485,0.007232994521154836,0.0024399858924107677
mortality_fraction_branch_delta,39,-0.008893381303501193,0.040728115165622025,0.05374219394661871,0.010429202989606461
mortality_fraction_croot_delta,39,-0.013891185450532306,0.018912086282420536,0.026586930555549327,0.0063886536860576085
mortality_fraction_froot_delta,39,-0.007727804270328473,0.010375776906194841,0.014845991577705926,0.004002432234105731
mortality_fraction_leaf_delta,39,0.006150724889471396,0.009754072322725234,0.012457325209620788,0.003423072668638408
mortality_fraction_stem_delta,39,-0.03989253942438801,0.0952415770850304,0.12926429263795425,0.02920786166910349
pool_alloc_froot_sp1,39,-0.6532937371271006,0.7921871612779181,1.255482937824545,0.3704751872630973
pool_alloc_leaf_sp1,39,0.40817134494445567,0.5963177589713388,0.7119988253926001,0.16504114237551593
pool_alloc_stem_sp1,39,-0.3022009888566989,0.3485276112115043,0.7238144912742472,0.19862736549727805
pool_turnover_branch_sp1,39,1.5520765719724532,1.894554541577436,2.5709683251412296,0.714429890997424
pool_turnover_croot_sp1,39,-0.6473257100448816,0.8866753298561463,1.6801911007674335,0.5065121936373574
pool_turnover_froot_sp1,39,-0.30175226952900236,0.4048792503117048,0.5291352948845894,0.138874164969289
pool_turnover_leaf_sp1,39,0.13227830573588098,0.33951964875786206,0.5654679784507437,0.13912077639338513
pool_turnover_stem_sp1,39,0.43440010505818316,0.5142248429418232,0.5899604823669862,0.15719860085355053
proj_cover,39,-2.1140032965498765,2.6354824218946193,4.39005847791192,1.2268607866133994
proj_fire_off,39,0.05485737965524562,0.05485737965524562,0.10861682660156256,0.03751853685995013
proj_fire_on,39,3.4899350716257684,3.6672034818932304,4.097927579469604,1.212645378456274
proj_mortality,39,21.49926284269196,22.31438713401498,24.891374354968757,7.700403469399808
proj_thinning_delta,39,24.34260006586495,24.360039090553105,20.14121850908133,5.694736047765392
roth_c_cover_c,39,0.5460122698749907,0.7097111552324593,1.5845542977229776,0.5020653920990399
roth_c_dpm_frac_crop,39,-0.013110347778340473,0.013110347778340473,0.015501644039446975,0.0045347707733054765
roth_c_dpm_frac_tree,39,-0.510908579970699,0.7865554926474128,1.1539838610732382,0.28934678485338083
roth_c_moisture_b_slope,39,-0.8992685262075645,1.0474661960662224,2.078217960511656,0.6169001145654431
roth_c_temp_a1,39,0.48349764357520997,0.5752402334095513,0.9462091549204188,0.2547860091813957
roth_c_temp_a2,39,-2.751481420533835,3.4088301615614407,5.495701667907662,1.6464555601910518
thinning_fraction_branch_delta,39,0.5036823649901664,0.5036823649901664,0.5304125156427827,0.1844158209267382
thinning_fraction_croot_delta,39,0.21756350010632355,0.21756350010632355,0.25984678131864974,0.0756821080297477
thinning_fraction_froot_delta,39,0.11609094141377167,0.11609094141377167,0.12093241081717557,0.03733325419597256
thinning_fraction_leaf_delta,39,0.1958838161234326,0.1958838161234326,0.2007859891284708,0.06559064940305266
thinning_fraction_stem_delta,39,1.2025808878495385,1.2025808878495385,1.329861880220673,0.44565287966489264
tree_carbon_sp1,39,-2.4701286568802723,2.9721769759432655,4.001033254419711,1.1434394477682686
tree_nitrogen_branch_sp1,39,0.07762365584967841,0.07762365584967841,0.08262019505228232,0.02439065550869827
tree_nitrogen_croot_sp1,39,0.312680268808787,0.312680268808787,0.5553602787459484,0.17051698860575956
tree_nitrogen_froot_sp1,39,0.009635211965438272,0.009635211965438272,0.013206515505885382,0.004668490417125406
tree_nitrogen_leaf_sp1,39,1.7879663744305194,1.7879663744305194,2.616825577760266,0.7575947790461659
tree_nitrogen_stem_sp1,39,0.00540296014659235,0.00540296014659235,0.007051849193029702,0.0022332369197741756
tree_root_in_top_30,39,-1.0123091191727454,1.3760191388282372,2.2911214809858236,0.7108185816718545
tree_root_to_shoot_sp1,39,-1.6261722427019478,2.344673762809094,3.8273776100912054,1.154381399326037
cy0,40,-0.024438403830285803,0.13033616383937782,0.22042414688600565,0.049803192518384554
clay,40,-1.1758550357170914,1.4001668113765637,2.2667138609147863,0.6117387436484268
temp_ci_delta,40,0.2631503750941936,0.3564378138461497,0.6032953814592149,0.18355836029593434
rain_ci_delta,40,1.4873588593537477,1.942605958480629,7.0800365528529605,2.3360273126912054
evap_ci_delta,40,-0.3915249002411626,0.4142257285112336,1.3168567864581253,0.4402950903702883
ef_N_inputs,40,2.341743667721293,2.9636160370208833,4.181072460388967,1.074298625715593
volatile_frac_organic_fertiliser,40,-0.01630156757300249,0.01630156757300249,0.009909378296539411,0.0030138450609992944
volatile_frac_synthetic_fertiliser,40,0.21208655635002122,0.21208655635002122,0.11442689071693603,0.035733729260370925
base_sf_qty_scale,40,-0.12171437219275356,0.12171437219275356,0.06001112738604084,0.017457688627474856
proj_lit_qty_scale,40,0.02317258963097334,0.024540411031708665,0.017364831348038796,0.0048312222428381485
base_stand_density_scale,40,0.0,0.0,0.0,0.0
proj_stand_density_scale,40,-4.869099551868967,6.545845951192983,10.47600976894429,2.8270297325302916
tree_wood_dens_sp1,40,-8.87937972715148,12.63008200700758,22.821727411081906,5.940417228659498
base_cover,40,0.18268128739445683,0.27458996523722257,0.3096903926320659,0.07130569559611044
base_fire_off,40,-0.07567880067863808,0.07567880067863808,0.14689869148455767,0.048394043003999826
base_fire_on,40,-0.17653934229715584,0.17653934229715584,0.11371699684664137,0.03345689692827209
base_sf_n_delta,40,-0.01205401284015,0.01205401284015,0.0052835681010807425,0.001669226215327004
crop_base_left_delta,40,0.17449534352808477,0.2073173305535177,0.18022722233836752,0.04391898016924378
crop_base_yield_delta,40,-0.04537120411495931,0.09838627220092126,0.12153089811917898,0.025769140686959752
crop_carbon_above_sp3,40,0.038763702098339535,0.038763702098339535,0.0248169197279469,0.00722357105716934
crop_carbon_below_sp3,40,0.08796542207303765,0.08796542207303765,0.04181233257015138,0.01110501571593046
crop_intercept_sp3,40,0.013528951854515345,0.03322415360465776,0.041912692976484665,0.008903482427603741
crop_nitrogen_above_sp3,40,-0.06693056078586515,0.07202355101829631,0.09143711527675744,0.022607966955536712
crop_nitrogen_below_sp3,40,-0.1108611894844592,0.1108611894844592,0.0801249413327467,0.025742508856431697
crop_carbon_above_sp10,40,0.04211833613952101,0.04211833613952101,0.033502506798057316,0.00920891896113641
crop_carbon_below_sp10,40,0.020865384712373473,0.021405977199480924,0.020521434588800316,0.005927893999611787
crop_intercept_sp10,40,0.008098733878743427,0.04210564101796233,0.04896593585297446,0.006963325403284434
crop_nitrogen_above_sp10,40,-0.04570356913160303,0.04570356913160303,0.02984163700642147,0.008973887083694801
crop_nitrogen_below_sp10,40,-0.023142435699093925,0.023444840719468427,0.029404467166002594,0.008328548589452967
crop_proj_left_delta,40,0.03445944311566036,0.05526471924681087,0.05314690217293865,0.009009756137253364
crop_proj_yield_delta,40,0.13808642329234905,0.16129015336799116,0.1339487948377163,0.02986581393125659
crop_root_in_top_30,40,0.05829703287664974,0.06685547241488914,0.06381111320471997,0.01753401571836935
crop_root_to_shoot_sp3,40,0.09065274905770446,0.10354244196626447,0.0846415029324737,0.02191187473320262
crop_slope_sp3,40,-0.017801735214360462,0.03704087694882898,0.04058416749800305,0.006739297214471218
crop_root_to_shoot_sp10,40,0.02133581226135591,0.024941581574294547,0.02696703625810783,0.007640220471106803
crop_slope_sp10,40,-0.03289973513694684,0.06950542448984201,0.08765224531559958,0.0165103045750785
cy0_to_ceq_multiplier,40,-0.004107197690777238,0.012837830278589368,0.026025369264815305,0.006742276337121221
litter_carbon,40,-0.0022056221955976175,0.0022056221955976175,0.0011969191175332306,0.0003403628306434788
litter_nitrogen,40,0.013982065601878368,0.013982065601878368,0.007232994521154774,0.0024399858924106393
mortality_fraction_branch_delta,40,-0.012407330429820234,0.04232235591377765,0.05638942045160021,0.011153840794469577
mortality_fraction_croot_delta,40,-0.015364217516314976,0.019875937707251608,0.028015714402519345,0.006809614553689028
mortality_fraction_froot_delta,40,-0.008705136389520472,0.011122632958609267,0.015663404667103135,0.004288965285587884
mortality_fraction_leaf_delta,40,0.005213534681863421,0.00988862449586446,0.012745441741261191,0.0033098224598890557
mortality_fraction_stem_delta,40,-0.048040239763709844,0.0998446749717825,0.13690327783481024,0.031942817873056584
pool_alloc_froot_sp1,40,-0.7486649252988063,0.8773431161457529,1.3532715697682571,0.4026060573229844
pool_alloc_leaf_sp1,40,0.34517806939822615,0.5773062116125245,0.7222221043700435,0.16549470020409954
pool_alloc_stem_sp1,40,-0.31966542391118447,0.35821992016267534,0.7577282981145567,0.2090979513643833
pool_turnover_branch_sp1,40,1.5734784472274457,1.8943083278583763,2.5797970156801853,0.7218953697820021
pool_turnover_croot_sp1,40,-0.7860426977612505,0.990679743924256,1.836434538281816,0.5643649464257712
pool_turnover_froot_sp1,40,-0.3690593310571189,0.45781675426141116,0.5884692705410335,0.15790884443394068
pool_turnover_leaf_sp1,40,0.09372291431536732,0.33871828036187285,0.60002587876298,0.14867756794286224
pool_turnover_stem_sp1,40,0.43174082037023054,0.5074154916850585,0.584059025045382,0.15745991289498537
proj_cover,40,-2.2468131761136734,2.680331745487108,4.289384545876583,1.222304207711987
proj_fire_off,40,0.05485737965524558,0.05485737965524558,0.10861682660156247,0.03751853685995008
proj_fire_on,40,3.7129001279193723,3.8328839533627614,4.220172292391565,1.2620896355949538
proj_mortality,40,22.79458497578445,23.520378054903198,26.333859469189555,8.198760141551633
proj_thinning_delta,40,25.46246091239204,25.476068047990886,21.58159470640331,6.044591378128221
roth_c_cover_c,40,0.49328591311955394,0.6579534773540445,1.4156887176558297,0.44564318987024254
roth_c_dpm_frac_crop,40,-0.010791470189093981,0.010791470189093981,0.012922681532086113,0.003779596336139212
roth_c_dpm_frac_tree,40,-0.06503738224357083,0.6848200651194893,1.0717001686279963,0.21308738920655812
roth_c_moisture_b_slope,40,-0.920803085873181,1.0419830087465793,1.9596098008993614,0.5894541446586207
roth_c_temp_a1,40,0.5203374324350356,0.5917504640738176,0.8959298004279231,0.24506865998946017
roth_c_temp_a2,40,-2.8727936541342527,3.4952747534272084,5.145238608588422,1.558313413275858
thinning_fraction_branch_delta,40,0.3276855594512534,0.3276855594512534,0.3420696302351263,0.11888887739438721
thinning_fraction_croot_delta,40,0.14696835117021023,0.14696835117021023,0.18257173415859917,0.05349366392009893
thinning_fraction_froot_delta,40,0.0745501809697211,0.0745501809697211,0.0792696044371155,0.02474328775695267
thinning_fraction_leaf_delta,40,0.13126117093030676,0.13126117093030676,0.13705595954054678,0.04422054719078392
thinning_fraction_stem_delta,40,0.8172420109379482,0.8172420109379482,0.9267020373256333,0.3084848063555168
tree_carbon_sp1,40,-2.667956568504784,3.1154288682372675,4.188173426999756,1.210312118801549
tree_nitrogen_branch_sp1,40,0.07879875220248214,0.07879875220248214,0.08475058122749426,0.025004096950757337
tree_nitrogen_croot_sp1,40,0.31944950910347264,0.31944950910347264,0.5733855296012484,0.17602449909129883
tree_nitrogen_froot_sp1,40,0.009885561951012367,0.009885561951012367,0.013646150137230799,0.004825182756846381
tree_nitrogen_leaf_sp1,40,1.8242184148427665,1.8242184148427665,2.6891306528209733,0.779483535671944
tree_nitrogen_stem_sp1,40,0.00548832160251167,0.00548832160251167,0.007248209172731852,0.002296043365624695
tree_root_in_top_30,40,-1.2154391637290227,1.5251637477552964,2.515593873332498,0.7973186499735945
tree_root_to_shoot_sp1,40,-1.7622001859541698,2.395110665766707,3.9186759729424208,1.201342227273059
cy0,41,-0.025999825177622827,0.1328972179843802,0.2220434780807878,0.04996068014932313
clay,41,-1.1726446659168999,1.4039524616332337,2.2840462343435153,0.6166720255774009
temp_ci_delta,41,0.2900370909191424,0.3710941758060218,0.6078720371914025,0.18497406938850822
rain_ci_delta,41,1.5787649893880231,2.0201621975311026,7.081063808262517,2.3331015897408633
evap_ci_delta,41,-0.39726733502057004,0.4151930611071288,1.2845945727536014,0.43125058496278645
ef_N_inputs,41,2.4082567594732205,3.0364187008430656,4.301235622649932,1.107994974653837
volatile_frac_organic_fertiliser,41,-0.01630156757300274,0.01630156757300274,0.009909378296539739,0.003013845060999381
volatile_frac_synthetic_fertiliser,41,0.21208655635002102,0.21208655635002102,0.11442689071693625,0.0357337292603709
base_sf_qty_scale,41,-0.12171437219275336,0.12171437219275336,0.060011127386040516,0.017457688627474793
proj_lit_qty_scale,41,0.02350787655230587,0.02478709401780866,0.017310097651079638,0.004863161112753302
base_stand_density_scale,41,0.0,0.0,0.0,0.0
proj_stand_density_scale,41,-5.057863893425522,6.646453790940773,10.703866220786912,2.908645871362538
tree_wood_dens_sp1,41,-9.30169764085942,12.825578544508446,23.434939109046923,6.165870405723136
base_cover,41,0.17267785699920393,0.26894359072078455,0.30723289166427475,0.07045564452249375
base_fire_off,41,-0.07567880067863855,0.07567880067863855,0.14689869148455842,0.04839404300400008
base_fire_on,41,-0.17533590946918684,0.17533590946918684,0.11194016313956902,0.03282569694595395
base_sf_n_delta,41,-0.012054012840149259,0.012054012840149259,0.005283568101079938,0.0016692262153267209
crop_base_left_delta,41,0.17022533044568755,0.20350576434471063,0.17897481113348032,0.0436200371565116
crop_base_yield_delta,41,-0.04898156999355989,0.09871671612854993,0.12145869285057272,0.02614979179819907
crop_carbon_above_sp3,41,0.03725556457895849,0.03725556457895849,0.024147959918290662,0.00703117560285535
crop_carbon_below_sp3,41,0.08451202576998511,0.08451202576998511,0.040781375525589844,0.010791903447085504
crop_intercept_sp3,41,0.011606127697385102,0.03245019814849572,0.04082530555590645,0.00843997388699284
crop_nitrogen_above_sp3,41,-0.06693056078586475,0.07202355101829631,0.09143711527675694,0.022607966955536563
crop_nitrogen_below_sp3,41,-0.11086118948445858,0.11086118948445858,0.08012494133274563,0.02574250885643119
crop_carbon_above_sp10,41,0.04110790672501429,0.04110790672501429,0.033053478904071294,0.009082128076060984
crop_carbon_below_sp10,41,0.0203842600218264,0.020922436710756213,0.020218017910867383,0.005840370226719547
crop_intercept_sp10,41,0.007275561573526495,0.04197759822824738,0.04886815264664272,0.006945695965067971
crop_nitrogen_above_sp10,41,-0.04570356913160305,0.04570356913160305,0.029841637006422648,0.00897388708369532
crop_nitrogen_below_sp10,41,-0.023142435699093966,0.02344484071946845,0.029404467166003045,0.008328548589452929
crop_proj_left_delta,41,0.0321105278731769,0.0533972492362071,0.05191838490703344,0.008595929505236844
crop_proj_yield_delta,41,0.14629605228466308,0.16476691337285804,0.13030779274481447,0.030105122904151745
crop_root_in_top_30,41,0.05478837243830601,0.06384411566173523,0.06289732777187604,0.017234573010398553
crop_root_to_shoot_sp3,41,0.0844792777256536,0.098626894538836,0.08329406694871873,0.02132115731151419
crop_slope_sp3,41,-0.020335353052580878,0.03779224685301007,0.0401847376678272,0.006807279692322361
crop_root_to_shoot_sp10,41,0.02049761727840248,0.024290307582992433,0.026731104002250174,0.007512733636727365
crop_slope_sp10,41,-0.03513067257673522,0.06966763918947899,0.08741144411007812,0.016702039234890484
cy0_to_ceq_multiplier,41,-0.004279692354606976,0.012647329557626583,0.025657115700002373,0.0065959478919719655
litter_carbon,41,-0.0021472102639329416,0.0021472102639329416,0.0011846783205007219,0.00033716979469070583
litter_nitrogen,41,0.013982065601877827,0.013982065601877827,0.00723299452115436,0.0024399858924106085
mortality_fraction_branch_delta,41,-0.013913916849658406,0.043260050979015245,0.05803578082193899,0.011654935928834311
mortality_fraction_croot_delta,41,-0.01611525063063247,0.02039211481648067,0.028832713541727516,0.007068884920508316
mortality_fraction_froot_delta,41,-0.009213963147662346,0.011527539005956261,0.016217839256567175,0.004472190541145029
mortality_fraction_leaf_delta,41,0.004791080616991632,0.010030862906318657,0.01307664795056666,0.003332278842213171
mortality_fraction_stem_delta,41,-0.052670604832003344,0.10287069544994878,0.14181921273161555,0.033540236856472894
pool_alloc_froot_sp1,41,-0.80552897755441,0.9277475282163848,1.4272683980788217,0.4272421644766897
pool_alloc_leaf_sp1,41,0.3162124656689211,0.5706089061169457,0.7400933842630483,0.17170653859656201
pool_alloc_stem_sp1,41,-0.3258335185488167,0.3626637699651324,0.7786425576994824,0.2167461515837172
pool_turnover_branch_sp1,41,1.512462626195949,1.8266718874622838,2.524938351486989,0.7086021088852553
pool_turnover_croot_sp1,41,-0.8771347614629139,1.0649936197137166,1.9562757909003334,0.6075127553439474
pool_turnover_froot_sp1,41,-0.4137547088905162,0.49487669550077007,0.635289660044392,0.1730839033900097
pool_turnover_leaf_sp1,41,0.07091604856845973,0.3433493243233302,0.6323542129969272,0.1572826974846751
pool_turnover_stem_sp1,41,0.408683008397783,0.4834119873586157,0.563837495031338,0.15276202961322477
proj_cover,41,-2.5381176272283668,2.9068477999713167,4.585899380823896,1.3320929779856128
proj_fire_off,41,0.054857379655245245,0.054857379655245245,0.10861682660156184,0.03751853685995
proj_fire_on,41,3.852738930511754,3.958142016295512,4.364155061848508,1.306160663858115
proj_mortality,41,23.659679722864492,24.349669547806702,27.42476484924872,8.563509780013662
proj_thinning_delta,41,25.65587379947085,25.705378604319627,22.604741006862866,6.273679848561286
roth_c_cover_c,41,0.49130318145234336,0.647017693468811,1.328688214379364,0.4181611601287146
roth_c_dpm_frac_crop,41,-0.009062563745953833,0.009062563745953833,0.010832931031033072,0.0031674967645098488
roth_c_dpm_frac_tree,41,0.20674324825004295,0.6785192233335806,1.1660384484157553,0.2576875631451622
roth_c_moisture_b_slope,41,-1.0198736975838567,1.121180653733131,1.9494940366637026,0.5874806438524521
roth_c_temp_a1,41,0.5728734704026371,0.637688292303207,0.8968380178981976,0.25064194060908757
roth_c_temp_a2,41,-3.2856294739035072,3.863973704753396,5.22998627429594,1.5864951356253927
thinning_fraction_branch_delta,41,0.22840891004537361,0.22840891004537361,0.23242032320771838,0.08023312020066314
thinning_fraction_croot_delta,41,0.10365544549328536,0.10365544549328536,0.13031862196981805,0.03825693220433433
thinning_fraction_froot_delta,41,0.05098114283569921,0.05098114283569921,0.055735857292869256,0.017473003212881498
thinning_fraction_leaf_delta,41,0.09194060603424772,0.09194060603424772,0.09563687098550601,0.030319186202623825
thinning_fraction_stem_delta,41,0.5873569916445828,0.5873569916445828,0.6959657159818577,0.23169878081630382
tree_carbon_sp1,41,-2.7565477207767293,3.1745700282661895,4.29736424264528,1.2496897260065842
tree_nitrogen_branch_sp1,41,0.07990496702879016,0.07990496702879016,0.08683164368259036,0.025603402277579318
tree_nitrogen_croot_sp1,41,0.3259914969480233,0.3259914969480233,0.5912134134770112,0.1814710739071641
tree_nitrogen_froot_sp1,41,0.010130576243588072,0.010130576243588072,0.014081539943960011,0.004980393508486265
tree_nitrogen_leaf_sp1,41,1.8590516637124608,1.8590516637124608,2.7596395432079452,0.8009027412929868
tree_nitrogen_stem_sp1,41,0.005570167901024536,0.005570167901024536,0.007440041042503456,0.0023574969603612
tree_root_in_top_30,41,-1.3432976182303005,1.6280144642680525,2.6922464543993003,0.8631271073404644
tree_root_to_shoot_sp1,41,-1.8142186908448263,2.401132027227865,3.963008654460467,1.2251320266881083
cy0,42,-0.027416387577366363,0.13536439683911566,0.2235575466714287,0.05009145108790538
clay,42,-1.175482922463707,1.412344999660874,2.307438968821899,0.6234807686717216
temp_ci_delta,42,0.3171138663792337,0.3900890974035691,0.6268010454844684,0.19119830594938625
rain_ci_delta,42,1.702854135440791,2.12205988639949,7.201680076029826,2.3695435307149983
evap_ci_delta,42,-0.41710987011876915,0.4306657673381212,1.3153924891741362,0.44262164343682864
ef_N_inputs,42,2.471965760096217,3.1063793677993115,4.418787468009249,1.1410115634927716
volatile_frac_organic_fertiliser,42,-0.016301567573002624,0.016301567573002624,0.009909378296539534,0.003013845060999331
volatile_frac_synthetic_fertiliser,42,0.21208655635002102,0.21208655635002102,0.11442689071693611,0.03573372926037098
base_sf_qty_scale,42,-0.12171437219275312,0.12171437219275312,0.06001112738604048,0.017457688627474745
proj_lit_qty_scale,42,0.023832826869943577,0.025026441730877404,0.01725636717655406,0.004894671948594246
base_stand_density_scale,42,0.0,0.0,0.0,0.0
proj_stand_density_scale,42,-5.260255728416241,6.77253503942944,10.7948485515053,2.930520932149272
tree_wood_dens_sp1,42,-9.449534168042684,12.859493438245456,23.8228124640232,6.318524451019742
base_cover,42,0.16323708387773972,0.26358018775097874,0.3048487007814487,0.06974724238447001
base_fire_off,42,-0.07567880067863882,0.07567880067863882,0.1468986914845591,0.04839404300400039
base_fire_on,42,-0.1741697265073361,0.1741697265073361,0.11025203030262372,0.03222822981559013
base_sf_n_delta,42,-0.012054012840149708,0.012054012840149708,0.005283568101080733,0.0016692262153269843
crop_base_left_delta,42,0.16606512418822958,0.19984869959412824,0.17774040551212364,0.04329004212214102
crop_base_yield_delta,42,-0.052500432972589904,0.09905896073041612,0.12137953601688263,0.026541238074773984
crop_carbon_above_sp3,42,0.03591618781489368,0.03591618781489368,0.023545330082792523,0.006859623542302501
crop_carbon_below_sp3,42,0.0815102975311118,0.0815102975311118,0.039914037421817754,0.010537186062397985
crop_intercept_sp3,42,0.009938188724186012,0.031847102449866535,0.03998190595467336,0.008089486750284935
crop_nitrogen_above_sp3,42,-0.06693056078586417,0.07202355101829575,0.09143711527675763,0.022607966955536424
crop_nitrogen_below_sp3,42,-0.11086118948445918,0.11086118948445918,0.08012494133274631,0.02574250885643156
crop_carbon_above_sp10,42,0.04012796705154635,0.04012796705154635,0.03261044249229287,0.008957341185156606
crop_carbon_below_sp10,42,0.019917285300851777,0.020452354292630474,0.01992076469136845,0.005755077639344218
crop_intercept_sp10,42,0.006475926144344277,0.04186165354754896,0.04876918878823205,0.0069280390751711015
crop_nitrogen_above_sp10,42,-0.045703569131602464,0.045703569131602464,0.029841637006422683,0.008973887083695278
crop_nitrogen_below_sp10,42,-0.023142435699092766,0.02344484071946722,0.029404467166002216,0.008328548589453092
crop_proj_left_delta,42,0.030212237597828727,0.05180632359484055,0.05086594800069136,0.008278267600833233
crop_proj_yield_delta,42,0.15343474776832197,0.16846136552884172,0.127488798810338,0.030319131699044526
crop_root_in_top_30,42,0.051632450145755425,0.061229926893027864,0.06212423780798166,0.016980093040709462
crop_root_to_shoot_sp3,42,0.0791010661543259,0.09458627856428635,0.08227908138408928,0.02075285296090762
crop_slope_sp3,42,-0.02254245041136121,0.03856938156989363,0.0398947798634045,0.006907454013864292
crop_root_to_shoot_sp10,42,0.01968367931239532,0.023662228129394797,0.02650034993463099,0.007390794675397571
crop_slope_sp10,42,-0.03729761361782992,0.06981787977174078,0.08718250833652257,0.01692070013380147
cy0_to_ceq_multiplier,42,-0.004432675266911471,0.012445162588171512,0.025285050750655107,0.006455790938152058
litter_carbon,42,-0.0020906171994498762,0.0020906171994498762,0.0011725405635650496,0.00033399320786433413
litter_nitrogen,42,0.013982065601878244,0.013982065601878244,0.00723299452115485,0.002439985892410707
mortality_fraction_branch_delta,42,-0.014226376876452677,0.04373363310480503,0.05896882374827226,0.011973936547560274
mortality_fraction_croot_delta,42,-0.01642509378149496,0.020621710282090776,0.029242501325469277,0.00721341513241472
mortality_fraction_froot_delta,42,-0.009423662791651116,0.011691227113315227,0.016560459785575767,0.004578544855989382
mortality_fraction_leaf_delta,42,0.0046923576820143325,0.010196508311580215,0.013386859566500634,0.003404154795032662
mortality_fraction_stem_delta,42,-0.05504539645576313,0.10473578011201634,0.14479464032954947,0.03438080269653061
pool_alloc_froot_sp1,42,-0.8361251137834852,0.9574819294889567,1.4838054634130073,0.44545825836989106
pool_alloc_leaf_sp1,42,0.3081306380031768,0.5702489507706903,0.7593175982076459,0.1789074070933341
pool_alloc_stem_sp1,42,-0.32457394444625115,0.36108226160805446,0.788364439445504,0.22094312084933398
pool_turnover_branch_sp1,42,1.4006234303201555,1.7160891006305974,2.4267201187978937,0.6814921679009491
pool_turnover_croot_sp1,42,-0.9385260582760425,1.119928019981216,2.0478717608088988,0.6395046400089727
pool_turnover_froot_sp1,42,-0.44435592835664756,0.5212996931855433,0.6720940866962716,0.1850037543632514
pool_turnover_leaf_sp1,42,0.05804747521314295,0.3513884299377451,0.6611342934564151,0.16397546741251776
pool_turnover_stem_sp1,42,0.37298332841067916,0.4483994663664689,0.5342217400100874,0.1448561342337346
proj_cover,42,-2.8328330402892723,3.1462799501912966,4.970379508502008,1.4624444844947728
proj_fire_off,42,0.05485737965524544,0.05485737965524544,0.10861682660156216,0.03751853685995003
proj_fire_on,42,3.9498321089948107,4.046078921664427,4.497147493062426,1.3466392709367607
proj_mortality,42,24.22801833840375,24.91307054453177,28.243150270738706,8.83013305981104
proj_thinning_delta,42,25.276062531120125,25.38137517561364,23.299195684551727,6.4180968281013495
roth_c_cover_c,42,0.5118151857570072,0.6553162726825723,1.2973177663715822,0.4098320730434195
roth_c_dpm_frac_crop,42,-0.007749932525535888,0.007749932525535888,0.00914674248842925,0.002674958901404599
roth_c_dpm_frac_tree,42,0.37592362157568315,0.7785458459104129,1.2917102908621785,0.2993346950339502
roth_c_moisture_b_slope,42,-1.1312468694424278,1.2237125254250039,1.9983818437497296,0.5977475690672914
roth_c_temp_a1,42,0.6219342910478008,0.6800048187838847,0.9214129713068268,0.26265812656080617
roth_c_temp_a2,42,-3.7368972642654406,4.242498307364458,5.50099649713933,1.6819357077141615
thinning_fraction_branch_delta,42,0.16894144821916718,0.16894144821916718,0.16363188005744803,0.05609330100848282
thinning_fraction_croot_delta,42,0.07602790449878624,0.07602790449878624,0.0940816655512291,0.027616692280445266
thinning_fraction_froot_delta,42,0.0369160782025613,0.0369160782025613,0.04038289979277223,0.012649126331632836
thinning_fraction_leaf_delta,42,0.06722080505759738,0.06722080505759738,0.06813391751765996,0.02113696441511015
thinning_fraction_stem_delta,42,0.4432778650802434,0.4432778650802434,0.5491717490613188,0.18329730312012657
tree_carbon_sp1,42,-2.7794466948147383,3.180005028252461,4.356338165162133,1.2715858716468178
tree_nitrogen_branch_sp1,42,0.08093757449574981,0.08093757449574981,0.08885529189510735,0.026186199702100767
tree_nitrogen_croot_sp1,42,0.3322823382724455,0.3322823382724455,0.6087858866841479,0.18683903156762502
tree_nitrogen_froot_sp1,42,0.010369400852021938,0.010369400852021938,0.01451129893776492,0.005133629060572075
tree_nitrogen_leaf_sp1,42,1.8923290126368357,1.8923290126368357,2.8280994829344412,0.8217759308365662
tree_nitrogen_stem_sp1,42,0.005648132881028953,0.005648132881028953,0.007626634604224431,0.0024173693444714153
tree_root_in_top_30,42,-1.4238077245111551,1.6955496242665606,2.828872594379981,0.9136641183555096
tree_root_to_shoot_sp1,42,-1.8169740840686,2.3803127330494416,3.9752420114039646,1.233912189148261
cy0,43,-0.028699112965725103,0.13761875071711901,0.22493594642398954,0.05021571632673861
clay,43,-1.1799294417703772,1.4217409852356933,2.332020785952742,0.6305673769909373
temp_ci_delta,43,0.3405011552763727,0.40676872773198414,0.6500785389061084,0.19954891458704177
rain_ci_delta,43,1.8268566158098423,2.219456419293473,7.380043751114256,2.426029628217448
evap_ci_delta,43,-0.4425348068572907,0.45287279094589206,1.3803271582368482,0.4650048847577216
ef_N_inputs,43,2.532634872488306,3.173260974121151,4.533333518430259,1.1732336604047715
volatile_frac_organic_fertiliser,43,-0.016301567573002523,0.016301567573002523,0.009909378296539517,0.0030138450609993447
volatile_frac_synthetic_fertiliser,43,0.2120865563500211,0.2120865563500211,0.11442689071693583,0.035733729260370814
base_sf_qty_scale,43,-0.1217143721927528,0.1217143721927528,0.06001112738604045,0.017457688627474797
proj_lit_qty_scale,43,0.02414777290883458,0.02525819630677173,0.017203725224542634,0.004926028411265337
base_stand_density_scale,43,0.0,0.0,0.0,0.0
proj_stand_density_scale,43,-4.965253803003353,6.517064515125943,10.88804095601933,2.9700376986256827
tree_wood_dens_sp1,43,-9.32063430401045,12.874619116223197,24.081050160647784,6.404520486822994
base_cover,43,0.1543274989366854,0.25849384060419245,0.3025263008649709,0.0691648360722207
base_fire_off,43,-0.07567880067863841,0.07567880067863841,0.14689869148455867,0.04839404300400017
base_fire_on,43,-0.17303940342670418,0.17303940342670418,0.10864835973981252,0.031663017369929845
base_sf_n_delta,43,-0.012054012840150246,0.012054012840150246,0.005283568101081025,0.001669226215327336
crop_base_left_delta,43,0.1620111993819226,0.1965382663056932,0.17652332478831692,0.042818080836501196
crop_base_yield_delta,43,-0.05592970123117884,0.09937233965987924,0.12129335692908676,0.02695733891989337
crop_carbon_above_sp3,43,0.03470117331051722,0.03470117331051722,0.022991335650629493,0.006703726074736272
crop_carbon_below_sp3,43,0.07883968384902143,0.07883968384902143,0.039167186094227646,0.01032532279189312
crop_intercept_sp3,43,0.008449870509199528,0.031320696253798824,0.0393114061755962,0.007821066166890139
crop_nitrogen_above_sp3,43,-0.06693056078586335,0.07202355101829619,0.09143711527675746,0.022607966955536338
crop_nitrogen_below_sp3,43,-0.11086118948445907,0.11086118948445907,0.08012494133274599,0.02574250885643146
crop_carbon_above_sp10,43,0.03917656819473604,0.03917656819473604,0.032173035845311476,0.008834419514155208
crop_carbon_below_sp10,43,0.019463335598877113,0.019994883922340063,0.019629360933704657,0.005671671942952537
crop_intercept_sp10,43,0.005699638537101976,0.04179639891469152,0.04866831329241735,0.00688860317081563
crop_nitrogen_above_sp10,43,-0.04570356913160298,0.04570356913160298,0.029841637006421725,0.008973887083694974
crop_nitrogen_below_sp10,43,-0.023142435699093074,0.023444840719467543,0.029404467166003038,0.008328548589453222
crop_proj_left_delta,43,0.02863935533541378,0.050412061741895345,0.04992728549410575,0.008021413441847704
crop_proj_yield_delta,43,0.15977303764559328,0.17292303993223662,0.12528993137324354,0.0303288251873356
crop_root_in_top_30,43,0.04874320262222029,0.05890794962057346,0.0614541920882198,0.016760694580616374
crop_root_to_shoot_sp3,43,0.07432526685404303,0.09105625106279684,0.0815004154030361,0.020310962483870862
crop_slope_sp3,43,-0.02450516491332973,0.03928037323135352,0.03968325567323037,0.007060013374010282
crop_root_to_shoot_sp10,43,0.01889318508177441,0.023121652881219496,0.026274646857961596,0.007245910994283329
crop_slope_sp10,43,-0.03940241415434494,0.06997788415139854,0.08696482913868255,0.017153405002743673
cy0_to_ceq_multiplier,43,-0.004567419293767966,0.012232320308630251,0.02490866787862356,0.006321200463535168
litter_carbon,43,-0.0020357754741494372,0.0020357754741494372,0.0011604970594798997,0.0003308308804896005
litter_nitrogen,43,0.013982065601877477,0.013982065601877477,0.007232994521155428,0.002439985892410879
mortality_fraction_branch_delta,43,-0.013786493630337626,0.043875253199722505,0.059411939778315465,0.012173402360339057
mortality_fraction_croot_delta,43,-0.016450182340491483,0.02065323774806397,0.029372951042395696,0.007278250897742254
mortality_fraction_froot_delta,43,-0.009430691153935378,0.011685241459794488,0.016735307031682183,0.004627356228838098
mortality_fraction_leaf_delta,43,0.004806358655866083,0.010320758317043521,0.013665640779441702,0.0035112379171644637
mortality_fraction_stem_delta,43,-0.05589834254118189,0.10573071448084317,0.14637624724091708,0.03471440035220721
pool_alloc_froot_sp1,43,-0.8523735644503543,0.970164010773184,1.5244100305613328,0.45926490642814055
pool_alloc_leaf_sp1,43,0.3138871333957902,0.5755616016416711,0.7784818826876382,0.18490477802423133
pool_alloc_stem_sp1,43,-0.3181875259531286,0.35561787604590567,0.7889181139505773,0.2222779889734483
pool_turnover_branch_sp1,43,1.2559200993243327,1.5786155687074248,2.2973247980168736,0.6446608443927934
pool_turnover_croot_sp1,43,-0.9805337807330444,1.160102549414357,2.1182017073120325,0.6638636183022785
pool_turnover_froot_sp1,43,-0.4656007807506195,0.540271938669311,0.7010790162617704,0.19436555573330735
pool_turnover_leaf_sp1,43,0.050991791429053544,0.35810195561997205,0.6863989323658115,0.1705704360261248
pool_turnover_stem_sp1,43,0.3292013653441024,0.40606871497126196,0.49840297681407864,0.13494350092697988
proj_cover,43,-3.0857486964810965,3.36439677740463,5.328202887423807,1.5790634874512905
proj_fire_off,43,0.054857379655246105,0.054857379655246105,0.10861682660156351,0.03751853685995048
proj_fire_on,43,4.022316817034648,4.112745162859437,4.615570803216015,1.3825046156135503
proj_mortality,43,24.652611111310826,25.338164529157446,28.78422231123057,8.99212033266241
proj_thinning_delta,43,24.689211962724706,24.86017385393263,23.651837964307443,6.508009908173204
roth_c_cover_c,43,0.5408573057549844,0.6720398836957002,1.3017136816204906,0.41364654841734094
roth_c_dpm_frac_crop,43,-0.006736644241505316,0.006736644241505316,0.007789253917436476,0.0022804107736919196
roth_c_dpm_frac_tree,43,0.48119501986275093,0.8387586067361132,1.3983752691418134,0.34565364140614213
roth_c_moisture_b_slope,43,-1.2317146628190112,1.316439988435872,2.0742369751911434,0.6155767594219902
roth_c_temp_a1,43,0.6629887370800319,0.7143585555687614,0.9543550005971871,0.27601824893757837
roth_c_temp_a2,43,-4.139027031767537,4.5715425621521,5.822045646411109,1.796945641328944
thinning_fraction_branch_delta,43,0.13144953213650395,0.13144953213650395,0.1190562159755192,0.040562653348427874
thinning_fraction_croot_delta,43,0.05786864813243262,0.05786864813243262,0.06882369525694655,0.020184071744196525
thinning_fraction_froot_delta,43,0.028148094542496865,0.028148094542496865,0.029794697251519644,0.00928082247231387
thinning_fraction_leaf_delta,43,0.05125907478291184,0.05125907478291184,0.04969113173211381,0.015030875337366122
thinning_fraction_stem_delta,43,0.3490090618097953,0.3490090618097953,0.44613099544569773,0.14932530707147917
tree_carbon_sp1,43,-2.7589898724815107,3.14789214502411,4.379123684872095,1.2811626480662952
tree_nitrogen_branch_sp1,43,0.08189234796467168,0.08189234796467168,0.0908138177247152,0.026750226507572805
tree_nitrogen_croot_sp1,43,0.3382997917496395,0.3382997917496395,0.6260463897717476,0.19211115145681512
tree_nitrogen_froot_sp1,43,0.01060121961680662,0.01060121961680662,0.014934069511562434,0.005284405198818968
tree_nitrogen_leaf_sp1,43,1.9239237419833255,1.9239237419833255,2.894270866717932,0.8420301248670753
tree_nitrogen_stem_sp1,43,0.0057218778682857074,0.0057218778682857074,0.0078073135406751945,0.0024754427725694637
tree_root_in_top_30,43,-1.4728504609341226,1.7384332391488706,2.933092849349348,0.9519037987565419
tree_root_to_shoot_sp1,43,-1.788853366847997,2.341502747011003,3.963763345920245,1.2322600974930558
cy0,44,-0.029858867831236934,0.13978678335996647,0.22615798033339396,0.05021922210968254
clay,44,-1.1838810800329116,1.4303769203126768,2.355179302110875,0.637157472209819
temp_ci_delta,44,0.35953276510457777,0.4215465441721252,0.6733538499633572,0.20804708168995026
rain_ci_delta,44,1.9373673054338176,2.3028518465371954,7.577084770619049,2.4897133140075884
evap_ci_delta,44,-0.4689379205602985,0.47745255801161096,1.460513969327639,0.49221084151126226
ef_N_inputs,44,2.590050172859554,3.2368475151684293,4.644500418764148,1.2045526402495883
volatile_frac_organic_fertiliser,44,-0.016301567573002433,0.016301567573002433,0.009909378296539392,0.0030138450609992827
volatile_frac_synthetic_fertiliser,44,0.2120865563500211,0.2120865563500211,0.11442689071693596,0.035733729260370856
base_sf_qty_scale,44,-0.12171437219275297,0.12171437219275297,0.06001112738604021,0.01745768862747468
proj_lit_qty_scale,44,0.024453111044484877,0.02548268448533956,0.01715211764909583,0.004957149619449116
base_stand_density_scale,44,0.0,0.0,0.0,0.0
proj_stand_density_scale,44,-4.944354388739489,6.454166269761447,10.818899835089928,2.935339840619962
tree_wood_dens_sp1,44,-9.150048631711298,12.715634677291918,24.142672474813338,6.435006661005717
base_cover,44,0.14591895884815403,0.25412560276684115,0.30025599946125137,0.06845497852428224
base_fire_off,44,-0.07567880067863836,0.07567880067863836,0.1468986914845586,0.04839404300400014
base_fire_on,44,-0.17194348258838082,0.17194348258838082,0.10712512864695578,0.03112866418181667
base_sf_n_delta,44,-0.012054012840150546,0.012054012840150546,0.005283568101080885,0.0016692262153270199
crop_base_left_delta,44,0.15806040058696158,0.19335395532808602,0.17532375851491525,0.04234144240897757
crop_base_yield_delta,44,-0.05927302529596283,0.09965847509828892,0.12120039991332768,0.02739432124941943
crop_carbon_above_sp3,44,0.03358081937748685,0.03358081937748685,0.022475041973203956,0.006559969256943945
crop_carbon_below_sp3,44,0.07641752927498098,0.07641752927498098,0.03851064466212629,0.010145706588249112
crop_intercept_sp3,44,0.007093490691011328,0.030850174734833247,0.03877065592085821,0.00761872706383676
crop_nitrogen_above_sp3,44,-0.06693056078586504,0.07202355101829727,0.09143711527675674,0.02260796695553596
crop_nitrogen_below_sp3,44,-0.11086118948445936,0.11086118948445936,0.08012494133274652,0.025742508856431597
crop_carbon_above_sp10,44,0.03825362577778085,0.03825362577778085,0.031741447620780835,0.008713421716305226
crop_carbon_below_sp10,44,0.019022467454925668,0.019549844408587858,0.01934360842600765,0.00559028199507163
crop_intercept_sp10,44,0.0049450796101010745,0.0417294930277565,0.048566449083064615,0.006855073988434755
crop_nitrogen_above_sp10,44,-0.04570356913160258,0.04570356913160258,0.029841637006422176,0.008973887083695092
crop_nitrogen_below_sp10,44,-0.023142435699093553,0.02344484071946804,0.029404467166003177,0.008328548589452912
crop_proj_left_delta,44,0.0273077227305061,0.04916231080340019,0.04906669972260632,0.007805477063033203
crop_proj_yield_delta,44,0.16549454652733225,0.17701065113148276,0.12356127123119086,0.030421389736995843
crop_root_in_top_30,44,0.04606263064086023,0.056762930028905145,0.06086160792571178,0.016573016772432975
crop_root_to_shoot_sp3,44,0.07001655638355611,0.08824443153096102,0.0808891379603155,0.01982229181820465
crop_slope_sp3,44,-0.026281017262934653,0.03994368758549771,0.039528437796988725,0.007242801283011313
crop_root_to_shoot_sp10,44,0.018125176305345526,0.02259287815675512,0.0260537384962959,0.00710947412690974
crop_slope_sp10,44,-0.04144741059192086,0.07019558951100774,0.08675798635614942,0.017380901566878774
cy0_to_ceq_multiplier,44,-0.004685616263234456,0.012010144204933841,0.024528705538824705,0.006191952660113374
litter_carbon,44,-0.0019826211639666497,0.0019826211639666497,0.0011485417482046305,0.00032768125109473525
litter_nitrogen,44,0.013982065601877957,0.013982065601877957,0.00723299452115489,0.0024399858924107976
mortality_fraction_branch_delta,44,-0.01284362574128868,0.043771250091285116,0.05951472685642818,0.012300183136392364
mortality_fraction_croot_delta,44,-0.016280633802575877,0.020539364744244955,0.029303034161720948,0.007286361672020208
mortality_fraction_froot_delta,44,-0.009292902775035283,0.011553414322112298,0.016776186987553544,0.00463270453631399
mortality_fraction_leaf_delta,44,0.00506533591341426,0.010402314008939501,0.013919946636948382,0.003641670289730873
mortality_fraction_stem_delta,44,-0.05547711391776182,0.10624667930425451,0.14702067806014196,0.034646740350579325
pool_alloc_froot_sp1,44,-0.8577749327335633,0.9716793041282733,1.5531038550062375,0.4693807515001752
pool_alloc_leaf_sp1,44,0.32930649376096166,0.5821085530168558,0.7977538477777177,0.19268647499246525
pool_alloc_stem_sp1,44,-0.30811838398139063,0.347358953408585,0.7820860579123703,0.2213090119308617
pool_turnover_branch_sp1,44,1.089420842702085,1.4295623329622873,2.145119042097967,0.6004311500409744
pool_turnover_croot_sp1,44,-1.0092271974498657,1.1895657209933095,2.172379764528923,0.6825296513766915
pool_turnover_froot_sp1,44,-0.48021454646539147,0.553729592698717,0.723838211340486,0.20169119558248927
pool_turnover_leaf_sp1,44,0.05028933334075145,0.3658049400824404,0.7083527336175359,0.17642256654904262
pool_turnover_stem_sp1,44,0.280196823404488,0.358782627118165,0.45857749225048455,0.12389509782798908
proj_cover,44,-3.2882996078168674,3.5452910153257577,5.63088341216888,1.6749605475224005
proj_fire_off,44,0.05485737965524571,0.05485737965524571,0.10861682660156256,0.03751853685995008
proj_fire_on,44,4.078736958636561,4.165382802201623,4.720482158634721,1.4140807674911675
proj_mortality,44,24.761041990160994,25.496687045750093,29.271711611963987,9.159946929368633
proj_thinning_delta,44,23.840585528129644,24.0818313635174,23.875938262165793,6.586087836509769
roth_c_cover_c,44,0.5715621222482603,0.6917228337443883,1.3277302793946733,0.4246338616119885
roth_c_dpm_frac_crop,44,-0.005943259707966622,0.005943259707966622,0.006697474796759598,0.0019652433799388367
roth_c_dpm_frac_tree,44,0.5446211912225489,0.8694586775874903,1.4752671611317596,0.3826369056571847
roth_c_moisture_b_slope,44,-1.3145482191373339,1.3931993251757757,2.159554447456168,0.6368183493534803
roth_c_temp_a1,44,0.6954691586645698,0.7408546239036499,0.9883736093296949,0.2885899773054188
roth_c_temp_a2,44,-4.466906304605485,4.847660143907736,6.134422472379846,1.905888251570009
thinning_fraction_branch_delta,44,0.10705906037960038,0.10705906037960038,0.08949523468682287,0.03030205573381716
thinning_fraction_croot_delta,44,0.045647304849775486,0.045647304849775486,0.05122363987796335,0.01501138702307708
thinning_fraction_froot_delta,44,0.022476965317376363,0.022476965317376363,0.02239350213272396,0.006899722840270497
thinning_fraction_leaf_delta,44,0.04071067618978512,0.04071067618978512,0.03733171575656571,0.010986258873521646
thinning_fraction_stem_delta,44,0.28492702011442134,0.28492702011442134,0.36847698257350986,0.12364026340911285
tree_carbon_sp1,44,-2.6907755272281766,3.106899392848441,4.3868723955965585,1.2812036769774444
tree_nitrogen_branch_sp1,44,0.08276561101091288,0.08276561101091288,0.09269998323708459,0.027293354964219536
tree_nitrogen_croot_sp1,44,0.34402352981300544,0.34402352981300544,0.6429405057934946,0.19727087396496654
tree_nitrogen_froot_sp1,44,0.01082439779307284,0.01082439779307284,0.015349163107329887,0.005432226932290893
tree_nitrogen_leaf_sp1,44,1.9537210139981056,1.9537210139981056,2.9579301104768057,0.8615966916996488
tree_nitrogen_stem_sp1,44,0.0057891670713029805,0.0057891670713029805,0.007982868002316084,0.002531678746429112
tree_root_in_top_30,44,-1.4998406048566135,1.763165480748339,3.011026608959875,0.9802768159965581
tree_root_to_shoot_sp1,44,-1.7200812508767036,2.30942333991852,3.9445194446933205,1.221724108821586
cy0,45,-0.030904967472110856,0.14190582877646962,0.22720941476377474,0.050035096681875675
clay,45,-1.186269735131372,1.437262813625214,2.375430341822507,0.6428475841192941
temp_ci_delta,45,0.3740851319070893,0.4337844691913708,0.6950061597277215,0.21585628077044705
rain_ci_delta,45,2.0297320906317515,2.371365269071611,7.76878564646751,2.551781484657847
evap_ci_delta,45,-0.49380381491740755,0.5017423412431049,1.5439701501623062,0.5203207383814947
ef_N_inputs,45,2.6440219985659157,3.296946517554344,4.751940192565936,1.2348671730457468
volatile_frac_organic_fertiliser,45,-0.016301567573002558,0.016301567573002558,0.009909378296539546,0.0030138450609993703
volatile_frac_synthetic_fertiliser,45,0.21208655635002094,0.21208655635002094,0.11442689071693614,0.03573372926037097
base_sf_qty_scale,45,-0.12171437219275331,0.12171437219275331,0.060011127386040454,0.01745768862747471
proj_lit_qty_scale,45,0.02474922549390342,0.025700221300225184,0.01710155444735075,0.004987999386125641
base_stand_density_scale,45,0.0,0.0,0.0,0.0
proj_stand_density_scale,45,-4.524112462701927,6.411994890532327,10.94264738680168,2.9243700725373465
tree_wood_dens_sp1,45,-8.989782445542513,12.418719157103139,24.024991877197746,6.436633816478992
base_cover,45,0.13798322175460015,0.2516785656704679,0.2980294930110724,0.0670840720273067
base_fire_off,45,-0.07567880067863839,0.07567880067863839,0.1468986914845586,0.04839404300400014
base_fire_on,45,-0.17088089865147832,0.17088089865147832,0.10567871541792581,0.030623884271637033
base_sf_n_delta,45,-0.012054012840149562,0.012054012840149562,0.005283568101080391,0.001669226215326934
crop_base_left_delta,45,0.1542099016746093,0.19034562605645902,0.1741413306477182,0.04182838397242376
crop_base_yield_delta,45,-0.06253240339118275,0.10036126616137224,0.12110109023459475,0.027712037769985244
crop_carbon_above_sp3,45,0.0325355619144502,0.0325355619144502,0.021989262873123583,0.006426102134800784
crop_carbon_below_sp3,45,0.07418797762849112,0.07418797762849112,0.03792452169714851,0.009991083464911558
crop_intercept_sp3,45,0.005837549561805008,0.030416927417822582,0.03833273333832635,0.007476508949843206
crop_nitrogen_above_sp3,45,-0.06693056078586417,0.07202355101829634,0.091437115276757,0.022607966955536338
crop_nitrogen_below_sp3,45,-0.11086118948445862,0.11086118948445862,0.08012494133274611,0.02574250885643146
crop_carbon_above_sp10,45,0.0373569373971437,0.0373569373971437,0.031314837518977935,0.008594106481758247
crop_carbon_below_sp10,45,0.01859374036122475,0.019116564856224177,0.019063141666444943,0.005510693721858369
crop_intercept_sp10,45,0.004211771730184599,0.041660590302766726,0.04846310064179242,0.006827011810398931
crop_nitrogen_above_sp10,45,-0.045703569131603006,0.045703569131603006,0.029841637006422395,0.0089738870836954
crop_nitrogen_below_sp10,45,-0.023142435699092936,0.023444840719467404,0.029404467166001685,0.008328548589452927
crop_proj_left_delta,45,0.02615901494798551,0.04802251789730445,0.048263583627740705,0.007618936005098104
crop_proj_yield_delta,45,0.1707281027931399,0.18084548315814172,0.12219086954337427,0.03055758877438828
crop_root_in_top_30,45,0.04355128621733466,0.054759121801063806,0.0603286123452546,0.01641132451765038
crop_root_to_shoot_sp3,45,0.06607779568266016,0.08582194613802233,0.08039686774107543,0.01936303811321215
crop_slope_sp3,45,-0.0279101094831962,0.0405710802470635,0.03941463287629747,0.0074419538959200945
crop_root_to_shoot_sp10,45,0.01737917613171966,0.022075934754531085,0.02583735365111815,0.006981003901957449
crop_slope_sp10,45,-0.043434658253361194,0.07049288820043899,0.08656097326876726,0.017609420217152873
cy0_to_ceq_multiplier,45,-0.004788586350683866,0.011779665440556187,0.024145428324774128,0.006067744864197677
litter_carbon,45,-0.0019310925457618061,0.0019310925457618061,0.0011366700475722083,0.00032454349641011354
litter_nitrogen,45,0.013982065601877008,0.013982065601877008,0.007232994521154497,0.0024399858924105283
mortality_fraction_branch_delta,45,-0.011544643167898822,0.043475743015110355,0.05937489148691512,0.012386896287328697
mortality_fraction_croot_delta,45,-0.015844026819678468,0.020439718054384385,0.029175464029444112,0.007183152394821117
mortality_fraction_froot_delta,45,-0.009010192439215994,0.011375506778940217,0.016735346256314943,0.004590118706593491
mortality_fraction_leaf_delta,45,0.005507152784310439,0.010529017217962292,0.014163195748360252,0.003759212579088464
mortality_fraction_stem_delta,45,-0.054546344881124954,0.10593080215270449,0.1467222098987289,0.03440555531016655
pool_alloc_froot_sp1,45,-0.85438703689636,0.9658005491652524,1.5727110962248234,0.4763388081410561
pool_alloc_leaf_sp1,45,0.3504621209062706,0.5893304354573244,0.8181201363675507,0.20113279188311853
pool_alloc_stem_sp1,45,-0.2953257598422203,0.33653561093941764,0.7693434344333852,0.21859917780475735
pool_turnover_branch_sp1,45,0.9085491433467972,1.2915199787844671,1.9767054617449915,0.5449488008389571
pool_turnover_croot_sp1,45,-1.0282555195178944,1.2108465355827278,2.213965596093261,0.696813312382601
pool_turnover_froot_sp1,45,-0.4898240183389495,0.5628780602700314,0.7415067579035581,0.20735549210484563
pool_turnover_leaf_sp1,45,0.0471318079511575,0.37170744803697875,0.7278627279547487,0.18150491932084972
pool_turnover_stem_sp1,45,0.22790210991838458,0.3092169005076936,0.4164297580383595,0.1119322221181366
proj_cover,45,-3.442307229829938,3.6872376221676646,5.878671147335867,1.7510560186845296
proj_fire_off,45,0.05485737965524554,0.05485737965524554,0.1086168266015624,0.03751853685995007
proj_fire_on,45,4.123388836226209,4.2074791618421346,4.813465498795444,1.4418760010936373
proj_mortality,45,25.00137991545346,25.73953858284393,29.40008191505558,9.172489581720573
proj_thinning_delta,45,22.848767871177145,22.848767871177145,23.777217084712724,6.606310188174537
roth_c_cover_c,45,0.6001871907239199,0.7150477865558891,1.366110769081175,0.4395242334083738
roth_c_dpm_frac_crop,45,-0.005313471994573464,0.005313471994573464,0.005818897663966196,0.0017134590339733624
roth_c_dpm_frac_tree,45,0.5758551817229902,0.8836665077746909,1.5255187116216173,0.4074868336002506
roth_c_moisture_b_slope,45,-1.3797841079794348,1.4535868927093916,2.244697454290054,0.6589656579080543
roth_c_temp_a1,45,0.720466404781331,0.7609699146019671,1.020059043947047,0.2993457847094478
roth_c_temp_a2,45,-4.722087587385458,5.072629280951261,6.415459723771721,2.002846432912167
thinning_fraction_branch_delta,45,0.09045100990483519,0.09045100990483519,0.06995208930629494,0.023577835141100175
thinning_fraction_croot_delta,45,0.03758562837086905,0.03758562837086905,0.03888503345733227,0.011224962111112197
thinning_fraction_froot_delta,45,0.019134105286291562,0.019134105286291562,0.017105558096262588,0.005164625159794656
thinning_fraction_leaf_delta,45,0.03377016914420574,0.03377016914420574,0.02902043791361132,0.008342828760153458
thinning_fraction_stem_delta,45,0.2398400699479537,0.2398400699479537,0.30745116286033,0.1033833865680783
tree_carbon_sp1,45,-2.6335621173072234,3.0135043789918443,4.346382923102421,1.2738234997165918
tree_nitrogen_branch_sp1,45,0.08355427903212334,0.08355427903212334,0.09450710085015683,0.02781361605479261
tree_nitrogen_croot_sp1,45,0.3494353664838658,0.3494353664838658,0.6594165811848319,0.20230248905795573
tree_nitrogen_froot_sp1,45,0.01103901207414531,0.01103901207414531,0.015754745590871977,0.005576906079480215
tree_nitrogen_leaf_sp1,45,1.981619159654922,1.981619159654922,3.0188722260865806,0.8804121320198863
tree_nitrogen_stem_sp1,45,0.005844584225964305,0.005844584225964305,0.008156259253231256,0.002587930355265856
tree_root_in_top_30,45,-1.5106004491173401,1.7738965430542109,3.0673627661309806,1.0006445745407602
tree_root_to_shoot_sp1,45,-1.6732451454083623,2.230274540013149,3.8895151235416803,1.2064218422412725
cy0,46,-0.03184632715952274,0.14367499833168423,0.22808232852229135,0.049890422477361446
clay,46,-1.185834596583242,1.442496634581221,2.3923207228449543,0.6471811532688391
temp_ci_delta,46,0.3852051184006679,0.44300847912883407,0.7138736442644207,0.22280170976933614
rain_ci_delta,46,2.1032542624754287,2.427296050095352,7.941091639958229,2.6064829540252523
evap_ci_delta,46,-0.5158165048098531,0.5234436483834004,1.6234004391897243,0.5470419682913988
ef_N_inputs,46,2.694386892462476,3.3533910768187276,4.855334016055959,1.264084278130003
volatile_frac_organic_fertiliser,46,-0.0163015675730026,0.0163015675730026,0.009909378296539468,0.0030138450609992797
volatile_frac_synthetic_fertiliser,46,0.21208655635002066,0.21208655635002066,0.11442689071693582,0.03573372926037088
base_sf_qty_scale,46,-0.1217143721927532,0.1217143721927532,0.06001112738604007,0.017457688627474675
proj_lit_qty_scale,46,0.025036406644340547,0.02591102993971949,0.017051993891070507,0.005018512800961027
base_stand_density_scale,46,0.0,0.0,0.0,0.0
proj_stand_density_scale,46,-4.226946468688405,5.920199459596729,10.733107804934765,2.8994293002282183
tree_wood_dens_sp1,46,-8.580967352379245,12.238999158983026,23.893969771366876,6.3845256182551875
base_cover,46,0.13049358996901955,0.24911160191222761,0.29583942894927034,0.06588035078433618
base_fire_off,46,-0.07567880067863839,0.07567880067863839,0.14689869148455867,0.048394043004000166
base_fire_on,46,-0.16985031049683635,0.16985031049683635,0.1043055313984756,0.030147379775547906
base_sf_n_delta,46,-0.012054012840149354,0.012054012840149354,0.00528356810108014,0.0016692262153267946
crop_base_left_delta,46,0.1504564141596331,0.18748870087163622,0.17297582376715473,0.041289944210550864
crop_base_yield_delta,46,-0.06571078967112212,0.10120218424135922,0.12099546681635769,0.02800222209889288
crop_carbon_above_sp3,46,0.03155155223847526,0.03155155223847526,0.02152903734695496,0.0063004260020027274
crop_carbon_below_sp3,46,0.07211183955026215,0.07211183955026215,0.0373936686165024,0.009856006048673252
crop_intercept_sp3,46,0.004661564945506652,0.0300124078355527,0.03797888756495787,0.007385321160165909
crop_nitrogen_above_sp3,46,-0.0669305607858647,0.07202355101829679,0.09143711527675781,0.02260796695553657
crop_nitrogen_below_sp3,46,-0.11086118948445936,0.11086118948445936,0.08012494133274725,0.02574250885643189
crop_carbon_above_sp10,46,0.0364862763717274,0.0364862763717274,0.03089392054541421,0.008476608885709154
crop_carbon_below_sp10,46,0.018176917636991204,0.01869481718829521,0.018787968048394426,0.005432826098450793
crop_intercept_sp10,46,0.003498780944680266,0.04159005699520313,0.04835864016355037,0.006803932705041954
crop_nitrogen_above_sp10,46,-0.04570356913160325,0.04570356913160325,0.029841637006421617,0.0089738870836951
crop_nitrogen_below_sp10,46,-0.023142435699093952,0.02344484071946842,0.029404467166002545,0.008328548589452998
crop_proj_left_delta,46,0.025152178403628888,0.04696898797354927,0.04750611218430483,0.00745534144388367
crop_proj_yield_delta,46,0.17556572534402257,0.18465444288779628,0.12109505467402522,0.030664459306212376
crop_root_in_top_30,46,0.04118099157836928,0.05287083500898104,0.05984266816397177,0.01627163767805863
crop_root_to_shoot_sp3,46,0.06243781412727086,0.08360711198794812,0.07998902159565423,0.018983569427748568
crop_slope_sp3,46,-0.029421131926181447,0.041255683309609034,0.03933040961910036,0.007606631814647034
crop_root_to_shoot_sp10,46,0.01665420907905502,0.02157003579436044,0.025625162304028358,0.006860260680923703
crop_slope_sp10,46,-0.0453664779330118,0.07077290517675612,0.08637378018556251,0.017855397829684032
cy0_to_ceq_multiplier,46,-0.004877691251410221,0.011541881709729012,0.023759520192973005,0.005948367401561453
litter_carbon,46,-0.0018811313811807006,0.0018811313811807006,0.0011248787714616144,0.0003214167860178616
litter_nitrogen,46,0.01398206560187779,0.01398206560187779,0.007232994521155176,0.0024399858924106857
mortality_fraction_branch_delta,46,-0.009852213220556426,0.04315189190821572,0.05910171463152328,0.012411548604739043
mortality_fraction_croot_delta,46,-0.01549068650449063,0.020057391533808793,0.028791692019541005,0.007152110362044953
mortality_fraction_froot_delta,46,-0.008700767353649493,0.011138368194960092,0.016564780658598944,0.004533091134556316
mortality_fraction_leaf_delta,46,0.005895668079834259,0.010500452348984158,0.014396289849580721,0.003942805760342858
mortality_fraction_stem_delta,46,-0.05295554218885706,0.10520733819881298,0.1458154044482762,0.033972050159959064
pool_alloc_froot_sp1,46,-0.8444128043465347,0.9540685469739797,1.5845924590910558,0.4807090354146919
pool_alloc_leaf_sp1,46,0.3777987439295043,0.6000213306987252,0.8396369456138689,0.20937020574400875
pool_alloc_stem_sp1,46,-0.27647908574430263,0.3279937242281233,0.7541030960030619,0.21403503222616932
pool_turnover_branch_sp1,46,0.6991746158140882,1.1704485008624714,1.8117261604475599,0.4805773969420022
pool_turnover_croot_sp1,46,-1.041825311627972,1.2254646247292396,2.244453170345783,0.7075960061353906
pool_turnover_froot_sp1,46,-0.5029244465984654,0.5655865912722255,0.7495420887101248,0.2128812900628914
pool_turnover_leaf_sp1,46,0.05585557275246309,0.37740040526862595,0.7442707611795957,0.18657578719899953
pool_turnover_stem_sp1,46,0.17211369210482508,0.26641128345061876,0.37442407029028013,0.09665046419161433
proj_cover,46,-3.5556205458884462,3.7928014354550816,6.077235088845633,1.8107128393092717
proj_fire_off,46,0.05485737965524558,0.05485737965524558,0.10861682660156226,0.03751853685995001
proj_fire_on,46,4.158613745586104,4.240873615737226,4.8959833015012135,1.466365788193912
proj_mortality,46,25.113723973290842,25.83988017042528,29.4065873900597,9.19121386488228
proj_thinning_delta,46,21.220843358503807,21.683837150347266,24.136364259802722,6.528871444595795
roth_c_cover_c,46,0.6258716390910406,0.7359645003074131,1.4103943453898142,0.4561505302516241
roth_c_dpm_frac_crop,46,-0.004807446441009652,0.004807446441009652,0.005110904610774437,0.0015121582111102994
roth_c_dpm_frac_tree,46,0.5927420669561615,0.8777848675187908,1.5492527811723253,0.4241312476151418
roth_c_moisture_b_slope,46,-1.4293561004228024,1.4989995073018663,2.3244910304815423,0.6804364286524334
roth_c_temp_a1,46,0.7391314183928532,0.7756567429122356,1.0481627200248473,0.30824955664561793
roth_c_temp_a2,46,-4.9132650148485455,5.23805780583632,6.659248947057113,2.0880953794007158
thinning_fraction_branch_delta,46,0.07838641506594948,0.07838641506594948,0.05735265942277609,0.019207975714560135
thinning_fraction_croot_delta,46,0.03176302772408776,0.03176302772408776,0.030373105350487997,0.008874424180543882
thinning_fraction_froot_delta,46,0.01635522049447894,0.01635522049447894,0.013644066027126141,0.00402934728415989
thinning_fraction_leaf_delta,46,0.02881133824816463,0.02881133824816463,0.0237191016348741,0.006689371378109295
thinning_fraction_stem_delta,46,0.20728445080636987,0.20728445080636987,0.25837068022006227,0.08700856568888256
tree_carbon_sp1,46,-2.502228032394174,2.9625879419218695,4.332439678421934,1.2499336863978854
tree_nitrogen_branch_sp1,46,0.08424972595923738,0.08424972595923738,0.09623463125396657,0.028311111930593377
tree_nitrogen_croot_sp1,46,0.35451944652881184,0.35451944652881184,0.675426294058951,0.20719130867203467
tree_nitrogen_froot_sp1,46,0.01124560117902652,0.01124560117902652,0.016148786033036634,0.0057175531988790385
tree_nitrogen_leaf_sp1,46,2.007434606113788,2.007434606113788,3.0769773056589016,0.8984513134782632
tree_nitrogen_stem_sp1,46,0.005904979808072345,0.005904979808072345,0.008314812633954363,0.0026391735594827174
tree_root_in_top_30,46,-1.508884126216272,1.773396297154036,3.105661284533517,1.0144104439746997
tree_root_to_shoot_sp1,46,-1.6001399861739134,2.1578752003247033,3.8299328236870256,1.1862232215584023
cy0,47,-0.032690763934988064,0.14511952121341423,0.2287733528384103,0.049777386773212334
clay,47,-1.1833348063298295,1.4446451219661205,2.4046337565603824,0.6504034851652737
temp_ci_delta,47,0.3933980270439938,0.44944992073929735,0.7296265210443382,0.22874952031777818
rain_ci_delta,47,2.1589640472471836,2.467426746216094,8.0864130705686,2.6530127894846443
evap_ci_delta,47,-0.5341993300719383,0.5420557603742971,1.694711547049729,0.5709996232759236
ef_N_inputs,47,2.7406729246633725,3.4063775525447513,4.954670244365852,1.2919704992781431
volatile_frac_organic_fertiliser,47,-0.0163015675730025,0.0163015675730025,0.009909378296539515,0.003013845060999326
volatile_frac_synthetic_fertiliser,47,0.21208655635002058,0.21208655635002058,0.11442689071693624,0.03573372926037095
base_sf_qty_scale,47,-0.12171437219275305,0.12171437219275305,0.060011127386040204,0.0174576886274747
proj_lit_qty_scale,47,0.025315031818670796,0.026127725888353714,0.017003465915588503,0.00504003107852684
base_stand_density_scale,47,0.0,0.0,0.0,0.0
proj_stand_density_scale,47,-3.905809897014147,5.666553995982443,10.594335756815987,2.866665792104008
tree_wood_dens_sp1,47,-8.280260940092376,11.84459308443831,23.5838666079986,6.313907008930557
base_cover,47,0.12342516057426405,0.2464380239766281,0.29368007054962275,0.06482751419102091
base_fire_off,47,-0.07567880067863823,0.07567880067863823,0.14689869148455825,0.04839404300400008
base_fire_on,47,-0.1688506355824466,0.1688506355824466,0.1030021056485599,0.029697856182405065
base_sf_n_delta,47,-0.01205401284015016,0.01205401284015016,0.005283568101080637,0.0016692262153271064
crop_base_left_delta,47,0.14679698844220324,0.1846939567473718,0.17182721033839046,0.04077081491514421
crop_base_yield_delta,47,-0.06881034936836102,0.10211014155038807,0.1208838905520891,0.028275540123281734
crop_carbon_above_sp3,47,0.03061935958260459,0.03061935958260459,0.02109112506137884,0.006181711224633521
crop_carbon_below_sp3,47,0.07016064650296235,0.07016064650296235,0.03690702922373976,0.00973654713745374
crop_intercept_sp3,47,0.003549903875759916,0.029631042945023455,0.03769625103777878,0.007338004388289625
crop_nitrogen_above_sp3,47,-0.06693056078586443,0.07202355101829558,0.09143711527675742,0.022607966955536712
crop_nitrogen_below_sp3,47,-0.1108611894844587,0.1108611894844587,0.08012494133274675,0.02574250885643168
crop_carbon_above_sp10,47,0.03564043172104325,0.03564043172104325,0.030478205075277154,0.008360764760325427
crop_carbon_below_sp10,47,0.017771592718392473,0.01828413544001624,0.01851789407523948,0.005356660342277956
crop_intercept_sp10,47,0.0028053735507125636,0.041518211904038954,0.048253475549453036,0.006785601971366069
crop_nitrogen_above_sp10,47,-0.04570356913160335,0.04570356913160335,0.029841637006421496,0.008973887083694919
crop_nitrogen_below_sp10,47,-0.023142435699092783,0.023444840719467203,0.0294044671660026,0.008328548589453016
crop_proj_left_delta,47,0.024257601427356678,0.04598514915048539,0.04678718824322585,0.007310811158248605
crop_proj_yield_delta,47,0.180075540716716,0.18824428151890618,0.12021094977057784,0.030802610098177103
crop_root_in_top_30,47,0.03893179594892253,0.05108018325395351,0.05939442247396153,0.016150759351594487
crop_root_to_shoot_sp3,47,0.05904355666672882,0.08155731293141155,0.07964089332693132,0.01867051940231474
crop_slope_sp3,47,-0.03083474551638618,0.04209382310866344,0.03926733904729197,0.007685393145147763
crop_root_to_shoot_sp10,47,0.015949577656901248,0.02107500463759219,0.025417021180996962,0.006746911622266415
crop_slope_sp10,47,-0.04724458148880921,0.07103640952760246,0.08619599951914204,0.018116378262157604
cy0_to_ceq_multiplier,47,-0.004953719821975516,0.011297712672271582,0.023371626850133293,0.005833599685370543
litter_carbon,47,-0.001832682110827083,0.001832682110827083,0.0011131659980047532,0.00031830108086737806
litter_nitrogen,47,0.013982065601876223,0.013982065601876223,0.007232994521154327,0.002439985892410287
mortality_fraction_branch_delta,47,-0.008037114294909335,0.042611594555858986,0.05866704298633039,0.012522079180803124
mortality_fraction_croot_delta,47,-0.015022044472936341,0.019629813942470653,0.028341179193670147,0.007082844754447993
mortality_fraction_froot_delta,47,-0.00831301437863046,0.01089847575028857,0.01633202748851801,0.004436369117644476
mortality_fraction_leaf_delta,47,0.0064497695824670895,0.010663788399070869,0.014627388324011644,0.004073288297595516
mortality_fraction_stem_delta,47,-0.050642810366768785,0.10432879660632968,0.14451411268408745,0.033344572472638945
pool_alloc_froot_sp1,47,-0.8292606131885425,0.9375737335312959,1.5898191663395607,0.4829045726761215
pool_alloc_leaf_sp1,47,0.41035344690658093,0.613447851498821,0.8627499356753668,0.21829030055584522
pool_alloc_stem_sp1,47,-0.26391040641472147,0.3113507236982108,0.730829641023088,0.20909919318016013
pool_turnover_branch_sp1,47,0.5241260062294192,1.0226543295772692,1.6144246230616062,0.4253740993929314
pool_turnover_croot_sp1,47,-1.0444940486943923,1.236529949939087,2.2687990657769443,0.714894042493161
pool_turnover_froot_sp1,47,-0.4934116122623765,0.5753472636866404,0.7684071052293311,0.21307684074282482
pool_turnover_leaf_sp1,47,0.061852486841557454,0.3825206366415518,0.7586973963230903,0.19123764135449578
pool_turnover_stem_sp1,47,0.11866613570091404,0.225620458375473,0.3310670492129514,0.08033026102009348
proj_cover,47,-3.633014625241052,3.8708955280391493,6.235231301015328,1.856288586213233
proj_fire_off,47,0.054857379655245675,0.054857379655245675,0.10861682660156252,0.037518536859950054
proj_fire_on,47,4.185810662494857,4.266654004631386,4.969292346226908,1.487956149520271
proj_mortality,47,24.560181823468422,25.422035111824364,29.7293109993743,9.309648964929332
proj_thinning_delta,47,19.5502647837037,20.249448805730182,23.885138930187114,6.387361474650752
roth_c_cover_c,47,0.648108932606539,0.7532511842180847,1.4565213196043627,0.4731750275026161
roth_c_dpm_frac_crop,47,-0.004395800531733172,0.004395800531733172,0.004538988021295221,0.0013507286478992968
roth_c_dpm_frac_tree,47,0.5921689841572992,0.864293861182667,1.555351782206951,0.43336795991960153
roth_c_moisture_b_slope,47,-1.4654374313556082,1.5316865648378752,2.396331124269593,0.7002535253612582
roth_c_temp_a1,47,0.752337243597563,0.7858855467045887,1.072496821227657,0.3154838061324452
roth_c_temp_a2,47,-5.048763367388942,5.354323891332561,6.867604032722045,2.1615697967204786
thinning_fraction_branch_delta,47,0.06970704860308602,0.06970704860308602,0.049071901944503636,0.016324747432753816
thinning_fraction_croot_delta,47,0.027426340973383014,0.027426340973383014,0.024652674896240834,0.0072578008198778314
thinning_fraction_froot_delta,47,0.014424092122125249,0.014424092122125249,0.011325982292690715,0.003257356603338806
thinning_fraction_leaf_delta,47,0.025454477254971342,0.025454477254971342,0.020266968619933864,0.00565674154646984
thinning_fraction_stem_delta,47,0.1846707092090542,0.1846707092090542,0.218942737692319,0.07361969711917635
tree_carbon_sp1,47,-2.4371123066877334,2.8262821525430386,4.237998969065226,1.238349284745893
tree_nitrogen_branch_sp1,47,0.08486302698891586,0.08486302698891586,0.09786557964116231,0.028780268016546623
tree_nitrogen_croot_sp1,47,0.3591992045822797,0.3591992045822797,0.6909587323228393,0.21191938437225427
tree_nitrogen_froot_sp1,47,0.011441308217957769,0.011441308217957769,0.016531813447244015,0.005854105098395094
tree_nitrogen_leaf_sp1,47,2.031295894020641,2.031295894020641,3.131949128906045,0.9155947703092827
tree_nitrogen_stem_sp1,47,0.005959016257609704,0.005959016257609704,0.008466042977242698,0.0026883207955759273
tree_root_in_top_30,47,-1.4957711818466293,1.7650474387001434,3.1294196466831665,1.022566553710902
tree_root_to_shoot_sp1,47,-1.5180986253061173,2.0788116930750133,3.7594273426691336,1.161925306839952
cy0,48,-0.033446349264708485,0.14626351313335895,0.22928191698456532,0.04968884330469271
clay,48,-1.1785046643875636,1.4436648519745563,2.412109990731114,0.6524074462399152
temp_ci_delta,48,0.3988208171244187,0.45360499111944985,0.742363787401386,0.23360132180597323
rain_ci_delta,48,2.19856280455151,2.4934202218714914,8.201243672025763,2.6900381138359712
evap_ci_delta,48,-0.5490456534567585,0.5570761708557168,1.7557323364075255,0.5915302017680818
ef_N_inputs,48,2.7834784731291933,3.4550887853414642,5.049118517182307,1.318765024239647
volatile_frac_organic_fertiliser,48,-0.01630156757300238,0.01630156757300238,0.00990937829653956,0.003013845060999387
volatile_frac_synthetic_fertiliser,48,0.21208655635002077,0.21208655635002077,0.11442689071693608,0.03573372926037089
base_sf_qty_scale,48,-0.1217143721927532,0.1217143721927532,0.06001112738604046,0.017457688627474717
proj_lit_qty_scale,48,0.025585389625300888,0.026345349459315697,0.016955946373213227,0.0050560849447369455
base_stand_density_scale,48,0.0,0.0,0.0,0.0
proj_stand_density_scale,48,-3.5817723180617653,5.547583869296434,10.46515931764141,2.7909941264418467
tree_wood_dens_sp1,48,-7.753011843146318,11.615744419305239,23.288165789914856,6.192984279682179
base_cover,48,0.11675429115076494,0.24367021689319043,0.2915460042421552,0.06390995586340217
base_fire_off,48,-0.07567880067863836,0.07567880067863836,0.14689869148455856,0.04839404300400011
base_fire_on,48,-0.167880877255831,0.167880877255831,0.10176521006417973,0.02927419103678947
base_sf_n_delta,48,-0.012054012840150443,0.012054012840150443,0.005283568101081239,0.001669226215327297
crop_base_left_delta,48,0.14322912356773496,0.18211057971798225,0.17069547335298932,0.0402414697529237
crop_base_yield_delta,48,-0.07183353749026677,0.10308038639045033,0.12076672123186206,0.028543284054728973
crop_carbon_above_sp3,48,0.02973169319263742,0.02973169319263742,0.020672873581414092,0.0060690626912043395
crop_carbon_below_sp3,48,0.0683149246960573,0.0683149246960573,0.036456672567799414,0.00962963512743894
crop_intercept_sp3,48,0.002493942722472989,0.02926845399305315,0.03747452726290773,0.007328727165970976
crop_nitrogen_above_sp3,48,-0.0669305607858643,0.07202355101829563,0.09143711527675681,0.022607966955536542
crop_nitrogen_below_sp3,48,-0.11086118948445971,0.11086118948445971,0.08012494133274688,0.025742508856431753
crop_carbon_above_sp10,48,0.034818597591452304,0.034818597591452304,0.030067515328948958,0.008246585602347638
crop_carbon_below_sp10,48,0.01737729182019583,0.017884111911180337,0.01825264990013823,0.0052821575129606045
crop_intercept_sp10,48,0.0021311662141597796,0.04147165064633768,0.0481474764890898,0.006757510896459383
crop_nitrogen_above_sp10,48,-0.04570356913160361,0.04570356913160361,0.02984163700642171,0.008973887083695118
crop_nitrogen_below_sp10,48,-0.023142435699092412,0.023444840719466897,0.0294044671660026,0.008328548589452946
crop_proj_left_delta,48,0.02345359914155198,0.04505926803959074,0.04610255404887176,0.0071829033747653126
crop_proj_yield_delta,48,0.1843081141608905,0.1916430895080181,0.1194910570187812,0.030965144874799077
crop_root_in_top_30,48,0.03678807287163407,0.0493730422474983,0.05897747207391983,0.016046393331833025
crop_root_to_shoot_sp3,48,0.05585538936070111,0.07964096338795972,0.07933502879764515,0.018413484309023936
crop_slope_sp3,48,-0.032166986511859993,0.04288175818114594,0.039219577828480505,0.007778415788119543
crop_root_to_shoot_sp10,48,0.015264506566982272,0.020602368696583117,0.025213008510532098,0.0066360656461454115
crop_slope_sp10,48,-0.049070839375971995,0.07135565380288816,0.08602702795626534,0.018374205218297877
cy0_to_ceq_multiplier,48,-0.005018325876140506,0.011048396817767115,0.022982605459476807,0.005723306151931856
litter_carbon,48,-0.001785691833308245,0.001785691833308245,0.0011015272125843682,0.00031519516652465327
litter_nitrogen,48,0.013982065601877185,0.013982065601877185,0.007232994521154496,0.0024399858924104125
mortality_fraction_branch_delta,48,-0.00617531173763428,0.04183715234704508,0.058104059086038065,0.012610874670162463
mortality_fraction_croot_delta,48,-0.014470010415505722,0.019150967410149818,0.02782816846973438,0.0069883112283725
mortality_fraction_froot_delta,48,-0.007865949658341228,0.010640557393648328,0.01604552019400149,0.004316915216870584
mortality_fraction_leaf_delta,48,0.006928683398739047,0.010737447729706348,0.014886260537130285,0.004254288674511851
mortality_fraction_stem_delta,48,-0.04819025789682682,0.10285249474904287,0.14265114342188615,0.03268777394000378
pool_alloc_froot_sp1,48,-0.8085402703599189,0.9184550567420059,1.590124722738329,0.4834128303374618
pool_alloc_leaf_sp1,48,0.44187037406384333,0.6259381746109207,0.8886959851203708,0.22928975398249565
pool_alloc_stem_sp1,48,-0.24345313800319918,0.30136879805864125,0.7083455011192014,0.20274404482604966
pool_turnover_branch_sp1,48,0.32883631633328686,0.8977741829599573,1.4320010426766738,0.37002746925602487
pool_turnover_croot_sp1,48,-1.0453769695504886,1.2412931841088328,2.2841760927450547,0.7200433457821074
pool_turnover_froot_sp1,48,-0.4942898263245873,0.5737334628450921,0.7735268561336043,0.21571923150020145
pool_turnover_leaf_sp1,48,0.06841714832934331,0.3860786691878685,0.7712435818261266,0.19546121153734505
pool_turnover_stem_sp1,48,0.05751805361129834,0.19998773309994405,0.29615051480864935,0.06550839845862888
proj_cover,48,-3.682305052102012,3.9234083439838607,6.3580807745694825,1.8907447405425248
proj_fire_off,48,0.05485737965524554,0.05485737965524554,0.10861682660156238,0.0375185368599501
proj_fire_on,48,4.205075240497646,4.2847234568261365,5.035121376219934,1.5074611360763002
proj_mortality,48,24.169917692972824,25.320045737555006,29.772747725855147,9.230276534856753
proj_thinning_delta,48,17.894881359910766,18.95472444969447,23.681366763493656,6.254572916144557
roth_c_cover_c,48,0.666422184500881,0.7669854133644575,1.5020043282681517,0.48967986442636025
roth_c_dpm_frac_crop,48,-0.004057286041163605,0.004057286041163605,0.004075753915151643,0.001220782327745866
roth_c_dpm_frac_tree,48,0.5821369081561932,0.8416030920383154,1.5456462058528564,0.4358438081873722
roth_c_moisture_b_slope,48,-1.4901456118602487,1.5537349163977139,2.459001065894966,0.7178586605045711
roth_c_temp_a1,48,0.7608804461104913,0.7922963999256101,1.0931796069293316,0.3212290302380464
roth_c_temp_a2,48,-5.139145413015476,5.429723004435342,7.042225816073088,2.2237743759128286
thinning_fraction_branch_delta,48,0.06328510355405212,0.06328510355405212,0.043673955514312614,0.01443033260903637
thinning_fraction_croot_delta,48,0.024338456944925493,0.024338456944925493,0.020766942998321103,0.006171545899626072
thinning_fraction_froot_delta,48,0.01303822876610709,0.01303822876610709,0.009820172102433482,0.002750513010897449
thinning_fraction_leaf_delta,48,0.022883045320057797,0.022883045320057797,0.018167961384718354,0.005100544965267365
thinning_fraction_stem_delta,48,0.16483781600593503,0.16483781600593503,0.1867251029659828,0.06295479757602947
tree_carbon_sp1,48,-2.324261136023062,2.7177771906409944,4.160914070808177,1.2133284840860856
tree_nitrogen_branch_sp1,48,0.08538624098188233,0.08538624098188233,0.09940141736059871,0.029221814431848386
tree_nitrogen_croot_sp1,48,0.36359604245130506,0.36359604245130506,0.7059031498737955,0.21648355645003642
tree_nitrogen_froot_sp1,48,0.011628042565783004,0.011628042565783004,0.016901109178635455,0.005985988935746306
tree_nitrogen_leaf_sp1,48,2.053040548003365,2.053040548003365,3.1837211782242685,0.9318339610978852
tree_nitrogen_stem_sp1,48,0.0060087336375899605,0.0060087336375899605,0.008607953777431312,0.0027343981019880056
tree_root_in_top_30,48,-1.47636968757358,1.7469316825519154,3.138964553513548,1.0261019300475656
tree_root_to_shoot_sp1,48,-1.4175899481690897,2.007436503209043,3.685203110707134,1.1336256814606562
cy0,49,-0.034119508331748115,0.14712886422851967,0.22961084607958115,0.04961901871890606
clay,49,-1.1710477076913608,1.4403290143059773,2.414693909015254,0.6531126763424578
temp_ci_delta,49,0.4017571410207614,0.4557632161858927,0.7521822741730982,0.23736170064405723
rain_ci_delta,49,2.2239205413247456,2.5071475092646804,8.284588797543613,2.717044092186522
evap_ci_delta,49,-0.5604542570599022,0.5685163139289486,1.8057034438038808,0.6083878263330541
ef_N_inputs,49,2.822353033969092,3.499814245179907,5.138770944408804,1.3442403180013256
volatile_frac_organic_fertiliser,49,-0.016301567573002725,0.016301567573002725,0.00990937829653939,0.003013845060999344
volatile_frac_synthetic_fertiliser,49,0.21208655635002102,0.21208655635002102,0.1144268907169361,0.03573372926037094
base_sf_qty_scale,49,-0.12171437219275297,0.12171437219275297,0.060011127386040204,0.01745768862747477
proj_lit_qty_scale,49,0.025847765139645373,0.026556591108079387,0.016909427220280472,0.005071941938281979
base_stand_density_scale,49,0.0,0.0,0.0,0.0
proj_stand_density_scale,49,-3.3231470402644128,5.121383387326075,10.159101301630988,2.7603256979917004
tree_wood_dens_sp1,49,-7.295474818567418,11.275177062541076,22.86986228101161,6.096462681218963
base_cover,49,0.11045888939459218,0.24081937397706904,0.2894329076914239,0.06311296696348874
base_fire_off,49,-0.07567880067863833,0.07567880067863833,0.14689869148455792,0.04839404300399994
base_fire_on,49,-0.16693981696149057,0.16693981696149057,0.10059158132805637,0.028875121590663265
base_sf_n_delta,49,-0.012054012840149463,0.012054012840149463,0.005283568101080107,0.001669226215326789
crop_base_left_delta,49,0.13974987899713692,0.17965941719860817,0.16958007226454105,0.03971585968638347
crop_base_yield_delta,49,-0.07478230128103114,0.10401461237394505,0.12064416773749256,0.028828172108827866
crop_carbon_above_sp3,49,0.02888310490579039,0.02888310490579039,0.02027204467315177,0.005961595812676255
crop_carbon_below_sp3,49,0.06655847835998044,0.06655847835998044,0.03603614653207471,0.009532956928811778
crop_intercept_sp3,49,0.001485322498405875,0.02898324358260096,0.0373060024413721,0.007351977830126741
crop_nitrogen_above_sp3,49,-0.06693056078586535,0.07202355101829608,0.09143711527675726,0.02260796695553664
crop_nitrogen_below_sp3,49,-0.11086118948445878,0.11086118948445878,0.08012494133274624,0.025742508856431538
crop_carbon_above_sp10,49,0.03401988075737577,0.03401988075737577,0.029662006041828965,0.008133983100562346
crop_carbon_below_sp10,49,0.01699400226069585,0.01749466918010406,0.017991879891628385,0.005209102902817944
crop_intercept_sp10,49,0.0014750684742073541,0.041433811505564244,0.0480409350259719,0.006728011584945457
crop_nitrogen_above_sp10,49,-0.04570356913160328,0.04570356913160328,0.02984163700642213,0.008973887083695078
crop_nitrogen_below_sp10,49,-0.023142435699092998,0.02344484071946745,0.029404467166003,0.008328548589453024
crop_proj_left_delta,49,0.022723904498579035,0.04418280722427946,0.04544965818511551,0.007070062270800959
crop_proj_yield_delta,49,0.1883024348919666,0.19487250193898265,0.11889925093395524,0.0311470894474152
crop_root_in_top_30,49,0.034738681443524856,0.04773965515110242,0.058586368778632686,0.015956471361132252
crop_root_to_shoot_sp3,49,0.05284212635884289,0.07783386646946736,0.07905866218943182,0.01820416375517222
crop_slope_sp3,49,-0.03342936130081141,0.04362619466451071,0.0391825678626257,0.007882245572956971
crop_root_to_shoot_sp10,49,0.014598126899635133,0.020168111804002638,0.02501248457831982,0.0065249347079617765
crop_slope_sp10,49,-0.05084722366233428,0.07178963560970461,0.08586648848240835,0.018615157044505056
cy0_to_ceq_multiplier,49,-0.005071906920354684,0.010794649396385874,0.022593228652081097,0.0056174001896799565
litter_carbon,49,-0.0017401091520312135,0.0017401091520312135,0.0010899649833825463,0.0003121002336425488
litter_nitrogen,49,0.013982065601876346,0.013982065601876346,0.007232994521154429,0.002439985892410359
mortality_fraction_branch_delta,49,-0.004153698929592177,0.04098528078165665,0.057491540451201535,0.012722335432414397
mortality_fraction_croot_delta,49,-0.013853496579029198,0.018621163474777828,0.027261088973350323,0.006876857104154502
mortality_fraction_froot_delta,49,-0.00737222375071783,0.010350871776221746,0.01571505292753277,0.004185484831110179
mortality_fraction_leaf_delta,49,0.007458584641866476,0.010842772377636542,0.015161764668230422,0.004436935104922878
mortality_fraction_stem_delta,49,-0.0448285998022756,0.10165441007054202,0.14081775918800907,0.03197374371698358
pool_alloc_froot_sp1,49,-0.7845935984792077,0.896070874944616,1.5851072677388618,0.4820803289628356
pool_alloc_leaf_sp1,49,0.47772955257790084,0.642687963101231,0.916697964509766,0.24071541037298277
pool_alloc_stem_sp1,49,-0.22811621088048534,0.2859159255773197,0.6806033136940871,0.19549510329118508
pool_turnover_branch_sp1,49,0.13455936730178666,0.7931181759178033,1.2578828464025327,0.3210813402269497
pool_turnover_croot_sp1,49,-1.0416297740563087,1.2419611362718732,2.2930939000507222,0.7229051156944223
pool_turnover_froot_sp1,49,-0.4918918665598365,0.5704012775616033,0.7765296677949551,0.21724610463342622
pool_turnover_leaf_sp1,49,0.07647396274189792,0.389519192386425,0.7820570473295342,0.19927274806882425
pool_turnover_stem_sp1,49,0.009845597106637797,0.17388798583266346,0.2547165500622385,0.04904289296182759
proj_cover,49,-3.708930964781742,3.9519421077783,6.450879827335675,1.9161892702418495
proj_fire_off,49,0.054857379655245585,0.054857379655245585,0.1086168266015623,0.03751853685995
proj_fire_on,49,4.218798064341022,4.297354020897462,5.092942319787093,1.5241574851595463
proj_mortality,49,23.882943487440695,24.946809190766267,29.55414810631771,9.214987187561908
proj_thinning_delta,49,16.46115832576188,17.963716399757757,23.66886939925922,6.141113545700055
roth_c_cover_c,49,0.680810826349093,0.7772587564255422,1.5451074884675673,0.5050818605973761
roth_c_dpm_frac_crop,49,-0.0037751808681501992,0.0037764469383036485,0.0036988927999544725,0.0011150194268718416
roth_c_dpm_frac_tree,49,0.5582546762005439,0.8215767960205007,1.5270505348380903,0.43037770466732794
roth_c_moisture_b_slope,49,-1.5047977977010978,1.5674683044187114,2.5124810690373027,0.7326167740374675
roth_c_temp_a1,49,0.7654487763375171,0.7956146474421258,1.1104101582882666,0.3256745922206892
roth_c_temp_a2,49,-5.187350920811751,5.476289774249678,7.190593337805206,2.27511187409288
thinning_fraction_branch_delta,49,0.058401787551545195,0.058401787551545195,0.04016542466295025,0.013183892437487316
thinning_fraction_croot_delta,49,0.022092714269366515,0.022092714269366515,0.018161894646998637,0.005454297507015301
thinning_fraction_froot_delta,49,0.01201565288673755,0.01201565288673755,0.008870589453092747,0.0024311906461607974
thinning_fraction_leaf_delta,49,0.021378481482722,0.021378481482722,0.017197644234794994,0.004999824994229549
thinning_fraction_stem_delta,49,0.1496065833584243,0.1496065833584243,0.16067675559285027,0.05422282112131892
tree_carbon_sp1,49,-2.175550013376057,2.6287280934228336,4.093977987794548,1.1828263147923537
tree_nitrogen_branch_sp1,49,0.0858188527674559,0.0858188527674559,0.10083824161227015,0.029634590662492206
tree_nitrogen_croot_sp1,49,0.3676217645026999,0.3676217645026999,0.7202666803805432,0.22086902890759688
tree_nitrogen_froot_sp1,49,0.011804104705669453,0.011804104705669453,0.017256680061936723,0.006112992285605399
tree_nitrogen_leaf_sp1,49,2.0726274426515685,2.0726274426515685,3.2321808826018277,0.9471315919662964
tree_nitrogen_stem_sp1,49,0.0060528656833546135,0.0060528656833546135,0.008741035191495716,0.0027777348223897197
tree_root_in_top_30,49,-1.4466730871645184,1.7260638273458724,3.1389706014892154,1.0245301666629614
tree_root_to_shoot_sp1,49,-1.3349662113183673,1.9124475469499949,3.5916156709601057,1.101648956037342
cy0,50,-0.034716959101622806,0.14773683090671771,0.22976448392822474,0.04956274723280966
clay,50,-1.1608521663533735,1.433911440158416,2.412347703191807,0.6524479759255245
temp_ci_delta,50,0.4025082089364397,0.45612472225019324,0.7591951287886427,0.24007774094777393
rain_ci_delta,50,2.2368446239107582,2.509912547291906,8.336957141656361,2.734108684327375
evap_ci_delta,50,-0.5685590940978467,0.5767183157849698,1.8447262793913353,0.6215993875935464
ef_N_inputs,50,2.857247621558771,3.5404995655195926,5.223450549815158,1.3683439630403726
volatile_frac_organic_fertiliser,50,-0.016301567573002624,0.016301567573002624,0.009909378296539392,0.003013845060999361
volatile_frac_synthetic_fertiliser,50,0.21208655635002086,0.21208655635002086,0.11442689071693597,0.035733729260370904
base_sf_qty_scale,50,-0.12171437219275331,0.12171437219275331,0.060011127386040315,0.017457688627474703
proj_lit_qty_scale,50,0.02610246205854814,0.02676169850415077,0.01686389610564818,0.005087583717881005
base_stand_density_scale,50,0.0,0.0,0.0,0.0
proj_stand_density_scale,50,-2.9764811808760787,4.92593954131691,9.930341713355428,2.677888849446696
tree_wood_dens_sp1,50,-6.7918111052058405,10.960980959369465,22.40806669630149,5.993053188639665
base_cover,50,0.10451795666526176,0.2378962179139174,0.287336971777911,0.06242276447806852
base_fire_off,50,-0.07567880067863855,0.07567880067863855,0.14689869148455892,0.0483940430040003
base_fire_on,50,-0.16602656121746345,0.16611590501532686,0.09947838025759691,0.028476630477603546
base_sf_n_delta,50,-0.012054012840149467,0.012054012840149467,0.005283568101080121,0.0016692262153267681
crop_base_left_delta,50,0.13635675675458706,0.17726135787795233,0.16848139306341858,0.03920831335958027
crop_base_yield_delta,50,-0.07765925245006103,0.10491432330824382,0.12051662599911245,0.029128262629637004
crop_carbon_above_sp3,50,0.028070100520696993,0.028070100520696993,0.019886986506692465,0.005858817716290519
crop_carbon_below_sp3,50,0.06488117246014143,0.06488117246014143,0.035640620734461545,0.00944464708855108
crop_intercept_sp3,50,0.0005189429700914571,0.028756107212671994,0.03718404426261356,0.007409260924303679
crop_nitrogen_above_sp3,50,-0.06693056078586308,0.07202355101829656,0.09143711527675856,0.022607966955536386
crop_nitrogen_below_sp3,50,-0.11086118948445937,0.11086118948445937,0.08012494133274621,0.02574250885643149
crop_carbon_above_sp10,50,0.03324343318265413,0.03324343318265413,0.029261590270600844,0.008022969782454576
crop_carbon_below_sp10,50,0.01662054382572228,0.0171154289447597,0.017736171177638354,0.00513738703528051
crop_intercept_sp10,50,0.0008365560990127613,0.04139347909370918,0.04793382303252303,0.006702606954689942
crop_nitrogen_above_sp10,50,-0.04570356913160316,0.04570356913160316,0.02984163700642271,0.008973887083695373
crop_nitrogen_below_sp10,50,-0.023142435699093807,0.02344484071946826,0.029404467166002674,0.008328548589453024
crop_proj_left_delta,50,0.02205631507970278,0.043349338816308904,0.0448265335523602,0.0069710364243806425
crop_proj_yield_delta,50,0.1920890025437811,0.19794958133827992,0.1184079910063555,0.031344852865949326
crop_root_in_top_30,50,0.032774399355759876,0.046191852957072496,0.05821758247032219,0.015869097154580666
crop_root_to_shoot_sp3,50,0.04998057087659343,0.07626173063553376,0.07880280581305303,0.017936536938799083
crop_slope_sp3,50,-0.03463127699906336,0.044378672109224526,0.03915266310165264,0.007973649103264598
crop_root_to_shoot_sp10,50,0.013950298985654955,0.01975214570437068,0.024815724678760677,0.006418436670940736
crop_slope_sp10,50,-0.052575111654284766,0.07224671212525369,0.08571430524390954,0.018859816261274948
cy0_to_ceq_multiplier,50,-0.005115354560431384,0.010537012181088523,0.022204207097608373,0.005515698480216339
litter_carbon,50,-0.0016958845922643516,0.0016958845922643516,0.0010784775277239919,0.0003090161298760089
litter_nitrogen,50,0.013982065601877558,0.013982065601877558,0.007232994521154699,0.0024399858924104728
mortality_fraction_branch_delta,50,-0.0020104434202670536,0.040061312553981133,0.05684899758607074,0.012860854092003665
mortality_fraction_croot_delta,50,-0.013166758440246845,0.018063172933860543,0.026660481850719394,0.006752052118176909
mortality_fraction_froot_delta,50,-0.006814341654593425,0.010063635881884924,0.015366295789409462,0.004037250512477626
mortality_fraction_leaf_delta,50,0.008070245422437675,0.01100264675343943,0.015442935040921812,0.004630011492774972
mortality_fraction_stem_delta,50,-0.041908892595843725,0.0994708947439014,0.1382050847555107,0.031188653756112718
pool_alloc_froot_sp1,50,-0.7596751821748433,0.868948611749448,1.5741772059550845,0.4789653368319661
pool_alloc_leaf_sp1,50,0.5153797603670683,0.6599930208466117,0.9468418046386675,0.25310530851972457
pool_alloc_stem_sp1,50,-0.2094759026673564,0.2742673788491387,0.6528041766757912,0.18730277783248384
pool_turnover_branch_sp1,50,-0.06429573525021452,0.7198285664237901,1.1014739904044168,0.2773846509549608
pool_turnover_croot_sp1,50,-1.0337730606015822,1.23881197125946,2.2961117638836237,0.723711098220487
pool_turnover_froot_sp1,50,-0.48686438458854653,0.5651563238016148,0.777317524546127,0.21790226636479604
pool_turnover_leaf_sp1,50,0.08570784609197708,0.39521660907496836,0.7913110100590708,0.2020875030957823
pool_turnover_stem_sp1,50,-0.04237258602429093,0.16518840883215843,0.22496366105139903,0.039918421136670657
proj_cover,50,-3.7163127542257612,3.96066631700605,6.518380742015413,1.9339459291626233
proj_fire_off,50,0.054857379655246154,0.054857379655246154,0.10861682660156366,0.03751853685995049
proj_fire_on,50,4.224009406724924,4.301503804518387,5.146259288401545,1.5392219864828347
proj_mortality,50,23.204756031795988,24.81200352799337,29.569466512907148,9.022926136813178
proj_thinning_delta,50,14.633230577041843,16.649676502144203,23.03338211843833,5.886586297043976
roth_c_cover_c,50,0.6905757198867218,0.7851118430851464,1.5850952231371072,0.5187085679036946
roth_c_dpm_frac_crop,50,-0.0035376209602745274,0.0035408359863636817,0.0033906938281590454,0.0010281905336429994
roth_c_dpm_frac_tree,50,0.5339665170251129,0.7923336016544367,1.496520749862493,0.42475128725231387
roth_c_moisture_b_slope,50,-1.5109376610506724,1.574376333473763,2.5568539205094876,0.7447232592309337
roth_c_temp_a1,50,0.7661724323396305,0.7965805496861732,1.1247365952211092,0.3287952530288674
roth_c_temp_a2,50,-5.207660124284912,5.492706178976423,7.308946078527166,2.317473267079598
thinning_fraction_branch_delta,50,0.05528908887857853,0.05528908887857853,0.038297838503300416,0.012367860429666606
thinning_fraction_croot_delta,50,0.020424713778871572,0.020424713778871572,0.016435042685880016,0.004987662385360218
thinning_fraction_froot_delta,50,0.011239893596298145,0.011239893596298145,0.008284908764702868,0.0022384131074985407
thinning_fraction_leaf_delta,50,0.01979939000420422,0.01979939000420422,0.016179654227716125,0.00473241056857941
thinning_fraction_stem_delta,50,0.14073527395865365,0.14073527395865365,0.14250318260346495,0.048107283033449535
tree_carbon_sp1,50,-2.0706970651590457,2.4829252904988657,3.978531617827568,1.1532835374119508
tree_nitrogen_branch_sp1,50,0.08616098237155197,0.08616098237155197,0.10217293018935798,0.03001766419972939
tree_nitrogen_croot_sp1,50,0.37129295168377546,0.37129295168377546,0.7340069246507687,0.22506517796940836
tree_nitrogen_froot_sp1,50,0.011969150486027754,0.011969150486027754,0.01759773544989682,0.0062348288984735096
tree_nitrogen_leaf_sp1,50,2.0900311645946594,2.0900311645946594,3.2772410908551186,0.9614577166295882
tree_nitrogen_stem_sp1,50,0.006083494770133255,0.006083494770133255,0.008870390040211585,0.002818867943372265
tree_root_in_top_30,50,-1.4159089423646614,1.6971203206058287,3.1260807935004715,1.0197110763200294
tree_root_to_shoot_sp1,50,-1.2249743618757307,1.836768614652747,3.503461483926375,1.064112718538704
cy0,total,4.5089089491009995,14.393462548494872,20.951072293895876,4.448982268220787
clay,total,-59.46031105990446,59.46031105990446,81.40405861523797,23.516189185043896
temp_ci_delta,total,20.00813533899579,20.0121139492571,26.1021863196542,8.820217277628174
rain_ci_delta,total,92.86855852744297,101.5739980920824,288.7288528394483,93.7646877493692
evap_ci_delta,total,-22.37091917410475,22.377945474998885,66.50628090560916,22.278509644888004
ef_N_inputs,total,82.59278061218365,102.405183651465,138.61380696566246,35.59676978141806
volatile_frac_organic_fertiliser,total,-0.8150783786501894,0.8150783786501894,0.4954689148270061,0.15069225304996606
volatile_frac_synthetic_fertiliser,total,10.604327817501064,10.604327817501064,5.721344535846818,1.7866864630185506
base_sf_qty_scale,total,-6.085718609637703,6.085718609637703,3.0005563693019837,0.8728844313737155
proj_lit_qty_scale,total,0.3370310923566191,0.8888930542456842,1.013073048612083,0.157582176192922
base_stand_density_scale,total,0.0,0.0,0.0,0.0
proj_stand_density_scale,total,-375.0516112637878,376.7948687770279,453.41657558886527,141.12656671615377
tree_wood_dens_sp1,total,-638.4838629007829,641.8354368446421,956.2498565888668,272.0021733588981
base_cover,total,33.74139758395413,33.74139758395413,20.805138599368487,5.773712644747292
base_fire_off,total,-3.7839400339319402,3.7839400339319402,7.344934574227976,2.4197021502000293
base_fire_on,total,-11.106965468992822,11.106965468992822,9.955676867710977,3.192427215651415
base_sf_n_delta,total,-0.6027006420074547,0.6027006420074547,0.2641784050540673,0.08346131076634843
crop_base_left_delta,total,16.827547002294953,17.739538992592692,11.690948281074883,3.0379090181207866
crop_base_yield_delta,total,4.576138291392274,6.753510121609591,6.989922579979983,1.4737522638223142
crop_carbon_above_sp3,total,1.6779341827215724,1.8692423813908672,1.7370758376946105,0.4706516265046635
crop_carbon_below_sp3,total,3.8365850034536626,3.8365850034536626,2.209984852222324,0.5851304750361426
crop_intercept_sp3,total,0.8153357216010594,1.6247575073839031,2.0767474757623523,0.49401134678460473
crop_nitrogen_above_sp3,total,-2.056138263543924,2.743967988289404,4.2129791460087365,0.916597727178068
crop_nitrogen_below_sp3,total,-3.527687003890667,3.527687003890667,2.638004540196364,0.8514830200258755
crop_carbon_above_sp10,total,3.468847344824919,3.471578874787773,2.67377093036781,0.7306268594190727
crop_carbon_below_sp10,total,1.6468419228561921,1.7006328085866607,1.5771993712717969,0.4427508186068825
crop_intercept_sp10,total,1.6264111106644428,2.391725920027421,2.6556993412276673,0.5045403549728003
crop_nitrogen_above_sp10,total,-2.0718595157659236,2.1047714881627924,1.4807839071975706,0.4266428857165023
crop_nitrogen_below_sp10,total,-1.056326269202327,1.0824118854977454,1.4156731197158285,0.40082552431669066
crop_proj_left_delta,total,-2.7534210776881696,3.6844256819402816,4.45311521117539,1.1921348789180095
crop_proj_yield_delta,total,2.7002085560161815,5.426333269858496,5.90606414807393,1.0399865828633557
crop_root_in_top_30,total,3.629750660395826,3.735032482087744,3.3737356359665753,1.0400638431516662
crop_root_to_shoot_sp3,total,4.53191123154491,4.704169036850139,3.4739065260621143,1.0016992955182555
crop_slope_sp3,total,0.12378744799927091,1.3617892257281408,1.9200607084594874,0.41386272356722176
crop_root_to_shoot_sp10,total,2.246336381274789,2.255859661042254,2.0212676524855495,0.665572197579932
crop_slope_sp10,total,1.8923511869754297,4.34392313168032,5.091676682096445,0.9549525659334213
cy0_to_ceq_multiplier,total,0.6247571745643695,1.1512084788025978,2.2262451541984865,0.570807676496398
litter_carbon,total,-0.253336976185374,0.253336976185374,0.09861554372111278,0.02767594858241145
litter_nitrogen,total,0.6991032800939122,0.6991032800939122,0.3616497260577428,0.12199929462053416
mortality_fraction_branch_delta,total,-1.7481472496633448,2.098198005173093,2.656849111763486,0.6312376333968791
mortality_fraction_croot_delta,total,-1.1451928129029851,1.1451928129029851,1.3979636318468984,0.37006466095570634
mortality_fraction_froot_delta,total,-0.7264105385482447,0.7270891664884239,0.8461672811867826,0.26309498549244514
mortality_fraction_leaf_delta,total,-0.18944574152301488,0.37982139607937027,0.5723814661692237,0.14053906649001208
mortality_fraction_stem_delta,total,-4.262902570887109,4.864369495967037,6.525039017825065,1.7985618954967482
pool_alloc_froot_sp1,total,-47.66938824245659,47.856676412757736,58.21836973310465,18.592340344832817
pool_alloc_leaf_sp1,total,-8.51522699774247,23.648779559753642,33.04249473156808,7.047688778660869
pool_alloc_stem_sp1,total,-17.940383297529575,17.940383297529575,32.354761234199906,9.061295239413498
pool_turnover_branch_sp1,total,89.2415803396373,89.28423024558694,100.7491509780423,31.3593597074927
pool_turnover_croot_sp1,total,-46.82513746189804,49.53648883703868,73.38083282042616,24.054487574052814
pool_turnover_froot_sp1,total,-23.600266805451497,23.764655241247418,27.375378919282156,8.27195334316271
pool_turnover_leaf_sp1,total,-2.8727396522757194,13.38578378052361,24.555058770137578,6.0921401633500585
pool_turnover_stem_sp1,total,24.146055429044058,24.155858085214916,22.582369326584995,6.915206786813537
proj_cover,total,-206.88915134307666,206.88915134307666,201.8666118458004,61.51314610698177
proj_fire_off,total,3.821321532232351,3.821321532232351,6.052335118532834,2.0658577685311164
proj_fire_on,total,187.13387795750415,187.13387795750415,167.52305704054046,50.586640054083524
proj_mortality,total,794.7123288598725,794.7123288598725,840.0533384496376,270.4305275662753
proj_thinning_delta,total,1394.4267993479486,1394.4267993479486,880.9413887528182,233.54032778065076
roth_c_cover_c,total,31.256167403415873,37.444179665544915,60.100408628192106,19.36810575659918
roth_c_dpm_frac_crop,total,-1.9086116572724987,1.9086116572724987,1.8313792526635686,0.5994758822773887
roth_c_dpm_frac_tree,total,48.10568623133929,48.10568623133929,67.90373401705672,20.076387306946646
roth_c_moisture_b_slope,total,-60.96892308887207,63.982621076098326,82.97486429097057,23.558952477233596
roth_c_temp_a1,total,32.776282155706795,32.78350518919315,34.93332239631468,10.637365222846723
roth_c_temp_a2,total,-229.46648853044243,229.46648853044243,232.1967132653298,74.7413041142425
thinning_fraction_branch_delta,total,-0.19220136473804822,0.8692549210744456,1.1007881924958023,0.21507728216704344
thinning_fraction_croot_delta,total,-0.6668364064301822,0.6668364064301822,0.8223005570199927,0.24539056394426026
thinning_fraction_froot_delta,total,-0.2650501195019849,0.28559735728153124,0.3134976464030053,0.08555571014965704
thinning_fraction_leaf_delta,total,0.14014764433699217,0.3921558187435699,0.6807581113334579,0.1704337480997715
thinning_fraction_stem_delta,total,-0.6436946911635412,2.603909986846735,3.869264257793113,0.86656922269339
tree_carbon_sp1,total,-177.48368639747048,177.48368639747048,183.7336446568594,57.16644475665472
tree_nitrogen_branch_sp1,total,3.4920330544200673,3.4920330544200673,3.163992914316754,0.9546204067786198
tree_nitrogen_croot_sp1,total,12.232195370975347,12.232195370975347,18.81165552384772,5.814078484407746
tree_nitrogen_froot_sp1,total,0.3595934704770206,0.3595934704770206,0.44715037028480126,0.15729984898303725
tree_nitrogen_leaf_sp1,total,70.6507478109477,70.6507478109477,92.17686680473217,26.54993269440063
tree_nitrogen_stem_sp1,total,0.26348550460969866,0.26348550460969866,0.28024050466613026,0.08860919355433487
tree_root_in_top_30,total,-82.88608117990788,82.94914096450279,113.53198400493288,38.07849097589951
tree_root_to_shoot_sp1,total,-134.34243269194505,134.47687796556312,169.29629433787116,54.52949807667882
