parameter,direction,year,emissions_diff,effect_vs_baseline
cy0,min,1,-224.11156929704467,1.158815337021224e-07
cy0,min,2,18.965536994723017,2.7358719734138504e-08
cy0,min,3,-36.08594005067412,5.87100146276498e-09
cy0,min,4,-31.282698952062965,1.1775772179589694e-07
cy0,min,5,-28.258846608665902,3.239926726905651e-08
cy0,min,6,-7.29555789583642,-4.0864838624088407e-08
cy0,min,7,-17.534013421169465,1.7616510561424548e-07
cy0,min,8,-28.733503226821178,-1.3134744136777954e-07
cy0,min,9,-22.794012649512048,5.124882918039475e-08
cy0,min,10,-11.721764029634318,-6.502821037202011e-08
cy0,min,11,-2.729837680546822,2.585453540149274e-08
cy0,min,12,-25.424148825619586,8.882859603431825e-08
cy0,min,13,-25.003449955594792,-1.4381705781829623e-07
cy0,min,14,-25.089875065705932,1.3960676170654551e-08
cy0,min,15,-2.0113782746609674,2.85507582908906e-07
cy0,min,16,-2.090338072747205,1.8490738407095364e-07
cy0,min,17,-26.728362163548216,-1.0215422108217354e-07
cy0,min,18,-26.401506167041255,-3.217846256120538e-08
cy0,min,19,-26.537854023500103,2.4502888962274483e-07
cy0,min,20,-26.79093298639936,4.2826775725757216e-07
cy0,min,21,-0.1218116393510772,-9.802869105346446e-08
cy0,min,22,-32.82968190280345,-6.792325280002842e-08
cy0,min,23,-31.534744300576545,-1.800376168148432e-07
cy0,min,24,-30.97318236676679,-7.432005943996955e-08
cy0,min,25,-30.647920980515543,4.351746873965112e-07
cy0,min,26,1.5235558525586876,-2.889298977848398e-08
cy0,min,27,-37.07901615138937,3.197535960453024e-07
cy0,min,28,-34.965711792598114,-8.601124790175163e-08
cy0,min,29,-33.77752529475128,-7.89242591281436e-08
cy0,min,30,-32.89142439851231,6.205668441339185e-07
cy0,min,31,5.102595911942432,5.328255774372792e-07
cy0,min,32,-38.35410553074187,2.360929727274197e-07
cy0,min,33,-35.74579917068031,1.1819085798947526e-06
cy0,min,34,-34.05206398943319,3.489371138698516e-07
cy0,min,35,90.73194812312354,5.732098884436709e-07
cy0,min,36,6.300599742314309,5.373828555477189e-07
cy0,min,37,-18.311149210133568,2.8655707140501363e-07
cy0,min,38,-18.938141185072666,-1.9908856430106425e-07
cy0,min,39,-19.3227472931257,3.8822014047923403e-07
cy0,min,40,-19.38857917844325,3.064469318303509e-07
cy0,min,41,18.093371519835202,-3.769592993307924e-08
cy0,min,42,-26.539229963162256,8.025289588431406e-07
cy0,min,43,-23.58404063813106,-2.5916097357026047e-07
cy0,min,44,-21.523242468725485,4.634994574814755e-07
cy0,min,45,-19.72512554306829,1.528528486005598e-07
cy0,min,46,21.792482339684042,-8.351226910008336e-08
cy0,min,47,-24.919742190562438,3.94877872622601e-07
cy0,min,48,-20.972286953810077,1.06567153324022e-07
cy0,min,49,-18.186569031888602,-2.5248676038813755e-07
cy0,min,50,-15.840017460234897,4.629278258505565e-07
cy0,min,total,-1054.3393574970823,7.987895060068695e-06
cy0,max,1,-224.11156945010217,-3.717596541719104e-08
cy0,max,2,18.96553701181237,4.444807188974664e-08
cy0,max,3,-36.08594025013235,-1.935872333547195e-07
cy0,max,4,-31.28269901278043,5.7040256962181957e-08
cy0,max,5,-28.25884648150704,1.5955813026380383e-07
cy0,max,6,-7.295557893654523,-3.868294218278834e-08
cy0,max,7,-17.534013456043443,1.4129112813066058e-07
cy0,max,8,-28.73350320255887,-1.0708513542567744e-07
cy0,max,9,-22.794012622240967,7.85199105735046e-08
cy0,max,10,-11.721764039603872,-7.49977644431965e-08
cy0,max,11,-2.729837667065142,3.9336215174046174e-08
cy0,max,12,-25.424148957940513,-4.349233151401677e-08
cy0,max,13,-25.00345004493142,-2.331536848032556e-07
cy0,max,14,-25.08987506108461,1.858199993876042e-08
cy0,max,15,-2.0113782858576217,2.7431092863849926e-07
cy0,max,16,-2.09033802486147,2.3279311944790493e-07
cy0,max,17,-26.728362146518272,-8.51242774047023e-08
cy0,max,18,-26.401506014974043,1.1988874959456552e-07
cy0,max,19,-26.537854260032603,8.496389369838653e-09
cy0,max,20,-26.790932801869882,6.127972334013521e-07
cy0,max,21,-0.12181147948451443,6.183787171210042e-08
cy0,max,22,-32.829681860112196,-2.5231997824448626e-08
cy0,max,23,-31.534744052413473,6.812545549905735e-08
cy0,max,24,-30.97318334671916,-1.0542724311335405e-06
cy0,max,25,-30.64792148928538,-7.359514953009239e-08
cy0,max,26,1.523555891005842,9.554164570602097e-09
cy0,max,27,-37.07901779596935,-1.324826385484812e-06
cy0,max,28,-34.96571303923501,-1.3326481465014695e-06
cy0,max,29,-33.77752547552822,-2.5970120276497255e-07
cy0,max,30,-32.891424326244426,6.928347247026068e-07
cy0,max,31,5.102596073590222,6.944733677016757e-07
cy0,max,32,-38.35410682533229,-1.0584974461380625e-06
cy0,max,33,-35.7458007094414,-3.568525102082276e-07
cy0,max,34,-34.052064336744436,1.6258638879662612e-09
cy0,max,35,90.73194843609036,8.861767071266513e-07
cy0,max,36,6.300599877402409,6.724709553651564e-07
cy0,max,37,-18.311149214342525,2.823481146663198e-07
cy0,max,38,-18.938140859004235,1.2697986662146832e-07
cy0,max,39,-19.322748348553326,-6.672074839286779e-07
cy0,max,40,-19.38857877561437,7.092758131932442e-07
cy0,max,41,18.09337076822643,-7.893047033746825e-07
cy0,max,42,-26.539231207882874,-4.4219165928893744e-07
cy0,max,43,-23.584040797679123,-4.187090354434986e-07
cy0,max,44,-21.523242115015467,8.172094752012526e-07
cy0,max,45,-19.725127074154745,-1.3782336054646294e-06
cy0,max,46,21.792481454631083,-9.685652280211343e-07
cy0,max,47,-24.91974289018602,-3.047457077798299e-07
cy0,max,48,-20.97228712387386,-6.349662839966186e-08
cy0,max,49,-18.18656859644321,1.8295863313255722e-07
cy0,max,50,-15.840018393773029,-4.706103062801503e-07
cy0,max,total,-1054.3393702940334,-4.809056008525658e-06
clay,min,1,-224.2680284951304,-0.1564590822042078
clay,min,2,18.970770143645748,0.005233176281450369
clay,min,3,-35.170953763664016,0.9149862928811032
clay,min,4,-29.84817276484552,1.4345263049751686
clay,min,5,-26.522195267889508,1.7366513731756612
clay,min,6,-6.0491017857529625,1.2464560692186186
clay,min,7,-15.859406468649135,1.6746071286854356
clay,min,8,-26.690118253614035,2.0433848418597016
clay,min,9,-20.679542918728302,2.1144697820325753
clay,min,10,-9.530758688628476,2.1910052759776324
clay,min,11,-1.0711639970665976,1.6586737093347597
clay,min,12,-23.450134964336232,1.9740139501119494
clay,min,13,-22.821087380763725,2.1823624310140097
clay,min,14,-22.771316421615463,2.3185586580511455
clay,min,15,0.42337486840462324,2.4347534285731736
clay,min,16,-0.22391908427716212,1.8664191733774271
clay,min,17,-24.52785420162325,2.2005078597707453
clay,min,18,-23.98989996933181,2.4116061655309835
clay,min,19,-23.988037305621262,2.5498169629077303
clay,min,20,-24.121714899394355,2.6692185152727603
clay,min,21,1.8198130914588004,1.9416246327811866
clay,min,22,-30.404349970659947,2.425331864220251
clay,min,23,-28.795627073238194,2.7391170473007342
clay,min,24,-28.040396390817826,2.932785901628904
clay,min,25,-27.560217289217604,3.0877041264726266
clay,min,26,3.763397374395118,2.2398414929434405
clay,min,27,-34.24486610745739,2.8341503636855734
clay,min,28,-31.765131224969277,3.200580481617589
clay,min,29,-30.359743854952374,3.4177813608746455
clay,min,30,-29.306078281622923,3.585346737456227
clay,min,31,7.688515567129771,2.585920188012917
clay,min,32,-35.21760755589843,3.1364982109364092
clay,min,33,-32.21674814406362,3.5290522085252647
clay,min,34,-30.295166573551523,3.7568977648187776
clay,min,35,94.65653306645382,3.924585516540162
clay,min,36,9.506335318775578,3.205736113844125
clay,min,37,-15.13436422215984,3.1767852745307987
clay,min,38,-15.738683674733737,3.199457311250365
clay,min,39,-16.103687916379133,3.2190597649667083
clay,min,40,-16.14108452307495,3.2474949618152316
clay,min,41,20.268815244865166,2.1754436873340346
clay,min,42,-23.821348295955946,2.717882469735269
clay,min,43,-20.540588136602263,3.043452242367824
clay,min,44,-18.32292819750401,3.2003147347209335
clay,min,45,-16.426872871564314,3.298252824356826
clay,min,46,23.97069852229448,2.1782160990981687
clay,min,47,-22.157896795418896,2.7618457900214146
clay,min,48,-17.87353629557022,3.0987507648070114
clay,min,49,-14.940441935734244,3.2461268436675983
clay,min,50,-12.515073413360744,3.3249445098019788
clay,min,total,-928.4375921780164,125.90177330696099
clay,max,1,-224.10339028931887,0.008179123607334304
clay,max,2,18.965430940079248,-0.00010602728504949255
clay,max,3,-36.133648583898,-0.04770852735288145
clay,max,4,-31.358613075998534,-0.07591400617784672
clay,max,5,-28.35160162713676,-0.09275498607158994
clay,max,6,-7.363598100454528,-0.06804024548294674
clay,max,7,-17.62435842898761,-0.09034483165303797
clay,max,8,-28.843659822295862,-0.11015672682212596
clay,max,9,-22.908582761422448,-0.1145700606615705
clay,max,10,-11.840803393259531,-0.11903942865342287
clay,max,11,-2.8214713177466395,-0.09163361134528225
clay,max,12,-25.531913562474372,-0.10776464802619046
clay,max,13,-25.1223964059424,-0.11894659416466524
clay,max,14,-25.216338525845167,-0.12646344617855831
clay,max,15,-2.144322173194445,-0.13294361302589452
clay,max,16,-2.1940005280241555,-0.10366227036956621
clay,max,17,-26.8490954804951,-0.12073341910110713
clay,max,18,-26.533570744474684,-0.13206460961189137
clay,max,19,-26.677547485106125,-0.13969321657713252
clay,max,20,-26.937281050289982,-0.1463476356228668
clay,max,21,-0.23057086119317427,-0.10875931987078813
clay,max,22,-32.96314802788751,-0.13346619300731533
clay,max,23,-31.685005219960797,-0.1502610994218685
clay,max,24,-31.13411375644301,-0.1609314639962811
clay,max,25,-30.81749647587065,-0.16957506018042068
clay,max,26,1.3977386484325804,-0.12581723301909697
clay,max,27,-37.23524167288489,-0.15622520174192545
clay,max,28,-35.14158573133188,-0.17587402474501346
clay,max,29,-33.965405389787556,-0.18788017396053647
clay,max,30,-33.088696695013326,-0.19727167593417505
clay,max,31,4.956929630814779,-0.14566574830207557
clay,max,32,-38.52776082413127,-0.17365505729642905
clay,max,33,-35.94038600670279,-0.19458565411390083
clay,max,34,-34.259197509939504,-0.20713317156920397
clay,max,35,90.5154104471578,-0.2165371027558507
clay,max,36,6.121006257846062,-0.17959294708539097
clay,max,37,-18.48879496141408,-0.17764546472344023
clay,max,38,-19.11688136537612,-0.1787403793920177
clay,max,39,-19.50254854228541,-0.1798008609395687
clay,max,40,-19.569974951505476,-0.18139546661529238
clay,max,41,17.96780695705569,-0.1255646004754425
clay,max,42,-26.692039736579147,-0.1528089708879321
clay,max,43,-23.754083654796172,-0.17004327582608525
clay,max,44,-21.701922132421217,-0.17867920019627448
clay,max,45,-19.909358609169214,-0.18423291324807423
clay,max,46,21.666356215899224,-0.12612620729708723
clay,max,47,-25.07531666086014,-0.15557407541982826
clay,max,48,-21.145763189995236,-0.17347612961800607
clay,max,49,-18.368228974276736,-0.18166019487489393
clay,max,50,-16.026240519154136,-0.18622259599141344
clay,max,total,-1061.305275728059,-6.96591024308168
temp_ci_delta,min,1,-224.08989480088803,0.02167461203816856
temp_ci_delta,min,2,18.959072829381405,-0.0064641379828920265
temp_ci_delta,min,3,-36.37849502662186,-0.29255497007674336
temp_ci_delta,min,4,-31.87630496641815,-0.5936058965974631
temp_ci_delta,min,5,-29.01881241344526,-0.7599657723800917
temp_ci_delta,min,6,-7.927941423241382,-0.6323835682698009
temp_ci_delta,min,7,-18.16210006734914,-0.6280864700145692
temp_ci_delta,min,8,-29.436241512676723,-0.7027384172029869
temp_ci_delta,min,9,-23.50176013255541,-0.7077474317945338
temp_ci_delta,min,10,-12.388784704751476,-0.667020740145368
temp_ci_delta,min,11,-3.1701822269901547,-0.4403445205887975
temp_ci_delta,min,12,-25.811751429958953,-0.3876025155107712
temp_ci_delta,min,13,-25.435012652039937,-0.4315628402622025
temp_ci_delta,min,14,-25.5640104053016,-0.47413532563499317
temp_ci_delta,min,15,-2.5112996342581813,-0.49992107408963093
temp_ci_delta,min,16,-2.4036976117921705,-0.3133593541375812
temp_ci_delta,min,17,-27.022650831047795,-0.29428876965380013
temp_ci_delta,min,18,-26.76973565986392,-0.3682295250011265
temp_ci_delta,min,19,-26.975343003329463,-0.43748873480047124
temp_ci_delta,min,20,-27.27592055260476,-0.4849871379376438
temp_ci_delta,min,21,-0.3865283927726808,-0.26471685145029467
temp_ci_delta,min,22,-33.11525654061798,-0.28557470573777977
temp_ci_delta,min,23,-31.963140343921253,-0.4283962233823253
temp_ci_delta,min,24,-31.516354736038206,-0.5431724435914767
temp_ci_delta,min,25,-31.26183261174204,-0.6139111960518093
temp_ci_delta,min,26,1.1670841596278363,-0.3564717218238411
temp_ci_delta,min,27,-37.45974579115289,-0.38072932000992665
temp_ci_delta,min,28,-35.50981599111028,-0.5441042845234136
temp_ci_delta,min,29,-34.44879939449621,-0.6712741786691936
temp_ci_delta,min,30,-33.6353921192385,-0.7439671001593524
temp_ci_delta,min,31,4.669581077590055,-0.4330143015267991
temp_ci_delta,min,32,-38.785015499835055,-0.4309097330002132
temp_ci_delta,min,33,-36.350339154693195,-0.6045388021043081
temp_ci_delta,min,34,-34.78830192001031,-0.7362375816400117
temp_ci_delta,min,35,89.92302983677989,-0.8089177131337664
temp_ci_delta,min,36,5.7238507837186425,-0.5767484212128107
temp_ci_delta,min,37,-18.72780127041574,-0.41665177372509987
temp_ci_delta,min,38,-19.315294743242482,-0.3771537572583803
temp_ci_delta,min,39,-19.705101211334163,-0.38235352998832184
temp_ci_delta,min,40,-19.79140251584704,-0.40282303095685634
temp_ci_delta,min,41,18.009971979287876,-0.08339957824325595
temp_ci_delta,min,42,-26.643430430395867,-0.1041996647046517
temp_ci_delta,min,43,-23.88921502507779,-0.3051746461077016
temp_ci_delta,min,44,-21.987105095957343,-0.46386216373240075
temp_ci_delta,min,45,-20.282682393094362,-0.5575566971732222
temp_ci_delta,min,46,21.555775027892903,-0.23670739530340867
temp_ci_delta,min,47,-25.17024004287533,-0.2504974574350207
temp_ci_delta,min,48,-21.414016554777394,-0.44172949440016396
temp_ci_delta,min,49,-18.767741640274494,-0.5811728608726519
temp_ci_delta,min,50,-16.489807508752367,-0.6497895855896445
temp_ci_delta,min,total,-1077.1159342885287,-22.7765688035513
temp_ci_delta,max,1,-224.1315977814015,-0.020028368475294656
temp_ci_delta,max,2,18.97125996717982,0.00572299981552149
temp_ci_delta,max,3,-35.8019454512546,0.28399460529051623
temp_ci_delta,max,4,-30.70973909851211,0.5729599713085776
temp_ci_delta,max,5,-27.541914301694852,0.7169323393703166
temp_ci_delta,max,6,-6.719577425570151,0.5759804294014303
temp_ci_delta,max,7,-16.97759232193897,0.5564212753955999
temp_ci_delta,max,8,-28.105695848299998,0.6278072471737381
temp_ci_delta,max,9,-22.16627581796173,0.6277368827991481
temp_ci_delta,max,10,-11.138974600639871,0.5827893639662367
temp_ci_delta,max,11,-2.3677090859224985,0.36212862047885874
temp_ci_delta,max,12,-25.111558122884997,0.3125907915631849
temp_ci_delta,max,13,-24.636428939461513,0.36702087231622116
temp_ci_delta,max,14,-24.67717791372935,0.41269716593726
temp_ci_delta,max,15,-1.5720378015896355,0.43934075857891486
temp_ci_delta,max,16,-1.8309801870360558,0.25935807061853344
temp_ci_delta,max,17,-26.486853264321685,0.24150879707231
temp_ci_delta,max,18,-26.077716679970656,0.32378945489213606
temp_ci_delta,max,19,-26.144685500928695,0.3931687676002973
temp_ci_delta,max,20,-26.352540944631176,0.4383924700359394
temp_ci_delta,max,21,0.10146858991266106,0.2232801312350472
temp_ci_delta,max,22,-32.58742618802798,0.24225564685221457
temp_ci_delta,max,23,-31.143308856794697,0.3914352637442313
temp_ci_delta,max,24,-30.47170507927948,0.5014772131672487
temp_ci_delta,max,25,-30.08288923946779,0.5650321762224415
temp_ci_delta,max,26,1.8336023731016549,0.31004649164997744
temp_ci_delta,max,27,-36.74955182542614,0.32946464571682554
temp_ci_delta,max,28,-34.466774701024605,0.4989370055622615
temp_ci_delta,max,29,-33.15787879184976,0.6196464239772581
temp_ci_delta,max,30,-32.20775597438741,0.6836690446917402
temp_ci_delta,max,31,5.478353355851765,0.37575797673491085
temp_ci_delta,max,32,-37.98410866847364,0.3699970983612033
temp_ci_delta,max,33,-35.19447763476313,0.5513227178257551
temp_ci_delta,max,34,-33.374605968349464,0.6774583700208368
temp_ci_delta,max,35,91.47388020731665,0.7419326574029981
temp_ci_delta,max,36,6.810879782425285,0.5102805774938322
temp_ci_delta,max,37,-17.960071881318743,0.35107761537189575
temp_ci_delta,max,38,-18.614625196861887,0.3235157891222151
temp_ci_delta,max,39,-18.986238209333088,0.3365094720127537
temp_ci_delta,max,40,-19.02658929320958,0.3619901916806043
temp_ci_delta,max,41,18.149400476322295,0.05602891879116356
temp_ci_delta,max,42,-26.45930339491881,0.07992737077240619
temp_ci_delta,max,43,-23.29127025329462,0.29277012567546734
temp_ci_delta,max,44,-21.076409198638416,0.44683373358652645
temp_ci_delta,max,45,-19.19339823805223,0.5317274578689108
temp_ci_delta,max,46,22.005758381353036,0.21327595815672495
temp_ci_delta,max,47,-24.69800196552554,0.22174061991477245
temp_ci_delta,max,48,-20.551874984061392,0.4204120763158379
temp_ci_delta,max,49,-17.63408679539345,0.5524819840083914
temp_ci_delta,max,50,-15.22863408738287,0.6113838357798524
temp_ci_delta,max,total,-1033.8673843801216,20.471981104855786
rain_ci_delta,min,1,-224.24108222217276,-0.12951280924656317
rain_ci_delta,min,2,19.00358467417597,0.038047706811671134
rain_ci_delta,min,3,-34.029319476481874,2.056620580063246
rain_ci_delta,min,4,-27.290438672435307,3.9922603973853796
rain_ci_delta,min,5,-23.613219278327232,4.645627362737937
rain_ci_delta,min,6,-3.991893922896804,3.303663932074777
rain_ci_delta,min,7,-14.536091693551445,2.9979219037831264
rain_ci_delta,min,8,-25.172317655507694,3.5611854399660423
rain_ci_delta,min,9,-19.286676276475955,3.5073364242849223
rain_ci_delta,min,10,-8.58867132788199,3.1330926367241183
rain_ci_delta,min,11,-1.1573844982785135,1.5724532081228437
rain_ci_delta,min,12,-24.07517549527733,1.3489734191708536
rain_ci_delta,min,13,-23.030788200486764,1.9726616112909703
rain_ci_delta,min,14,-22.730824352870304,2.359050726796305
rain_ci_delta,min,15,0.5375093502877109,2.548887910456261
rain_ci_delta,min,16,-0.8529649556551906,1.2373733019993987
rain_ci_delta,min,17,-25.55521028271448,1.1731517786795145
rain_ci_delta,min,18,-24.46141594867017,1.9400901861926236
rain_ci_delta,min,19,-24.100522737079608,2.4373315314493844
rain_ci_delta,min,20,-24.084481143001558,2.706452271665558
rain_ci_delta,min,21,0.9726566495998639,1.09446819092225
rain_ci_delta,min,22,-31.54739375155152,1.2822880833286767
rain_ci_delta,min,23,-29.00800140106068,2.5267427194782464
rain_ci_delta,min,24,-27.729930172053347,3.2432521203933824
rain_ci_delta,min,25,-27.081864130798465,3.566057284891766
rain_ci_delta,min,26,3.1283764112825088,1.6048205298308313
rain_ci_delta,min,27,-35.302840198920904,1.7761762722220595
rain_ci_delta,min,28,-31.77898973686845,3.186721969718416
rain_ci_delta,min,29,-29.81500758605833,3.9625176297686906
rain_ci_delta,min,30,-28.62221247673131,4.269212542347841
rain_ci_delta,min,31,7.017385348035457,1.914789968918603
rain_ci_delta,min,32,-36.41885161189791,1.9352541549369349
rain_ci_delta,min,33,-32.27003640600876,3.4757639465801304
rain_ci_delta,min,34,-29.74503350879708,4.307030829573222
rain_ci_delta,min,35,95.35204296681675,4.620095416903098
rain_ci_delta,min,36,9.111758850047789,2.8111596451163354
rain_ci_delta,min,37,-16.62243797429423,1.6887115223964102
rain_ci_delta,min,38,-17.199976122425237,1.7381648635588647
rain_ci_delta,min,39,-17.33999100571112,1.9827566756347217
rain_ci_delta,min,40,-17.144046586218018,2.2445328986721655
rain_ci_delta,min,41,18.15779012629579,0.06441856876465835
rain_ci_delta,min,42,-26.152302901193814,0.3869278644974017
rain_ci_delta,min,43,-21.39718378155514,2.1868565974149483
rain_ci_delta,min,44,-18.32383520960048,3.1994077226244606
rain_ci_delta,min,45,-16.10475475529175,3.620370940629389
rain_ci_delta,min,46,22.934343169722737,1.1418607465264259
rain_ci_delta,min,47,-23.685700540433537,1.234042045006774
rain_ci_delta,min,48,-18.08222760968639,2.8900594506908384
rain_ci_delta,min,49,-14.45975775023534,3.7268110291665018
rain_ci_delta,min,50,-11.871703122931423,3.9683148002312993
rain_ci_delta,min,total,-932.2871089338236,122.05225655115385
rain_ci_delta,max,1,-224.19717864782302,-0.08560923489682182
rain_ci_delta,max,2,18.98978272296717,0.02424575560287323
rain_ci_delta,max,3,-34.78270954299582,1.3032305135493019
rain_ci_delta,max,4,-28.703344916340132,2.579354153480555
rain_ci_delta,max,5,-25.162744272529217,3.096102368535952
rain_ci_delta,max,6,-4.971725305800691,2.3238325491708904
rain_ci_delta,max,7,-15.378453021580778,2.1555605757537926
rain_ci_delta,max,8,-26.24025894240079,2.493244153072947
rain_ci_delta,max,9,-20.325023616033953,2.4689890847269247
rain_ci_delta,max,10,-9.482603533461376,2.2391604311447324
rain_ci_delta,max,11,-1.4932732013509478,1.2365645050504095
rain_ci_delta,max,12,-24.37308350968501,1.0510654047631718
rain_ci_delta,max,13,-23.6134996897759,1.389950122001835
rain_ci_delta,max,14,-23.464134159283507,1.6257409203831017
rain_ci_delta,max,15,-0.25985740644000677,1.7515211537285436
rain_ci_delta,max,16,-1.1643897994240948,0.9259484582304944
rain_ci_delta,max,17,-25.865231528026346,0.8631305333676487
rain_ci_delta,max,18,-25.09191824510068,1.3095878897621134
rain_ci_delta,max,19,-24.906396704150257,1.631457564378735
rain_ci_delta,max,20,-24.969969572952216,1.8209638417148994
rain_ci_delta,max,21,0.6938491013303341,0.8156606426527202
rain_ci_delta,max,22,-31.916530408245652,0.9131514266345455
rain_ci_delta,max,23,-29.870239323777938,1.6645047967609905
rain_ci_delta,max,24,-28.828237538710518,2.144944753736212
rain_ci_delta,max,25,-28.260069146703618,2.387852268986613
rain_ci_delta,max,26,2.698369400263243,1.1748135188115656
rain_ci_delta,max,27,-35.81616114532209,1.2628553258208726
rain_ci_delta,max,28,-32.85228314480537,2.1134285617814967
rain_ci_delta,max,29,-31.1420899040978,2.6354353117292177
rain_ci_delta,max,30,-30.0189531685945,2.8724718504846507
rain_ci_delta,max,31,6.5146534664682125,1.4120580873513582
rain_ci_delta,max,32,-36.95989504534866,1.394210721486182
rain_ci_delta,max,33,-33.43017389855662,2.3156264540322695
rain_ci_delta,max,34,-31.18249631588557,2.8695680224847315
rain_ci_delta,max,35,93.84271585954792,3.110768309634267
rain_ci_delta,max,36,8.298698203906111,1.9980989989746583
rain_ci_delta,max,37,-17.043842056447264,1.2673074402433748
rain_ci_delta,max,38,-17.706403870722106,1.2317371152619963
rain_ci_delta,max,39,-17.972308471277717,1.3504392100681244
rain_ci_delta,max,40,-17.887219381131125,1.5013601037590583
rain_ci_delta,max,41,18.209616541634105,0.11624498410297335
rain_ci_delta,max,42,-26.264662726958598,0.2745680387326175
rain_ci_delta,max,43,-22.224574117249855,1.3594662617202324
rain_ci_delta,max,44,-19.48445331079726,2.038789621427682
rain_ci_delta,max,45,-17.363361266975396,2.361764428945744
rain_ci_delta,max,46,22.629418894545257,0.8369364713489453
rain_ci_delta,max,47,-24.04752328752302,0.8722192979172902
rain_ci_delta,max,48,-19.10218773467249,1.8700993257047394
rain_ci_delta,max,49,-15.749521296594004,2.437047482807838
rain_ci_delta,max,50,-13.19983206615118,2.6401858570115433
rain_ci_delta,max,total,-970.8917100510408,83.44765543393657
evap_ci_delta,min,1,-224.15857638534894,-0.04700697242273577
evap_ci_delta,min,2,18.97879540614254,0.013258438778244397
evap_ci_delta,min,3,-35.398901870127574,0.6870381864175457
evap_ci_delta,min,4,-29.905439431279014,1.3772596385416733
evap_ci_delta,min,5,-26.563407890634473,1.6954387504306965
evap_ci_delta,min,6,-5.968545504647945,1.3270123503236357
evap_ci_delta,min,7,-16.274212587757464,1.2598010095771066
evap_ci_delta,min,8,-27.30030168199079,1.4332014134829478
evap_ci_delta,min,9,-21.367046754272554,1.4269659464883233
evap_ci_delta,min,10,-10.409784899001739,1.311979065604369
evap_ci_delta,min,11,-1.9505131037756387,0.7793246026257186
evap_ci_delta,min,12,-24.757721038512965,0.6664278759352165
evap_ci_delta,min,13,-24.186023538137487,0.8174262736402476
evap_ci_delta,min,14,-24.155572940578725,0.9343021390878832
evap_ci_delta,min,15,-1.0110521029905204,1.00032645717803
evap_ci_delta,min,16,-1.5246693120881836,0.5656689455664057
evap_ci_delta,min,17,-26.202810871406744,0.5255511899872509
evap_ci_delta,min,18,-25.66130224455934,0.7402038903034516
evap_ci_delta,min,19,-25.628034409359675,0.9098198591693176
evap_ci_delta,min,20,-25.774731341074343,1.0162020735927726
evap_ci_delta,min,21,0.37066332676265557,0.4924748680850417
evap_ci_delta,min,22,-32.29064940525013,0.539032429630069
evap_ci_delta,min,23,-30.61955320814015,0.9151909123987778
evap_ci_delta,min,24,-29.795944490289234,1.1772378021574958
evap_ci_delta,min,25,-29.32668120090921,1.321240214781021
evap_ci_delta,min,26,2.2189499351263438,0.6953940536746663
evap_ci_delta,min,27,-36.33924694825462,0.739769522888345
evap_ci_delta,min,28,-33.79964485297729,1.1660668536095784
evap_ci_delta,min,29,-32.3253725534687,1.4521526623583156
evap_ci_delta,min,30,-31.296035343574644,1.5953896755045065
evap_ci_delta,min,31,5.9429514346948,0.8403560555779457
evap_ci_delta,min,32,-37.52868244042338,0.8254233264114603
evap_ci_delta,min,33,-34.461981363870606,1.2838189887182807
evap_ci_delta,min,34,-32.467404189519876,1.5846601488504248
evap_ci_delta,min,35,92.46153510617663,1.7295875562629703
evap_ci_delta,min,36,7.459228632190644,1.158629427259191
evap_ci_delta,min,37,-17.53991913105258,0.7712303656380577
evap_ci_delta,min,38,-18.214774652338193,0.7233663336459095
evap_ci_delta,min,39,-18.555049601623193,0.7676980797226491
evap_ci_delta,min,40,-18.551161793623343,0.8374176912668396
evap_ci_delta,min,41,18.19568093285425,0.10230937532311657
evap_ci_delta,min,42,-26.370181280042534,0.1690494856486815
evap_ci_delta,min,43,-22.874866377609028,0.7091740013610597
evap_ci_delta,min,44,-20.445122219161295,1.0781207130636474
evap_ci_delta,min,45,-18.454439208194547,1.2706864877265929
evap_ci_delta,min,46,22.27975820588175,0.4872757826854368
evap_ci_delta,min,47,-24.41549275529761,0.504249830142701
evap_ci_delta,min,48,-19.968090300666862,1.0041967597103678
evap_ci_delta,min,49,-16.870155759902385,1.316413019499457
evap_ci_delta,min,50,-14.394908069762892,1.4451098533998312
evap_ci_delta,min,total,-1007.1964420736667,47.142923411310676
evap_ci_delta,max,1,-224.1115694129262,0.0
evap_ci_delta,max,2,18.965536967364297,0.0
evap_ci_delta,max,3,-36.08594005654512,0.0
evap_ci_delta,max,4,-31.282699069820687,0.0
evap_ci_delta,max,5,-28.25884664106517,0.0
evap_ci_delta,max,6,-7.295557854971581,0.0
evap_ci_delta,max,7,-17.53401359733457,0.0
evap_ci_delta,max,8,-28.733503095473736,0.0
evap_ci_delta,max,9,-22.794012700760877,0.0
evap_ci_delta,max,10,-11.721763964606108,0.0
evap_ci_delta,max,11,-2.7298377064013573,0.0
evap_ci_delta,max,12,-25.424148914448182,0.0
evap_ci_delta,max,13,-25.003449811777735,0.0
evap_ci_delta,max,14,-25.08987507966661,0.0
evap_ci_delta,max,15,-2.0113785601685503,0.0
evap_ci_delta,max,16,-2.0903382576545892,0.0
evap_ci_delta,max,17,-26.728362061393995,0.0
evap_ci_delta,max,18,-26.401506134862792,0.0
evap_ci_delta,max,19,-26.537854268528992,0.0
evap_ci_delta,max,20,-26.790933414667116,0.0
evap_ci_delta,max,21,-0.12181154132238614,0.0
evap_ci_delta,max,22,-32.8296818348802,0.0
evap_ci_delta,max,23,-31.534744120538928,0.0
evap_ci_delta,max,24,-30.97318229244673,0.0
evap_ci_delta,max,25,-30.64792141569023,0.0
evap_ci_delta,max,26,1.5235558814516774,0.0
evap_ci_delta,max,27,-37.079016471142964,0.0
evap_ci_delta,max,28,-34.965711706586866,0.0
evap_ci_delta,max,29,-33.77752521582702,0.0
evap_ci_delta,max,30,-32.89142501907915,0.0
evap_ci_delta,max,31,5.102595379116854,0.0
evap_ci_delta,max,32,-38.35410576683484,0.0
evap_ci_delta,max,33,-35.74580035258889,0.0
evap_ci_delta,max,34,-34.0520643383703,0.0
evap_ci_delta,max,35,90.73194754991366,0.0
evap_ci_delta,max,36,6.300599204931453,0.0
evap_ci_delta,max,37,-18.31114949669064,0.0
evap_ci_delta,max,38,-18.938140985984102,0.0
evap_ci_delta,max,39,-19.32274768134584,0.0
evap_ci_delta,max,40,-19.388579484890183,0.0
evap_ci_delta,max,41,18.093371557531132,0.0
evap_ci_delta,max,42,-26.539230765691215,0.0
evap_ci_delta,max,43,-23.584040378970087,0.0
evap_ci_delta,max,44,-21.523242932224942,0.0
evap_ci_delta,max,45,-19.72512569592114,0.0
evap_ci_delta,max,46,21.79248242319631,0.0
evap_ci_delta,max,47,-24.91974258544031,0.0
evap_ci_delta,max,48,-20.97228706037723,0.0
evap_ci_delta,max,49,-18.186568779401842,0.0
evap_ci_delta,max,50,-15.840017923162723,0.0
evap_ci_delta,max,total,-1054.3393654849774,0.0
ef_burn_crop_N2O_scale,min,1,-224.11644652380122,-0.004877110875014523
ef_burn_crop_N2O_scale,min,2,18.9640263218643,-0.0015106454999980201
ef_burn_crop_N2O_scale,min,3,-36.08745070204512,-0.0015106454999980201
ef_burn_crop_N2O_scale,min,4,-31.284209715320685,-0.0015106454999980201
ef_burn_crop_N2O_scale,min,5,-28.260357286565167,-0.0015106454999980201
ef_burn_crop_N2O_scale,min,6,-7.298579145971582,-0.003021291000000481
ef_burn_crop_N2O_scale,min,7,-17.53552424283457,-0.0015106454999980201
ef_burn_crop_N2O_scale,min,8,-28.735013740973734,-0.0015106454999980201
ef_burn_crop_N2O_scale,min,9,-22.795523346260875,-0.0015106454999980201
ef_burn_crop_N2O_scale,min,10,-11.723274610106108,-0.0015106454999997965
ef_burn_crop_N2O_scale,min,11,-2.7328589974013573,-0.003021291000000037
ef_burn_crop_N2O_scale,min,12,-25.425497124948183,-0.0013482105000015565
ef_burn_crop_N2O_scale,min,13,-25.004798022277736,-0.0013482105000015565
ef_burn_crop_N2O_scale,min,14,-25.09122329016661,-0.0013482105000015565
ef_burn_crop_N2O_scale,min,15,-2.0127267706685505,-0.0013482105000002242
ef_burn_crop_N2O_scale,min,16,-2.0930346786545897,-0.0026964210000004485
ef_burn_crop_N2O_scale,min,17,-26.729710271893996,-0.0013482105000015565
ef_burn_crop_N2O_scale,min,18,-26.402854345362794,-0.0013482105000015565
ef_burn_crop_N2O_scale,min,19,-26.539202479028994,-0.0013482105000015565
ef_burn_crop_N2O_scale,min,20,-26.792281625167117,-0.0013482105000015565
ef_burn_crop_N2O_scale,min,21,-0.1245079623223857,-0.0026964209999995603
ef_burn_crop_N2O_scale,min,22,-32.830867610380196,-0.0011857754999979875
ef_burn_crop_N2O_scale,min,23,-31.53592989603893,-0.0011857755000015402
ef_burn_crop_N2O_scale,min,24,-30.97436806794673,-0.0011857755000015402
ef_burn_crop_N2O_scale,min,25,-30.649107191190232,-0.0011857755000015402
ef_burn_crop_N2O_scale,min,26,1.521184330451677,-0.002371551000000416
ef_burn_crop_N2O_scale,min,27,-37.08020224664296,-0.0011857754999979875
ef_burn_crop_N2O_scale,min,28,-34.966897482086864,-0.0011857754999979875
ef_burn_crop_N2O_scale,min,29,-33.77871099132702,-0.0011857754999979875
ef_burn_crop_N2O_scale,min,30,-32.892610794579156,-0.001185775500005093
ef_burn_crop_N2O_scale,min,31,5.100223828116855,-0.0023715509999995277
ef_burn_crop_N2O_scale,min,32,-38.35410576683484,0.0
ef_burn_crop_N2O_scale,min,33,-35.74580035258889,0.0
ef_burn_crop_N2O_scale,min,34,-34.0520643383703,0.0
ef_burn_crop_N2O_scale,min,35,90.73194754991366,0.0
ef_burn_crop_N2O_scale,min,36,6.300599204931453,0.0
ef_burn_crop_N2O_scale,min,37,-18.31114949669064,0.0
ef_burn_crop_N2O_scale,min,38,-18.938140985984102,0.0
ef_burn_crop_N2O_scale,min,39,-19.32274768134584,0.0
ef_burn_crop_N2O_scale,min,40,-19.388579484890183,0.0
ef_burn_crop_N2O_scale,min,41,18.093371557531132,0.0
ef_burn_crop_N2O_scale,min,42,-26.539230765691215,0.0
ef_burn_crop_N2O_scale,min,43,-23.584040378970087,0.0
ef_burn_crop_N2O_scale,min,44,-21.523242932224942,0.0
ef_burn_crop_N2O_scale,min,45,-19.72512569592114,0.0
ef_burn_crop_N2O_scale,min,46,21.79248242319631,0.0
ef_burn_crop_N2O_scale,min,47,-24.91974258544031,0.0
ef_burn_crop_N2O_scale,min,48,-20.97228706037723,0.0
ef_burn_crop_N2O_scale,min,49,-18.186568779401842,0.0
ef_burn_crop_N2O_scale,min,50,-15.840017923162723,0.0
ef_burn_crop_N2O_scale,min,total,-1054.3927781738523,-0.05341268887491424
ef_burn_crop_N2O_scale,max,1,-224.10669230205121,0.004877110874986101
ef_burn_crop_N2O_scale,max,2,18.9670476128643,0.0015106455000015728
ef_burn_crop_N2O_scale,max,3,-36.08442941104512,0.0015106454999980201
ef_burn_crop_N2O_scale,max,4,-31.281188424320685,0.0015106455000015728
ef_burn_crop_N2O_scale,max,5,-28.257335995565168,0.0015106455000015728
ef_burn_crop_N2O_scale,max,6,-7.292536563971581,0.003021291000000481
ef_burn_crop_N2O_scale,max,7,-17.53250295183457,0.0015106455000015728
ef_burn_crop_N2O_scale,max,8,-28.731992449973735,0.0015106455000015728
ef_burn_crop_N2O_scale,max,9,-22.792502055260876,0.0015106455000015728
ef_burn_crop_N2O_scale,max,10,-11.720253319106108,0.0015106454999997965
ef_burn_crop_N2O_scale,max,11,-2.726816415401357,0.003021291000000037
ef_burn_crop_N2O_scale,max,12,-25.422800703948184,0.0013482104999980038
ef_burn_crop_N2O_scale,max,13,-25.002101601277737,0.0013482104999980038
ef_burn_crop_N2O_scale,max,14,-25.08852686916661,0.0013482104999980038
ef_burn_crop_N2O_scale,max,15,-2.0100303496685505,0.0013482104999997802
ef_burn_crop_N2O_scale,max,16,-2.087641836654589,0.0026964210000004485
ef_burn_crop_N2O_scale,max,17,-26.727013850893997,0.0013482104999980038
ef_burn_crop_N2O_scale,max,18,-26.400157924362794,0.0013482104999980038
ef_burn_crop_N2O_scale,max,19,-26.536506058028994,0.0013482104999980038
ef_burn_crop_N2O_scale,max,20,-26.789585204167118,0.0013482104999980038
ef_burn_crop_N2O_scale,max,21,-0.11911512032238658,0.0026964209999995603
ef_burn_crop_N2O_scale,max,22,-32.82849605938019,0.001185775500005093
ef_burn_crop_N2O_scale,max,23,-31.533558345038927,0.0011857755000015402
ef_burn_crop_N2O_scale,max,24,-30.971996516946728,0.0011857755000015402
ef_burn_crop_N2O_scale,max,25,-30.64673564019023,0.0011857755000015402
ef_burn_crop_N2O_scale,max,26,1.525927432451677,0.0023715509999995277
ef_burn_crop_N2O_scale,max,27,-37.07783069564296,0.001185775500005093
ef_burn_crop_N2O_scale,max,28,-34.96452593108686,0.001185775500005093
ef_burn_crop_N2O_scale,max,29,-33.776339440327014,0.001185775500005093
ef_burn_crop_N2O_scale,max,30,-32.890239243579146,0.001185775500005093
ef_burn_crop_N2O_scale,max,31,5.104966930116854,0.0023715509999995277
ef_burn_crop_N2O_scale,max,32,-38.35410576683484,0.0
ef_burn_crop_N2O_scale,max,33,-35.74580035258889,0.0
ef_burn_crop_N2O_scale,max,34,-34.0520643383703,0.0
ef_burn_crop_N2O_scale,max,35,90.73194754991366,0.0
ef_burn_crop_N2O_scale,max,36,6.300599204931453,0.0
ef_burn_crop_N2O_scale,max,37,-18.31114949669064,0.0
ef_burn_crop_N2O_scale,max,38,-18.938140985984102,0.0
ef_burn_crop_N2O_scale,max,39,-19.32274768134584,0.0
ef_burn_crop_N2O_scale,max,40,-19.388579484890183,0.0
ef_burn_crop_N2O_scale,max,41,18.093371557531132,0.0
ef_burn_crop_N2O_scale,max,42,-26.539230765691215,0.0
ef_burn_crop_N2O_scale,max,43,-23.584040378970087,0.0
ef_burn_crop_N2O_scale,max,44,-21.523242932224942,0.0
ef_burn_crop_N2O_scale,max,45,-19.72512569592114,0.0
ef_burn_crop_N2O_scale,max,46,21.79248242319631,0.0
ef_burn_crop_N2O_scale,max,47,-24.91974258544031,0.0
ef_burn_crop_N2O_scale,max,48,-20.97228706037723,0.0
ef_burn_crop_N2O_scale,max,49,-18.186568779401842,0.0
ef_burn_crop_N2O_scale,max,50,-15.840017923162723,0.0
ef_burn_crop_N2O_scale,max,total,-1054.2859527961025,0.05341268887491424
ef_burn_crop_CH4_scale,min,1,-224.13017440417622,-0.018604991250015246
ef_burn_crop_CH4_scale,min,2,18.9597742223643,-0.005762744999998404
ef_burn_crop_CH4_scale,min,3,-36.09170280154512,-0.005762744999998404
ef_burn_crop_CH4_scale,min,4,-31.288461814820685,-0.005762744999998404
ef_burn_crop_CH4_scale,min,5,-28.264609386065167,-0.005762744999998404
ef_burn_crop_CH4_scale,min,6,-7.307083344971581,-0.011525489999999472
ef_burn_crop_CH4_scale,min,7,-17.53977634233457,-0.005762744999998404
ef_burn_crop_CH4_scale,min,8,-28.739265840473735,-0.005762744999998404
ef_burn_crop_CH4_scale,min,9,-22.799775445760876,-0.005762744999998404
ef_burn_crop_CH4_scale,min,10,-11.727526709606108,-0.00576274500000018
ef_burn_crop_CH4_scale,min,11,-2.741363196401357,-0.011525489999999916
ef_burn_crop_CH4_scale,min,12,-25.429292009448183,-0.005143095000001097
ef_burn_crop_CH4_scale,min,13,-25.008592906777736,-0.005143095000001097
ef_burn_crop_CH4_scale,min,14,-25.09501817466661,-0.005143095000001097
ef_burn_crop_CH4_scale,min,15,-2.0165216551685505,-0.0051430950000002085
ef_burn_crop_CH4_scale,min,16,-2.1006244476545897,-0.010286190000000417
ef_burn_crop_CH4_scale,min,17,-26.733505156393996,-0.005143095000001097
ef_burn_crop_CH4_scale,min,18,-26.406649229862794,-0.005143095000001097
ef_burn_crop_CH4_scale,min,19,-26.542997363528993,-0.005143095000001097
ef_burn_crop_CH4_scale,min,20,-26.796076509667117,-0.005143095000001097
ef_burn_crop_CH4_scale,min,21,-0.13209773132238567,-0.010286189999999529
ef_burn_crop_CH4_scale,min,22,-32.834205279880194,-0.004523444999996684
ef_burn_crop_CH4_scale,min,23,-31.53926756553893,-0.004523445000000237
ef_burn_crop_CH4_scale,min,24,-30.97770573744673,-0.004523445000000237
ef_burn_crop_CH4_scale,min,25,-30.65244486069023,-0.004523445000000237
ef_burn_crop_CH4_scale,min,26,1.5145089914516778,-0.009046889999999586
ef_burn_crop_CH4_scale,min,27,-37.08353991614296,-0.004523444999996684
ef_burn_crop_CH4_scale,min,28,-34.97023515158686,-0.004523444999996684
ef_burn_crop_CH4_scale,min,29,-33.782048660827016,-0.004523444999996684
ef_burn_crop_CH4_scale,min,30,-32.895948464079154,-0.00452344500000379
ef_burn_crop_CH4_scale,min,31,5.093548489116854,-0.009046890000000474
ef_burn_crop_CH4_scale,min,32,-38.35410576683484,0.0
ef_burn_crop_CH4_scale,min,33,-35.74580035258889,0.0
ef_burn_crop_CH4_scale,min,34,-34.0520643383703,0.0
ef_burn_crop_CH4_scale,min,35,90.73194754991366,0.0
ef_burn_crop_CH4_scale,min,36,6.300599204931453,0.0
ef_burn_crop_CH4_scale,min,37,-18.31114949669064,0.0
ef_burn_crop_CH4_scale,min,38,-18.938140985984102,0.0
ef_burn_crop_CH4_scale,min,39,-19.32274768134584,0.0
ef_burn_crop_CH4_scale,min,40,-19.388579484890183,0.0
ef_burn_crop_CH4_scale,min,41,18.093371557531132,0.0
ef_burn_crop_CH4_scale,min,42,-26.539230765691215,0.0
ef_burn_crop_CH4_scale,min,43,-23.584040378970087,0.0
ef_burn_crop_CH4_scale,min,44,-21.523242932224942,0.0
ef_burn_crop_CH4_scale,min,45,-19.72512569592114,0.0
ef_burn_crop_CH4_scale,min,46,21.79248242319631,0.0
ef_burn_crop_CH4_scale,min,47,-24.91974258544031,0.0
ef_burn_crop_CH4_scale,min,48,-20.97228706037723,0.0
ef_burn_crop_CH4_scale,min,49,-18.186568779401842,0.0
ef_burn_crop_CH4_scale,min,50,-15.840017923162723,0.0
ef_burn_crop_CH4_scale,min,total,-1054.5431218962274,-0.20375641124996946
ef_burn_crop_CH4_scale,max,1,-224.09296442167621,0.018604991249986824
ef_burn_crop_CH4_scale,max,2,18.9712997123643,0.0057627450000019564
ef_burn_crop_CH4_scale,max,3,-36.08017731154512,0.005762744999998404
ef_burn_crop_CH4_scale,max,4,-31.276936324820685,0.0057627450000019564
ef_burn_crop_CH4_scale,max,5,-28.253083896065167,0.0057627450000019564
ef_burn_crop_CH4_scale,max,6,-7.284032364971582,0.011525489999999472
ef_burn_crop_CH4_scale,max,7,-17.52825085233457,0.0057627450000019564
ef_burn_crop_CH4_scale,max,8,-28.727740350473734,0.0057627450000019564
ef_burn_crop_CH4_scale,max,9,-22.788249955760875,0.0057627450000019564
ef_burn_crop_CH4_scale,max,10,-11.716001219606108,0.00576274500000018
ef_burn_crop_CH4_scale,max,11,-2.7183122164013573,0.011525489999999916
ef_burn_crop_CH4_scale,max,12,-25.419005819448184,0.005143094999997544
ef_burn_crop_CH4_scale,max,13,-24.998306716777737,0.005143094999997544
ef_burn_crop_CH4_scale,max,14,-25.08473198466661,0.005143094999997544
ef_burn_crop_CH4_scale,max,15,-2.0062354651685506,0.005143094999999764
ef_burn_crop_CH4_scale,max,16,-2.080052067654589,0.010286190000000417
ef_burn_crop_CH4_scale,max,17,-26.723218966393997,0.005143094999997544
ef_burn_crop_CH4_scale,max,18,-26.396363039862795,0.005143094999997544
ef_burn_crop_CH4_scale,max,19,-26.532711173528995,0.005143094999997544
ef_burn_crop_CH4_scale,max,20,-26.785790319667118,0.005143094999997544
ef_burn_crop_CH4_scale,max,21,-0.11152535132238661,0.010286189999999529
ef_burn_crop_CH4_scale,max,22,-32.825158389880194,0.00452344500000379
ef_burn_crop_CH4_scale,max,23,-31.530220675538928,0.004523445000000237
ef_burn_crop_CH4_scale,max,24,-30.96865884744673,0.004523445000000237
ef_burn_crop_CH4_scale,max,25,-30.64339797069023,0.004523445000000237
ef_burn_crop_CH4_scale,max,26,1.532602771451677,0.009046889999999586
ef_burn_crop_CH4_scale,max,27,-37.07449302614296,0.00452344500000379
ef_burn_crop_CH4_scale,max,28,-34.96118826158686,0.00452344500000379
ef_burn_crop_CH4_scale,max,29,-33.773001770827015,0.00452344500000379
ef_burn_crop_CH4_scale,max,30,-32.88690157407915,0.00452344500000379
ef_burn_crop_CH4_scale,max,31,5.111642269116853,0.009046889999998697
ef_burn_crop_CH4_scale,max,32,-38.35410576683484,0.0
ef_burn_crop_CH4_scale,max,33,-35.74580035258889,0.0
ef_burn_crop_CH4_scale,max,34,-34.0520643383703,0.0
ef_burn_crop_CH4_scale,max,35,90.73194754991366,0.0
ef_burn_crop_CH4_scale,max,36,6.300599204931453,0.0
ef_burn_crop_CH4_scale,max,37,-18.31114949669064,0.0
ef_burn_crop_CH4_scale,max,38,-18.938140985984102,0.0
ef_burn_crop_CH4_scale,max,39,-19.32274768134584,0.0
ef_burn_crop_CH4_scale,max,40,-19.388579484890183,0.0
ef_burn_crop_CH4_scale,max,41,18.093371557531132,0.0
ef_burn_crop_CH4_scale,max,42,-26.539230765691215,0.0
ef_burn_crop_CH4_scale,max,43,-23.584040378970087,0.0
ef_burn_crop_CH4_scale,max,44,-21.523242932224942,0.0
ef_burn_crop_CH4_scale,max,45,-19.72512569592114,0.0
ef_burn_crop_CH4_scale,max,46,21.79248242319631,0.0
ef_burn_crop_CH4_scale,max,47,-24.91974258544031,0.0
ef_burn_crop_CH4_scale,max,48,-20.97228706037723,0.0
ef_burn_crop_CH4_scale,max,49,-18.186568779401842,0.0
ef_burn_crop_CH4_scale,max,50,-15.840017923162723,0.0
ef_burn_crop_CH4_scale,max,total,-1054.1356090737274,0.20375641124996946
ef_burn_tree_N2O_scale,min,1,-224.1156098129262,-0.004040400000008049
ef_burn_tree_N2O_scale,min,2,18.965536967364297,0.0
ef_burn_tree_N2O_scale,min,3,-36.08594005654512,0.0
ef_burn_tree_N2O_scale,min,4,-31.282699069820687,0.0
ef_burn_tree_N2O_scale,min,5,-28.25884664106517,0.0
ef_burn_tree_N2O_scale,min,6,-7.353602797684351,-0.05804494271276983
ef_burn_tree_N2O_scale,min,7,-17.53401359733457,0.0
ef_burn_tree_N2O_scale,min,8,-28.733503095473736,0.0
ef_burn_tree_N2O_scale,min,9,-22.794012700760877,0.0
ef_burn_tree_N2O_scale,min,10,-11.721763964606108,0.0
ef_burn_tree_N2O_scale,min,11,-2.807335990934401,-0.07749828453304364
ef_burn_tree_N2O_scale,min,12,-25.424148914448182,0.0
ef_burn_tree_N2O_scale,min,13,-25.003449811777735,0.0
ef_burn_tree_N2O_scale,min,14,-25.08987507966661,0.0
ef_burn_tree_N2O_scale,min,15,-2.0113785601685503,0.0
ef_burn_tree_N2O_scale,min,16,-2.189712415651977,-0.09937415799738769
ef_burn_tree_N2O_scale,min,17,-26.728362061393995,0.0
ef_burn_tree_N2O_scale,min,18,-26.401506134862792,0.0
ef_burn_tree_N2O_scale,min,19,-26.537854268528992,0.0
ef_burn_tree_N2O_scale,min,20,-26.790933414667116,0.0
ef_burn_tree_N2O_scale,min,21,-0.212152337651633,-0.09034079632924685
ef_burn_tree_N2O_scale,min,22,-32.8296818348802,0.0
ef_burn_tree_N2O_scale,min,23,-31.534744120538928,0.0
ef_burn_tree_N2O_scale,min,24,-30.97318229244673,0.0
ef_burn_tree_N2O_scale,min,25,-30.64792141569023,0.0
ef_burn_tree_N2O_scale,min,26,1.4158709642734428,-0.10768491717823458
ef_burn_tree_N2O_scale,min,27,-37.079016471142964,0.0
ef_burn_tree_N2O_scale,min,28,-34.965711706586866,0.0
ef_burn_tree_N2O_scale,min,29,-33.77752521582702,0.0
ef_burn_tree_N2O_scale,min,30,-32.89142501907915,0.0
ef_burn_tree_N2O_scale,min,31,4.976791673192661,-0.1258037059241932
ef_burn_tree_N2O_scale,min,32,-38.35410576683484,0.0
ef_burn_tree_N2O_scale,min,33,-35.74580035258889,0.0
ef_burn_tree_N2O_scale,min,34,-34.0520643383703,0.0
ef_burn_tree_N2O_scale,min,35,90.73194754991366,0.0
ef_burn_tree_N2O_scale,min,36,6.055023089115908,-0.2455761158155454
ef_burn_tree_N2O_scale,min,37,-18.31114949669064,0.0
ef_burn_tree_N2O_scale,min,38,-18.938140985984102,0.0
ef_burn_tree_N2O_scale,min,39,-19.32274768134584,0.0
ef_burn_tree_N2O_scale,min,40,-19.388579484890183,0.0
ef_burn_tree_N2O_scale,min,41,17.96586601255967,-0.12750554497146283
ef_burn_tree_N2O_scale,min,42,-26.539230765691215,0.0
ef_burn_tree_N2O_scale,min,43,-23.584040378970087,0.0
ef_burn_tree_N2O_scale,min,44,-21.523242932224942,0.0
ef_burn_tree_N2O_scale,min,45,-19.72512569592114,0.0
ef_burn_tree_N2O_scale,min,46,21.65603056087795,-0.13645186231835993
ef_burn_tree_N2O_scale,min,47,-24.91974258544031,0.0
ef_burn_tree_N2O_scale,min,48,-20.97228706037723,0.0
ef_burn_tree_N2O_scale,min,49,-18.186568779401842,0.0
ef_burn_tree_N2O_scale,min,50,-15.840017923162723,0.0
ef_burn_tree_N2O_scale,min,total,-1055.4116862127576,-1.072320727780152
ef_burn_tree_N2O_scale,max,1,-224.10752901292622,0.004040399999979627
ef_burn_tree_N2O_scale,max,2,18.965536967364297,0.0
ef_burn_tree_N2O_scale,max,3,-36.08594005654512,0.0
ef_burn_tree_N2O_scale,max,4,-31.282699069820687,0.0
ef_burn_tree_N2O_scale,max,5,-28.25884664106517,0.0
ef_burn_tree_N2O_scale,max,6,-7.237512912258812,0.05804494271276894
ef_burn_tree_N2O_scale,max,7,-17.53401359733457,0.0
ef_burn_tree_N2O_scale,max,8,-28.733503095473736,0.0
ef_burn_tree_N2O_scale,max,9,-22.794012700760877,0.0
ef_burn_tree_N2O_scale,max,10,-11.721763964606108,0.0
ef_burn_tree_N2O_scale,max,11,-2.6523394218683136,0.07749828453304364
ef_burn_tree_N2O_scale,max,12,-25.424148914448182,0.0
ef_burn_tree_N2O_scale,max,13,-25.003449811777735,0.0
ef_burn_tree_N2O_scale,max,14,-25.08987507966661,0.0
ef_burn_tree_N2O_scale,max,15,-2.0113785601685503,0.0
ef_burn_tree_N2O_scale,max,16,-1.9909640996572016,0.09937415799738769
ef_burn_tree_N2O_scale,max,17,-26.728362061393995,0.0
ef_burn_tree_N2O_scale,max,18,-26.401506134862792,0.0
ef_burn_tree_N2O_scale,max,19,-26.537854268528992,0.0
ef_burn_tree_N2O_scale,max,20,-26.790933414667116,0.0
ef_burn_tree_N2O_scale,max,21,-0.031470744993137956,0.09034079632924819
ef_burn_tree_N2O_scale,max,22,-32.8296818348802,0.0
ef_burn_tree_N2O_scale,max,23,-31.534744120538928,0.0
ef_burn_tree_N2O_scale,max,24,-30.97318229244673,0.0
ef_burn_tree_N2O_scale,max,25,-30.64792141569023,0.0
ef_burn_tree_N2O_scale,max,26,1.6312407986299111,0.1076849171782337
ef_burn_tree_N2O_scale,max,27,-37.079016471142964,0.0
ef_burn_tree_N2O_scale,max,28,-34.965711706586866,0.0
ef_burn_tree_N2O_scale,max,29,-33.77752521582702,0.0
ef_burn_tree_N2O_scale,max,30,-32.89142501907915,0.0
ef_burn_tree_N2O_scale,max,31,5.228399085041048,0.1258037059241932
ef_burn_tree_N2O_scale,max,32,-38.35410576683484,0.0
ef_burn_tree_N2O_scale,max,33,-35.74580035258889,0.0
ef_burn_tree_N2O_scale,max,34,-34.0520643383703,0.0
ef_burn_tree_N2O_scale,max,35,90.73194754991366,0.0
ef_burn_tree_N2O_scale,max,36,6.546175320747,0.24557611581554717
ef_burn_tree_N2O_scale,max,37,-18.31114949669064,0.0
ef_burn_tree_N2O_scale,max,38,-18.938140985984102,0.0
ef_burn_tree_N2O_scale,max,39,-19.32274768134584,0.0
ef_burn_tree_N2O_scale,max,40,-19.388579484890183,0.0
ef_burn_tree_N2O_scale,max,41,18.220877102502595,0.12750554497146283
ef_burn_tree_N2O_scale,max,42,-26.539230765691215,0.0
ef_burn_tree_N2O_scale,max,43,-23.584040378970087,0.0
ef_burn_tree_N2O_scale,max,44,-21.523242932224942,0.0
ef_burn_tree_N2O_scale,max,45,-19.72512569592114,0.0
ef_burn_tree_N2O_scale,max,46,21.92893428551467,0.13645186231835993
ef_burn_tree_N2O_scale,max,47,-24.91974258544031,0.0
ef_burn_tree_N2O_scale,max,48,-20.97228706037723,0.0
ef_burn_tree_N2O_scale,max,49,-18.186568779401842,0.0
ef_burn_tree_N2O_scale,max,50,-15.840017923162723,0.0
ef_burn_tree_N2O_scale,max,total,-1053.2670447571973,1.072320727780152
ef_burn_tree_CH4_scale,min,1,-224.1251558129262,-0.013586400000008325
ef_burn_tree_CH4_scale,min,2,18.965536967364297,0.0
ef_burn_tree_CH4_scale,min,3,-36.08594005654512,0.0
ef_burn_tree_CH4_scale,min,4,-31.282699069820687,0.0
ef_burn_tree_CH4_scale,min,5,-28.25884664106517,0.0
ef_burn_tree_CH4_scale,min,6,-7.490741948049685,-0.1951840930781037
ef_burn_tree_CH4_scale,min,7,-17.53401359733457,0.0
ef_burn_tree_CH4_scale,min,8,-28.733503095473736,0.0
ef_burn_tree_CH4_scale,min,9,-22.794012700760877,0.0
ef_burn_tree_CH4_scale,min,10,-11.721763964606108,0.0
ef_burn_tree_CH4_scale,min,11,-2.9904363335124717,-0.2605986271111145
ef_burn_tree_CH4_scale,min,12,-25.424148914448182,0.0
ef_burn_tree_CH4_scale,min,13,-25.003449811777735,0.0
ef_burn_tree_CH4_scale,min,14,-25.08987507966661,0.0
ef_burn_tree_CH4_scale,min,15,-2.0113785601685503,0.0
ef_burn_tree_CH4_scale,min,16,-2.4244975142172347,-0.33415925656264545
ef_burn_tree_CH4_scale,min,17,-26.728362061393995,0.0
ef_burn_tree_CH4_scale,min,18,-26.401506134862792,0.0
ef_burn_tree_CH4_scale,min,19,-26.537854268528992,0.0
ef_burn_tree_CH4_scale,min,20,-26.790933414667116,0.0
ef_burn_tree_CH4_scale,min,21,-0.42559487842952626,-0.3037833371071401
ef_burn_tree_CH4_scale,min,22,-32.8296818348802,0.0
ef_burn_tree_CH4_scale,min,23,-31.534744120538928,0.0
ef_burn_tree_CH4_scale,min,24,-30.97318229244673,0.0
ef_burn_tree_CH4_scale,min,25,-30.64792141569023,0.0
ef_burn_tree_CH4_scale,min,26,1.161450555555637,-0.3621053258960405
ef_burn_tree_CH4_scale,min,27,-37.079016471142964,0.0
ef_burn_tree_CH4_scale,min,28,-34.965711706586866,0.0
ef_burn_tree_CH4_scale,min,29,-33.77752521582702,0.0
ef_burn_tree_CH4_scale,min,30,-32.89142501907915,0.0
ef_burn_tree_CH4_scale,min,31,4.679563137217919,-0.4230322418989356
ef_burn_tree_CH4_scale,min,32,-38.35410576683484,0.0
ef_burn_tree_CH4_scale,min,33,-35.74580035258889,0.0
ef_burn_tree_CH4_scale,min,34,-34.0520643383703,0.0
ef_burn_tree_CH4_scale,min,35,90.73194754991366,0.0
ef_burn_tree_CH4_scale,min,36,5.474815782518737,-0.8257834224127159
ef_burn_tree_CH4_scale,min,37,-18.31114949669064,0.0
ef_burn_tree_CH4_scale,min,38,-18.938140985984102,0.0
ef_burn_tree_CH4_scale,min,39,-19.32274768134584,0.0
ef_burn_tree_CH4_scale,min,40,-19.388579484890183,0.0
ef_burn_tree_CH4_scale,min,41,17.66461664806665,-0.42875490946448025
ef_burn_tree_CH4_scale,min,42,-26.539230765691215,0.0
ef_burn_tree_CH4_scale,min,43,-23.584040378970087,0.0
ef_burn_tree_CH4_scale,min,44,-21.523242932224942,0.0
ef_burn_tree_CH4_scale,min,45,-19.72512569592114,0.0
ef_burn_tree_CH4_scale,min,46,21.333644292763143,-0.45883813043316835
ef_burn_tree_CH4_scale,min,47,-24.91974258544031,0.0
ef_burn_tree_CH4_scale,min,48,-20.97228706037723,0.0
ef_burn_tree_CH4_scale,min,49,-18.186568779401842,0.0
ef_burn_tree_CH4_scale,min,50,-15.840017923162723,0.0
ef_burn_tree_CH4_scale,min,total,-1057.945191228942,-3.6058257439644876
ef_burn_tree_CH4_scale,max,1,-224.09798301292622,0.013586399999979903
ef_burn_tree_CH4_scale,max,2,18.965536967364297,0.0
ef_burn_tree_CH4_scale,max,3,-36.08594005654512,0.0
ef_burn_tree_CH4_scale,max,4,-31.282699069820687,0.0
ef_burn_tree_CH4_scale,max,5,-28.25884664106517,0.0
ef_burn_tree_CH4_scale,max,6,-7.1003737618934775,0.1951840930781037
ef_burn_tree_CH4_scale,max,7,-17.53401359733457,0.0
ef_burn_tree_CH4_scale,max,8,-28.733503095473736,0.0
ef_burn_tree_CH4_scale,max,9,-22.794012700760877,0.0
ef_burn_tree_CH4_scale,max,10,-11.721763964606108,0.0
ef_burn_tree_CH4_scale,max,11,-2.4692390792902428,0.2605986271111145
ef_burn_tree_CH4_scale,max,12,-25.424148914448182,0.0
ef_burn_tree_CH4_scale,max,13,-25.003449811777735,0.0
ef_burn_tree_CH4_scale,max,14,-25.08987507966661,0.0
ef_burn_tree_CH4_scale,max,15,-2.0113785601685503,0.0
ef_burn_tree_CH4_scale,max,16,-1.7561790010919438,0.33415925656264545
ef_burn_tree_CH4_scale,max,17,-26.728362061393995,0.0
ef_burn_tree_CH4_scale,max,18,-26.401506134862792,0.0
ef_burn_tree_CH4_scale,max,19,-26.537854268528992,0.0
ef_burn_tree_CH4_scale,max,20,-26.790933414667116,0.0
ef_burn_tree_CH4_scale,max,21,0.1819717957847553,0.30378333710714145
ef_burn_tree_CH4_scale,max,22,-32.8296818348802,0.0
ef_burn_tree_CH4_scale,max,23,-31.534744120538928,0.0
ef_burn_tree_CH4_scale,max,24,-30.97318229244673,0.0
ef_burn_tree_CH4_scale,max,25,-30.64792141569023,0.0
ef_burn_tree_CH4_scale,max,26,1.885661207347717,0.3621053258960396
ef_burn_tree_CH4_scale,max,27,-37.079016471142964,0.0
ef_burn_tree_CH4_scale,max,28,-34.965711706586866,0.0
ef_burn_tree_CH4_scale,max,29,-33.77752521582702,0.0
ef_burn_tree_CH4_scale,max,30,-32.89142501907915,0.0
ef_burn_tree_CH4_scale,max,31,5.525627621015792,0.4230322418989374
ef_burn_tree_CH4_scale,max,32,-38.35410576683484,0.0
ef_burn_tree_CH4_scale,max,33,-35.74580035258889,0.0
ef_burn_tree_CH4_scale,max,34,-34.0520643383703,0.0
ef_burn_tree_CH4_scale,max,35,90.73194754991366,0.0
ef_burn_tree_CH4_scale,max,36,7.126382627344171,0.8257834224127176
ef_burn_tree_CH4_scale,max,37,-18.31114949669064,0.0
ef_burn_tree_CH4_scale,max,38,-18.938140985984102,0.0
ef_burn_tree_CH4_scale,max,39,-19.32274768134584,0.0
ef_burn_tree_CH4_scale,max,40,-19.388579484890183,0.0
ef_burn_tree_CH4_scale,max,41,18.522126466995612,0.42875490946448025
ef_burn_tree_CH4_scale,max,42,-26.539230765691215,0.0
ef_burn_tree_CH4_scale,max,43,-23.584040378970087,0.0
ef_burn_tree_CH4_scale,max,44,-21.523242932224942,0.0
ef_burn_tree_CH4_scale,max,45,-19.72512569592114,0.0
ef_burn_tree_CH4_scale,max,46,22.25132055362948,0.45883813043316835
ef_burn_tree_CH4_scale,max,47,-24.91974258544031,0.0
ef_burn_tree_CH4_scale,max,48,-20.97228706037723,0.0
ef_burn_tree_CH4_scale,max,49,-18.186568779401842,0.0
ef_burn_tree_CH4_scale,max,50,-15.840017923162723,0.0
ef_burn_tree_CH4_scale,max,total,-1050.7335397410131,3.6058257439642603
ef_N_inputs,min,1,-224.0312909110512,0.08027850187500007
ef_N_inputs,min,2,19.0307415353643,0.06520456800000218
ef_N_inputs,min,3,-36.08695437510357,-0.0010143185584539083
ef_N_inputs,min,4,-31.28671364079857,-0.0040145709778833805
ef_N_inputs,min,5,-28.26600302952882,-0.007156388463652519
ef_N_inputs,min,6,-7.255052993370157,0.0405048616014243
ef_N_inputs,min,7,-17.542207980854943,-0.008194383520372384
ef_N_inputs,min,8,-28.745599643588317,-0.01209654811458094
ef_N_inputs,min,9,-22.80606794828576,-0.012055247524884294
ef_N_inputs,min,10,-11.737550981352399,-0.015787016746291016
ef_N_inputs,min,11,-2.6975627336382875,0.03227497276306979
ef_N_inputs,min,12,-25.44139667287884,-0.017247758430659843
ef_N_inputs,min,13,-25.02470855237037,-0.02125874059263566
ef_N_inputs,min,14,-25.11528755229204,-0.025412472625429672
ef_N_inputs,min,15,-2.0410864234395016,-0.029707863270951318
ef_N_inputs,min,16,-2.0655624279661486,0.02477582968844061
ef_N_inputs,min,17,-26.759218893403112,-0.030856832009117596
ef_N_inputs,min,18,-26.43673959960087,-0.0352334647380772
ef_N_inputs,min,19,-26.577584489496132,-0.039730220967140184
ef_N_inputs,min,20,-26.83527538508919,-0.04434197042207444
ef_N_inputs,min,21,-0.1058122695821535,0.015999271740232635
ef_N_inputs,min,22,-32.88090168337053,-0.051219848490333675
ef_N_inputs,min,23,-31.590879500176932,-0.05613537963800397
ef_N_inputs,min,24,-31.034317023766114,-0.06113473131938463
ef_N_inputs,min,25,-30.714128662856584,-0.06620724716635351
ef_N_inputs,min,26,1.5274756036962933,0.0039197222446158975
ef_N_inputs,min,27,-37.15553970057212,-0.07652322942915646
ef_N_inputs,min,28,-35.04745121112529,-0.08173950453842593
ef_N_inputs,min,29,-33.86449984641365,-0.08697463058663146
ef_N_inputs,min,30,-32.98363730299638,-0.09221228391722747
ef_N_inputs,min,31,5.091813860157418,-0.01078151895943602
ef_N_inputs,min,32,-38.446189766779305,-0.09208399994446381
ef_N_inputs,min,33,-35.843022678407,-0.09722232581811596
ef_N_inputs,min,34,-34.15435389987578,-0.1022895615054793
ef_N_inputs,min,35,90.62468160792349,-0.10726594199016404
ef_N_inputs,min,36,6.283007239157138,-0.0175919657743151
ef_N_inputs,min,37,-18.38729115441989,-0.07614165772925219
ef_N_inputs,min,38,-19.0179501826877,-0.07980919670359654
ef_N_inputs,min,39,-19.40608870914399,-0.08334102779814856
ef_N_inputs,min,40,-19.475301819356915,-0.08672233446673161
ef_N_inputs,min,41,18.086335576644384,-0.00703598088674795
ef_N_inputs,min,42,-26.632208726850564,-0.09297796115934887
ef_N_inputs,min,43,-23.67986738480153,-0.09582700583144188
ef_N_inputs,min,44,-21.62171821344033,-0.09847528121538929
ef_N_inputs,min,45,-19.8260389342461,-0.10091323832496002
ef_N_inputs,min,46,21.778001503166465,-0.0144809200298468
ef_N_inputs,min,47,-25.024869885617406,-0.10512730017709515
ef_N_inputs,min,48,-21.07917887661379,-0.10689181623655841
ef_N_inputs,min,49,-18.294991694441535,-0.10842291503969292
ef_N_inputs,min,50,-15.949736714467367,-0.10971879130464401
ef_N_inputs,min,total,-1056.5457831500078,-2.206417665030358
ef_N_inputs,max,1,-224.1918479148012,-0.08027850187500007
ef_N_inputs,max,2,18.9003323993643,-0.06520456799999863
ef_N_inputs,max,3,-36.084925737986666,0.0010143185584539083
ef_N_inputs,max,4,-31.278684498842807,0.004014570977879828
ef_N_inputs,max,5,-28.25169025260152,0.007156388463648966
ef_N_inputs,max,6,-7.3360627165730055,-0.0405048616014243
ef_N_inputs,max,7,-17.525819213814195,0.008194383520375936
ef_N_inputs,max,8,-28.72140654735916,0.012096548114577388
ef_N_inputs,max,9,-22.781957453235997,0.012055247524880741
ef_N_inputs,max,10,-11.705976947859819,0.01578701674628924
ef_N_inputs,max,11,-2.7621126791644275,-0.03227497276307023
ef_N_inputs,max,12,-25.40690115601753,0.017247758430652738
ef_N_inputs,max,13,-24.982191071185103,0.021258740592632108
ef_N_inputs,max,14,-25.064462607041182,0.02541247262542612
ef_N_inputs,max,15,-1.9816706968975992,0.029707863270951096
ef_N_inputs,max,16,-2.1151140873430294,-0.024775829688440165
ef_N_inputs,max,17,-26.69750522938488,0.030856832009114044
ef_N_inputs,max,18,-26.36627267012472,0.03523346473807365
ef_N_inputs,max,19,-26.49812404756186,0.03973022096713308
ef_N_inputs,max,20,-26.746591444245045,0.04434197042207089
ef_N_inputs,max,21,-0.13781081306261878,-0.015999271740232635
ef_N_inputs,max,22,-32.778461986389864,0.051219848490333675
ef_N_inputs,max,23,-31.47860874090093,0.05613537963799686
ef_N_inputs,max,24,-30.912047561127352,0.06113473131937752
ef_N_inputs,max,25,-30.58171416852388,0.06620724716634996
ef_N_inputs,max,26,1.519636159207062,-0.003919722244615453
ef_N_inputs,max,27,-37.00249324171382,0.07652322942914225
ef_N_inputs,max,28,-34.88397220204844,0.08173950453842593
ef_N_inputs,max,29,-33.69055058524039,0.08697463058663146
ef_N_inputs,max,30,-32.79921273516192,0.09221228391722747
ef_N_inputs,max,31,5.1133768980762895,0.010781518959435132
ef_N_inputs,max,32,-38.262021766890385,0.09208399994445671
ef_N_inputs,max,33,-35.648578026770785,0.09722232581810175
ef_N_inputs,max,34,-33.94977477686482,0.1022895615054793
ef_N_inputs,max,35,90.83921349190385,0.10726594199019246
ef_N_inputs,max,36,6.318191170705768,0.0175919657743151
ef_N_inputs,max,37,-18.235007838961387,0.07614165772925219
ef_N_inputs,max,38,-18.858331789280506,0.07980919670359654
ef_N_inputs,max,39,-19.239406653547693,0.08334102779814856
ef_N_inputs,max,40,-19.30185715042346,0.0867223344667245
ef_N_inputs,max,41,18.100407538417876,0.007035980886744397
ef_N_inputs,max,42,-26.44625280453187,0.09297796115934531
ef_N_inputs,max,43,-23.48821337313865,0.09582700583143833
ef_N_inputs,max,44,-21.424767651009553,0.09847528121538929
ef_N_inputs,max,45,-19.62421245759618,0.10091323832496002
ef_N_inputs,max,46,21.806963343226155,0.014480920029843247
ef_N_inputs,max,47,-24.81461528526322,0.1051273001770916
ef_N_inputs,max,48,-20.86539524414068,0.1068918162365513
ef_N_inputs,max,49,-18.078145864362153,0.10842291503968937
ef_N_inputs,max,50,-15.73029913185808,0.10971879130464224
ef_N_inputs,max,total,-1052.1329478199473,2.2064176650301306
combustion_factor_crop,min,1,-224.1256918611762,-0.014122448249992203
combustion_factor_crop,min,2,18.958263576864297,-0.0072733904999999766
combustion_factor_crop,min,3,-36.093213447045116,-0.007273390499996424
combustion_factor_crop,min,4,-31.289972460320687,-0.0072733904999999766
combustion_factor_crop,min,5,-28.26612003156517,-0.0072733904999999766
combustion_factor_crop,min,6,-7.303661270471582,-0.008103415500000821
combustion_factor_crop,min,7,-17.54128698783457,-0.0072733904999999766
combustion_factor_crop,min,8,-28.740776485973736,-0.0072733904999999766
combustion_factor_crop,min,9,-22.801286091260877,-0.0072733904999999766
combustion_factor_crop,min,10,-11.729037355106108,-0.0072733904999999766
combustion_factor_crop,min,11,-2.737941121901357,-0.008103415499999933
combustion_factor_crop,min,12,-25.430640219948184,-0.006491305500002653
combustion_factor_crop,min,13,-25.009941117277737,-0.006491305500002653
combustion_factor_crop,min,14,-25.09636638516661,-0.006491305500002653
combustion_factor_crop,min,15,-2.0178698656685503,-0.006491305499999989
combustion_factor_crop,min,16,-2.097570338154589,-0.007232080499999682
combustion_factor_crop,min,17,-26.734853366893997,-0.006491305500002653
combustion_factor_crop,min,18,-26.407997440362795,-0.006491305500002653
combustion_factor_crop,min,19,-26.544345574028995,-0.006491305500002653
combustion_factor_crop,min,20,-26.79742472016712,-0.006491305500002653
combustion_factor_crop,min,21,-0.12904362182238627,-0.0072320805000001265
combustion_factor_crop,min,22,-32.8353910553802,-0.005709220500001777
combustion_factor_crop,min,23,-31.54045334103893,-0.005709220500001777
combustion_factor_crop,min,24,-30.978891512946728,-0.005709220499998224
combustion_factor_crop,min,25,-30.65363063619023,-0.005709220499998224
combustion_factor_crop,min,26,1.5171951359516775,-0.006360745499999876
combustion_factor_crop,min,27,-37.08472569164296,-0.005709220499994672
combustion_factor_crop,min,28,-34.97142092708686,-0.005709220499994672
combustion_factor_crop,min,29,-33.783234436327014,-0.005709220499994672
combustion_factor_crop,min,30,-32.897134239579145,-0.005709220499994672
combustion_factor_crop,min,31,5.096234633616856,-0.0063607454999985436
combustion_factor_crop,min,32,-38.35410576683484,0.0
combustion_factor_crop,min,33,-35.74580035258889,0.0
combustion_factor_crop,min,34,-34.0520643383703,0.0
combustion_factor_crop,min,35,90.73194754991366,0.0
combustion_factor_crop,min,36,6.300599204931453,0.0
combustion_factor_crop,min,37,-18.31114949669064,0.0
combustion_factor_crop,min,38,-18.938140985984102,0.0
combustion_factor_crop,min,39,-19.32274768134584,0.0
combustion_factor_crop,min,40,-19.388579484890183,0.0
combustion_factor_crop,min,41,18.093371557531132,0.0
combustion_factor_crop,min,42,-26.539230765691215,0.0
combustion_factor_crop,min,43,-23.584040378970087,0.0
combustion_factor_crop,min,44,-21.523242932224942,0.0
combustion_factor_crop,min,45,-19.72512569592114,0.0
combustion_factor_crop,min,46,21.79248242319631,0.0
combustion_factor_crop,min,47,-24.91974258544031,0.0
combustion_factor_crop,min,48,-20.97228706037723,0.0
combustion_factor_crop,min,49,-18.186568779401842,0.0
combustion_factor_crop,min,50,-15.840017923162723,0.0
combustion_factor_crop,min,total,-1054.5526717482273,-0.21330626324993318
combustion_factor_crop,max,1,-224.0974469646762,0.014122448249992203
combustion_factor_crop,max,2,18.972810357864297,0.0072733904999999766
combustion_factor_crop,max,3,-36.078666666045116,0.007273390500003529
combustion_factor_crop,max,4,-31.275425679320687,0.0072733904999999766
combustion_factor_crop,max,5,-28.25157325056517,0.0072733904999999766
combustion_factor_crop,max,6,-7.287454439471582,0.008103415499999045
combustion_factor_crop,max,7,-17.52674020683457,0.0072733904999999766
combustion_factor_crop,max,8,-28.726229704973736,0.0072733904999999766
combustion_factor_crop,max,9,-22.786739310260877,0.0072733904999999766
combustion_factor_crop,max,10,-11.714490574106108,0.0072733904999999766
combustion_factor_crop,max,11,-2.7217342909013573,0.008103415499999933
combustion_factor_crop,max,12,-25.417657608948183,0.0064913054999991004
combustion_factor_crop,max,13,-24.996958506277736,0.0064913054999991004
combustion_factor_crop,max,14,-25.08338377416661,0.0064913054999991004
combustion_factor_crop,max,15,-2.0048872546685503,0.006491305499999989
combustion_factor_crop,max,16,-2.0831061771545905,0.007232080499998794
combustion_factor_crop,max,17,-26.721870755893995,0.0064913054999991004
combustion_factor_crop,max,18,-26.395014829362793,0.0064913054999991004
combustion_factor_crop,max,19,-26.531362963028993,0.0064913054999991004
combustion_factor_crop,max,20,-26.784442109167117,0.0064913054999991004
combustion_factor_crop,max,21,-0.11457946082238601,0.0072320805000001265
combustion_factor_crop,max,22,-32.823972614380196,0.005709220500001777
combustion_factor_crop,max,23,-31.529034900038926,0.005709220500001777
combustion_factor_crop,max,24,-30.96747307194673,0.005709220499998224
combustion_factor_crop,max,25,-30.642212195190233,0.005709220499998224
combustion_factor_crop,max,26,1.5299166269516769,0.006360745499999432
combustion_factor_crop,max,27,-37.07330725064296,0.005709220500001777
combustion_factor_crop,max,28,-34.960002486086864,0.005709220500001777
combustion_factor_crop,max,29,-33.77181599532702,0.005709220500001777
combustion_factor_crop,max,30,-32.885715798579156,0.005709220499994672
combustion_factor_crop,max,31,5.108956124616855,0.00636074550000032
combustion_factor_crop,max,32,-38.35410576683484,0.0
combustion_factor_crop,max,33,-35.74580035258889,0.0
combustion_factor_crop,max,34,-34.0520643383703,0.0
combustion_factor_crop,max,35,90.73194754991366,0.0
combustion_factor_crop,max,36,6.300599204931453,0.0
combustion_factor_crop,max,37,-18.31114949669064,0.0
combustion_factor_crop,max,38,-18.938140985984102,0.0
combustion_factor_crop,max,39,-19.32274768134584,0.0
combustion_factor_crop,max,40,-19.388579484890183,0.0
combustion_factor_crop,max,41,18.093371557531132,0.0
combustion_factor_crop,max,42,-26.539230765691215,0.0
combustion_factor_crop,max,43,-23.584040378970087,0.0
combustion_factor_crop,max,44,-21.523242932224942,0.0
combustion_factor_crop,max,45,-19.72512569592114,0.0
combustion_factor_crop,max,46,21.79248242319631,0.0
combustion_factor_crop,max,47,-24.91974258544031,0.0
combustion_factor_crop,max,48,-20.97228706037723,0.0
combustion_factor_crop,max,49,-18.186568779401842,0.0
combustion_factor_crop,max,50,-15.840017923162723,0.0
combustion_factor_crop,max,total,-1054.1260592217275,0.21330626324993318
combustion_factor_tree,min,1,-224.1234819329262,-0.011912520000009863
combustion_factor_tree,min,2,18.965536967364297,0.0
combustion_factor_tree,min,3,-36.08594005654512,0.0
combustion_factor_tree,min,4,-31.282699069820687,0.0
combustion_factor_tree,min,5,-28.25884664106517,0.0
combustion_factor_tree,min,6,-7.509964255402201,-0.21440640043061965
combustion_factor_tree,min,7,-17.53401359733457,0.0
combustion_factor_tree,min,8,-28.733503095473736,0.0
combustion_factor_tree,min,9,-22.794012700760877,0.0
combustion_factor_tree,min,10,-11.721763964606108,0.0
combustion_factor_tree,min,11,-3.0220840489040883,-0.29224634250273107
combustion_factor_tree,min,12,-25.424148914448182,0.0
combustion_factor_tree,min,13,-25.003449811777735,0.0
combustion_factor_tree,min,14,-25.08987507966661,0.0
combustion_factor_tree,min,15,-2.0113785601685503,0.0
combustion_factor_tree,min,16,-2.4699662576825725,-0.37962800002798325
combustion_factor_tree,min,17,-26.728362061393995,0.0
combustion_factor_tree,min,18,-26.401506134862792,0.0
combustion_factor_tree,min,19,-26.537854268528992,0.0
combustion_factor_tree,min,20,-26.790933414667116,0.0
combustion_factor_tree,min,21,-0.4566243662112144,-0.33481282488882824
combustion_factor_tree,min,22,-32.8296818348802,0.0
combustion_factor_tree,min,23,-31.534744120538928,0.0
combustion_factor_tree,min,24,-30.97318229244673,0.0
combustion_factor_tree,min,25,-30.64792141569023,0.0
combustion_factor_tree,min,26,1.1239687513277676,-0.3995871301239098
combustion_factor_tree,min,27,-37.079016471142964,0.0
combustion_factor_tree,min,28,-34.965711706586866,0.0
combustion_factor_tree,min,29,-33.77752521582702,0.0
combustion_factor_tree,min,30,-32.89142501907915,0.0
combustion_factor_tree,min,31,4.635355403221652,-0.46723997589520216
combustion_factor_tree,min,32,-38.35410576683484,0.0
combustion_factor_tree,min,33,-35.74580035258889,0.0
combustion_factor_tree,min,34,-34.0520643383703,0.0
combustion_factor_tree,min,35,90.73194754991366,0.0
combustion_factor_tree,min,36,5.327713764476527,-0.9728854404549265
combustion_factor_tree,min,37,-18.31114949669064,0.0
combustion_factor_tree,min,38,-18.938140985984102,0.0
combustion_factor_tree,min,39,-19.32274768134584,0.0
combustion_factor_tree,min,40,-19.388579484890183,0.0
combustion_factor_tree,min,41,17.620014158510227,-0.47335739902090523
combustion_factor_tree,min,42,-26.539230765691215,0.0
combustion_factor_tree,min,43,-23.584040378970087,0.0
combustion_factor_tree,min,44,-21.523242932224942,0.0
combustion_factor_tree,min,45,-19.72512569592114,0.0
combustion_factor_tree,min,46,21.285844282455262,-0.5066381407410496
combustion_factor_tree,min,47,-24.91974258544031,0.0
combustion_factor_tree,min,48,-20.97228706037723,0.0
combustion_factor_tree,min,49,-18.186568779401842,0.0
combustion_factor_tree,min,50,-15.840017923162723,0.0
combustion_factor_tree,min,total,-1058.3920796590635,-4.052714174086077
combustion_factor_tree,max,1,-224.09965689292622,0.011912519999981441
combustion_factor_tree,max,2,18.965536967364297,0.0
combustion_factor_tree,max,3,-36.08594005654512,0.0
combustion_factor_tree,max,4,-31.282699069820687,0.0
combustion_factor_tree,max,5,-28.25884664106517,0.0
combustion_factor_tree,max,6,-7.081151454540963,0.21440640043061787
combustion_factor_tree,max,7,-17.53401359733457,0.0
combustion_factor_tree,max,8,-28.733503095473736,0.0
combustion_factor_tree,max,9,-22.794012700760877,0.0
combustion_factor_tree,max,10,-11.721763964606108,0.0
combustion_factor_tree,max,11,-2.4375913638986253,0.29224634250273196
combustion_factor_tree,max,12,-25.424148914448182,0.0
combustion_factor_tree,max,13,-25.003449811777735,0.0
combustion_factor_tree,max,14,-25.08987507966661,0.0
combustion_factor_tree,max,15,-2.0113785601685503,0.0
combustion_factor_tree,max,16,-1.710710257626607,0.37962800002798236
combustion_factor_tree,max,17,-26.728362061393995,0.0
combustion_factor_tree,max,18,-26.401506134862792,0.0
combustion_factor_tree,max,19,-26.537854268528992,0.0
combustion_factor_tree,max,20,-26.790933414667116,0.0
combustion_factor_tree,max,21,0.21300128356644343,0.3348128248888296
combustion_factor_tree,max,22,-32.8296818348802,0.0
combustion_factor_tree,max,23,-31.534744120538928,0.0
combustion_factor_tree,max,24,-30.97318229244673,0.0
combustion_factor_tree,max,25,-30.64792141569023,0.0
combustion_factor_tree,max,26,1.9231430115755854,0.399587130123908
combustion_factor_tree,max,27,-37.079016471142964,0.0
combustion_factor_tree,max,28,-34.965711706586866,0.0
combustion_factor_tree,max,29,-33.77752521582702,0.0
combustion_factor_tree,max,30,-32.89142501907915,0.0
combustion_factor_tree,max,31,5.569835355012058,0.46723997589520394
combustion_factor_tree,max,32,-38.35410576683484,0.0
combustion_factor_tree,max,33,-35.74580035258889,0.0
combustion_factor_tree,max,34,-34.0520643383703,0.0
combustion_factor_tree,max,35,90.73194754991366,0.0
combustion_factor_tree,max,36,7.273484645386384,0.972885440454931
combustion_factor_tree,max,37,-18.31114949669064,0.0
combustion_factor_tree,max,38,-18.938140985984102,0.0
combustion_factor_tree,max,39,-19.32274768134584,0.0
combustion_factor_tree,max,40,-19.388579484890183,0.0
combustion_factor_tree,max,41,18.566728956552037,0.47335739902090523
combustion_factor_tree,max,42,-26.539230765691215,0.0
combustion_factor_tree,max,43,-23.584040378970087,0.0
combustion_factor_tree,max,44,-21.523242932224942,0.0
combustion_factor_tree,max,45,-19.72512569592114,0.0
combustion_factor_tree,max,46,22.29912056393736,0.5066381407410496
combustion_factor_tree,max,47,-24.91974258544031,0.0
combustion_factor_tree,max,48,-20.97228706037723,0.0
combustion_factor_tree,max,49,-18.186568779401842,0.0
combustion_factor_tree,max,50,-15.840017923162723,0.0
combustion_factor_tree,max,total,-1050.2866513108913,4.052714174086077
volatile_frac_organic_fertiliser,min,1,-224.10994779292622,0.0016216199999803393
volatile_frac_organic_fertiliser,min,2,18.967158587364295,0.001621619999998103
volatile_frac_organic_fertiliser,min,3,-36.08431843654512,0.0016216200000016556
volatile_frac_organic_fertiliser,min,4,-31.28107744982069,0.001621619999998103
volatile_frac_organic_fertiliser,min,5,-28.25722502106517,0.001621619999998103
volatile_frac_organic_fertiliser,min,6,-7.293936234971581,0.0016216199999998793
volatile_frac_organic_fertiliser,min,7,-17.53239197733457,0.0016216200000016556
volatile_frac_organic_fertiliser,min,8,-28.731881475473738,0.001621619999998103
volatile_frac_organic_fertiliser,min,9,-22.79239108076088,0.001621619999998103
volatile_frac_organic_fertiliser,min,10,-11.720142344606108,0.0016216199999998793
volatile_frac_organic_fertiliser,min,11,-2.728216086401357,0.0016216200000003234
volatile_frac_organic_fertiliser,min,12,-25.422527294448184,0.001621619999998103
volatile_frac_organic_fertiliser,min,13,-25.001828191777737,0.001621619999998103
volatile_frac_organic_fertiliser,min,14,-25.08825345966661,0.001621619999998103
volatile_frac_organic_fertiliser,min,15,-2.0097569401685504,0.0016216199999998793
volatile_frac_organic_fertiliser,min,16,-2.0887166376545894,0.0016216199999998793
volatile_frac_organic_fertiliser,min,17,-26.726740441393996,0.001621619999998103
volatile_frac_organic_fertiliser,min,18,-26.399884514862794,0.001621619999998103
volatile_frac_organic_fertiliser,min,19,-26.536232648528994,0.001621619999998103
volatile_frac_organic_fertiliser,min,20,-26.789311794667118,0.001621619999998103
volatile_frac_organic_fertiliser,min,21,-0.12018992132238604,0.0016216200000001013
volatile_frac_organic_fertiliser,min,22,-32.828060214880196,0.0016216200000016556
volatile_frac_organic_fertiliser,min,23,-31.53312250053893,0.001621619999998103
volatile_frac_organic_fertiliser,min,24,-30.97156067244673,0.001621619999998103
volatile_frac_organic_fertiliser,min,25,-30.646299795690233,0.001621619999998103
volatile_frac_organic_fertiliser,min,26,1.5251775014516773,0.0016216199999998793
volatile_frac_organic_fertiliser,min,27,-37.07739485114296,0.0016216200000016556
volatile_frac_organic_fertiliser,min,28,-34.964090086586864,0.0016216200000016556
volatile_frac_organic_fertiliser,min,29,-33.77590359582702,0.0016216200000016556
volatile_frac_organic_fertiliser,min,30,-32.889803399079156,0.0016216199999945502
volatile_frac_organic_fertiliser,min,31,5.104216999116854,0.0016216199999998793
volatile_frac_organic_fertiliser,min,32,-38.35248414683484,0.0016216200000016556
volatile_frac_organic_fertiliser,min,33,-35.744178732588885,0.0016216200000016556
volatile_frac_organic_fertiliser,min,34,-34.0504427183703,0.0016216200000016556
volatile_frac_organic_fertiliser,min,35,90.73356916991366,0.001621620000008761
volatile_frac_organic_fertiliser,min,36,6.302220824931453,0.0016216199999998793
volatile_frac_organic_fertiliser,min,37,-18.30952787669064,0.001621619999998103
volatile_frac_organic_fertiliser,min,38,-18.936519365984104,0.001621619999998103
volatile_frac_organic_fertiliser,min,39,-19.321126061345844,0.001621619999998103
volatile_frac_organic_fertiliser,min,40,-19.386957864890185,0.001621619999998103
volatile_frac_organic_fertiliser,min,41,18.09499317753113,0.001621619999998103
volatile_frac_organic_fertiliser,min,42,-26.537609145691217,0.001621619999998103
volatile_frac_organic_fertiliser,min,43,-23.58241875897009,0.001621619999998103
volatile_frac_organic_fertiliser,min,44,-21.521621312224944,0.001621619999998103
volatile_frac_organic_fertiliser,min,45,-19.72350407592114,0.001621619999998103
volatile_frac_organic_fertiliser,min,46,21.79410404319631,0.001621619999998103
volatile_frac_organic_fertiliser,min,47,-24.918120965440313,0.001621619999998103
volatile_frac_organic_fertiliser,min,48,-20.970665440377232,0.001621619999998103
volatile_frac_organic_fertiliser,min,49,-18.184947159401844,0.001621619999998103
volatile_frac_organic_fertiliser,min,50,-15.838396303162723,0.0016216199999998793
volatile_frac_organic_fertiliser,min,total,-1054.2582844849771,0.08108100000026752
volatile_frac_organic_fertiliser,max,1,-224.1131910329262,-0.001621620000008761
volatile_frac_organic_fertiliser,max,2,18.963915347364296,-0.0016216200000016556
volatile_frac_organic_fertiliser,max,3,-36.08756167654512,-0.0016216200000016556
volatile_frac_organic_fertiliser,max,4,-31.28432068982069,-0.0016216200000016556
volatile_frac_organic_fertiliser,max,5,-28.26046826106517,-0.0016216200000016556
volatile_frac_organic_fertiliser,max,6,-7.297179474971581,-0.0016216199999998793
volatile_frac_organic_fertiliser,max,7,-17.53563521733457,-0.001621619999998103
volatile_frac_organic_fertiliser,max,8,-28.735124715473738,-0.0016216200000016556
volatile_frac_organic_fertiliser,max,9,-22.79563432076088,-0.0016216200000016556
volatile_frac_organic_fertiliser,max,10,-11.723385584606108,-0.0016216199999998793
volatile_frac_organic_fertiliser,max,11,-2.731459326401357,-0.0016216199999998793
volatile_frac_organic_fertiliser,max,12,-25.425770534448183,-0.0016216200000016556
volatile_frac_organic_fertiliser,max,13,-25.005071431777736,-0.0016216200000016556
volatile_frac_organic_fertiliser,max,14,-25.09149669966661,-0.0016216200000016556
volatile_frac_organic_fertiliser,max,15,-2.01300018016855,-0.0016216199999998793
volatile_frac_organic_fertiliser,max,16,-2.091959877654589,-0.0016216199999998793
volatile_frac_organic_fertiliser,max,17,-26.729983681393996,-0.0016216200000016556
volatile_frac_organic_fertiliser,max,18,-26.403127754862794,-0.0016216200000016556
volatile_frac_organic_fertiliser,max,19,-26.539475888528994,-0.0016216200000016556
volatile_frac_organic_fertiliser,max,20,-26.792555034667117,-0.0016216200000016556
volatile_frac_organic_fertiliser,max,21,-0.12343316132238602,-0.0016216199999998793
volatile_frac_organic_fertiliser,max,22,-32.8313034548802,-0.0016216200000016556
volatile_frac_organic_fertiliser,max,23,-31.53636574053893,-0.0016216200000016556
volatile_frac_organic_fertiliser,max,24,-30.97480391244673,-0.0016216200000016556
volatile_frac_organic_fertiliser,max,25,-30.649543035690233,-0.0016216200000016556
volatile_frac_organic_fertiliser,max,26,1.5219342614516775,-0.0016216199999998793
volatile_frac_organic_fertiliser,max,27,-37.080638091142966,-0.0016216200000016556
volatile_frac_organic_fertiliser,max,28,-34.96733332658687,-0.0016216200000016556
volatile_frac_organic_fertiliser,max,29,-33.77914683582702,-0.0016216200000016556
volatile_frac_organic_fertiliser,max,30,-32.89304663907915,-0.0016216200000016556
volatile_frac_organic_fertiliser,max,31,5.1009737591168545,-0.0016216199999998793
volatile_frac_organic_fertiliser,max,32,-38.35572738683484,-0.0016216200000016556
volatile_frac_organic_fertiliser,max,33,-35.74742197258889,-0.0016216200000016556
volatile_frac_organic_fertiliser,max,34,-34.0536859583703,-0.0016216200000016556
volatile_frac_organic_fertiliser,max,35,90.73032592991366,-0.0016216199999945502
volatile_frac_organic_fertiliser,max,36,6.298977584931453,-0.0016216199999998793
volatile_frac_organic_fertiliser,max,37,-18.31277111669064,-0.0016216200000016556
volatile_frac_organic_fertiliser,max,38,-18.939762605984104,-0.0016216200000016556
volatile_frac_organic_fertiliser,max,39,-19.324369301345843,-0.0016216200000016556
volatile_frac_organic_fertiliser,max,40,-19.390201104890185,-0.0016216200000016556
volatile_frac_organic_fertiliser,max,41,18.09174993753113,-0.0016216200000016556
volatile_frac_organic_fertiliser,max,42,-26.540852385691217,-0.0016216200000016556
volatile_frac_organic_fertiliser,max,43,-23.58566199897009,-0.0016216200000016556
volatile_frac_organic_fertiliser,max,44,-21.524864552224944,-0.0016216200000016556
volatile_frac_organic_fertiliser,max,45,-19.72674731592114,-0.0016216200000016556
volatile_frac_organic_fertiliser,max,46,21.79086080319631,-0.0016216200000016556
volatile_frac_organic_fertiliser,max,47,-24.921364205440312,-0.0016216200000016556
volatile_frac_organic_fertiliser,max,48,-20.97390868037723,-0.0016216200000016556
volatile_frac_organic_fertiliser,max,49,-18.188190399401844,-0.0016216200000016556
volatile_frac_organic_fertiliser,max,50,-15.841639543162723,-0.0016216199999998793
volatile_frac_organic_fertiliser,max,total,-1054.4204464849774,-0.08108100000004015
volatile_frac_synthetic_fertiliser,min,1,-224.1210074129262,-0.009437999999988733
volatile_frac_synthetic_fertiliser,min,2,18.956098967364298,-0.009437999999999391
volatile_frac_synthetic_fertiliser,min,3,-36.09537805654512,-0.009438000000002944
volatile_frac_synthetic_fertiliser,min,4,-31.29213706982069,-0.009438000000002944
volatile_frac_synthetic_fertiliser,min,5,-28.268284641065172,-0.009438000000002944
volatile_frac_synthetic_fertiliser,min,6,-7.304995854971581,-0.00943800000000028
volatile_frac_synthetic_fertiliser,min,7,-17.54345159733457,-0.009437999999999391
volatile_frac_synthetic_fertiliser,min,8,-28.742941095473736,-0.009437999999999391
volatile_frac_synthetic_fertiliser,min,9,-22.803450700760877,-0.009437999999999391
volatile_frac_synthetic_fertiliser,min,10,-11.731201964606107,-0.009437999999999391
volatile_frac_synthetic_fertiliser,min,11,-2.7392757064013575,-0.00943800000000028
volatile_frac_synthetic_fertiliser,min,12,-25.43358691444818,-0.009437999999999391
volatile_frac_synthetic_fertiliser,min,13,-25.012887811777734,-0.009437999999999391
volatile_frac_synthetic_fertiliser,min,14,-25.099313079666608,-0.009437999999999391
volatile_frac_synthetic_fertiliser,min,15,-2.02081656016855,-0.009437999999999835
volatile_frac_synthetic_fertiliser,min,16,-2.099776257654589,-0.009437999999999835
volatile_frac_synthetic_fertiliser,min,17,-26.737800061393997,-0.009438000000002944
volatile_frac_synthetic_fertiliser,min,18,-26.410944134862792,-0.009437999999999391
volatile_frac_synthetic_fertiliser,min,19,-26.54729226852899,-0.009437999999999391
volatile_frac_synthetic_fertiliser,min,20,-26.800371414667115,-0.009437999999999391
volatile_frac_synthetic_fertiliser,min,21,-0.13124954132238642,-0.00943800000000028
volatile_frac_synthetic_fertiliser,min,22,-32.839119834880194,-0.009437999999995839
volatile_frac_synthetic_fertiliser,min,23,-31.544182120538927,-0.009437999999999391
volatile_frac_synthetic_fertiliser,min,24,-30.98262029244673,-0.009437999999999391
volatile_frac_synthetic_fertiliser,min,25,-30.65735941569023,-0.009437999999999391
volatile_frac_synthetic_fertiliser,min,26,1.5141178814516776,-0.009437999999999835
volatile_frac_synthetic_fertiliser,min,27,-37.08845447114297,-0.009438000000002944
volatile_frac_synthetic_fertiliser,min,28,-34.97514970658686,-0.009437999999995839
volatile_frac_synthetic_fertiliser,min,29,-33.78696321582702,-0.009438000000002944
volatile_frac_synthetic_fertiliser,min,30,-32.900863019079154,-0.009438000000002944
volatile_frac_synthetic_fertiliser,min,31,5.093157379116854,-0.00943800000000028
volatile_frac_synthetic_fertiliser,min,32,-38.363543766834844,-0.009438000000002944
volatile_frac_synthetic_fertiliser,min,33,-35.75523835258889,-0.009438000000002944
volatile_frac_synthetic_fertiliser,min,34,-34.061502338370296,-0.009437999999995839
volatile_frac_synthetic_fertiliser,min,35,90.72250954991365,-0.009438000000002944
volatile_frac_synthetic_fertiliser,min,36,6.291161204931453,-0.00943800000000028
volatile_frac_synthetic_fertiliser,min,37,-18.32058749669064,-0.009437999999999391
volatile_frac_synthetic_fertiliser,min,38,-18.9475789859841,-0.009437999999999391
volatile_frac_synthetic_fertiliser,min,39,-19.33218568134584,-0.009437999999999391
volatile_frac_synthetic_fertiliser,min,40,-19.398017484890183,-0.009437999999999391
volatile_frac_synthetic_fertiliser,min,41,18.083933557531132,-0.009437999999999391
volatile_frac_synthetic_fertiliser,min,42,-26.548668765691215,-0.009437999999999391
volatile_frac_synthetic_fertiliser,min,43,-23.59347837897009,-0.009438000000002944
volatile_frac_synthetic_fertiliser,min,44,-21.53268093222494,-0.009437999999999391
volatile_frac_synthetic_fertiliser,min,45,-19.73456369592114,-0.009437999999999391
volatile_frac_synthetic_fertiliser,min,46,21.78304442319631,-0.009438000000002944
volatile_frac_synthetic_fertiliser,min,47,-24.929180585440314,-0.009438000000002944
volatile_frac_synthetic_fertiliser,min,48,-20.98172506037723,-0.009437999999999391
volatile_frac_synthetic_fertiliser,min,49,-18.19600677940184,-0.009437999999999391
volatile_frac_synthetic_fertiliser,min,50,-15.849455923162722,-0.009437999999999391
volatile_frac_synthetic_fertiliser,min,total,-1054.8112654849774,-0.4719000000000051
volatile_frac_synthetic_fertiliser,max,1,-224.10213141292618,0.009438000000017155
volatile_frac_synthetic_fertiliser,max,2,18.974974967364297,0.009437999999999391
volatile_frac_synthetic_fertiliser,max,3,-36.076502056545124,0.009437999999995839
volatile_frac_synthetic_fertiliser,max,4,-31.273261069820688,0.009437999999999391
volatile_frac_synthetic_fertiliser,max,5,-28.24940864106517,0.009437999999999391
volatile_frac_synthetic_fertiliser,max,6,-7.286119854971581,0.00943800000000028
volatile_frac_synthetic_fertiliser,max,7,-17.524575597334568,0.009438000000002944
volatile_frac_synthetic_fertiliser,max,8,-28.724065095473737,0.009437999999999391
volatile_frac_synthetic_fertiliser,max,9,-22.784574700760878,0.009437999999999391
volatile_frac_synthetic_fertiliser,max,10,-11.712325964606107,0.009438000000001168
volatile_frac_synthetic_fertiliser,max,11,-2.7203997064013574,0.009437999999999835
volatile_frac_synthetic_fertiliser,max,12,-25.414710914448182,0.009437999999999391
volatile_frac_synthetic_fertiliser,max,13,-24.994011811777735,0.009437999999999391
volatile_frac_synthetic_fertiliser,max,14,-25.08043707966661,0.009437999999999391
volatile_frac_synthetic_fertiliser,max,15,-2.00194056016855,0.00943800000000028
volatile_frac_synthetic_fertiliser,max,16,-2.080900257654589,0.00943800000000028
volatile_frac_synthetic_fertiliser,max,17,-26.718924061393995,0.009437999999999391
volatile_frac_synthetic_fertiliser,max,18,-26.392068134862793,0.009437999999999391
volatile_frac_synthetic_fertiliser,max,19,-26.528416268528993,0.009437999999999391
volatile_frac_synthetic_fertiliser,max,20,-26.781495414667113,0.009438000000002944
volatile_frac_synthetic_fertiliser,max,21,-0.1123735413223863,0.009437999999999835
volatile_frac_synthetic_fertiliser,max,22,-32.820243834880195,0.009438000000002944
volatile_frac_synthetic_fertiliser,max,23,-31.52530612053893,0.009437999999999391
volatile_frac_synthetic_fertiliser,max,24,-30.96374429244673,0.009437999999999391
volatile_frac_synthetic_fertiliser,max,25,-30.63848341569023,0.009437999999999391
volatile_frac_synthetic_fertiliser,max,26,1.5329938814516777,0.00943800000000028
volatile_frac_synthetic_fertiliser,max,27,-37.06957847114297,0.009437999999995839
volatile_frac_synthetic_fertiliser,max,28,-34.95627370658686,0.009438000000002944
volatile_frac_synthetic_fertiliser,max,29,-33.768087215827016,0.009438000000002944
volatile_frac_synthetic_fertiliser,max,30,-32.88198701907915,0.009438000000002944
volatile_frac_synthetic_fertiliser,max,31,5.112033379116854,0.009437999999999391
volatile_frac_synthetic_fertiliser,max,32,-38.344667766834846,0.009437999999995839
volatile_frac_synthetic_fertiliser,max,33,-35.73636235258889,0.009437999999995839
volatile_frac_synthetic_fertiliser,max,34,-34.0426263383703,0.009438000000002944
volatile_frac_synthetic_fertiliser,max,35,90.74138554991366,0.009438000000002944
volatile_frac_synthetic_fertiliser,max,36,6.3100372049314535,0.00943800000000028
volatile_frac_synthetic_fertiliser,max,37,-18.30171149669064,0.009437999999999391
volatile_frac_synthetic_fertiliser,max,38,-18.928702985984103,0.009437999999999391
volatile_frac_synthetic_fertiliser,max,39,-19.313309681345842,0.009437999999999391
volatile_frac_synthetic_fertiliser,max,40,-19.379141484890184,0.009437999999999391
volatile_frac_synthetic_fertiliser,max,41,18.10280955753113,0.009437999999999391
volatile_frac_synthetic_fertiliser,max,42,-26.529792765691212,0.009438000000002944
volatile_frac_synthetic_fertiliser,max,43,-23.574602378970088,0.009437999999999391
volatile_frac_synthetic_fertiliser,max,44,-21.513804932224943,0.009437999999999391
volatile_frac_synthetic_fertiliser,max,45,-19.71568769592114,0.009437999999999391
volatile_frac_synthetic_fertiliser,max,46,21.80192042319631,0.009437999999999391
volatile_frac_synthetic_fertiliser,max,47,-24.91030458544031,0.009437999999999391
volatile_frac_synthetic_fertiliser,max,48,-20.96284906037723,0.009437999999999391
volatile_frac_synthetic_fertiliser,max,49,-18.177130779401843,0.009437999999999391
volatile_frac_synthetic_fertiliser,max,50,-15.830579923162722,0.009438000000001168
volatile_frac_synthetic_fertiliser,max,total,-1053.8674654849774,0.4719000000000051
base_sf_qty_scale,min,1,-224.03520741292618,0.07636200000001736
base_sf_qty_scale,min,2,19.041898967364297,0.0763619999999996
base_sf_qty_scale,min,3,-36.009578056545124,0.07636199999999604
base_sf_qty_scale,min,4,-31.206337069820687,0.0763619999999996
base_sf_qty_scale,min,5,-28.18248464106517,0.0763619999999996
base_sf_qty_scale,min,6,-7.219195854971581,0.07636200000000049
base_sf_qty_scale,min,7,-17.457651597334568,0.07636200000000315
base_sf_qty_scale,min,8,-28.657141095473737,0.0763619999999996
base_sf_qty_scale,min,9,-22.717650700760878,0.0763619999999996
base_sf_qty_scale,min,10,-11.645401964606108,0.0763619999999996
base_sf_qty_scale,min,11,-2.653475706401357,0.07636200000000004
base_sf_qty_scale,min,12,-25.347786914448182,0.0763619999999996
base_sf_qty_scale,min,13,-24.927087811777735,0.0763619999999996
base_sf_qty_scale,min,14,-25.01351307966661,0.0763619999999996
base_sf_qty_scale,min,15,-1.9350165601685503,0.07636200000000004
base_sf_qty_scale,min,16,-2.013976257654589,0.07636200000000004
base_sf_qty_scale,min,17,-26.652000061393995,0.0763619999999996
base_sf_qty_scale,min,18,-26.325144134862793,0.0763619999999996
base_sf_qty_scale,min,19,-26.461492268528993,0.0763619999999996
base_sf_qty_scale,min,20,-26.714571414667112,0.07636200000000315
base_sf_qty_scale,min,21,-0.0454495413223861,0.07636200000000004
base_sf_qty_scale,min,22,-32.753319834880195,0.07636200000000315
base_sf_qty_scale,min,23,-31.45838212053893,0.0763619999999996
base_sf_qty_scale,min,24,-30.89682029244673,0.0763619999999996
base_sf_qty_scale,min,25,-30.57155941569023,0.0763619999999996
base_sf_qty_scale,min,26,1.5999178814516775,0.07636200000000004
base_sf_qty_scale,min,27,-37.00265447114297,0.07636199999999604
base_sf_qty_scale,min,28,-34.88934970658686,0.07636200000000315
base_sf_qty_scale,min,29,-33.701163215827016,0.07636200000000315
base_sf_qty_scale,min,30,-32.81506301907915,0.07636200000000315
base_sf_qty_scale,min,31,5.178957379116854,0.0763619999999996
base_sf_qty_scale,min,32,-38.277743766834845,0.07636199999999604
base_sf_qty_scale,min,33,-35.66943835258889,0.07636199999999604
base_sf_qty_scale,min,34,-33.9757023383703,0.07636200000000315
base_sf_qty_scale,min,35,90.80830954991366,0.07636200000000315
base_sf_qty_scale,min,36,6.376961204931453,0.0763619999999996
base_sf_qty_scale,min,37,-18.23478749669064,0.0763619999999996
base_sf_qty_scale,min,38,-18.861778985984103,0.0763619999999996
base_sf_qty_scale,min,39,-19.246385681345842,0.0763619999999996
base_sf_qty_scale,min,40,-19.312217484890184,0.0763619999999996
base_sf_qty_scale,min,41,18.16973355753113,0.0763619999999996
base_sf_qty_scale,min,42,-26.462868765691212,0.07636200000000315
base_sf_qty_scale,min,43,-23.507678378970088,0.0763619999999996
base_sf_qty_scale,min,44,-21.446880932224943,0.0763619999999996
base_sf_qty_scale,min,45,-19.64876369592114,0.0763619999999996
base_sf_qty_scale,min,46,21.86884442319631,0.0763619999999996
base_sf_qty_scale,min,47,-24.84338058544031,0.0763619999999996
base_sf_qty_scale,min,48,-20.89592506037723,0.0763619999999996
base_sf_qty_scale,min,49,-18.110206779401842,0.0763619999999996
base_sf_qty_scale,min,50,-15.763655923162723,0.0763619999999996
base_sf_qty_scale,min,total,-1050.5212654849774,3.8180999999999585
base_sf_qty_scale,max,1,-224.1879314129262,-0.07636199999998894
base_sf_qty_scale,max,2,18.889174967364298,-0.0763619999999996
base_sf_qty_scale,max,3,-36.16230205654512,-0.07636200000000315
base_sf_qty_scale,max,4,-31.359061069820687,-0.0763619999999996
base_sf_qty_scale,max,5,-28.335208641065172,-0.07636200000000315
base_sf_qty_scale,max,6,-7.371919854971582,-0.07636200000000049
base_sf_qty_scale,max,7,-17.61037559733457,-0.0763619999999996
base_sf_qty_scale,max,8,-28.809865095473736,-0.0763619999999996
base_sf_qty_scale,max,9,-22.870374700760877,-0.0763619999999996
base_sf_qty_scale,max,10,-11.798125964606108,-0.0763619999999996
base_sf_qty_scale,max,11,-2.8061997064013573,-0.07636200000000004
base_sf_qty_scale,max,12,-25.50051091444818,-0.0763619999999996
base_sf_qty_scale,max,13,-25.079811811777734,-0.0763619999999996
base_sf_qty_scale,max,14,-25.166237079666608,-0.0763619999999996
base_sf_qty_scale,max,15,-2.0877405601685504,-0.07636200000000004
base_sf_qty_scale,max,16,-2.1667002576545893,-0.07636200000000004
base_sf_qty_scale,max,17,-26.804724061393998,-0.07636200000000315
base_sf_qty_scale,max,18,-26.477868134862792,-0.0763619999999996
base_sf_qty_scale,max,19,-26.614216268528992,-0.0763619999999996
base_sf_qty_scale,max,20,-26.867295414667115,-0.0763619999999996
base_sf_qty_scale,max,21,-0.19817354132238618,-0.07636200000000004
base_sf_qty_scale,max,22,-32.906043834880194,-0.07636199999999604
base_sf_qty_scale,max,23,-31.611106120538928,-0.0763619999999996
base_sf_qty_scale,max,24,-31.04954429244673,-0.0763619999999996
base_sf_qty_scale,max,25,-30.72428341569023,-0.0763619999999996
base_sf_qty_scale,max,26,1.4471938814516774,-0.07636200000000004
base_sf_qty_scale,max,27,-37.15537847114297,-0.07636200000000315
base_sf_qty_scale,max,28,-35.04207370658686,-0.07636199999999604
base_sf_qty_scale,max,29,-33.85388721582702,-0.07636200000000315
base_sf_qty_scale,max,30,-32.967787019079154,-0.07636200000000315
base_sf_qty_scale,max,31,5.026233379116854,-0.07636200000000049
base_sf_qty_scale,max,32,-38.430467766834845,-0.07636200000000315
base_sf_qty_scale,max,33,-35.82216235258889,-0.07636200000000315
base_sf_qty_scale,max,34,-34.128426338370296,-0.07636199999999604
base_sf_qty_scale,max,35,90.65558554991365,-0.07636200000000315
base_sf_qty_scale,max,36,6.224237204931454,-0.0763619999999996
base_sf_qty_scale,max,37,-18.38751149669064,-0.0763619999999996
base_sf_qty_scale,max,38,-19.0145029859841,-0.0763619999999996
base_sf_qty_scale,max,39,-19.39910968134584,-0.0763619999999996
base_sf_qty_scale,max,40,-19.464941484890183,-0.0763619999999996
base_sf_qty_scale,max,41,18.017009557531132,-0.0763619999999996
base_sf_qty_scale,max,42,-26.615592765691215,-0.0763619999999996
base_sf_qty_scale,max,43,-23.66040237897009,-0.07636200000000315
base_sf_qty_scale,max,44,-21.599604932224942,-0.0763619999999996
base_sf_qty_scale,max,45,-19.80148769592114,-0.0763619999999996
base_sf_qty_scale,max,46,21.71612042319631,-0.07636200000000315
base_sf_qty_scale,max,47,-24.996104585440314,-0.07636200000000315
base_sf_qty_scale,max,48,-21.04864906037723,-0.0763619999999996
base_sf_qty_scale,max,49,-18.26293077940184,-0.0763619999999996
base_sf_qty_scale,max,50,-15.916379923162722,-0.0763619999999996
base_sf_qty_scale,max,total,-1058.1574654849776,-3.818100000000186
proj_lit_qty_scale,min,1,-224.10104609241762,0.010523320508582401
proj_lit_qty_scale,min,2,19.082586129639832,0.11704916227553497
proj_lit_qty_scale,min,3,-35.999203975078494,0.08673608146662559
proj_lit_qty_scale,min,4,-31.217028626505,0.06567044331568539
proj_lit_qty_scale,min,5,-28.20862399599366,0.05022264507151064
proj_lit_qty_scale,min,6,-7.371733195339192,-0.07617534036761064
proj_lit_qty_scale,min,7,-17.478897889116908,0.055115708217662984
proj_lit_qty_scale,min,8,-28.69210868102925,0.041394414444486216
proj_lit_qty_scale,min,9,-22.761520088509673,0.03249261225120392
proj_lit_qty_scale,min,10,-11.695878462666688,0.025885501939420408
proj_lit_qty_scale,min,11,-2.8239616262773963,-0.09412391987603907
proj_lit_qty_scale,min,12,-25.382382328802986,0.04176658564519542
proj_lit_qty_scale,min,13,-24.972100435153948,0.031349376623786895
proj_lit_qty_scale,min,14,-25.065056352420505,0.024818727246103123
proj_lit_qty_scale,min,15,-1.991465222586905,0.019913337581645374
proj_lit_qty_scale,min,16,-2.189211754731177,-0.09887349707658766
proj_lit_qty_scale,min,17,-26.690464801017917,0.03789726037607721
proj_lit_qty_scale,min,18,-26.37339014528516,0.02811598957763195
proj_lit_qty_scale,min,19,-26.51580723189265,0.022047036636340778
proj_lit_qty_scale,min,20,-26.773454300924552,0.017479113742563612
proj_lit_qty_scale,min,21,-0.22287037192234438,-0.10105883059995824
proj_lit_qty_scale,min,22,-32.79378419715411,0.03589763772608734
proj_lit_qty_scale,min,23,-31.508487142450512,0.02625697808841565
proj_lit_qty_scale,min,24,-30.952885888524712,0.020296403922017703
proj_lit_qty_scale,min,25,-30.632107633143494,0.015813782546736377
proj_lit_qty_scale,min,26,1.4209004569818546,-0.10265542446982279
proj_lit_qty_scale,min,27,-37.04465861961901,0.034357851523957095
proj_lit_qty_scale,min,28,-34.94094634015875,0.02476536642811311
proj_lit_qty_scale,min,29,-33.75867853481667,0.01884668101035203
proj_lit_qty_scale,min,30,-32.87702368572164,0.014401333357511703
proj_lit_qty_scale,min,31,4.998561354739213,-0.10403402437764164
proj_lit_qty_scale,min,32,-38.32109524138375,0.033010525451089734
proj_lit_qty_scale,min,33,-35.72235300791254,0.02344734467634879
proj_lit_qty_scale,min,34,-34.034507910695844,0.017556427674456643
proj_lit_qty_scale,min,35,90.74508517319347,0.01313762327981749
proj_lit_qty_scale,min,36,6.195327012502525,-0.10527219242892816
proj_lit_qty_scale,min,37,-18.279352439970275,0.03179705672036448
proj_lit_qty_scale,min,38,-18.91588313276609,0.022257853218011547
proj_lit_qty_scale,min,39,-19.3063574060031,0.016390275342740068
proj_lit_qty_scale,min,40,-19.37658524946379,0.011994235426392663
proj_lit_qty_scale,min,41,17.98697821364864,-0.10639334388249111
proj_lit_qty_scale,min,42,-26.508533113472648,0.03069765221856713
proj_lit_qty_scale,min,43,-23.562860648558253,0.021179730411834186
proj_lit_qty_scale,min,44,-21.50790993963988,0.015332992585062044
proj_lit_qty_scale,min,45,-19.714168327211656,0.010957368709483717
proj_lit_qty_scale,min,46,21.685072219670996,-0.1074102035253155
proj_lit_qty_scale,min,47,-24.890042182741805,0.029700402698505712
proj_lit_qty_scale,min,48,-20.952085355316772,0.020201705060458153
proj_lit_qty_scale,min,49,-18.172194963612792,0.014373815789049615
proj_lit_qty_scale,min,50,-15.830001250015918,0.010016673146804322
proj_lit_qty_scale,min,total,-1054.0141972276494,0.3251682573279595
proj_lit_qty_scale,max,1,-224.1220927334354,-0.010523320509207679
proj_lit_qty_scale,max,2,18.848487805082744,-0.11704916228155327
proj_lit_qty_scale,max,3,-36.17267613800546,-0.08673608146033729
proj_lit_qty_scale,max,4,-31.348369513139737,-0.06567044331904981
proj_lit_qty_scale,max,5,-28.309069286139472,-0.050222645074303074
proj_lit_qty_scale,max,6,-7.219382514599098,0.07617534037248319
proj_lit_qty_scale,max,7,-17.589129305551577,-0.05511570821700573
proj_lit_qty_scale,max,8,-28.774897509924813,-0.0413944144510765
proj_lit_qty_scale,max,9,-22.826505313010518,-0.03249261224964073
proj_lit_qty_scale,max,10,-11.747649466544123,-0.02588550193801531
proj_lit_qty_scale,max,11,-2.635713786524849,0.09412391987650848
proj_lit_qty_scale,max,12,-25.465915500091896,-0.04176658564371394
proj_lit_qty_scale,max,13,-25.034799188401163,-0.03134937662342807
proj_lit_qty_scale,max,14,-25.11469380691245,-0.024818727245840222
proj_lit_qty_scale,max,15,-2.031291897751184,-0.019913337582633694
proj_lit_qty_scale,max,16,-1.991464760610307,0.09887349704428217
proj_lit_qty_scale,max,17,-26.766259321758817,-0.037897260364822216
proj_lit_qty_scale,max,18,-26.42962212443891,-0.028115989576118494
proj_lit_qty_scale,max,19,-26.559901305162057,-0.022047036633065176
proj_lit_qty_scale,max,20,-26.808412528406926,-0.01747911373981026
proj_lit_qty_scale,max,21,-0.02075271071763196,0.10105883060475418
proj_lit_qty_scale,max,22,-32.86557947260379,-0.035897637723593334
proj_lit_qty_scale,max,23,-31.56100109862339,-0.02625697808446148
proj_lit_qty_scale,max,24,-30.993478696366406,-0.020296403919676465
proj_lit_qty_scale,max,25,-30.66373519823509,-0.015813782544860544
proj_lit_qty_scale,max,26,1.6262113059843921,0.1026554245327147
proj_lit_qty_scale,max,27,-37.11337432273175,-0.034357851588787014
proj_lit_qty_scale,max,28,-34.99047707301289,-0.024765366426024116
proj_lit_qty_scale,max,29,-33.79637189683648,-0.01884668100946385
proj_lit_qty_scale,max,30,-32.90582635243557,-0.014401333356417467
proj_lit_qty_scale,max,31,5.206629403495432,0.10403402437857778
proj_lit_qty_scale,max,32,-38.38711629228812,-0.033010525453278206
proj_lit_qty_scale,max,33,-35.76924769726316,-0.023447344674274007
proj_lit_qty_scale,max,34,-34.069620766047635,-0.01755642767733434
proj_lit_qty_scale,max,35,90.71880992663246,-0.013137623281195943
proj_lit_qty_scale,max,36,6.405871410083635,0.10527220515218172
proj_lit_qty_scale,max,37,-18.342946557884453,-0.03179706119381365
proj_lit_qty_scale,max,38,-18.960398840575117,-0.022257854591014592
proj_lit_qty_scale,max,39,-19.33913795815903,-0.016390276813186944
proj_lit_qty_scale,max,40,-19.40057372161445,-0.011994236724266472
proj_lit_qty_scale,max,41,18.199764900362528,0.1063933428313959
proj_lit_qty_scale,max,42,-26.56992841872546,-0.03069765303424532
proj_lit_qty_scale,max,43,-23.605220109994484,-0.02117973102439663
proj_lit_qty_scale,max,44,-21.53857592526145,-0.015332993036508924
proj_lit_qty_scale,max,45,-19.736083064963797,-0.010957369042657206
proj_lit_qty_scale,max,46,21.899892626481194,0.10741020328488204
proj_lit_qty_scale,max,47,-24.94944298831046,-0.02970040287014797
proj_lit_qty_scale,max,48,-20.99248876556077,-0.020201705183538365
proj_lit_qty_scale,max,49,-18.200942595279376,-0.014373815877533502
proj_lit_qty_scale,max,50,-15.850034596372891,-0.010016673210168747
proj_lit_qty_scale,max,total,-1054.6645337421498,-0.3251682571724359
base_stand_density_scale,min,1,-224.1115694129262,0.0
base_stand_density_scale,min,2,18.965536967364297,0.0
base_stand_density_scale,min,3,-36.08594005654512,0.0
base_stand_density_scale,min,4,-31.282699069820687,0.0
base_stand_density_scale,min,5,-28.25884664106517,0.0
base_stand_density_scale,min,6,-7.295557854971581,0.0
base_stand_density_scale,min,7,-17.53401359733457,0.0
base_stand_density_scale,min,8,-28.733503095473736,0.0
base_stand_density_scale,min,9,-22.794012700760877,0.0
base_stand_density_scale,min,10,-11.721763964606108,0.0
base_stand_density_scale,min,11,-2.7298377064013573,0.0
base_stand_density_scale,min,12,-25.424148914448182,0.0
base_stand_density_scale,min,13,-25.003449811777735,0.0
base_stand_density_scale,min,14,-25.08987507966661,0.0
base_stand_density_scale,min,15,-2.0113785601685503,0.0
base_stand_density_scale,min,16,-2.0903382576545892,0.0
base_stand_density_scale,min,17,-26.728362061393995,0.0
base_stand_density_scale,min,18,-26.401506134862792,0.0
base_stand_density_scale,min,19,-26.537854268528992,0.0
base_stand_density_scale,min,20,-26.790933414667116,0.0
base_stand_density_scale,min,21,-0.12181154132238614,0.0
base_stand_density_scale,min,22,-32.8296818348802,0.0
base_stand_density_scale,min,23,-31.534744120538928,0.0
base_stand_density_scale,min,24,-30.97318229244673,0.0
base_stand_density_scale,min,25,-30.64792141569023,0.0
base_stand_density_scale,min,26,1.5235558814516774,0.0
base_stand_density_scale,min,27,-37.079016471142964,0.0
base_stand_density_scale,min,28,-34.965711706586866,0.0
base_stand_density_scale,min,29,-33.77752521582702,0.0
base_stand_density_scale,min,30,-32.89142501907915,0.0
base_stand_density_scale,min,31,5.102595379116854,0.0
base_stand_density_scale,min,32,-38.35410576683484,0.0
base_stand_density_scale,min,33,-35.74580035258889,0.0
base_stand_density_scale,min,34,-34.0520643383703,0.0
base_stand_density_scale,min,35,90.73194754991366,0.0
base_stand_density_scale,min,36,6.300599204931453,0.0
base_stand_density_scale,min,37,-18.31114949669064,0.0
base_stand_density_scale,min,38,-18.938140985984102,0.0
base_stand_density_scale,min,39,-19.32274768134584,0.0
base_stand_density_scale,min,40,-19.388579484890183,0.0
base_stand_density_scale,min,41,18.093371557531132,0.0
base_stand_density_scale,min,42,-26.539230765691215,0.0
base_stand_density_scale,min,43,-23.584040378970087,0.0
base_stand_density_scale,min,44,-21.523242932224942,0.0
base_stand_density_scale,min,45,-19.72512569592114,0.0
base_stand_density_scale,min,46,21.79248242319631,0.0
base_stand_density_scale,min,47,-24.91974258544031,0.0
base_stand_density_scale,min,48,-20.97228706037723,0.0
base_stand_density_scale,min,49,-18.186568779401842,0.0
base_stand_density_scale,min,50,-15.840017923162723,0.0
base_stand_density_scale,min,total,-1054.3393654849774,0.0
base_stand_density_scale,max,1,-224.1115694129262,0.0
base_stand_density_scale,max,2,18.965536967364297,0.0
base_stand_density_scale,max,3,-36.08594005654512,0.0
base_stand_density_scale,max,4,-31.282699069820687,0.0
base_stand_density_scale,max,5,-28.25884664106517,0.0
base_stand_density_scale,max,6,-7.295557854971581,0.0
base_stand_density_scale,max,7,-17.53401359733457,0.0
base_stand_density_scale,max,8,-28.733503095473736,0.0
base_stand_density_scale,max,9,-22.794012700760877,0.0
base_stand_density_scale,max,10,-11.721763964606108,0.0
base_stand_density_scale,max,11,-2.7298377064013573,0.0
base_stand_density_scale,max,12,-25.424148914448182,0.0
base_stand_density_scale,max,13,-25.003449811777735,0.0
base_stand_density_scale,max,14,-25.08987507966661,0.0
base_stand_density_scale,max,15,-2.0113785601685503,0.0
base_stand_density_scale,max,16,-2.0903382576545892,0.0
base_stand_density_scale,max,17,-26.728362061393995,0.0
base_stand_density_scale,max,18,-26.401506134862792,0.0
base_stand_density_scale,max,19,-26.537854268528992,0.0
base_stand_density_scale,max,20,-26.790933414667116,0.0
base_stand_density_scale,max,21,-0.12181154132238614,0.0
base_stand_density_scale,max,22,-32.8296818348802,0.0
base_stand_density_scale,max,23,-31.534744120538928,0.0
base_stand_density_scale,max,24,-30.97318229244673,0.0
base_stand_density_scale,max,25,-30.64792141569023,0.0
base_stand_density_scale,max,26,1.5235558814516774,0.0
base_stand_density_scale,max,27,-37.079016471142964,0.0
base_stand_density_scale,max,28,-34.965711706586866,0.0
base_stand_density_scale,max,29,-33.77752521582702,0.0
base_stand_density_scale,max,30,-32.89142501907915,0.0
base_stand_density_scale,max,31,5.102595379116854,0.0
base_stand_density_scale,max,32,-38.35410576683484,0.0
base_stand_density_scale,max,33,-35.74580035258889,0.0
base_stand_density_scale,max,34,-34.0520643383703,0.0
base_stand_density_scale,max,35,90.73194754991366,0.0
base_stand_density_scale,max,36,6.300599204931453,0.0
base_stand_density_scale,max,37,-18.31114949669064,0.0
base_stand_density_scale,max,38,-18.938140985984102,0.0
base_stand_density_scale,max,39,-19.32274768134584,0.0
base_stand_density_scale,max,40,-19.388579484890183,0.0
base_stand_density_scale,max,41,18.093371557531132,0.0
base_stand_density_scale,max,42,-26.539230765691215,0.0
base_stand_density_scale,max,43,-23.584040378970087,0.0
base_stand_density_scale,max,44,-21.523242932224942,0.0
base_stand_density_scale,max,45,-19.72512569592114,0.0
base_stand_density_scale,max,46,21.79248242319631,0.0
base_stand_density_scale,max,47,-24.91974258544031,0.0
base_stand_density_scale,max,48,-20.97228706037723,0.0
base_stand_density_scale,max,49,-18.186568779401842,0.0
base_stand_density_scale,max,50,-15.840017923162723,0.0
base_stand_density_scale,max,total,-1054.3393654849774,0.0
proj_stand_density_scale,min,1,-201.5994129712326,22.512156441693605
proj_stand_density_scale,min,2,16.86555440925304,-2.0999825581112574
proj_stand_density_scale,min,3,-32.636169534978634,3.449770521566485
proj_stand_density_scale,min,4,-28.289733077372002,2.992965992448685
proj_stand_density_scale,min,5,-25.551184052865114,2.707662588200055
proj_stand_density_scale,min,6,-6.357008028299432,0.9385498266721495
proj_stand_density_scale,min,7,-15.822740731368317,1.7112728659662544
proj_stand_density_scale,min,8,-25.89912122795192,2.8343818675218166
proj_stand_density_scale,min,9,-20.555705428280493,2.238307272480384
proj_stand_density_scale,min,10,-10.592096909062223,1.1296670555438855
proj_stand_density_scale,min,11,-2.320149168528533,0.4096885378728241
proj_stand_density_scale,min,12,-22.938127960123403,2.486020954324779
proj_stand_density_scale,min,13,-22.552937311741903,2.450512500035831
proj_stand_density_scale,min,14,-22.6288201560449,2.4610549236217096
proj_stand_density_scale,min,15,-1.856813544415847,0.15456501575270343
proj_stand_density_scale,min,16,-1.7537519180284278,0.33658633962616147
proj_stand_density_scale,min,17,-24.140615606164864,2.58774645522913
proj_stand_density_scale,min,18,-23.8309126995838,2.570593435278994
proj_stand_density_scale,min,19,-23.94679153492563,2.591062733603362
proj_stand_density_scale,min,20,-24.169719366342036,2.621214048325079
proj_stand_density_scale,min,21,0.009087334201542507,0.13089887552392865
proj_stand_density_scale,min,22,-29.609145982209103,3.2205358526710945
proj_stand_density_scale,min,23,-28.43589656440732,3.0988475561316093
proj_stand_density_scale,min,24,-27.927358159011327,3.045824133435403
proj_stand_density_scale,min,25,-27.63240265356497,3.015518762125261
proj_stand_density_scale,min,26,1.4896475414542687,-0.03390833999740872
proj_stand_density_scale,min,27,-33.45602738016267,3.6229890909802904
proj_stand_density_scale,min,28,-31.53915746436702,3.426554242219847
proj_stand_density_scale,min,29,-30.463051411895343,3.3144738039316763
proj_stand_density_scale,min,30,-29.66079690002551,3.230628119053641
proj_stand_density_scale,min,31,4.703348604833442,-0.39924677428341226
proj_stand_density_scale,min,32,-34.504481141801776,3.8496246250330657
proj_stand_density_scale,min,33,-32.17410729108757,3.571693061501314
proj_stand_density_scale,min,34,-30.659222158644415,3.3928421797258856
proj_stand_density_scale,min,35,81.63962350871688,-9.092324041196775
proj_stand_density_scale,min,36,5.761557712622006,-0.5390414923094475
proj_stand_density_scale,min,37,-16.532294292904233,1.7788552037864065
proj_stand_density_scale,min,38,-17.091805627174686,1.8463353588094158
proj_stand_density_scale,min,39,-17.43581242011311,1.8869352612327326
proj_stand_density_scale,min,40,-17.493658599179902,1.894920885710281
proj_stand_density_scale,min,41,16.35601814554688,-1.7373534119842517
proj_stand_density_scale,min,42,-23.952501967475342,2.586728798215873
proj_stand_density_scale,min,43,-21.28512364395033,2.2989167350197555
proj_stand_density_scale,min,44,-19.426168290182027,2.097074642042916
proj_stand_density_scale,min,45,-17.804946435154648,1.920179260766492
proj_stand_density_scale,min,46,19.67792159054384,-2.1145608326524723
proj_stand_density_scale,min,47,-22.501452685321006,2.418289900119305
proj_stand_density_scale,min,48,-18.940438246779575,2.031848813597655
proj_stand_density_scale,min,49,-16.428604961621037,1.757963817780805
proj_stand_density_scale,min,50,-14.313449699513772,1.526568223648951
proj_stand_density_scale,min,total,-950.2069563566849,104.13240912829247
proj_stand_density_scale,max,1,-246.62372585461986,-22.512156441693662
proj_stand_density_scale,max,2,21.065519525475636,2.099982558111339
proj_stand_density_scale,max,3,-39.53571058053228,-3.449770523987162
proj_stand_density_scale,max,4,-34.27566507996949,-2.9929660101488054
proj_stand_density_scale,max,5,-30.966509252158925,-2.707662611093756
proj_stand_density_scale,max,6,-8.234107672459261,-0.9385498174876803
proj_stand_density_scale,max,7,-19.245286441180898,-1.7112728438463272
proj_stand_density_scale,max,8,-31.567885008416628,-2.8343819129428915
proj_stand_density_scale,max,9,-25.032319966200507,-2.23830726543963
proj_stand_density_scale,max,10,-12.85143095923045,-1.1296669946243423
proj_stand_density_scale,max,11,-3.13952624812451,-0.4096885417231526
proj_stand_density_scale,max,12,-27.910169867067495,-2.486020952619313
proj_stand_density_scale,max,13,-27.45396231419137,-2.450512502413634
proj_stand_density_scale,max,14,-27.55093000683455,-2.461054927167943
proj_stand_density_scale,max,15,-2.165943580427941,-0.1545650202593909
proj_stand_density_scale,max,16,-2.4269245969728592,-0.33658633931827
proj_stand_density_scale,max,17,-29.316108510055415,-2.58774644866142
proj_stand_density_scale,max,18,-28.97209958164705,-2.570593446784258
proj_stand_density_scale,max,19,-29.12891700543153,-2.5910627369025363
proj_stand_density_scale,max,20,-29.412147462948273,-2.621214048281157
proj_stand_density_scale,max,21,-0.25271040880242834,-0.1308988674800422
proj_stand_density_scale,max,22,-36.0502176928597,-3.220535857979499
proj_stand_density_scale,max,23,-34.63359166785236,-3.0988475473134294
proj_stand_density_scale,max,24,-34.019006421050975,-3.045824128604245
proj_stand_density_scale,max,25,-33.66344017496173,-3.0155187592714974
proj_stand_density_scale,max,26,1.5574642187724783,0.033908337320800896
proj_stand_density_scale,max,27,-40.70200556459774,-3.622989093454777
proj_stand_density_scale,max,28,-38.39226594369001,-3.426554237103147
proj_stand_density_scale,max,29,-37.09199901633623,-3.3144738005092123
proj_stand_density_scale,max,30,-36.12205313542988,-3.2306281163507293
proj_stand_density_scale,max,31,5.501842148451658,0.39924676933480363
proj_stand_density_scale,max,32,-42.203730394875336,-3.8496246280404947
proj_stand_density_scale,max,33,-39.31749341200632,-3.5716930594174343
proj_stand_density_scale,max,34,-37.44490652550464,-3.3928421871343417
proj_stand_density_scale,max,35,99.82427158312211,9.092324033208456
proj_stand_density_scale,max,36,6.839640721015568,0.5390415160841151
proj_stand_density_scale,max,37,-20.090004707048298,-1.7788552103576585
proj_stand_density_scale,max,38,-20.78447634686928,-1.8463353608851776
proj_stand_density_scale,max,39,-21.209682955227834,-1.886935273881992
proj_stand_density_scale,max,40,-21.28350037060995,-1.8949208857197668
proj_stand_density_scale,max,41,19.830724969676908,1.7373534121457759
proj_stand_density_scale,max,42,-29.125959563716588,-2.586728798025373
proj_stand_density_scale,max,43,-25.88295705854001,-2.298916679569924
proj_stand_density_scale,max,44,-23.620317622380565,-2.0970746901556225
proj_stand_density_scale,max,45,-21.645304969976653,-1.9201792740555135
proj_stand_density_scale,max,46,23.907043251969142,2.114560828772831
proj_stand_density_scale,max,47,-27.33803247850826,-2.41828989306795
proj_stand_density_scale,max,48,-23.004135869044575,-2.0318488086673447
proj_stand_density_scale,max,49,-19.94453259482004,-1.7579638154181971
proj_stand_density_scale,max,50,-17.36658614603258,-1.5265682228698587
proj_stand_density_scale,max,total,-1158.4717746107278,-104.13240912575043
tree_wood_dens_sp1,min,1,-201.59487707590202,22.516692337024182
tree_wood_dens_sp1,min,2,16.86497332803713,-2.1005636393271665
tree_wood_dens_sp1,min,3,-32.63566611679209,3.450273939753032
tree_wood_dens_sp1,min,4,-28.289353258343752,2.993345811476935
tree_wood_dens_sp1,min,5,-25.550892318657098,2.707954322408071
tree_wood_dens_sp1,min,6,-6.357054033604529,0.9385038213670525
tree_wood_dens_sp1,min,7,-15.822673496322789,1.711340101011782
tree_wood_dens_sp1,min,8,-25.898906766861803,2.8345963286119336
tree_wood_dens_sp1,min,9,-20.55561549733078,2.2383972034300967
tree_wood_dens_sp1,min,10,-10.59218524217675,1.1295787224293576
tree_wood_dens_sp1,min,11,-2.3203541412905637,0.40948356511079353
tree_wood_dens_sp1,min,12,-22.938087570570737,2.486061343877445
tree_wood_dens_sp1,min,13,-22.552930915471272,2.4505188963064626
tree_wood_dens_sp1,min,14,-22.628842155039816,2.4610329246267924
tree_wood_dens_sp1,min,15,-1.857086274339323,0.15429228582922727
tree_wood_dens_sp1,min,16,-1.7540172011135198,0.3363210565410695
tree_wood_dens_sp1,min,17,-24.140693363037613,2.5876686983563815
tree_wood_dens_sp1,min,18,-23.831018719664456,2.570487415198336
tree_wood_dens_sp1,min,19,-23.94692255813585,2.590931710393143
tree_wood_dens_sp1,min,20,-24.16987460318468,2.6210588114824347
tree_wood_dens_sp1,min,21,0.008756517779714201,0.13056805910210034
tree_wood_dens_sp1,min,22,-29.609316143627844,3.220365691252354
tree_wood_dens_sp1,min,23,-28.436098717635016,3.0986454029039123
tree_wood_dens_sp1,min,24,-27.927587354011617,3.045594938435112
tree_wood_dens_sp1,min,25,-27.63265647518863,3.015264940501602
tree_wood_dens_sp1,min,26,1.4892843217507221,-0.0342715597009553
tree_wood_dens_sp1,min,27,-33.45630581081856,3.622710660324401
tree_wood_dens_sp1,min,28,-31.53945960381244,3.426252102774427
tree_wood_dens_sp1,min,29,-30.46337266813782,3.3141525476892006
tree_wood_dens_sp1,min,30,-29.661134108740185,3.230290910338965
tree_wood_dens_sp1,min,31,4.702991835165257,-0.3996035439515975
tree_wood_dens_sp1,min,32,-34.5048395847335,3.8492661821013385
tree_wood_dens_sp1,min,33,-32.17447287943525,3.5713274731536373
tree_wood_dens_sp1,min,34,-30.659591608525904,3.392472729844396
tree_wood_dens_sp1,min,35,81.63946629872144,-9.092481251192211
tree_wood_dens_sp1,min,36,5.761302438198049,-0.5392967667334041
tree_wood_dens_sp1,min,37,-16.532588890841474,1.7785606058491652
tree_wood_dens_sp1,min,38,-17.0920927544107,1.846048231573402
tree_wood_dens_sp1,min,39,-17.43609006482033,1.8866576165255111
tree_wood_dens_sp1,min,40,-17.49392452841282,1.894654956477364
tree_wood_dens_sp1,min,41,16.355884337039758,-1.7374872204913743
tree_wood_dens_sp1,min,42,-23.952762814545157,2.5864679511460587
tree_wood_dens_sp1,min,43,-21.28535942538196,2.2986809535881285
tree_wood_dens_sp1,min,44,-19.426380782785817,2.0968621494391257
tree_wood_dens_sp1,min,45,-17.805135600942055,1.9199900949790845
tree_wood_dens_sp1,min,46,19.677908950438816,-2.1145734727574954
tree_wood_dens_sp1,min,47,-22.50162680329093,2.418115782149382
tree_wood_dens_sp1,min,48,-18.940579263946187,2.031707796431043
tree_wood_dens_sp1,min,49,-16.428717357389463,1.7578514220123793
tree_wood_dens_sp1,min,50,-14.31353543726489,1.5264824858978319
tree_wood_dens_sp1,min,total,-950.2101119594071,104.12925352557033
tree_wood_dens_sp1,max,1,-246.62316348414535,-22.51159407121915
tree_wood_dens_sp1,max,2,21.065447695782332,2.0999107284180347
tree_wood_dens_sp1,max,3,-39.53564790840511,-3.4497078518599906
tree_wood_dens_sp1,max,4,-34.27561769251674,-2.9929186226960525
tree_wood_dens_sp1,max,5,-30.96647274841587,-2.707626107350702
tree_wood_dens_sp1,max,6,-8.234113071784623,-0.9385552168130422
tree_wood_dens_sp1,max,7,-19.24527774887437,-1.7112641515397975
tree_wood_dens_sp1,max,8,-31.567857964466743,-2.8343548689930067
tree_wood_dens_sp1,max,9,-25.032308363052714,-2.2382956622918364
tree_wood_dens_sp1,max,10,-12.851441523040608,-1.1296775584344996
tree_wood_dens_sp1,max,11,-3.1395513175801595,-0.40971361117880223
tree_wood_dens_sp1,max,12,-27.91016430394801,-2.48601538949983
tree_wood_dens_sp1,max,13,-27.453960942883846,-2.4505111311061114
tree_wood_dens_sp1,max,14,-27.550932130384766,-2.461057050718157
tree_wood_dens_sp1,max,15,-2.165977065924525,-0.1545985057559749
tree_wood_dens_sp1,max,16,-2.4269571352752015,-0.33661887762061227
tree_wood_dens_sp1,max,17,-29.3161174892336,-2.587755427839607
tree_wood_dens_sp1,max,18,-28.97211205340106,-2.5706059185382664
tree_wood_dens_sp1,max,19,-29.128932562723293,-2.5910782941943005
tree_wood_dens_sp1,max,20,-29.41216600905405,-2.6212325943869352
tree_wood_dens_sp1,max,21,-0.25275112352286877,-0.13093958220048263
tree_wood_dens_sp1,max,22,-36.05023798450791,-3.2205561496277113
tree_wood_dens_sp1,max,23,-34.63361594732874,-3.0988718267898143
tree_wood_dens_sp1,max,24,-34.019034067418346,-3.0458517749716165
tree_wood_dens_sp1,max,25,-33.6634708893498,-3.015549473659572
tree_wood_dens_sp1,max,26,1.557419367075243,0.03386348562356556
tree_wood_dens_sp1,max,27,-40.70203925174222,-3.623022780599257
tree_wood_dens_sp1,max,28,-38.392302630608874,-3.4265909240220083
tree_wood_dens_sp1,max,29,-37.09203812344704,-3.3145129076200206
tree_wood_dens_sp1,max,30,-36.12209427048825,-3.230669251409097
tree_wood_dens_sp1,max,31,5.5017978568897785,0.39920247777292417
tree_wood_dens_sp1,max,32,-42.203774128836685,-3.849668362001843
tree_wood_dens_sp1,max,33,-39.31753813447658,-3.571737781887691
tree_wood_dens_sp1,max,34,-37.44495181507259,-3.392887476702292
tree_wood_dens_sp1,max,35,99.82425027659659,9.09230272668293
tree_wood_dens_sp1,max,36,6.83960878952197,0.5390095845905165
tree_wood_dens_sp1,max,37,-20.090041142135778,-1.778891645445139
tree_wood_dens_sp1,max,38,-20.784511897221293,-1.8463709112371909
tree_wood_dens_sp1,max,39,-21.20971737780611,-1.8869696964602696
tree_wood_dens_sp1,max,40,-21.283533395305618,-1.8949539104154347
tree_wood_dens_sp1,max,41,19.83070769078002,1.7373361332488884
tree_wood_dens_sp1,max,42,-29.125991961009973,-2.5867611953187577
tree_wood_dens_sp1,max,43,-25.88298644917841,-2.2989460702083235
tree_wood_dens_sp1,max,44,-23.620344211079594,-2.0971012788546517
tree_wood_dens_sp1,max,45,-21.645328745411835,-1.920203049490695
tree_wood_dens_sp1,max,46,23.907040810135477,2.1145583869391658
tree_wood_dens_sp1,max,47,-27.338054428047013,-2.418311842606702
tree_wood_dens_sp1,max,48,-23.00415380618894,-2.0318667458117083
tree_wood_dens_sp1,max,49,-19.944547055822717,-1.7579782764208751
tree_wood_dens_sp1,max,50,-17.366597363602896,-1.5265794404401731
tree_wood_dens_sp1,max,total,-1158.4721552279395,-104.13278974296213
base_cover,min,1,-230.34467021478787,-6.233100801861667
base_cover,min,2,14.856692028404957,-4.10884493895934
base_cover,min,3,-39.2892519136893,-3.203311857144179
base_cover,min,4,-34.02673525379098,-2.7440361839702945
base_cover,min,5,-30.732391246511373,-2.473544605446204
base_cover,min,6,-9.579939160373723,-2.2843813054021416
base_cover,min,7,-19.666018016165268,-2.1320044188306966
base_cover,min,8,-30.731528150350783,-1.998025054877047
base_cover,min,9,-24.66886988726897,-1.8748571865080912
base_cover,min,10,-13.481112270308056,-1.7593483057019483
base_cover,min,11,-4.379981510858217,-1.6501438044568597
base_cover,min,12,-26.970756790479136,-1.5466078760309543
base_cover,min,13,-26.451833980003745,-1.44838416822601
base_cover,min,14,-26.44509044835431,-1.355215368687702
base_cover,min,15,-3.278264962546589,-1.2668864023780388
base_cover,min,16,-3.2735267716604484,-1.1831885140058591
base_cover,min,17,-27.832284030073367,-1.1039219686793729
base_cover,min,18,-27.43038844235097,-1.0288823074881783
base_cover,min,19,-27.495729967976807,-0.9578756994478148
base_cover,min,20,-27.681642643949832,-0.8907092292827166
base_cover,min,21,-0.9490105316905217,-0.8271989903681356
base_cover,min,22,-33.59684595474649,-0.767164119866294
base_cover,min,23,-32.24517663717623,-0.7104325166373009
base_cover,min,24,-31.63002053145172,-0.6568382390049905
base_cover,min,25,-31.254144876760883,-0.6062234610706518
base_cover,min,26,0.9651183005540167,-0.5584375808976607
base_cover,min,27,-37.592352760531035,-0.5133362893880715
base_cover,min,28,-35.43649502913104,-0.47078332254417177
base_cover,min,29,-34.20817133482301,-0.4306461189959876
base_cover,min,30,-33.284226183819584,-0.39280116474043325
base_cover,min,31,4.745463641017655,-0.3571317380991994
base_cover,min,32,-38.67763017354316,-0.32352440670831584
base_cover,min,33,-36.03767149543882,-0.291871142849935
base_cover,min,34,-34.31413656485267,-0.26207222648236694
base_cover,min,35,90.49791711400398,-0.23403043590967343
base_cover,min,36,6.092944301814812,-0.2076549031166408
base_cover,min,37,-18.494004325182466,-0.182854828491827
base_cover,min,38,-19.097693347787487,-0.15955236180338517
base_cover,min,39,-19.460413316314508,-0.13766563496866624
base_cover,min,40,-19.50570172590539,-0.11712224101520619
base_cover,min,41,17.99552132112072,-0.09785023641041235
base_cover,min,42,-26.61901147951815,-0.07978071382693486
base_cover,min,43,-23.646894024985592,-0.0628536460155047
base_cover,min,44,-21.570246960007793,-0.047004027782850955
base_cover,min,45,-19.757302110836207,-0.0321764149150674
base_cover,min,46,21.77416577843553,-0.01831664476078032
base_cover,min,47,-24.925113189921106,-0.0053706044807952935
base_cover,min,48,-20.965578108107515,0.00670895226971524
base_cover,min,49,-18.168598806568948,0.017969972832894143
base_cover,min,50,-15.811561481657861,0.028456441504861374
base_cover,min,total,-1104.0801941269062,-49.74082864192883
base_cover,max,1,-223.9387956555933,0.1727737573328909
base_cover,max,2,19.09640312887474,0.1308661615104434
base_cover,max,3,-35.97742863259891,0.1085114239462115
base_cover,max,4,-31.189920079935355,0.09277898988533195
base_cover,max,5,-28.17729715290975,0.08154948815542085
base_cover,max,6,-7.222164399859774,0.07339345511180717
base_cover,max,7,-17.46667188276532,0.06734171456925253
base_cover,max,8,-28.67076837771636,0.06273471775737605
base_cover,max,9,-22.73488881323336,0.05912388752751596
base_cover,max,10,-11.66556136504947,0.05620259955663798
base_cover,max,11,-2.6760760365447247,0.053761669856632555
base_cover,max,12,-25.372490705256848,0.05165820919133424
base_cover,max,13,-24.95365514890133,0.04979466287640477
base_cover,max,14,-25.041770588400386,0.04810449126622274
base_cover,max,15,-1.9648364307409452,0.04654212942760516
base_cover,max,16,-2.0452619417513453,0.0450763159032439
base_cover,max,17,-26.684676641354603,0.04368542003939169
base_cover,max,18,-26.359150185030202,0.042355949832590056
base_cover,max,19,-26.496777151906603,0.04107711662238955
base_cover,max,20,-26.75109049546538,0.03984291920173533
base_cover,max,21,-0.0831650418472698,0.038646499475116336
base_cover,max,22,-32.79219580587125,0.03748602900894582
base_cover,max,23,-31.498385664133774,0.03635845640515356
base_cover,max,24,-30.93792035367636,0.03526193877036832
base_cover,max,25,-30.613726149269674,0.03419526642055715
base_cover,max,26,1.5567119335289887,0.033156052077311315
base_cover,max,27,-37.04687189427937,0.032144576863593954
base_cover,max,28,-34.93455184438133,0.03115986220553424
base_cover,max,29,-33.74732321147557,0.030202004351451706
base_cover,max,30,-32.862155115479666,0.029269903599484337
base_cover,max,31,5.130956093173529,0.028360714056674396
base_cover,max,32,-38.326630520697165,0.02747524613767638
base_cover,max,33,-35.71918591393565,0.026614438653240313
base_cover,max,34,-34.026289118769846,0.02577521960045459
base_cover,max,35,90.75690625960257,0.024958709688917224
base_cover,max,36,6.324762861538765,0.024163656607312234
base_cover,max,37,-18.287759800122384,0.023389696568255403
base_cover,max,38,-18.915505620765437,0.02263536521866527
base_cover,max,39,-19.300844533394454,0.021903147951388036
base_cover,max,40,-19.36739021051594,0.021189274374243894
base_cover,max,41,18.113865861642925,0.02049430411179287
base_cover,max,42,-26.519410600807625,0.019820164883590508
base_cover,max,43,-23.56487857097558,0.019161807994507285
base_cover,max,44,-21.50472026810107,0.01852266412387138
base_cover,max,45,-19.70722559753423,0.0179000983869102
base_cover,max,46,21.809776752419875,0.017294329223563665
base_cover,max,47,-24.903036706603352,0.016705878836958732
base_cover,max,48,-20.956154322541757,0.01613273783547342
base_cover,max,49,-18.17099322545067,0.015575553951173049
base_cover,max,50,-15.824983820237954,0.015034102924769144
base_cover,max,total,-1052.2112027051,2.128162779877357
base_mortality,min,1,-224.1115694129262,0.0
base_mortality,min,2,18.965536967364297,0.0
base_mortality,min,3,-36.08594005654512,0.0
base_mortality,min,4,-31.282699069820687,0.0
base_mortality,min,5,-28.25884664106517,0.0
base_mortality,min,6,-7.295557854971581,0.0
base_mortality,min,7,-17.53401359733457,0.0
base_mortality,min,8,-28.733503095473736,0.0
base_mortality,min,9,-22.794012700760877,0.0
base_mortality,min,10,-11.721763964606108,0.0
base_mortality,min,11,-2.7298377064013573,0.0
base_mortality,min,12,-25.424148914448182,0.0
base_mortality,min,13,-25.003449811777735,0.0
base_mortality,min,14,-25.08987507966661,0.0
base_mortality,min,15,-2.0113785601685503,0.0
base_mortality,min,16,-2.0903382576545892,0.0
base_mortality,min,17,-26.728362061393995,0.0
base_mortality,min,18,-26.401506134862792,0.0
base_mortality,min,19,-26.537854268528992,0.0
base_mortality,min,20,-26.790933414667116,0.0
base_mortality,min,21,-0.12181154132238614,0.0
base_mortality,min,22,-32.8296818348802,0.0
base_mortality,min,23,-31.534744120538928,0.0
base_mortality,min,24,-30.97318229244673,0.0
base_mortality,min,25,-30.64792141569023,0.0
base_mortality,min,26,1.5235558814516774,0.0
base_mortality,min,27,-37.079016471142964,0.0
base_mortality,min,28,-34.965711706586866,0.0
base_mortality,min,29,-33.77752521582702,0.0
base_mortality,min,30,-32.89142501907915,0.0
base_mortality,min,31,5.102595379116854,0.0
base_mortality,min,32,-38.35410576683484,0.0
base_mortality,min,33,-35.74580035258889,0.0
base_mortality,min,34,-34.0520643383703,0.0
base_mortality,min,35,90.73194754991366,0.0
base_mortality,min,36,6.300599204931453,0.0
base_mortality,min,37,-18.31114949669064,0.0
base_mortality,min,38,-18.938140985984102,0.0
base_mortality,min,39,-19.32274768134584,0.0
base_mortality,min,40,-19.388579484890183,0.0
base_mortality,min,41,18.093371557531132,0.0
base_mortality,min,42,-26.539230765691215,0.0
base_mortality,min,43,-23.584040378970087,0.0
base_mortality,min,44,-21.523242932224942,0.0
base_mortality,min,45,-19.72512569592114,0.0
base_mortality,min,46,21.79248242319631,0.0
base_mortality,min,47,-24.91974258544031,0.0
base_mortality,min,48,-20.97228706037723,0.0
base_mortality,min,49,-18.186568779401842,0.0
base_mortality,min,50,-15.840017923162723,0.0
base_mortality,min,total,-1054.3393654849774,0.0
base_mortality,max,1,-224.1115694129262,0.0
base_mortality,max,2,18.965536967364297,0.0
base_mortality,max,3,-36.08594005654512,0.0
base_mortality,max,4,-31.282699069820687,0.0
base_mortality,max,5,-28.25884664106517,0.0
base_mortality,max,6,-7.295557854971581,0.0
base_mortality,max,7,-17.53401359733457,0.0
base_mortality,max,8,-28.733503095473736,0.0
base_mortality,max,9,-22.794012700760877,0.0
base_mortality,max,10,-11.721763964606108,0.0
base_mortality,max,11,-2.7298377064013573,0.0
base_mortality,max,12,-25.424148914448182,0.0
base_mortality,max,13,-25.003449811777735,0.0
base_mortality,max,14,-25.08987507966661,0.0
base_mortality,max,15,-2.0113785601685503,0.0
base_mortality,max,16,-2.0903382576545892,0.0
base_mortality,max,17,-26.728362061393995,0.0
base_mortality,max,18,-26.401506134862792,0.0
base_mortality,max,19,-26.537854268528992,0.0
base_mortality,max,20,-26.790933414667116,0.0
base_mortality,max,21,-0.12181154132238614,0.0
base_mortality,max,22,-32.8296818348802,0.0
base_mortality,max,23,-31.534744120538928,0.0
base_mortality,max,24,-30.97318229244673,0.0
base_mortality,max,25,-30.64792141569023,0.0
base_mortality,max,26,1.5235558814516774,0.0
base_mortality,max,27,-37.079016471142964,0.0
base_mortality,max,28,-34.965711706586866,0.0
base_mortality,max,29,-33.77752521582702,0.0
base_mortality,max,30,-32.89142501907915,0.0
base_mortality,max,31,5.102595379116854,0.0
base_mortality,max,32,-38.35410576683484,0.0
base_mortality,max,33,-35.74580035258889,0.0
base_mortality,max,34,-34.0520643383703,0.0
base_mortality,max,35,90.73194754991366,0.0
base_mortality,max,36,6.300599204931453,0.0
base_mortality,max,37,-18.31114949669064,0.0
base_mortality,max,38,-18.938140985984102,0.0
base_mortality,max,39,-19.32274768134584,0.0
base_mortality,max,40,-19.388579484890183,0.0
base_mortality,max,41,18.093371557531132,0.0
base_mortality,max,42,-26.539230765691215,0.0
base_mortality,max,43,-23.584040378970087,0.0
base_mortality,max,44,-21.523242932224942,0.0
base_mortality,max,45,-19.72512569592114,0.0
base_mortality,max,46,21.79248242319631,0.0
base_mortality,max,47,-24.91974258544031,0.0
base_mortality,max,48,-20.97228706037723,0.0
base_mortality,max,49,-18.186568779401842,0.0
base_mortality,max,50,-15.840017923162723,0.0
base_mortality,max,total,-1054.3393654849774,0.0
base_sf_n_delta,min,1,-224.03520741292618,0.07636200000001736
base_sf_n_delta,min,2,19.041898967364297,0.0763619999999996
base_sf_n_delta,min,3,-36.009578056545124,0.07636199999999604
base_sf_n_delta,min,4,-31.206337069820687,0.0763619999999996
base_sf_n_delta,min,5,-28.18248464106517,0.0763619999999996
base_sf_n_delta,min,6,-7.219195854971581,0.07636200000000049
base_sf_n_delta,min,7,-17.457651597334568,0.07636200000000315
base_sf_n_delta,min,8,-28.657141095473737,0.0763619999999996
base_sf_n_delta,min,9,-22.717650700760878,0.0763619999999996
base_sf_n_delta,min,10,-11.645401964606108,0.0763619999999996
base_sf_n_delta,min,11,-2.653475706401357,0.07636200000000004
base_sf_n_delta,min,12,-25.347786914448182,0.0763619999999996
base_sf_n_delta,min,13,-24.927087811777735,0.0763619999999996
base_sf_n_delta,min,14,-25.01351307966661,0.0763619999999996
base_sf_n_delta,min,15,-1.9350165601685503,0.07636200000000004
base_sf_n_delta,min,16,-2.013976257654589,0.07636200000000004
base_sf_n_delta,min,17,-26.652000061393995,0.0763619999999996
base_sf_n_delta,min,18,-26.325144134862793,0.0763619999999996
base_sf_n_delta,min,19,-26.461492268528993,0.0763619999999996
base_sf_n_delta,min,20,-26.714571414667112,0.07636200000000315
base_sf_n_delta,min,21,-0.0454495413223861,0.07636200000000004
base_sf_n_delta,min,22,-32.753319834880195,0.07636200000000315
base_sf_n_delta,min,23,-31.45838212053893,0.0763619999999996
base_sf_n_delta,min,24,-30.89682029244673,0.0763619999999996
base_sf_n_delta,min,25,-30.57155941569023,0.0763619999999996
base_sf_n_delta,min,26,1.5999178814516775,0.07636200000000004
base_sf_n_delta,min,27,-37.00265447114297,0.07636199999999604
base_sf_n_delta,min,28,-34.88934970658686,0.07636200000000315
base_sf_n_delta,min,29,-33.701163215827016,0.07636200000000315
base_sf_n_delta,min,30,-32.81506301907915,0.07636200000000315
base_sf_n_delta,min,31,5.178957379116854,0.0763619999999996
base_sf_n_delta,min,32,-38.277743766834845,0.07636199999999604
base_sf_n_delta,min,33,-35.66943835258889,0.07636199999999604
base_sf_n_delta,min,34,-33.9757023383703,0.07636200000000315
base_sf_n_delta,min,35,90.80830954991366,0.07636200000000315
base_sf_n_delta,min,36,6.376961204931453,0.0763619999999996
base_sf_n_delta,min,37,-18.23478749669064,0.0763619999999996
base_sf_n_delta,min,38,-18.861778985984103,0.0763619999999996
base_sf_n_delta,min,39,-19.246385681345842,0.0763619999999996
base_sf_n_delta,min,40,-19.312217484890184,0.0763619999999996
base_sf_n_delta,min,41,18.16973355753113,0.0763619999999996
base_sf_n_delta,min,42,-26.462868765691212,0.07636200000000315
base_sf_n_delta,min,43,-23.507678378970088,0.0763619999999996
base_sf_n_delta,min,44,-21.446880932224943,0.0763619999999996
base_sf_n_delta,min,45,-19.64876369592114,0.0763619999999996
base_sf_n_delta,min,46,21.86884442319631,0.0763619999999996
base_sf_n_delta,min,47,-24.84338058544031,0.0763619999999996
base_sf_n_delta,min,48,-20.89592506037723,0.0763619999999996
base_sf_n_delta,min,49,-18.110206779401842,0.0763619999999996
base_sf_n_delta,min,50,-15.763655923162723,0.0763619999999996
base_sf_n_delta,min,total,-1050.5212654849774,3.8180999999999585
base_sf_n_delta,max,1,-224.1879314129262,-0.07636199999998894
base_sf_n_delta,max,2,18.889174967364298,-0.0763619999999996
base_sf_n_delta,max,3,-36.16230205654512,-0.07636200000000315
base_sf_n_delta,max,4,-31.359061069820687,-0.0763619999999996
base_sf_n_delta,max,5,-28.335208641065172,-0.07636200000000315
base_sf_n_delta,max,6,-7.371919854971581,-0.0763619999999996
base_sf_n_delta,max,7,-17.61037559733457,-0.0763619999999996
base_sf_n_delta,max,8,-28.809865095473736,-0.0763619999999996
base_sf_n_delta,max,9,-22.870374700760877,-0.0763619999999996
base_sf_n_delta,max,10,-11.798125964606108,-0.0763619999999996
base_sf_n_delta,max,11,-2.8061997064013573,-0.07636200000000004
base_sf_n_delta,max,12,-25.50051091444818,-0.0763619999999996
base_sf_n_delta,max,13,-25.079811811777734,-0.0763619999999996
base_sf_n_delta,max,14,-25.166237079666608,-0.0763619999999996
base_sf_n_delta,max,15,-2.0877405601685504,-0.07636200000000004
base_sf_n_delta,max,16,-2.166700257654589,-0.0763619999999996
base_sf_n_delta,max,17,-26.804724061393994,-0.0763619999999996
base_sf_n_delta,max,18,-26.477868134862792,-0.0763619999999996
base_sf_n_delta,max,19,-26.614216268528992,-0.0763619999999996
base_sf_n_delta,max,20,-26.867295414667115,-0.0763619999999996
base_sf_n_delta,max,21,-0.19817354132238618,-0.07636200000000004
base_sf_n_delta,max,22,-32.906043834880194,-0.07636199999999604
base_sf_n_delta,max,23,-31.611106120538928,-0.0763619999999996
base_sf_n_delta,max,24,-31.04954429244673,-0.0763619999999996
base_sf_n_delta,max,25,-30.72428341569023,-0.0763619999999996
base_sf_n_delta,max,26,1.4471938814516776,-0.07636199999999982
base_sf_n_delta,max,27,-37.15537847114297,-0.07636200000000315
base_sf_n_delta,max,28,-35.04207370658686,-0.07636199999999604
base_sf_n_delta,max,29,-33.85388721582702,-0.07636200000000315
base_sf_n_delta,max,30,-32.967787019079154,-0.07636200000000315
base_sf_n_delta,max,31,5.026233379116854,-0.07636200000000049
base_sf_n_delta,max,32,-38.430467766834845,-0.07636200000000315
base_sf_n_delta,max,33,-35.82216235258889,-0.07636200000000315
base_sf_n_delta,max,34,-34.128426338370296,-0.07636199999999604
base_sf_n_delta,max,35,90.65558554991365,-0.07636200000000315
base_sf_n_delta,max,36,6.224237204931454,-0.0763619999999996
base_sf_n_delta,max,37,-18.38751149669064,-0.0763619999999996
base_sf_n_delta,max,38,-19.0145029859841,-0.0763619999999996
base_sf_n_delta,max,39,-19.39910968134584,-0.0763619999999996
base_sf_n_delta,max,40,-19.464941484890183,-0.0763619999999996
base_sf_n_delta,max,41,18.017009557531132,-0.0763619999999996
base_sf_n_delta,max,42,-26.615592765691215,-0.0763619999999996
base_sf_n_delta,max,43,-23.660402378970087,-0.0763619999999996
base_sf_n_delta,max,44,-21.599604932224942,-0.0763619999999996
base_sf_n_delta,max,45,-19.80148769592114,-0.0763619999999996
base_sf_n_delta,max,46,21.716120423196312,-0.0763619999999996
base_sf_n_delta,max,47,-24.99610458544031,-0.0763619999999996
base_sf_n_delta,max,48,-21.04864906037723,-0.0763619999999996
base_sf_n_delta,max,49,-18.26293077940184,-0.0763619999999996
base_sf_n_delta,max,50,-15.916379923162722,-0.0763619999999996
base_sf_n_delta,max,total,-1058.1574654849776,-3.818100000000186
base_thinning_delta,min,1,-224.1115694129262,0.0
base_thinning_delta,min,2,18.965536967364297,0.0
base_thinning_delta,min,3,-36.08594005654512,0.0
base_thinning_delta,min,4,-31.282699069820687,0.0
base_thinning_delta,min,5,-28.25884664106517,0.0
base_thinning_delta,min,6,-7.295557854971581,0.0
base_thinning_delta,min,7,-17.53401359733457,0.0
base_thinning_delta,min,8,-28.733503095473736,0.0
base_thinning_delta,min,9,-22.794012700760877,0.0
base_thinning_delta,min,10,-11.721763964606108,0.0
base_thinning_delta,min,11,-2.7298377064013573,0.0
base_thinning_delta,min,12,-25.424148914448182,0.0
base_thinning_delta,min,13,-25.003449811777735,0.0
base_thinning_delta,min,14,-25.08987507966661,0.0
base_thinning_delta,min,15,-2.0113785601685503,0.0
base_thinning_delta,min,16,-2.0903382576545892,0.0
base_thinning_delta,min,17,-26.728362061393995,0.0
base_thinning_delta,min,18,-26.401506134862792,0.0
base_thinning_delta,min,19,-26.537854268528992,0.0
base_thinning_delta,min,20,-26.790933414667116,0.0
base_thinning_delta,min,21,-0.12181154132238614,0.0
base_thinning_delta,min,22,-32.8296818348802,0.0
base_thinning_delta,min,23,-31.534744120538928,0.0
base_thinning_delta,min,24,-30.97318229244673,0.0
base_thinning_delta,min,25,-30.64792141569023,0.0
base_thinning_delta,min,26,1.5235558814516774,0.0
base_thinning_delta,min,27,-37.079016471142964,0.0
base_thinning_delta,min,28,-34.965711706586866,0.0
base_thinning_delta,min,29,-33.77752521582702,0.0
base_thinning_delta,min,30,-32.89142501907915,0.0
base_thinning_delta,min,31,5.102595379116854,0.0
base_thinning_delta,min,32,-38.35410576683484,0.0
base_thinning_delta,min,33,-35.74580035258889,0.0
base_thinning_delta,min,34,-34.0520643383703,0.0
base_thinning_delta,min,35,90.73194754991366,0.0
base_thinning_delta,min,36,6.300599204931453,0.0
base_thinning_delta,min,37,-18.31114949669064,0.0
base_thinning_delta,min,38,-18.938140985984102,0.0
base_thinning_delta,min,39,-19.32274768134584,0.0
base_thinning_delta,min,40,-19.388579484890183,0.0
base_thinning_delta,min,41,18.093371557531132,0.0
base_thinning_delta,min,42,-26.539230765691215,0.0
base_thinning_delta,min,43,-23.584040378970087,0.0
base_thinning_delta,min,44,-21.523242932224942,0.0
base_thinning_delta,min,45,-19.72512569592114,0.0
base_thinning_delta,min,46,21.79248242319631,0.0
base_thinning_delta,min,47,-24.91974258544031,0.0
base_thinning_delta,min,48,-20.97228706037723,0.0
base_thinning_delta,min,49,-18.186568779401842,0.0
base_thinning_delta,min,50,-15.840017923162723,0.0
base_thinning_delta,min,total,-1054.3393654849774,0.0
base_thinning_delta,max,1,-224.1115694129262,0.0
base_thinning_delta,max,2,18.965536967364297,0.0
base_thinning_delta,max,3,-36.08594005654512,0.0
base_thinning_delta,max,4,-31.282699069820687,0.0
base_thinning_delta,max,5,-28.25884664106517,0.0
base_thinning_delta,max,6,-7.295557854971581,0.0
base_thinning_delta,max,7,-17.53401359733457,0.0
base_thinning_delta,max,8,-28.733503095473736,0.0
base_thinning_delta,max,9,-22.794012700760877,0.0
base_thinning_delta,max,10,-11.721763964606108,0.0
base_thinning_delta,max,11,-2.7298377064013573,0.0
base_thinning_delta,max,12,-25.424148914448182,0.0
base_thinning_delta,max,13,-25.003449811777735,0.0
base_thinning_delta,max,14,-25.08987507966661,0.0
base_thinning_delta,max,15,-2.0113785601685503,0.0
base_thinning_delta,max,16,-2.0903382576545892,0.0
base_thinning_delta,max,17,-26.728362061393995,0.0
base_thinning_delta,max,18,-26.401506134862792,0.0
base_thinning_delta,max,19,-26.537854268528992,0.0
base_thinning_delta,max,20,-26.790933414667116,0.0
base_thinning_delta,max,21,-0.12181154132238614,0.0
base_thinning_delta,max,22,-32.8296818348802,0.0
base_thinning_delta,max,23,-31.534744120538928,0.0
base_thinning_delta,max,24,-30.97318229244673,0.0
base_thinning_delta,max,25,-30.64792141569023,0.0
base_thinning_delta,max,26,1.5235558814516774,0.0
base_thinning_delta,max,27,-37.079016471142964,0.0
base_thinning_delta,max,28,-34.965711706586866,0.0
base_thinning_delta,max,29,-33.77752521582702,0.0
base_thinning_delta,max,30,-32.89142501907915,0.0
base_thinning_delta,max,31,5.102595379116854,0.0
base_thinning_delta,max,32,-38.35410576683484,0.0
base_thinning_delta,max,33,-35.74580035258889,0.0
base_thinning_delta,max,34,-34.0520643383703,0.0
base_thinning_delta,max,35,90.73194754991366,0.0
base_thinning_delta,max,36,6.300599204931453,0.0
base_thinning_delta,max,37,-18.31114949669064,0.0
base_thinning_delta,max,38,-18.938140985984102,0.0
base_thinning_delta,max,39,-19.32274768134584,0.0
base_thinning_delta,max,40,-19.388579484890183,0.0
base_thinning_delta,max,41,18.093371557531132,0.0
base_thinning_delta,max,42,-26.539230765691215,0.0
base_thinning_delta,max,43,-23.584040378970087,0.0
base_thinning_delta,max,44,-21.523242932224942,0.0
base_thinning_delta,max,45,-19.72512569592114,0.0
base_thinning_delta,max,46,21.79248242319631,0.0
base_thinning_delta,max,47,-24.91974258544031,0.0
base_thinning_delta,max,48,-20.97228706037723,0.0
base_thinning_delta,max,49,-18.186568779401842,0.0
base_thinning_delta,max,50,-15.840017923162723,0.0
base_thinning_delta,max,total,-1054.3393654849774,0.0
crop_base_left_delta,min,1,-224.44123874351203,-0.3296693305858298
crop_base_left_delta,min,2,18.73160128806628,-0.23393567929801762
crop_base_left_delta,min,3,-36.27076750898957,-0.18482745244445198
crop_base_left_delta,min,4,-31.432567236057903,-0.14986816623721566
crop_base_left_delta,min,5,-28.383602427479843,-0.12475578641467422
crop_base_left_delta,min,6,-7.402096213544834,-0.10653835857325245
crop_base_left_delta,min,7,-17.627187039661624,-0.09317344232705338
crop_base_left_delta,min,8,-28.81674017813191,-0.08323708265817231
crop_base_left_delta,min,9,-22.869743451001973,-0.07573075024109599
crop_base_left_delta,min,10,-11.791717110655803,-0.06995314604969494
crop_base_left_delta,min,11,-2.7952461635310253,-0.06540845712966803
crop_base_left_delta,min,12,-25.48589566041971,-0.06174674597152929
crop_base_left_delta,min,13,-25.062169632788972,-0.05871982101123763
crop_base_left_delta,min,14,-25.146026604516557,-0.05615152484994823
crop_base_left_delta,min,15,-2.065295355895104,-0.05391679572655361
crop_base_left_delta,min,16,-2.1422657000453578,-0.05192744239076852
crop_base_left_delta,min,17,-26.778482108457577,-0.05012004706358297
crop_base_left_delta,min,18,-26.449955228726598,-0.04844909386380536
crop_base_left_delta,min,19,-26.584737092893562,-0.046882824364569586
crop_base_left_delta,min,20,-26.83633119038914,-0.04539777572202297
crop_base_left_delta,min,21,-0.16579019843491194,-0.0439786571125258
crop_base_left_delta,min,22,-32.87229496376762,-0.04261312888742452
crop_base_left_delta,min,23,-31.576035802024336,-0.04129168148540785
crop_base_left_delta,min,24,-31.01319052413036,-0.04000823168362899
crop_base_left_delta,min,25,-30.686680602935024,-0.03875918724479277
crop_base_left_delta,min,26,1.4860148423427795,-0.037541039108897944
crop_base_left_delta,min,27,-37.11536714788645,-0.036350676743488464
crop_base_left_delta,min,28,-35.000898958140475,-0.03518725155360869
crop_base_left_delta,min,29,-33.81157492420523,-0.03404970837821253
crop_base_left_delta,min,30,-32.924357180688425,-0.032932161609274146
crop_base_left_delta,min,31,5.070754949451867,-0.03184042966498701
crop_base_left_delta,min,32,-38.3848761971985,-0.030770430363659784
crop_base_left_delta,min,33,-35.77551972208794,-0.029719369499055404
crop_base_left_delta,min,34,-34.08075568074219,-0.02869134237189286
crop_base_left_delta,min,35,90.70426560878079,-0.027681941132868815
crop_base_left_delta,min,36,6.27390648646583,-0.0266927184656236
crop_base_left_delta,min,37,-18.336872462307362,-0.025722965616722604
crop_base_left_delta,min,38,-18.962913792874637,-0.024772806890535293
crop_base_left_delta,min,39,-19.346587466851737,-0.023839785505895605
crop_base_left_delta,min,40,-19.41150426923905,-0.022924784348866467
crop_base_left_delta,min,41,18.071343273218233,-0.02202828431289916
crop_base_left_delta,min,42,-26.56037787951673,-0.021147113825513486
crop_base_left_delta,min,43,-23.6043260931364,-0.020285714166313085
crop_base_left_delta,min,44,-21.542682414639287,-0.01943948241434512
crop_base_left_delta,min,45,-19.74373458636217,-0.018608890441029757
crop_base_left_delta,min,46,21.774685940639298,-0.017796482557013604
crop_base_left_delta,min,47,-24.936739211207943,-0.016996625767632167
crop_base_left_delta,min,48,-20.988502036285222,-0.01621497590799237
crop_base_left_delta,min,49,-18.20201577166595,-0.015446992264106285
crop_base_left_delta,min,50,-15.8547113524465,-0.014693429283777704
crop_base_left_delta,min,total,-1057.1678014965082,-2.828436011530812
crop_base_left_delta,max,1,-223.78189997194477,0.3296694409814336
crop_base_left_delta,max,2,19.19947258117356,0.23393561380926187
crop_base_left_delta,max,3,-35.901112728958196,0.18482732758692322
crop_base_left_delta,max,4,-31.13283078785102,0.14986828196966684
crop_base_left_delta,max,5,-28.13409110818259,0.12475553288257757
crop_base_left_delta,max,6,-7.189019366714659,0.10653848825692247
crop_base_left_delta,max,7,-17.440839993444783,0.09317360388978813
crop_base_left_delta,max,8,-28.65026613891682,0.08323695655691665
crop_base_left_delta,max,9,-22.718281866365494,0.07573083439538308
crop_base_left_delta,max,10,-11.651810873209167,0.0699530913969415
crop_base_left_delta,max,11,-2.6644291037576453,0.06540860264371195
crop_base_left_delta,max,12,-25.362402088566228,0.06174682588195424
crop_base_left_delta,max,13,-24.944730149864206,0.0587196619135284
crop_base_left_delta,max,14,-25.033723606275185,0.05615147339142368
crop_base_left_delta,max,15,-1.9574611464632654,0.05391741370528491
crop_base_left_delta,max,16,-2.0384103430747267,0.051927914579862566
crop_base_left_delta,max,17,-26.678242127636118,0.05011993375787682
crop_base_left_delta,max,18,-26.353056907436837,0.048449227425955144
crop_base_left_delta,max,19,-26.490971505239536,0.04688276328945662
crop_base_left_delta,max,20,-26.745534910364334,0.04539850430278136
crop_base_left_delta,max,21,-0.07783293380507006,0.04397860751731608
crop_base_left_delta,max,22,-32.78707010895352,0.04261172592667606
crop_base_left_delta,max,23,-31.493454231030565,0.041289889508362876
crop_base_left_delta,max,24,-30.93317407789843,0.04000821454830117
crop_base_left_delta,max,25,-30.609162325310493,0.038759090379738126
crop_base_left_delta,max,26,1.5610962645146196,0.03754038306294216
crop_base_left_delta,max,27,-37.04266631680915,0.036350154333817386
crop_base_left_delta,max,28,-34.930525007978716,0.03518669860815038
crop_base_left_delta,max,29,-33.74347720927081,0.034048006556211874
crop_base_left_delta,max,30,-32.85849149784429,0.0329335212348596
crop_base_left_delta,max,31,5.134435775334291,0.031840396217436506
crop_base_left_delta,max,32,-38.32333566413473,0.030770102700110158
crop_base_left_delta,max,33,-35.71607936949908,0.02972098308980975
crop_base_left_delta,max,34,-34.02337267719316,0.028691661177141725
crop_base_left_delta,max,35,90.75963076311153,0.027683213197875034
crop_base_left_delta,max,36,6.327292797742166,0.026693592810712374
crop_base_left_delta,max,37,-18.28542559268851,0.02572390400212754
crop_base_left_delta,max,38,-18.913369065276953,0.024771920707149064
crop_base_left_delta,max,39,-19.298908144711554,0.02383953663428784
crop_base_left_delta,max,40,-19.36565403144238,0.0229254534478045
crop_base_left_delta,max,41,18.115399174714597,0.022027617183464798
crop_base_left_delta,max,42,-26.51808162769212,0.021149137999096013
crop_base_left_delta,max,43,-23.563755127209696,0.02028525176039153
crop_base_left_delta,max,44,-21.503803486862797,0.01943944536214559
crop_base_left_delta,max,45,-19.706516445531307,0.018609250389832965
crop_base_left_delta,max,46,21.810277749181985,0.01779532598567357
crop_base_left_delta,max,47,-24.902745049222293,0.016997536218017473
crop_base_left_delta,max,48,-20.95607303035412,0.016214030023110837
crop_base_left_delta,max,49,-18.171122627967307,0.015446151434534983
crop_base_left_delta,max,50,-15.825323955126498,0.014693968036224803
crop_base_left_delta,max,total,-1051.5109292223065,2.828436262670948
crop_base_yield_delta,min,1,-224.61275066939976,-0.5011812564735578
crop_base_yield_delta,min,2,18.606823699389135,-0.3587132679751619
crop_base_yield_delta,min,3,-36.37157188947521,-0.2856318329300933
crop_base_yield_delta,min,4,-31.51630560871926,-0.23360653889857375
crop_base_yield_delta,min,5,-28.45508162582265,-0.19623498475748136
crop_base_yield_delta,min,6,-7.464682268660574,-0.16912441368899245
crop_base_yield_delta,min,7,-17.683248750105395,-0.14923515277082444
crop_base_yield_delta,min,8,-28.867951175446827,-0.13444807997309027
crop_base_yield_delta,min,9,-22.917290140680297,-0.12327743991941986
crop_base_yield_delta,min,10,-11.836443291285631,-0.11467932667952319
crop_base_yield_delta,min,11,-2.837753782882724,-0.10791607648136692
crop_base_yield_delta,min,12,-25.52661574494176,-0.10246683049357941
crop_base_yield_delta,min,13,-25.101412028088095,-0.09796221631036062
crop_base_yield_delta,min,14,-25.184015262156382,-0.09414018248977385
crop_base_yield_delta,min,15,-2.102193242778514,-0.09081468260996362
crop_base_yield_delta,min,16,-2.178192495150478,-0.08785423749588883
crop_base_yield_delta,min,17,-26.81352649450721,-0.08516443311321709
crop_base_yield_delta,min,18,-26.484183789570153,-0.08267765470736066
crop_base_yield_delta,min,19,-26.618201111368617,-0.08034684283962434
crop_base_yield_delta,min,20,-26.869070433329135,-0.07813701866201939
crop_base_yield_delta,min,21,-0.19783656718842924,-0.0760250258660431
crop_base_yield_delta,min,22,-32.90367353119764,-0.07399169631744229
crop_base_yield_delta,min,23,-31.60676927910084,-0.07202515856191027
crop_base_yield_delta,min,24,-31.043298339961463,-0.07011604751473399
crop_base_yield_delta,min,25,-30.716178670324023,-0.06825725463379229
crop_base_yield_delta,min,26,1.4571099358802617,-0.0664459455714157
crop_base_yield_delta,min,27,-37.14368973431062,-0.06467326316765565
crop_base_yield_delta,min,28,-35.02865415156185,-0.06294244497498624
crop_base_yield_delta,min,29,-33.83877207431733,-0.06124685849031408
crop_base_yield_delta,min,30,-32.951011413268404,-0.059586394189253156
crop_base_yield_delta,min,31,5.044634151578901,-0.05796122753795352
crop_base_yield_delta,min,32,-38.41047303892809,-0.05636727209324732
crop_base_yield_delta,min,33,-35.80060593574091,-0.05480558315202444
crop_base_yield_delta,min,34,-34.10533869760535,-0.053274359235047086
crop_base_yield_delta,min,35,90.68017478269374,-0.05177276721991575
crop_base_yield_delta,min,36,6.250297451903128,-0.05030175302832518
crop_base_yield_delta,min,37,-18.360007070961576,-0.04885757427093651
crop_base_yield_delta,min,38,-18.985584143552117,-0.04744315756801498
crop_base_yield_delta,min,39,-19.36880319161054,-0.04605551026469712
crop_base_yield_delta,min,40,-19.433272683768767,-0.04469319887858347
crop_base_yield_delta,min,41,18.05001259364522,-0.043358963885911095
crop_base_yield_delta,min,42,-26.581279320598508,-0.04204855490729287
crop_base_yield_delta,min,43,-23.62480593348827,-0.04076555451818109
crop_base_yield_delta,min,44,-21.562748629661346,-0.039505697436403864
crop_base_yield_delta,min,45,-19.763396845836755,-0.038271149915615865
crop_base_yield_delta,min,46,21.75542222992309,-0.037060193273219966
crop_base_yield_delta,min,47,-24.95561454381476,-0.03587195837445023
crop_base_yield_delta,min,48,-21.006993999269532,-0.034706938892302475
crop_base_yield_delta,min,49,-18.22013319025897,-0.033564410857128024
crop_base_yield_delta,min,50,-15.872461455020442,-0.03244353185771942
crop_base_yield_delta,min,total,-1059.0774174007017,-4.738051915724327
crop_base_yield_delta,max,1,-223.61038810145945,0.5011813114667518
crop_base_yield_delta,max,2,19.324250295240265,0.358713327875968
crop_base_yield_delta,max,3,-35.800308435745535,0.2856316207995846
crop_base_yield_delta,max,4,-31.049092492156053,0.23360657766463433
crop_base_yield_delta,max,5,-28.062611750250692,0.19623489081447687
crop_base_yield_delta,max,6,-7.126433375393076,0.16912447957850496
crop_base_yield_delta,max,7,-17.3847782310418,0.14923536629277123
crop_base_yield_delta,max,8,-28.599055206081058,0.13444788939267838
crop_base_yield_delta,max,9,-22.670735163306116,0.12327753745476144
crop_base_yield_delta,max,10,-11.607084714468185,0.11467925013792346
crop_base_yield_delta,max,11,-2.6219215677632417,0.10791613863811556
crop_base_yield_delta,max,12,-25.321682022447416,0.10246689200076631
crop_base_yield_delta,max,13,-24.90548768574079,0.09796212603694343
crop_base_yield_delta,max,14,-24.995734911254385,0.09414016841222406
crop_base_yield_delta,max,15,-1.920563267623792,0.09081529254475829
crop_base_yield_delta,max,16,-2.0024839700796293,0.08785428757495994
crop_base_yield_delta,max,17,-26.64319783214409,0.08516422924990508
crop_base_yield_delta,max,18,-26.318828216932943,0.0826779179298498
crop_base_yield_delta,max,19,-26.45750807929747,0.08034618923152337
crop_base_yield_delta,max,20,-26.712796189155288,0.07813722551182778
crop_base_yield_delta,max,21,-0.04578666306010426,0.07602487826228188
crop_base_yield_delta,max,22,-32.75569023186477,0.07399160301542906
crop_base_yield_delta,max,23,-31.462718898167694,0.07202522237123432
crop_base_yield_delta,max,24,-30.90306664892852,0.07011564351821065
crop_base_yield_delta,max,25,-30.57966371621746,0.06825769947277038
crop_base_yield_delta,max,26,1.589999265316425,0.06644338386474757
crop_base_yield_delta,max,27,-37.01434274080426,0.06467373033870416
crop_base_yield_delta,max,28,-34.9027697732939,0.0629419332929686
crop_base_yield_delta,max,29,-33.71627839164833,0.06124682417868854
crop_base_yield_delta,max,30,-32.83183823161171,0.059586787467438285
crop_base_yield_delta,max,31,5.160556275736376,0.05796089661952131
crop_base_yield_delta,max,32,-38.2977377009194,0.056368065915442855
crop_base_yield_delta,max,33,-35.69099425529661,0.054806097292278366
crop_base_yield_delta,max,34,-33.99878935739443,0.053274980975871244
crop_base_yield_delta,max,35,90.7837213557618,0.05177380584814273
crop_base_yield_delta,max,36,6.350901397941552,0.05030219301009886
crop_base_yield_delta,max,37,-18.262290905275997,0.04885859141464266
crop_base_yield_delta,max,38,-18.890698859231332,0.047442126752770264
crop_base_yield_delta,max,39,-19.276692743767587,0.04605493757825485
crop_base_yield_delta,max,40,-19.34388594070075,0.04469354418943183
crop_base_yield_delta,max,41,18.136729395421003,0.043357837889871575
crop_base_yield_delta,max,42,-26.497180696461427,0.04205006922978782
crop_base_yield_delta,max,43,-23.54327624354133,0.040764135428755566
crop_base_yield_delta,max,44,-21.483737211846748,0.03950572037819455
crop_base_yield_delta,max,45,-19.686854856699362,0.03827083922177721
crop_base_yield_delta,max,46,21.829542048814755,0.03705962561844345
crop_base_yield_delta,max,47,-24.883870054662758,0.035872530777552925
crop_base_yield_delta,max,48,-20.93758055847602,0.0347065019012085
crop_base_yield_delta,max,49,-18.15300469944457,0.03356407995727295
crop_base_yield_delta,max,50,-15.807574264845837,0.032443658316886115
crop_base_yield_delta,max,total,-1049.6013148222698,4.738050662707565
crop_carbon_above_sp3,min,1,-224.18398199511236,-0.07241258218616053
crop_carbon_above_sp3,min,2,18.977025634929433,0.011488667565135557
crop_carbon_above_sp3,min,3,-36.08180381852621,0.0041362380189085
crop_carbon_above_sp3,min,4,-31.280332465794768,0.002366604025919372
crop_carbon_above_sp3,min,5,-28.25769345461338,0.0011531864517877466
crop_carbon_above_sp3,min,6,-7.35952094743882,-0.06396309246723852
crop_carbon_above_sp3,min,7,-17.516853727312224,0.01715987002234698
crop_carbon_above_sp3,min,8,-28.72522092892619,0.008282166547544989
crop_carbon_above_sp3,min,9,-22.788574183684528,0.005438517076349569
crop_carbon_above_sp3,min,10,-11.718298329500838,0.003465635105269982
crop_carbon_above_sp3,min,11,-2.7920273774621633,-0.062189671060806084
crop_carbon_above_sp3,min,12,-25.413731225901522,0.010417688546660031
crop_carbon_above_sp3,min,13,-24.999981158936688,0.0034686528410468043
crop_carbon_above_sp3,min,14,-25.088316854538256,0.001558225128352575
crop_carbon_above_sp3,min,15,-2.0111305238937387,0.00024803627481162493
crop_carbon_above_sp3,min,16,-2.1483592017078337,-0.05802094405324443
crop_carbon_above_sp3,min,17,-26.71408588774235,0.014276173651644797
crop_carbon_above_sp3,min,18,-26.395218068691623,0.006288066171169504
crop_carbon_above_sp3,min,19,-26.534143583714286,0.0037106848147061555
crop_carbon_above_sp3,min,20,-26.789004720159088,0.001928694508027462
crop_carbon_above_sp3,min,21,-0.17848706564419325,-0.056675524321807114
crop_carbon_above_sp3,min,22,-32.822431614101454,0.00725022077874371
crop_carbon_above_sp3,min,23,-31.533450157944294,0.0012939625946337685
crop_carbon_above_sp3,min,24,-30.973461167631832,-0.0002788751851028337
crop_carbon_above_sp3,min,25,-30.64926877684326,-0.0013473611530301355
crop_carbon_above_sp3,min,26,1.471026484895956,-0.05252939655572142
crop_carbon_above_sp3,min,27,-37.067902699122094,0.011113772020870272
crop_carbon_above_sp3,min,28,-34.96157887459054,0.00413283199632275
crop_carbon_above_sp3,min,29,-33.7756188254496,0.001906390377421019
crop_carbon_above_sp3,min,30,-32.89105040824556,0.00037461083358891756
crop_carbon_above_sp3,min,31,5.051459180196029,-0.051136198920825215
crop_carbon_above_sp3,min,32,-38.401197882105336,-0.04709211527049462
crop_carbon_above_sp3,min,33,-35.78395861594012,-0.03815826335123518
crop_carbon_above_sp3,min,34,-34.084322794444866,-0.032258456074565345
crop_carbon_above_sp3,min,35,90.70394050015047,-0.028007049763189684
crop_carbon_above_sp3,min,36,6.275689835519493,-0.02490936941195976
crop_carbon_above_sp3,min,37,-18.333771910987316,-0.022622414296677107
crop_carbon_above_sp3,min,38,-18.959049515055224,-0.020908529071121507
crop_carbon_above_sp3,min,39,-19.342347024272428,-0.01959934292658616
crop_carbon_above_sp3,min,40,-19.4071588815561,-0.018579396665916903
crop_carbon_above_sp3,min,41,18.07560549318875,-0.017766064342382037
crop_carbon_above_sp3,min,42,-26.556330565986137,-0.017099800294921863
crop_carbon_above_sp3,min,43,-23.600582468392446,-0.016542089422358686
crop_carbon_above_sp3,min,44,-21.53930198221957,-0.016059049994627372
crop_carbon_above_sp3,min,45,-19.740759851615802,-0.015634155694662866
crop_carbon_above_sp3,min,46,21.777231276609584,-0.01525114658672777
crop_carbon_above_sp3,min,47,-24.934641452324396,-0.014898866884085038
crop_carbon_above_sp3,min,48,-20.98685739842184,-0.014570338044610054
crop_carbon_above_sp3,min,49,-18.20082933657575,-0.01426055717390895
crop_carbon_above_sp3,min,50,-15.853982617215017,-0.01396469405229439
crop_carbon_above_sp3,min,total,-1055.0446419348523,-0.7052764498748729
crop_carbon_above_sp3,max,1,-224.03915639751838,0.0724130154078182
crop_carbon_above_sp3,max,2,18.954048176446598,-0.011488790917699276
crop_carbon_above_sp3,max,3,-36.090076355852084,-0.00413629930696402
crop_carbon_above_sp3,max,4,-31.285065751877447,-0.002366682056759828
crop_carbon_above_sp3,max,5,-28.259999870541982,-0.0011532294768130669
crop_carbon_above_sp3,max,6,-7.231594795493584,0.06396305947799696
crop_carbon_above_sp3,max,7,-17.55117349139595,-0.017159894061379077
crop_carbon_above_sp3,max,8,-28.741785288789536,-0.008282193315800157
crop_carbon_above_sp3,max,9,-22.799451228208774,-0.005438527447896746
crop_carbon_above_sp3,max,10,-11.725229605688043,-0.0034656410819344785
crop_carbon_above_sp3,max,11,-2.667648045900904,0.06218966050045305
crop_carbon_above_sp3,max,12,-25.434566599028553,-0.0104176845803714
crop_carbon_above_sp3,max,13,-25.006918578893735,-0.0034687671160007483
crop_carbon_above_sp3,max,14,-25.09143332569373,-0.0015582460271197363
crop_carbon_above_sp3,max,15,-2.0116261340424684,-0.00024757387391804997
crop_carbon_above_sp3,max,16,-2.032316862006746,0.05802139564784303
crop_carbon_above_sp3,max,17,-26.742638670884947,-0.014276609490952552
crop_carbon_above_sp3,max,18,-26.407794194564303,-0.006288059701510917
crop_carbon_above_sp3,max,19,-26.541565050680482,-0.003710782151490122
crop_carbon_above_sp3,max,20,-26.79286163504274,-0.0019282203756247895
crop_carbon_above_sp3,max,21,-0.06513653453243373,0.05667500678995241
crop_carbon_above_sp3,max,22,-32.83693383838205,-0.007252003501854176
crop_carbon_above_sp3,max,23,-31.53603920044222,-0.0012950799032935834
crop_carbon_above_sp3,max,24,-30.972903819940182,0.0002784725065474447
crop_carbon_above_sp3,max,25,-30.646573921135502,0.001347494554728712
crop_carbon_above_sp3,max,26,1.57608456778373,0.052528686332052654
crop_carbon_above_sp3,max,27,-37.09012949953647,-0.011113028393502589
crop_carbon_above_sp3,max,28,-34.96984486838184,-0.004133161794975138
crop_carbon_above_sp3,max,29,-33.77943161224544,-0.0019063964184198312
crop_carbon_above_sp3,max,30,-32.891798639798836,-0.00037362071968516375
crop_carbon_above_sp3,max,31,5.153732463680178,0.05113708456332322
crop_carbon_above_sp3,max,32,-38.307013203250406,0.047092563584435254
crop_carbon_above_sp3,max,33,-35.70764166081822,0.03815869177066844
crop_carbon_above_sp3,max,34,-34.01980565553367,0.03225868283662692
crop_carbon_above_sp3,max,35,90.75995573429448,0.02800818438082331
crop_carbon_above_sp3,max,36,6.3255098214744105,0.024910616542957342
crop_carbon_above_sp3,max,37,-18.2885261333906,0.022623363300038335
crop_carbon_above_sp3,max,38,-18.917232669481507,0.02090831650259517
crop_carbon_above_sp3,max,39,-19.303148332480145,0.019599348865696697
crop_carbon_above_sp3,max,40,-19.369999805132267,0.018579679757916523
crop_carbon_above_sp3,max,41,18.11113729686466,0.017765739333526653
crop_carbon_above_sp3,max,42,-26.52213033066107,0.017100435030144467
crop_carbon_above_sp3,max,43,-23.567499523213495,0.01654085575659181
crop_carbon_above_sp3,max,44,-21.50718279129871,0.01606014092623198
crop_carbon_above_sp3,max,45,-19.709490923511083,0.015634772410056286
crop_carbon_above_sp3,max,46,21.807733346588016,0.015250923391704418
crop_carbon_above_sp3,max,47,-24.90484345726719,0.014899128173119891
crop_carbon_above_sp3,max,48,-20.957716657419255,0.014570402957975404
crop_carbon_above_sp3,max,49,-18.17230920725694,0.014259572144901256
crop_carbon_above_sp3,max,50,-15.826053125199895,0.013964797962827902
crop_carbon_above_sp3,max,total,-1053.6340858852816,0.7052795996958139
crop_carbon_below_sp3,min,1,-224.13661504319612,-0.02504563026991491
crop_carbon_below_sp3,min,2,18.94727748650278,-0.01825948086151641
crop_carbon_below_sp3,min,3,-36.10071839000877,-0.01477833346365287
crop_carbon_below_sp3,min,4,-31.2949993021508,-0.012300232330112237
crop_carbon_below_sp3,min,5,-28.26936674095218,-0.010520099887010304
crop_carbon_below_sp3,min,6,-7.304786608907039,-0.009228753935457412
crop_carbon_below_sp3,min,7,-17.54229498389944,-0.008281386564867432
crop_carbon_below_sp3,min,8,-28.741080091143704,-0.007576995669968056
crop_carbon_below_sp3,min,9,-22.801057627114446,-0.00704492635356857
crop_carbon_below_sp3,min,10,-11.728399320479458,-0.006635355873349624
crop_carbon_below_sp3,min,11,-2.7361509187099142,-0.00631321230855697
crop_carbon_below_sp3,min,12,-25.455248182211108,-0.03109926776292582
crop_carbon_below_sp3,min,13,-25.027548429636894,-0.024098617859159788
crop_carbon_below_sp3,min,14,-25.110310431086223,-0.020435351419614278
crop_carbon_below_sp3,min,15,-2.0291771103592464,-0.017798550190696094
crop_carbon_below_sp3,min,16,-2.106215764027968,-0.015877506373378925
crop_carbon_below_sp3,min,17,-26.742820316477303,-0.014458255083308558
crop_carbon_below_sp3,min,18,-26.414898388021747,-0.013392253158954759
crop_carbon_below_sp3,min,19,-26.550431760931854,-0.012577492402861878
crop_carbon_below_sp3,min,20,-26.80287256767055,-0.01193915300343562
crop_carbon_below_sp3,min,21,-0.1332410829094508,-0.011429541587064662
crop_carbon_below_sp3,min,22,-32.86573795517447,-0.03605612029426908
crop_carbon_below_sp3,min,23,-31.563661180093984,-0.028917059555055857
crop_carbon_below_sp3,min,24,-30.998312522895088,-0.02513023044835805
crop_carbon_below_sp3,min,25,-30.670303380333564,-0.02238196464333342
crop_carbon_below_sp3,min,26,1.503199263582927,-0.020356617868750426
crop_carbon_below_sp3,min,27,-37.097855904365005,-0.01883943322204118
crop_carbon_below_sp3,min,28,-34.98339377088845,-0.01768206430158159
crop_carbon_below_sp3,min,29,-33.794303482546745,-0.01677826671972582
crop_carbon_below_sp3,min,30,-32.907480855541635,-0.016055836462484763
crop_carbon_below_sp3,min,31,5.087131459628966,-0.015463919487888056
crop_carbon_below_sp3,min,32,-38.431229194939775,-0.07712342810493311
crop_carbon_below_sp3,min,33,-35.805651006642,-0.05985065405311474
crop_carbon_below_sp3,min,34,-34.102894698730864,-0.050830360360563986
crop_carbon_below_sp3,min,35,90.68761204327615,-0.04433550663750907
crop_carbon_below_sp3,min,36,6.260998843254785,-0.03960036167666825
crop_carbon_below_sp3,min,37,-18.347249631972165,-0.03610013528152578
crop_carbon_below_sp3,min,38,-18.971609515257796,-0.03346852927369426
crop_carbon_below_sp3,min,39,-19.354201070754126,-0.03145338940828424
crop_carbon_below_sp3,min,40,-19.418455929020304,-0.029876444130120916
crop_carbon_below_sp3,min,41,18.064759888897495,-0.028611668633637066
crop_carbon_below_sp3,min,42,-26.56680205212705,-0.027571286435833287
crop_carbon_below_sp3,min,43,-23.61073407287174,-0.026693693901652438
crop_carbon_below_sp3,min,44,-21.54917547597999,-0.025932543755047277
crop_carbon_below_sp3,min,45,-19.750384320962826,-0.025258625041686855
crop_carbon_below_sp3,min,46,21.767833804225,-0.02464861897131243
crop_carbon_below_sp3,min,47,-24.943827356901664,-0.024084771461353682
crop_carbon_below_sp3,min,48,-20.995845985237313,-0.023558924860083152
crop_carbon_below_sp3,min,49,-18.209628693713647,-0.023059914311804874
crop_carbon_below_sp3,min,50,-15.862602058314085,-0.02258413515136226
crop_carbon_below_sp3,min,total,-1055.5107603857903,-1.1713949008128566
crop_carbon_below_sp3,max,1,-224.08652377822332,0.02504563470287735
crop_carbon_below_sp3,max,2,18.98379645582887,0.01825948846457237
crop_carbon_below_sp3,max,3,-36.07116180947553,0.014778247069592965
crop_carbon_below_sp3,max,4,-31.270398746395582,0.01230032342510512
crop_carbon_below_sp3,max,5,-28.248326610018022,0.010520031047146716
crop_carbon_below_sp3,max,6,-7.286329201400253,0.00922865357132796
crop_carbon_below_sp3,max,7,-17.52573208930064,0.008281508033931573
crop_carbon_below_sp3,max,8,-28.72592614789958,0.007576947574154502
crop_carbon_below_sp3,max,9,-22.78696771827083,0.007044982490047147
crop_carbon_below_sp3,max,10,-11.71512862589702,0.006635338709088501
crop_carbon_below_sp3,max,11,-2.7235244720732856,0.006313234328071626
crop_carbon_below_sp3,max,12,-25.393049647255385,0.031099267192796987
crop_carbon_below_sp3,max,13,-24.97935137576641,0.02409843601132522
crop_carbon_below_sp3,max,14,-25.06943970807296,0.020435371593649165
crop_carbon_below_sp3,max,15,-1.9935793603071508,0.01779919986139955
crop_carbon_below_sp3,max,16,-2.0744602820780904,0.015877975576498837
crop_carbon_below_sp3,max,17,-26.713903848420227,0.014458212973767814
crop_carbon_below_sp3,max,18,-26.38811403332979,0.013392101533003853
crop_carbon_below_sp3,max,19,-26.525277317274707,0.012576951254285262
crop_carbon_below_sp3,max,20,-26.778993122683456,0.011940291983659534
crop_carbon_below_sp3,max,21,-0.11038275879655846,0.011428782525827685
crop_carbon_below_sp3,max,22,-32.793625658965965,0.036056175914232824
crop_carbon_below_sp3,max,23,-31.50582723273626,0.028916887802669322
crop_carbon_below_sp3,max,24,-30.94805210445609,0.025130187990640707
crop_carbon_below_sp3,max,25,-30.625540306993567,0.022381108696663432
crop_carbon_below_sp3,max,26,1.5439123163915824,0.02035643493990502
crop_carbon_below_sp3,max,27,-37.060176364525184,0.01884010661778035
crop_carbon_below_sp3,max,28,-34.94803036268506,0.0176813439018062
crop_carbon_below_sp3,max,29,-33.760747499317695,0.016777716509324136
crop_carbon_below_sp3,max,30,-32.875369390874965,0.016055628204185268
crop_carbon_below_sp3,max,31,5.11805881461396,0.015463435497105493
crop_carbon_below_sp3,max,32,-38.2769816028488,0.07712416398604205
crop_carbon_below_sp3,max,33,-35.6859485735627,0.05985177902618943
crop_carbon_below_sp3,max,34,-34.001233718325906,0.05083062004439398
crop_carbon_below_sp3,max,35,90.77628385199799,0.044336302084332146
crop_carbon_below_sp3,max,36,6.340200411519634,0.03960120658818056
crop_carbon_below_sp3,max,37,-18.27504939412196,0.03610010256867824
crop_carbon_below_sp3,max,38,-18.90467298055879,0.0334680054253127
crop_carbon_below_sp3,max,39,-19.29129520201619,0.03145247932965134
crop_carbon_below_sp3,max,40,-19.358703548732645,0.029875936157537808
crop_carbon_below_sp3,max,41,18.12198349427384,0.028611936742709787
crop_carbon_below_sp3,max,42,-26.511658552826788,0.02757221286442757
crop_carbon_below_sp3,max,43,-23.557346990946247,0.02669338802384047
crop_carbon_below_sp3,max,44,-21.497309626114678,0.025933306110264454
crop_carbon_below_sp3,max,45,-19.69986667909789,0.025259016823248714
crop_carbon_below_sp3,max,46,21.817129692179886,0.024647268983574833
crop_carbon_below_sp3,max,47,-24.89565710996522,0.02408547547508988
crop_carbon_below_sp3,max,48,-20.94872916323147,0.02355789714576062
crop_carbon_below_sp3,max,49,-18.163509191030045,0.023059588371797446
crop_carbon_below_sp3,max,50,-15.817433955487697,0.022583967675025463
crop_carbon_below_sp3,max,total,-1053.167970825555,1.1713946594225035
crop_intercept_sp3,min,1,-224.17383545182457,-0.06226603889837179
crop_intercept_sp3,min,2,18.974262689794262,0.008725722429964833
crop_intercept_sp3,min,3,-36.08451123413188,0.0014288224132386063
crop_intercept_sp3,min,4,-31.28348462449453,-0.0007855546738433361
crop_intercept_sp3,min,5,-28.261173166126422,-0.002326525061253193
crop_intercept_sp3,min,6,-7.3549730463803495,-0.059415191408768386
crop_intercept_sp3,min,7,-17.523196193815448,0.010817403519123303
crop_intercept_sp3,min,8,-28.730519146116734,0.0029839493570023023
crop_intercept_sp3,min,9,-22.793623506250356,0.0003891945105216621
crop_intercept_sp3,min,10,-11.723186257955286,-0.0014222933491776502
crop_intercept_sp3,min,11,-2.7885416573555264,-0.05870395095416914
crop_intercept_sp3,min,12,-25.412758401773733,0.011390512674449127
crop_intercept_sp3,min,13,-24.999992229468468,0.003457582309266627
crop_intercept_sp3,min,14,-25.089083948702555,0.0007911309640533659
crop_intercept_sp3,min,15,-2.0124507866977592,-0.0010722265292089084
crop_intercept_sp3,min,16,-2.1487305978576248,-0.05839234020303552
crop_intercept_sp3,min,17,-26.71668872913195,0.011673332262045477
crop_intercept_sp3,min,18,-26.397786794976692,0.0037193398860999594
crop_intercept_sp3,min,19,-26.536818361087438,0.0010359074415546843
crop_intercept_sp3,min,20,-26.791773003268432,-0.0008395886013161658
crop_intercept_sp3,min,21,-0.17998195106524273,-0.05817040974285659
crop_intercept_sp3,min,22,-32.817794939291375,0.011886895588823165
crop_intercept_sp3,min,23,-31.53081806903898,0.003926051499949068
crop_intercept_sp3,min,24,-30.971945773681547,0.0012365187651823817
crop_intercept_sp3,min,25,-30.648566049439367,-0.0006446337491361476
crop_intercept_sp3,min,26,1.4655759556122765,-0.057979925839400925
crop_intercept_sp3,min,27,-37.066942640938834,0.012073830204130331
crop_intercept_sp3,min,28,-34.96160384756382,0.004107859023044114
crop_intercept_sp3,min,29,-33.77610995364581,0.001415262181211574
crop_intercept_sp3,min,30,-32.8918950208305,-0.00047000175135281097
crop_intercept_sp3,min,31,5.044786546413773,-0.05780883270308124
crop_intercept_sp3,min,32,-38.41101018190463,-0.05690441506978772
crop_intercept_sp3,min,33,-35.788111112758095,-0.042310760169208095
crop_intercept_sp3,min,34,-34.08549815664781,-0.033433818277508465
crop_intercept_sp3,min,35,90.70486434286877,-0.027083207044881874
crop_intercept_sp3,min,36,6.278101986576871,-0.02249721835458196
crop_intercept_sp3,min,37,-18.330299063335048,-0.019149566644408367
crop_intercept_sp3,min,38,-18.95481577497441,-0.01667478899030783
crop_intercept_sp3,min,39,-19.33756489988128,-0.014817218535437604
crop_intercept_sp3,min,40,-19.401978111318122,-0.01339862642793932
crop_intercept_sp3,min,41,18.081078953192613,-0.012292604338519197
crop_intercept_sp3,min,42,-26.55064004312153,-0.011409277430313836
crop_intercept_sp3,min,43,-23.594728412175726,-0.010688033205639158
crop_intercept_sp3,min,44,-21.533323777023433,-0.010080844798491029
crop_intercept_sp3,min,45,-19.734684046668775,-0.009558350747635558
crop_intercept_sp3,min,46,21.783384381867737,-0.009098041328574169
crop_intercept_sp3,min,47,-24.92842361899253,-0.008681033552218054
crop_intercept_sp3,min,48,-20.98058650551135,-0.008299445134120731
crop_intercept_sp3,min,49,-18.194511898881267,-0.00794311947942461
crop_intercept_sp3,min,50,-15.847624509353302,-0.007606586190579634
crop_intercept_sp3,min,total,-1055.0105306391322,-0.6711651541547781
crop_intercept_sp3,max,1,-224.09600284652663,0.015566566399570547
crop_intercept_sp3,max,2,18.96335554515562,-0.002181422208678896
crop_intercept_sp3,max,3,-36.086297381041504,-0.0003573244963845923
crop_intercept_sp3,max,4,-31.28250258972655,0.00019648009413586465
crop_intercept_sp3,max,5,-28.25826508199858,0.0005815590665889658
crop_intercept_sp3,max,6,-7.280704186546976,0.014853668424605004
crop_intercept_sp3,max,7,-17.536717810937635,-0.002704213603063721
crop_intercept_sp3,max,8,-28.7342491416139,-0.0007460461401649354
crop_intercept_sp3,max,9,-22.79410992980291,-9.72290420335753e-05
crop_intercept_sp3,max,10,-11.721408416443932,0.0003555481621759782
crop_intercept_sp3,max,11,-2.715161690542453,0.014676015858904101
crop_intercept_sp3,max,12,-25.42699645684166,-0.0028475423934786193
crop_intercept_sp3,max,13,-25.00431417933209,-0.0008643675543567042
crop_intercept_sp3,max,14,-25.09007295974498,-0.00019788007837107102
crop_intercept_sp3,max,15,-2.0111102091968602,0.00026835097169009003
crop_intercept_sp3,max,16,-2.0757400527472645,0.014598204907324774
crop_intercept_sp3,max,17,-26.731280452831314,-0.002918391437319201
crop_intercept_sp3,max,18,-26.402435995279205,-0.0009298604164129642
crop_intercept_sp3,max,19,-26.53811340920615,-0.000259140677158598
crop_intercept_sp3,max,20,-26.790722770221944,0.00021064444517193692
crop_intercept_sp3,max,21,-0.10726910580836257,0.014542435514023566
crop_intercept_sp3,max,22,-32.83265363754229,-0.002971802662095513
crop_intercept_sp3,max,23,-31.535726208069445,-0.000982087530516651
crop_intercept_sp3,max,24,-30.973492252458716,-0.0003099600119860213
crop_intercept_sp3,max,25,-30.647759827388587,0.0001615883016441444
crop_intercept_sp3,max,26,1.5380502668060143,0.014494385354336892
crop_intercept_sp3,max,27,-37.082034342196664,-0.0030178710537001052
crop_intercept_sp3,max,28,-34.96673864006745,-0.0010269334805812491
crop_intercept_sp3,max,29,-33.777879549190736,-0.0003543333637168189
crop_intercept_sp3,max,30,-32.891307250852,0.00011776822714892887
crop_intercept_sp3,max,31,5.117048297394293,0.014452918277438442
crop_intercept_sp3,max,32,-38.33987915512967,0.014226611705169034
crop_intercept_sp3,max,33,-35.73522175171144,0.010578600877444444
crop_intercept_sp3,max,34,-34.043705434461074,0.008358903909226001
crop_intercept_sp3,max,35,90.738718079589,0.00677052967535019
crop_intercept_sp3,max,36,6.306224228344403,0.005625023412950014
crop_intercept_sp3,max,37,-18.306362642297735,0.004786854392904161
crop_intercept_sp3,max,38,-18.93397246563715,0.004168520346951254
crop_intercept_sp3,max,39,-19.319043681164086,0.003704000181755873
crop_intercept_sp3,max,40,-19.38522977620273,0.00334970868745188
crop_intercept_sp3,max,41,18.0964448028999,0.0030732453687676298
crop_intercept_sp3,max,42,-26.53637726478961,0.002853500901604633
crop_intercept_sp3,max,43,-23.581369243297914,0.0026711356721733637
crop_intercept_sp3,max,44,-21.520722085223895,0.002520847001047599
crop_intercept_sp3,max,45,-19.722735657134024,0.0023900387871158557
crop_intercept_sp3,max,46,21.79475657488894,0.0022741516926281236
crop_intercept_sp3,max,47,-24.917572136086807,0.002170449353503301
crop_intercept_sp3,max,48,-20.970212284313007,0.002074776064223016
crop_intercept_sp3,max,49,-18.18458347046804,0.001985308933800667
crop_intercept_sp3,max,50,-15.83811688627143,0.0019010368912919517
crop_intercept_sp3,max,total,-1054.1715725132672,0.16779297171024155
crop_nitrogen_above_sp3,min,1,-224.1043109474262,0.007258465500001421
crop_nitrogen_above_sp3,min,2,18.9663520673643,0.0008151000000040654
crop_nitrogen_above_sp3,min,3,-36.085124956545116,0.0008151000000040654
crop_nitrogen_above_sp3,min,4,-31.28188396982069,0.0008150999999969599
crop_nitrogen_above_sp3,min,5,-28.258031541065172,0.0008150999999969599
crop_nitrogen_above_sp3,min,6,-7.288299389471581,0.007258465500000533
crop_nitrogen_above_sp3,min,7,-17.533198497334567,0.0008151000000040654
crop_nitrogen_above_sp3,min,8,-28.732687995473736,0.0008151000000005126
crop_nitrogen_above_sp3,min,9,-22.793197600760877,0.0008151000000005126
crop_nitrogen_above_sp3,min,10,-11.720948864606108,0.0008151000000005126
crop_nitrogen_above_sp3,min,11,-2.722579240901357,0.007258465500000089
crop_nitrogen_above_sp3,min,12,-25.42251871444818,0.0016302000000010253
crop_nitrogen_above_sp3,min,13,-25.001819611777734,0.0016302000000010253
crop_nitrogen_above_sp3,min,14,-25.088244879666604,0.001630200000004578
crop_nitrogen_above_sp3,min,15,-2.0097483601685506,0.001630199999999693
crop_nitrogen_above_sp3,min,16,-2.0829575271545893,0.007380730499999988
crop_nitrogen_above_sp3,min,17,-26.726731861393997,0.0016301999999974726
crop_nitrogen_above_sp3,min,18,-26.39987593486279,0.0016302000000010253
crop_nitrogen_above_sp3,min,19,-26.536224068528995,0.0016301999999974726
crop_nitrogen_above_sp3,min,20,-26.789303214667115,0.0016302000000010253
crop_nitrogen_above_sp3,min,21,-0.11443081082238638,0.007380730499999766
crop_nitrogen_above_sp3,min,22,-32.8272365348802,0.002445299999997985
crop_nitrogen_above_sp3,min,23,-31.532298820538927,0.002445300000001538
crop_nitrogen_above_sp3,min,24,-30.970736992446728,0.002445300000001538
crop_nitrogen_above_sp3,min,25,-30.64547611569023,0.002445300000001538
crop_nitrogen_above_sp3,min,26,1.5310588769516773,0.007502995499999887
crop_nitrogen_above_sp3,min,27,-37.076571171142966,0.002445299999997985
crop_nitrogen_above_sp3,min,28,-34.96326640658687,0.002445299999997985
crop_nitrogen_above_sp3,min,29,-33.77507991582702,0.002445299999997985
crop_nitrogen_above_sp3,min,30,-32.88897971907915,0.002445299999997985
crop_nitrogen_above_sp3,min,31,5.110098374616855,0.007502995500000331
crop_nitrogen_above_sp3,min,32,-38.34571023683485,0.008395529999994267
crop_nitrogen_above_sp3,min,33,-35.737404822588886,0.008395530000001372
crop_nitrogen_above_sp3,min,34,-34.0436688083703,0.008395530000001372
crop_nitrogen_above_sp3,min,35,90.74034307991366,0.008395530000001372
crop_nitrogen_above_sp3,min,36,6.308994734931453,0.008395529999999596
crop_nitrogen_above_sp3,min,37,-18.302753966690638,0.008395530000001372
crop_nitrogen_above_sp3,min,38,-18.9297454559841,0.008395530000001372
crop_nitrogen_above_sp3,min,39,-19.31435215134584,0.008395530000001372
crop_nitrogen_above_sp3,min,40,-19.38018395489018,0.008395530000001372
crop_nitrogen_above_sp3,min,41,18.10176708753113,0.00839552999999782
crop_nitrogen_above_sp3,min,42,-26.530835235691214,0.008395530000001372
crop_nitrogen_above_sp3,min,43,-23.57564484897009,0.00839552999999782
crop_nitrogen_above_sp3,min,44,-21.51484740222494,0.008395530000001372
crop_nitrogen_above_sp3,min,45,-19.71673016592114,0.008395530000001372
crop_nitrogen_above_sp3,min,46,21.80087795319631,0.00839552999999782
crop_nitrogen_above_sp3,min,47,-24.911347055440313,0.00839552999999782
crop_nitrogen_above_sp3,min,48,-20.96389153037723,0.008395530000001372
crop_nitrogen_above_sp3,min,49,-18.17817324940184,0.008395530000001372
crop_nitrogen_above_sp3,min,50,-15.831622393162721,0.008395530000001372
crop_nitrogen_above_sp3,min,total,-1054.089182766477,0.2501827185003549
crop_nitrogen_above_sp3,max,1,-224.1188278784262,-0.007258465500001421
crop_nitrogen_above_sp3,max,2,18.9647218673643,-0.0008150999999969599
crop_nitrogen_above_sp3,max,3,-36.08675515654512,-0.0008150999999969599
crop_nitrogen_above_sp3,max,4,-31.28351416982069,-0.0008151000000040654
crop_nitrogen_above_sp3,max,5,-28.25966174106517,-0.0008151000000005126
crop_nitrogen_above_sp3,max,6,-7.302816320471582,-0.007258465500000533
crop_nitrogen_above_sp3,max,7,-17.534828697334568,-0.0008150999999969599
crop_nitrogen_above_sp3,max,8,-28.734318195473737,-0.0008151000000005126
crop_nitrogen_above_sp3,max,9,-22.794827800760878,-0.0008151000000005126
crop_nitrogen_above_sp3,max,10,-11.722579064606109,-0.0008151000000005126
crop_nitrogen_above_sp3,max,11,-2.7370961719013573,-0.007258465500000089
crop_nitrogen_above_sp3,max,12,-25.425779114448183,-0.0016302000000010253
crop_nitrogen_above_sp3,max,13,-25.005080011777736,-0.0016302000000010253
crop_nitrogen_above_sp3,max,14,-25.091505279666606,-0.0016301999999974726
crop_nitrogen_above_sp3,max,15,-2.0130087601685505,-0.001630200000000137
crop_nitrogen_above_sp3,max,16,-2.0977189881545892,-0.007380730499999988
crop_nitrogen_above_sp3,max,17,-26.729992261393996,-0.0016302000000010253
crop_nitrogen_above_sp3,max,18,-26.403136334862793,-0.0016302000000010253
crop_nitrogen_above_sp3,max,19,-26.539484468528993,-0.0016302000000010253
crop_nitrogen_above_sp3,max,20,-26.792563614667113,-0.0016301999999974726
crop_nitrogen_above_sp3,max,21,-0.12919227182238613,-0.007380730499999988
crop_nitrogen_above_sp3,max,22,-32.832127134880196,-0.002445299999997985
crop_nitrogen_above_sp3,max,23,-31.537189420538926,-0.002445299999997985
crop_nitrogen_above_sp3,max,24,-30.97562759244673,-0.002445300000001538
crop_nitrogen_above_sp3,max,25,-30.650366715690232,-0.002445300000001538
crop_nitrogen_above_sp3,max,26,1.5160528859516778,-0.007502995499999665
crop_nitrogen_above_sp3,max,27,-37.08146177114297,-0.0024453000000050906
crop_nitrogen_above_sp3,max,28,-34.968157006586864,-0.002445299999997985
crop_nitrogen_above_sp3,max,29,-33.779970515827024,-0.0024453000000050906
crop_nitrogen_above_sp3,max,30,-32.89387031907915,-0.002445299999997985
crop_nitrogen_above_sp3,max,31,5.095092383616854,-0.007502995500000331
crop_nitrogen_above_sp3,max,32,-38.36250129683484,-0.008395530000001372
crop_nitrogen_above_sp3,max,33,-35.75419588258889,-0.008395530000001372
crop_nitrogen_above_sp3,max,34,-34.0604598683703,-0.008395530000001372
crop_nitrogen_above_sp3,max,35,90.72355201991365,-0.008395530000001372
crop_nitrogen_above_sp3,max,36,6.292203674931454,-0.008395529999999596
crop_nitrogen_above_sp3,max,37,-18.31954502669064,-0.008395530000001372
crop_nitrogen_above_sp3,max,38,-18.946536515984103,-0.008395530000001372
crop_nitrogen_above_sp3,max,39,-19.33114321134584,-0.00839552999999782
crop_nitrogen_above_sp3,max,40,-19.39697501489018,-0.00839552999999782
crop_nitrogen_above_sp3,max,41,18.08497602753113,-0.008395530000001372
crop_nitrogen_above_sp3,max,42,-26.547626295691213,-0.00839552999999782
crop_nitrogen_above_sp3,max,43,-23.59243590897009,-0.008395530000001372
crop_nitrogen_above_sp3,max,44,-21.53163846222494,-0.00839552999999782
crop_nitrogen_above_sp3,max,45,-19.733521225921137,-0.00839552999999782
crop_nitrogen_above_sp3,max,46,21.78408689319631,-0.008395530000001372
crop_nitrogen_above_sp3,max,47,-24.928138115440312,-0.008395530000001372
crop_nitrogen_above_sp3,max,48,-20.980682590377228,-0.00839552999999782
crop_nitrogen_above_sp3,max,49,-18.194964309401843,-0.008395530000001372
crop_nitrogen_above_sp3,max,50,-15.848413453162722,-0.008395529999999596
crop_nitrogen_above_sp3,max,total,-1054.5895482034773,-0.25018271849990015
crop_nitrogen_below_sp3,min,1,-224.1097195649262,0.0018498480000062045
crop_nitrogen_below_sp3,min,2,18.9673868153643,0.0018498480000026518
crop_nitrogen_below_sp3,min,3,-36.08409020854512,0.001849847999999099
crop_nitrogen_below_sp3,min,4,-31.28084922182069,0.0018498479999955464
crop_nitrogen_below_sp3,min,5,-28.256996793065174,0.0018498479999955464
crop_nitrogen_below_sp3,min,6,-7.293708006971581,0.0018498479999999873
crop_nitrogen_below_sp3,min,7,-17.532163749334572,0.001849847999999099
crop_nitrogen_below_sp3,min,8,-28.731653247473734,0.0018498480000026518
crop_nitrogen_below_sp3,min,9,-22.792162852760878,0.001849847999999099
crop_nitrogen_below_sp3,min,10,-11.719914116606107,0.0018498480000008755
crop_nitrogen_below_sp3,min,11,-2.727987858401357,0.0018498480000004314
crop_nitrogen_below_sp3,min,12,-25.42044921844818,0.003699696000001751
crop_nitrogen_below_sp3,min,13,-24.999750115777733,0.003699696000001751
crop_nitrogen_below_sp3,min,14,-25.086175383666607,0.003699696000001751
crop_nitrogen_below_sp3,min,15,-2.0076788641685503,0.0036996959999999746
crop_nitrogen_below_sp3,min,16,-2.0866385616545893,0.0036996959999999746
crop_nitrogen_below_sp3,min,17,-26.724662365393996,0.003699695999998198
crop_nitrogen_below_sp3,min,18,-26.39780643886279,0.003699696000001751
crop_nitrogen_below_sp3,min,19,-26.534154572528998,0.0036996959999946455
crop_nitrogen_below_sp3,min,20,-26.787233718667114,0.003699696000001751
crop_nitrogen_below_sp3,min,21,-0.11811184532238617,0.0036996959999999746
crop_nitrogen_below_sp3,min,22,-32.8241322908802,0.005549543999997297
crop_nitrogen_below_sp3,min,23,-31.529194576538927,0.00554954400000085
crop_nitrogen_below_sp3,min,24,-30.96763274844673,0.00554954400000085
crop_nitrogen_below_sp3,min,25,-30.64237187169023,0.00554954400000085
crop_nitrogen_below_sp3,min,26,1.5291054254516774,0.005549543999999962
crop_nitrogen_below_sp3,min,27,-37.07346692714297,0.005549543999997297
crop_nitrogen_below_sp3,min,28,-34.96016216258687,0.005549543999997297
crop_nitrogen_below_sp3,min,29,-33.771975671827015,0.005549544000004403
crop_nitrogen_below_sp3,min,30,-32.88587547507915,0.005549543999997297
crop_nitrogen_below_sp3,min,31,5.108144923116855,0.00554954400000085
crop_nitrogen_below_sp3,min,32,-38.34396523643484,0.010140530400001069
crop_nitrogen_below_sp3,min,33,-35.735659822188886,0.010140530400001069
crop_nitrogen_below_sp3,min,34,-34.0419238079703,0.010140530400001069
crop_nitrogen_below_sp3,min,35,90.74208808031366,0.010140530400008174
crop_nitrogen_below_sp3,min,36,6.310739735331453,0.01014053040000018
crop_nitrogen_below_sp3,min,37,-18.301008966290638,0.010140530400001069
crop_nitrogen_below_sp3,min,38,-18.9280004555841,0.010140530400001069
crop_nitrogen_below_sp3,min,39,-19.31260715094584,0.010140530400001069
crop_nitrogen_below_sp3,min,40,-19.378438954490182,0.010140530400001069
crop_nitrogen_below_sp3,min,41,18.10351208793113,0.010140530399997516
crop_nitrogen_below_sp3,min,42,-26.529090235291214,0.010140530400001069
crop_nitrogen_below_sp3,min,43,-23.57389984857009,0.010140530399997516
crop_nitrogen_below_sp3,min,44,-21.51310240182494,0.010140530400001069
crop_nitrogen_below_sp3,min,45,-19.71498516552114,0.010140530400001069
crop_nitrogen_below_sp3,min,46,21.80262295359631,0.010140530399997516
crop_nitrogen_below_sp3,min,47,-24.909602055040313,0.010140530399997516
crop_nitrogen_below_sp3,min,48,-20.96214652997723,0.010140530400001069
crop_nitrogen_below_sp3,min,49,-18.17642824900184,0.010140530400001069
crop_nitrogen_below_sp3,min,50,-15.829877392762722,0.010140530400001069
crop_nitrogen_below_sp3,min,total,-1054.0338546793773,0.30551080560007904
crop_nitrogen_below_sp3,max,1,-224.1134192609262,-0.0018498480000062045
crop_nitrogen_below_sp3,max,2,18.9636871193643,-0.0018498479999955464
crop_nitrogen_below_sp3,max,3,-36.08778990454512,-0.001849847999999099
crop_nitrogen_below_sp3,max,4,-31.28454891782069,-0.0018498480000026518
crop_nitrogen_below_sp3,max,5,-28.26069648906517,-0.0018498480000026518
crop_nitrogen_below_sp3,max,6,-7.297407702971581,-0.0018498479999999873
crop_nitrogen_below_sp3,max,7,-17.53586344533457,-0.001849847999999099
crop_nitrogen_below_sp3,max,8,-28.73535294347374,-0.0018498480000026518
crop_nitrogen_below_sp3,max,9,-22.795862548760876,-0.001849847999999099
crop_nitrogen_below_sp3,max,10,-11.723613812606107,-0.001849847999999099
crop_nitrogen_below_sp3,max,11,-2.7316875544013572,-0.0018498479999999873
crop_nitrogen_below_sp3,max,12,-25.427848610448184,-0.003699696000001751
crop_nitrogen_below_sp3,max,13,-25.007149507777736,-0.003699696000001751
crop_nitrogen_below_sp3,max,14,-25.093574775666603,-0.0036996959999946455
crop_nitrogen_below_sp3,max,15,-2.0150782561685503,-0.0036996959999999746
crop_nitrogen_below_sp3,max,16,-2.094037953654589,-0.0036996959999995305
crop_nitrogen_below_sp3,max,17,-26.732061757393996,-0.003699696000001751
crop_nitrogen_below_sp3,max,18,-26.405205830862794,-0.003699696000001751
crop_nitrogen_below_sp3,max,19,-26.541553964528994,-0.003699696000001751
crop_nitrogen_below_sp3,max,20,-26.794633110667114,-0.003699695999998198
crop_nitrogen_below_sp3,max,21,-0.12551123732238656,-0.0036996960000004186
crop_nitrogen_below_sp3,max,22,-32.835231378880195,-0.005549543999997297
crop_nitrogen_below_sp3,max,23,-31.540293664538925,-0.005549543999997297
crop_nitrogen_below_sp3,max,24,-30.97873183644673,-0.00554954400000085
crop_nitrogen_below_sp3,max,25,-30.65347095969023,-0.00554954400000085
crop_nitrogen_below_sp3,max,26,1.518006337451678,-0.005549543999999518
crop_nitrogen_below_sp3,max,27,-37.08456601514297,-0.005549544000004403
crop_nitrogen_below_sp3,max,28,-34.97126125058686,-0.005549543999997297
crop_nitrogen_below_sp3,max,29,-33.783074759827024,-0.005549544000004403
crop_nitrogen_below_sp3,max,30,-32.89697456307915,-0.005549543999997297
crop_nitrogen_below_sp3,max,31,5.097045835116854,-0.005549543999999962
crop_nitrogen_below_sp3,max,32,-38.36424629723484,-0.010140530400001069
crop_nitrogen_below_sp3,max,33,-35.75594088298889,-0.010140530400001069
crop_nitrogen_below_sp3,max,34,-34.0622048687703,-0.010140530400001069
crop_nitrogen_below_sp3,max,35,90.72180701951366,-0.010140530399993963
crop_nitrogen_below_sp3,max,36,6.290458674531453,-0.01014053040000018
crop_nitrogen_below_sp3,max,37,-18.32129002709064,-0.010140530400001069
crop_nitrogen_below_sp3,max,38,-18.948281516384103,-0.010140530400001069
crop_nitrogen_below_sp3,max,39,-19.33288821174584,-0.010140530399997516
crop_nitrogen_below_sp3,max,40,-19.39872001529018,-0.010140530399997516
crop_nitrogen_below_sp3,max,41,18.08323102713113,-0.010140530400001069
crop_nitrogen_below_sp3,max,42,-26.549371296091213,-0.010140530399997516
crop_nitrogen_below_sp3,max,43,-23.59418090937009,-0.010140530400001069
crop_nitrogen_below_sp3,max,44,-21.53338346262494,-0.010140530399997516
crop_nitrogen_below_sp3,max,45,-19.735266226321137,-0.010140530399997516
crop_nitrogen_below_sp3,max,46,21.78234189279631,-0.010140530400001069
crop_nitrogen_below_sp3,max,47,-24.929883115840312,-0.010140530400001069
crop_nitrogen_below_sp3,max,48,-20.982427590777228,-0.010140530399997516
crop_nitrogen_below_sp3,max,49,-18.196709309801843,-0.010140530400001069
crop_nitrogen_below_sp3,max,50,-15.850158453562722,-0.010140530399999292
crop_nitrogen_below_sp3,max,total,-1054.6448762905773,-0.30551080559985166
crop_carbon_above_sp16,min,1,-224.19053835806696,-0.07896894514075825
crop_carbon_above_sp16,min,2,18.986933895425732,0.021396928061435005
crop_carbon_above_sp16,min,3,-36.074964198116234,0.010975858428885488
crop_carbon_above_sp16,min,4,-31.2748855121711,0.007813557649587466
crop_carbon_above_sp16,min,5,-28.253233976190614,0.005612664874554696
crop_carbon_above_sp16,min,6,-7.384390794356003,-0.08883293938442183
crop_carbon_above_sp16,min,7,-17.598758279466324,-0.064744682131753
crop_carbon_above_sp16,min,8,-28.786101379257094,-0.0525982837833574
crop_carbon_above_sp16,min,9,-22.837961698491068,-0.04394899773019034
crop_carbon_above_sp16,min,10,-11.75949611302936,-0.037732148423252454
crop_carbon_above_sp16,min,11,-2.763055224240076,-0.033217517838718624
crop_carbon_above_sp16,min,12,-25.454049553502607,-0.02990063905442497
crop_carbon_above_sp16,min,13,-25.03087960978085,-0.027429798003115735
crop_carbon_above_sp16,min,14,-25.115433619739402,-0.02555854007279379
crop_carbon_above_sp16,min,15,-2.0354921522324263,-0.024113592063875977
crop_carbon_above_sp16,min,16,-2.1133116852946685,-0.022973427640079258
crop_carbon_above_sp16,min,17,-26.750413706703117,-0.022051645309122847
crop_carbon_above_sp16,min,18,-26.42279212943757,-0.021285994574778755
crop_carbon_above_sp16,min,19,-26.558488691654777,-0.02063442312578445
crop_carbon_above_sp16,min,20,-26.810997715858655,-0.020064301191538902
crop_carbon_above_sp16,min,21,-0.1413686259959448,-0.019557084673558656
crop_carbon_above_sp16,min,22,-32.84877516417611,-0.01909332929591301
crop_carbon_above_sp16,min,23,-31.553408556926478,-0.018664436387549443
crop_carbon_above_sp16,min,24,-30.991443136537043,-0.01826084409031381
crop_carbon_above_sp16,min,25,-30.665798796359475,-0.017877380669244047
crop_carbon_above_sp16,min,26,1.5060446776957508,-0.01751120375592663
crop_carbon_above_sp16,min,27,-37.09617448960566,-0.017158018462694713
crop_carbon_above_sp16,min,28,-34.98252823562068,-0.016816529033810923
crop_carbon_above_sp16,min,29,-33.7940106431416,-0.016485427314577805
crop_carbon_above_sp16,min,30,-32.90758642393162,-0.01616140485246831
crop_carbon_above_sp16,min,31,5.086748602730719,-0.01584677638613563
crop_carbon_above_sp16,min,32,-38.36964439040537,-0.015538623570527932
crop_carbon_above_sp16,min,33,-35.76103675887086,-0.015236406281971426
crop_carbon_above_sp16,min,34,-34.06700673253489,-0.014942394164592088
crop_carbon_above_sp16,min,35,90.71729466020022,-0.014652889713431705
crop_carbon_above_sp16,min,36,6.2862291268472195,-0.01437007808423374
crop_carbon_above_sp16,min,37,-18.32524265980568,-0.014093163115042273
crop_carbon_above_sp16,min,38,-18.95196267420536,-0.01382168822125962
crop_carbon_above_sp16,min,39,-19.336302667065766,-0.013554985719924417
crop_carbon_above_sp16,min,40,-19.401872950073354,-0.013293465183171094
crop_carbon_above_sp16,min,41,18.08033373581847,-0.013037821712661213
crop_carbon_above_sp16,min,42,-26.552016634150753,-0.012785868459538108
crop_carbon_above_sp16,min,43,-23.596580814052114,-0.012540435082026846
crop_carbon_above_sp16,min,44,-21.535541238829676,-0.012298306604733966
crop_carbon_above_sp16,min,45,-19.737187355086157,-0.012061659165016891
crop_carbon_above_sp16,min,46,21.780652636428602,-0.011829786767709294
crop_carbon_above_sp16,min,47,-24.93134416258738,-0.011601577147068554
crop_carbon_above_sp16,min,48,-20.983665672929234,-0.011378612552004341
crop_carbon_above_sp16,min,49,-18.197728850761518,-0.011160071359675783
crop_carbon_above_sp16,min,50,-15.850962103866289,-0.010944180703566175
crop_carbon_above_sp16,min,total,-1055.3501967999612,-1.0108313149837613
crop_carbon_above_sp16,max,1,-224.03260039545108,0.0789690174751172
crop_carbon_above_sp16,max,2,18.944140124202438,-0.021396843161859636
crop_carbon_above_sp16,max,3,-36.09691609058603,-0.010976034040908189
crop_carbon_above_sp16,max,4,-31.290512472226858,-0.007813402406171122
crop_carbon_above_sp16,max,5,-28.26445947637472,-0.005612835309552366
crop_carbon_above_sp16,max,6,-7.2067249699852045,0.08883288498637665
crop_carbon_above_sp16,max,7,-17.46926869564513,0.06474490168944058
crop_carbon_above_sp16,max,8,-28.68090498511968,0.052598110354058036
crop_carbon_above_sp16,max,9,-22.750063599588948,0.04394910117192907
crop_carbon_above_sp16,max,10,-11.68403189266925,0.03773207193685835
crop_carbon_above_sp16,max,11,-2.6966201271304695,0.033217579270887754
crop_carbon_above_sp16,max,12,-25.39424830269248,0.029900611755703466
crop_carbon_above_sp16,max,13,-24.976020190999098,0.027429620778637087
crop_carbon_above_sp16,max,14,-25.06431654436124,0.025558535305368224
crop_carbon_above_sp16,max,15,-1.9872643128439091,0.02411424732464118
crop_carbon_above_sp16,max,16,-2.0673643189820377,0.022973938672551597
crop_carbon_above_sp16,max,17,-26.70631059971825,0.022051461675744122
crop_carbon_above_sp16,max,18,-26.38022026866768,0.02128586619511097
crop_carbon_above_sp16,max,19,-26.51722030531626,0.020633963212731032
crop_carbon_above_sp16,max,20,-26.770867923027286,0.020065491639829958
crop_carbon_above_sp16,max,21,-0.102255932786671,0.01955560853571514
crop_carbon_above_sp16,max,22,-32.81058864301862,0.019093191861578873
crop_carbon_above_sp16,max,23,-31.51608154938096,0.01866257115796799
crop_carbon_above_sp16,max,24,-30.954921883964943,0.018260408481786783
crop_carbon_above_sp16,max,25,-30.630043525423893,0.01787789026633746
crop_carbon_above_sp16,max,26,1.5410670424592898,0.017511161007612408
crop_carbon_above_sp16,max,27,-37.061857863597204,0.017158607545759708
crop_carbon_above_sp16,max,28,-34.948895013344824,0.016816693242041936
crop_carbon_above_sp16,max,29,-33.76104039618941,0.01648481963761128
crop_carbon_above_sp16,max,30,-32.87526278779429,0.016162231284859274
crop_carbon_above_sp16,max,31,5.118441575153099,0.01584619603624482
crop_carbon_above_sp16,max,32,-38.33856719142282,0.015538575412023192
crop_carbon_above_sp16,max,33,-35.730562851920254,0.01523750066863272
crop_carbon_above_sp16,max,34,-34.03712206200666,0.014942276363640872
crop_carbon_above_sp16,max,35,90.74660181097563,0.014654261061977536
crop_carbon_above_sp16,max,36,6.314970200099529,0.014370995168075495
crop_carbon_above_sp16,max,37,-18.297055641962068,0.014093854728571387
crop_carbon_above_sp16,max,38,-18.924319412120784,0.013821573863317838
crop_carbon_above_sp16,max,39,-19.309192856113743,0.013554825232098722
crop_carbon_above_sp16,max,40,-19.37528556022755,0.013293924662633572
crop_carbon_above_sp16,max,41,18.10640919141854,0.013037633887407196
crop_carbon_above_sp16,max,42,-26.52644311706181,0.012787648629405624
crop_carbon_above_sp16,max,43,-23.571500367208596,0.012540011761490888
crop_carbon_above_sp16,max,44,-21.51094360997974,0.012299322245201694
crop_carbon_above_sp16,max,45,-19.713063464785474,0.012062231135665513
crop_carbon_above_sp16,max,46,21.804311968103104,0.011829544906792222
crop_carbon_above_sp16,max,47,-24.90814042677905,0.011602158661261797
crop_carbon_above_sp16,max,48,-20.960909095732216,0.01137796464501406
crop_carbon_above_sp16,max,49,-18.175409541519898,0.011159237881944506
crop_carbon_above_sp16,max,50,-15.829073557836185,0.010944365326537309
crop_carbon_above_sp16,max,total,-1053.3285299111515,1.0108355738259434
crop_carbon_below_sp16,min,1,-224.11156936034996,5.257624025034602e-08
crop_carbon_below_sp16,min,2,18.96553699744901,3.008471338716845e-08
crop_carbon_below_sp16,min,3,-36.08594017286101,-1.1631588847649255e-07
crop_carbon_below_sp16,min,4,-31.28269898676898,8.30517059569047e-08
crop_carbon_below_sp16,min,5,-28.258846723334152,-8.226898273733241e-08
crop_carbon_below_sp16,min,6,-7.3429568473897815,-0.047398992418200336
crop_carbon_below_sp16,min,7,-17.56856945363686,-0.03455585630229052
crop_carbon_below_sp16,min,8,-28.76147118394101,-0.027968088467272167
crop_carbon_below_sp16,min,9,-22.817290827829147,-0.023278127068270038
crop_carbon_below_sp16,min,10,-11.741673288942904,-0.01990932433679582
crop_carbon_below_sp16,min,11,-2.7473030880237266,-0.017465381622369325
crop_carbon_below_sp16,min,12,-25.439821409058506,-0.015672494610324605
crop_carbon_below_sp16,min,13,-25.01778936884934,-0.014339557071604503
crop_carbon_below_sp16,min,14,-25.103207591833918,-0.013332512167309574
crop_carbon_below_sp16,min,15,-2.023935655741802,-0.012557095573251686
crop_carbon_below_sp16,min,16,-2.102285753405497,-0.011947495750907589
crop_carbon_below_sp16,min,17,-26.739818597257162,-0.011456535863167971
crop_carbon_below_sp16,min,18,-26.412556757212094,-0.011050622349301875
crop_carbon_below_sp16,min,19,-26.54856016082364,-0.010705892294648578
crop_carbon_below_sp16,min,20,-26.801338990176557,-0.010405575509441434
crop_carbon_below_sp16,min,21,-0.13195086014093338,-0.010139318818547238
crop_carbon_below_sp16,min,22,-32.83957863827271,-0.009896803392514641
crop_carbon_below_sp16,min,23,-31.544417425839345,-0.009673305300417212
crop_carbon_below_sp16,min,24,-30.98264481988526,-0.009462527438529378
crop_carbon_below_sp16,min,25,-30.657184477832722,-0.009263062142490952
crop_carbon_below_sp16,min,26,1.5144829371206034,-0.009072944331073973
crop_carbon_below_sp16,min,27,-37.08790572842917,-0.008889257286206487
crop_carbon_below_sp16,min,28,-34.97442401060037,-0.008712304013506866
crop_carbon_below_sp16,min,29,-33.78606554518889,-0.008540329361871102
crop_carbon_below_sp16,min,30,-32.89979695451083,-0.008371935431682687
crop_carbon_below_sp16,min,31,5.094386509231675,-0.00820886988517966
crop_carbon_below_sp16,min,32,-38.362155488975,-0.0080497221401572
crop_carbon_below_sp16,min,33,-35.7536940835855,-0.007893730996613613
crop_carbon_below_sp16,min,34,-34.059804703149595,-0.0077403647792948505
crop_carbon_below_sp16,min,35,90.7243566452386,-0.007590904675055299
crop_carbon_below_sp16,min,36,6.293154135110479,-0.0074450698209744814
crop_carbon_below_sp16,min,37,-18.31845032182516,-0.00730082513452146
crop_carbon_below_sp16,min,38,-18.945302368279783,-0.007161382295681307
crop_carbon_below_sp16,min,39,-19.329769892256312,-0.0070222109104705055
crop_carbon_below_sp16,min,40,-19.39546565658531,-0.006886171695125398
crop_carbon_below_sp16,min,41,18.0866172577673,-0.0067542997638305735
crop_carbon_below_sp16,min,42,-26.545854334770564,-0.006623569079348357
crop_carbon_below_sp16,min,43,-23.59053734265253,-0.0064969636824443455
crop_carbon_below_sp16,min,44,-21.529614057870557,-0.006371125645614484
crop_carbon_below_sp16,min,45,-19.731373817938632,-0.0062481220174923635
crop_carbon_below_sp16,min,46,21.7863536938645,-0.0061287293318130764
crop_carbon_below_sp16,min,47,-24.92575259411717,-0.006010008676859968
crop_carbon_below_sp16,min,48,-20.97818200860902,-0.005894948231791375
crop_carbon_below_sp16,min,49,-18.192349703333022,-0.005780923931180126
crop_carbon_below_sp16,min,50,-15.845687171998893,-0.005669248836170482
crop_carbon_below_sp16,min,total,-1054.8507080483014,-0.5113425633239785
crop_carbon_below_sp16,max,1,-224.11156926305375,1.4987244867370464e-07
crop_carbon_below_sp16,max,2,18.9655369281534,-3.9210895863561746e-08
crop_carbon_below_sp16,max,3,-36.08594007793211,-2.1386988180438493e-08
crop_carbon_below_sp16,max,4,-31.28269909320112,-2.3380433589181848e-08
crop_carbon_below_sp16,max,5,-28.25884666040451,-1.9339342571811358e-08
crop_carbon_below_sp16,max,6,-7.248159018357631,0.047398836613949946
crop_carbon_below_sp16,max,7,-17.499457597287755,0.03455600004681614
crop_carbon_below_sp16,max,8,-28.705535081150618,0.02796801432311824
crop_carbon_below_sp16,max,9,-22.770734506410683,0.02327819435019407
crop_carbon_below_sp16,max,10,-11.701854671225934,0.019909293380173665
crop_carbon_below_sp16,max,11,-2.712372292110878,0.01746541429047932
crop_carbon_below_sp16,max,12,-25.40847641333772,0.015672501110461923
crop_carbon_below_sp16,max,13,-24.989110439584305,0.014339372193429512
crop_carbon_below_sp16,max,14,-25.076542566778,0.013332512888609926
crop_carbon_below_sp16,max,15,-1.9988207842788537,0.012557775889696643
crop_carbon_below_sp16,max,16,-2.0783901925911166,0.01194806506347268
crop_carbon_below_sp16,max,17,-26.71690563936923,0.011456422024764379
crop_carbon_below_sp16,max,18,-26.390455638030364,0.011050496832428536
crop_carbon_below_sp16,max,19,-26.527148411483264,0.01070585704572835
crop_carbon_below_sp16,max,20,-26.780526596375427,0.010406818291688325
crop_carbon_below_sp16,max,21,-0.11167291697946036,0.010138624342925784
crop_carbon_below_sp16,max,22,-32.81978553522014,0.00989629966005623
crop_carbon_below_sp16,max,23,-31.52507297810498,0.009671142433948177
crop_carbon_below_sp16,max,24,-30.963720275262183,0.009462017184546312
crop_carbon_below_sp16,max,25,-30.638657542905655,0.009263872784575966
crop_carbon_below_sp16,max,26,1.5326287730870374,0.009072891635359959
crop_carbon_below_sp16,max,27,-37.0701270860082,0.008889385134764893
crop_carbon_below_sp16,max,28,-34.956999028533446,0.008712678053420575
crop_carbon_below_sp16,max,29,-33.768985594164384,0.008539621662635
crop_carbon_below_sp16,max,30,-32.88305204847032,0.00837297060883202
crop_carbon_below_sp16,max,31,5.110805094356073,0.008209715239218873
crop_carbon_below_sp16,max,32,-38.346056097948285,0.00804966888655656
crop_carbon_below_sp16,max,33,-35.73790714938774,0.00789320320114939
crop_carbon_below_sp16,max,34,-34.04432323417174,0.007741104198558446
crop_carbon_below_sp16,max,35,90.73953929504692,0.007591745133268546
crop_carbon_below_sp16,max,36,6.308044043726511,0.007444838795057862
crop_carbon_below_sp16,max,37,-18.303849230952878,0.0073002657377614355
crop_carbon_below_sp16,max,38,-18.93098128193392,0.0071597040501814035
crop_carbon_below_sp16,max,39,-19.31572595563168,0.007021725714160709
crop_carbon_below_sp16,max,40,-19.381692231064747,0.0068872538254360904
crop_carbon_below_sp16,max,41,18.100125422815307,0.006753865284174765
crop_carbon_below_sp16,max,42,-26.532605886557253,0.00662487913396248
crop_carbon_below_sp16,max,43,-23.57754413281121,0.006496246158878449
crop_carbon_below_sp16,max,44,-21.516871064661846,0.0063718675630966
crop_carbon_below_sp16,max,45,-19.71887711155834,0.0062485843628010684
crop_carbon_below_sp16,max,46,21.798610442453725,0.006128019257413797
crop_carbon_below_sp16,max,47,-24.91373210699211,0.006010478448200018
crop_carbon_below_sp16,max,48,-20.966392703800587,0.005894356576643389
crop_carbon_below_sp16,max,49,-18.180787957857426,0.00578082154441617
crop_carbon_below_sp16,max,50,-15.834348077065306,0.005669846097417164
crop_carbon_below_sp16,max,total,-1053.828022171368,0.511343313609359
crop_intercept_sp16,min,1,-223.82889581292497,0.28267360000123176
crop_intercept_sp16,min,2,18.89437018676996,-0.07116678059433568
crop_intercept_sp16,min,3,-36.12244652215867,-0.036506465613548755
crop_intercept_sp16,min,4,-31.30868722072809,-0.02598815090740203
crop_intercept_sp16,min,5,-28.277514928986623,-0.018668287921453697
crop_intercept_sp16,min,6,-6.920852755540555,0.3747050994310266
crop_intercept_sp16,min,7,-17.26521422257078,0.2687993747637911
crop_intercept_sp16,min,8,-28.518332149617297,0.21517094585643903
crop_intercept_sp16,min,9,-22.617025845245802,0.1769868555150751
crop_intercept_sp16,min,10,-11.572219450306337,0.14954451429977134
crop_intercept_sp16,min,11,-2.6002158788613112,0.12962182754004603
crop_intercept_sp16,min,12,-25.30915932251606,0.11498959193212244
crop_intercept_sp16,min,13,-24.899355318417417,0.10409449336031784
crop_intercept_sp16,min,14,-24.99402596432727,0.09584911533933749
crop_intercept_sp16,min,15,-1.921890219628402,0.08948834054014831
crop_intercept_sp16,min,16,-2.0058669596009353,0.08447129805365394
crop_intercept_sp16,min,17,-26.647944534396025,0.08041752699796945
crop_intercept_sp16,min,18,-26.32444948378715,0.07705665107564386
crop_intercept_sp16,min,19,-26.463658204757646,0.07419606377134613
crop_intercept_sp16,min,20,-26.719232544908984,0.07170086975813206
crop_intercept_sp16,min,21,-0.052337971689973894,0.06947356963241225
crop_intercept_sp16,min,22,-32.76223617094519,0.06744566393501117
crop_intercept_sp16,min,23,-31.46917676353519,0.0655673570037365
crop_intercept_sp16,min,24,-30.90937782392844,0.06380446851828836
crop_intercept_sp16,min,25,-30.585790335311913,0.06213108037831816
crop_intercept_sp16,min,26,1.5840854939240216,0.06052961247234423
crop_intercept_sp16,min,27,-37.02002770847262,0.05898876267034581
crop_intercept_sp16,min,28,-34.90821585963426,0.057495846952605234
crop_intercept_sp16,min,29,-33.72147873903425,0.05604647679277264
crop_intercept_sp16,min,30,-32.836788115121166,0.05463690395798437
crop_intercept_sp16,min,31,5.15585485652257,0.05325947740571557
crop_intercept_sp16,min,32,-38.30219131908403,0.051914447750810666
crop_intercept_sp16,min,33,-35.69520155110568,0.05059880148320417
crop_intercept_sp16,min,34,-34.00275254673035,0.04931179163995125
crop_intercept_sp16,min,35,90.77999816831411,0.04805061840045255
crop_intercept_sp16,min,36,6.347415117584235,0.0468159126527814
crop_intercept_sp16,min,37,-18.265544843260052,0.04560465343058695
crop_intercept_sp16,min,38,-18.893723062683105,0.044417923300997586
crop_intercept_sp16,min,39,-19.279492971622247,0.043254709723594686
crop_intercept_sp16,min,40,-19.34646569711202,0.042113787778163214
crop_intercept_sp16,min,41,18.13436741694022,0.04099585940908668
crop_intercept_sp16,min,42,-26.499330674285048,0.03990009140616735
crop_intercept_sp16,min,43,-23.54521669762411,0.03882368134597769
crop_intercept_sp16,min,44,-21.48547358126825,0.03776935095669387
crop_intercept_sp16,min,45,-19.688391456997312,0.036734238923827434
crop_intercept_sp16,min,46,21.82820240385793,0.03571998066161797
crop_intercept_sp16,min,47,-24.88501692921067,0.03472565622963941
crop_intercept_sp16,min,48,-20.93853718783707,0.03374987254015949
crop_intercept_sp16,min,49,-18.15377564659266,0.03279313280918217
crop_intercept_sp16,min,50,-15.808162510506646,0.03185541265607661
crop_intercept_sp16,min,total,-1050.6473998589597,3.6919656260176907
crop_intercept_sp16,max,1,-223.75450827897836,0.35706113394783756
crop_intercept_sp16,max,2,18.875642113616376,-0.08989485374792139
crop_intercept_sp16,max,3,-36.13205340411867,-0.04611334757355223
crop_intercept_sp16,max,4,-31.315526094053048,-0.03282702423236117
crop_intercept_sp16,max,5,-28.282427611911253,-0.02358097084608346
crop_intercept_sp16,max,6,-6.822246106962735,0.4733117480088458
crop_intercept_sp16,max,7,-17.194477596370362,0.339536000964209
crop_intercept_sp16,max,8,-28.461708195329354,0.271794900144382
crop_intercept_sp16,max,9,-22.570450353608116,0.22356234715276102
crop_intercept_sp16,max,10,-11.53286562517388,0.1888983394322281
crop_intercept_sp16,max,11,-2.566104880325776,0.16373282607558126
crop_intercept_sp16,max,12,-25.278898941981616,0.14524997246656568
crop_intercept_sp16,max,13,-24.871961982802695,0.13148782897503963
crop_intercept_sp16,max,14,-24.968802545109643,0.12107253455696565
crop_intercept_sp16,max,15,-1.8983409564077856,0.11303760376076477
crop_intercept_sp16,max,16,-1.9836374676349107,0.10670079001967858
crop_intercept_sp16,max,17,-26.626782017105768,0.10158004428822665
crop_intercept_sp16,max,18,-26.304171434507886,0.09733470035490654
crop_intercept_sp16,max,19,-26.444132532086876,0.09372173644211657
crop_intercept_sp16,max,20,-26.700363214154237,0.09057020051287878
crop_intercept_sp16,max,21,-0.03405550012976821,0.08775604119261793
crop_intercept_sp16,max,22,-32.74448789760833,0.08519393727186753
crop_intercept_sp16,max,23,-31.45192250620957,0.08282161432935808
crop_intercept_sp16,max,24,-30.892587200189293,0.08059509225743611
crop_intercept_sp16,max,25,-30.569439902927382,0.07848151276284909
crop_intercept_sp16,max,26,1.6000145143559097,0.07645863290423227
crop_intercept_sp16,max,27,-37.00450455933699,0.0745119118059705
crop_intercept_sp16,max,28,-34.893085269509115,0.0726264370777514
crop_intercept_sp16,max,29,-33.7067300167523,0.07079519907471621
crop_intercept_sp16,max,30,-32.82241066498869,0.06901435409046286
crop_intercept_sp16,max,31,5.169870952404029,0.0672755732871746
crop_intercept_sp16,max,32,-38.288529192057,0.06557657477784318
crop_intercept_sp16,max,33,-35.68188548506061,0.06391486752827547
crop_intercept_sp16,max,34,-33.98977687626282,0.062287462107477154
crop_intercept_sp16,max,35,90.79264324886297,0.060695698949317034
crop_intercept_sp16,max,36,6.359733891017711,0.05913468608625738
crop_intercept_sp16,max,37,-18.25354350458182,0.05760599210881878
crop_intercept_sp16,max,38,-18.882035003965427,0.056105982018674894
crop_intercept_sp16,max,39,-19.26811033917345,0.05463734217239136
crop_intercept_sp16,max,40,-19.335382465451346,0.053197019438837145
crop_intercept_sp16,max,41,18.145155133666755,0.05178357613562312
crop_intercept_sp16,max,42,-26.48883087633631,0.05039988935490669
crop_intercept_sp16,max,43,-23.535000316272015,0.04904006269807226
crop_intercept_sp16,max,44,-21.475533984609395,0.047708947615547004
crop_intercept_sp16,max,45,-19.678723711920412,0.04640198400072748
crop_intercept_sp16,max,46,21.837602273618366,0.04511985042205424
crop_intercept_sp16,max,47,-24.875877793749805,0.043864791690506166
crop_intercept_sp16,max,48,-20.929655097369967,0.04263196300726335
crop_intercept_sp16,max,49,-18.145146005331355,0.04142277407048667
crop_intercept_sp16,max,50,-15.79977957468087,0.04023834848185359
crop_intercept_sp16,max,total,-1049.6758308555548,4.6635346294226565
crop_nitrogen_above_sp16,min,1,-224.10865312455118,0.002916288375018894
crop_nitrogen_above_sp16,min,2,18.9655369673643,3.552713678800501e-15
crop_nitrogen_above_sp16,min,3,-36.08594005654512,0.0
crop_nitrogen_above_sp16,min,4,-31.28269906982069,-3.552713678800501e-15
crop_nitrogen_above_sp16,min,5,-28.258846641065173,-3.552713678800501e-15
crop_nitrogen_above_sp16,min,6,-7.292126927471581,0.0034309275000001804
crop_nitrogen_above_sp16,min,7,-17.53058266983457,0.003430927500001957
crop_nitrogen_above_sp16,min,8,-28.730072167973738,0.003430927499998404
crop_nitrogen_above_sp16,min,9,-22.79058177326088,0.003430927499998404
crop_nitrogen_above_sp16,min,10,-11.718333037106108,0.0034309275000001804
crop_nitrogen_above_sp16,min,11,-2.7264067789013575,0.0034309274999997363
crop_nitrogen_above_sp16,min,12,-25.420717986948183,0.003430927499998404
crop_nitrogen_above_sp16,min,13,-25.000018884277736,0.003430927499998404
crop_nitrogen_above_sp16,min,14,-25.086444152166607,0.003430927500001957
crop_nitrogen_above_sp16,min,15,-2.00794763266855,0.0034309275000001804
crop_nitrogen_above_sp16,min,16,-2.086907330154589,0.0034309275000001804
crop_nitrogen_above_sp16,min,17,-26.724931133893996,0.003430927499998404
crop_nitrogen_above_sp16,min,18,-26.398075207362794,0.003430927499998404
crop_nitrogen_above_sp16,min,19,-26.534423341028994,0.003430927499998404
crop_nitrogen_above_sp16,min,20,-26.787502487167114,0.003430927500001957
crop_nitrogen_above_sp16,min,21,-0.1183806138223864,0.0034309274999997363
crop_nitrogen_above_sp16,min,22,-32.8262509073802,0.003430927499998404
crop_nitrogen_above_sp16,min,23,-31.531313193038926,0.003430927500001957
crop_nitrogen_above_sp16,min,24,-30.96975136494673,0.003430927499998404
crop_nitrogen_above_sp16,min,25,-30.64449048819023,0.003430927500001957
crop_nitrogen_above_sp16,min,26,1.5269868089516776,0.0034309275000001804
crop_nitrogen_above_sp16,min,27,-37.075585543642966,0.003430927499998404
crop_nitrogen_above_sp16,min,28,-34.96228077908686,0.0034309275000055095
crop_nitrogen_above_sp16,min,29,-33.77409428832702,0.003430927499998404
crop_nitrogen_above_sp16,min,30,-32.88799409157915,0.003430927499998404
crop_nitrogen_above_sp16,min,31,5.1060263066168545,0.0034309275000001804
crop_nitrogen_above_sp16,min,32,-38.35067483933484,0.003430927499998404
crop_nitrogen_above_sp16,min,33,-35.74236942508889,0.003430927499998404
crop_nitrogen_above_sp16,min,34,-34.0486334108703,0.003430927499998404
crop_nitrogen_above_sp16,min,35,90.73537847741366,0.0034309275000055095
crop_nitrogen_above_sp16,min,36,6.304030132431453,0.0034309275000001804
crop_nitrogen_above_sp16,min,37,-18.30771856919064,0.003430927499998404
crop_nitrogen_above_sp16,min,38,-18.934710058484104,0.003430927499998404
crop_nitrogen_above_sp16,min,39,-19.31931675384584,0.003430927500001957
crop_nitrogen_above_sp16,min,40,-19.38514855739018,0.003430927500001957
crop_nitrogen_above_sp16,min,41,18.09680248503113,0.003430927499998404
crop_nitrogen_above_sp16,min,42,-26.535799838191213,0.003430927500001957
crop_nitrogen_above_sp16,min,43,-23.58060945147009,0.003430927499998404
crop_nitrogen_above_sp16,min,44,-21.51981200472494,0.003430927500001957
crop_nitrogen_above_sp16,min,45,-19.721694768421138,0.003430927500001957
crop_nitrogen_above_sp16,min,46,21.79591335069631,0.003430927499998404
crop_nitrogen_above_sp16,min,47,-24.916311657940312,0.003430927499998404
crop_nitrogen_above_sp16,min,48,-20.968856132877228,0.003430927500001957
crop_nitrogen_above_sp16,min,49,-18.183137851901844,0.003430927499998404
crop_nitrogen_above_sp16,min,50,-15.836586995662723,0.0034309275000001804
crop_nitrogen_above_sp16,min,total,-1054.1820574591022,0.15730802587518156
crop_nitrogen_above_sp16,max,1,-224.1144857013012,-0.0029162883749904722
crop_nitrogen_above_sp16,max,2,18.9655369673643,3.552713678800501e-15
crop_nitrogen_above_sp16,max,3,-36.08594005654512,0.0
crop_nitrogen_above_sp16,max,4,-31.28269906982069,-3.552713678800501e-15
crop_nitrogen_above_sp16,max,5,-28.258846641065173,-3.552713678800501e-15
crop_nitrogen_above_sp16,max,6,-7.2989887824715804,-0.0034309274999992923
crop_nitrogen_above_sp16,max,7,-17.53744452483457,-0.003430927499998404
crop_nitrogen_above_sp16,max,8,-28.736934022973735,-0.003430927499998404
crop_nitrogen_above_sp16,max,9,-22.79744362826088,-0.003430927500001957
crop_nitrogen_above_sp16,max,10,-11.725194892106106,-0.003430927499998404
crop_nitrogen_above_sp16,max,11,-2.7332686339013574,-0.0034309275000001804
crop_nitrogen_above_sp16,max,12,-25.42757984194818,-0.003430927499998404
crop_nitrogen_above_sp16,max,13,-25.006880739277733,-0.003430927499998404
crop_nitrogen_above_sp16,max,14,-25.093306007166607,-0.003430927499998404
crop_nitrogen_above_sp16,max,15,-2.01480948766855,-0.0034309274999997363
crop_nitrogen_above_sp16,max,16,-2.093769185154589,-0.0034309274999997363
crop_nitrogen_above_sp16,max,17,-26.731792988893996,-0.003430927500001957
crop_nitrogen_above_sp16,max,18,-26.40493706236279,-0.003430927499998404
crop_nitrogen_above_sp16,max,19,-26.541285196028994,-0.003430927500001957
crop_nitrogen_above_sp16,max,20,-26.794364342167114,-0.003430927499998404
crop_nitrogen_above_sp16,max,21,-0.12524246882238632,-0.0034309275000001804
crop_nitrogen_above_sp16,max,22,-32.833112762380196,-0.003430927499998404
crop_nitrogen_above_sp16,max,23,-31.538175048038926,-0.003430927499998404
crop_nitrogen_above_sp16,max,24,-30.976613219946728,-0.003430927499998404
crop_nitrogen_above_sp16,max,25,-30.65135234319023,-0.003430927499998404
crop_nitrogen_above_sp16,max,26,1.5201249539516777,-0.0034309274999997363
crop_nitrogen_above_sp16,max,27,-37.08244739864296,-0.003430927499998404
crop_nitrogen_above_sp16,max,28,-34.969142634086865,-0.003430927499998404
crop_nitrogen_above_sp16,max,29,-33.78095614332702,-0.003430927499998404
crop_nitrogen_above_sp16,max,30,-32.89485594657915,-0.003430927499998404
crop_nitrogen_above_sp16,max,31,5.099164451616854,-0.0034309275000001804
crop_nitrogen_above_sp16,max,32,-38.35753669433485,-0.0034309275000055095
crop_nitrogen_above_sp16,max,33,-35.749231280088885,-0.003430927499998404
crop_nitrogen_above_sp16,max,34,-34.0554952658703,-0.003430927499998404
crop_nitrogen_above_sp16,max,35,90.72851662241366,-0.0034309274999912986
crop_nitrogen_above_sp16,max,36,6.297168277431453,-0.0034309275000001804
crop_nitrogen_above_sp16,max,37,-18.314580424190638,-0.003430927499998404
crop_nitrogen_above_sp16,max,38,-18.9415719134841,-0.003430927499998404
crop_nitrogen_above_sp16,max,39,-19.32617860884584,-0.003430927499998404
crop_nitrogen_above_sp16,max,40,-19.39201041239018,-0.003430927499998404
crop_nitrogen_above_sp16,max,41,18.08994063003113,-0.003430927500001957
crop_nitrogen_above_sp16,max,42,-26.542661693191214,-0.003430927499998404
crop_nitrogen_above_sp16,max,43,-23.58747130647009,-0.003430927500001957
crop_nitrogen_above_sp16,max,44,-21.52667385972494,-0.003430927499998404
crop_nitrogen_above_sp16,max,45,-19.728556623421138,-0.003430927499998404
crop_nitrogen_above_sp16,max,46,21.78905149569631,-0.003430927500001957
crop_nitrogen_above_sp16,max,47,-24.923173512940313,-0.003430927500001957
crop_nitrogen_above_sp16,max,48,-20.97571798787723,-0.003430927499998404
crop_nitrogen_above_sp16,max,49,-18.18999970690184,-0.003430927499998404
crop_nitrogen_above_sp16,max,50,-15.843448850662721,-0.003430927499998404
crop_nitrogen_above_sp16,max,total,-1054.4966735108524,-0.15730802587495418
crop_nitrogen_below_sp16,min,1,-224.11156941292617,2.842170943040401e-14
crop_nitrogen_below_sp16,min,2,18.9655369673643,3.552713678800501e-15
crop_nitrogen_below_sp16,min,3,-36.08594005654512,0.0
crop_nitrogen_below_sp16,min,4,-31.282699069820687,0.0
crop_nitrogen_below_sp16,min,5,-28.25884664106517,0.0
crop_nitrogen_below_sp16,min,6,-7.293307316681581,0.0022505382900002147
crop_nitrogen_below_sp16,min,7,-17.53176305904457,0.0022505382899993265
crop_nitrogen_below_sp16,min,8,-28.731252557183737,0.0022505382899993265
crop_nitrogen_below_sp16,min,9,-22.791762162470878,0.0022505382899993265
crop_nitrogen_below_sp16,min,10,-11.719513426316107,0.002250538290001103
crop_nitrogen_below_sp16,min,11,-2.7275871681113575,0.0022505382899997706
crop_nitrogen_below_sp16,min,12,-25.421898376158182,0.0022505382899993265
crop_nitrogen_below_sp16,min,13,-25.001199273487735,0.0022505382899993265
crop_nitrogen_below_sp16,min,14,-25.087624541376606,0.002250538290002879
crop_nitrogen_below_sp16,min,15,-2.00912802187855,0.0022505382900002147
crop_nitrogen_below_sp16,min,16,-2.088087719364589,0.0022505382900002147
crop_nitrogen_below_sp16,min,17,-26.726111523103995,0.0022505382899993265
crop_nitrogen_below_sp16,min,18,-26.399255596572793,0.0022505382899993265
crop_nitrogen_below_sp16,min,19,-26.535603730238993,0.0022505382899993265
crop_nitrogen_below_sp16,min,20,-26.788682876377116,0.0022505382899993265
crop_nitrogen_below_sp16,min,21,-0.11956100303238637,0.0022505382899997706
crop_nitrogen_below_sp16,min,22,-32.8274312965902,0.0022505382899993265
crop_nitrogen_below_sp16,min,23,-31.532493582248925,0.002250538290002879
crop_nitrogen_below_sp16,min,24,-30.97093175415673,0.0022505382899993265
crop_nitrogen_below_sp16,min,25,-30.64567087740023,0.0022505382899993265
crop_nitrogen_below_sp16,min,26,1.5258064197416776,0.0022505382900002147
crop_nitrogen_below_sp16,min,27,-37.076765932852965,0.0022505382899993265
crop_nitrogen_below_sp16,min,28,-34.96346116829687,0.0022505382899993265
crop_nitrogen_below_sp16,min,29,-33.77527467753702,0.0022505382899993265
crop_nitrogen_below_sp16,min,30,-32.88917448078915,0.0022505382899993265
crop_nitrogen_below_sp16,min,31,5.104845917406854,0.0022505382899993265
crop_nitrogen_below_sp16,min,32,-38.35185522854484,0.0022505382899993265
crop_nitrogen_below_sp16,min,33,-35.74354981429889,0.0022505382899993265
crop_nitrogen_below_sp16,min,34,-34.0498138000803,0.0022505382899993265
crop_nitrogen_below_sp16,min,35,90.73419808820366,0.0022505382899993265
crop_nitrogen_below_sp16,min,36,6.302849743221453,0.0022505382900002147
crop_nitrogen_below_sp16,min,37,-18.30889895840064,0.0022505382899993265
crop_nitrogen_below_sp16,min,38,-18.935890447694103,0.0022505382899993265
crop_nitrogen_below_sp16,min,39,-19.32049714305584,0.002250538290002879
crop_nitrogen_below_sp16,min,40,-19.38632894660018,0.002250538290002879
crop_nitrogen_below_sp16,min,41,18.09562209582113,0.0022505382899993265
crop_nitrogen_below_sp16,min,42,-26.536980227401216,0.0022505382899993265
crop_nitrogen_below_sp16,min,43,-23.581789840680088,0.0022505382899993265
crop_nitrogen_below_sp16,min,44,-21.52099239393494,0.002250538290002879
crop_nitrogen_below_sp16,min,45,-19.722875157631137,0.002250538290002879
crop_nitrogen_below_sp16,min,46,21.79473296148631,0.0022505382899993265
crop_nitrogen_below_sp16,min,47,-24.91749204715031,0.0022505382899993265
crop_nitrogen_below_sp16,min,48,-20.970036522087227,0.002250538290002879
crop_nitrogen_below_sp16,min,49,-18.184318241111843,0.0022505382899993265
crop_nitrogen_below_sp16,min,50,-15.837767384872722,0.002250538290001103
crop_nitrogen_below_sp16,min,total,-1054.2380912619274,0.10127422305004075
crop_nitrogen_below_sp16,max,1,-224.11156941292617,2.842170943040401e-14
crop_nitrogen_below_sp16,max,2,18.965536967364297,0.0
crop_nitrogen_below_sp16,max,3,-36.08594005654512,0.0
crop_nitrogen_below_sp16,max,4,-31.282699069820687,0.0
crop_nitrogen_below_sp16,max,5,-28.25884664106517,0.0
crop_nitrogen_below_sp16,max,6,-7.297808393261581,-0.0022505382900002147
crop_nitrogen_below_sp16,max,7,-17.53626413562457,-0.0022505382899993265
crop_nitrogen_below_sp16,max,8,-28.735753633763736,-0.0022505382899993265
crop_nitrogen_below_sp16,max,9,-22.79626323905088,-0.002250538290002879
crop_nitrogen_below_sp16,max,10,-11.724014502896107,-0.0022505382899993265
crop_nitrogen_below_sp16,max,11,-2.7320882446913575,-0.0022505382900002147
crop_nitrogen_below_sp16,max,12,-25.42639945273818,-0.0022505382899993265
crop_nitrogen_below_sp16,max,13,-25.005700350067734,-0.0022505382899993265
crop_nitrogen_below_sp16,max,14,-25.092125617956608,-0.0022505382899993265
crop_nitrogen_below_sp16,max,15,-2.01362909845855,-0.0022505382899997706
crop_nitrogen_below_sp16,max,16,-2.092588795944589,-0.0022505382899997706
crop_nitrogen_below_sp16,max,17,-26.730612599683994,-0.0022505382899993265
crop_nitrogen_below_sp16,max,18,-26.40375667315279,-0.0022505382899993265
crop_nitrogen_below_sp16,max,19,-26.540104806818995,-0.002250538290002879
crop_nitrogen_below_sp16,max,20,-26.793183952957115,-0.0022505382899993265
crop_nitrogen_below_sp16,max,21,-0.12406207961238636,-0.0022505382900002147
crop_nitrogen_below_sp16,max,22,-32.8319323731702,-0.0022505382899993265
crop_nitrogen_below_sp16,max,23,-31.536994658828927,-0.0022505382899993265
crop_nitrogen_below_sp16,max,24,-30.97543283073673,-0.0022505382899993265
crop_nitrogen_below_sp16,max,25,-30.65017195398023,-0.0022505382899993265
crop_nitrogen_below_sp16,max,26,1.5213053431616776,-0.0022505382899997706
crop_nitrogen_below_sp16,max,27,-37.08126700943296,-0.0022505382899993265
crop_nitrogen_below_sp16,max,28,-34.967962244876865,-0.0022505382899993265
crop_nitrogen_below_sp16,max,29,-33.77977575411702,-0.0022505382899993265
crop_nitrogen_below_sp16,max,30,-32.89367555736915,-0.0022505382899993265
crop_nitrogen_below_sp16,max,31,5.100344840826854,-0.0022505382900002147
crop_nitrogen_below_sp16,max,32,-38.35635630512484,-0.0022505382899993265
crop_nitrogen_below_sp16,max,33,-35.748050890878886,-0.0022505382899993265
crop_nitrogen_below_sp16,max,34,-34.0543148766603,-0.0022505382899993265
crop_nitrogen_below_sp16,max,35,90.72969701162366,-0.0022505382899993265
crop_nitrogen_below_sp16,max,36,6.298348666641453,-0.0022505382900002147
crop_nitrogen_below_sp16,max,37,-18.31340003498064,-0.0022505382899993265
crop_nitrogen_below_sp16,max,38,-18.9403915242741,-0.0022505382899993265
crop_nitrogen_below_sp16,max,39,-19.32499821963584,-0.0022505382899993265
crop_nitrogen_below_sp16,max,40,-19.390830023180182,-0.0022505382899993265
crop_nitrogen_below_sp16,max,41,18.09112101924113,-0.002250538290002879
crop_nitrogen_below_sp16,max,42,-26.541481303981215,-0.0022505382899993265
crop_nitrogen_below_sp16,max,43,-23.586290917260087,-0.0022505382899993265
crop_nitrogen_below_sp16,max,44,-21.52549347051494,-0.0022505382899993265
crop_nitrogen_below_sp16,max,45,-19.72737623421114,-0.0022505382899993265
crop_nitrogen_below_sp16,max,46,21.790231884906312,-0.0022505382899993265
crop_nitrogen_below_sp16,max,47,-24.92199312373031,-0.0022505382899993265
crop_nitrogen_below_sp16,max,48,-20.97453759866723,-0.0022505382899993265
crop_nitrogen_below_sp16,max,49,-18.18881931769184,-0.0022505382899993265
crop_nitrogen_below_sp16,max,50,-15.842268461452722,-0.0022505382899993265
crop_nitrogen_below_sp16,max,total,-1054.4406397080272,-0.10127422304981337
crop_proj_left_delta,min,1,-224.0821846321474,0.02938478077879836
crop_proj_left_delta,min,2,19.281420820061953,0.31588385269765595
crop_proj_left_delta,min,3,-35.854711343659275,0.23122871288584435
crop_proj_left_delta,min,4,-31.096293562887872,0.18640550693281455
crop_proj_left_delta,min,5,-28.10438204263364,0.15446459843152738
crop_proj_left_delta,min,6,-7.473232811714937,-0.1776749567433562
crop_proj_left_delta,min,7,-17.512970974885924,0.021042622448646853
crop_proj_left_delta,min,8,-28.715859302274605,0.017643793199130897
crop_proj_left_delta,min,9,-22.772264090671626,0.021748610089250775
crop_proj_left_delta,min,10,-11.697304976194927,0.024458988411181437
crop_proj_left_delta,min,11,-2.833864858167208,-0.10402715176585087
crop_proj_left_delta,min,12,-25.378263197012966,0.04588571743521541
crop_proj_left_delta,min,13,-24.969547112605802,0.03390269917193223
crop_proj_left_delta,min,14,-25.058619330116095,0.03125574955051391
crop_proj_left_delta,min,15,-1.982089153912152,0.02928940625639842
crop_proj_left_delta,min,16,-2.1787768831264254,-0.08843862547183612
crop_proj_left_delta,min,17,-26.670686721168956,0.05767534022503895
crop_proj_left_delta,min,18,-26.35994815855489,0.04155797630790303
crop_proj_left_delta,min,19,-26.501713484567542,0.03614078396145004
crop_proj_left_delta,min,20,-26.75870255472633,0.03223085994078545
crop_proj_left_delta,min,21,-0.20867235652453298,-0.08686081520214683
crop_proj_left_delta,min,22,-32.787581489268675,0.04210034561152298
crop_proj_left_delta,min,23,-31.505021993697888,0.029722126841040364
crop_proj_left_delta,min,24,-30.94708088175906,0.026101410687669357
crop_proj_left_delta,min,25,-30.624440810607872,0.023480605082358608
crop_proj_left_delta,min,26,1.4428849330851055,-0.08067094836657196
crop_proj_left_delta,min,27,-37.03158446413617,0.0474320070067904
crop_proj_left_delta,min,28,-34.93272023658162,0.03299147000524272
crop_proj_left_delta,min,29,-33.74946302252179,0.02806219330523163
crop_proj_left_delta,min,30,-32.86689569554822,0.024529323530927627
crop_proj_left_delta,min,31,5.022337194444491,-0.08025818467236334
crop_proj_left_delta,min,32,-38.42494444715683,-0.07083868032199092
crop_proj_left_delta,min,33,-35.79921823159639,-0.05341787900750461
crop_proj_left_delta,min,34,-34.094121478851406,-0.04205714048110565
crop_proj_left_delta,min,35,90.69796059423516,-0.03398695567850041
crop_proj_left_delta,min,36,6.2723842360191675,-0.0282149689122857
crop_proj_left_delta,min,37,-18.33520585240284,-0.024056355712200883
crop_proj_left_delta,min,38,-18.95917585312688,-0.021034867142777358
crop_proj_left_delta,min,39,-19.341565058098986,-0.018817376753144543
crop_proj_left_delta,min,40,-19.40574934031202,-0.017169855421837354
crop_proj_left_delta,min,41,18.07744419556335,-0.015927361967783327
crop_proj_left_delta,min,42,-26.554204133985,-0.014973368293784262
crop_proj_left_delta,min,43,-23.598265780868076,-0.014225401897988377
crop_proj_left_delta,min,44,-21.53686794548814,-0.013625013263197872
crop_proj_left_delta,min,45,-19.738256429731326,-0.013130733810186257
crop_proj_left_delta,min,46,21.779769306780096,-0.012713116416215087
crop_proj_left_delta,min,47,-24.932093819097112,-0.012351233656801242
crop_proj_left_delta,min,48,-20.984317261498482,-0.012030201121252304
crop_proj_left_delta,min,49,-18.19830820256315,-0.011739423161309048
crop_proj_left_delta,min,50,-15.851489272448813,-0.01147134928609006
crop_proj_left_delta,min,total,-1053.8344579687105,0.5049075162669396
crop_proj_left_delta,max,1,-224.14095418736954,-0.02938477444334353
crop_proj_left_delta,max,2,18.6496531031961,-0.315883864168196
crop_proj_left_delta,max,3,-36.317168764373754,-0.23122870782863458
crop_proj_left_delta,max,4,-31.46910457700369,-0.18640550718300375
crop_proj_left_delta,max,5,-28.413311239660466,-0.15446459859529682
crop_proj_left_delta,max,6,-7.1178828985354174,0.1776749564361637
crop_proj_left_delta,max,7,-17.555056211891664,-0.021042614557092776
crop_proj_left_delta,max,8,-28.751146894479525,-0.017643799005789162
crop_proj_left_delta,max,9,-22.81576131111871,-0.021748610357832376
crop_proj_left_delta,max,10,-11.746222953269017,-0.024458988662908965
crop_proj_left_delta,max,11,-2.625810554856542,0.10402715154481523
crop_proj_left_delta,max,12,-25.470034632016798,-0.04588571756861626
crop_proj_left_delta,max,13,-25.037352511067017,-0.03390269928928191
crop_proj_left_delta,max,14,-25.121130829303098,-0.03125574963648958
crop_proj_left_delta,max,15,-2.040667966477107,-0.029289406308556476
crop_proj_left_delta,max,16,-2.001899628607571,0.08843862904701805
crop_proj_left_delta,max,17,-26.786037400045835,-0.05767533865184049
crop_proj_left_delta,max,18,-26.443064116115707,-0.041557981252914544
crop_proj_left_delta,max,19,-26.57399505258726,-0.036140784058268594
crop_proj_left_delta,max,20,-26.823164274699874,-0.0322308600327581
crop_proj_left_delta,max,21,-0.0349507247033598,0.08686081661902634
crop_proj_left_delta,max,22,-32.87178218332,-0.042100348439802815
crop_proj_left_delta,max,23,-31.56446624582949,-0.029722125290561507
crop_proj_left_delta,max,24,-30.999283703171447,-0.026101410724717056
crop_proj_left_delta,max,25,-30.671402020817872,-0.023480605127641496
crop_proj_left_delta,max,26,1.6042268296756328,0.08067094822395537
crop_proj_left_delta,max,27,-37.12644847812125,-0.047432006978283425
crop_proj_left_delta,max,28,-34.99870317659126,-0.03299147000439717
crop_proj_left_delta,max,29,-33.80558740914709,-0.028062193320067763
crop_proj_left_delta,max,30,-32.9159543426217,-0.024529323542552106
crop_proj_left_delta,max,31,5.182853563779732,0.0802581846628776
crop_proj_left_delta,max,32,-38.28326708654433,0.07083868029051388
crop_proj_left_delta,max,33,-35.69238247359342,0.053417878995468016
crop_proj_left_delta,max,34,-34.010007197898375,0.042057140471925436
crop_proj_left_delta,max,35,90.76593450558555,0.03398695567189236
crop_proj_left_delta,max,36,6.3288141738381105,0.02821496890665731
crop_proj_left_delta,max,37,-18.287093140982297,0.024056355708342636
crop_proj_left_delta,max,38,-18.91710611884424,0.02103486713986058
crop_proj_left_delta,max,39,-19.303930304593845,0.018817376751997017
crop_proj_left_delta,max,40,-19.37140962946939,0.017169855420792857
crop_proj_left_delta,max,41,18.10929891949829,0.01592736196715805
crop_proj_left_delta,max,42,-26.52425739739816,0.014973368293055955
crop_proj_left_delta,max,43,-23.56981497707335,0.014225401896737822
crop_proj_left_delta,max,44,-21.509617918962054,0.013625013262888785
crop_proj_left_delta,max,45,-19.711994962111476,0.013130733809664008
crop_proj_left_delta,max,46,21.80519553961221,0.012713116415898895
crop_proj_left_delta,max,47,-24.907391351783303,0.012351233657007299
crop_proj_left_delta,max,48,-20.960256859256496,0.012030201120733608
crop_proj_left_delta,max,49,-18.174829356240224,0.011739423161618134
crop_proj_left_delta,max,50,-15.828546573877365,0.011471349285358201
crop_proj_left_delta,max,total,-1054.8442730012448,-0.5049075162673944
crop_proj_yield_delta,min,1,-223.89578246922397,0.21578694370222706
crop_proj_yield_delta,min,2,19.39393003364462,0.4283930662803215
crop_proj_yield_delta,min,3,-35.76551704745903,0.3204230090860918
crop_proj_yield_delta,min,4,-31.024888654252614,0.2578104155680734
crop_proj_yield_delta,min,5,-28.045775873632635,0.21307076743253361
crop_proj_yield_delta,min,6,-7.5571603586782725,-0.26160250370669136
crop_proj_yield_delta,min,7,-17.676957041085608,-0.14294344375103663
crop_proj_yield_delta,min,8,-28.83452619326269,-0.10102309778895346
crop_proj_yield_delta,min,9,-22.864898536632573,-0.07088583587169595
crop_proj_yield_delta,min,10,-11.771546384748689,-0.04978242014258072
crop_proj_yield_delta,min,11,-2.7823123229664097,-0.05247461656505248
crop_proj_yield_delta,min,12,-25.444033955568138,-0.019885041119955815
crop_proj_yield_delta,min,13,-25.01830778214201,-0.014857970364275275
crop_proj_yield_delta,min,14,-25.10030081440002,-0.010425734733409797
crop_proj_yield_delta,min,15,-2.0187034469041167,-0.007324886735566416
crop_proj_yield_delta,min,16,-2.1130112684392195,-0.022673010784630243
crop_proj_yield_delta,min,17,-26.727366943720554,0.0009951176734404044
crop_proj_yield_delta,min,18,-26.401784839109435,-0.0002787042466430023
crop_proj_yield_delta,min,19,-26.53815643292442,-0.0003021643954284059
crop_proj_yield_delta,min,20,-26.79128791836576,-0.00035450369864520326
crop_proj_yield_delta,min,21,-0.1397462511314469,-0.017934709809060756
crop_proj_yield_delta,min,22,-32.82552826065691,0.0041535742232881034
crop_proj_yield_delta,min,23,-31.532981931699897,0.0017621888390308982
crop_proj_yield_delta,min,24,-30.972233269538464,0.0009490229082658175
crop_proj_yield_delta,min,25,-30.647581817800553,0.00033959788967763416
crop_proj_yield_delta,min,26,1.5059232754594478,-0.0176326059922296
crop_proj_yield_delta,min,27,-37.074835617549724,0.004180853593240386
crop_proj_yield_delta,min,28,-34.964113901796445,0.0015978047904212644
crop_proj_yield_delta,min,29,-33.776873229625906,0.000651986201113175
crop_proj_yield_delta,min,30,-32.89147325126498,-4.823218583283051e-05
crop_proj_yield_delta,min,31,5.084513826299975,-0.018081552816878954
crop_proj_yield_delta,min,32,-38.42473968200612,-0.07063391517127826
crop_proj_yield_delta,min,33,-35.79656881999292,-0.0507684674040334
crop_proj_yield_delta,min,34,-34.0922650232918,-0.040200684921501306
crop_proj_yield_delta,min,35,90.69924607019637,-0.03270147971728932
crop_proj_yield_delta,min,36,6.273260520566755,-0.02733868436469855
crop_proj_yield_delta,min,37,-18.334621734919637,-0.023472238228997355
crop_proj_yield_delta,min,38,-18.95879969543851,-0.020658709454409063
crop_proj_yield_delta,min,39,-19.34133648981867,-0.018588808472827623
crop_proj_yield_delta,min,40,-19.40562519496483,-0.017045710074647502
crop_proj_yield_delta,min,41,18.077494723119536,-0.015876834411596263
crop_proj_yield_delta,min,42,-26.554205273032377,-0.01497450734116157
crop_proj_yield_delta,min,43,-23.59830296287866,-0.014262583908571713
crop_proj_yield_delta,min,44,-21.536930061618843,-0.013687129393900932
crop_proj_yield_delta,min,45,-19.738335588792097,-0.013209892870957418
crop_proj_yield_delta,min,46,21.779678704728617,-0.012803718467694125
crop_proj_yield_delta,min,47,-24.93219189475512,-0.012449309314810364
crop_proj_yield_delta,min,48,-20.984420001191168,-0.01213294081393812
crop_proj_yield_delta,min,49,-18.198413621379256,-0.011844841977413978
crop_proj_yield_delta,min,50,-15.851595971642954,-0.011578048480231473
crop_proj_yield_delta,min,total,-1054.1319906762883,0.20737480868911007
crop_proj_yield_delta,max,1,-224.32735634737406,-0.21578693444786268
crop_proj_yield_delta,max,2,18.53714388688756,-0.42839308047673796
crop_proj_yield_delta,max,3,-36.40636305998098,-0.32042300343586305
crop_proj_yield_delta,max,4,-31.54050948646304,-0.2578104166423536
crop_proj_yield_delta,max,5,-28.471917409115346,-0.21307076805017644
crop_proj_yield_delta,max,6,-7.033955349312851,0.2616025056587299
crop_proj_yield_delta,max,7,-17.391070155162357,0.14294344217221422
crop_proj_yield_delta,max,8,-28.63247999767475,0.10102309779898633
crop_proj_yield_delta,max,9,-22.723126864740284,0.07088583602059373
crop_proj_yield_delta,max,10,-11.671981544346343,0.0497824202597652
crop_proj_yield_delta,max,11,-2.677363089749703,0.052474616651654316
crop_proj_yield_delta,max,12,-25.40426387326159,0.019885041186590513
crop_proj_yield_delta,max,13,-24.988591841362506,0.014857970415228294
crop_proj_yield_delta,max,14,-25.07944934489667,0.0104257347699388
crop_proj_yield_delta,max,15,-2.0040536734114642,0.007324886757086091
crop_proj_yield_delta,max,16,-2.0676652468561505,0.022673010798438753
crop_proj_yield_delta,max,17,-26.729357179050137,-0.0009951176561422415
crop_proj_yield_delta,max,18,-26.40122743061235,0.00027870425044085323
crop_proj_yield_delta,max,19,-26.537552104133464,0.0003021643955278819
crop_proj_yield_delta,max,20,-26.790578910970613,0.0003545036965029169
crop_proj_yield_delta,max,21,-0.10387683150274896,0.017934709819637185
crop_proj_yield_delta,max,22,-32.83383540909578,-0.004153574215578715
crop_proj_yield_delta,max,23,-31.536506309364725,-0.0017621888257970397
crop_proj_yield_delta,max,24,-30.97413131534494,-0.0009490228982116378
crop_proj_yield_delta,max,25,-30.648261013573237,-0.00033959788300563787
crop_proj_yield_delta,max,26,1.5411884874536512,0.017632606001973805
crop_proj_yield_delta,max,27,-37.083197324749385,-0.004180853606420953
crop_proj_yield_delta,max,28,-34.96730951137061,-0.0015978047837421627
crop_proj_yield_delta,max,29,-33.778177202023535,-0.0006519861965159635
crop_proj_yield_delta,max,30,-32.89137678688987,4.823218927896278e-05
crop_proj_yield_delta,max,31,5.120676931929562,0.018081552812708068
crop_proj_yield_delta,max,32,-38.283471851680446,0.07063391515439577
crop_proj_yield_delta,max,33,-35.69503188517579,0.05076846741309993
crop_proj_yield_delta,max,34,-34.01186365345141,0.040200684918893614
crop_proj_yield_delta,max,35,90.7646490296295,0.03270147971583981
crop_proj_yield_delta,max,36,6.327937889294379,0.027338684362925747
crop_proj_yield_delta,max,37,-18.287677258463106,0.023472238227533637
crop_proj_yield_delta,max,38,-18.91748227653021,0.020658709453890367
crop_proj_yield_delta,max,39,-19.304158872873327,0.018588808472514984
crop_proj_yield_delta,max,40,-19.37153377481533,0.01704571007485356
crop_proj_yield_delta,max,41,18.109248391942728,0.015876834411596263
crop_proj_yield_delta,max,42,-26.52425625835016,0.014974507341054988
crop_proj_yield_delta,max,43,-23.569777795061828,0.014262583908259074
crop_proj_yield_delta,max,44,-21.509555802830832,0.013687129394110542
crop_proj_yield_delta,max,45,-19.7119158030506,0.013209892870538198
crop_proj_yield_delta,max,46,21.80528614166411,0.012803718467797154
crop_proj_yield_delta,max,47,-24.907293276125287,0.012449309315023527
crop_proj_yield_delta,max,48,-20.9601541195635,0.01213294081372851
crop_proj_yield_delta,max,49,-18.174723937424222,0.011844841977620035
crop_proj_yield_delta,max,50,-15.828439874683326,0.011578048479396585
crop_proj_yield_delta,max,total,-1054.5467402936674,-0.20737480869001956
crop_root_in_top_30,min,1,-224.13476519565438,-0.023195782728180347
crop_root_in_top_30,min,2,18.949127318856814,-0.01640964850748361
crop_root_in_top_30,min,3,-36.09886853619934,-0.012928479654220837
crop_root_in_top_30,min,4,-31.293149452012887,-0.01045038219220018
crop_root_in_top_30,min,5,-28.267516890757317,-0.008670249692148246
crop_root_in_top_30,min,6,-7.348085071158419,-0.052527216186837755
crop_root_in_top_30,min,7,-17.572750606130537,-0.03873700879596598
crop_root_in_top_30,min,8,-28.764947724476237,-0.031444629002500335
crop_root_in_top_30,min,9,-22.820235440057317,-0.026222739296439812
crop_root_in_top_30,min,10,-11.744208230835795,-0.022444266229687315
crop_root_in_top_30,min,11,-2.749515948478952,-0.01967824207759472
crop_root_in_top_30,min,12,-25.46497043488477,-0.04082152043658738
crop_root_in_top_30,min,13,-25.035937672442248,-0.03248786066451359
crop_root_in_top_30,min,14,-25.117692712827488,-0.02781763316087904
crop_root_in_top_30,min,15,-2.0357842978929575,-0.02440573772440713
crop_root_in_top_30,min,16,-2.112213281926921,-0.02187502427233179
crop_root_in_top_30,min,17,-26.74832659972429,-0.019964538330295767
crop_root_in_top_30,min,18,-26.419998528573466,-0.018492393710673127
crop_root_in_top_30,min,19,-26.55518723533426,-0.017332966805266636
crop_root_in_top_30,min,20,-26.80732841638326,-0.01639500171614472
crop_root_in_top_30,min,21,-0.13743009577414855,-0.015618554451762412
crop_root_in_top_30,min,22,-32.867834836621995,-0.038153001741797254
crop_root_in_top_30,min,23,-31.565533445722586,-0.03078932518365818
crop_root_in_top_30,min,24,-30.99997548039722,-0.026793187950492126
crop_root_in_top_30,min,25,-30.671766537788578,-0.023845122098347105
crop_root_in_top_30,min,26,1.5019265202199208,-0.021629361231756628
crop_root_in_top_30,min,27,-37.098945946661246,-0.019929475518281947
crop_root_in_top_30,min,28,-34.98430628889612,-0.01859458230925526
crop_root_in_top_30,min,29,-33.79504453910272,-0.017519323275699605
crop_root_in_top_30,min,30,-32.90805325999021,-0.016628240911060743
crop_root_in_top_30,min,31,5.0867220953492005,-0.015873283767653845
crop_root_in_top_30,min,32,-38.42688772046,-0.07278195362516016
crop_root_in_top_30,min,33,-35.8011533693666,-0.055353016777715425
crop_root_in_top_30,min,34,-34.09824396889591,-0.04617963052560725
crop_root_in_top_30,min,35,90.69241257457158,-0.03953497534207884
crop_root_in_top_30,min,36,6.265945159361491,-0.03465404556996177
crop_root_in_top_30,min,37,-18.3421590981157,-0.031009601425061817
crop_root_in_top_30,min,38,-18.966378553526244,-0.028237567542142017
crop_root_in_top_30,min,39,-19.348831590996728,-0.026083909650886028
crop_root_in_top_30,min,40,-19.412951522280707,-0.02437203739052407
crop_root_in_top_30,min,41,18.07039624455348,-0.022975312977653317
crop_root_in_top_30,min,42,-26.56103506215041,-0.02180429645919446
crop_root_in_top_30,min,43,-23.604839487668567,-0.020799108698479785
crop_root_in_top_30,min,44,-21.54315609600098,-0.0199131637760388
crop_root_in_top_30,min,45,-19.744241790324118,-0.019116094402978234
crop_root_in_top_30,min,46,21.774097395358943,-0.018385027837368284
crop_root_in_top_30,min,47,-24.937445858731213,-0.017703273290901933
crop_root_in_top_30,min,48,-20.989348548150144,-0.01706148777291361
crop_root_in_top_30,min,49,-18.203018913410073,-0.016450134008231032
crop_root_in_top_30,min,50,-15.85588063027232,-0.015862707109597807
crop_root_in_top_30,min,total,-1055.6153176087842,-1.2759521238067464
crop_root_in_top_30,max,1,-224.0883735406759,0.023195872250312277
crop_root_in_top_30,max,2,18.981946617402144,0.016409650037847
crop_root_in_top_30,max,3,-36.07301163924907,0.01292841729605243
crop_root_in_top_30,max,4,-31.272248628252896,0.010450441567790847
crop_root_in_top_30,max,5,-28.25017648066418,0.008670160400988891
crop_root_in_top_30,max,6,-7.243030744116364,0.052527110855216996
crop_root_in_top_30,max,7,-17.495276486002467,0.03873711133210378
crop_root_in_top_30,max,8,-28.70205851885884,0.03144457661489497
crop_root_in_top_30,max,9,-22.76778992381356,0.026222776947317783
crop_root_in_top_30,max,10,-11.699319715240197,0.022444249365911162
crop_root_in_top_30,max,11,-2.7101594493265835,0.019678257074773775
crop_root_in_top_30,max,12,-25.383327392802403,0.04082152164577835
crop_root_in_top_30,max,13,-24.970962135311133,0.032487676466601556
crop_root_in_top_30,max,14,-25.06205734578319,0.027817733883416906
crop_root_in_top_30,max,15,-1.9869720750776172,0.024406485090933128
crop_root_in_top_30,max,16,-2.0684629427987793,0.021875314855809957
crop_root_in_top_30,max,17,-26.708397725119198,0.019964336274796324
crop_root_in_top_30,max,18,-26.383013565066285,0.01849256979650704
crop_root_in_top_30,max,19,-26.52052164535623,0.01733262317276285
crop_root_in_top_30,max,20,-26.77453787224458,0.01639554242253638
crop_root_in_top_30,max,21,-0.10619302887963977,0.015618512442746368
crop_root_in_top_30,max,22,-32.79152898116617,0.03815285371403121
crop_root_in_top_30,max,23,-31.503954884790744,0.03078923574818404
crop_root_in_top_30,max,24,-30.946390068310667,0.02679222413606297
crop_root_in_top_30,max,25,-30.62407696617662,0.023844449513610755
crop_root_in_top_30,max,26,1.5451852398828945,0.02162935843121705
crop_root_in_top_30,max,27,-37.05908713177285,0.01992933937011543
crop_root_in_top_30,max,28,-34.94711754977729,0.0185941568095771
crop_root_in_top_30,max,29,-33.76000683343559,0.017518382391429554
crop_root_in_top_30,max,30,-32.87479609789328,0.01662892118586967
crop_root_in_top_30,max,31,5.118468939627647,0.015873560510792473
crop_root_in_top_30,max,32,-38.28132335658194,0.07278241025289844
crop_root_in_top_30,max,33,-35.69044729129921,0.05535306128967932
crop_root_in_top_30,max,34,-34.00588453846939,0.046179799900912144
crop_root_in_top_30,max,35,90.77148326192932,0.039535712015663194
crop_root_in_top_30,max,36,6.335253570775977,0.03465436584452419
crop_root_in_top_30,max,37,-18.28014002793383,0.03100946875681032
crop_root_in_top_30,max,38,-18.90990359384763,0.028237392136471584
crop_root_in_top_30,max,39,-19.296663011007503,0.02608467033833861
crop_root_in_top_30,max,40,-19.36420802739295,0.024371457497231575
crop_root_in_top_30,max,41,18.116346508105345,0.022974950574212727
crop_root_in_top_30,max,42,-26.517425494591713,0.021805271099502477
crop_root_in_top_30,max,43,-23.563241399778523,0.02079897919156437
crop_root_in_top_30,max,44,-21.503329312051502,0.01991362017344045
crop_root_in_top_30,max,45,-19.70600973183052,0.019115964090619997
crop_root_in_top_30,max,46,21.81086728564871,0.01838486245239679
crop_root_in_top_30,max,47,-24.902038481794257,0.01770410364605368
crop_root_in_top_30,max,48,-20.95522552702943,0.017061533347799696
crop_root_in_top_30,max,49,-18.170119393533476,0.016449385868366306
crop_root_in_top_30,max,50,-15.824155864834463,0.01586205832825982
crop_root_in_top_30,max,total,-1053.0634129965665,1.2759524884108941
crop_root_to_shoot_sp3,min,1,-224.13476519519614,-0.023195782269937126
crop_root_to_shoot_sp3,min,2,18.94912733450278,-0.01640963286151731
crop_root_to_shoot_sp3,min,3,-36.09886854200877,-0.012928485463653772
crop_root_to_shoot_sp3,min,4,-31.293149454150804,-0.010450384330116691
crop_root_to_shoot_sp3,min,5,-28.267516892952184,-0.008670251887014757
crop_root_to_shoot_sp3,min,6,-7.302936760907039,-0.007378905935457425
crop_root_to_shoot_sp3,min,7,-17.54044513589944,-0.006431538564868333
crop_root_to_shoot_sp3,min,8,-28.7392302431437,-0.0057271476699654045
crop_root_to_shoot_sp3,min,9,-22.799207779114443,-0.005195078353565918
crop_root_to_shoot_sp3,min,10,-11.726549472479459,-0.004785507873350525
crop_root_to_shoot_sp3,min,11,-2.7343010707099142,-0.004463364308556983
crop_root_to_shoot_sp3,min,12,-25.451548486211106,-0.02739957176292407
crop_root_to_shoot_sp3,min,13,-25.023848733636893,-0.020398921859158037
crop_root_to_shoot_sp3,min,14,-25.106610735086225,-0.01673565541961608
crop_root_to_shoot_sp3,min,15,-2.0254774143592464,-0.01409885419069612
crop_root_to_shoot_sp3,min,16,-2.1025160680279686,-0.012177810373379394
crop_root_to_shoot_sp3,min,17,-26.739120620477305,-0.01075855908331036
crop_root_to_shoot_sp3,min,18,-26.41119869202175,-0.00969255715895656
crop_root_to_shoot_sp3,min,19,-26.546732064931856,-0.00887779640286368
crop_root_to_shoot_sp3,min,20,-26.799172871670553,-0.008239457003437423
crop_root_to_shoot_sp3,min,21,-0.12954138690945083,-0.007729845587064688
crop_root_to_shoot_sp3,min,22,-32.86018841117446,-0.030506576294264676
crop_root_to_shoot_sp3,min,23,-31.558111636093983,-0.023367515555055007
crop_root_to_shoot_sp3,min,24,-30.992762978895087,-0.0195806864483572
crop_root_to_shoot_sp3,min,25,-30.664753836333567,-0.01683242064333612
crop_root_to_shoot_sp3,min,26,1.5087488075829265,-0.014807073868750908
crop_root_to_shoot_sp3,min,27,-37.092306360365015,-0.013289889222050988
crop_root_to_shoot_sp3,min,28,-34.97784422688845,-0.012132520301584293
crop_root_to_shoot_sp3,min,29,-33.78875393854674,-0.011228722719721418
crop_root_to_shoot_sp3,min,30,-32.90193131154163,-0.01050629246248036
crop_root_to_shoot_sp3,min,31,5.092681003628967,-0.009914375487887206
crop_root_to_shoot_sp3,min,32,-38.421088664539774,-0.06698289770493204
crop_root_to_shoot_sp3,min,33,-35.795510476242,-0.04971012365311367
crop_root_to_shoot_sp3,min,34,-34.09275416833086,-0.04068982996056292
crop_root_to_shoot_sp3,min,35,90.69775257367614,-0.03419497623751511
crop_root_to_shoot_sp3,min,36,6.271139373654785,-0.02945983127666807
crop_root_to_shoot_sp3,min,37,-18.337109101572167,-0.025959604881528264
crop_root_to_shoot_sp3,min,38,-18.9614689848578,-0.023327998873696743
crop_root_to_shoot_sp3,min,39,-19.34406054035413,-0.021312859008286722
crop_root_to_shoot_sp3,min,40,-19.408315398620303,-0.019735913730119847
crop_root_to_shoot_sp3,min,41,18.074900419297496,-0.018471138233635997
crop_root_to_shoot_sp3,min,42,-26.55666152172705,-0.01743075603583577
crop_root_to_shoot_sp3,min,43,-23.60059354247174,-0.01655316350165137
crop_root_to_shoot_sp3,min,44,-21.53903494557999,-0.01579201335504621
crop_root_to_shoot_sp3,min,45,-19.74024379056283,-0.01511809464168934
crop_root_to_shoot_sp3,min,46,21.777974334625,-0.014508088571311362
crop_root_to_shoot_sp3,min,47,-24.933686826501667,-0.013944241061356166
crop_root_to_shoot_sp3,min,48,-20.985705454837312,-0.013418394460082084
crop_root_to_shoot_sp3,min,49,-18.19948816331365,-0.012919383911807358
crop_root_to_shoot_sp3,min,50,-15.852461527914086,-0.012443604751362969
crop_root_to_shoot_sp3,min,total,-1055.2052495801904,-0.8658840952130049
crop_root_to_shoot_sp3,max,1,-224.08837362622336,0.023195786702842724
crop_root_to_shoot_sp3,max,2,18.98194660782886,0.016409640464562614
crop_root_to_shoot_sp3,max,3,-36.07301165747552,0.012928399069600971
crop_root_to_shoot_sp3,max,4,-31.272248594395613,0.010450475425074046
crop_root_to_shoot_sp3,max,5,-28.250176458018004,0.00867018304716538
crop_root_to_shoot_sp3,max,6,-7.2881790494003305,0.007378805571250702
crop_root_to_shoot_sp3,max,7,-17.52758193730054,0.00643166003403195
crop_root_to_shoot_sp3,max,8,-28.727775995899552,0.005727099574183825
crop_root_to_shoot_sp3,max,9,-22.788817566270883,0.005195134489994757
crop_root_to_shoot_sp3,max,10,-11.716978473896967,0.004785490709140916
crop_root_to_shoot_sp3,max,11,-2.725374320073285,0.004463386328072083
crop_root_to_shoot_sp3,max,12,-25.396749343255387,0.027399571192795236
crop_root_to_shoot_sp3,max,13,-24.983051071766408,0.02039874001132702
crop_root_to_shoot_sp3,max,14,-25.073139404072954,0.01673567559365452
crop_root_to_shoot_sp3,max,15,-1.9972790563071512,0.014099503861399132
crop_root_to_shoot_sp3,max,16,-2.0781599780780904,0.012178279576498863
crop_root_to_shoot_sp3,max,17,-26.717603544420225,0.010758516973769616
crop_root_to_shoot_sp3,max,18,-26.391813729329787,0.009692405533005655
crop_root_to_shoot_sp3,max,19,-26.52897701327471,0.008877255254283511
crop_root_to_shoot_sp3,max,20,-26.782692818683458,0.008240595983657784
crop_root_to_shoot_sp3,max,21,-0.11408245479655887,0.007729086525827267
crop_root_to_shoot_sp3,max,22,-32.79917520296597,0.03050663191422842
crop_root_to_shoot_sp3,max,23,-31.51137677673626,0.023367343802668472
crop_root_to_shoot_sp3,max,24,-30.95360164845609,0.019580643990639857
crop_root_to_shoot_sp3,max,25,-30.63108985099357,0.016831564696662582
crop_root_to_shoot_sp3,max,26,1.5383627723915825,0.01480689093990506
crop_root_to_shoot_sp3,max,27,-37.06572590852519,0.013290562617775947
crop_root_to_shoot_sp3,max,28,-34.953579906685064,0.012131799901801799
crop_root_to_shoot_sp3,max,29,-33.76629704331769,0.01122817250932684
crop_root_to_shoot_sp3,max,30,-32.88091893487497,0.010506084204180866
crop_root_to_shoot_sp3,max,31,5.112509270613961,0.00991389149710642
crop_root_to_shoot_sp3,max,32,-38.2871221332488,0.06698363358604098
crop_root_to_shoot_sp3,max,33,-35.69608910396269,0.04971124862619547
crop_root_to_shoot_sp3,max,34,-34.01137424872591,0.04069008964439291
crop_root_to_shoot_sp3,max,35,90.76614332159798,0.03419577168432397
crop_root_to_shoot_sp3,max,36,6.330059881119634,0.02946067618818038
crop_root_to_shoot_sp3,max,37,-18.28518992452196,0.025959572168680722
crop_root_to_shoot_sp3,max,38,-18.914813510958787,0.02332747502531518
crop_root_to_shoot_sp3,max,39,-19.301435732416188,0.021311948929653823
crop_root_to_shoot_sp3,max,40,-19.368844079132646,0.01973540575753674
crop_root_to_shoot_sp3,max,41,18.11184296387384,0.01847140634270872
crop_root_to_shoot_sp3,max,42,-26.521799083226785,0.017431682464430054
crop_root_to_shoot_sp3,max,43,-23.567487521346244,0.016552857623842954
crop_root_to_shoot_sp3,max,44,-21.50745015651468,0.015792775710263385
crop_root_to_shoot_sp3,max,45,-19.710007209497892,0.015118486423247646
crop_root_to_shoot_sp3,max,46,21.806989161779885,0.014506738583573764
crop_root_to_shoot_sp3,max,47,-24.905797640365222,0.01394494507508881
crop_root_to_shoot_sp3,max,48,-20.95886969363147,0.013417366745759551
crop_root_to_shoot_sp3,max,49,-18.173649721430046,0.012919057971796377
crop_root_to_shoot_sp3,max,50,-15.827574485887697,0.01244343727502617
crop_root_to_shoot_sp3,max,total,-1053.473481631155,0.8658838538224245
crop_slope_sp3,min,1,-224.15212774089946,-0.0405583279732582
crop_slope_sp3,min,2,18.963294859815793,-0.0022421075485041797
crop_slope_sp3,min,3,-36.090384117441445,-0.004444060896325652
crop_slope_sp3,min,4,-31.287220294729366,-0.004521224908678789
crop_slope_sp3,min,5,-28.263398724799604,-0.004552083734434831
crop_slope_sp3,min,6,-7.328117657395909,-0.03255980242432788
crop_slope_sp3,min,7,-17.53106308275161,0.0029505145829595847
crop_slope_sp3,min,8,-28.734176808161788,-0.0006737126880516087
crop_slope_sp3,min,9,-22.795762528066536,-0.0017498273056588687
crop_slope_sp3,min,10,-11.724249424994449,-0.0024854603883408544
crop_slope_sp3,min,11,-2.7608300503281953,-0.03099234392683803
crop_slope_sp3,min,12,-25.428629424577736,-0.00448051012955375
crop_slope_sp3,min,13,-25.008987410278497,-0.005537598500762186
crop_slope_sp3,min,14,-25.095223444539887,-0.005348364873277944
crop_slope_sp3,min,15,-2.0165627506826755,-0.00518419051412522
crop_slope_sp3,min,16,-2.116382970911624,-0.026044713257034946
crop_slope_sp3,min,17,-26.72765842772907,0.0007036336649228758
crop_slope_sp3,min,18,-26.403424219424497,-0.001918084561705058
crop_slope_sp3,min,19,-26.54049832285915,-0.002644054330158241
crop_slope_sp3,min,20,-26.794057790993424,-0.0031243763263084645
crop_slope_sp3,min,21,-0.1462531923789414,-0.02444165105655527
crop_slope_sp3,min,22,-32.8363428968598,-0.006661061979599481
crop_slope_sp3,min,23,-31.54143988240592,-0.006695761866993166
crop_slope_sp3,min,24,-30.979324483162955,-0.006142190716225571
crop_slope_sp3,min,25,-30.65363521610233,-0.005713800412099346
crop_slope_sp3,min,26,1.5041771120667158,-0.019378769384961636
crop_slope_sp3,min,27,-37.080373577973894,-0.0013571068309303769
crop_slope_sp3,min,28,-34.96866753525534,-0.0029558286684761015
crop_slope_sp3,min,29,-33.78084169990705,-0.0033164840800310458
crop_slope_sp3,min,30,-32.89495743903822,-0.003532419959071831
crop_slope_sp3,min,31,5.084940615508318,-0.017654763608536683
crop_slope_sp3,min,32,-38.371352177324525,-0.017246410489683228
crop_slope_sp3,min,33,-35.75923771720505,-0.013437364616166292
crop_slope_sp3,min,34,-34.06313873991501,-0.011074401544711066
crop_slope_sp3,min,35,90.72259301770318,-0.009354532210480215
crop_slope_sp3,min,36,6.2925141533045625,-0.00808505162689066
crop_slope_sp3,min,37,-18.31828253932636,-0.00713304263572212
crop_slope_sp3,min,38,-18.944545479446344,-0.0064044934622415894
crop_slope_sp3,min,39,-19.328581291513142,-0.005833610167300662
crop_slope_sp3,min,40,-19.39395678175629,-0.0053772968661078835
crop_slope_sp3,min,41,18.088368520818083,-0.005003036713048914
crop_slope_sp3,min,42,-26.543915329218816,-0.004684563527600716
crop_slope_sp3,min,43,-23.58845177656407,-0.004411397593983679
crop_slope_sp3,min,44,-21.527410993791747,-0.004168061566804937
crop_slope_sp3,min,45,-19.72907401585709,-0.003948319935950906
crop_slope_sp3,min,46,21.788736200231373,-0.0037462229649385392
crop_slope_sp3,min,47,-24.923298032239728,-0.003555446799417439
crop_slope_sp3,min,48,-20.97566422437826,-0.003377164001030053
crop_slope_sp3,min,49,-18.189774453007058,-0.003205673605215509
crop_slope_sp3,min,50,-15.843058895879864,-0.0030409727171409884
crop_slope_sp3,min,total,-1054.735709082625,-0.39634359764750116
crop_slope_sp3,max,1,-224.07101090523625,0.040558507689951284
crop_slope_sp3,max,2,18.9677791457456,0.002242178381301585
crop_slope_sp3,max,3,-36.081496228124664,0.004443828420455986
crop_slope_sp3,max,4,-31.278177702799415,0.004521367021272482
crop_slope_sp3,max,5,-28.254294736713522,0.004551904351647096
crop_slope_sp3,max,6,-7.262998331399288,0.03255952357229308
crop_slope_sp3,max,7,-17.536963834028292,-0.0029502366937208535
crop_slope_sp3,max,8,-28.732829515810895,0.0006735796628412061
crop_slope_sp3,max,9,-22.792262741959167,0.0017499588017102496
crop_slope_sp3,max,10,-11.719278558137903,0.0024854064682049426
crop_slope_sp3,max,11,-2.698845301218534,0.0309924051828232
crop_slope_sp3,max,12,-25.419668416157656,0.004480498290526214
crop_slope_sp3,max,13,-24.99791238522293,0.005537426554806046
crop_slope_sp3,max,14,-25.08452664369731,0.005348435969299459
crop_slope_sp3,max,15,-2.0061936188884077,0.005184941280142574
crop_slope_sp3,max,16,-2.0642930070582204,0.026045250596368863
crop_slope_sp3,max,17,-26.729065918583213,-0.0007038571892188372
crop_slope_sp3,max,18,-26.399588253275688,0.0019178815871043753
crop_slope_sp3,max,19,-26.535210518145092,0.0026437503838998566
crop_slope_sp3,max,20,-26.787808830841872,0.003124583825243832
crop_slope_sp3,max,21,-0.09737036677026545,0.024441174552120692
crop_slope_sp3,max,22,-32.823021271401885,0.0066605634783130085
crop_slope_sp3,max,23,-31.528049153299587,0.006694967239340599
crop_slope_sp3,max,24,-30.967040130626277,0.006142161820452685
crop_slope_sp3,max,25,-30.642207010393495,0.005714405296735947
crop_slope_sp3,max,26,1.542934051565474,0.0193781701137965
crop_slope_sp3,max,27,-37.07765894065501,0.001357530487950953
crop_slope_sp3,max,28,-34.962757692338194,0.0029540142486723653
crop_slope_sp3,max,29,-33.77420978328831,0.0033154325387059203
crop_slope_sp3,max,30,-32.887891131404565,0.003533887674585401
crop_slope_sp3,max,31,5.120250443052998,0.01765506393614391
crop_slope_sp3,max,32,-38.33685846912897,0.017247297705871745
crop_slope_sp3,max,33,-35.73236186627538,0.013438486313503972
crop_slope_sp3,max,34,-34.040989247233675,0.011075091136625304
crop_slope_sp3,max,35,90.74130322616568,0.009355676252027934
crop_slope_sp3,max,36,6.308685627596359,0.008086422664906223
crop_slope_sp3,max,37,-18.304016184038698,0.0071333126519412815
crop_slope_sp3,max,38,-18.931737065335067,0.006403920649034944
crop_slope_sp3,max,39,-19.316913599452306,0.005834081893535625
crop_slope_sp3,max,40,-19.383202196331656,0.005377288558527482
crop_slope_sp3,max,41,18.098373504465307,0.00500194693417555
crop_slope_sp3,max,42,-26.53454494352844,0.00468582216277369
crop_slope_sp3,max,43,-23.579629124327322,0.004411254642764817
crop_slope_sp3,max,44,-21.519074337671658,0.004168594553284777
crop_slope_sp3,max,45,-19.721177069030077,0.003948626891062901
crop_slope_sp3,max,46,21.79622786927582,0.0037454460795096622
crop_slope_sp3,max,47,-24.916185869843424,0.0035567155968863062
crop_slope_sp3,max,48,-20.968910318557516,0.0033767418197143684
crop_slope_sp3,max,49,-18.18336320824366,0.003205571158183318
crop_slope_sp3,max,50,-15.836976681423733,0.003041241738989342
crop_slope_sp3,max,total,-1053.9430172400303,0.3963482449471485
crop_root_to_shoot_sp16,min,1,-224.11156936034993,5.257626867205545e-08
crop_root_to_shoot_sp16,min,2,18.965536997449014,3.008471693988213e-08
crop_root_to_shoot_sp16,min,3,-36.08594017286101,-1.1631588847649255e-07
crop_root_to_shoot_sp16,min,4,-31.28269898676898,8.30517059569047e-08
crop_root_to_shoot_sp16,min,5,-28.258846723334152,-8.226898273733241e-08
crop_root_to_shoot_sp16,min,6,-7.340706309099781,-0.04514845412820012
crop_root_to_shoot_sp16,min,7,-17.566318915346862,-0.032305318012291195
crop_root_to_shoot_sp16,min,8,-28.75922064565101,-0.02571755017727284
crop_root_to_shoot_sp16,min,9,-22.815040289539148,-0.02102758877827071
crop_root_to_shoot_sp16,min,10,-11.739422750652903,-0.017658786046794717
crop_root_to_shoot_sp16,min,11,-2.7450525497337264,-0.01521484333236911
crop_root_to_shoot_sp16,min,12,-25.437570870768507,-0.013421956320325279
crop_root_to_shoot_sp16,min,13,-25.01553883055934,-0.012089018781605176
crop_root_to_shoot_sp16,min,14,-25.10095705354392,-0.011081973877310247
crop_root_to_shoot_sp16,min,15,-2.021685117451802,-0.010306557283251472
crop_root_to_shoot_sp16,min,16,-2.1000352151154966,-0.009696957460907374
crop_root_to_shoot_sp16,min,17,-26.737568058967163,-0.009205997573168645
crop_root_to_shoot_sp16,min,18,-26.410306218922095,-0.008800084059302549
crop_root_to_shoot_sp16,min,19,-26.54630962253364,-0.008455354004649251
crop_root_to_shoot_sp16,min,20,-26.799088451886558,-0.008155037219442107
crop_root_to_shoot_sp16,min,21,-0.1297003218509336,-0.007888780528547468
crop_root_to_shoot_sp16,min,22,-32.83732809998271,-0.007646265102515315
crop_root_to_shoot_sp16,min,23,-31.542166887549342,-0.007422767010414333
crop_root_to_shoot_sp16,min,24,-30.98039428159526,-0.007211989148530051
crop_root_to_shoot_sp16,min,25,-30.654933939542722,-0.007012523852491626
crop_root_to_shoot_sp16,min,26,1.5167334754106034,-0.006822406041073981
crop_root_to_shoot_sp16,min,27,-37.08565519013917,-0.00663871899620716
crop_root_to_shoot_sp16,min,28,-34.972173472310374,-0.00646176572350754
crop_root_to_shoot_sp16,min,29,-33.78381500689889,-0.006289791071871775
crop_root_to_shoot_sp16,min,30,-32.897546416220834,-0.00612139714168336
crop_root_to_shoot_sp16,min,31,5.096637047521675,-0.005958331595179445
crop_root_to_shoot_sp16,min,32,-38.359904950685,-0.005799183850157874
crop_root_to_shoot_sp16,min,33,-35.7514435452955,-0.005643192706614286
crop_root_to_shoot_sp16,min,34,-34.057554164859596,-0.005489826489295524
crop_root_to_shoot_sp16,min,35,90.7266071835286,-0.005340366385055972
crop_root_to_shoot_sp16,min,36,6.295404673400478,-0.005194531530975155
crop_root_to_shoot_sp16,min,37,-18.31619978353516,-0.005050286844522134
crop_root_to_shoot_sp16,min,38,-18.943051829989784,-0.00491084400568198
crop_root_to_shoot_sp16,min,39,-19.327519353966313,-0.004771672620471179
crop_root_to_shoot_sp16,min,40,-19.39321511829531,-0.004635633405126072
crop_root_to_shoot_sp16,min,41,18.0888677960573,-0.004503761473831247
crop_root_to_shoot_sp16,min,42,-26.54360379648056,-0.004373030789345478
crop_root_to_shoot_sp16,min,43,-23.588286804362532,-0.004246425392445019
crop_root_to_shoot_sp16,min,44,-21.527363519580557,-0.004120587355615157
crop_root_to_shoot_sp16,min,45,-19.729123279648633,-0.003997583727493037
crop_root_to_shoot_sp16,min,46,21.788604232154498,-0.00387819104181375
crop_root_to_shoot_sp16,min,47,-24.92350205582717,-0.0037594703868606416
crop_root_to_shoot_sp16,min,48,-20.975931470319022,-0.0036444099417920484
crop_root_to_shoot_sp16,min,49,-18.190099165043023,-0.0035303856411808
crop_root_to_shoot_sp16,min,50,-15.843436633708892,-0.003418710546169379
crop_root_to_shoot_sp16,min,total,-1054.7494338252511,-0.4100683402737104
crop_root_to_shoot_sp16,max,1,-224.11156926305372,1.4987247709541407e-07
crop_root_to_shoot_sp16,max,2,18.965536928153398,-3.9210899416275424e-08
crop_root_to_shoot_sp16,max,3,-36.08594007793211,-2.1386988180438493e-08
crop_root_to_shoot_sp16,max,4,-31.28269909320112,-2.3380433589181848e-08
crop_root_to_shoot_sp16,max,5,-28.25884666040451,-1.9339342571811358e-08
crop_root_to_shoot_sp16,max,6,-7.2504095566476305,0.04514829832395062
crop_root_to_shoot_sp16,max,7,-17.501708135577754,0.03230546175681681
crop_root_to_shoot_sp16,max,8,-28.707785619440617,0.025717476033118913
crop_root_to_shoot_sp16,max,9,-22.772985044700683,0.021027656060194744
crop_root_to_shoot_sp16,max,10,-11.704105209515934,0.01765875509017434
crop_root_to_shoot_sp16,max,11,-2.7146228304008777,0.01521487600047955
crop_root_to_shoot_sp16,max,12,-25.41072695162772,0.013421962820462596
crop_root_to_shoot_sp16,max,13,-24.991360977874308,0.012088833903426632
crop_root_to_shoot_sp16,max,14,-25.078793105067998,0.0110819745986106
crop_root_to_shoot_sp16,max,15,-2.0010713225688535,0.010307237599696872
crop_root_to_shoot_sp16,max,16,-2.0806407308811163,0.009697526773472909
crop_root_to_shoot_sp16,max,17,-26.71915617765923,0.009205883734765052
crop_root_to_shoot_sp16,max,18,-26.392706176320363,0.00879995854242921
crop_root_to_shoot_sp16,max,19,-26.529398949773263,0.008455318755729024
crop_root_to_shoot_sp16,max,20,-26.782777134665427,0.008156280001688998
crop_root_to_shoot_sp16,max,21,-0.11392345526946035,0.007888086052925791
crop_root_to_shoot_sp16,max,22,-32.82203607351014,0.007645761370056903
crop_root_to_shoot_sp16,max,23,-31.52732351639498,0.00742060414394885
crop_root_to_shoot_sp16,max,24,-30.965970813552183,0.007211478894546985
crop_root_to_shoot_sp16,max,25,-30.640908081195654,0.00701333449457664
crop_root_to_shoot_sp16,max,26,1.5303782347970372,0.006822353345359744
crop_root_to_shoot_sp16,max,27,-37.0723776242982,0.006638846844765567
crop_root_to_shoot_sp16,max,28,-34.959249566823445,0.0064621397634212485
crop_root_to_shoot_sp16,max,29,-33.77123613245438,0.006289083372635673
crop_root_to_shoot_sp16,max,30,-32.88530258676032,0.0061224323188326935
crop_root_to_shoot_sp16,max,31,5.108554556066073,0.005959176949218659
crop_root_to_shoot_sp16,max,32,-38.348306636238284,0.005799130596557234
crop_root_to_shoot_sp16,max,33,-35.74015768767774,0.005642664911150064
crop_root_to_shoot_sp16,max,34,-34.04657377246174,0.00549056590855912
crop_root_to_shoot_sp16,max,35,90.73728875675693,0.0053412068432692195
crop_root_to_shoot_sp16,max,36,6.305793505436511,0.005194300505057647
crop_root_to_shoot_sp16,max,37,-18.306099769242877,0.005049727447762109
crop_root_to_shoot_sp16,max,38,-18.933231820223924,0.004909165760178524
crop_root_to_shoot_sp16,max,39,-19.317976493921684,0.00477118742415783
crop_root_to_shoot_sp16,max,40,-19.383942769354746,0.004636715535436764
crop_root_to_shoot_sp16,max,41,18.097874884525304,0.004503326994171886
crop_root_to_shoot_sp16,max,42,-26.534856424847256,0.004374340843959601
crop_root_to_shoot_sp16,max,43,-23.579794671101208,0.004245707868879123
crop_root_to_shoot_sp16,max,44,-21.519121602951845,0.004121329273097274
crop_root_to_shoot_sp16,max,45,-19.721127649848338,0.003998046072801742
crop_root_to_shoot_sp16,max,46,21.796359904163722,0.003877480967410918
crop_root_to_shoot_sp16,max,47,-24.91598264528211,0.003759940158200692
crop_root_to_shoot_sp16,max,48,-20.968643242090586,0.0036438182866440627
crop_root_to_shoot_sp16,max,49,-18.183038496147425,0.003530283254416844
crop_root_to_shoot_sp16,max,50,-15.836598615355307,0.003419307807416061
crop_root_to_shoot_sp16,max,total,-1053.929296394418,0.4100690905593183
crop_slope_sp16,min,1,-224.19135011538677,-0.07978070246056745
crop_slope_sp16,min,2,18.985622737701284,0.020085770336986997
crop_slope_sp16,min,3,-36.07563661272007,0.010303443825051772
crop_slope_sp16,min,4,-31.275364294475526,0.007334775345160693
crop_slope_sp16,min,5,-28.25357778450043,0.0052688565647400765
crop_slope_sp16,min,6,-7.401313461861494,-0.10575560688991281
crop_slope_sp16,min,7,-17.609878661759332,-0.07586506442476093
crop_slope_sp16,min,8,-28.79423227190294,-0.06072917642920217
crop_slope_sp16,min,9,-22.843964908070998,-0.0499522073101204
crop_slope_sp16,min,10,-11.763970935425238,-0.04220697081913016
crop_slope_sp16,min,11,-2.7664217598701226,-0.036584053468765365
crop_slope_sp16,min,12,-25.456603179443338,-0.032454264995156024
crop_slope_sp16,min,13,-25.032829240926567,-0.029379429148832514
crop_slope_sp16,min,14,-25.11692721926888,-0.027052139602272263
crop_slope_sp16,min,15,-2.036634974678995,-0.025256414510444802
crop_slope_sp16,min,16,-2.114178913015791,-0.023840655361201613
crop_slope_sp16,min,17,-26.75105893596606,-0.02269687457206615
crop_slope_sp16,min,18,-26.42325415082877,-0.021748015965979306
crop_slope_sp16,min,19,-26.55879547195499,-0.020941203425998367
crop_slope_sp16,min,20,-26.8111695361276,-0.020236121460484924
crop_slope_sp16,min,21,-0.14141960635184292,-0.019608065029456778
crop_slope_sp16,min,22,-32.84871745891978,-0.019035624039581478
crop_slope_sp16,min,23,-31.553249807881883,-0.018505687342955213
crop_slope_sp16,min,24,-30.99119029232631,-0.018007999879579017
crop_slope_sp16,min,25,-30.665457002833335,-0.017535587143104436
crop_slope_sp16,min,26,1.506471905354089,-0.017083976097588494
crop_slope_sp16,min,27,-37.09566473030161,-0.016648259158642986
crop_slope_sp16,min,28,-34.98193928321883,-0.016227576631962393
crop_slope_sp16,min,29,-33.79334379773001,-0.015818581902991014
crop_slope_sp16,min,30,-32.906844646595516,-0.015419627516365608
crop_slope_sp16,min,31,5.087564055620683,-0.015031323496171645
crop_slope_sp16,min,32,-38.36875782431928,-0.014652057484440206
crop_slope_sp16,min,33,-35.76008051540064,-0.01428016281175104
crop_slope_sp16,min,34,-34.06598205233295,-0.013917713962648293
crop_slope_sp16,min,35,90.71838611403459,-0.013561435879068995
crop_slope_sp16,min,36,6.287386398275945,-0.013212806655507947
crop_slope_sp16,min,37,-18.324020957533122,-0.012871460842482918
crop_slope_sp16,min,38,-18.950677521458076,-0.012536535473973487
crop_slope_sp16,min,39,-19.334955425272053,-0.012207743926211378
crop_slope_sp16,min,40,-19.400465650656926,-0.011886165766743062
crop_slope_sp16,min,41,18.081800704059773,-0.011570853471358333
crop_slope_sp16,min,42,-26.550491236416406,-0.01126047072519043
crop_slope_sp16,min,43,-23.59499792494912,-0.01095754597903209
crop_slope_sp16,min,44,-21.53390251903476,-0.010659586809818933
crop_slope_sp16,min,45,-19.73549334375421,-0.010367647833071203
crop_slope_sp16,min,46,21.78240002446728,-0.010082398729032604
crop_slope_sp16,min,47,-24.929543223320294,-0.009800637879983753
crop_slope_sp16,min,48,-20.981813157667432,-0.009526097290201818
crop_slope_sp16,min,49,-18.195824360669867,-0.009255581268025281
crop_slope_sp16,min,50,-15.849008660590234,-0.008990737427511775
crop_slope_sp16,min,total,-1055.3813714882049,-1.0420060032274705
crop_slope_sp16,max,1,-224.03178847817995,0.07978093474625325
crop_slope_sp16,max,2,18.945451089358567,-0.02008587800573025
crop_slope_sp16,max,3,-36.09624360964394,-0.010303553098822249
crop_slope_sp16,max,4,-31.290033743460956,-0.007334673640269074
crop_slope_sp16,max,5,-28.264115592224353,-0.005268951159184354
crop_slope_sp16,max,6,-7.189802380199922,0.10575547477165959
crop_slope_sp16,max,7,-17.458148422552167,0.07586517478240395
crop_slope_sp16,max,8,-28.67277397445622,0.06072912101751626
crop_slope_sp16,max,9,-22.744060439503162,0.049952261257715236
crop_slope_sp16,max,10,-11.679557016985065,0.042206947621043156
crop_slope_sp16,max,11,-2.6932536267710683,0.03658407963028898
crop_slope_sp16,max,12,-25.39169464252958,0.03245427191860273
crop_slope_sp16,max,13,-24.97407058213657,0.02937922964116524
crop_slope_sp16,max,14,-25.062822859437414,0.02705222022919429
crop_slope_sp16,max,15,-1.9861214288159392,0.025257131352611095
crop_slope_sp16,max,16,-2.0664971388693174,0.023841118785271842
crop_slope_sp16,max,17,-26.70566522000371,0.02269684139028527
crop_slope_sp16,max,18,-26.37975816272355,0.02174797213924151
crop_slope_sp16,max,19,-26.51691362086444,0.020940647664552614
crop_slope_sp16,max,20,-26.770696487202027,0.020236927465088428
crop_slope_sp16,max,21,-0.10220347424575782,0.01960806707662832
crop_slope_sp16,max,22,-32.81064613847054,0.01903569640965941
crop_slope_sp16,max,23,-31.516239085202063,0.018505035336865205
crop_slope_sp16,max,24,-30.955174945455035,0.018007346991694817
crop_slope_sp16,max,25,-30.630386025741004,0.01753538994922721
crop_slope_sp16,max,26,1.540639709182692,0.017083827731014578
crop_slope_sp16,max,27,-37.062367321989115,0.016649149153849407
crop_slope_sp16,max,28,-34.94948468522169,0.016227021365175176
crop_slope_sp16,max,29,-33.76170710978231,0.01581810604471201
crop_slope_sp16,max,30,-32.876004346391774,0.01542067268737668
crop_slope_sp16,max,31,5.117627209297574,0.015031830180719297
crop_slope_sp16,max,32,-38.33945363241887,0.014652134415968021
crop_slope_sp16,max,33,-35.73151919823178,0.014281154357107084
crop_slope_sp16,max,34,-34.03814730704138,0.013917031328922747
crop_slope_sp16,max,35,90.74550942686898,0.01356187695532185
crop_slope_sp16,max,36,6.313812408981258,0.013213204049804972
crop_slope_sp16,max,37,-18.298278211173624,0.012871285517014996
crop_slope_sp16,max,38,-18.925605204995477,0.012535780988624623
crop_slope_sp16,max,39,-19.310539631712963,0.01220804963287847
crop_slope_sp16,max,40,-19.37669286133724,0.01188662355294312
crop_slope_sp16,max,41,18.104942182053612,0.0115706245224807
crop_slope_sp16,max,42,-26.527968766090844,0.011261999600371553
crop_slope_sp16,max,43,-23.573083412558002,0.010956966412084768
crop_slope_sp16,max,44,-21.51258286332211,0.01066006890283333
crop_slope_sp16,max,45,-19.71475743340786,0.010368262513278381
crop_slope_sp16,max,46,21.802563689539973,0.010081266343661355
crop_slope_sp16,max,47,-24.9099416457431,0.009800939697210964
crop_slope_sp16,max,48,-20.962762139016206,0.009524921361023786
crop_slope_sp16,max,49,-18.17731324643229,0.009255532969550728
crop_slope_sp16,max,50,-15.83102719817218,0.008990724990542986
crop_slope_sp16,max,total,-1053.29735759543,1.042007889547449
cy0_to_ceq_multiplier,min,1,-224.11156934665587,6.627033144468442e-08
cy0_to_ceq_multiplier,min,2,18.9655369225694,-4.4794898457212184e-08
cy0_to_ceq_multiplier,min,3,-36.085940130910636,-7.436551641148981e-08
cy0_to_ceq_multiplier,min,4,-31.28269899706143,7.275925639760317e-08
cy0_to_ceq_multiplier,min,5,-28.258846783627682,-1.4256251290589717e-07
cy0_to_ceq_multiplier,min,6,-7.295557691175865,1.6379571654567826e-07
cy0_to_ceq_multiplier,min,7,-17.534013537080853,6.025371845908012e-08
cy0_to_ceq_multiplier,min,8,-28.733503093181806,2.291930201181458e-09
cy0_to_ceq_multiplier,min,9,-22.794012732355792,-3.159491512860768e-08
cy0_to_ceq_multiplier,min,10,-11.72176395057626,1.4029847505980797e-08
cy0_to_ceq_multiplier,min,11,-2.7298377378587744,-3.1457417115632325e-08
cy0_to_ceq_multiplier,min,12,-25.424149047370715,-1.3292253342456206e-07
cy0_to_ceq_multiplier,min,13,-25.003449898751818,-8.697408304669807e-08
cy0_to_ceq_multiplier,min,14,-25.08987510753122,-2.786461195114498e-08
cy0_to_ceq_multiplier,min,15,-2.011378210513845,3.4965470518955044e-07
cy0_to_ceq_multiplier,min,16,-2.0903379498720693,3.077825199149231e-07
cy0_to_ceq_multiplier,min,17,-26.72836215246947,-9.107547427333884e-08
cy0_to_ceq_multiplier,min,18,-26.401506045233887,8.96289051866006e-08
cy0_to_ceq_multiplier,min,19,-26.537854303274667,-3.4745674781788694e-08
cy0_to_ceq_multiplier,min,20,-26.790932909898466,5.047686499892734e-07
cy0_to_ceq_multiplier,min,21,-0.12181150608412494,3.523826119788964e-08
cy0_to_ceq_multiplier,min,22,-32.82968188721057,-5.233037114749095e-08
cy0_to_ceq_multiplier,min,23,-31.534744263338343,-1.4279941495942694e-07
cy0_to_ceq_multiplier,min,24,-30.97318250595781,-2.1351107903910815e-07
cy0_to_ceq_multiplier,min,25,-30.647921305600025,1.100902053963182e-07
cy0_to_ceq_multiplier,min,26,1.5235558027030822,-7.874859520029531e-08
cy0_to_ceq_multiplier,min,27,-37.079016699716924,-2.285739597596148e-07
cy0_to_ceq_multiplier,min,28,-34.9657120889326,-3.823457319640511e-07
cy0_to_ceq_multiplier,min,29,-33.77752537405638,-1.5822936205722726e-07
cy0_to_ceq_multiplier,min,30,-32.89142433132635,6.877528022641854e-07
cy0_to_ceq_multiplier,min,31,5.102595845226307,4.661094523683573e-07
cy0_to_ceq_multiplier,min,32,-38.35410543957973,3.272551083455255e-07
cy0_to_ceq_multiplier,min,33,-35.74579960705384,7.455350470308986e-07
cy0_to_ceq_multiplier,min,34,-34.05206409043153,2.479387717357895e-07
cy0_to_ceq_multiplier,min,35,90.73194817783613,6.279224749050627e-07
cy0_to_ceq_multiplier,min,36,6.3005997689729405,5.640414872942756e-07
cy0_to_ceq_multiplier,min,37,-18.311149048761326,4.479293131964823e-07
cy0_to_ceq_multiplier,min,38,-18.938141211979698,-2.2599559557079374e-07
cy0_to_ceq_multiplier,min,39,-19.322747377825966,3.035198758993829e-07
cy0_to_ceq_multiplier,min,40,-19.38857910239254,3.824976424482429e-07
cy0_to_ceq_multiplier,min,41,18.093371607044663,4.95135310529804e-08
cy0_to_ceq_multiplier,min,42,-26.539230166668776,5.99022438763086e-07
cy0_to_ceq_multiplier,min,43,-23.584041047860534,-6.688904470308898e-07
cy0_to_ceq_multiplier,min,44,-21.523242420899617,5.113253251920469e-07
cy0_to_ceq_multiplier,min,45,-19.725125398080284,2.9784085597839294e-07
cy0_to_ceq_multiplier,min,46,21.79248174412078,-6.790755300301043e-07
cy0_to_ceq_multiplier,min,47,-24.919742402114817,1.8332549345245752e-07
cy0_to_ceq_multiplier,min,48,-20.972287131289114,-7.091188436447737e-08
cy0_to_ceq_multiplier,min,49,-18.18656917856547,-3.9916362837288943e-07
cy0_to_ceq_multiplier,min,50,-15.840017992527113,-6.936438978755177e-08
cy0_to_ceq_multiplier,min,total,-1054.3393613351811,4.149796268393402e-06
cy0_to_ceq_multiplier,max,1,-224.11156932043528,9.249092158825079e-08
cy0_to_ceq_multiplier,max,2,18.965536945494577,-2.186972025697287e-08
cy0_to_ceq_multiplier,max,3,-36.0859401009762,-4.443108281293462e-08
cy0_to_ceq_multiplier,max,4,-31.282698932278567,1.37542119915679e-07
cy0_to_ceq_multiplier,max,5,-28.25884669109556,-5.003039049711333e-08
cy0_to_ceq_multiplier,max,6,-7.295558260287846,-4.053162649952924e-07
cy0_to_ceq_multiplier,max,7,-17.53401381483947,-2.1750489764826852e-07
cy0_to_ceq_multiplier,max,8,-28.73350340323497,-3.0776123338682737e-07
cy0_to_ceq_multiplier,max,9,-22.794012909046103,-2.082852255114176e-07
cy0_to_ceq_multiplier,max,10,-11.721764238407747,-2.7380163913903743e-07
cy0_to_ceq_multiplier,max,11,-2.7298378561694387,-1.4976808149214094e-07
cy0_to_ceq_multiplier,max,12,-25.42414922123151,-3.0678332763045546e-07
cy0_to_ceq_multiplier,max,13,-25.003449942941803,-1.3116406805124825e-07
cy0_to_ceq_multiplier,max,14,-25.089875055470984,2.4195625059064696e-08
cy0_to_ceq_multiplier,max,15,-2.0113780925651517,4.676033986683592e-07
cy0_to_ceq_multiplier,max,16,-2.0903379997677107,2.5788687851857617e-07
cy0_to_ceq_multiplier,max,17,-26.72836199942724,6.196675528258311e-08
cy0_to_ceq_multiplier,max,18,-26.401506653697894,-5.188351011042869e-07
cy0_to_ceq_multiplier,max,19,-26.53785480736963,-5.388406378870059e-07
cy0_to_ceq_multiplier,max,20,-26.790934290496626,-8.758295102495595e-07
cy0_to_ceq_multiplier,max,21,-0.12181200004918757,-4.58726801433329e-07
cy0_to_ceq_multiplier,max,22,-32.829681678938634,1.5594156366205425e-07
cy0_to_ceq_multiplier,max,23,-31.534743989851894,1.3068703452745467e-07
cy0_to_ceq_multiplier,max,24,-30.973183658106315,-1.3656595854172338e-06
cy0_to_ceq_multiplier,max,25,-30.64792158689146,-1.7120122919322966e-07
cy0_to_ceq_multiplier,max,26,1.5235559665446003,8.509292293013004e-08
cy0_to_ceq_multiplier,max,27,-37.079016561017355,-8.987439059637836e-08
cy0_to_ceq_multiplier,max,28,-34.965711556345134,1.5024173194433388e-07
cy0_to_ceq_multiplier,max,29,-33.77752644957202,-1.2337450030486252e-06
cy0_to_ceq_multiplier,max,30,-32.89142407993752,9.391416284643128e-07
cy0_to_ceq_multiplier,max,31,5.102595404818224,2.5701369921193873e-08
cy0_to_ceq_multiplier,max,32,-38.354105274600286,4.922345553382002e-07
cy0_to_ceq_multiplier,max,33,-35.74579997396463,3.786242572800802e-07
cy0_to_ceq_multiplier,max,34,-34.052064548654684,-2.1028438368375646e-07
cy0_to_ceq_multiplier,max,35,90.73194788994654,3.400328836278277e-07
cy0_to_ceq_multiplier,max,36,6.300599072093426,-1.3283802680064127e-07
cy0_to_ceq_multiplier,max,37,-18.31114892644622,5.702444205724078e-07
cy0_to_ceq_multiplier,max,38,-18.938141381019538,-3.950354354742558e-07
cy0_to_ceq_multiplier,max,39,-19.322747638585202,4.276063947372677e-08
cy0_to_ceq_multiplier,max,40,-19.388578872112486,6.127776970288323e-07
cy0_to_ceq_multiplier,max,41,18.093370743323536,-8.142075955674954e-07
cy0_to_ceq_multiplier,max,42,-26.539230484562324,2.811288908333154e-07
cy0_to_ceq_multiplier,max,43,-23.58404052683661,-1.4786652258180766e-07
cy0_to_ceq_multiplier,max,44,-21.52324222503719,7.07187751913807e-07
cy0_to_ceq_multiplier,max,45,-19.725125580373913,1.1554722689766095e-07
cy0_to_ceq_multiplier,max,46,21.792481651254576,-7.719417354223879e-07
cy0_to_ceq_multiplier,max,47,-24.91974188696028,6.984800293707849e-07
cy0_to_ceq_multiplier,max,48,-20.97228730813406,-2.4775683016287076e-07
cy0_to_ceq_multiplier,max,49,-18.18656904212609,-2.6272424946682804e-07
cy0_to_ceq_multiplier,max,50,-15.840018490904995,-5.67742272750138e-07
cy0_to_ceq_multiplier,max,total,-1054.3393696372923,-4.152314886596287e-06
litter_carbon,min,1,-224.0753111924176,0.03625822050861416
litter_carbon,min,2,19.096408509639833,0.13087154227553555
litter_carbon,min,3,-35.9853815950785,0.10055846146661906
litter_carbon,min,4,-31.203206246504998,0.07949282331568952
litter_carbon,min,5,-28.194801615993654,0.06404502507151477
litter_carbon,min,6,-7.345998295339192,-0.05044044036761086
litter_carbon,min,7,-17.46507550911691,0.06893808821766001
litter_carbon,min,8,-28.678286301029246,0.05521679444449035
litter_carbon,min,9,-22.747697708509673,0.0463149922512045
litter_carbon,min,10,-11.682056082666687,0.039707881939420986
litter_carbon,min,11,-2.7982267262773965,-0.06838901987603929
litter_carbon,min,12,-25.368559948802982,0.05558896564519955
litter_carbon,min,13,-24.958278055153944,0.045171756623791026
litter_carbon,min,14,-25.051233972420505,0.0386411072461037
litter_carbon,min,15,-1.9776428425869046,0.03373571758164573
litter_carbon,min,16,-2.1634768547311767,-0.07313859707658743
litter_carbon,min,17,-26.676642421017917,0.05171964037607779
litter_carbon,min,18,-26.35956776528516,0.04193836957763253
litter_carbon,min,19,-26.501984851892647,0.03586941663634491
litter_carbon,min,20,-26.759631920924548,0.03130149374256774
litter_carbon,min,21,-0.19713547192234504,-0.0753239305999589
litter_carbon,min,22,-32.77996181715411,0.04972001772608792
litter_carbon,min,23,-31.49466476245051,0.04007935808841978
litter_carbon,min,24,-30.939063508524708,0.034118783922021834
litter_carbon,min,25,-30.618285253143494,0.029636162546736955
litter_carbon,min,26,1.4466353569818557,-0.07692052446982167
litter_carbon,min,27,-37.030836239619006,0.04818023152395767
litter_carbon,min,28,-34.92712396015875,0.03858774642811369
litter_carbon,min,29,-33.74485615481667,0.03266906101035261
litter_carbon,min,30,-32.86320130572163,0.028223713357519387
litter_carbon,min,31,5.0242962547392125,-0.07829912437764186
litter_carbon,min,32,-38.30727286138375,0.04683290545109031
litter_carbon,min,33,-35.70853062791254,0.03726972467634937
litter_carbon,min,34,-34.02068553069584,0.03137880767445722
litter_carbon,min,35,90.75890755319347,0.026960003279810962
litter_carbon,min,36,6.221061912502524,-0.07953729242892926
litter_carbon,min,37,-18.265530059970274,0.04561943672036506
litter_carbon,min,38,-18.90206075276609,0.036080233218012125
litter_carbon,min,39,-19.2925350260031,0.030212655342740646
litter_carbon,min,40,-19.362762869463786,0.025816615426396794
litter_carbon,min,41,18.012713113648644,-0.08065844388248777
litter_carbon,min,42,-26.494710733472644,0.04452003221857126
litter_carbon,min,43,-23.549038268558252,0.035002110411834764
litter_carbon,min,44,-21.49408755963988,0.029155372585062622
litter_carbon,min,45,-19.700345947211655,0.024779748709484295
litter_carbon,min,46,21.710807119671003,-0.0816753035253086
litter_carbon,min,47,-24.8762198027418,0.04352278269850984
litter_carbon,min,48,-20.938262975316768,0.034024085060462284
litter_carbon,min,49,-18.15837258361279,0.028196195789053746
litter_carbon,min,50,-15.816178870015918,0.0238390531468049
litter_carbon,min,total,-1053.2039530276493,1.1354124573281297
litter_carbon,max,1,-224.14782763343538,-0.03625822050918259
litter_carbon,max,2,18.834665425082743,-0.13087154228155384
litter_carbon,max,3,-36.18649851800546,-0.10055846146033787
litter_carbon,max,4,-31.362191893139734,-0.07949282331904683
litter_carbon,max,5,-28.32289166613947,-0.0640450250743001
litter_carbon,max,6,-7.245117414599098,0.05044044037248341
litter_carbon,max,7,-17.602951685551577,-0.06893808821700631
litter_carbon,max,8,-28.788719889924813,-0.05521679445107708
litter_carbon,max,9,-22.84032769301052,-0.04631499224964131
litter_carbon,max,10,-11.761471846544122,-0.03970788193801411
litter_carbon,max,11,-2.661448686524849,0.06838901987650825
litter_carbon,max,12,-25.479737880091896,-0.055588965643714516
litter_carbon,max,13,-25.048621568401163,-0.04517175662342865
litter_carbon,max,14,-25.12851618691245,-0.0386411072458408
litter_carbon,max,15,-2.0451142777511837,-0.033735717582633384
litter_carbon,max,16,-2.0171996606103066,0.0731385970442826
litter_carbon,max,17,-26.780081701758817,-0.051719640364822794
litter_carbon,max,18,-26.44344450443891,-0.04193836957611907
litter_carbon,max,19,-26.573723685162054,-0.0358694166330622
litter_carbon,max,20,-26.822234908406926,-0.03130149373981084
litter_carbon,max,21,-0.046487610717632855,0.07532393060475329
litter_carbon,max,22,-32.87940185260379,-0.04972001772359391
litter_carbon,max,23,-31.574823478623387,-0.040079358084458505
litter_carbon,max,24,-31.007301076366403,-0.03411878391967349
litter_carbon,max,25,-30.677557578235092,-0.029636162544861122
litter_carbon,max,26,1.6004764059843928,0.07692052453271536
litter_carbon,max,27,-37.12719670273175,-0.04818023158878759
litter_carbon,max,28,-35.00429945301289,-0.038587746426024694
litter_carbon,max,29,-33.810194276836484,-0.03266906100946443
litter_carbon,max,30,-32.91964873243557,-0.028223713356418045
litter_carbon,max,31,5.180894503495432,0.078299124378578
litter_carbon,max,32,-38.40093867228812,-0.046832905453278784
litter_carbon,max,33,-35.783070077263154,-0.03726972467426748
litter_carbon,max,34,-34.08344314604763,-0.031378807677327814
litter_carbon,max,35,90.70498754663245,-0.026960003281203626
litter_carbon,max,36,6.380136510083634,0.07953730515218105
litter_carbon,max,37,-18.356768937884453,-0.045619441193814225
litter_carbon,max,38,-18.974221220575117,-0.03608023459101517
litter_carbon,max,39,-19.35296033815903,-0.03021265681318752
litter_carbon,max,40,-19.41439610161445,-0.02581661672426705
litter_carbon,max,41,18.174030000362528,0.08065844283139612
litter_carbon,max,42,-26.58375079872546,-0.0445200330342459
litter_carbon,max,43,-23.619042489994484,-0.03500211102439721
litter_carbon,max,44,-21.552398305261452,-0.029155373036509502
litter_carbon,max,45,-19.749905444963797,-0.024779749042657784
litter_carbon,max,46,21.874157726481197,0.08167530328488581
litter_carbon,max,47,-24.96326536831046,-0.043522782870148546
litter_carbon,max,48,-21.006311145560765,-0.03402408518353539
litter_carbon,max,49,-18.214764975279376,-0.02819619587753408
litter_carbon,max,50,-15.86385697637289,-0.02383905321016755
litter_carbon,max,total,-1055.4747779421502,-1.1354124571728335
litter_nitrogen,min,1,-224.11967751292622,-0.008108100000015384
litter_nitrogen,min,2,18.951714587364297,-0.013822380000000578
litter_nitrogen,min,3,-36.09976243654511,-0.013822379999993473
litter_nitrogen,min,4,-31.29652144982069,-0.01382238000000413
litter_nitrogen,min,5,-28.272669021065173,-0.01382238000000413
litter_nitrogen,min,6,-7.303665954971581,-0.008108100000000285
litter_nitrogen,min,7,-17.547835977334568,-0.013822379999997025
litter_nitrogen,min,8,-28.74732547547374,-0.01382238000000413
litter_nitrogen,min,9,-22.807835080760878,-0.013822380000000578
litter_nitrogen,min,10,-11.735586344606109,-0.013822380000000578
litter_nitrogen,min,11,-2.737945806401357,-0.00810809999999984
litter_nitrogen,min,12,-25.437971294448186,-0.01382238000000413
litter_nitrogen,min,13,-25.01727219177774,-0.01382238000000413
litter_nitrogen,min,14,-25.10369745966661,-0.013822380000000578
litter_nitrogen,min,15,-2.0252009401685505,-0.013822380000000134
litter_nitrogen,min,16,-2.098446357654589,-0.00810809999999984
litter_nitrogen,min,17,-26.742184441393995,-0.013822380000000578
litter_nitrogen,min,18,-26.415328514862793,-0.013822380000000578
litter_nitrogen,min,19,-26.551676648528996,-0.01382238000000413
litter_nitrogen,min,20,-26.80475579466712,-0.01382238000000413
litter_nitrogen,min,21,-0.12991964132238598,-0.00810809999999984
litter_nitrogen,min,22,-32.8435042148802,-0.013822380000000578
litter_nitrogen,min,23,-31.548566500538932,-0.01382238000000413
litter_nitrogen,min,24,-30.987004672446734,-0.01382238000000413
litter_nitrogen,min,25,-30.66174379569023,-0.013822380000000578
litter_nitrogen,min,26,1.5154477814516776,-0.00810809999999984
litter_nitrogen,min,27,-37.092838851142965,-0.013822380000000578
litter_nitrogen,min,28,-34.97953408658687,-0.013822380000000578
litter_nitrogen,min,29,-33.79134759582702,-0.013822380000000578
litter_nitrogen,min,30,-32.90524739907916,-0.013822380000007684
litter_nitrogen,min,31,5.094487279116853,-0.008108100000001173
litter_nitrogen,min,32,-38.36792814683484,-0.013822380000000578
litter_nitrogen,min,33,-35.75962273258889,-0.013822380000000578
litter_nitrogen,min,34,-34.0658867183703,-0.013822380000000578
litter_nitrogen,min,35,90.71812516991366,-0.013822379999993473
litter_nitrogen,min,36,6.292491104931453,-0.008108100000000285
litter_nitrogen,min,37,-18.32497187669064,-0.013822380000000578
litter_nitrogen,min,38,-18.951963365984103,-0.013822380000000578
litter_nitrogen,min,39,-19.336570061345842,-0.013822380000000578
litter_nitrogen,min,40,-19.402401864890187,-0.01382238000000413
litter_nitrogen,min,41,18.085263457531127,-0.008108100000004725
litter_nitrogen,min,42,-26.55305314569122,-0.01382238000000413
litter_nitrogen,min,43,-23.59786275897009,-0.01382238000000413
litter_nitrogen,min,44,-21.537065312224943,-0.013822380000000578
litter_nitrogen,min,45,-19.73894807592114,-0.013822380000000578
litter_nitrogen,min,46,21.784374323196307,-0.008108100000004725
litter_nitrogen,min,47,-24.933564965440315,-0.01382238000000413
litter_nitrogen,min,48,-20.986109440377234,-0.01382238000000413
litter_nitrogen,min,49,-18.200391159401846,-0.01382238000000413
litter_nitrogen,min,50,-15.853840303162723,-0.013822380000000578
litter_nitrogen,min,total,-1054.9733416849774,-0.6339762000000064
litter_nitrogen,max,1,-224.1034613129262,0.008108099999986962
litter_nitrogen,max,2,18.979359347364298,0.013822380000000578
litter_nitrogen,max,3,-36.07211767654512,0.013822380000000578
litter_nitrogen,max,4,-31.26887668982069,0.013822379999997025
litter_nitrogen,max,5,-28.245024261065172,0.013822379999997025
litter_nitrogen,max,6,-7.287449754971581,0.008108100000000285
litter_nitrogen,max,7,-17.52019121733457,0.013822380000000578
litter_nitrogen,max,8,-28.719680715473736,0.013822380000000578
litter_nitrogen,max,9,-22.780190320760877,0.013822380000000578
litter_nitrogen,max,10,-11.70794158460611,0.013822379999998802
litter_nitrogen,max,11,-2.7217296064013574,0.00810809999999984
litter_nitrogen,max,12,-25.41032653444818,0.013822380000000578
litter_nitrogen,max,13,-24.989627431777734,0.013822380000000578
litter_nitrogen,max,14,-25.076052699666608,0.013822380000000578
litter_nitrogen,max,15,-1.9975561801685506,0.01382237999999969
litter_nitrogen,max,16,-2.0822301576545894,0.00810809999999984
litter_nitrogen,max,17,-26.714539681393994,0.013822380000000578
litter_nitrogen,max,18,-26.387683754862792,0.013822380000000578
litter_nitrogen,max,19,-26.524031888528995,0.013822379999997025
litter_nitrogen,max,20,-26.777111034667115,0.013822380000000578
litter_nitrogen,max,21,-0.11370344132238563,0.008108100000000507
litter_nitrogen,max,22,-32.8158594548802,0.013822380000000578
litter_nitrogen,max,23,-31.52092174053893,0.013822379999997025
litter_nitrogen,max,24,-30.959359912446732,0.013822379999997025
litter_nitrogen,max,25,-30.63409903569023,0.013822380000000578
litter_nitrogen,max,26,1.5316639814516773,0.00810809999999984
litter_nitrogen,max,27,-37.06519409114296,0.013822380000000578
litter_nitrogen,max,28,-34.95188932658687,0.013822379999993473
litter_nitrogen,max,29,-33.76370283582702,0.013822380000000578
litter_nitrogen,max,30,-32.87760263907915,0.013822380000000578
litter_nitrogen,max,31,5.110703479116854,0.008108099999999396
litter_nitrogen,max,32,-38.34028338683484,0.013822380000000578
litter_nitrogen,max,33,-35.73197797258889,0.013822379999993473
litter_nitrogen,max,34,-34.03824195837031,0.013822379999993473
litter_nitrogen,max,35,90.74576992991366,0.013822380000007684
litter_nitrogen,max,36,6.3087073049314535,0.008108100000000285
litter_nitrogen,max,37,-18.29732711669064,0.013822380000000578
litter_nitrogen,max,38,-18.9243186059841,0.013822380000000578
litter_nitrogen,max,39,-19.30892530134584,0.013822380000000578
litter_nitrogen,max,40,-19.374757104890183,0.013822380000000578
litter_nitrogen,max,41,18.101479657531133,0.008108100000001173
litter_nitrogen,max,42,-26.525408385691215,0.013822380000000578
litter_nitrogen,max,43,-23.570217998970087,0.013822380000000578
litter_nitrogen,max,44,-21.50942055222494,0.013822380000000578
litter_nitrogen,max,45,-19.71130331592114,0.013822380000000578
litter_nitrogen,max,46,21.80059052319631,0.00810809999999762
litter_nitrogen,max,47,-24.90592020544031,0.013822380000000578
litter_nitrogen,max,48,-20.958464680377233,0.013822379999997025
litter_nitrogen,max,49,-18.17274639940184,0.013822380000000578
litter_nitrogen,max,50,-15.826195543162724,0.013822379999998802
litter_nitrogen,max,total,-1053.7053892849772,0.6339762000002338
mortality_fraction_branch_delta,min,1,-224.1115694129262,0.0
mortality_fraction_branch_delta,min,2,18.965536967364297,0.0
mortality_fraction_branch_delta,min,3,-36.00230254019222,0.08363751635290129
mortality_fraction_branch_delta,min,4,-31.217399063661325,0.0653000061593616
mortality_fraction_branch_delta,min,5,-28.20579481620338,0.0530518248617895
mortality_fraction_branch_delta,min,6,-7.32830686926674,-0.03274901429515875
mortality_fraction_branch_delta,min,7,-17.48013197285692,0.05388162447765055
mortality_fraction_branch_delta,min,8,-28.692445305144062,0.04105779032967405
mortality_fraction_branch_delta,min,9,-22.757782463993397,0.03623023676748005
mortality_fraction_branch_delta,min,10,-11.688867786607506,0.03289617799860167
mortality_fraction_branch_delta,min,11,-2.784221076655931,-0.05438337025457374
mortality_fraction_branch_delta,min,12,-25.381379308113367,0.04276960633481508
mortality_fraction_branch_delta,min,13,-24.96604327719476,0.03740653458297416
mortality_fraction_branch_delta,min,14,-25.05536355703011,0.03451152263649959
mortality_fraction_branch_delta,min,15,-1.9787802763892515,0.03259828377929885
mortality_fraction_branch_delta,min,16,-2.1549202550019775,-0.06458199734738823
mortality_fraction_branch_delta,min,17,-26.685721473206762,0.04264058818723271
mortality_fraction_branch_delta,min,18,-26.363675899963763,0.03783023489902959
mortality_fraction_branch_delta,min,19,-26.502476196008505,0.03537807252048708
mortality_fraction_branch_delta,min,20,-26.75718254153261,0.033750873134504644
mortality_fraction_branch_delta,min,21,-0.19307407191983028,-0.07126253059744414
mortality_fraction_branch_delta,min,22,-32.77635741531316,0.05332441956704059
mortality_fraction_branch_delta,min,23,-31.488267296091923,0.04647682444700507
mortality_fraction_branch_delta,min,24,-30.930534567852128,0.042647724594601755
mortality_fraction_branch_delta,min,25,-30.607956227531727,0.03996518815850436
mortality_fraction_branch_delta,min,26,1.4401244157019528,-0.0834314657497246
mortality_fraction_branch_delta,min,27,-37.017392509521606,0.06162396162135764
mortality_fraction_branch_delta,min,28,-34.91260316816387,0.05310853842299679
mortality_fraction_branch_delta,min,29,-33.7293714989711,0.0481537168559214
mortality_fraction_branch_delta,min,30,-32.84686960577665,0.04455541330250412
mortality_fraction_branch_delta,min,31,5.0050482797300475,-0.09754709938680683
mortality_fraction_branch_delta,min,32,-38.28567705266069,0.06842871417415353
mortality_fraction_branch_delta,min,33,-35.687626173551486,0.058174179037401075
mortality_fraction_branch_delta,min,34,-34.00006118468006,0.052003153690243664
mortality_fraction_branch_delta,min,35,90.77933107273583,0.04738352282217306
mortality_fraction_branch_delta,min,36,6.183922446853386,-0.11667675807806699
mortality_fraction_branch_delta,min,37,-18.272621072680632,0.038528424010007
mortality_fraction_branch_delta,min,38,-18.904226715783683,0.033914270200419594
mortality_fraction_branch_delta,min,39,-19.29112971713101,0.03161796421483132
mortality_fraction_branch_delta,min,40,-19.35886072357506,0.029718761315123743
mortality_fraction_branch_delta,min,41,17.986888678223966,-0.10648287930716549
mortality_fraction_branch_delta,min,42,-26.485149117355572,0.054081648335642996
mortality_fraction_branch_delta,min,43,-23.53977224617537,0.04426813279471631
mortality_fraction_branch_delta,min,44,-21.485087613586757,0.038155318638185776
mortality_fraction_branch_delta,min,45,-19.691748137608712,0.03337755831242717
mortality_fraction_branch_delta,min,46,21.682056162788662,-0.11042626040764958
mortality_fraction_branch_delta,min,47,-24.864734097497205,0.05500848794310542
mortality_fraction_branch_delta,min,48,-20.928708479105136,0.043578581272093686
mortality_fraction_branch_delta,min,49,-18.150286443180285,0.03628233622155719
mortality_fraction_branch_delta,min,50,-15.809428811216172,0.030589111946550673
mortality_fraction_branch_delta,min,total,-1053.3290000154805,1.0103654694969464
mortality_fraction_branch_delta,max,1,-224.1115694129262,0.0
mortality_fraction_branch_delta,max,2,18.965536967364297,0.0
mortality_fraction_branch_delta,max,3,-36.16957757289914,-0.08363751635402394
mortality_fraction_branch_delta,max,4,-31.347999075982678,-0.06530000616199061
mortality_fraction_branch_delta,max,5,-28.311898465929303,-0.05305182486413429
mortality_fraction_branch_delta,max,6,-7.262808840673635,0.032749014297945855
mortality_fraction_branch_delta,max,7,-17.58789522181115,-0.05388162447657763
mortality_fraction_branch_delta,max,8,-28.77456088580955,-0.04105779033581314
mortality_fraction_branch_delta,max,9,-22.83024293752721,-0.036230236766332524
mortality_fraction_branch_delta,max,10,-11.754660142601741,-0.03289617799563338
mortality_fraction_branch_delta,max,11,-2.675454336146,0.05438337025535711
mortality_fraction_branch_delta,max,12,-25.46691852078191,-0.04276960633372795
mortality_fraction_branch_delta,max,13,-25.040856346359984,-0.03740653458224941
mortality_fraction_branch_delta,max,14,-25.124386602302895,-0.03451152263628643
mortality_fraction_branch_delta,max,15,-2.0439768439519144,-0.032598283783364046
mortality_fraction_branch_delta,max,16,-2.0257562603253865,0.06458199732920278
mortality_fraction_branch_delta,max,17,-26.771002649573663,-0.04264058817966898
mortality_fraction_branch_delta,max,18,-26.439336369765364,-0.03783023490257165
mortality_fraction_branch_delta,max,19,-26.57323234105344,-0.035378072524448356
mortality_fraction_branch_delta,max,20,-26.824684287806626,-0.03375087313951042
mortality_fraction_branch_delta,max,21,-0.050549010717126475,0.07126253060525967
mortality_fraction_branch_delta,max,22,-32.883006254442186,-0.053324419561988634
mortality_fraction_branch_delta,max,23,-31.581220944974003,-0.04647682443507506
mortality_fraction_branch_delta,max,24,-31.015830017032734,-0.04264772458600419
mortality_fraction_branch_delta,max,25,-30.687886603843157,-0.0399651881529266
mortality_fraction_branch_delta,max,26,1.606987347254392,0.08343146580271465
mortality_fraction_branch_delta,max,27,-37.14064043282446,-0.061623961681497974
mortality_fraction_branch_delta,max,28,-35.01882024500299,-0.05310853841612584
mortality_fraction_branch_delta,max,29,-33.82567893267856,-0.048153716851537354
mortality_fraction_branch_delta,max,30,-32.935980432379,-0.04455541329984669
mortality_fraction_branch_delta,max,31,5.200142478501105,0.09754709938425066
mortality_fraction_branch_delta,max,32,-38.4225344810152,-0.06842871418035656
mortality_fraction_branch_delta,max,33,-35.80397453162108,-0.058174179032192797
mortality_fraction_branch_delta,max,34,-34.10406749207411,-0.052003153703807925
mortality_fraction_branch_delta,max,35,90.68456402708556,-0.04738352282809899
mortality_fraction_branch_delta,max,36,6.417275976055621,0.11667677112416808
mortality_fraction_branch_delta,max,37,-18.349677925299567,-0.038528428608927356
mortality_fraction_branch_delta,max,38,-18.972055257589723,-0.03391427160562088
mortality_fraction_branch_delta,max,39,-19.354365647065087,-0.03161796571924569
mortality_fraction_branch_delta,max,40,-19.418298247532984,-0.029718762642801266
mortality_fraction_branch_delta,max,41,18.199854435762294,0.1064828782311622
mortality_fraction_branch_delta,max,42,-26.59331241486234,-0.05408164917112401
mortality_fraction_branch_delta,max,43,-23.628308512390287,-0.04426813342019997
mortality_fraction_branch_delta,max,44,-21.561398251325826,-0.0381553191008841
mortality_fraction_branch_delta,max,45,-19.758503254574133,-0.033377558652993855
mortality_fraction_branch_delta,max,46,21.902908683356245,0.11042626015993307
mortality_fraction_branch_delta,max,47,-24.974751073559325,-0.05500848811901449
mortality_fraction_branch_delta,max,48,-21.015865641775527,-0.043578581398296734
mortality_fraction_branch_delta,max,49,-18.222851115713755,-0.036282336311913355
mortality_fraction_branch_delta,max,50,-15.870607035174203,-0.03058911201148007
mortality_fraction_branch_delta,max,total,-1055.3497309543159,-1.010365469338467
mortality_fraction_croot_delta,min,1,-224.1115694129262,0.0
mortality_fraction_croot_delta,min,2,18.965536967364297,0.0
mortality_fraction_croot_delta,min,3,-36.05205876846892,0.033881288076202054
mortality_fraction_croot_delta,min,4,-31.255329827275997,0.02736924254469031
mortality_fraction_croot_delta,min,5,-28.235750910522643,0.023095730542525672
mortality_fraction_croot_delta,min,6,-7.275461325058219,0.02009652991336175
mortality_fraction_croot_delta,min,7,-17.51596450003859,0.018049097295982364
mortality_fraction_croot_delta,min,8,-28.718493275883297,0.015009819590439122
mortality_fraction_croot_delta,min,9,-22.77950835629691,0.014504344463968977
mortality_fraction_croot_delta,min,10,-11.707501932360694,0.014262032245413891
mortality_fraction_croot_delta,min,11,-2.7174650196014922,0.01237268679986503
mortality_fraction_croot_delta,min,12,-25.41129909071157,0.012849823736612365
mortality_fraction_croot_delta,min,13,-24.990134893733824,0.013314918043910495
mortality_fraction_croot_delta,min,14,-25.07608379908644,0.01379128058016832
mortality_fraction_croot_delta,min,15,-1.9971033015638355,0.014275258604714791
mortality_fraction_croot_delta,min,16,-2.079439175833315,0.010899081821274414
mortality_fraction_croot_delta,min,17,-26.716213927513454,0.012148133880540257
mortality_fraction_croot_delta,min,18,-26.388360473606813,0.01314566125597949
mortality_fraction_croot_delta,min,19,-26.523853505134237,0.014000763394754756
mortality_fraction_croot_delta,min,20,-26.776184493779276,0.014748920887839745
mortality_fraction_croot_delta,min,21,-0.10639451441991055,0.015417026902475595
mortality_fraction_croot_delta,min,22,-32.813657174304765,0.016024660575432392
mortality_fraction_croot_delta,min,23,-31.518158560535458,0.016585560003470334
mortality_fraction_croot_delta,min,24,-30.956073328492447,0.017108963954282075
mortality_fraction_croot_delta,min,25,-30.63032069782738,0.017600717862851667
mortality_fraction_croot_delta,min,26,1.5416200261590904,0.01806414470741302
mortality_fraction_croot_delta,min,27,-37.06051576129841,0.018500709844552432
mortality_fraction_croot_delta,min,28,-34.94680118105628,0.018910525530586142
mortality_fraction_croot_delta,min,29,-33.75823248565701,0.0192927301700081
mortality_fraction_croot_delta,min,30,-32.87177924463639,0.019645774442757613
mortality_fraction_croot_delta,min,31,5.122563022339239,0.01996764322238498
mortality_fraction_croot_delta,min,32,-38.33384973943081,0.020256027404030874
mortality_fraction_croot_delta,min,33,-35.72529188893541,0.020508463653477804
mortality_fraction_croot_delta,min,34,-34.03134189044973,0.02072244792056921
mortality_fraction_croot_delta,min,35,90.75284308080091,0.02089553088725893
mortality_fraction_croot_delta,min,36,6.3012048528873335,0.0006056479558802508
mortality_fraction_croot_delta,min,37,-18.306090097617258,0.0050593990733815986
mortality_fraction_croot_delta,min,38,-18.930070849326068,0.008070136658034244
mortality_fraction_croot_delta,min,39,-19.31250812278778,0.010239558558062356
mortality_fraction_croot_delta,min,40,-19.37680684835942,0.011772636530764657
mortality_fraction_croot_delta,min,41,18.10619941225919,0.012827854728058696
mortality_fraction_croot_delta,min,42,-26.525706207773805,0.013524557917410363
mortality_fraction_croot_delta,min,43,-23.57008917581325,0.013951203156835845
mortality_fraction_croot_delta,min,44,-21.509070158476167,0.014172773748775569
mortality_fraction_croot_delta,min,45,-19.710888859951716,0.014236835969423822
mortality_fraction_croot_delta,min,46,21.806660667777155,0.014178244580843824
mortality_fraction_croot_delta,min,47,-24.905719901036374,0.014022684403936836
mortality_fraction_croot_delta,min,48,-20.958497778501393,0.01378928187583739
mortality_fraction_croot_delta,min,49,-18.17307627632867,0.013492503073173623
mortality_fraction_croot_delta,min,50,-15.826874407838178,0.013143515324545163
mortality_fraction_croot_delta,min,total,-1053.5889631106627,0.7504023743147172
mortality_fraction_croot_delta,max,1,-224.1115694129262,0.0
mortality_fraction_croot_delta,max,2,18.965536967364297,0.0
mortality_fraction_croot_delta,max,3,-36.1198213446216,-0.033881288076479166
mortality_fraction_croot_delta,max,4,-31.31006831236965,-0.027369242548964223
mortality_fraction_croot_delta,max,5,-28.28194237161222,-0.02309573054705183
mortality_fraction_croot_delta,max,6,-7.315654384882598,-0.020096529911016958
mortality_fraction_croot_delta,max,7,-17.55206269462891,-0.018049097294337457
mortality_fraction_croot_delta,max,8,-28.748512915062918,-0.015009819589181461
mortality_fraction_croot_delta,max,9,-22.80851704522404,-0.01450434446316251
mortality_fraction_croot_delta,max,10,-11.736025996850247,-0.014262032244138467
mortality_fraction_croot_delta,max,11,-2.7422103932007267,-0.012372686799369426
mortality_fraction_croot_delta,max,12,-25.436998738184226,-0.01284982373604393
mortality_fraction_croot_delta,max,13,-25.016764729821517,-0.013314918043782598
mortality_fraction_croot_delta,max,14,-25.103666360246983,-0.013791280580374377
mortality_fraction_croot_delta,max,15,-2.0256538187757136,-0.014275258607163277
mortality_fraction_croot_delta,max,16,-2.1012373394745607,-0.010899081819971457
mortality_fraction_croot_delta,max,17,-26.740510195273803,-0.012148133879808398
mortality_fraction_croot_delta,max,18,-26.414651796121223,-0.013145661258430863
mortality_fraction_croot_delta,max,19,-26.55185503192698,-0.014000763397987726
mortality_fraction_croot_delta,max,20,-26.80568233555793,-0.014748920890813366
mortality_fraction_croot_delta,max,21,-0.13722856822189167,-0.015417026899505526
mortality_fraction_croot_delta,max,22,-32.845706495453236,-0.016024660573037863
mortality_fraction_croot_delta,max,23,-31.551329680538124,-0.01658555999919642
mortality_fraction_croot_delta,max,24,-30.990291256397782,-0.017108963951052658
mortality_fraction_croot_delta,max,25,-30.665522133550684,-0.017600717860453585
mortality_fraction_croot_delta,max,26,1.505491736745098,-0.018064144706579466
mortality_fraction_croot_delta,max,27,-37.097517180990444,-0.018500709847479868
mortality_fraction_croot_delta,max,28,-34.98462223211516,-0.01891052552829109
mortality_fraction_croot_delta,max,29,-33.79681794599535,-0.019292730168331218
mortality_fraction_croot_delta,max,30,-32.911070793520345,-0.01964577444119442
mortality_fraction_croot_delta,max,31,5.082627735892432,-0.01996764322442246
mortality_fraction_croot_delta,max,32,-38.37436179424049,-0.02025602740565091
mortality_fraction_croot_delta,max,33,-35.76630881623992,-0.020508463651033537
mortality_fraction_croot_delta,max,34,-34.07278678629875,-0.020722447928449128
mortality_fraction_croot_delta,max,35,90.71105201902235,-0.020895530891309022
mortality_fraction_croot_delta,max,36,6.29999355697651,-0.0006056479549432225
mortality_fraction_croot_delta,max,37,-18.3162088957636,-0.005059399072962378
mortality_fraction_croot_delta,max,38,-18.946211122641504,-0.00807013665740186
mortality_fraction_croot_delta,max,39,-19.332987239903904,-0.010239558558062356
mortality_fraction_croot_delta,max,40,-19.40035212142064,-0.011772636530455571
mortality_fraction_croot_delta,max,41,18.080543702804217,-0.012827854726914723
mortality_fraction_croot_delta,max,42,-26.552755323608,-0.013524557916785085
mortality_fraction_croot_delta,max,43,-23.597991582127236,-0.013951203157148484
mortality_fraction_croot_delta,max,44,-21.537415705971316,-0.014172773746373935
mortality_fraction_croot_delta,max,45,-19.739362531895566,-0.014236835974426043
mortality_fraction_croot_delta,max,46,21.77830417861578,-0.014178244580531185
mortality_fraction_croot_delta,max,47,-24.93376526984383,-0.014022684403517616
mortality_fraction_croot_delta,max,48,-20.986076342252343,-0.013789281875112636
mortality_fraction_croot_delta,max,49,-18.200061282474085,-0.013492503072242812
mortality_fraction_croot_delta,max,50,-15.853161438487792,-0.013143515325069188
mortality_fraction_croot_delta,max,total,-1055.0897678592935,-0.7504023743160815
mortality_fraction_froot_delta,min,1,-224.1115694129262,0.0
mortality_fraction_froot_delta,min,2,18.965536967364297,0.0
mortality_fraction_froot_delta,min,3,-36.06762616618036,0.018313890364758834
mortality_fraction_froot_delta,min,4,-31.268041176015103,0.01465789380558391
mortality_fraction_froot_delta,min,5,-28.246598175632695,0.012248465432474376
mortality_fraction_froot_delta,min,6,-7.285009745243731,0.01054810972784992
mortality_fraction_froot_delta,min,7,-17.524636583874877,0.009377013459694439
mortality_fraction_froot_delta,min,8,-28.725822739438893,0.007680356034843072
mortality_fraction_froot_delta,min,9,-22.78664523394514,0.007367466815736634
mortality_fraction_froot_delta,min,10,-11.714563966709752,0.007199997896355725
mortality_fraction_froot_delta,min,11,-2.723693195853411,0.006144510547946069
mortality_fraction_froot_delta,min,12,-25.417772012125972,0.006376902322209332
mortality_fraction_froot_delta,min,13,-24.996848468440824,0.006601343336910759
mortality_fraction_froot_delta,min,14,-25.083044248928804,0.006830830737804661
mortality_fraction_froot_delta,min,15,-2.004315222596691,0.007063337571859396
mortality_fraction_froot_delta,min,16,-2.0851300605052705,0.0052081971493187496
mortality_fraction_froot_delta,min,17,-26.72249451550351,0.005867545890485104
mortality_fraction_froot_delta,min,18,-26.395120519664456,0.0063856151983365805
mortality_fraction_froot_delta,min,19,-26.53103101407499,0.00682325445400167
mortality_fraction_froot_delta,min,20,-26.783733129501638,0.007200285165477993
mortality_fraction_froot_delta,min,21,-0.11427979043382264,0.007531750888563504
mortality_fraction_froot_delta,min,22,-32.82185320737716,0.007828627503037922
mortality_fraction_froot_delta,min,23,-31.52664547586912,0.008098644669807697
mortality_fraction_froot_delta,min,24,-30.964835258410538,0.008347034036191303
mortality_fraction_froot_delta,min,25,-30.63934426975333,0.008577145936900621
mortality_fraction_froot_delta,min,26,1.5323468163734226,0.008790934921745208
mortality_fraction_froot_delta,min,27,-37.07002714087413,0.008989330268832418
mortality_fraction_froot_delta,min,28,-34.956539189538844,0.009172517048021689
mortality_fraction_froot_delta,min,29,-33.768185068756516,0.009340147070503235
mortality_fraction_froot_delta,min,30,-32.88193352122006,0.009491497859087872
mortality_fraction_froot_delta,min,31,5.112220974685023,0.009625595568168777
mortality_fraction_froot_delta,min,32,-38.344364457029386,0.009741309805455955
mortality_fraction_froot_delta,min,33,-35.735962922206355,0.009837430382532375
mortality_fraction_froot_delta,min,34,-34.04215160912818,0.00991272924211728
mortality_fraction_froot_delta,min,35,90.7419135620532,0.009966012139543068
mortality_fraction_froot_delta,min,36,6.299557856365474,-0.001041348565979483
mortality_fraction_froot_delta,min,37,-18.309741153463595,0.0014083432270446394
mortality_fraction_froot_delta,min,38,-18.93508626743023,0.0030547185538729593
mortality_fraction_froot_delta,min,39,-19.318514376219,0.004233305126842168
mortality_fraction_froot_delta,min,40,-19.38352099953806,0.005058485352122943
mortality_fraction_froot_delta,min,41,18.098990280002024,0.0056187224708921235
mortality_fraction_froot_delta,min,42,-26.53325011061827,0.005980655072946206
mortality_fraction_froot_delta,min,43,-23.57784668367937,0.0061936952907188925
mortality_fraction_froot_delta,min,44,-21.516948772031306,0.0062941601936366
mortality_fraction_froot_delta,min,45,-19.718817049130685,0.0063086467904547305
mortality_fraction_froot_delta,min,46,21.798739077241738,0.006256654045426302
mortality_fraction_froot_delta,min,47,-24.91359002912135,0.006152556318959057
mortality_fraction_froot_delta,min,48,-20.966280001759365,0.006007058617864658
mortality_fraction_froot_delta,min,49,-18.18074052504073,0.0058282543611127835
mortality_fraction_froot_delta,min,50,-15.834395538799045,0.005622384363677568
mortality_fraction_froot_delta,min,total,-1053.9792434705055,0.3601220144719264
mortality_fraction_froot_delta,max,1,-224.1115694129262,0.0
mortality_fraction_froot_delta,max,2,18.965536967364297,0.0
mortality_fraction_froot_delta,max,3,-36.10425394690996,-0.018313890364836993
mortality_fraction_froot_delta,max,4,-31.297356963627497,-0.014657893806809597
mortality_fraction_froot_delta,max,5,-28.27109510649905,-0.01224846543388125
mortality_fraction_froot_delta,max,6,-7.306105964698728,-0.010548109727146482
mortality_fraction_froot_delta,max,7,-17.54339061079374,-0.009377013459168637
mortality_fraction_froot_delta,max,8,-28.74118345150818,-0.007680356034445168
mortality_fraction_froot_delta,max,9,-22.801380167576482,-0.007367466815605184
mortality_fraction_froot_delta,max,10,-11.728963962501995,-0.007199997895886767
mortality_fraction_froot_delta,max,11,-2.735982216949172,-0.006144510547814619
mortality_fraction_froot_delta,max,12,-25.4305258167705,-0.0063769023223194665
mortality_fraction_froot_delta,max,13,-25.0100511551146,-0.0066013433368645735
mortality_fraction_froot_delta,max,14,-25.0967059104042,-0.006830830737591498
mortality_fraction_froot_delta,max,15,-2.0184418977411904,-0.007063337572640105
mortality_fraction_froot_delta,max,16,-2.095546454803074,-0.00520819714848475
mortality_fraction_froot_delta,max,17,-26.734229607284213,-0.005867545890218651
mortality_fraction_froot_delta,max,18,-26.407891750061754,-0.006385615198961858
mortality_fraction_froot_delta,max,19,-26.54467752298404,-0.006823254455046168
mortality_fraction_froot_delta,max,20,-26.79813369983338,-0.007200285166263143
mortality_fraction_froot_delta,max,21,-0.12934329221016805,-0.007531750887781907
mortality_fraction_froot_delta,max,22,-32.8375104623824,-0.007828627502199481
mortality_fraction_froot_delta,max,23,-31.54284276520764,-0.008098644668713462
mortality_fraction_froot_delta,max,24,-30.981529326482036,-0.008347034035306677
mortality_fraction_froot_delta,max,25,-30.656498561626297,-0.008577145936065733
mortality_fraction_froot_delta,max,26,1.5147649465362885,-0.00879093491538896
mortality_fraction_froot_delta,max,27,-37.0880058014192,-0.008989330276236274
mortality_fraction_froot_delta,max,28,-34.97488422363395,-0.009172517047083772
mortality_fraction_froot_delta,max,29,-33.7868653628972,-0.009340147070183491
mortality_fraction_froot_delta,max,30,-32.900916516937926,-0.009491497858775233
mortality_fraction_froot_delta,max,31,5.092969783548265,-0.009625595568589773
mortality_fraction_froot_delta,max,32,-38.36384707664118,-0.009741309806337028
mortality_fraction_froot_delta,max,33,-35.755637782970645,-0.009837430381757883
mortality_fraction_froot_delta,max,34,-34.06197706761467,-0.0099127292443697
mortality_fraction_froot_delta,max,35,90.72198153777344,-0.009966012140210978
mortality_fraction_froot_delta,max,36,6.301640553498057,0.0010413485666038724
mortality_fraction_froot_delta,max,37,-18.312557839918725,-0.0014083432280855845
mortality_fraction_froot_delta,max,38,-18.94119570453818,-0.0030547185540790167
mortality_fraction_froot_delta,max,39,-19.326980986472783,-0.004233305126941644
mortality_fraction_froot_delta,max,40,-19.393637970241787,-0.005058485351604247
mortality_fraction_froot_delta,max,41,18.08775283506024,-0.0056187224708921235
mortality_fraction_froot_delta,max,42,-26.545211420763223,-0.00598065507200829
mortality_fraction_froot_delta,max,43,-23.59023407426133,-0.006193695291241141
mortality_fraction_froot_delta,max,44,-21.529537092417844,-0.006294160192901188
mortality_fraction_froot_delta,max,45,-19.731434342713573,-0.006308646792433592
mortality_fraction_froot_delta,max,46,21.786225769150985,-0.006256654045326826
mortality_fraction_froot_delta,max,47,-24.925895141759057,-0.006152556318745894
mortality_fraction_froot_delta,max,48,-20.978294118994572,-0.006007058617342409
mortality_fraction_froot_delta,max,49,-18.192397033762333,-0.005828254360491059
mortality_fraction_froot_delta,max,50,-15.845640307527342,-0.0056223843646190375
mortality_fraction_froot_delta,max,total,-1054.6994874994505,-0.36012201447306325
mortality_fraction_leaf_delta,min,1,-224.1115694129262,0.0
mortality_fraction_leaf_delta,min,2,18.965536967364297,0.0
mortality_fraction_leaf_delta,min,3,-36.05966895944211,0.02627109710301312
mortality_fraction_leaf_delta,min,4,-31.2616458800542,0.02105318976648718
mortality_fraction_leaf_delta,min,5,-28.24123031558428,0.017616325480890538
mortality_fraction_leaf_delta,min,6,-7.306508655224383,-0.01095080025280204
mortality_fraction_leaf_delta,min,7,-17.515059764261764,0.018953833072806958
mortality_fraction_leaf_delta,min,8,-28.718679622032656,0.014823473441079926
mortality_fraction_leaf_delta,min,9,-22.780620465972216,0.013392234788661028
mortality_fraction_leaf_delta,min,10,-11.709339771036817,0.012424193569291475
mortality_fraction_leaf_delta,min,11,-2.749529559671953,-0.01969185327059586
mortality_fraction_leaf_delta,min,12,-25.40757968539168,0.01656922905650049
mortality_fraction_leaf_delta,min,13,-24.988799409220828,0.014650402556906528
mortality_fraction_leaf_delta,min,14,-25.076232270805313,0.013642808861295208
mortality_fraction_leaf_delta,min,15,-1.998387904848827,0.012990655319723432
mortality_fraction_leaf_delta,min,16,-2.1153907110792414,-0.02505245342465212
mortality_fraction_leaf_delta,min,17,-26.71112938420043,0.017232677193565138
mortality_fraction_leaf_delta,min,18,-26.386168520681814,0.015337614180978676
mortality_fraction_leaf_delta,min,19,-26.52346962291555,0.014384645613443325
mortality_fraction_leaf_delta,min,20,-26.77717297356124,0.013760441105876708
mortality_fraction_leaf_delta,min,21,-0.15087611207836948,-0.029064570755983343
mortality_fraction_leaf_delta,min,22,-32.80766800110821,0.022013833771985958
mortality_fraction_leaf_delta,min,23,-31.515555935915874,0.019188184623054383
mortality_fraction_leaf_delta,min,24,-30.955561177337774,0.017621115108955365
mortality_fraction_leaf_delta,min,25,-30.63138848373824,0.016532931951989127
mortality_fraction_leaf_delta,min,26,1.488260712898759,-0.035295168552918366
mortality_fraction_leaf_delta,min,27,-37.05306382482329,0.025952646319673534
mortality_fraction_leaf_delta,min,28,-34.94337118678941,0.022340519797452885
mortality_fraction_leaf_delta,min,29,-33.75726529835113,0.020259917475890177
mortality_fraction_leaf_delta,min,30,-32.872659984238545,0.01876503484060521
mortality_fraction_leaf_delta,min,31,5.060153572349607,-0.04244180676724696
mortality_fraction_leaf_delta,min,32,-38.32464549698101,0.029460269853828436
mortality_fraction_leaf_delta,min,33,-35.72078087829795,0.02501947429093576
mortality_fraction_leaf_delta,min,34,-34.02968224518782,0.022382093182478968
mortality_fraction_leaf_delta,min,35,90.75238066115,0.020433111236343393
mortality_fraction_leaf_delta,min,36,6.248638789407463,-0.051960415523990555
mortality_fraction_leaf_delta,min,37,-18.29411072798101,0.017038768709628727
mortality_fraction_leaf_delta,min,38,-18.92312329390034,0.015017692083763023
mortality_fraction_leaf_delta,min,39,-19.30869065884236,0.014057022503482841
mortality_fraction_leaf_delta,min,40,-19.375293168680944,0.013286316209239146
mortality_fraction_leaf_delta,min,41,18.044803342116897,-0.04856821541423528
mortality_fraction_leaf_delta,min,42,-26.514367078070954,0.024863687620261032
mortality_fraction_leaf_delta,min,43,-23.563615511304512,0.020424867665575164
mortality_fraction_leaf_delta,min,44,-21.505530546722884,0.017712385502058225
mortality_fraction_leaf_delta,min,45,-19.709500746534,0.015624949387138543
mortality_fraction_leaf_delta,min,46,21.740671659830976,-0.05181076336533508
mortality_fraction_leaf_delta,min,47,-24.89333176967301,0.02641081576729931
mortality_fraction_leaf_delta,min,48,-20.951190539179148,0.02109652119808203
mortality_fraction_leaf_delta,min,49,-18.168804396423706,0.017764382978135984
mortality_fraction_leaf_delta,min,50,-15.824819532668595,0.015198390494127523
mortality_fraction_leaf_delta,min,total,-1053.9326337786226,0.4067317063547762
mortality_fraction_leaf_delta,max,1,-224.1115694129262,0.0
mortality_fraction_leaf_delta,max,2,18.965536967364297,0.0
mortality_fraction_leaf_delta,max,3,-36.11221115364839,-0.026271097103268914
mortality_fraction_leaf_delta,max,4,-31.303752259589807,-0.02105318976911974
mortality_fraction_leaf_delta,max,5,-28.276462966548976,-0.017616325483807316
mortality_fraction_leaf_delta,max,6,-7.284607054717451,0.010950800254129867
mortality_fraction_leaf_delta,max,7,-17.552967430406152,-0.018953833071581272
mortality_fraction_leaf_delta,max,8,-28.74832656891421,-0.014823473440472412
mortality_fraction_leaf_delta,max,9,-22.80740493554904,-0.013392234788163648
mortality_fraction_leaf_delta,max,10,-11.73418815817441,-0.012424193568302044
mortality_fraction_leaf_delta,max,11,-2.7101458531307867,0.019691853270570547
mortality_fraction_leaf_delta,max,12,-25.44071814350424,-0.016569229056059953
mortality_fraction_leaf_delta,max,13,-25.018100214334307,-0.014650402556572573
mortality_fraction_leaf_delta,max,14,-25.103517888528007,-0.013642808861398237
mortality_fraction_leaf_delta,max,15,-2.0243692154897843,-0.012990655321234001
mortality_fraction_leaf_delta,max,16,-2.065285804232283,0.025052453422306442
mortality_fraction_leaf_delta,max,17,-26.745594738586043,-0.01723267719204813
mortality_fraction_leaf_delta,max,18,-26.41684374904497,-0.01533761418217594
mortality_fraction_leaf_delta,max,19,-26.55223891414395,-0.014384645614956781
mortality_fraction_leaf_delta,max,20,-26.804693855774662,-0.013760441107546484
mortality_fraction_leaf_delta,max,21,-0.0927469705645767,0.029064570757809438
mortality_fraction_leaf_delta,max,22,-32.85169566865057,-0.022013833770373026
mortality_fraction_leaf_delta,max,23,-31.553932305158696,-0.019188184619768123
mortality_fraction_leaf_delta,max,24,-30.990803407553287,-0.017621115106557284
mortality_fraction_leaf_delta,max,25,-30.664454347640707,-0.01653293195047567
mortality_fraction_leaf_delta,max,26,1.5588510500109476,0.035295168559270174
mortality_fraction_leaf_delta,max,27,-37.10496911747083,-0.02595264632786609
mortality_fraction_leaf_delta,max,28,-34.98805222638213,-0.022340519795264413
mortality_fraction_leaf_delta,max,29,-33.79778513330197,-0.02025991747495226
mortality_fraction_leaf_delta,max,30,-32.91019005391881,-0.01876503483966019
mortality_fraction_leaf_delta,max,31,5.1450371858833694,0.0424418067665151
mortality_fraction_leaf_delta,max,32,-38.383566036690645,-0.029460269855803745
mortality_fraction_leaf_delta,max,33,-35.77081982687806,-0.025019474289173615
mortality_fraction_leaf_delta,max,34,-34.07444643155769,-0.02238209318738882
mortality_fraction_leaf_delta,max,35,90.71151443867524,-0.020433111238418178
mortality_fraction_leaf_delta,max,36,6.352559632823957,0.05196042789250388
mortality_fraction_leaf_delta,max,37,-18.328188269737094,-0.017038773046454736
mortality_fraction_leaf_delta,max,38,-18.95315867940356,-0.015017693419459022
mortality_fraction_leaf_delta,max,39,-19.336804705280375,-0.014057023934533674
mortality_fraction_leaf_delta,max,40,-19.401865802363318,-0.013286317473134801
mortality_fraction_leaf_delta,max,41,18.141939771920956,0.048568214389824504
mortality_fraction_leaf_delta,max,42,-26.564094454104744,-0.024863688413528706
mortality_fraction_leaf_delta,max,43,-23.604465247232067,-0.020424868261979867
mortality_fraction_leaf_delta,max,44,-21.540955318166567,-0.01771238594162483
mortality_fraction_leaf_delta,max,45,-19.74075064563467,-0.015624949713529901
mortality_fraction_leaf_delta,max,46,21.844293186328727,0.051810763132415616
mortality_fraction_leaf_delta,max,47,-24.946153401375916,-0.02641081593560557
mortality_fraction_leaf_delta,max,48,-20.99338358169526,-0.02109652131802875
mortality_fraction_leaf_delta,max,49,-18.204333162464916,-0.017764383063074263
mortality_fraction_leaf_delta,max,50,-15.855216313718962,-0.015198390556239616
mortality_fraction_leaf_delta,max,total,-1054.7460971911817,-0.4067317062042548
mortality_fraction_stem_delta,min,1,-224.1115694129262,0.0
mortality_fraction_stem_delta,min,2,18.965536967364297,0.0
mortality_fraction_stem_delta,min,3,-35.899779133051226,0.1861609234938939
mortality_fraction_stem_delta,min,4,-31.130056389767436,0.1526426800532512
mortality_fraction_stem_delta,min,5,-28.127985975639174,0.1308606654259954
mortality_fraction_stem_delta,min,6,-7.370210032193672,-0.07465217722209072
mortality_fraction_stem_delta,min,7,-17.389884164689285,0.14412943264528622
mortality_fraction_stem_delta,min,8,-28.617822167131973,0.11568092834176369
mortality_fraction_stem_delta,min,9,-22.687430877509623,0.1065818232512541
mortality_fraction_stem_delta,min,10,-11.621127027213136,0.10063693739297186
mortality_fraction_stem_delta,min,11,-2.869949622029923,-0.14011191562856595
mortality_fraction_stem_delta,min,12,-25.2914900849059,0.13265882954228303
mortality_fraction_stem_delta,min,13,-24.88418487014331,0.11926494163442314
mortality_fraction_stem_delta,min,14,-24.97734445921969,0.1125306204469183
mortality_fraction_stem_delta,min,15,-1.9029944468777305,0.10838411329081987
mortality_fraction_stem_delta,min,16,-2.273487369795337,-0.18314911214074758
mortality_fraction_stem_delta,min,17,-26.58747484581698,0.14088721557701334
mortality_fraction_stem_delta,min,18,-26.274288771749106,0.1272173631136866
mortality_fraction_stem_delta,min,19,-26.417231114409716,0.12062315411927571
mortality_fraction_stem_delta,min,20,-26.674429449046055,0.11650396562106025
mortality_fraction_stem_delta,min,21,-0.33777369617363684,-0.2159621548512507
mortality_fraction_stem_delta,min,22,-32.64919188681224,0.18048994806795804
mortality_fraction_stem_delta,min,23,-31.37513477915239,0.15960934138653826
mortality_fraction_stem_delta,min,24,-30.82487724942485,0.1483050430218782
mortality_fraction_stem_delta,min,25,-30.507270497910085,0.14065091778014605
mortality_fraction_stem_delta,min,26,1.2581536875743158,-0.26540219387736164
mortality_fraction_stem_delta,min,27,-36.864718423520046,0.21429804762291838
mortality_fraction_stem_delta,min,28,-34.77845882219898,0.18725288438788823
mortality_fraction_stem_delta,min,29,-33.60556079788887,0.17196441793814898
mortality_fraction_stem_delta,min,30,-32.7302480808465,0.16117693823265
mortality_fraction_stem_delta,min,31,4.780571721520504,-0.32202365759635043
mortality_fraction_stem_delta,min,32,-38.108730265543734,0.2453755012911074
mortality_fraction_stem_delta,min,33,-35.5340257615188,0.211774591070089
mortality_fraction_stem_delta,min,34,-33.85994760539213,0.192116732978171
mortality_fraction_stem_delta,min,35,90.90972932057123,0.1777817706575746
mortality_fraction_stem_delta,min,36,5.902114181119583,-0.3984850238118698
mortality_fraction_stem_delta,min,37,-18.16179665564865,0.14935284104198843
mortality_fraction_stem_delta,min,38,-18.80399010539541,0.13415088058869173
mortality_fraction_stem_delta,min,39,-19.195527060870365,0.12722062047547666
mortality_fraction_stem_delta,min,40,-19.266802707765052,0.12177677712513102
mortality_fraction_stem_delta,min,41,17.719106762445445,-0.37426479508568633
mortality_fraction_stem_delta,min,42,-26.325369417717216,0.21386134797399947
mortality_fraction_stem_delta,min,43,-23.404446703394694,0.17959367557539352
mortality_fraction_stem_delta,min,44,-21.364375763730123,0.15886716849481886
mortality_fraction_stem_delta,min,45,-19.582092166726888,0.14303352919425194
mortality_fraction_stem_delta,min,46,21.390105347375442,-0.4023770758208691
mortality_fraction_stem_delta,min,47,-24.690026343005783,0.22971624243452737
mortality_fraction_stem_delta,min,48,-20.784093090736803,0.18819396964042667
mortality_fraction_stem_delta,min,49,-18.02423421282798,0.16233456657386114
mortality_fraction_stem_delta,min,50,-15.697509553398806,0.14250836976391668
mortality_fraction_stem_delta,min,total,-1050.6596238737445,3.6797416112328847
mortality_fraction_stem_delta,max,1,-224.1115694129262,0.0
mortality_fraction_stem_delta,max,2,18.965536967364297,0.0
mortality_fraction_stem_delta,max,3,-36.27210098004422,-0.18616092349910218
mortality_fraction_stem_delta,max,4,-31.435341750100182,-0.15264268027949512
mortality_fraction_stem_delta,max,5,-28.389707306728532,-0.13086066566336285
mortality_fraction_stem_delta,max,6,-7.220905677635301,0.07465217733628027
mortality_fraction_stem_delta,max,7,-17.678143029888748,-0.14412943255417687
mortality_fraction_stem_delta,max,8,-28.849184023755598,-0.11568092828186138
mortality_fraction_stem_delta,max,9,-22.900594523975705,-0.10658182321482812
mortality_fraction_stem_delta,max,10,-11.822400901934808,-0.10063693732869972
mortality_fraction_stem_delta,max,11,-2.58972579074572,0.1401119156556372
mortality_fraction_stem_delta,max,12,-25.5568077439671,-0.13265882951891683
mortality_fraction_stem_delta,max,13,-25.12271475340328,-0.1192649416255449
mortality_fraction_stem_delta,max,14,-25.20240570011816,-0.11253062045155104
mortality_fraction_stem_delta,max,15,-2.119762673243492,-0.10838411307494189
mortality_fraction_stem_delta,max,16,-1.9071891456670356,0.18314911198755368
mortality_fraction_stem_delta,max,17,-26.869249276960684,-0.14088721556668915
mortality_fraction_stem_delta,max,18,-26.528723498123938,-0.12721736326114552
mortality_fraction_stem_delta,max,19,-26.65847742279703,-0.12062315426803849
mortality_fraction_stem_delta,max,20,-26.907437380409796,-0.1165039657426803
mortality_fraction_stem_delta,max,21,0.09415061501087596,0.2159621563332621
mortality_fraction_stem_delta,max,22,-33.01017178525506,-0.18048995037486293
mortality_fraction_stem_delta,max,23,-31.69435346066141,-0.15960934012248273
mortality_fraction_stem_delta,max,24,-31.12148733538076,-0.14830504293403024
mortality_fraction_stem_delta,max,25,-30.788572333400136,-0.14065091770990534
mortality_fraction_stem_delta,max,26,1.788958075305695,0.26540219385401764
mortality_fraction_stem_delta,max,27,-37.293314518849996,-0.21429804770703242
mortality_fraction_stem_delta,max,28,-35.152964590853145,-0.18725288426627884
mortality_fraction_stem_delta,max,29,-33.949489633682475,-0.17196441785545602
mortality_fraction_stem_delta,max,30,-33.05260195725651,-0.16117693817736267
mortality_fraction_stem_delta,max,31,5.424619036636191,0.3220236575193365
mortality_fraction_stem_delta,max,32,-38.59948126822443,-0.24537550138958863
mortality_fraction_stem_delta,max,33,-35.95757494354461,-0.21177459095572004
mortality_fraction_stem_delta,max,34,-34.244181071687436,-0.1921167333171354
mortality_fraction_stem_delta,max,35,90.55416577909571,-0.1777817708179441
mortality_fraction_stem_delta,max,36,6.699084244434355,0.3984850395029014
mortality_fraction_stem_delta,max,37,-18.460502343293534,-0.14935284660289483
mortality_fraction_stem_delta,max,38,-19.072291868240512,-0.13415088225641014
mortality_fraction_stem_delta,max,39,-19.44996830359627,-0.12722062225042663
mortality_fraction_stem_delta,max,40,-19.510356263558084,-0.12177677866790049
mortality_fraction_stem_delta,max,41,18.46763635136449,0.3742647938333583
mortality_fraction_stem_delta,max,42,-26.75309211467452,-0.2138613489833041
mortality_fraction_stem_delta,max,43,-23.763634055242978,-0.1795936762728907
mortality_fraction_stem_delta,max,44,-21.68211010113296,-0.15886716890801722
mortality_fraction_stem_delta,max,45,-19.86815922581091,-0.14303352988977025
mortality_fraction_stem_delta,max,46,22.19485949873632,0.40237707554000934
mortality_fraction_stem_delta,max,47,-25.149458828038874,-0.22971624259856327
mortality_fraction_stem_delta,max,48,-21.160481030122707,-0.18819396974547686
mortality_fraction_stem_delta,max,49,-18.348903346038654,-0.16233456663681167
mortality_fraction_stem_delta,max,50,-15.98252629298125,-0.14250836981852721
mortality_fraction_stem_delta,max,total,-1058.0191070960047,-3.679741611027339
pool_alloc_froot_sp1,min,1,-222.47954415254534,1.632025260380857
pool_alloc_froot_sp1,min,2,17.682718315430957,-1.28281865193334
pool_alloc_froot_sp1,min,3,-35.3429483216694,0.7429917348757229
pool_alloc_froot_sp1,min,4,-30.684105069875187,0.5985939999454999
pool_alloc_froot_sp1,min,5,-27.755146373144292,0.5037002679208769
pool_alloc_froot_sp1,min,6,-6.858586982376945,0.4369708725946362
pool_alloc_froot_sp1,min,7,-17.160206055932257,0.3738075414023143
pool_alloc_froot_sp1,min,8,-28.38669803735763,0.3468050581161073
pool_alloc_froot_sp1,min,9,-22.487357229761567,0.3066554709993099
pool_alloc_froot_sp1,min,10,-11.438343572860393,0.28342039174571454
pool_alloc_froot_sp1,min,11,-2.4431434536183567,0.28669425278300054
pool_alloc_froot_sp1,min,12,-25.15795197582574,0.26619693862244276
pool_alloc_froot_sp1,min,13,-24.725097202517382,0.2783526092603523
pool_alloc_froot_sp1,min,14,-24.800136836733003,0.2897382429336055
pool_alloc_froot_sp1,min,15,-1.7503905290387876,0.26098803112976277
pool_alloc_froot_sp1,min,16,-1.8110635967172017,0.2792746609373875
pool_alloc_froot_sp1,min,17,-26.486712334437776,0.24164972695621856
pool_alloc_froot_sp1,min,18,-26.134196518619113,0.2673096162436792
pool_alloc_froot_sp1,min,19,-26.249917154467514,0.28793711406147793
pool_alloc_froot_sp1,min,20,-26.485496535463625,0.3054368792034907
pool_alloc_froot_sp1,min,21,0.19875219528707033,0.3205637366094565
pool_alloc_froot_sp1,min,22,-32.49580067205567,0.3338811628245253
pool_alloc_froot_sp1,min,23,-31.188950180079022,0.34579394045990597
pool_alloc_froot_sp1,min,24,-30.616600205544476,0.3565820869022538
pool_alloc_froot_sp1,min,25,-30.281490885192973,0.36643053049725793
pool_alloc_froot_sp1,min,26,1.899009081096299,0.37545319964462154
pool_alloc_froot_sp1,min,27,-36.69530471134624,0.383711759796725
pool_alloc_froot_sp1,min,28,-34.57448175716857,0.39122994941829603
pool_alloc_froot_sp1,min,29,-33.379520807816036,0.39800440801098347
pool_alloc_froot_sp1,min,30,-32.48741217717131,0.4040128419078428
pool_alloc_froot_sp1,min,31,5.511815673447698,0.4092202943308436
pool_alloc_froot_sp1,min,32,-37.94052180965496,0.41358395717988117
pool_alloc_froot_sp1,min,33,-35.32874335622659,0.4170569963622981
pool_alloc_froot_sp1,min,34,-33.63247274354105,0.41959159482924946
pool_alloc_froot_sp1,min,35,90.94262731877744,0.21067976886378403
pool_alloc_froot_sp1,min,36,6.554991896222832,0.254392691291379
pool_alloc_froot_sp1,min,37,-18.30373791049205,0.007411586198589504
pool_alloc_froot_sp1,min,38,-18.844793932488383,0.09334705349571948
pool_alloc_froot_sp1,min,39,-19.171053064447918,0.15169461689792385
pool_alloc_froot_sp1,min,40,-19.195824619036692,0.192754865853491
pool_alloc_froot_sp1,min,41,18.314149513828735,0.22077795629760288
pool_alloc_froot_sp1,min,42,-26.30020318348299,0.23902758220822662
pool_alloc_froot_sp1,min,43,-23.33408647701276,0.24995390195732625
pool_alloc_froot_sp1,min,44,-21.267870569122245,0.2553723631026976
pool_alloc_froot_sp1,min,45,-19.468506400599573,0.2566192953215669
pool_alloc_froot_sp1,min,46,22.047159450249787,0.25467702705347506
pool_alloc_froot_sp1,min,47,-24.669472563826183,0.2502700216141278
pool_alloc_froot_sp1,min,48,-20.728350288142856,0.24393677223437393
pool_alloc_froot_sp1,min,49,-17.950486238563123,0.23608254083871927
pool_alloc_froot_sp1,min,50,-15.613000435280378,0.22701748788234433
pool_alloc_froot_sp1,min,total,-1038.9545034769128,15.384862008064601
pool_alloc_froot_sp1,max,1,-225.7435946733071,-1.6320252603808854
pool_alloc_froot_sp1,max,2,20.248355619297666,1.2828186519333684
pool_alloc_froot_sp1,max,3,-36.82893179150061,-0.7429917349554884
pool_alloc_froot_sp1,max,4,-31.881293071947237,-0.5985940021265499
pool_alloc_froot_sp1,max,5,-28.762546911210134,-0.5037002701449644
pool_alloc_froot_sp1,max,6,-7.73252872653297,-0.4369708715613889
pool_alloc_froot_sp1,max,7,-17.907821137876606,-0.37380754054203535
pool_alloc_froot_sp1,max,8,-29.08030815296662,-0.34680505749288315
pool_alloc_froot_sp1,max,9,-23.10066817131093,-0.3066554705500515
pool_alloc_froot_sp1,max,10,-12.005184355780841,-0.28342039117473306
pool_alloc_froot_sp1,max,11,-3.0165319589107447,-0.2866942525093874
pool_alloc_froot_sp1,max,12,-25.690345852877183,-0.26619693842900105
pool_alloc_froot_sp1,max,13,-25.28180242106839,-0.27835260929065697
pool_alloc_froot_sp1,max,14,-25.379613322719482,-0.28973824305287366
pool_alloc_froot_sp1,max,15,-2.272366590796004,-0.2609880306274537
pool_alloc_froot_sp1,max,16,-2.3696129183404073,-0.2792746606858181
pool_alloc_froot_sp1,max,17,-26.970011788367195,-0.24164972697320053
pool_alloc_froot_sp1,max,18,-26.66881575188098,-0.26730961701818856
pool_alloc_froot_sp1,max,19,-26.825791384345624,-0.28793711581663217
pool_alloc_froot_sp1,max,20,-27.096370294420957,-0.3054368797538416
pool_alloc_froot_sp1,max,21,-0.4423752757950612,-0.32056373447267505
pool_alloc_froot_sp1,max,22,-33.16356299830546,-0.33388116342526075
pool_alloc_froot_sp1,max,23,-31.88053805909586,-0.3457939385569304
pool_alloc_froot_sp1,max,24,-31.329764378004587,-0.3565820855578572
pool_alloc_froot_sp1,max,25,-31.014351945336326,-0.36643052964609524
pool_alloc_froot_sp1,max,26,1.1481026812215385,-0.37545320023013895
pool_alloc_froot_sp1,max,27,-37.462728231475346,-0.38371176033238186
pool_alloc_froot_sp1,max,28,-35.356941654964224,-0.39122994837735803
pool_alloc_froot_sp1,max,29,-34.17552962303603,-0.3980044072090081
pool_alloc_froot_sp1,max,30,-33.29543786043591,-0.4040128413567601
pool_alloc_froot_sp1,max,31,4.693375083821984,-0.4092202952948707
pool_alloc_froot_sp1,max,32,-38.767689724795275,-0.4135839579604337
pool_alloc_froot_sp1,max,33,-36.16285734800041,-0.41705699541152086
pool_alloc_froot_sp1,max,34,-34.471655935637735,-0.4195915972674342
pool_alloc_froot_sp1,max,35,90.5212677789652,-0.21067977094845958
pool_alloc_froot_sp1,max,36,6.046206526816239,-0.25439267811521393
pool_alloc_froot_sp1,max,37,-18.318561087151018,-0.0074115904603786475
pool_alloc_froot_sp1,max,38,-19.031488040790713,-0.09334705480661043
pool_alloc_froot_sp1,max,39,-19.474442300122824,-0.15169461877698254
pool_alloc_froot_sp1,max,40,-19.581334351948065,-0.19275486705788225
pool_alloc_froot_sp1,max,41,17.872593600397845,-0.2207779571332864
pool_alloc_froot_sp1,max,42,-26.778258348544103,-0.23902758285288783
pool_alloc_froot_sp1,max,43,-23.833994281422733,-0.2499539024526456
pool_alloc_froot_sp1,max,44,-21.77861534600263,-0.25537241377768893
pool_alloc_froot_sp1,max,45,-19.981744986220157,-0.2566192902990174
pool_alloc_froot_sp1,max,46,21.537805406339135,-0.25467701685717614
pool_alloc_froot_sp1,max,47,-25.170012598522113,-0.25027001308180274
pool_alloc_froot_sp1,max,48,-21.216223825914053,-0.24393676553682297
pool_alloc_froot_sp1,max,49,-18.422651314982083,-0.23608253558024117
pool_alloc_froot_sp1,max,50,-16.06703540713657,-0.2270174839738459
pool_alloc_froot_sp1,max,total,-1069.7242275029394,-15.38486201796195
pool_alloc_leaf_sp1,min,1,-222.47954415254534,1.632025260380857
pool_alloc_leaf_sp1,min,2,17.508115011207202,-1.457421956157095
pool_alloc_leaf_sp1,min,3,-34.906283982124165,1.1796560744209543
pool_alloc_leaf_sp1,min,4,-30.335388995833164,0.9473100739875235
pool_alloc_leaf_sp1,min,5,-27.464440431624116,0.7944062094410533
pool_alloc_leaf_sp1,min,6,-7.774858088006782,-0.4793002330352012
pool_alloc_leaf_sp1,min,7,-16.687902588836003,0.8461110084985677
pool_alloc_leaf_sp1,min,8,-28.030038490113593,0.7034646053601428
pool_alloc_leaf_sp1,min,9,-22.1948481997345,0.599164501026376
pool_alloc_leaf_sp1,min,10,-11.172428209495632,0.5493357551104765
pool_alloc_leaf_sp1,min,11,-3.5972183167877936,-0.8673806103864363
pool_alloc_leaf_sp1,min,12,-24.679770319861856,0.7443785945863262
pool_alloc_leaf_sp1,min,13,-24.342759820530986,0.6606899912467483
pool_alloc_leaf_sp1,min,14,-24.472754867052608,0.617120212614001
pool_alloc_leaf_sp1,min,15,-1.4421704710708765,0.5692080890976738
pool_alloc_leaf_sp1,min,16,-3.188177123398855,-1.097838865744266
pool_alloc_leaf_sp1,min,17,-25.95404518503504,0.7743168763589559
pool_alloc_leaf_sp1,min,18,-25.7096213850628,0.6918847497999927
pool_alloc_leaf_sp1,min,19,-25.88710326694174,0.6507510015872526
pool_alloc_leaf_sp1,min,20,-26.166948630510657,0.623984784156459
pool_alloc_leaf_sp1,min,21,-1.4069798953003692,-1.285168353977983
pool_alloc_leaf_sp1,min,22,-31.836090456044314,0.9935913788358839
pool_alloc_leaf_sp1,min,23,-30.666654304224746,0.8680898163141819
pool_alloc_leaf_sp1,min,24,-30.174573426781176,0.7986088656655532
pool_alloc_leaf_sp1,min,25,-29.89752699484261,0.7503944208476199
pool_alloc_leaf_sp1,min,26,-0.03734235864373625,-1.5608982400954137
pool_alloc_leaf_sp1,min,27,-35.908090169736454,1.17092630140651
pool_alloc_leaf_sp1,min,28,-33.955776893174225,1.0099348134126416
pool_alloc_leaf_sp1,min,29,-32.86033495625697,0.9171902595700487
pool_alloc_leaf_sp1,min,30,-32.04091321557149,0.8505118035076578
pool_alloc_leaf_sp1,min,31,3.223219379072787,-1.8793760000440671
pool_alloc_leaf_sp1,min,32,-37.026767344643744,1.3273384221910973
pool_alloc_leaf_sp1,min,33,-34.61669495620011,1.1291053963887805
pool_alloc_leaf_sp1,min,34,-33.040814865291445,1.0112494730788555
pool_alloc_leaf_sp1,min,35,91.55075803034732,0.8188104804336689
pool_alloc_leaf_sp1,min,36,4.04433729322339,-2.256261911708063
pool_alloc_leaf_sp1,min,37,-17.56679086072655,0.7443586359640904
pool_alloc_leaf_sp1,min,38,-18.27637126856561,0.6617697174184904
pool_alloc_leaf_sp1,min,39,-18.69963189808046,0.62311578326538
pool_alloc_leaf_sp1,min,40,-18.796864676892618,0.5917148079975654
pool_alloc_leaf_sp1,min,41,15.92840218015286,-2.164969377378272
pool_alloc_leaf_sp1,min,42,-25.427823614391496,1.1114071512997192
pool_alloc_leaf_sp1,min,43,-22.669822950341324,0.9142174286287634
pool_alloc_leaf_sp1,min,44,-20.729612867777227,0.793630064447715
pool_alloc_leaf_sp1,min,45,-19.024493112143457,0.7006325837776828
pool_alloc_leaf_sp1,min,46,19.485375601274466,-2.3071068219218454
pool_alloc_leaf_sp1,min,47,-23.738424193729255,1.1813183917110557
pool_alloc_leaf_sp1,min,48,-20.028350772058396,0.9439362883188345
pool_alloc_leaf_sp1,min,49,-17.39168550292105,0.7948832764807925
pool_alloc_leaf_sp1,min,50,-15.160068394318916,0.6799495288438067
pool_alloc_leaf_sp1,min,total,-1035.7245949779463,18.614770507031153
pool_alloc_leaf_sp1,max,1,-225.7435946733071,-1.6320252603808854
pool_alloc_leaf_sp1,max,2,20.42295892352142,1.4574219561571233
pool_alloc_leaf_sp1,max,3,-37.26559613116363,-1.1796560746185136
pool_alloc_leaf_sp1,max,4,-32.23000914679779,-0.9473100769771037
pool_alloc_leaf_sp1,max,5,-29.053252856641233,-0.7944062155760641
pool_alloc_leaf_sp1,max,6,-6.816257620478285,0.4793002344932962
pool_alloc_leaf_sp1,max,7,-18.38012459261521,-0.8461109952806396
pool_alloc_leaf_sp1,max,8,-29.436967706055178,-0.7034646105814417
pool_alloc_leaf_sp1,max,9,-23.39317720194524,-0.5991645011843616
pool_alloc_leaf_sp1,max,10,-12.271099719082683,-0.5493357544765747
pool_alloc_leaf_sp1,max,11,-1.8624571019034186,0.8673806044979386
pool_alloc_leaf_sp1,max,12,-26.168527504385445,-0.7443785899372628
pool_alloc_leaf_sp1,max,13,-25.66413980310468,-0.6606899913269437
pool_alloc_leaf_sp1,max,14,-25.706995291822903,-0.6171202121562942
pool_alloc_leaf_sp1,max,15,-2.580586649199006,-0.5692080890304556
pool_alloc_leaf_sp1,max,16,-0.9924993928567359,1.0978388647978532
pool_alloc_leaf_sp1,max,17,-27.50267893117685,-0.7743168697828544
pool_alloc_leaf_sp1,max,18,-27.09339089212605,-0.6918847572632565
pool_alloc_leaf_sp1,max,19,-27.188605272860798,-0.6507510043318057
pool_alloc_leaf_sp1,max,20,-27.414918199651392,-0.6239847849842768
pool_alloc_leaf_sp1,max,21,1.1633568162321346,1.2851683575545207
pool_alloc_leaf_sp1,max,22,-33.823273216363305,-0.9935913814831068
pool_alloc_leaf_sp1,max,23,-32.40283393042114,-0.8680898098822105
pool_alloc_leaf_sp1,max,24,-31.771791154645484,-0.7986088621987548
pool_alloc_leaf_sp1,max,25,-31.39831583430598,-0.7503944186157483
pool_alloc_leaf_sp1,max,26,3.0844541226519584,1.560898241200281
pool_alloc_leaf_sp1,max,27,-38.24994277723923,-1.1709263060962627
pool_alloc_leaf_sp1,max,28,-35.97564651657127,-1.0099348099844008
pool_alloc_leaf_sp1,max,29,-34.69471547314789,-0.9171902573208683
pool_alloc_leaf_sp1,max,30,-33.74193682114732,-0.8505118020681692
pool_alloc_leaf_sp1,max,31,6.981971375541136,1.8793759964242813
pool_alloc_leaf_sp1,max,32,-39.6814441909036,-1.3273384240687562
pool_alloc_leaf_sp1,max,33,-36.87490574723602,-1.1291053946471337
pool_alloc_leaf_sp1,max,34,-35.06331381635708,-1.0112494779867802
pool_alloc_leaf_sp1,max,35,89.91313706558644,-0.8188104843272157
pool_alloc_leaf_sp1,max,36,8.556861144198523,2.2562619392670697
pool_alloc_leaf_sp1,max,37,-19.055508137558885,-0.7443586408682457
pool_alloc_leaf_sp1,max,38,-19.599910712573173,-0.6617697265890712
pool_alloc_leaf_sp1,max,39,-19.9458634680936,-0.623115786747757
pool_alloc_leaf_sp1,max,40,-19.980294294640302,-0.591714809750119
pool_alloc_leaf_sp1,max,41,20.2583409324878,2.1649693749566694
pool_alloc_leaf_sp1,max,42,-27.650637918215956,-1.111407152524741
pool_alloc_leaf_sp1,max,43,-24.49825780693376,-0.9142174279636741
pool_alloc_leaf_sp1,max,44,-22.316873049279657,-0.7936301170547146
pool_alloc_leaf_sp1,max,45,-20.425758277620297,-0.700632581699157
pool_alloc_leaf_sp1,max,46,24.099589252152736,2.3071068289564245
pool_alloc_leaf_sp1,max,47,-26.10106096474138,-1.181318379301068
pool_alloc_leaf_sp1,max,48,-21.91622334093992,-0.9439362805626885
pool_alloc_leaf_sp1,max,49,-18.98145204997804,-0.7948832705761966
pool_alloc_leaf_sp1,max,50,-16.5199674478649,-0.6799495247021774
pool_alloc_leaf_sp1,max,total,-1072.9541360015796,-18.61477051660222
pool_alloc_stem_sp1,min,1,-221.1837160958029,2.9278533171232937
pool_alloc_stem_sp1,min,2,19.338733719895348,0.3731967525310509
pool_alloc_stem_sp1,min,3,-35.53276606732809,0.5531739892170293
pool_alloc_stem_sp1,min,4,-30.566873457826382,0.7158256119943047
pool_alloc_stem_sp1,min,5,-27.40403633728331,0.8548103037818606
pool_alloc_stem_sp1,min,6,-6.099755155195547,1.195802699776034
pool_alloc_stem_sp1,min,7,-16.780158955074292,0.7538546422602792
pool_alloc_stem_sp1,min,8,-27.504250964919187,1.2292521305545492
pool_alloc_stem_sp1,min,9,-21.57819557989121,1.2158171208696658
pool_alloc_stem_sp1,min,10,-10.800882076484795,0.920881888121313
pool_alloc_stem_sp1,min,11,-1.287787516682548,1.4420501897188092
pool_alloc_stem_sp1,min,12,-23.96217078378291,1.4619781306652726
pool_alloc_stem_sp1,min,13,-23.432854743115445,1.5705950686622892
pool_alloc_stem_sp1,min,14,-23.414297648552445,1.6755774311141636
pool_alloc_stem_sp1,min,15,-1.3443540842354615,0.6670244759330888
pool_alloc_stem_sp1,min,16,-0.46285186871139583,1.6274863889431934
pool_alloc_stem_sp1,min,17,-24.912776829531264,1.8155852318627304
pool_alloc_stem_sp1,min,18,-24.488408108084517,1.9130980267782753
pool_alloc_stem_sp1,min,19,-24.531158328596366,2.0066959399326265
pool_alloc_stem_sp1,min,20,-24.69494168163055,2.0959917330365663
pool_alloc_stem_sp1,min,21,1.4791201513376189,1.600931692660005
pool_alloc_stem_sp1,min,22,-30.448144196494745,2.3815376383854527
pool_alloc_stem_sp1,min,23,-29.117717714867542,2.417026405671386
pool_alloc_stem_sp1,min,24,-28.51126876263338,2.461913529813348
pool_alloc_stem_sp1,min,25,-28.14292035706245,2.50500105862778
pool_alloc_stem_sp1,min,26,3.1103475726993497,1.5867916912476723
pool_alloc_stem_sp1,min,27,-34.302364931781774,2.7766515393611897
pool_alloc_stem_sp1,min,28,-32.22675616986438,2.738955536722486
pool_alloc_stem_sp1,min,29,-31.059344073568575,2.7181811422584445
pool_alloc_stem_sp1,min,30,-30.195400980520326,2.696024038558825
pool_alloc_stem_sp1,min,31,6.417770563470436,1.3151751843535813
pool_alloc_stem_sp1,min,32,-35.43716406163335,2.916941705201495
pool_alloc_stem_sp1,min,33,-32.96109261849538,2.7847077340935087
pool_alloc_stem_sp1,min,34,-31.37334734641085,2.678716991959451
pool_alloc_stem_sp1,min,35,84.08432101865917,-6.647626531254488
pool_alloc_stem_sp1,min,36,7.601356787943651,1.3007575830121976
pool_alloc_stem_sp1,min,37,-16.976807520507748,1.3343419761828912
pool_alloc_stem_sp1,min,38,-17.551284699398565,1.3868562865855374
pool_alloc_stem_sp1,min,39,-17.934848834700762,1.3878988466450792
pool_alloc_stem_sp1,min,40,-18.034400188109164,1.3541792967810196
pool_alloc_stem_sp1,min,41,17.81204452004662,-0.2813270374845125
pool_alloc_stem_sp1,min,42,-25.00134135860618,1.5378894070850357
pool_alloc_stem_sp1,min,43,-22.24813643987986,1.335903939090226
pool_alloc_stem_sp1,min,44,-20.358596902364866,1.1646460298600765
pool_alloc_stem_sp1,min,45,-18.7255271468354,0.9995985490857393
pool_alloc_stem_sp1,min,46,20.974513891797198,-0.8179685313991136
pool_alloc_stem_sp1,min,47,-23.889577280297136,1.030165305143175
pool_alloc_stem_sp1,min,48,-20.200522550967293,0.7717645094099375
pool_alloc_stem_sp1,min,49,-17.62292922582043,0.5636395535814103
pool_alloc_stem_sp1,min,50,-15.46326287977864,0.37675504338408317
pool_alloc_stem_sp1,min,total,-986.9467842974782,67.39258118749922
pool_alloc_stem_sp1,max,1,-227.03942273004947,-2.9278533171232652
pool_alloc_stem_sp1,max,2,18.5923402148333,-0.3731967525309976
pool_alloc_stem_sp1,max,3,-36.65590176456468,-0.5699617080195623
pool_alloc_stem_sp1,max,4,-32.017849284726616,-0.7351502149059286
pool_alloc_stem_sp1,max,5,-29.135549384986074,-0.8767027439209052
pool_alloc_stem_sp1,max,6,-8.516796843801583,-1.2212389888300015
pool_alloc_stem_sp1,max,7,-18.311097376049265,-0.7770837787146938
pool_alloc_stem_sp1,max,8,-29.993296248277048,-1.2597931528033115
pool_alloc_stem_sp1,max,9,-24.04223471033862,-1.2482220095777414
pool_alloc_stem_sp1,max,10,-12.671221149482426,-0.9494571848763176
pool_alloc_stem_sp1,max,11,-4.21598050631269,-1.4861427999113324
pool_alloc_stem_sp1,max,12,-26.92732547802437,-1.5031765635761865
pool_alloc_stem_sp1,max,13,-26.6198804853415,-1.616430673563766
pool_alloc_stem_sp1,max,14,-26.815904825726548,-1.7260297460599396
pool_alloc_stem_sp1,max,15,-2.7059631701625673,-0.6945846099940169
pool_alloc_stem_sp1,max,16,-3.7864084745110063,-1.696070216856417
pool_alloc_stem_sp1,max,17,-28.600240253154087,-1.8718781917600928
pool_alloc_stem_sp1,max,18,-28.375990305736565,-1.9744841708737724
pool_alloc_stem_sp1,max,19,-28.610326939775092,-2.0724726712461
pool_alloc_stem_sp1,max,20,-28.95654649958944,-2.165613084922324
pool_alloc_stem_sp1,max,21,-1.8054485326409622,-1.683636991318576
pool_alloc_stem_sp1,max,22,-35.28458476285116,-2.454902927970963
pool_alloc_stem_sp1,max,23,-34.02740739884976,-2.4926632783108325
pool_alloc_stem_sp1,max,24,-33.511788359911655,-2.538606067464926
pool_alloc_stem_sp1,max,25,-33.22949779498454,-2.581576379294308
pool_alloc_stem_sp1,max,26,-0.15207626421939002,-1.6756321456710674
pool_alloc_stem_sp1,max,27,-39.92538286703387,-2.846366395890904
pool_alloc_stem_sp1,max,28,-37.771010281891456,-2.8052985753045903
pool_alloc_stem_sp1,max,29,-36.556787847387994,-2.779262631560975
pool_alloc_stem_sp1,max,30,-35.6415589969569,-2.750133977877752
pool_alloc_stem_sp1,max,31,3.720763284207655,-1.3818320949091993
pool_alloc_stem_sp1,max,32,-41.30191175211026,-2.9478059852754157
pool_alloc_stem_sp1,max,33,-38.55076141326079,-2.8049610606719
pool_alloc_stem_sp1,max,34,-36.73837050943019,-2.68630617105989
pool_alloc_stem_sp1,max,35,97.65109795050213,6.919150400588478
pool_alloc_stem_sp1,max,36,4.929050023588816,-1.3715491813426368
pool_alloc_stem_sp1,max,37,-19.58677904313061,-1.2756295464399692
pool_alloc_stem_sp1,max,38,-20.260770156473765,-1.3226291704896624
pool_alloc_stem_sp1,max,39,-20.637211171346127,-1.3144634900002856
pool_alloc_stem_sp1,max,40,-20.658670886732597,-1.2700914018424143
pool_alloc_stem_sp1,max,41,18.419550015418036,0.326178457886904
pool_alloc_stem_sp1,max,42,-27.959336952439546,-1.4201061867483311
pool_alloc_stem_sp1,max,43,-24.79367746497486,-1.209637086004772
pool_alloc_stem_sp1,max,44,-22.55229212827684,-1.029049196051897
pool_alloc_stem_sp1,max,45,-20.580164231510793,-0.855038535589653
pool_alloc_stem_sp1,max,46,22.685005565344543,0.8925231421482316
pool_alloc_stem_sp1,max,47,-25.77398805594046,-0.8542454705001497
pool_alloc_stem_sp1,max,48,-21.567334869353044,-0.5950478089758136
pool_alloc_stem_sp1,max,49,-18.572055042042802,-0.38548626264095986
pool_alloc_stem_sp1,max,50,-16.03800790210224,-0.19798997893951764
pool_alloc_stem_sp1,max,total,-1121.4770040625676,-67.13763857759022
pool_turnover_branch_sp1,min,1,-224.1115694129262,0.0
pool_turnover_branch_sp1,min,2,18.694901845817473,-0.27063512154682456
pool_turnover_branch_sp1,min,3,-36.21709144026549,-0.13115138372037194
pool_turnover_branch_sp1,min,4,-31.518104369490075,-0.23540529966938806
pool_turnover_branch_sp1,min,5,-28.57495183961648,-0.3161051985513126
pool_turnover_branch_sp1,min,6,-7.784467680175748,-0.4889098252041668
pool_turnover_branch_sp1,min,7,-17.868551126742386,-0.33453752940781456
pool_turnover_branch_sp1,min,8,-29.222463100283655,-0.4889600048099183
pool_turnover_branch_sp1,min,9,-23.29131202552096,-0.4972993247600819
pool_turnover_branch_sp1,min,10,-12.134083605732602,-0.4123196411264942
pool_turnover_branch_sp1,min,11,-3.282492989249757,-0.5526552828483999
pool_turnover_branch_sp1,min,12,-26.02352974411676,-0.5993808296685792
pool_turnover_branch_sp1,min,13,-25.63997757431497,-0.6365277625372343
pool_turnover_branch_sp1,min,14,-25.762614408035738,-0.6727393283691292
pool_turnover_branch_sp1,min,15,-2.334391812007094,-0.3230132518385438
pool_turnover_branch_sp1,min,16,-2.660421191586492,-0.5700829339319027
pool_turnover_branch_sp1,min,17,-27.45788601453182,-0.729523953137825
pool_turnover_branch_sp1,min,18,-27.158915687437148,-0.7574095525743552
pool_turnover_branch_sp1,min,19,-27.32355608350891,-0.7857018149799195
pool_turnover_branch_sp1,min,20,-27.603761382835742,-0.8128279681686266
pool_turnover_branch_sp1,min,21,-0.6643780612295197,-0.5425665199071336
pool_turnover_branch_sp1,min,22,-33.75350805569423,-0.9238262208140355
pool_turnover_branch_sp1,min,23,-32.460383253508574,-0.9256391329696463
pool_turnover_branch_sp1,min,24,-31.905959729935756,-0.9327774374890261
pool_turnover_branch_sp1,min,25,-31.587462796973018,-0.9395413812827869
pool_turnover_branch_sp1,min,26,1.0383306128453973,-0.4852252686062801
pool_turnover_branch_sp1,min,27,-38.12235590386486,-1.0433394327218934
pool_turnover_branch_sp1,min,28,-35.9784783707549,-1.0127666641680335
pool_turnover_branch_sp1,min,29,-34.76836081998503,-0.9908356041580078
pool_turnover_branch_sp1,min,30,-33.86026741974591,-0.9688424006667589
pool_turnover_branch_sp1,min,31,4.779983420378095,-0.3226119587387597
pool_turnover_branch_sp1,min,32,-39.40262072219679,-1.048514955361945
pool_turnover_branch_sp1,min,33,-36.72369779607863,-0.9778974434897449
pool_turnover_branch_sp1,min,34,-34.972188019960356,-0.9201236815900558
pool_turnover_branch_sp1,min,35,93.10239605351839,2.3704485036047345
pool_turnover_branch_sp1,min,36,6.14525384201865,-0.15534536291280343
pool_turnover_branch_sp1,min,37,-18.74912617160698,-0.4379766749163423
pool_turnover_branch_sp1,min,38,-19.369783779252607,-0.4316427932685052
pool_turnover_branch_sp1,min,39,-19.73532114364376,-0.41257346229791736
pool_turnover_branch_sp1,min,40,-19.77163938569377,-0.38305990080358754
pool_turnover_branch_sp1,min,41,18.424591479951133,0.33121992242000076
pool_turnover_branch_sp1,min,42,-26.981563465047063,-0.4423326993558483
pool_turnover_branch_sp1,min,43,-23.933963825828684,-0.3499234468585968
pool_turnover_branch_sp1,min,44,-21.796188339859007,-0.27294540763406516
pool_turnover_branch_sp1,min,45,-19.925732855426592,-0.20060715950545216
pool_turnover_branch_sp1,min,46,22.350585196176482,0.5581027729801704
pool_turnover_branch_sp1,min,47,-25.131080792294654,-0.211338206854343
pool_turnover_branch_sp1,min,48,-21.07752130810439,-0.10523424772716083
pool_turnover_branch_sp1,min,49,-18.208037887327432,-0.02146910792558998
pool_turnover_branch_sp1,min,50,-15.787870948527113,0.05214697463561002
pool_turnover_branch_sp1,min,total,-1076.101589890212,-21.76222440523452
pool_turnover_branch_sp1,max,1,-224.1115694129262,0.0
pool_turnover_branch_sp1,max,2,19.236172088911122,0.27063512154682456
pool_turnover_branch_sp1,max,3,-35.95750787379514,0.12843218274998236
pool_turnover_branch_sp1,max,4,-31.051185729936485,0.2315133398842022
pool_turnover_branch_sp1,max,5,-27.948783422190168,0.3100632188750012
pool_turnover_branch_sp1,max,6,-6.819942188255954,0.47561566671562705
pool_turnover_branch_sp1,max,7,-17.208979291753554,0.325034305581017
pool_turnover_branch_sp1,max,8,-28.259907088206827,0.4735960072669094
pool_turnover_branch_sp1,max,9,-22.31534748359073,0.4786652171701462
pool_turnover_branch_sp1,max,10,-11.327997120388204,0.39376684421790387
pool_turnover_branch_sp1,max,11,-2.2093289365368807,0.5205087698644766
pool_turnover_branch_sp1,max,12,-24.853819353290064,0.5703295611581183
pool_turnover_branch_sp1,max,13,-24.400593243633487,0.6028565681442473
pool_turnover_branch_sp1,max,14,-24.45529464115865,0.6345804385079603
pool_turnover_branch_sp1,max,15,-1.7127187128991421,0.2986598472694082
pool_turnover_branch_sp1,max,16,-1.5671383647898995,0.5231998928646897
pool_turnover_branch_sp1,max,17,-26.0455430088983,0.6828190524956952
pool_turnover_branch_sp1,max,18,-25.694971162892845,0.7065349719699476
pool_turnover_branch_sp1,max,19,-25.806942164421155,0.730912104107837
pool_turnover_branch_sp1,max,20,-26.036597372752745,0.754336041914371
pool_turnover_branch_sp1,max,21,0.36532514769743996,0.4871366890198261
pool_turnover_branch_sp1,max,22,-31.97241937325238,0.857262461627819
pool_turnover_branch_sp1,max,23,-30.67809911959914,0.856645000939789
pool_turnover_branch_sp1,max,24,-30.111664928308816,0.8615173641379137
pool_turnover_branch_sp1,max,25,-29.78157743989789,0.8663439757923399
pool_turnover_branch_sp1,max,26,1.9516063631401686,0.42805048168849114
pool_turnover_branch_sp1,max,27,-36.11525163837237,0.9637648327705932
pool_turnover_branch_sp1,max,28,-34.03196180023511,0.9337499063517569
pool_turnover_branch_sp1,max,29,-32.8651030974267,0.9124221184003218
pool_turnover_branch_sp1,max,30,-31.999995596691075,0.8914294223880752
pool_turnover_branch_sp1,max,31,5.378829187310753,0.27623380819389887
pool_turnover_branch_sp1,max,32,-37.38577903339323,0.9683267334416144
pool_turnover_branch_sp1,max,33,-34.84361402082711,0.9021863317617758
pool_turnover_branch_sp1,max,34,-33.20343793183089,0.8486264065394096
pool_turnover_branch_sp1,max,35,88.5338191709052,-2.198128379008452
pool_turnover_branch_sp1,max,36,6.4262144392838,0.12561523435234712
pool_turnover_branch_sp1,max,37,-17.906953716406495,0.4041957802841445
pool_turnover_branch_sp1,max,38,-18.539155136134923,0.3989858498491792
pool_turnover_branch_sp1,max,39,-18.940511019742626,0.38223666160321557
pool_turnover_branch_sp1,max,40,-19.032722059307766,0.3558574255824176
pool_turnover_branch_sp1,max,41,17.774945382440432,-0.3184261750906998
pool_turnover_branch_sp1,max,42,-26.123787638347803,0.41544312734341204
pool_turnover_branch_sp1,max,43,-23.254176056409996,0.32986432256009124
pool_turnover_branch_sp1,max,44,-21.264385578857006,0.2588573533679366
pool_turnover_branch_sp1,max,45,-19.532961027643548,0.1921646682775915
pool_turnover_branch_sp1,max,46,21.267465147740136,-0.5250172754561753
pool_turnover_branch_sp1,max,47,-24.71417546417929,0.20556712126101928
pool_turnover_branch_sp1,max,48,-20.865845881950943,0.10644117842628731
pool_turnover_branch_sp1,max,49,-18.158294928860347,0.02827385054149545
pool_turnover_branch_sp1,max,50,-15.880508673424073,-0.04049075026135007
pool_turnover_branch_sp1,max,total,-1034.0521708059869,20.287194678990545
pool_turnover_croot_sp1,min,1,-224.1115694129262,0.0
pool_turnover_croot_sp1,min,2,15.833153689590146,-3.132383277774151
pool_turnover_croot_sp1,min,3,-34.568651619216254,1.5172884373288653
pool_turnover_croot_sp1,min,4,-30.091186457825646,1.1915126119950408
pool_turnover_croot_sp1,min,5,-27.28355848389955,0.9752881571656182
pool_turnover_croot_sp1,min,6,-6.4741798077343065,0.8213780472372747
pool_turnover_croot_sp1,min,7,-16.66342258676196,0.8705910105726105
pool_turnover_croot_sp1,min,8,-28.168498531779168,0.5650045636945684
pool_turnover_croot_sp1,min,9,-22.260732737438598,0.5332799633222791
pool_turnover_croot_sp1,min,10,-11.035741409567413,0.6860225550386954
pool_turnover_croot_sp1,min,11,-2.3074163868551145,0.42242131954624274
pool_turnover_croot_sp1,min,12,-24.98512759903982,0.4390213154083611
pool_turnover_croot_sp1,min,13,-24.548400205260936,0.4550496065167984
pool_turnover_croot_sp1,min,14,-24.618195019051687,0.47168006061492207
pool_turnover_croot_sp1,min,15,-1.165203261186388,0.8461752989821623
pool_turnover_croot_sp1,min,16,-1.7582991744125085,0.33203908324208076
pool_turnover_croot_sp1,min,17,-26.341012653337028,0.3873494080569664
pool_turnover_croot_sp1,min,18,-25.97097469799611,0.4305314368666835
pool_turnover_croot_sp1,min,19,-26.070877903740836,0.46697636478815596
pool_turnover_croot_sp1,min,20,-26.29246250430833,0.49847091035878677
pool_turnover_croot_sp1,min,21,0.40457202435272555,0.5263835656751117
pool_turnover_croot_sp1,min,22,-32.27795524299279,0.5517265918874088
pool_turnover_croot_sp1,min,23,-30.959516351848517,0.5752277686904108
pool_turnover_croot_sp1,min,24,-30.37578676465938,0.5973955277873486
pool_turnover_croot_sp1,min,25,-30.02934891255572,0.6185725031345122
pool_turnover_croot_sp1,min,26,2.1625333011143213,0.6389774196626439
pool_turnover_croot_sp1,min,27,-36.42027964264094,0.6587368285020219
pool_turnover_croot_sp1,min,28,-34.28780284757046,0.6779088590164051
pool_turnover_croot_sp1,min,29,-33.08102440907993,0.696500806747089
pool_turnover_croot_sp1,min,30,-32.17694290940332,0.7144821096758278
pool_turnover_croot_sp1,min,31,5.834389507573199,0.731794128456345
pool_turnover_croot_sp1,min,32,-37.6057482578357,0.7483575089991419
pool_turnover_croot_sp1,min,33,-34.98172237539917,0.7640779771897144
pool_turnover_croot_sp1,min,34,-33.273213384493616,0.7788509538766846
pool_turnover_croot_sp1,min,35,93.41235428648365,2.680406736569992
pool_turnover_croot_sp1,min,36,6.150165945911721,-0.15043325901973237
pool_turnover_croot_sp1,min,37,-18.237659725569895,0.07348977112074451
pool_turnover_croot_sp1,min,38,-18.71070669684109,0.22743428914301234
pool_turnover_croot_sp1,min,39,-18.981890414294046,0.34085726705179553
pool_turnover_croot_sp1,min,40,-18.964811884215745,0.42376760067443797
pool_turnover_croot_sp1,min,41,18.57725968958388,0.4838881320527477
pool_turnover_croot_sp1,min,42,-26.01221450715336,0.5270162585378557
pool_turnover_croot_sp1,min,43,-23.026611384975546,0.5574289939945416
pool_turnover_croot_sp1,min,44,-20.94499577982664,0.5782471523983013
pool_turnover_croot_sp1,min,45,-19.13339251866778,0.59173317725336
pool_turnover_croot_sp1,min,46,22.392005342356345,0.5995229191600338
pool_turnover_croot_sp1,min,47,-24.31694224193559,0.6028003435047218
pool_turnover_croot_sp1,min,48,-20.369860216304566,0.6024268440726637
pool_turnover_croot_sp1,min,49,-17.58753327949981,0.5990354999020333
pool_turnover_croot_sp1,min,50,-15.246918887371022,0.5930990357917008
pool_turnover_croot_sp1,min,total,-1026.9519553005064,27.387410184471037
pool_turnover_croot_sp1,max,1,-224.1115694129262,0.0
pool_turnover_croot_sp1,max,2,22.09792024513848,3.1323832777741814
pool_turnover_croot_sp1,max,3,-37.603228494238735,-1.5172884376936153
pool_turnover_croot_sp1,max,4,-32.47421168731458,-1.191512617493892
pool_turnover_croot_sp1,max,5,-29.23413480983849,-0.9752881687733215
pool_turnover_croot_sp1,max,6,-8.116935899247515,-0.8213780442759342
pool_turnover_croot_sp1,max,7,-18.404604603497827,-0.8705910061632558
pool_turnover_croot_sp1,max,8,-29.298507658619517,-0.5650045631457807
pool_turnover_croot_sp1,max,9,-23.327292662428984,-0.5332799616681072
pool_turnover_croot_sp1,max,10,-12.407786516748153,-0.6860225521420453
pool_turnover_croot_sp1,max,11,-3.1522590245385618,-0.4224213181372045
pool_turnover_croot_sp1,max,12,-25.863170228846283,-0.43902131439810077
pool_turnover_croot_sp1,max,13,-25.45849941826809,-0.45504960649035553
pool_turnover_croot_sp1,max,14,-25.56155513983547,-0.4716800601688611
pool_turnover_croot_sp1,max,15,-2.857553860178668,-0.8461753000101178
pool_turnover_croot_sp1,max,16,-2.422377339469735,-0.33203908181514574
pool_turnover_croot_sp1,max,17,-27.1157114689944,-0.38734940760040715
pool_turnover_croot_sp1,max,18,-26.83203757519695,-0.4305314403341569
pool_turnover_croot_sp1,max,19,-27.004830636585005,-0.46697636805601306
pool_turnover_croot_sp1,max,20,-27.28940432593954,-0.49847091127242393
pool_turnover_croot_sp1,max,21,-0.6481951030962843,-0.5263835617738981
pool_turnover_croot_sp1,max,22,-33.38140842765529,-0.5517265927750898
pool_turnover_croot_sp1,max,23,-32.109971880500204,-0.5752277599612761
pool_turnover_croot_sp1,max,24,-31.570577814976637,-0.5973955225299079
pool_turnover_croot_sp1,max,25,-31.26649391651908,-0.6185725008288507
pool_turnover_croot_sp1,max,26,0.8845784588782615,-0.6389774225734159
pool_turnover_croot_sp1,max,27,-37.73775330127796,-0.6587368301349983
pool_turnover_croot_sp1,max,28,-35.64362056240236,-0.6779088558154953
pool_turnover_croot_sp1,max,29,-34.4740260187017,-0.6965008028746809
pool_turnover_croot_sp1,max,30,-33.60590712562697,-0.7144821065478197
pool_turnover_croot_sp1,max,31,4.370801246747053,-0.7317941323698012
pool_turnover_croot_sp1,max,32,-39.1024632790279,-0.7483575121930599
pool_turnover_croot_sp1,max,33,-36.509878329244096,-0.7640779766552086
pool_turnover_croot_sp1,max,34,-34.83091529982911,-0.7788509614588079
pool_turnover_croot_sp1,max,35,88.05154080719093,-2.680406742722724
pool_turnover_croot_sp1,max,36,6.451032480872346,0.15043327594089284
pool_turnover_croot_sp1,max,37,-18.384639272788384,-0.07348977609774465
pool_turnover_croot_sp1,max,38,-19.16557527639199,-0.22743429040788854
pool_turnover_croot_sp1,max,39,-19.663604952254396,-0.340857270908554
pool_turnover_croot_sp1,max,40,-19.812347086453148,-0.42376760156296456
pool_turnover_croot_sp1,max,41,17.60948342856517,-0.4838881289659618
pool_turnover_croot_sp1,max,42,-27.066247028081612,-0.5270162623903971
pool_turnover_croot_sp1,max,43,-24.141469371477616,-0.5574289925075284
pool_turnover_croot_sp1,max,44,-22.101490132070765,-0.5782471998458227
pool_turnover_croot_sp1,max,45,-20.316858873722136,-0.5917331778009967
pool_turnover_croot_sp1,max,46,21.192959514593355,-0.5995229086029568
pool_turnover_croot_sp1,max,47,-25.52254292019073,-0.6028003347504196
pool_turnover_croot_sp1,max,48,-21.574713897131225,-0.6024268367539953
pool_turnover_croot_sp1,max,49,-18.785604273540066,-0.5990354941382243
pool_turnover_croot_sp1,max,50,-16.433116954766007,-0.593099031603284
pool_turnover_croot_sp1,max,total,-1081.726775678453,-27.38741019347549
pool_turnover_froot_sp1,min,1,-224.1115694129262,0.0
pool_turnover_froot_sp1,min,2,17.56871053357425,-1.3968264337900465
pool_turnover_froot_sp1,min,3,-35.43175670399786,0.6541833525472569
pool_turnover_froot_sp1,min,4,-30.774812098602588,0.5078869712180989
pool_turnover_froot_sp1,min,5,-27.848451561773828,0.4103950792913409
pool_turnover_froot_sp1,min,6,-6.954915617555762,0.34064223741581934
pool_turnover_froot_sp1,min,7,-17.17259509651034,0.3614185008242323
pool_turnover_froot_sp1,min,8,-28.508453917177867,0.225049178295869
pool_turnover_froot_sp1,min,9,-22.58433081744982,0.20968188331105608
pool_turnover_froot_sp1,min,10,-11.445239554354186,0.27652441025192154
pool_turnover_froot_sp1,min,11,-2.5709529746955098,0.1588847317058475
pool_turnover_froot_sp1,min,12,-25.259177709064776,0.16497120538340582
pool_turnover_froot_sp1,min,13,-24.832695604445348,0.17075420733238644
pool_turnover_froot_sp1,min,14,-24.91311774663743,0.17675733302917962
pool_turnover_froot_sp1,min,15,-1.669083184419324,0.3422953757492264
pool_turnover_froot_sp1,min,16,-1.9762620692262711,0.11407618842831813
pool_turnover_froot_sp1,min,17,-26.591067373797582,0.1372946875964125
pool_turnover_froot_sp1,min,18,-26.246443515203715,0.15506261965907697
pool_turnover_froot_sp1,min,19,-26.3680687771104,0.1697854914185939
pool_turnover_froot_sp1,min,20,-26.608671628059664,0.18226178660745163
pool_turnover_froot_sp1,min,21,0.07129228946390098,0.19310383078628712
pool_turnover_froot_sp1,min,22,-32.62691637101285,0.20276546386735106
pool_turnover_froot_sp1,min,23,-31.323170080383722,0.21157404015520598
pool_turnover_froot_sp1,min,24,-30.75342279808668,0.21975949436004782
pool_turnover_froot_sp1,min,25,-30.420443191714863,0.22747822397536765
pool_turnover_froot_sp1,min,26,1.758387656457793,0.23483177500611552
pool_turnover_froot_sp1,min,27,-36.83713548415984,0.24188098698312643
pool_turnover_froot_sp1,min,28,-34.71705512246559,0.248656584121278
pool_turnover_froot_sp1,min,29,-33.522358216719134,0.2551669991078853
pool_turnover_froot_sp1,min,30,-32.63002088426958,0.2614041348095739
pool_turnover_froot_sp1,min,31,5.369943078559791,0.26734769944293646
pool_turnover_froot_sp1,min,32,-38.08113731770652,0.27296844912832086
pool_turnover_froot_sp1,min,33,-35.467569620533475,0.2782307320554125
pool_turnover_froot_sp1,min,34,-33.76896985191609,0.2830944864542104
pool_turnover_froot_sp1,min,35,91.86131119952586,1.129363649612202
pool_turnover_froot_sp1,min,36,6.179461726134948,-0.1211374787965056
pool_turnover_froot_sp1,min,37,-18.33372205588953,-0.022572559198891895
pool_turnover_froot_sp1,min,38,-18.893313479943295,0.04482750604080721
pool_turnover_froot_sp1,min,39,-19.22854397195353,0.09420370939231049
pool_turnover_froot_sp1,min,40,-19.258555126619235,0.13002435827094772
pool_turnover_froot_sp1,min,41,18.249109647913347,0.15573809038221498
pool_turnover_froot_sp1,min,42,-26.3652961457046,0.17393461998661408
pool_turnover_froot_sp1,min,43,-23.397515065417483,0.18652531355260393
pool_turnover_froot_sp1,min,44,-21.328337388170937,0.19490554405400573
pool_turnover_froot_sp1,min,45,-19.52503823905611,0.20008745686503104
pool_turnover_froot_sp1,min,46,21.995285707702664,0.2028032845063521
pool_turnover_froot_sp1,min,47,-24.71615934187318,0.20358324356713098
pool_turnover_froot_sp1,min,48,-20.769473893257462,0.2028131671197677
pool_turnover_froot_sp1,min,49,-17.985792245556382,0.20077653384545968
pool_turnover_froot_sp1,min,50,-15.642333149569797,0.19768477359292547
pool_turnover_froot_sp1,min,total,-1044.4064425656559,9.932922919321527
pool_turnover_froot_sp1,max,1,-224.1115694129262,0.0
pool_turnover_froot_sp1,max,2,20.362363401154322,1.3968264337900251
pool_turnover_froot_sp1,max,3,-36.74012340917007,-0.6541833526249476
pool_turnover_froot_sp1,max,4,-31.79058604316491,-0.507886973344224
pool_turnover_froot_sp1,max,5,-28.669241722525154,-0.4103950814599848
pool_turnover_froot_sp1,max,6,-7.6362000913798935,-0.34064223640831237
pool_turnover_froot_sp1,max,7,-17.895432097319883,-0.3614184999853123
pool_turnover_froot_sp1,max,8,-28.958552273720358,-0.2250491782466213
pool_turnover_froot_sp1,max,9,-23.003694583584995,-0.2096818828241176
pool_turnover_froot_sp1,max,10,-11.998288374170826,-0.27652440956471835
pool_turnover_froot_sp1,max,11,-2.8887224377430303,-0.15888473134167302
pool_turnover_froot_sp1,max,12,-25.589120119568346,-0.16497120512016394
pool_turnover_froot_sp1,max,13,-25.17420401907868,-0.17075420730094493
pool_turnover_froot_sp1,max,14,-25.266632412786034,-0.17675733311942565
pool_turnover_froot_sp1,max,15,-2.353673935380712,-0.3422953752121618
pool_turnover_froot_sp1,max,16,-2.2044144457676103,-0.114076188113021
pool_turnover_froot_sp1,max,17,-26.865656749006867,-0.13729468761287222
pool_turnover_froot_sp1,max,18,-26.556568755266884,-0.1550626204040917
pool_turnover_froot_sp1,max,19,-26.707639761658445,-0.1697854931294529
pool_turnover_froot_sp1,max,20,-26.973195201817834,-0.1822617871507184
pool_turnover_froot_sp1,max,21,-0.3149153699915863,-0.19310382866920017
pool_turnover_froot_sp1,max,22,-33.03244729936167,-0.20276546448147315
pool_turnover_froot_sp1,max,23,-31.746318158836907,-0.21157403829797872
pool_turnover_froot_sp1,max,24,-31.192941785496142,-0.21975949304941267
pool_turnover_froot_sp1,max,25,-30.875399638836534,-0.22747822314630284
pool_turnover_froot_sp1,max,26,1.288724105874321,-0.23483177557735635
pool_turnover_froot_sp1,max,27,-37.32089745865159,-0.24188098750862252
pool_turnover_froot_sp1,max,28,-35.214368289693994,-0.24865658310712746
pool_turnover_froot_sp1,max,29,-34.03269221415393,-0.2551669983269136
pool_turnover_froot_sp1,max,30,-33.15282915335213,-0.26140413427297915
pool_turnover_froot_sp1,max,31,4.835247678733129,-0.26734770038372524
pool_turnover_froot_sp1,max,32,-38.62707421672459,-0.27296844988974556
pool_turnover_froot_sp1,max,33,-36.024031083709254,-0.27823073112036667
pool_turnover_froot_sp1,max,34,-34.335158827215686,-0.2830944888453857
pool_turnover_froot_sp1,max,35,89.60258389824496,-1.1293636516686973
pool_turnover_froot_sp1,max,36,6.421736697709635,0.12113749277818187
pool_turnover_froot_sp1,max,37,-18.288576942097382,0.02257255459325691
pool_turnover_froot_sp1,max,38,-18.98296849338926,-0.044827507405159395
pool_turnover_froot_sp1,max,39,-19.416951392656188,-0.094203711310346
pool_turnover_froot_sp1,max,40,-19.518603844409604,-0.13002435951942104
pool_turnover_froot_sp1,max,41,17.937633466232256,-0.1557380912988755
pool_turnover_froot_sp1,max,42,-26.713165386386684,-0.17393462069546928
pool_turnover_froot_sp1,max,43,-23.77056569305501,-0.18652531408492123
pool_turnover_froot_sp1,max,44,-21.71814852707858,-0.1949055948536369
pool_turnover_froot_sp1,max,45,-19.92521314772215,-0.20008745180101073
pool_turnover_froot_sp1,max,46,21.58967914886927,-0.20280327432704226
pool_turnover_froot_sp1,max,47,-25.12332582048783,-0.20358323504751752
pool_turnover_froot_sp1,max,48,-21.175100220806637,-0.20281316042940745
pool_turnover_froot_sp1,max,49,-18.387345307999244,-0.2007765285974017
pool_turnover_froot_sp1,max,50,-16.03770269285517,-0.1976847696924473
pool_turnover_froot_sp1,max,total,-1064.2722884141867,-9.932922929209326
pool_turnover_leaf_sp1,min,1,-224.1115694129262,0.0
pool_turnover_leaf_sp1,min,2,17.219503925126762,-1.746033042237535
pool_turnover_leaf_sp1,min,3,-34.8783077357501,1.207632320795021
pool_turnover_leaf_sp1,min,4,-30.334470849905507,0.9482282199151797
pool_turnover_leaf_sp1,min,5,-27.482827651536475,0.7760189895286942
pool_turnover_leaf_sp1,min,6,-7.923201647545065,-0.6276437925734841
pool_turnover_leaf_sp1,min,7,-16.612976310636967,0.9210372866976044
pool_turnover_leaf_sp1,min,8,-28.102178870227178,0.6313242252465585
pool_turnover_leaf_sp1,min,9,-22.23669671639494,0.557315984365939
pool_turnover_leaf_sp1,min,10,-11.120122863565898,0.6016411010402098
pool_turnover_leaf_sp1,min,11,-3.7972136189819765,-1.0673759125806193
pool_turnover_leaf_sp1,min,12,-24.718510897858586,0.7056380165895959
pool_turnover_leaf_sp1,min,13,-24.395603150764614,0.6078466610131201
pool_turnover_leaf_sp1,min,14,-24.535141485407124,0.5547335942594849
pool_turnover_leaf_sp1,min,15,-1.2930707702617976,0.7183077899067527
pool_turnover_leaf_sp1,min,16,-3.4305148997460213,-1.340176642091432
pool_turnover_leaf_sp1,min,17,-25.999852270927555,0.7285097904664397
pool_turnover_leaf_sp1,min,18,-25.76902990945355,0.632476225409242
pool_turnover_leaf_sp1,min,19,-25.955114237524718,0.5827400310042741
pool_turnover_leaf_sp1,min,20,-26.241658541696125,0.5492748729709902
pool_turnover_leaf_sp1,min,21,-1.6736515106843597,-1.5518399693619735
pool_turnover_leaf_sp1,min,22,-31.881149901885955,0.9485319329942428
pool_turnover_leaf_sp1,min,23,-30.72688910825525,0.8078550122836781
pool_turnover_leaf_sp1,min,24,-30.24405295052046,0.7291293419262708
pool_turnover_leaf_sp1,min,25,-29.973740120044916,0.6741812956453153
pool_turnover_leaf_sp1,min,26,-0.34312346923459724,-1.8666793506862747
pool_turnover_leaf_sp1,min,27,-35.94546275335928,1.133553717783684
pool_turnover_leaf_sp1,min,28,-34.00965884018706,0.9560528663998085
pool_turnover_leaf_sp1,min,29,-32.923497716129795,0.8540274996972244
pool_turnover_leaf_sp1,min,30,-32.110266537899506,0.781158481179645
pool_turnover_leaf_sp1,min,31,2.885477287104662,-2.2171180920121922
pool_turnover_leaf_sp1,min,32,-37.04666616351969,1.307439603315153
pool_turnover_leaf_sp1,min,33,-34.654091786786374,1.091708565802513
pool_turnover_leaf_sp1,min,34,-33.08719739986778,0.9648669385025173
pool_turnover_leaf_sp1,min,35,92.65653996856987,1.9245924186562178
pool_turnover_leaf_sp1,min,36,3.654143067513248,-2.6464561374182054
pool_turnover_leaf_sp1,min,37,-17.573474340715876,0.7376751559747632
pool_turnover_leaf_sp1,min,38,-18.295920905678344,0.6422200803057585
pool_turnover_leaf_sp1,min,39,-18.723630891421436,0.5991167899244054
pool_turnover_leaf_sp1,min,40,-18.822885323239277,0.5656941616509066
pool_turnover_leaf_sp1,min,41,15.632884214584012,-2.46048734294712
pool_turnover_leaf_sp1,min,42,-25.396543894919905,1.1426868707713105
pool_turnover_leaf_sp1,min,43,-22.653556288481813,0.9304840904882745
pool_turnover_leaf_sp1,min,44,-20.720117960367126,0.803124971857816
pool_turnover_leaf_sp1,min,45,-19.01851754929362,0.70660814662752
pool_turnover_leaf_sp1,min,46,19.20068307560968,-2.591799347586633
pool_turnover_leaf_sp1,min,47,-23.672608818078572,1.2471337673617384
pool_turnover_leaf_sp1,min,48,-19.979386934512963,0.9929001258642671
pool_turnover_leaf_sp1,min,49,-17.350727809636616,0.8358409697652256
pool_turnover_leaf_sp1,min,50,-15.12368765575642,0.7163302674063026
pool_turnover_leaf_sp1,min,total,-1039.639336933079,14.700028551898413
pool_turnover_leaf_sp1,max,1,-224.1115694129262,0.0
pool_turnover_leaf_sp1,max,2,20.71157000960186,1.7460330422375634
pool_turnover_leaf_sp1,max,3,-37.293572377576645,-1.2076323210315252
pool_turnover_leaf_sp1,max,4,-32.23092729310963,-0.9482282232889432
pool_turnover_leaf_sp1,max,5,-29.034865638022808,-0.7760189969576388
pool_turnover_leaf_sp1,max,6,-6.667914060487247,0.6276437944843343
pool_turnover_leaf_sp1,max,7,-18.45505086977746,-0.9210372724428879
pool_turnover_leaf_sp1,max,8,-29.364827327413366,-0.6313242319396295
pool_turnover_leaf_sp1,max,9,-23.3513286852117,-0.557315984450824
pool_turnover_leaf_sp1,max,10,-12.323405064472283,-0.6016410998661748
pool_turnover_leaf_sp1,max,11,-1.6624617998788414,1.067375906522516
pool_turnover_leaf_sp1,max,12,-26.129786926004662,-0.7056380115564806
pool_turnover_leaf_sp1,max,13,-25.611296472690736,-0.6078466609130011
pool_turnover_leaf_sp1,max,14,-25.644608673247273,-0.5547335935806643
pool_turnover_leaf_sp1,max,15,-2.7296863501219883,-0.718307789953438
pool_turnover_leaf_sp1,max,16,-0.7501616175753546,1.3401766400792345
pool_turnover_leaf_sp1,max,17,-27.45687184398902,-0.728509782595026
pool_turnover_leaf_sp1,max,18,-27.033982368258282,-0.6324762333954901
pool_turnover_leaf_sp1,max,19,-27.120594302275425,-0.5827400337464326
pool_turnover_leaf_sp1,max,20,-27.340208288476656,-0.5492748738095408
pool_turnover_leaf_sp1,max,21,1.4300284346175096,1.5518399759398958
pool_turnover_leaf_sp1,max,22,-33.778213774003156,-0.9485319391229581
pool_turnover_leaf_sp1,max,23,-32.34259912450714,-0.8078550039682106
pool_turnover_leaf_sp1,max,24,-31.70231163022074,-0.7291293377740118
pool_turnover_leaf_sp1,max,25,-31.32210270867358,-0.6741812929833486
pool_turnover_leaf_sp1,max,26,3.390235230154158,1.8666793487024806
pool_turnover_leaf_sp1,max,27,-38.21257019136367,-1.1335537202207036
pool_turnover_leaf_sp1,max,28,-35.9217645688798,-0.9560528622929354
pool_turnover_leaf_sp1,max,29,-34.63155271281876,-0.8540274969917405
pool_turnover_leaf_sp1,max,30,-33.672583498521874,-0.7811584794427233
pool_turnover_leaf_sp1,max,31,7.319713466957609,2.2171180878407544
pool_turnover_leaf_sp1,max,32,-39.66154537259108,-1.3074396057562367
pool_turnover_leaf_sp1,max,33,-36.83750891664225,-1.0917085640533628
pool_turnover_leaf_sp1,max,34,-35.01693128249079,-0.9648669441204873
pool_turnover_leaf_sp1,max,35,88.80735512673012,-1.9245924231835403
pool_turnover_leaf_sp1,max,36,8.947055369605716,2.6464561646742624
pool_turnover_leaf_sp1,max,37,-19.048824656957933,-0.737675160267294
pool_turnover_leaf_sp1,max,38,-19.580361075653595,-0.6422200896694932
pool_turnover_leaf_sp1,max,39,-19.921864474882682,-0.5991167935368402
pool_turnover_leaf_sp1,max,40,-19.954273648091572,-0.565694163201389
pool_turnover_leaf_sp1,max,41,20.553858898241526,2.4604873407103938
pool_turnover_leaf_sp1,max,42,-27.68191763793933,-1.1426868722481132
pool_turnover_leaf_sp1,max,43,-24.514524468281383,-0.930484089311296
pool_turnover_leaf_sp1,max,44,-22.326367956568554,-0.8031250243436112
pool_turnover_leaf_sp1,max,45,-20.431733841226926,-0.7066081453057862
pool_turnover_leaf_sp1,max,46,24.384281775448972,2.591799352252661
pool_turnover_leaf_sp1,max,47,-26.166876338312388,-1.2471337528720774
pool_turnover_leaf_sp1,max,48,-21.96518717834539,-0.9929001179681585
pool_turnover_leaf_sp1,max,49,-19.022409743091455,-0.8358409636896127
pool_turnover_leaf_sp1,max,50,-16.556348186324538,-0.7163302631618151
pool_turnover_leaf_sp1,max,total,-1069.039394046547,-14.700028561569525
pool_turnover_stem_sp1,min,1,-224.1115694129262,0.0
pool_turnover_stem_sp1,min,2,17.760774168220387,-1.2047627991439107
pool_turnover_stem_sp1,min,3,-36.770646299808234,-0.6847062432631148
pool_turnover_stem_sp1,min,4,-32.48043100394414,-1.1977319341234534
pool_turnover_stem_sp1,min,5,-29.903438413351548,-1.644591772286379
pool_turnover_stem_sp1,min,6,-9.999567979976986,-2.7040101250054045
pool_turnover_stem_sp1,min,7,-19.412593452093493,-1.8785798547589216
pool_turnover_stem_sp1,min,8,-31.545190603527434,-2.811687508053698
pool_turnover_stem_sp1,min,9,-25.793324445410367,-2.9993117446494892
pool_turnover_stem_sp1,min,10,-14.35894049542885,-2.6371765308227424
pool_turnover_stem_sp1,min,11,-6.608657807862485,-3.878820101461128
pool_turnover_stem_sp1,min,12,-29.38246067531012,-3.958311760861939
pool_turnover_stem_sp1,min,13,-29.36151331001234,-4.358063498234607
pool_turnover_stem_sp1,min,14,-29.84517820113905,-4.755303121472441
pool_turnover_stem_sp1,min,15,-4.635271114274241,-2.6238925541056908
pool_turnover_stem_sp1,min,16,-6.931005602297485,-4.840667344642895
pool_turnover_stem_sp1,min,17,-32.24702797338092,-5.518665911986929
pool_turnover_stem_sp1,min,18,-32.2973745557823,-5.895868420919506
pool_turnover_stem_sp1,min,19,-32.807344879320745,-6.2694906107917525
pool_turnover_stem_sp1,min,20,-33.42627873661481,-6.635345321947696
pool_turnover_stem_sp1,min,21,-5.602842469491959,-5.481030928169573
pool_turnover_stem_sp1,min,22,-40.479574082520756,-7.649892247640558
pool_turnover_stem_sp1,min,23,-39.40684874700228,-7.872104626463351
pool_turnover_stem_sp1,min,24,-39.08694588879116,-8.113763596344434
pool_turnover_stem_sp1,min,25,-38.991109628754536,-8.343188213064305
pool_turnover_stem_sp1,min,26,-4.269461216524817,-5.793017097976495
pool_turnover_stem_sp1,min,27,-46.39090499948574,-9.311888528342777
pool_turnover_stem_sp1,min,28,-44.24169978517719,-9.275988078590323
pool_turnover_stem_sp1,min,29,-43.05296309903474,-9.275437883207722
pool_turnover_stem_sp1,min,30,-42.14711814175028,-9.255693122671133
pool_turnover_stem_sp1,min,31,0.023003287766196312,-5.0795920913506585
pool_turnover_stem_sp1,min,32,-48.334688413426115,-9.980582646591273
pool_turnover_stem_sp1,min,33,-45.320978470127386,-9.5751781175385
pool_turnover_stem_sp1,min,34,-43.28551748097632,-9.233453142606017
pool_turnover_stem_sp1,min,35,110.48774138512661,19.755793835212955
pool_turnover_stem_sp1,min,36,2.4838629377387846,-3.8167362671926686
pool_turnover_stem_sp1,min,37,-23.36977232848516,-5.058622831794519
pool_turnover_stem_sp1,min,38,-24.019062746483197,-5.080921760499095
pool_turnover_stem_sp1,min,39,-24.289012101968844,-4.966264420623002
pool_turnover_stem_sp1,min,40,-24.138675572202928,-4.750096087312745
pool_turnover_stem_sp1,min,41,18.59107207744221,0.4977005199110778
pool_turnover_stem_sp1,min,42,-31.669282661272074,-5.130051895580859
pool_turnover_stem_sp1,min,43,-27.983661813159536,-4.399621434189449
pool_turnover_stem_sp1,min,44,-25.295190200101388,-3.7719472678764454
pool_turnover_stem_sp1,min,45,-22.895342662144543,-3.1702169662234034
pool_turnover_stem_sp1,min,46,24.338874572735545,2.5463921495392334
pool_turnover_stem_sp1,min,47,-28.033599440471377,-3.1138568550310666
pool_turnover_stem_sp1,min,48,-23.2181969393181,-2.2459098789408714
pool_turnover_stem_sp1,min,49,-19.73094713236096,-1.544378352959118
pool_turnover_stem_sp1,min,50,-16.759250912545436,-0.9192329893827136
pool_turnover_stem_sp1,min,total,-1260.245133467009,-205.90576798203165
pool_turnover_stem_sp1,max,1,-224.1115694129262,0.0
pool_turnover_stem_sp1,max,2,20.17029976650821,1.2047627991439143
pool_turnover_stem_sp1,max,3,-35.4261744334245,0.6597656231206201
pool_turnover_stem_sp1,max,4,-30.124252623379455,1.158446446441232
pool_turnover_stem_sp1,max,5,-26.678424294978846,1.5804223460863227
pool_turnover_stem_sp1,max,6,-4.737472589157278,2.558085265814303
pool_turnover_stem_sp1,max,7,-15.766558099113212,1.7674554982213593
pool_turnover_stem_sp1,max,8,-26.105882894152344,2.627620201321392
pool_turnover_stem_sp1,max,9,-20.028526849595437,2.7654858511654403
pool_turnover_stem_sp1,max,10,-9.329929527038818,2.39183443756729
pool_turnover_stem_sp1,max,11,0.6898235478526398,3.419661254253997
pool_turnover_stem_sp1,max,12,-21.872477181558107,3.5516717328900747
pool_turnover_stem_sp1,max,13,-21.13713856028475,3.8663112514929843
pool_turnover_stem_sp1,max,14,-20.913707115443483,4.176167964223126
pool_turnover_stem_sp1,max,15,0.20994162101057734,2.2213201811791277
pool_turnover_stem_sp1,max,16,1.9080838057562932,3.9984220634108825
pool_turnover_stem_sp1,max,17,-21.981590772984045,4.746771288409949
pool_turnover_stem_sp1,max,18,-21.37707465498218,5.024431479880612
pool_turnover_stem_sp1,max,19,-21.23574725914537,5.302107009383622
pool_turnover_stem_sp1,max,20,-21.216501808913907,5.574431605753208
pool_turnover_stem_sp1,max,21,4.1460201923659135,4.2678317336883
pool_turnover_stem_sp1,max,22,-26.40452322782095,6.425158607059249
pool_turnover_stem_sp1,max,23,-24.96922203348921,6.565522087049718
pool_turnover_stem_sp1,max,24,-24.238034866637747,6.735147425808982
pool_turnover_stem_sp1,max,25,-23.74462529483056,6.903296120859672
pool_turnover_stem_sp1,max,26,5.853530494652118,4.32997461320044
pool_turnover_stem_sp1,max,27,-29.297953671887274,7.7810627992556896
pool_turnover_stem_sp1,max,28,-27.236101435264885,7.729610271321981
pool_turnover_stem_sp1,max,29,-26.04719874007889,7.730326475748129
pool_turnover_stem_sp1,max,30,-25.160630986666856,7.730794032412295
pool_turnover_stem_sp1,max,31,8.810436952737339,3.7078415736204846
pool_turnover_stem_sp1,max,32,-29.82355078431042,8.530554982524421
pool_turnover_stem_sp1,max,33,-27.529216235391765,8.216584117197122
pool_turnover_stem_sp1,max,34,-26.06794050077649,7.98412383759381
pool_turnover_stem_sp1,max,35,74.73605859721367,-15.995888952699985
pool_turnover_stem_sp1,max,36,9.104992591716067,2.8043933867846143
pool_turnover_stem_sp1,max,37,-13.630441959484216,4.680707537206423
pool_turnover_stem_sp1,max,38,-14.169664277075992,4.768476708908111
pool_turnover_stem_sp1,max,39,-14.565560049359885,4.757187631985957
pool_turnover_stem_sp1,max,40,-14.72332548778888,4.665253997101303
pool_turnover_stem_sp1,max,41,17.617702076718412,-0.4756694808127193
pool_turnover_stem_sp1,max,42,-21.2044640767342,5.334766688957014
pool_turnover_stem_sp1,max,43,-18.82761924663183,4.756421132338257
pool_turnover_stem_sp1,max,44,-17.242271949629373,4.280970982595569
pool_turnover_stem_sp1,max,45,-15.897654722076522,3.8274709738446173
pool_turnover_stem_sp1,max,46,19.745274336580085,-2.0472080866162266
pool_turnover_stem_sp1,max,47,-20.8209745723722,4.09876801306811
pool_turnover_stem_sp1,max,48,-17.64174884015673,3.3305382202205003
pool_turnover_stem_sp1,max,49,-15.465121571022149,2.7214472083796934
pool_turnover_stem_sp1,max,50,-13.664728785520762,2.175289137641961
pool_turnover_stem_sp1,max,total,-867.4234374089743,186.91592807600307
proj_cover,min,1,-217.94662379255607,6.164945620370133
proj_cover,min,2,23.161287749253972,4.195750781889675
proj_cover,min,3,-28.079996630443546,8.005943426101574
proj_cover,min,4,-20.011449631073422,11.271249438747265
proj_cover,min,5,-16.907288220867212,11.351558420197957
proj_cover,min,6,0.03468137460257825,7.330239229574159
proj_cover,min,7,-10.820072031216899,6.713941566117672
proj_cover,min,8,-20.44956468958063,8.283938405893107
proj_cover,min,9,-14.880607370664997,7.91340533009588
proj_cover,min,10,-4.813583629455578,6.90818033515053
proj_cover,min,11,0.5931449339421535,3.3229826403435108
proj_cover,min,12,-22.010611271892994,3.4135376425551875
proj_cover,min,13,-19.73875323675292,5.264696575024814
proj_cover,min,14,-19.124767279613117,5.965107800053492
proj_cover,min,15,4.121604418400617,6.132982978569167
proj_cover,min,16,0.7326279374265061,2.8229661950810954
proj_cover,min,17,-23.66489430100834,3.063467760385656
proj_cover,min,18,-21.284104087391338,5.1174020474714546
proj_cover,min,19,-20.569784451490197,5.968069817038796
proj_cover,min,20,-20.550574892921833,6.240358521745282
proj_cover,min,21,2.039805248775566,2.161616790097952
proj_cover,min,22,-29.720827443251352,3.108854391628846
proj_cover,min,23,-25.288872811229076,6.245871309309852
proj_cover,min,24,-23.59092844320045,7.382253849246279
proj_cover,min,25,-23.03982541451533,7.6080960011749
proj_cover,min,26,4.147206167330017,2.6236502858783397
proj_cover,min,27,-33.42761884581617,3.651397625326794
proj_cover,min,28,-27.6973162758565,7.268395430730365
proj_cover,min,29,-25.278570631550686,8.498954584276333
proj_cover,min,30,-24.237962630615996,8.653462388463154
proj_cover,min,31,7.8454765642793305,2.742881185162476
proj_cover,min,32,-34.74842413793699,3.605681628897848
proj_cover,min,33,-28.09162256651453,7.6541777860743565
proj_cover,min,34,-25.036317133164196,9.015747205206104
proj_cover,min,35,99.89669816725801,9.164750617344353
proj_cover,min,36,10.828779847513633,4.52818064258218
proj_cover,min,37,-15.840568503461302,2.470580993229337
proj_cover,min,38,-15.57086190697342,3.3672790790106824
proj_cover,min,39,-15.148507319793465,4.174240361552377
proj_cover,min,40,-14.630115559375191,4.758463925514992
proj_cover,min,41,17.556849692869115,-0.5365218646620171
proj_cover,min,42,-25.50586594773034,1.0333648179608765
proj_cover,min,43,-18.01609690744843,5.567943471521659
proj_cover,min,44,-14.346996187909719,7.176246744315224
proj_cover,min,45,-12.301341424020936,7.423784271900203
proj_cover,min,46,22.88143126912727,1.0889488459309575
proj_cover,min,47,-22.801401379602773,2.118341205837538
proj_cover,min,48,-14.54268921519982,6.42959784517741
proj_cover,min,49,-10.458229816656742,7.7283389627451005
proj_cover,min,50,-8.166409312610181,7.673608610552542
proj_cover,min,total,-774.500451960584,279.83891352439343
proj_cover,max,1,-224.27358603274843,-0.16201661982222504
proj_cover,max,2,18.83206944522768,-0.13346752213661617
proj_cover,max,3,-36.32960285939502,-0.24366280284989728
proj_cover,max,4,-31.649548878998502,-0.36684980917781473
proj_cover,max,5,-28.68913527705606,-0.43028863599089107
proj_cover,max,6,-7.656514138741188,-0.36095628376960676
proj_cover,max,7,-17.884718264641215,-0.35070466730664407
proj_cover,max,8,-29.113841362077927,-0.38033826660419123
proj_cover,max,9,-23.172306661318583,-0.3782939605577056
proj_cover,max,10,-12.077486888111505,-0.3557229235053967
proj_cover,max,11,-2.9782179259472694,-0.24838021954591216
proj_cover,max,12,-25.646095193854602,-0.22194627940642064
proj_cover,max,13,-25.24535454719424,-0.24190473541650448
proj_cover,max,14,-25.350326307741547,-0.26045122807493826
proj_cover,max,15,-2.2824075266601103,-0.27102896649155994
proj_cover,max,16,-2.2738908033091576,-0.18355254565456836
proj_cover,max,17,-26.90171646653872,-0.17335440514472467
proj_cover,max,18,-26.609118490929557,-0.20761235606676465
proj_cover,max,19,-26.7765179687426,-0.23866370021360694
proj_cover,max,20,-27.050239351938053,-0.25930593727093765
proj_cover,max,21,-0.2780421689510879,-0.15623062762870177
proj_cover,max,22,-32.99411829545574,-0.16443646057554417
proj_cover,max,23,-31.76548755506102,-0.23074343452209334
proj_cover,max,24,-31.255735434750157,-0.28255314230342776
proj_cover,max,25,-30.96146370981217,-0.31354229412193746
proj_cover,max,26,1.3306152610481958,-0.1929406204034816
proj_cover,max,27,-37.28145890102399,-0.20244242988102457
proj_cover,max,28,-35.24412726924649,-0.2784155626596245
proj_cover,max,29,-34.11341719873085,-0.3358919829038314
proj_cover,max,30,-33.259137094541316,-0.36771207546216544
proj_cover,max,31,4.880221306374537,-0.22237407274231735
proj_cover,max,32,-38.57394840999046,-0.21984264315561575
proj_cover,max,33,-36.0467120961551,-0.30091174356621053
proj_cover,max,34,-34.412798916333415,-0.3607345779631146
proj_cover,max,35,90.33921750591841,-0.39273004399524325
proj_cover,max,36,6.016727751694228,-0.28387145323722507
proj_cover,max,37,-18.51964840271492,-0.2084989060242819
proj_cover,max,38,-19.129014795154593,-0.19087380917049046
proj_cover,max,39,-19.516331508801855,-0.19358382745601332
proj_cover,max,40,-19.591675479833267,-0.20309599494308372
proj_cover,max,41,18.037931053728304,-0.055440503802827834
proj_cover,max,42,-26.60398120518947,-0.06475043949825476
proj_cover,max,43,-23.743445071698854,-0.15940469272876712
proj_cover,max,44,-21.755449782947498,-0.2322068507225552
proj_cover,max,45,-19.999303412221234,-0.2741777163000947
proj_cover,max,46,21.667978629382358,-0.12450379381395393
proj_cover,max,47,-25.04922187337229,-0.1294792879319786
proj_cover,max,48,-21.191327892604093,-0.2190408322268631
proj_cover,max,49,-18.46910380332768,-0.2825350239258384
proj_cover,max,50,-16.152741037375975,-0.3127231142132523
proj_cover,max,total,-1066.7635553078642,-12.424189822886774
proj_fire_off,min,1,-224.1115694129262,0.0
proj_fire_off,min,2,18.965536967364297,0.0
proj_fire_off,min,3,-36.08594005654512,0.0
proj_fire_off,min,4,-31.282699069820687,0.0
proj_fire_off,min,5,-28.25884664106517,0.0
proj_fire_off,min,6,-7.295557854971581,0.0
proj_fire_off,min,7,-17.53401359733457,0.0
proj_fire_off,min,8,-28.733503095473736,0.0
proj_fire_off,min,9,-22.794012700760877,0.0
proj_fire_off,min,10,-11.721763964606108,0.0
proj_fire_off,min,11,-2.7298377064013573,0.0
proj_fire_off,min,12,-25.424148914448182,0.0
proj_fire_off,min,13,-25.003449811777735,0.0
proj_fire_off,min,14,-25.08987507966661,0.0
proj_fire_off,min,15,-2.0113785601685503,0.0
proj_fire_off,min,16,-2.0903382576545892,0.0
proj_fire_off,min,17,-26.728362061393995,0.0
proj_fire_off,min,18,-26.401506134862792,0.0
proj_fire_off,min,19,-26.537854268528992,0.0
proj_fire_off,min,20,-26.790933414667116,0.0
proj_fire_off,min,21,-0.12181154132238614,0.0
proj_fire_off,min,22,-32.8296818348802,0.0
proj_fire_off,min,23,-31.534744120538928,0.0
proj_fire_off,min,24,-30.97318229244673,0.0
proj_fire_off,min,25,-30.64792141569023,0.0
proj_fire_off,min,26,1.5235558814516774,0.0
proj_fire_off,min,27,-37.079016471142964,0.0
proj_fire_off,min,28,-34.965711706586866,0.0
proj_fire_off,min,29,-33.77752521582702,0.0
proj_fire_off,min,30,-32.89142501907915,0.0
proj_fire_off,min,31,5.102595379116854,0.0
proj_fire_off,min,32,-38.35410576683484,0.0
proj_fire_off,min,33,-35.74580035258889,0.0
proj_fire_off,min,34,-34.0520643383703,0.0
proj_fire_off,min,35,90.73194754991366,0.0
proj_fire_off,min,36,6.300599204931453,0.0
proj_fire_off,min,37,-18.31114949669064,0.0
proj_fire_off,min,38,-18.938140985984102,0.0
proj_fire_off,min,39,-19.32274768134584,0.0
proj_fire_off,min,40,-19.388579484890183,0.0
proj_fire_off,min,41,18.093371557531132,0.0
proj_fire_off,min,42,-26.539230765691215,0.0
proj_fire_off,min,43,-23.584040378970087,0.0
proj_fire_off,min,44,-21.523242932224942,0.0
proj_fire_off,min,45,-19.72512569592114,0.0
proj_fire_off,min,46,21.79248242319631,0.0
proj_fire_off,min,47,-24.91974258544031,0.0
proj_fire_off,min,48,-20.97228706037723,0.0
proj_fire_off,min,49,-18.186568779401842,0.0
proj_fire_off,min,50,-15.840017923162723,0.0
proj_fire_off,min,total,-1054.3393654849774,0.0
proj_fire_off,max,1,-224.1115694129262,0.0
proj_fire_off,max,2,18.965536967364297,0.0
proj_fire_off,max,3,-36.08594005654512,0.0
proj_fire_off,max,4,-31.282699069820687,0.0
proj_fire_off,max,5,-28.25884664106517,0.0
proj_fire_off,max,6,-7.295557854971581,0.0
proj_fire_off,max,7,-17.53401359733457,0.0
proj_fire_off,max,8,-28.733503095473736,0.0
proj_fire_off,max,9,-22.794012700760877,0.0
proj_fire_off,max,10,-11.721763964606108,0.0
proj_fire_off,max,11,-2.7298377064013573,0.0
proj_fire_off,max,12,-25.424148914448182,0.0
proj_fire_off,max,13,-25.003449811777735,0.0
proj_fire_off,max,14,-25.08987507966661,0.0
proj_fire_off,max,15,-2.0113785601685503,0.0
proj_fire_off,max,16,-2.0903382576545892,0.0
proj_fire_off,max,17,-26.728362061393995,0.0
proj_fire_off,max,18,-26.401506134862792,0.0
proj_fire_off,max,19,-26.537854268528992,0.0
proj_fire_off,max,20,-26.790933414667116,0.0
proj_fire_off,max,21,-0.12181154132238614,0.0
proj_fire_off,max,22,-32.8296818348802,0.0
proj_fire_off,max,23,-31.534744120538928,0.0
proj_fire_off,max,24,-30.97318229244673,0.0
proj_fire_off,max,25,-30.64792141569023,0.0
proj_fire_off,max,26,1.5235558814516774,0.0
proj_fire_off,max,27,-37.079016471142964,0.0
proj_fire_off,max,28,-34.965711706586866,0.0
proj_fire_off,max,29,-33.77752521582702,0.0
proj_fire_off,max,30,-32.89142501907915,0.0
proj_fire_off,max,31,5.102595379116854,0.0
proj_fire_off,max,32,-38.35410576683484,0.0
proj_fire_off,max,33,-35.74580035258889,0.0
proj_fire_off,max,34,-34.0520643383703,0.0
proj_fire_off,max,35,90.73194754991366,0.0
proj_fire_off,max,36,6.300599204931453,0.0
proj_fire_off,max,37,-18.31114949669064,0.0
proj_fire_off,max,38,-18.938140985984102,0.0
proj_fire_off,max,39,-19.32274768134584,0.0
proj_fire_off,max,40,-19.388579484890183,0.0
proj_fire_off,max,41,18.093371557531132,0.0
proj_fire_off,max,42,-26.539230765691215,0.0
proj_fire_off,max,43,-23.584040378970087,0.0
proj_fire_off,max,44,-21.523242932224942,0.0
proj_fire_off,max,45,-19.72512569592114,0.0
proj_fire_off,max,46,21.79248242319631,0.0
proj_fire_off,max,47,-24.91974258544031,0.0
proj_fire_off,max,48,-20.97228706037723,0.0
proj_fire_off,max,49,-18.186568779401842,0.0
proj_fire_off,max,50,-15.840017923162723,0.0
proj_fire_off,max,total,-1054.3393654849774,0.0
proj_fire_on,min,1,-224.1115694129262,0.0
proj_fire_on,min,2,18.965536967364297,0.0
proj_fire_on,min,3,-36.08594005654512,0.0
proj_fire_on,min,4,-14.097871264966756,17.18482780485393
proj_fire_on,min,5,-31.890892375698783,-3.632045734633614
proj_fire_on,min,6,-27.33901679693036,-20.04345894195878
proj_fire_on,min,7,2.685557731976511,20.219571329311083
proj_fire_on,min,8,-31.35909799394708,-2.625594898473345
proj_fire_on,min,9,-24.502517836322912,-1.708505135562035
proj_fire_on,min,10,6.83957066028651,18.561334624892616
proj_fire_on,min,11,-31.156809068524684,-28.426971362123325
proj_fire_on,min,12,-24.04811803632352,1.3760308781246628
proj_fire_on,min,13,-2.883448820681785,22.12000099109595
proj_fire_on,min,14,-28.999300705508922,-3.9094256258423137
proj_fire_on,min,15,-4.647351499699603,-2.6359729395310527
proj_fire_on,min,16,-4.035722757880848,-1.9453845002262584
proj_fire_on,min,17,-28.162003745455596,-1.4336416840616018
proj_fire_on,min,18,-27.460451488731774,-1.0589453538689817
proj_fire_on,min,19,-2.2208640912506,24.31699017727839
proj_fire_on,min,20,-32.60624163890889,-5.815308224241775
proj_fire_on,min,21,-31.128704021794057,-31.00689248047167
proj_fire_on,min,22,-2.2509149236672292,30.57876691121297
proj_fire_on,min,23,-35.69023501869742,-4.155490898158494
proj_fire_on,min,24,-33.732981485361364,-2.7597991929146346
proj_fire_on,min,25,-1.7321774952651374,28.915743920425093
proj_fire_on,min,26,-38.44440062677753,-39.96795650822921
proj_fire_on,min,27,-35.958058153541884,1.1209583176010796
proj_fire_on,min,28,-0.3848547743588884,34.58085693222798
proj_fire_on,min,29,-40.546631791249006,-6.769106575421986
proj_fire_on,min,30,-37.5245532835722,-4.6331282644930525
proj_fire_on,min,31,1.6669776613949998,-3.4356177177218545
proj_fire_on,min,32,-40.90266699627858,-2.5485612294437416
proj_fire_on,min,33,-37.644847682672754,-1.8990473300838673
proj_fire_on,min,34,4.446363035612537,38.498427373982835
proj_fire_on,min,35,81.39534140969619,-9.33660614021747
proj_fire_on,min,36,-72.64692987229435,-78.94752907722581
proj_fire_on,min,37,26.250915569870095,44.562065066560734
proj_fire_on,min,38,-19.463805990676416,-0.5256650046923141
proj_fire_on,min,39,-19.40149336700948,-0.07874568566363749
proj_fire_on,min,40,17.14159358547558,36.53017307036576
proj_fire_on,min,41,-26.936508274173075,-45.02987983170421
proj_fire_on,min,42,-24.194629061309772,2.344601704381443
proj_fire_on,min,43,16.182618169509624,39.76665854847971
proj_fire_on,min,44,-28.56879614116892,-7.0455532089439785
proj_fire_on,min,45,-24.564816740278655,-4.839691044357515
proj_fire_on,min,46,18.18384627592733,-3.6086361472689816
proj_fire_on,min,47,-27.61230162594567,-2.6925590405053583
proj_fire_on,min,48,-22.991906822212165,-2.019619761834935
proj_fire_on,min,49,21.226400792428745,39.41296957183059
proj_fire_on,min,50,-25.47599906868603,-9.635981145523306
proj_fire_on,min,total,-988.4207089477517,65.91865653722573
proj_fire_on,max,1,-224.1115694129262,0.0
proj_fire_on,max,2,18.965536967364297,0.0
proj_fire_on,max,3,-36.08594005654512,0.0
proj_fire_on,max,4,-31.282699069820687,0.0
proj_fire_on,max,5,-28.25884664106517,0.0
proj_fire_on,max,6,-24.916080195859795,-17.620522340888215
proj_fire_on,max,7,-13.850342542679142,3.683671054655429
proj_fire_on,max,8,-26.238249900068116,2.4952531954056205
proj_fire_on,max,9,-20.96462930876004,1.8293833920008389
proj_fire_on,max,10,-10.385428393642643,1.336335570963465
proj_fire_on,max,11,-1.754205672747057,0.9756320336543003
proj_fire_on,max,12,-24.7102830978774,0.713865816570781
proj_fire_on,max,13,-24.47853300576367,0.5249168060140654
proj_fire_on,max,14,-24.700871698894485,0.3890033807721238
proj_fire_on,max,15,-1.7199358149028559,0.29144274526569447
proj_fire_on,max,16,-31.627542556704725,-29.537204299050135
proj_fire_on,max,17,-20.393273389733597,6.335088671660397
proj_fire_on,max,18,-22.067506793149526,4.333999341713266
proj_fire_on,max,19,-23.34864151174852,3.1892127567804707
proj_fire_on,max,20,-24.449832958429255,2.341100456237861
proj_fire_on,max,21,1.5984967728973833,1.7203083142197695
proj_fire_on,max,22,-31.560162053257805,1.2695197816223924
proj_fire_on,max,23,-30.590857754995106,0.9438863655438219
proj_fire_on,max,24,-30.263755353610602,0.7094269388361276
proj_fire_on,max,25,-30.107009898468895,0.5409115172213355
proj_fire_on,max,26,-30.067515484484453,-31.59107136593613
proj_fire_on,max,27,-30.098640532646332,6.980375938496632
proj_fire_on,max,28,-30.161959051215593,4.803752655371273
proj_fire_on,max,29,-30.226799777441574,3.550725438385445
proj_fire_on,max,30,-30.269066514686333,2.6223585043928175
proj_fire_on,max,31,7.0452243341181635,1.9426289550013092
proj_fire_on,max,32,-36.905317463954866,1.4487883028799757
proj_fire_on,max,33,-34.6540276700772,1.0917726825116887
proj_fire_on,max,34,-33.217641101686596,0.8344232366837048
proj_fire_on,max,35,91.38110588984433,0.6491583399306791
proj_fire_on,max,36,-65.6354512735364,-71.93605047846786
proj_fire_on,max,37,-3.043577898021207,15.267571598669432
proj_fire_on,max,38,-8.409167709464015,10.528973276520087
proj_fire_on,max,39,-11.552522986752303,7.770224694593539
proj_fire_on,max,40,-13.665459808925634,5.723119675964549
proj_fire_on,max,41,22.31628985975104,4.2229183022199095
proj_fire_on,max,42,-23.406732789622325,3.1324979760688905
proj_fire_on,max,43,-21.23990576781885,2.3441346111512367
proj_fire_on,max,44,-19.747235919778458,1.7760070124464846
proj_fire_on,max,45,-18.35785649852687,1.3672691973942683
proj_fire_on,max,46,-17.051980578731264,-38.84446300192758
proj_fire_on,max,47,-15.807954167608635,9.111788417831676
proj_fire_on,max,48,-14.60750704349278,6.364780016884451
proj_fire_on,max,49,-13.43717093990074,4.749397839501102
proj_fire_on,max,50,-12.288066956324794,3.5519509668379285
proj_fire_on,max,total,-1110.4111011923728,-56.07173570739542
proj_mortality,min,1,-224.1115694129262,0.0
proj_mortality,min,2,18.54896199014834,-0.4165749772159586
proj_mortality,min,3,-36.41524465912989,-0.3293046025847701
proj_mortality,min,4,-31.731282695204122,-0.448583625383435
proj_mortality,min,5,-28.813147659116208,-0.5543010180510386
proj_mortality,min,6,-7.970099506457881,-0.6745416514863001
proj_mortality,min,7,-18.153232667884595,-0.6192190705500238
proj_mortality,min,8,-29.584446687426105,-0.8509435919523689
proj_mortality,min,9,-23.681717497931064,-0.887704797170187
proj_mortality,min,10,-12.498954378802502,-0.7771904141963937
proj_mortality,min,11,-3.625137729293613,-0.8953000228922559
proj_mortality,min,12,-26.58291682836088,-1.1587679139126976
proj_mortality,min,13,-26.255173886828697,-1.2517240750509622
proj_mortality,min,14,-26.441458936446384,-1.3515838567797758
proj_mortality,min,15,-2.792067395591686,-0.7806888354231356
proj_mortality,min,16,-3.1901154014650768,-1.0997771438104875
proj_mortality,min,17,-28.32758011451119,-1.5992180531171947
proj_mortality,min,18,-28.098939635185175,-1.6974335003223828
proj_mortality,min,19,-28.343594746553553,-1.8057404780245605
proj_mortality,min,20,-28.7101898494968,-1.919256434829684
proj_mortality,min,21,-1.4133223014921872,-1.291510760169801
proj_mortality,min,22,-35.143660450875196,-2.3139786159949978
proj_mortality,min,23,-33.92510143875078,-2.3903573182118514
proj_mortality,min,24,-33.462793647806734,-2.4896113553600046
proj_mortality,min,25,-33.24577653501997,-2.59785511932974
proj_mortality,min,26,0.02595061364567197,-1.4976052678060054
proj_mortality,min,27,-40.162713080170136,-3.0836966090271716
proj_mortality,min,28,-38.091885179317174,-3.126173472730308
proj_mortality,min,29,-36.980220200121394,-3.202694984294375
proj_mortality,min,30,-36.181766035900566,-3.290341016821415
proj_mortality,min,31,3.5241995445633045,-1.5783958345535498
proj_mortality,min,32,-42.21148405959319,-3.857378292758348
proj_mortality,min,33,-39.58422832692345,-3.8384279743345644
proj_mortality,min,34,-37.91902595122335,-3.8669616128530464
proj_mortality,min,35,95.6796759134771,4.947728363563442
proj_mortality,min,36,4.825167770858855,-1.4754314340725978
proj_mortality,min,37,-21.143887068324045,-2.8327375716334053
proj_mortality,min,38,-21.90583344814687,-2.9676924621627663
proj_mortality,min,39,-22.401564787475667,-3.0788171061298257
proj_mortality,min,40,-22.553412694796855,-3.1648332099066714
proj_mortality,min,41,17.476075974389026,-0.6172955831421056
proj_mortality,min,42,-30.356627115883693,-3.817396350192478
proj_mortality,min,43,-27.26251522942209,-3.6784748504520017
proj_mortality,min,44,-25.120016981119754,-3.5967740488948117
proj_mortality,min,45,-23.25269210539389,-3.527566409472751
proj_mortality,min,46,21.55312186356121,-0.23936055963510228
proj_mortality,min,47,-28.995346537179895,-4.075603951739584
proj_mortality,min,48,-24.780398678859186,-3.8081116184819557
proj_mortality,min,49,-21.813567410041003,-3.626998630639161
proj_mortality,min,50,-19.31399334183904,-3.473975418676318
proj_mortality,min,total,-1150.9155486236443,-96.57618313866692
proj_mortality,max,1,-224.1115694129262,0.0
proj_mortality,max,2,19.382111944580284,0.416574977215987
proj_mortality,max,3,-35.75841381323693,0.327526243308192
proj_mortality,max,4,-30.83737734892334,0.445321720897347
proj_mortality,max,5,-27.70986434519593,0.5489822958692407
proj_mortality,max,6,-6.629974490989375,0.665583363982206
proj_mortality,max,7,-16.924351649956034,0.6096619473785374
proj_mortality,max,8,-27.896921943660818,0.8365811518129185
proj_mortality,max,9,-21.924303948203455,0.8697087525574219
proj_mortality,max,10,-10.963863904276607,0.7579000603295007
proj_mortality,max,11,-1.8617867882981494,0.8680509181032079
proj_mortality,max,12,-24.297577289616232,1.12657162483195
proj_mortality,max,13,-23.790143780568535,1.2133060312091999
proj_mortality,max,14,-23.783551084406344,1.3063239952602643
proj_mortality,max,15,-1.2657618643041169,0.7456166958644335
proj_mortality,max,16,-1.0434037762637085,1.0469344813908807
proj_mortality,max,17,-25.19438282531326,1.5339792360807358
proj_mortality,max,18,-24.778218909511438,1.6232872253513548
proj_mortality,max,19,-24.81593713477365,1.7219171337553405
proj_mortality,max,20,-24.965924777067915,1.8250086375992005
proj_mortality,max,21,1.0823961946191076,1.2042077359414938
proj_mortality,max,22,-30.636877676293352,2.1928041585868456
proj_mortality,max,23,-29.277075948681883,2.257668171857045
proj_mortality,max,24,-28.62903163341479,2.344150659031939
proj_mortality,max,25,-28.20921751415613,2.438703901534101
proj_mortality,max,26,2.889755537611555,1.3661996561598775
proj_mortality,max,27,-34.1931676776942,2.8858487934487655
proj_mortality,max,28,-32.05066834704279,2.915043359544079
proj_mortality,max,29,-30.801056848129857,2.976468367697162
proj_mortality,max,30,-29.843396029488883,3.048028989590268
proj_mortality,max,31,6.50298255318652,1.4003871740696656
proj_mortality,max,32,-34.79036933869815,3.563736428136693
proj_mortality,max,33,-32.213734832715254,3.5320655198736333
proj_mortality,max,34,-30.506756239682076,3.545308098688224
proj_mortality,max,35,86.02311529288909,-4.708832257024568
proj_mortality,max,36,7.574997439379773,1.27439823444832
proj_mortality,max,37,-15.75437179695305,2.556777699737589
proj_mortality,max,38,-16.266006315821514,2.6721346701625883
proj_mortality,max,39,-16.557618630361926,2.7651290509839157
proj_mortality,max,40,-16.554173194690588,2.8344062901995954
proj_mortality,max,41,18.533485828515538,0.4401142709844059
proj_mortality,max,42,-23.11721902285949,3.4220117428317245
proj_mortality,max,43,-20.303312866874567,3.2807275120955204
proj_mortality,max,44,-18.330193811664586,3.1930491205603566
proj_mortality,max,45,-16.607906347121776,3.117219348799363
proj_mortality,max,46,21.854014505396393,0.061532082200081106
proj_mortality,max,47,-21.31782671375602,3.601915871684291
proj_mortality,max,48,-17.62873363200819,3.3435534283690416
proj_mortality,max,49,-15.021021728558308,3.165547050843534
proj_mortality,max,50,-12.826040544338415,3.0139773788243076
proj_mortality,max,total,-966.1462464823195,88.19311900265791
proj_thinning_delta,min,1,-224.1115694129262,0.0
proj_thinning_delta,min,2,18.965536967364297,0.0
proj_thinning_delta,min,3,-36.08594005654512,0.0
proj_thinning_delta,min,4,-31.282699069820687,0.0
proj_thinning_delta,min,5,-28.25884664106517,0.0
proj_thinning_delta,min,6,-7.295557854971581,0.0
proj_thinning_delta,min,7,-27.750439313782593,-10.216425716448022
proj_thinning_delta,min,8,-26.093356792708896,2.6401463027648404
proj_thinning_delta,min,9,-25.316677069102045,-2.522664368341168
proj_thinning_delta,min,10,-24.97507192959082,-13.25330796498471
proj_thinning_delta,min,11,-3.571305796494091,-0.8414680900927336
proj_thinning_delta,min,12,-29.339642286281507,-3.9154933718333247
proj_thinning_delta,min,13,-28.38707089372134,-3.3836210819436054
proj_thinning_delta,min,14,-28.138591764071066,-3.0487166844044573
proj_thinning_delta,min,15,-28.171916011542027,-26.16053745137348
proj_thinning_delta,min,16,-2.5282664018081924,-0.43792814415360315
proj_thinning_delta,min,17,-34.19284448547848,-7.464482424084487
proj_thinning_delta,min,18,-32.967191513303476,-6.5656853784406835
proj_thinning_delta,min,19,-32.55167018907003,-6.013815920541038
proj_thinning_delta,min,20,-32.427174523619406,-5.636241108952291
proj_thinning_delta,min,21,-1.2952962279665674,-1.1734846866441813
proj_thinning_delta,min,22,-38.930599994593734,-6.100918159713537
proj_thinning_delta,min,23,-37.27102879606823,-5.736284675529301
proj_thinning_delta,min,24,-36.50447153454574,-5.531289242099014
proj_thinning_delta,min,25,-36.04454645210703,-5.396625036416797
proj_thinning_delta,min,26,1.2724603773941237,-0.25109550405755376
proj_thinning_delta,min,27,-43.38343609205301,-6.304419620910046
proj_thinning_delta,min,28,-40.91024610807986,-5.944534401492994
proj_thinning_delta,min,29,-39.51131767085478,-5.733792455027761
proj_thinning_delta,min,30,-38.46761653129293,-5.576191512213782
proj_thinning_delta,min,31,5.592370919268658,0.489775540151804
proj_thinning_delta,min,32,-44.93858658672613,-6.58448081989129
proj_thinning_delta,min,33,-41.85870328997236,-6.112902937383474
proj_thinning_delta,min,34,-39.860189748819614,-5.808125410449314
proj_thinning_delta,min,35,33.761808418627815,-56.97013913128584
proj_thinning_delta,min,36,9.467140267764954,3.1665410628335007
proj_thinning_delta,min,37,-33.54469085205274,-15.2335413553621
proj_thinning_delta,min,38,-31.76036863053195,-12.822227644547848
proj_thinning_delta,min,39,-30.515201126017324,-11.192453444671482
proj_thinning_delta,min,40,-29.319484761335772,-9.93090527644559
proj_thinning_delta,min,41,20.452105919011085,2.3587343614799536
proj_thinning_delta,min,42,-37.0190075339289,-10.479776768237684
proj_thinning_delta,min,43,-32.67395823160279,-9.089917852632702
proj_thinning_delta,min,44,-29.627708645047786,-8.104465712822844
proj_thinning_delta,min,45,-27.019756800104552,-7.294631104183413
proj_thinning_delta,min,46,27.296645159520114,5.504162736323803
proj_thinning_delta,min,47,-33.447855456045964,-8.528112870605653
proj_thinning_delta,min,48,-28.19162024044513,-7.219333180067899
proj_thinning_delta,min,49,-24.474589094934814,-6.288020315532972
proj_thinning_delta,min,50,-21.347865385525036,-5.507847462362314
proj_thinning_delta,min,total,-1364.5559097676044,-310.21654428262696
proj_thinning_delta,max,1,-224.1115694129262,0.0
proj_thinning_delta,max,2,18.965536967364297,0.0
proj_thinning_delta,max,3,-36.08594005654512,0.0
proj_thinning_delta,max,4,-31.282699069820687,0.0
proj_thinning_delta,max,5,-28.25884664106517,0.0
proj_thinning_delta,max,6,-7.295557854971581,0.0
proj_thinning_delta,max,7,8.007050693785489,25.54106429112006
proj_thinning_delta,max,8,-35.33386895359976,-6.600365858126025
proj_thinning_delta,max,9,-16.487351550017387,6.306661150743491
proj_thinning_delta,max,10,17.32745254848398,29.049216513090087
proj_thinning_delta,max,11,-0.5749904845215843,2.154847221879773
proj_thinning_delta,max,12,-16.433931796139735,8.990217118308447
proj_thinning_delta,max,13,-17.21779283499295,7.785656976784786
proj_thinning_delta,max,14,-18.063184188319756,7.026690891346853
proj_thinning_delta,max,15,26.649852205948847,28.6612307661174
proj_thinning_delta,max,16,-0.6301340704680483,1.460204187186541
proj_thinning_delta,max,17,-15.579731211793673,11.148630849600321
proj_thinning_delta,max,18,-16.334525116562084,10.066981018300709
proj_thinning_delta,max,19,-17.113538493721432,9.42431577480756
proj_thinning_delta,max,20,-17.791777896978232,8.999155517688884
proj_thinning_delta,max,21,1.4402760387285172,1.5620875800509033
proj_thinning_delta,max,22,-22.767454899178798,10.0622269357014
proj_thinning_delta,max,23,-22.010856310528908,9.52388781001002
proj_thinning_delta,max,24,-21.739104493340534,9.234077799106196
proj_thinning_delta,max,25,-21.600635989750483,9.047285425939748
proj_thinning_delta,max,26,1.844157196871954,0.3206013154202765
proj_thinning_delta,max,27,-26.434487614956932,10.644528856186032
proj_thinning_delta,max,28,-24.917929801324888,10.047781905261978
proj_thinning_delta,max,29,-24.077033261519773,9.700491954307246
proj_thinning_delta,max,30,-23.450898202313827,9.440526816765324
proj_thinning_delta,max,31,4.225567654540129,-0.8770277245767257
proj_thinning_delta,max,32,-27.187103114230794,11.167002652604047
proj_thinning_delta,max,33,-25.378050139928895,10.367750212659992
proj_thinning_delta,max,34,-24.20049754118172,9.851566797188582
proj_thinning_delta,max,35,109.33598935068946,18.604041800775803
proj_thinning_delta,max,36,3.5023599583144254,-2.798239246617028
proj_thinning_delta,max,37,-5.612194463419524,12.698955033271115
proj_thinning_delta,max,38,-7.599825868225659,11.338315117758443
proj_thinning_delta,max,39,-8.913872762112662,10.40887491923318
proj_thinning_delta,max,40,-9.742114397917142,9.646465086973041
proj_thinning_delta,max,41,13.603682823903554,-4.4896887336275775
proj_thinning_delta,max,42,-15.305371583950206,11.233859181741009
proj_thinning_delta,max,43,-13.727683605157505,9.856356773812582
proj_thinning_delta,max,44,-12.640102710384463,8.88314022184048
proj_thinning_delta,max,45,-11.662078642086405,8.063047053834735
proj_thinning_delta,max,46,14.677039380195774,-7.115443043000537
proj_thinning_delta,max,47,-15.199770365440985,9.719972219999326
proj_thinning_delta,max,48,-12.758702146423962,8.213584913953268
proj_thinning_delta,max,49,-11.043418382409476,7.143150396992366
proj_thinning_delta,max,50,-9.597399563687748,6.2426183594749745
proj_thinning_delta,max,total,-676.5830606730883,377.7563048118891
roth_c_cover_c,min,1,-224.09344591209486,0.018123500831336514
roth_c_cover_c,min,2,18.96015658314631,-0.005380384217986034
roth_c_cover_c,min,3,-36.331616699549336,-0.24567664300421654
roth_c_cover_c,min,4,-31.781043288188176,-0.4983442183674889
roth_c_cover_c,min,5,-28.89568361928522,-0.6368369782200496
roth_c_cover_c,min,6,-7.824030052889732,-0.528472197918151
roth_c_cover_c,min,7,-18.057651766667757,-0.5236381693331857
roth_c_cover_c,min,8,-29.3196966389771,-0.586193543503363
roth_c_cover_c,min,9,-23.384008065138637,-0.58999536437776
roth_c_cover_c,min,10,-12.277102017617096,-0.5553380530109884
roth_c_cover_c,min,11,-3.09471738535424,-0.36487967895288254
roth_c_cover_c,min,12,-25.7447409344356,-0.32059201998741926
roth_c_cover_c,min,13,-25.361786590234196,-0.3583367784564615
roth_c_cover_c,min,14,-25.484280769892376,-0.3944056902257671
roth_c_cover_c,min,15,-2.4275716585277927,-0.41619309835924234
roth_c_cover_c,min,16,-2.3499669749051764,-0.2596287172505871
roth_c_cover_c,min,17,-26.97196956348572,-0.2436075020917272
roth_c_cover_c,min,18,-26.707994808445473,-0.30648867358268106
roth_c_cover_c,min,19,-26.902698440409896,-0.3648441718809039
roth_c_cover_c,min,20,-27.195640535970796,-0.40470712130368014
roth_c_cover_c,min,21,-0.3414850296215013,-0.21967348829911515
roth_c_cover_c,min,22,-33.06671240283693,-0.2370305679567295
roth_c_cover_c,min,23,-31.892516200498815,-0.35777207995988647
roth_c_cover_c,min,24,-31.427288686022496,-0.454106393575767
roth_c_cover_c,min,25,-31.161103733284897,-0.5131823175946657
roth_c_cover_c,min,26,1.2269026497644737,-0.2966532316872037
roth_c_cover_c,min,27,-37.395643059809046,-0.3166265886660824
roth_c_cover_c,min,28,-35.42035174538067,-0.454640038793805
roth_c_cover_c,min,29,-34.338798449750406,-0.5612732339233872
roth_c_cover_c,min,30,-33.513298820449364,-0.6218738013702136
roth_c_cover_c,min,31,4.742270977754904,-0.3603244013619502
roth_c_cover_c,min,32,-38.71226993543831,-0.3581641686034658
roth_c_cover_c,min,33,-36.2507148829161,-0.5049145303272127
roth_c_cover_c,min,34,-34.66748678485353,-0.6154224464832296
roth_c_cover_c,min,35,90.05589909633575,-0.6760484535779057
roth_c_cover_c,min,36,5.819956261437424,-0.48064294349402914
roth_c_cover_c,min,37,-18.656979128688366,-0.3458296319977272
roth_c_cover_c,min,38,-19.251542703939755,-0.31340171795565297
roth_c_cover_c,min,39,-19.641080405261597,-0.3183327239157556
roth_c_cover_c,min,40,-19.724525106746285,-0.33594562185610144
roth_c_cover_c,min,41,18.025334907976546,-0.06803664955458544
roth_c_cover_c,min,42,-26.624922713773067,-0.08569194808185188
roth_c_cover_c,min,43,-23.83986742989522,-0.25582705092513436
roth_c_cover_c,min,44,-21.912423556825555,-0.38918062460061265
roth_c_cover_c,min,45,-20.192630755710283,-0.4675050597891435
roth_c_cover_c,min,46,21.594865712233286,-0.19761671096302535
roth_c_cover_c,min,47,-25.128478334117503,-0.20873574867719213
roth_c_cover_c,min,48,-21.342601357094694,-0.3703142967174635
roth_c_cover_c,min,49,-18.673795458132524,-0.48722667873068204
roth_c_cover_c,min,50,-16.384348407922182,-0.5443304847594597
roth_c_cover_c,min,total,-1073.3411246223895,-19.001759137412137
roth_c_cover_c,max,1,-224.1285325554313,-0.0169631425050909
roth_c_cover_c,max,2,18.97039501751682,0.004858050152524385
roth_c_cover_c,max,3,-35.84625618286845,0.2396838736766682
roth_c_cover_c,max,4,-30.79884968536363,0.4838493844570557
roth_c_cover_c,max,5,-27.652337142812225,0.6065094982529438
roth_c_cover_c,max,6,-6.806925430169711,0.4886324248018701
roth_c_cover_c,max,7,-17.061021001168815,0.4729925961657564
roth_c_cover_c,max,8,-28.2002462991143,0.533256796359435
roth_c_cover_c,max,9,-22.260545902421935,0.5334667983389423
roth_c_cover_c,max,10,-11.22594576798835,0.4958181966177584
roth_c_cover_c,max,11,-2.4202621264988227,0.3095755799025346
roth_c_cover_c,max,12,-25.156584571962807,0.2675643424853753
roth_c_cover_c,max,13,-24.690703348725897,0.3127464630518375
roth_c_cover_c,max,14,-24.738844506273754,0.3510305733928547
roth_c_cover_c,max,15,-1.6379438933773747,0.37343466679117565
roth_c_cover_c,max,16,-1.8688533660753834,0.2214848915792058
roth_c_cover_c,max,17,-26.522028752421292,0.2063333089727024
roth_c_cover_c,max,18,-26.126365679041744,0.27514045582104885
roth_c_cover_c,max,19,-26.20425971380036,0.33359455472863075
roth_c_cover_c,max,20,-26.41908004681813,0.3718533678489848
roth_c_cover_c,max,21,0.06860213823698214,0.19041367955936828
roth_c_cover_c,max,22,-32.62323116489141,0.20645066998879003
roth_c_cover_c,max,23,-31.203018090680164,0.3317260298587641
roth_c_cover_c,max,24,-30.54845190730097,0.4247303851457609
roth_c_cover_c,max,25,-30.16919421578452,0.47872719990571255
roth_c_cover_c,max,26,1.787420937276209,0.2638650558245317
roth_c_cover_c,max,27,-36.79858919682799,0.28042727431497383
roth_c_cover_c,max,28,-34.54291488698307,0.42279681960379634
roth_c_cover_c,max,29,-33.25264668736164,0.5248785284653792
roth_c_cover_c,max,30,-32.31207398346004,0.579351035619112
roth_c_cover_c,max,31,5.422470108016585,0.31987472889973034
roth_c_cover_c,max,32,-38.0389685100359,0.3151372567989412
roth_c_cover_c,max,33,-35.278417628080355,0.467382724508532
roth_c_cover_c,max,34,-33.47808520532774,0.5739791330425632
roth_c_cover_c,max,35,91.3607528939067,0.6288053439930508
roth_c_cover_c,max,36,6.734303400465956,0.4337041955345029
roth_c_cover_c,max,37,-18.011653154136294,0.2994963425543453
roth_c_cover_c,max,38,-18.66261949197836,0.27552149400574066
roth_c_cover_c,max,39,-19.03676659225203,0.2859810890938128
roth_c_cover_c,max,40,-19.08142876634192,0.3071507185482645
roth_c_cover_c,max,41,18.14207109629282,0.04869953876168864
roth_c_cover_c,max,42,-26.470662263063076,0.06856850262813907
roth_c_cover_c,max,43,-23.33688721743178,0.24715316153830713
roth_c_cover_c,max,44,-21.14598214314381,0.3772607890811308
roth_c_cover_c,max,45,-19.275766163557606,0.449359532363534
roth_c_cover_c,max,46,21.97356139559784,0.18107897240152937
roth_c_cover_c,max,47,-24.731302904005133,0.18843968143517742
roth_c_cover_c,max,48,-20.616959435204883,0.35532762517234673
roth_c_cover_c,max,49,-17.719524948044665,0.4670438313571772
roth_c_cover_c,max,50,-15.322743622357248,0.5172743008054752
roth_c_cover_c,max,total,-1036.9638971632749,17.375468321702556
roth_c_dpm_frac_crop,min,1,-223.9939827765924,0.11758663633381161
roth_c_dpm_frac_crop,min,2,18.968949892123888,0.003412924759590652
roth_c_dpm_frac_crop,min,3,-36.09264369887916,-0.006703642334038307
roth_c_dpm_frac_crop,min,4,-31.28824716971972,-0.0055480998990340424
roth_c_dpm_frac_crop,min,5,-28.263156263966366,-0.004309622901196519
roth_c_dpm_frac_crop,min,6,-7.162420965683732,0.13313688928784906
roth_c_dpm_frac_crop,min,7,-17.464517164046566,0.06949643328800548
roth_c_dpm_frac_crop,min,8,-28.685846458751758,0.047656636721978174
roth_c_dpm_frac_crop,min,9,-22.759104725095476,0.03490797566540138
roth_c_dpm_frac_crop,min,10,-11.696230621017245,0.02553334358886339
roth_c_dpm_frac_crop,min,11,-2.668288844896639,0.06154886150471839
roth_c_dpm_frac_crop,min,12,-25.395083235095864,0.02906567935231763
roth_c_dpm_frac_crop,min,13,-24.98386487663371,0.019584935144024485
roth_c_dpm_frac_crop,min,14,-25.075451377854076,0.014423701812532386
roth_c_dpm_frac_crop,min,15,-2.0006568208413444,0.010721739327205881
roth_c_dpm_frac_crop,min,16,-2.04403289981991,0.04630535783467904
roth_c_dpm_frac_crop,min,17,-26.728273299863485,8.876153050962898e-05
roth_c_dpm_frac_crop,min,18,-26.40492528473972,-0.003419149876926042
roth_c_dpm_frac_crop,min,19,-26.540328694892676,-0.0024744263636833352
roth_c_dpm_frac_crop,min,20,-26.79252361006485,-0.0015901953977355276
roth_c_dpm_frac_crop,min,21,-0.08443268374478663,0.03737885757759951
roth_c_dpm_frac_crop,min,22,-32.81393463949936,0.015747195380839685
roth_c_dpm_frac_crop,min,23,-31.524230112029663,0.010514008509264983
roth_c_dpm_frac_crop,min,24,-30.965190711467233,0.007991580979496149
roth_c_dpm_frac_crop,min,25,-30.641763691436594,0.006157724253636587
roth_c_dpm_frac_crop,min,26,1.56201289517286,0.0384570137211826
roth_c_dpm_frac_crop,min,27,-37.08049787780832,-0.0014814066653556779
roth_c_dpm_frac_crop,min,28,-34.96977743461439,-0.004065728027526916
roth_c_dpm_frac_crop,min,29,-33.78040507835744,-0.002879862530420496
roth_c_dpm_frac_crop,min,30,-32.89327539583368,-0.00185037675453259
roth_c_dpm_frac_crop,min,31,5.13519656365226,0.03260118453540528
roth_c_dpm_frac_crop,min,32,-38.27886213341773,0.07524363341710938
roth_c_dpm_frac_crop,min,33,-35.68485863993539,0.06094171265349502
roth_c_dpm_frac_crop,min,34,-34.00652124831018,0.04554309006012147
roth_c_dpm_frac_crop,min,35,90.76577373316468,0.03382618325102271
roth_c_dpm_frac_crop,min,36,6.325695407859351,0.025096202927898048
roth_c_dpm_frac_crop,min,37,-18.292469717017163,0.01867977967347656
roth_c_dpm_frac_crop,min,38,-18.924136442859396,0.014004543124706004
roth_c_dpm_frac_crop,min,39,-19.31212914062819,0.010618540717651115
roth_c_dpm_frac_crop,min,40,-19.38040645170481,0.008173033185371992
roth_c_dpm_frac_crop,min,41,18.09978129241633,0.0064097348851994695
roth_c_dpm_frac_crop,min,42,-26.534091916733132,0.005138848958083031
roth_c_dpm_frac_crop,min,43,-23.579821199706476,0.004219179263611039
roth_c_dpm_frac_crop,min,44,-21.519687794291176,0.0035551379337661615
roth_c_dpm_frac_crop,min,45,-19.722055685217278,0.003070010703861925
roth_c_dpm_frac_crop,min,46,21.795196198212302,0.0027137750159909046
roth_c_dpm_frac_crop,min,47,-24.91729078724171,0.0024517981985994197
roth_c_dpm_frac_crop,min,48,-20.97003213509277,0.002254925284461251
roth_c_dpm_frac_crop,min,49,-18.184464364590653,0.0021044148111890593
roth_c_dpm_frac_crop,min,50,-15.838029953839882,0.0019879693228403994
roth_c_dpm_frac_crop,min,total,-1053.2853380412305,1.054027443746918
roth_c_dpm_frac_crop,max,1,-224.2291559606315,-0.11758654770528665
roth_c_dpm_frac_crop,max,2,18.96212418126522,-0.0034127860990764702
roth_c_dpm_frac_crop,max,3,-36.07923661195066,0.006703444594457153
roth_c_dpm_frac_crop,max,4,-31.277150839011647,0.005548230809040433
roth_c_dpm_frac_crop,max,5,-28.254537201420362,0.0043094396448069006
roth_c_dpm_frac_crop,max,6,-7.428694768019055,-0.13313691304747355
roth_c_dpm_frac_crop,max,7,-17.60350980938973,-0.0694962120551601
roth_c_dpm_frac_crop,max,8,-28.781159930054663,-0.047656834580926954
roth_c_dpm_frac_crop,max,9,-22.828920586676603,-0.034907885915725245
roth_c_dpm_frac_crop,max,10,-11.747297386159767,-0.025533421553658897
roth_c_dpm_frac_crop,max,11,-2.7913865266523694,-0.06154882025101216
roth_c_dpm_frac_crop,max,12,-25.453214512275274,-0.02906559782709195
roth_c_dpm_frac_crop,max,13,-25.023034964868025,-0.019585153090289964
roth_c_dpm_frac_crop,max,14,-25.104298941940588,-0.014423862273979182
roth_c_dpm_frac_crop,max,15,-2.0221000968259046,-0.010721536657354314
roth_c_dpm_frac_crop,max,16,-2.1366431700991293,-0.04630491244454005
roth_c_dpm_frac_crop,max,17,-26.72845086819924,-8.880680524470108e-05
roth_c_dpm_frac_crop,max,18,-26.398086663018052,0.0034194718447402295
roth_c_dpm_frac_crop,max,19,-26.535379810610504,0.0024744579184883264
roth_c_dpm_frac_crop,max,20,-26.789343302584612,0.001590112082503481
roth_c_dpm_frac_crop,max,21,-0.1591914933375289,-0.03737995201514277
roth_c_dpm_frac_crop,max,22,-32.84542964093889,-0.015747806058691083
roth_c_dpm_frac_crop,max,23,-31.54525823145845,-0.010514110919523034
roth_c_dpm_frac_crop,max,24,-30.98117446410441,-0.007992171657679847
roth_c_dpm_frac_crop,max,25,-30.65407852499796,-0.006157109307729058
roth_c_dpm_frac_crop,max,26,1.48509875723524,-0.03845712421643732
roth_c_dpm_frac_crop,max,27,-37.07753413282324,0.0014823383197253293
roth_c_dpm_frac_crop,max,28,-34.96164660108661,0.004065105500252741
roth_c_dpm_frac_crop,max,29,-33.77464583132077,0.002879384506250915
roth_c_dpm_frac_crop,max,30,-32.88957450241607,0.0018505166630831127
roth_c_dpm_frac_crop,max,31,5.069994728039837,-0.032600651077017595
roth_c_dpm_frac_crop,max,32,-38.42934925971061,-0.07524349287577081
roth_c_dpm_frac_crop,max,33,-35.80674042997292,-0.060940077384032065
roth_c_dpm_frac_crop,max,34,-34.097607156741496,-0.04554281837119589
roth_c_dpm_frac_crop,max,35,90.69812149270261,-0.03382605721104426
roth_c_dpm_frac_crop,max,36,6.2755037400352585,-0.02509546489619474
roth_c_dpm_frac_crop,max,37,-18.32982837140292,-0.018678874712282578
roth_c_dpm_frac_crop,max,38,-18.952146363649973,-0.014005377665871066
roth_c_dpm_frac_crop,max,39,-19.333365596043507,-0.010617914697665043
roth_c_dpm_frac_crop,max,40,-19.396752213173443,-0.008172728283259545
roth_c_dpm_frac_crop,max,41,18.086961947145916,-0.006409610385215814
roth_c_dpm_frac_crop,max,42,-26.54436803054736,-0.005137264856145407
roth_c_dpm_frac_crop,max,43,-23.58826044281685,-0.004220063846762656
roth_c_dpm_frac_crop,max,44,-21.52679695311654,-0.0035540208915989524
roth_c_dpm_frac_crop,max,45,-19.728195848162006,-0.003070152240866264
roth_c_dpm_frac_crop,max,46,21.78976701892722,-0.0027154042690931135
roth_c_dpm_frac_crop,max,47,-24.922194284701057,-0.0024516992607459542
roth_c_dpm_frac_crop,max,48,-20.974542402767145,-0.002255342389915427
roth_c_dpm_frac_crop,max,49,-18.188673746342463,-0.0021049669406210114
roth_c_dpm_frac_crop,max,50,-15.84200633213546,-0.001988408972737332
roth_c_dpm_frac_crop,max,total,-1055.393390938804,-1.0540254538266254
roth_c_dpm_frac_tree,min,1,-224.1172558949068,-0.00568648198060373
roth_c_dpm_frac_tree,min,2,18.944570146186795,-0.02096682117750248
roth_c_dpm_frac_tree,min,3,-36.507577105748226,-0.4216370492031061
roth_c_dpm_frac_tree,min,4,-31.653347673151536,-0.37064860333084937
roth_c_dpm_frac_tree,min,5,-28.55490298930234,-0.29605634823717253
roth_c_dpm_frac_tree,min,6,-7.3026354778358415,-0.007077622864260391
roth_c_dpm_frac_tree,min,7,-17.769222438251713,-0.23520884091714223
roth_c_dpm_frac_tree,min,8,-29.0010505096192,-0.267547414145465
roth_c_dpm_frac_tree,min,9,-22.95197350144252,-0.15796080068164287
roth_c_dpm_frac_tree,min,10,-11.85606319900232,-0.13429923439621128
roth_c_dpm_frac_tree,min,11,-2.597062171252561,0.13277553514879648
roth_c_dpm_frac_tree,min,12,-25.56025993400536,-0.13611101955717686
roth_c_dpm_frac_tree,min,13,-25.153520087352618,-0.15007027557488328
roth_c_dpm_frac_tree,min,14,-25.23000973973582,-0.1401346600692115
roth_c_dpm_frac_tree,min,15,-2.1442914944800813,-0.13291293431153095
roth_c_dpm_frac_tree,min,16,-1.93201368171295,0.15832457594163918
roth_c_dpm_frac_tree,min,17,-26.852027725239353,-0.12366566384535815
roth_c_dpm_frac_tree,min,18,-26.54582326595947,-0.14431713109667754
roth_c_dpm_frac_tree,min,19,-26.676453234883848,-0.1385989663548557
roth_c_dpm_frac_tree,min,20,-26.925168513318912,-0.1342350986517964
roth_c_dpm_frac_tree,min,21,0.10869489745080108,0.23050643877318722
roth_c_dpm_frac_tree,min,22,-33.01705143301454,-0.18736959813433884
roth_c_dpm_frac_tree,min,23,-31.741901763602463,-0.20715764306353535
roth_c_dpm_frac_tree,min,24,-31.162361910838655,-0.18917961839192543
roth_c_dpm_frac_tree,min,25,-30.82278030163496,-0.17485888594472954
roth_c_dpm_frac_tree,min,26,1.7908103494097274,0.26725446795804997
roth_c_dpm_frac_tree,min,27,-37.30392883514071,-0.2249123639977455
roth_c_dpm_frac_tree,min,28,-35.20934001140876,-0.2436283048218968
roth_c_dpm_frac_tree,min,29,-33.9956245954534,-0.2180993796263806
roth_c_dpm_frac_tree,min,30,-33.08890177178236,-0.19747675270320997
roth_c_dpm_frac_tree,min,31,5.425050561921942,0.3224551828050872
roth_c_dpm_frac_tree,min,32,-38.60352267547938,-0.24941690864454102
roth_c_dpm_frac_tree,min,33,-36.014195890943654,-0.2683955383547669
roth_c_dpm_frac_tree,min,34,-34.287899611057654,-0.23583527268735338
roth_c_dpm_frac_tree,min,35,90.52283708132269,-0.20911046859096416
roth_c_dpm_frac_tree,min,36,6.505933223213747,0.20533401828229358
roth_c_dpm_frac_tree,min,37,-18.299829749794842,0.011319746895797067
roth_c_dpm_frac_tree,min,38,-18.969061332395604,-0.03092034641150221
roth_c_dpm_frac_tree,min,39,-19.371389022965012,-0.04864134161917022
roth_c_dpm_frac_tree,min,40,-19.449176919621323,-0.06059743473113954
roth_c_dpm_frac_tree,min,41,18.53595749255527,0.44258593502413746
roth_c_dpm_frac_tree,min,42,-26.69286834350831,-0.15363757781709353
roth_c_dpm_frac_tree,min,43,-23.768101738652124,-0.18406135968203685
roth_c_dpm_frac_tree,min,44,-21.681492226748528,-0.1582492945235856
roth_c_dpm_frac_tree,min,45,-19.860607014757424,-0.135481318836284
roth_c_dpm_frac_tree,min,46,22.222819668361367,0.430337245165056
roth_c_dpm_frac_tree,min,47,-25.106878608452444,-0.18713602301213328
roth_c_dpm_frac_tree,min,48,-21.17667406968068,-0.20438700930344922
roth_c_dpm_frac_tree,min,49,-18.35205694972457,-0.16548817032272822
roth_c_dpm_frac_tree,min,50,-15.972900940678738,-0.13288301751601495
roth_c_dpm_frac_tree,min,total,-1059.2225309341152,-4.883165449137778
roth_c_dpm_frac_tree,max,1,-224.1058829087046,0.005686504221614541
roth_c_dpm_frac_tree,max,2,18.986503803456408,0.020966836092110697
roth_c_dpm_frac_tree,max,3,-35.66430310870368,0.4216369478414421
roth_c_dpm_frac_tree,max,4,-30.912050372609905,0.37064869721078253
roth_c_dpm_frac_tree,max,5,-27.962790401050043,0.2960562400151261
roth_c_dpm_frac_tree,max,6,-7.288480354233117,0.0070775007384638045
roth_c_dpm_frac_tree,max,7,-17.298804589378783,0.23520900795578825
roth_c_dpm_frac_tree,max,8,-28.465955792426513,0.2675473030472233
roth_c_dpm_frac_tree,max,9,-22.636051826777738,0.1579608739831393
roth_c_dpm_frac_tree,max,10,-11.58746468908165,0.13429927552445875
roth_c_dpm_frac_tree,max,11,-2.8626132081725744,-0.1327755017712171
roth_c_dpm_frac_tree,max,12,-25.288037774088284,0.13611114035989758
roth_c_dpm_frac_tree,max,13,-24.85337977179122,0.15007003998651314
roth_c_dpm_frac_tree,max,14,-24.94974043275977,0.1401346469068372
roth_c_dpm_frac_tree,max,15,-1.8784648774975254,0.13291368267102488
roth_c_dpm_frac_tree,max,16,-2.248662263261178,-0.15832400560658888
roth_c_dpm_frac_tree,max,17,-26.60469644032035,0.12366562107364487
roth_c_dpm_frac_tree,max,18,-26.257188985371595,0.14431714949119723
roth_c_dpm_frac_tree,max,19,-26.399255599034372,0.13859866949461974
roth_c_dpm_frac_tree,max,20,-26.656697137618718,0.13423627704839802
roth_c_dpm_frac_tree,max,21,-0.35231837221647666,-0.23050683089409052
roth_c_dpm_frac_tree,max,22,-32.64231228362181,0.18736955125838506
roth_c_dpm_frac_tree,max,23,-31.32758712120701,0.207156999331918
roth_c_dpm_frac_tree,max,24,-30.78400417774753,0.18917811469919954
roth_c_dpm_frac_tree,max,25,-30.47306328225968,0.17485813343055057
roth_c_dpm_frac_tree,max,26,1.2563013633383773,-0.26725451811330014
roth_c_dpm_frac_tree,max,27,-36.85410347722048,0.2249129939224872
roth_c_dpm_frac_tree,max,28,-34.72208380746764,0.24362789911922533
roth_c_dpm_frac_tree,max,29,-33.55942660369863,0.21809861212838655
roth_c_dpm_frac_tree,max,30,-32.69394669593009,0.19747832314906333
roth_c_dpm_frac_tree,max,31,4.780140335673859,-0.3224550434429956
roth_c_dpm_frac_tree,max,32,-38.10468894124356,0.24941682559128253
roth_c_dpm_frac_tree,max,33,-35.477403761481455,0.2683965911074324
roth_c_dpm_frac_tree,max,34,-33.81622894101434,0.23583539735596304
roth_c_dpm_frac_tree,max,35,90.94105803242037,0.20911048250671627
roth_c_dpm_frac_tree,max,36,6.095266427361007,-0.20533277757044655
roth_c_dpm_frac_tree,max,37,-18.322468805742083,-0.011319309051444293
roth_c_dpm_frac_tree,max,38,-18.90722101162778,0.030919974356322655
roth_c_dpm_frac_tree,max,39,-19.274105999423057,0.04864168192278484
roth_c_dpm_frac_tree,max,40,-19.327981604800975,0.06059788008920819
roth_c_dpm_frac_tree,max,41,17.65078538292786,-0.4425861746032709
roth_c_dpm_frac_tree,max,42,-26.38559127170086,0.15363949399035448
roth_c_dpm_frac_tree,max,43,-23.3999795079724,0.18406087099768698
roth_c_dpm_frac_tree,max,44,-21.364993367614705,0.15824956461023731
roth_c_dpm_frac_tree,max,45,-19.589644637254533,0.1354810586666062
roth_c_dpm_frac_tree,max,46,21.3621448460486,-0.4303375771477107
roth_c_dpm_frac_tree,max,47,-24.732606277153504,0.1871363082868065
roth_c_dpm_frac_tree,max,48,-20.767900496159665,0.20438656421756463
roth_c_dpm_frac_tree,max,49,-18.02108064381071,0.16548813559113285
roth_c_dpm_frac_tree,max,50,-15.70713467019345,0.13288325296927184
roth_c_dpm_frac_tree,max,total,-1049.4561961002175,4.883169384759867
roth_c_moisture_b_slope,min,1,-224.15897493646227,-0.04740552353607086
roth_c_moisture_b_slope,min,2,18.978906638497754,0.013369671133457217
roth_c_moisture_b_slope,min,3,-35.392776737965335,0.693163318579785
roth_c_moisture_b_slope,min,4,-29.89331371964778,1.3893853501729083
roth_c_moisture_b_slope,min,5,-26.548907617558644,1.709939023506525
roth_c_moisture_b_slope,min,6,-5.957738414217072,1.337819440754509
roth_c_moisture_b_slope,min,7,-16.264272383380767,1.2697412139538038
roth_c_moisture_b_slope,min,8,-27.288789650785755,1.4447134446879808
roth_c_moisture_b_slope,min,9,-21.355670868735753,1.4383418320251238
roth_c_moisture_b_slope,min,10,-10.399514635168371,1.3222493294377369
roth_c_moisture_b_slope,min,11,-1.9449627530737765,0.7848749533275807
roth_c_moisture_b_slope,min,12,-24.753049909391905,0.6710990050562771
roth_c_moisture_b_slope,min,13,-24.179716233062933,0.8237335787148012
roth_c_moisture_b_slope,min,14,-24.14813443599014,0.9417406436764679
roth_c_moisture_b_slope,min,15,-1.0030093238090902,1.00836923635946
roth_c_moisture_b_slope,min,16,-1.52049761829812,0.5698406393564692
roth_c_moisture_b_slope,min,17,-26.198939034230808,0.5294230271631868
roth_c_moisture_b_slope,min,18,-25.655290950168673,0.746215184694119
roth_c_moisture_b_slope,min,19,-25.620495244399553,0.9173590241294391
roth_c_moisture_b_slope,min,20,-25.766297390717362,1.0246360239497534
roth_c_moisture_b_slope,min,21,0.3743714588005451,0.49618300012293126
roth_c_moisture_b_slope,min,22,-32.28650110702848,0.5431807278517198
roth_c_moisture_b_slope,min,23,-30.611831867199694,0.9229122533392342
roth_c_moisture_b_slope,min,24,-29.78596103557711,1.1872212568696199
roth_c_moisture_b_slope,min,25,-29.31556859864451,1.3323528170457202
roth_c_moisture_b_slope,min,26,2.2243442252216536,0.7007883437699762
roth_c_moisture_b_slope,min,27,-36.33347051349221,0.745545957650755
roth_c_moisture_b_slope,min,28,-33.789830055989604,1.1758816505972618
roth_c_moisture_b_slope,min,29,-32.31310567290055,1.4644195429264713
roth_c_moisture_b_slope,min,30,-31.282672624942677,1.6087523941364736
roth_c_moisture_b_slope,min,31,5.9494294113865465,0.8468340322696921
roth_c_moisture_b_slope,min,32,-37.522322681534355,0.8317830853004864
roth_c_moisture_b_slope,min,33,-34.45124334651322,1.2945570060756637
roth_c_moisture_b_slope,min,34,-32.454059272218444,1.5980050661518561
roth_c_moisture_b_slope,min,35,92.47599858015212,1.7440510302384666
roth_c_moisture_b_slope,min,36,7.468441716534471,1.167842511603018
roth_c_moisture_b_slope,min,37,-17.534170635665873,0.7769788610247659
roth_c_moisture_b_slope,min,38,-18.209162436131585,0.728978549852517
roth_c_moisture_b_slope,min,39,-18.548848885986843,0.7738987953589991
roth_c_moisture_b_slope,min,40,-18.544225736136255,0.8443537487539281
roth_c_moisture_b_slope,min,41,18.196127956233127,0.10275639870199527
roth_c_moisture_b_slope,min,42,-26.368987815764843,0.17024294992637223
roth_c_moisture_b_slope,min,43,-22.868499283901357,0.7155410950687298
roth_c_moisture_b_slope,min,44,-20.435545382111663,1.0876975501132797
roth_c_moisture_b_slope,min,45,-18.443355250813507,1.2817704451076324
roth_c_moisture_b_slope,min,46,22.283654199301402,0.4911717761050909
roth_c_moisture_b_slope,min,47,-24.411469893467043,0.5082726919732679
roth_c_moisture_b_slope,min,48,-19.959328214123353,1.012958846253877
roth_c_moisture_b_slope,min,49,-16.85873167468229,1.3278371047195527
roth_c_moisture_b_slope,min,50,-14.382550717374748,1.4574672057879745
roth_c_moisture_b_slope,min,total,-1006.8105203731368,47.52884511184061
roth_c_moisture_b_slope,max,1,-224.0537468787529,0.057822534173311624
roth_c_moisture_b_slope,max,2,18.947333407166965,-0.018203560197331825
roth_c_moisture_b_slope,max,3,-36.83244147657533,-0.7465014200302136
roth_c_moisture_b_slope,max,4,-32.798718733941016,-1.5160196641203285
roth_c_moisture_b_slope,max,5,-30.23392320389445,-1.9750765628292797
roth_c_moisture_b_slope,max,6,-8.981370342376323,-1.6858124874047418
roth_c_moisture_b_slope,max,7,-19.248983221035953,-1.714969623701382
roth_c_moisture_b_slope,max,8,-30.644489726910024,-1.9109866314362876
roth_c_moisture_b_slope,max,9,-24.731402224215337,-1.9373895234544598
roth_c_moisture_b_slope,max,10,-13.571080229327212,-1.8493162647211037
roth_c_moisture_b_slope,max,11,-4.005863587119746,-1.276025880718389
roth_c_moisture_b_slope,max,12,-26.569387767515114,-1.1452388530669317
roth_c_moisture_b_slope,max,13,-26.23685736575804,-1.2334075539803067
roth_c_moisture_b_slope,max,14,-26.422615395970183,-1.3327403163035747
roth_c_moisture_b_slope,max,15,-3.4056838544708326,-1.3943052943022822
roth_c_moisture_b_slope,max,16,-3.005076839419438,-0.9147385817648486
roth_c_moisture_b_slope,max,17,-27.59654147503903,-0.8681794136450343
roth_c_moisture_b_slope,max,18,-27.43380186265227,-1.032295727789478
roth_c_moisture_b_slope,max,19,-27.739991051560857,-1.2021367830318646
roth_c_moisture_b_slope,max,20,-28.11385145818943,-1.3229180435223142
roth_c_moisture_b_slope,max,21,-0.8833667193148006,-0.7615551779924145
roth_c_moisture_b_slope,max,22,-33.65130593416349,-0.8216240992832908
roth_c_moisture_b_slope,max,23,-32.695132322401896,-1.1603882018629683
roth_c_moisture_b_slope,max,24,-32.42645967797337,-1.4532773855266399
roth_c_moisture_b_slope,max,25,-32.29023355739845,-1.6423121417082207
roth_c_moisture_b_slope,max,26,0.5288270281007592,-0.9947288533509182
roth_c_moisture_b_slope,max,27,-38.150568756508854,-1.0715522853658896
roth_c_moisture_b_slope,max,28,-36.42838079716235,-1.4626690905754813
roth_c_moisture_b_slope,max,29,-35.568380125415665,-1.7908549095886457
roth_c_moisture_b_slope,max,30,-34.880116438163725,-1.9886914190845744
roth_c_moisture_b_slope,max,31,3.895167131811692,-1.2074282473051623
roth_c_moisture_b_slope,max,32,-39.57178799474535,-1.2176822279105082
roth_c_moisture_b_slope,max,33,-37.377425387439075,-1.6316250348501882
roth_c_moisture_b_slope,max,34,-36.021401849655014,-1.9693375112847136
roth_c_moisture_b_slope,max,35,88.56583664354268,-2.1661109063709745
roth_c_moisture_b_slope,max,36,4.714177155000651,-1.5864220499308024
roth_c_moisture_b_slope,max,37,-19.5031030284621,-1.1919535317714605
roth_c_moisture_b_slope,max,38,-20.00820243697089,-1.0700614509867883
roth_c_moisture_b_slope,max,39,-20.389542691247055,-1.0667950099012131
roth_c_moisture_b_slope,max,40,-20.4945617624664,-1.1059822775762171
roth_c_moisture_b_slope,max,41,17.813324300835802,-0.2800472566953296
roth_c_moisture_b_slope,max,42,-26.86937933514834,-0.33014856945712623
roth_c_moisture_b_slope,max,43,-24.3835168082958,-0.7994764293257113
roth_c_moisture_b_slope,max,44,-22.722075967996954,-1.1988330357720116
roth_c_moisture_b_slope,max,45,-21.171239918096337,-1.446114222175197
roth_c_moisture_b_slope,max,46,21.15332328671384,-0.6391591364824727
roth_c_moisture_b_slope,max,47,-25.610995059424557,-0.691252473984246
roth_c_moisture_b_slope,max,48,-22.12003070893433,-1.1477436485570998
roth_c_moisture_b_slope,max,49,-19.694108340918497,-1.507539561516655
roth_c_moisture_b_slope,max,50,-17.536871320642355,-1.6968533974796323
roth_c_moisture_b_slope,max,total,-1116.4560246804967,-62.11665919551933
roth_c_temp_a1,min,1,-224.08254562676512,0.02902378616107626
roth_c_temp_a1,min,2,18.956794652608888,-0.008742314755409097
roth_c_temp_a1,min,3,-36.47420262248177,-0.38826256593664965
roth_c_temp_a1,min,4,-32.07087754094566,-0.7881784711249722
roth_c_temp_a1,min,5,-29.271685513152242,-1.0128388720870731
roth_c_temp_a1,min,6,-8.143044226118107,-0.8474863711465259
roth_c_temp_a1,min,7,-18.37987771114949,-0.845864113814919
roth_c_temp_a1,min,8,-29.6789255133144,-0.945422417840664
roth_c_temp_a1,min,9,-23.747440871338284,-0.953428170577407
roth_c_temp_a1,min,10,-12.622687572452316,-0.9009236078462077
roth_c_temp_a1,min,11,-3.330325871568715,-0.6004881651673579
roth_c_temp_a1,min,12,-25.95474409850373,-0.5305951840555494
roth_c_temp_a1,min,13,-25.58972025068406,-0.5862704389063254
roth_c_temp_a1,min,14,-25.73161564647604,-0.6417405668094318
roth_c_temp_a1,min,15,-2.6868952948089095,-0.6755167346403592
roth_c_temp_a1,min,16,-2.517911986663227,-0.42757372900863766
roth_c_temp_a1,min,17,-27.130701977547464,-0.4023399161534691
roth_c_temp_a1,min,18,-26.899387983239745,-0.49788184837695226
roth_c_temp_a1,min,19,-27.1269895259691,-0.589135257440109
roth_c_temp_a1,min,20,-27.443148997747098,-0.6522155830799825
roth_c_temp_a1,min,21,-0.481854692651162,-0.36004315132877585
roth_c_temp_a1,min,22,-33.217983470291585,-0.38830163541138774
roth_c_temp_a1,min,23,-32.109933995089015,-0.5751898745500874
roth_c_temp_a1,min,24,-31.70081481181585,-0.72763251936912
roth_c_temp_a1,min,25,-31.470460293034797,-0.8225388773445665
roth_c_temp_a1,min,26,1.0415952159068103,-0.48196066554486716
roth_c_temp_a1,min,27,-37.59455116210062,-0.5155346909576579
roth_c_temp_a1,min,28,-35.69537861661261,-0.7296669100257418
roth_c_temp_a1,min,29,-34.67645228590256,-0.8989270700755441
roth_c_temp_a1,min,30,-33.888234225624046,-0.9968092065448957
roth_c_temp_a1,min,31,4.517104884635912,-0.5854904944809425
roth_c_temp_a1,min,32,-38.938193708451166,-0.5840879416163247
roth_c_temp_a1,min,33,-36.5572351030965,-0.8114347505076154
roth_c_temp_a1,min,34,-35.03853878019878,-0.9864744418284772
roth_c_temp_a1,min,35,89.64772336313854,-1.084224186775117
roth_c_temp_a1,min,36,5.523081957084916,-0.7775172478465375
roth_c_temp_a1,min,37,-18.877481836786984,-0.5663323400963449
roth_c_temp_a1,min,38,-19.449684833800834,-0.511543847816732
roth_c_temp_a1,min,39,-19.83937078216904,-0.5166231008231996
roth_c_temp_a1,min,40,-19.930984289942216,-0.5424048050520334
roth_c_temp_a1,min,41,17.975995160896503,-0.11737639663462929
roth_c_temp_a1,min,42,-26.683679460507,-0.14444869481578593
roth_c_temp_a1,min,43,-23.990708932372797,-0.40666855340271013
roth_c_temp_a1,min,44,-22.140123704843397,-0.6168807726184546
roth_c_temp_a1,min,45,-20.467435634738045,-0.7423099388169057
roth_c_temp_a1,min,46,21.474572236452623,-0.3179101867436884
roth_c_temp_a1,min,47,-25.257542867068626,-0.337800281628315
roth_c_temp_a1,min,48,-21.560620574269816,-0.5883335138925858
roth_c_temp_a1,min,49,-18.960522666865383,-0.7739538874635414
roth_c_temp_a1,min,50,-16.706676640442073,-0.8666587172793498
roth_c_temp_a1,min,total,-1084.9803247288764,-30.640959243899033
roth_c_temp_a1,max,1,-224.13772415967065,-0.02615474674445295
roth_c_temp_a1,max,2,18.972980348030788,0.00744338066649064
roth_c_temp_a1,max,3,-35.712469918260304,0.3734701382848158
roth_c_temp_a1,max,4,-30.53017619956465,0.7525228702560369
roth_c_temp_a1,max,5,-27.320619429991456,0.9382272110737127
roth_c_temp_a1,max,6,-6.546070433904509,0.7494874210670721
roth_c_temp_a1,max,7,-16.81287774831875,0.7211358490158197
roth_c_temp_a1,max,8,-27.91849986496443,0.8150032305093049
roth_c_temp_a1,max,9,-21.979913348781885,0.8140993519789923
roth_c_temp_a1,max,10,-10.96762660988049,0.7541373547256178
roth_c_temp_a1,max,11,-2.2658140729946874,0.46402363340666986
roth_c_temp_a1,max,12,-25.02456838806867,0.3995805263795127
roth_c_temp_a1,max,13,-24.52992498026188,0.4735248315158529
roth_c_temp_a1,max,14,-24.555465812455218,0.5344092672113909
roth_c_temp_a1,max,15,-1.441692537497686,0.5696860226708642
roth_c_temp_a1,max,16,-1.7572044518506114,0.3331338058039779
roth_c_temp_a1,max,17,-26.418396529681296,0.3099655317126988
roth_c_temp_a1,max,18,-25.98137203042045,0.42013410444234367
roth_c_temp_a1,max,19,-26.026198965307042,0.51165530322195
roth_c_temp_a1,max,20,-26.220118503222686,0.5708149114444296
roth_c_temp_a1,max,21,0.16575344377589207,0.2875649850982782
roth_c_temp_a1,max,22,-32.51718537098858,0.31249646389161967
roth_c_temp_a1,max,23,-31.024134202897645,0.5106099176412826
roth_c_temp_a1,max,24,-30.318297751821614,0.6548845406251154
roth_c_temp_a1,max,25,-29.910599566854245,0.7373218488359861
roth_c_temp_a1,max,26,1.924476682078541,0.40092080062686364
roth_c_temp_a1,max,27,-36.65303087640084,0.42598559474212294
roth_c_temp_a1,max,28,-34.314817878912294,0.6508938276745724
roth_c_temp_a1,max,29,-32.96855999635362,0.8089652194734
roth_c_temp_a1,max,30,-31.999654304248185,0.8917707148309653
roth_c_temp_a1,max,31,5.588211171104848,0.48561579198799354
roth_c_temp_a1,max,32,-37.87637618829489,0.47772957853995024
roth_c_temp_a1,max,33,-35.02716523878433,0.7186351138045595
roth_c_temp_a1,max,34,-33.16801761521989,0.8840467231504121
roth_c_temp_a1,max,35,91.69947470921977,0.9675271593061154
roth_c_temp_a1,max,36,6.96220982083152,0.6616106159000665
roth_c_temp_a1,max,37,-17.85932316945007,0.4518263272405676
roth_c_temp_a1,max,38,-18.52030455459029,0.41783643139381255
roth_c_temp_a1,max,39,-18.88623990476277,0.4365077765830705
roth_c_temp_a1,max,40,-18.917529483256487,0.4710500016336958
roth_c_temp_a1,max,41,18.162748237351604,0.06937667982047202
roth_c_temp_a1,max,42,-26.43743767179443,0.10179309389678437
roth_c_temp_a1,max,43,-23.199127543096584,0.38491283587350367
roth_c_temp_a1,max,44,-20.93604385512496,0.5871990770999815
roth_c_temp_a1,max,45,-19.02774807400002,0.6973776219211203
roth_c_temp_a1,max,46,22.069537513776883,0.2770550905805713
roth_c_temp_a1,max,47,-24.632157048365695,0.28758553707461587
roth_c_temp_a1,max,48,-20.421010852660302,0.5512762077169278
roth_c_temp_a1,max,49,-17.462432540395845,0.7241362390059969
roth_c_temp_a1,max,50,-15.040066401890023,0.7999515212726998
roth_c_temp_a1,max,total,-1027.718602149091,26.620763335886295
roth_c_temp_a2,min,1,-224.17033058577172,-0.058761172845521514
roth_c_temp_a2,min,2,18.982083806697958,0.0165468393336603
roth_c_temp_a2,min,3,-35.216097644659015,0.8698424118861041
roth_c_temp_a2,min,4,-29.54497989485861,1.737719174962077
roth_c_temp_a2,min,5,-26.13557302815839,2.123273612906779
roth_c_temp_a2,min,6,-5.653831263609441,1.64172659136214
roth_c_temp_a2,min,7,-15.986825147993777,1.5471884493407941
roth_c_temp_a2,min,8,-26.96556944292246,1.7679336525512745
roth_c_temp_a2,min,9,-21.036813399676685,1.7571993010841922
roth_c_temp_a2,min,10,-10.112938411571417,1.6088255530346913
roth_c_temp_a2,min,11,-1.7941600718123203,0.935677634589037
roth_c_temp_a2,min,12,-24.626346514470903,0.7978023999772788
roth_c_temp_a2,min,13,-24.00373930999087,0.9997105017868648
roth_c_temp_a2,min,14,-23.939001882134022,1.1508731975325865
roth_c_temp_a2,min,15,-0.7764676296388258,1.2349109305297246
roth_c_temp_a2,min,16,-1.4056902245775023,0.684648033077087
roth_c_temp_a2,min,17,-26.092215663039227,0.6361463983547679
roth_c_temp_a2,min,18,-25.485334777907042,0.9161713569557506
roth_c_temp_a2,min,19,-25.40651109274234,1.1313431757866539
roth_c_temp_a2,min,20,-25.52707071584277,1.2638626988243473
roth_c_temp_a2,min,21,0.47677415026643555,0.5985856915888217
roth_c_temp_a2,min,22,-32.170917384181706,0.6587644506984915
roth_c_temp_a2,min,23,-30.391736177866715,1.143007942672213
roth_c_temp_a2,min,24,-29.501340113505336,1.4718421789413938
roth_c_temp_a2,min,25,-28.99962084392901,1.6483005717612222
roth_c_temp_a2,min,26,2.374314759077705,0.8507588776260278
roth_c_temp_a2,min,27,-36.17221754225023,0.9067989288927336
roth_c_temp_a2,min,28,-33.51045195626223,1.455259750324636
roth_c_temp_a2,min,29,-31.963870773471957,1.8136544423550625
roth_c_temp_a2,min,30,-30.90323394219235,1.9881910768867996
roth_c_temp_a2,min,31,6.129150536087936,1.0265551569710816
roth_c_temp_a2,min,32,-37.34543172529053,1.0086740415443103
roth_c_temp_a2,min,33,-34.146042719898404,1.5997576326904834
roth_c_temp_a2,min,34,-32.07437602286329,1.9776883155070095
roth_c_temp_a2,min,35,92.88657055516526,2.154623005251608
roth_c_temp_a2,min,36,7.7263783011253135,1.4257790961938603
roth_c_temp_a2,min,37,-17.375882800747142,0.935266695943497
roth_c_temp_a2,min,38,-18.052563761720332,0.8855772242637698
roth_c_temp_a2,min,39,-18.37392338884444,0.9488242925014028
roth_c_temp_a2,min,40,-18.347381785140104,1.0411976997500787
roth_c_temp_a2,min,41,18.20614761825399,0.11277606072285806
roth_c_temp_a2,min,42,-26.33611508560694,0.20311568008427372
roth_c_temp_a2,min,43,-22.684113156890344,0.899927222079743
roth_c_temp_a2,min,44,-20.15951265633952,1.3637302758854233
roth_c_temp_a2,min,45,-18.125607948158574,1.5995177477625653
roth_c_temp_a2,min,46,22.39248078665417,0.599998363457857
roth_c_temp_a2,min,47,-24.298717731941178,0.621024853499133
roth_c_temp_a2,min,48,-19.707973127685815,1.2643139326914152
roth_c_temp_a2,min,49,-16.53164582184919,1.6549229575526532
roth_c_temp_a2,min,50,-14.030221507894534,1.8097964152681882
roth_c_temp_a2,min,total,-995.9084941625786,58.43087132239884
roth_c_temp_a2,max,1,-224.0512056719061,0.06036374102009745
roth_c_temp_a2,max,2,18.946452789402713,-0.01908417796158446
roth_c_temp_a2,max,3,-36.86278339846835,-0.7768433419232323
roth_c_temp_a2,max,4,-32.86022001183444,-1.5775209420137557
roth_c_temp_a2,max,5,-30.316399936114873,-2.057553295049704
roth_c_temp_a2,max,6,-9.054609581283572,-1.7590517263119905
roth_c_temp_a2,max,7,-19.326471506810066,-1.7924579094754947
roth_c_temp_a2,max,8,-30.73043030472192,-1.9969272092481845
roth_c_temp_a2,max,9,-24.819480210026725,-2.025467509265848
roth_c_temp_a2,max,10,-13.656851639582143,-1.9350876749760353
roth_c_temp_a2,max,11,-4.068837514870446,-1.3389998084690888
roth_c_temp_a2,max,12,-26.627596928097617,-1.2034480136494352
roth_c_temp_a2,max,13,-26.297022101809016,-1.2935722900312818
roth_c_temp_a2,max,14,-26.486191963241506,-1.3963168835748974
roth_c_temp_a2,max,15,-3.471462047027838,-1.4600834868592876
roth_c_temp_a2,max,16,-3.051092200066933,-0.9607539424123437
roth_c_temp_a2,max,17,-27.640957527764083,-0.9125954663700888
roth_c_temp_a2,max,18,-27.48309454946174,-1.0815884145989472
roth_c_temp_a2,max,19,-27.79563222242994,-1.2577779539009484
roth_c_temp_a2,max,20,-28.174296253258014,-1.383362838590898
roth_c_temp_a2,max,21,-0.9209703453443336,-0.7991588040219475
roth_c_temp_a2,max,22,-33.691983712633686,-0.8623018777534881
roth_c_temp_a2,max,23,-32.74765403420203,-1.2129099136631005
roth_c_temp_a2,max,24,-32.49078352363168,-1.5176012311849476
roth_c_temp_a2,max,25,-32.36275139607404,-1.7148299803838079
roth_c_temp_a2,max,26,0.4820414934243096,-1.0415143880273678
roth_c_temp_a2,max,27,-38.20174218085099,-1.1227257097080283
roth_c_temp_a2,max,28,-36.49353700986876,-1.5278253032818938
roth_c_temp_a2,max,29,-35.64705677304275,-1.8695315572157298
roth_c_temp_a2,max,30,-34.96764104553468,-2.0762160264555263
roth_c_temp_a2,max,31,3.8385768057918086,-1.2640185733250457
roth_c_temp_a2,max,32,-39.63016852435425,-1.276062757519405
roth_c_temp_a2,max,33,-37.45051162741439,-1.704711274825506
roth_c_temp_a2,max,34,-36.108266219254844,-2.0562018808845437
roth_c_temp_a2,max,35,88.47023613286908,-2.2617114170445802
roth_c_temp_a2,max,36,4.641271693040024,-1.659327511891429
roth_c_temp_a2,max,37,-19.561176766695734,-1.250027270005095
roth_c_temp_a2,max,38,-20.05990488226529,-1.1217638962811876
roth_c_temp_a2,max,39,-20.439976242401865,-1.1172285610560238
roth_c_temp_a2,max,40,-20.545647347948584,-1.1570678630584013
roth_c_temp_a2,max,41,17.796636535304692,-0.2967350222264393
roth_c_temp_a2,max,42,-26.88808967237106,-0.348858906679844
roth_c_temp_a2,max,43,-24.418047772560012,-0.8340073935899248
roth_c_temp_a2,max,44,-22.772258599127223,-1.249015666902281
roth_c_temp_a2,max,45,-21.23187856788664,-1.5067528719654995
roth_c_temp_a2,max,46,21.124785897979578,-0.6676965252167335
roth_c_temp_a2,max,47,-25.643057666355094,-0.7233150809147837
roth_c_temp_a2,max,48,-22.168283918202942,-1.1959968578257119
roth_c_temp_a2,max,49,-19.757150776419063,-1.5705819970172215
roth_c_temp_a2,max,50,-17.608518635222637,-1.7685007120599145
roth_c_temp_a2,max,total,-1119.2816914606258,-64.94232597564837
thinning_fraction_branch_delta,min,1,-224.1115694129262,0.0
thinning_fraction_branch_delta,min,2,18.965536967364297,0.0
thinning_fraction_branch_delta,min,3,-36.08594005654512,0.0
thinning_fraction_branch_delta,min,4,-31.282699069820687,0.0
thinning_fraction_branch_delta,min,5,-28.25884664106517,0.0
thinning_fraction_branch_delta,min,6,-7.295557854971581,0.0
thinning_fraction_branch_delta,min,7,-17.53401359733457,0.0
thinning_fraction_branch_delta,min,8,-28.546670465420046,0.18683263005369
thinning_fraction_branch_delta,min,9,-22.838445304248353,-0.044432603487475575
thinning_fraction_branch_delta,min,10,-11.752224366594449,-0.03046040198834099
thinning_fraction_branch_delta,min,11,-2.7262404818732655,0.003597224528091747
thinning_fraction_branch_delta,min,12,-25.45255386125518,-0.028404946806997344
thinning_fraction_branch_delta,min,13,-25.023653059219527,-0.020203247441791916
thinning_fraction_branch_delta,min,14,-25.104675416829252,-0.014800337162643729
thinning_fraction_branch_delta,min,15,-2.0222322936230217,-0.010853733454471381
thinning_fraction_branch_delta,min,16,-2.0473223425320066,0.043015915122582626
thinning_fraction_branch_delta,min,17,-26.7580006663724,-0.029638604978405425
thinning_fraction_branch_delta,min,18,-26.422203030324262,-0.020696895461469467
thinning_fraction_branch_delta,min,19,-26.553159348040953,-0.01530507951196114
thinning_fraction_branch_delta,min,20,-26.802262428156006,-0.011329013488889927
thinning_fraction_branch_delta,min,21,-0.130238128920646,-0.008426587598259871
thinning_fraction_branch_delta,min,22,-32.83600365169593,-0.006321816815734849
thinning_fraction_branch_delta,min,23,-31.539545845426964,-0.004801724888036318
thinning_fraction_branch_delta,min,24,-30.976888618144095,-0.003706325697365287
thinning_fraction_branch_delta,min,25,-30.650838914223932,-0.0029174985337014903
thinning_fraction_branch_delta,min,26,1.5212068503154383,-0.002349031136239077
thinning_fraction_branch_delta,min,27,-37.080954963028844,-0.0019384918858804667
thinning_fraction_branch_delta,min,28,-34.96735262207446,-0.0016409154875915988
thinning_fraction_branch_delta,min,29,-33.77894925523633,-0.001424039409307909
thinning_fraction_branch_delta,min,30,-32.89268979627839,-0.00126477719923912
thinning_fraction_branch_delta,min,31,5.101448739236451,-0.0011466398804031996
thinning_fraction_branch_delta,min,32,-38.35516363299794,-0.0010578661631015507
thinning_fraction_branch_delta,min,33,-35.746790427278405,-0.0009900746895183943
thinning_fraction_branch_delta,min,34,-34.0530016347926,-0.0009372964223004487
thinning_fraction_branch_delta,min,35,90.73105226792268,-0.0008952819909779919
thinning_fraction_branch_delta,min,36,6.538792771043251,0.2381935661117982
thinning_fraction_branch_delta,min,37,-18.42310775898205,-0.11195826229140948
thinning_fraction_branch_delta,min,38,-19.01513015245205,-0.07698916646794629
thinning_fraction_branch_delta,min,39,-19.37944597019347,-0.05669828884762751
thinning_fraction_branch_delta,min,40,-19.430213500180844,-0.04163401529066135
thinning_fraction_branch_delta,min,41,18.062779604345142,-0.03059195318598995
thinning_fraction_branch_delta,min,42,-26.561796989683703,-0.022566223992487977
thinning_fraction_branch_delta,min,43,-23.600805500097824,-0.01676512112773665
thinning_fraction_branch_delta,min,44,-21.5358295534262,-0.012586621201258197
thinning_fraction_branch_delta,min,45,-19.734708399050714,-0.0095827031295741
thinning_fraction_branch_delta,min,46,21.785057793856904,-0.0074246293394075735
thinning_fraction_branch_delta,min,47,-24.925616058473715,-0.005873473033403798
thinning_fraction_branch_delta,min,48,-20.977043777364564,-0.004756716987333931
thinning_fraction_branch_delta,min,49,-18.190519141582797,-0.003950362180955125
thinning_fraction_branch_delta,min,50,-15.843383491125437,-0.0033655679627138113
thinning_fraction_branch_delta,min,total,-1054.5384124857799,-0.19904700080246585
thinning_fraction_branch_delta,max,1,-224.1115694129262,0.0
thinning_fraction_branch_delta,max,2,18.965536967364297,0.0
thinning_fraction_branch_delta,max,3,-36.08594005654512,0.0
thinning_fraction_branch_delta,max,4,-31.282699069820687,0.0
thinning_fraction_branch_delta,max,5,-28.25884664106517,0.0
thinning_fraction_branch_delta,max,6,-7.295557854971581,0.0
thinning_fraction_branch_delta,max,7,-17.53401359733457,0.0
thinning_fraction_branch_delta,max,8,-28.92033574701605,-0.1868326515423142
thinning_fraction_branch_delta,max,9,-22.749580092367502,0.04443260839337526
thinning_fraction_branch_delta,max,10,-11.691303558637877,0.030460405968231186
thinning_fraction_branch_delta,max,11,-2.733434927755304,-0.0035972213539468
thinning_fraction_branch_delta,max,12,-25.39574396515532,0.02840494929286308
thinning_fraction_branch_delta,max,13,-24.983246562451512,0.020203249326222306
thinning_fraction_branch_delta,max,14,-25.075074741104437,0.014800338562171333
thinning_fraction_branch_delta,max,15,-2.0005248256889345,0.010853734479615795
thinning_fraction_branch_delta,max,16,-2.133354172073682,-0.043015914419092915
thinning_fraction_branch_delta,max,17,-26.698723455865185,0.029638605528809592
thinning_fraction_branch_delta,max,18,-26.38080923901214,0.020696895850651487
thinning_fraction_branch_delta,max,19,-26.52254918873508,0.015305079793911602
thinning_fraction_branch_delta,max,20,-26.779604400975636,0.011329013691479872
thinning_fraction_branch_delta,max,21,-0.11338495357921818,0.008426587743167957
thinning_fraction_branch_delta,max,22,-32.82336001796088,0.006321816919317769
thinning_fraction_branch_delta,max,23,-31.529942395577365,0.004801724961563281
thinning_fraction_branch_delta,max,24,-30.96947596669684,0.003706325749888606
thinning_fraction_branch_delta,max,25,-30.64500391711912,0.0029174985711115653
thinning_fraction_branch_delta,max,26,1.5259049126146986,0.002349031163021209
thinning_fraction_branch_delta,max,27,-37.07707797923838,0.0019384919045819515
thinning_fraction_branch_delta,max,28,-34.96407079108557,0.0016409155012979681
thinning_fraction_branch_delta,max,29,-33.77610117640817,0.001424039418850498
thinning_fraction_branch_delta,max,30,-32.89016024187282,0.0012647772063303364
thinning_fraction_branch_delta,max,31,5.103742019002153,0.001146639885298839
thinning_fraction_branch_delta,max,32,-38.35304790066866,0.0010578661661782007
thinning_fraction_branch_delta,max,33,-35.744810277896974,0.0009900746919129233
thinning_fraction_branch_delta,max,34,-34.05112704194634,0.0009372964239631187
thinning_fraction_branch_delta,max,35,90.73284283190605,0.0008952819923990774
thinning_fraction_branch_delta,max,36,6.062405654799356,-0.2381935501320971
thinning_fraction_branch_delta,max,37,-18.199191240094883,0.11195825659575576
thinning_fraction_branch_delta,max,38,-18.861151821277662,0.0769891647064398
thinning_fraction_branch_delta,max,39,-19.2660493943209,0.056698287024943284
thinning_fraction_branch_delta,max,40,-19.346945471208468,0.04163401368171549
thinning_fraction_branch_delta,max,41,18.12396350941269,0.030591951881557833
thinning_fraction_branch_delta,max,42,-26.516664542706675,0.022566222984540474
thinning_fraction_branch_delta,max,43,-23.56727525860227,0.016765120367818298
thinning_fraction_branch_delta,max,44,-21.51065631158497,0.012586620639972068
thinning_fraction_branch_delta,max,45,-19.71554299320123,0.009582702719910685
thinning_fraction_branch_delta,max,46,21.79990705223871,0.007424629042397157
thinning_fraction_branch_delta,max,47,-24.91386911262044,0.005873472819871495
thinning_fraction_branch_delta,max,48,-20.967530343543714,0.0047567168335156396
thinning_fraction_branch_delta,max,49,-18.18261841733052,0.003950362071321933
thinning_fraction_branch_delta,max,50,-15.836652355278797,0.00336556788392528
thinning_fraction_branch_delta,max,total,-1054.1403184839849,0.19904700099255024
thinning_fraction_croot_delta,min,1,-224.1115694129262,0.0
thinning_fraction_croot_delta,min,2,18.965536967364297,0.0
thinning_fraction_croot_delta,min,3,-36.08594005654512,0.0
thinning_fraction_croot_delta,min,4,-31.282699069820687,0.0
thinning_fraction_croot_delta,min,5,-28.25884664106517,0.0
thinning_fraction_croot_delta,min,6,-7.295557854971581,0.0
thinning_fraction_croot_delta,min,7,-17.53401359733457,0.0
thinning_fraction_croot_delta,min,8,-28.648809626310236,0.08469346916350062
thinning_fraction_croot_delta,min,9,-22.814154532229463,-0.02014183146858528
thinning_fraction_croot_delta,min,10,-11.735572029704231,-0.013808065098123379
thinning_fraction_croot_delta,min,11,-2.647149740568771,0.08268796583258631
thinning_fraction_croot_delta,min,12,-25.453631241101476,-0.02948232665329442
thinning_fraction_croot_delta,min,13,-25.02399230998755,-0.020542498209813687
thinning_fraction_croot_delta,min,14,-25.104939459672714,-0.015064380006105438
thinning_fraction_croot_delta,min,15,-2.02240569016155,-0.011027129992999818
thinning_fraction_croot_delta,min,16,-1.9051271772762215,0.18521108037836775
thinning_fraction_croot_delta,min,17,-26.78028086061068,-0.051918799216686295
thinning_fraction_croot_delta,min,18,-26.437431634663334,-0.03592549980054116
thinning_fraction_croot_delta,min,19,-26.56428924381572,-0.026434975286726115
thinning_fraction_croot_delta,min,20,-26.81035091177568,-0.019417497108562998
thinning_fraction_croot_delta,min,21,-0.13609886794969217,-0.01428732662730603
thinning_fraction_croot_delta,min,22,-32.840246818876736,-0.010564983996538047
thinning_fraction_croot_delta,min,23,-31.542621437564975,-0.007877317026046882
thinning_fraction_croot_delta,min,24,-30.979124828349697,-0.00594253590296745
thinning_fraction_croot_delta,min,25,-30.652473288636934,-0.004551872946702673
thinning_fraction_croot_delta,min,26,1.520003278647145,-0.003552602804532512
thinning_fraction_croot_delta,min,27,-37.08185042330366,-0.002833952160699482
thinning_fraction_croot_delta,min,28,-34.96802775741964,-0.002316050832774863
thinning_fraction_croot_delta,min,29,-33.77946676420766,-0.0019415483806426437
thinning_fraction_croot_delta,min,30,-32.893094403408845,-0.0016693843296948785
thinning_fraction_croot_delta,min,31,5.101125157376151,-0.0014702217407034368
thinning_fraction_croot_delta,min,32,-38.35542889718443,-0.0013231303495899738
thinning_fraction_croot_delta,min,33,-35.74701354549132,-0.0012131929024334909
thinning_fraction_croot_delta,min,34,-34.05319412357099,-0.0011297852006890707
thinning_fraction_croot_delta,min,35,90.73088220574942,-0.001065344164231874
thinning_fraction_croot_delta,min,36,7.320572431959858,1.0199732270284052
thinning_fraction_croot_delta,min,37,-18.554934510682102,-0.24378501399146302
thinning_fraction_croot_delta,min,38,-19.105537826071366,-0.16739684008726385
thinning_fraction_croot_delta,min,39,-19.44582705598021,-0.12307937463436858
thinning_fraction_croot_delta,min,40,-19.478760524146647,-0.09018103925646415
thinning_fraction_croot_delta,min,41,18.02730111009383,-0.06607044743730128
thinning_fraction_croot_delta,min,42,-26.587780670163287,-0.04854990447207186
thinning_fraction_croot_delta,min,43,-23.61993001756244,-0.0358896385923515
thinning_fraction_croot_delta,min,44,-21.550017238068264,-0.026774305843321855
thinning_fraction_croot_delta,min,45,-19.745350732140896,-0.02022503621975602
thinning_fraction_croot_delta,min,46,21.776958843904296,-0.0155235792920152
thinning_fraction_croot_delta,min,47,-24.931890496071404,-0.012147910631092884
thinning_fraction_croot_delta,min,48,-20.982008163607222,-0.009721103229992423
thinning_fraction_croot_delta,min,49,-18.19454101642836,-0.007972237026518059
thinning_fraction_croot_delta,min,50,-15.84672513234132,-0.006707209178596685
thinning_fraction_croot_delta,min,total,-1054.146325634674,0.1930398503034212
thinning_fraction_croot_delta,max,1,-224.1115694129262,0.0
thinning_fraction_croot_delta,max,2,18.965536967364297,0.0
thinning_fraction_croot_delta,max,3,-36.08594005654512,0.0
thinning_fraction_croot_delta,max,4,-31.282699069820687,0.0
thinning_fraction_croot_delta,max,5,-28.25884664106517,0.0
thinning_fraction_croot_delta,max,6,-7.295557854971581,0.0
thinning_fraction_croot_delta,max,7,-17.53401359733457,0.0
thinning_fraction_croot_delta,max,8,-28.818196570932443,-0.08469347545870676
thinning_fraction_croot_delta,max,9,-22.773870867792176,0.020141832968700868
thinning_fraction_croot_delta,max,10,-11.707955898365578,0.013808066240530437
thinning_fraction_croot_delta,max,11,-2.812525671314915,-0.0826879649135579
thinning_fraction_croot_delta,max,12,-25.394666587073687,0.0294823273744953
thinning_fraction_croot_delta,max,13,-24.982907313021798,0.020542498755936833
thinning_fraction_croot_delta,max,14,-25.07481069925465,0.015064380411960343
thinning_fraction_croot_delta,max,15,-2.000351429878437,0.011027130290113263
thinning_fraction_croot_delta,max,16,-2.2755493379727207,-0.1852110803181315
thinning_fraction_croot_delta,max,17,-26.676443261972683,0.051918799421311945
thinning_fraction_croot_delta,max,18,-26.36558063493782,0.035925499924971405
thinning_fraction_croot_delta,max,19,-26.511419293141177,0.02643497538781503
thinning_fraction_croot_delta,max,20,-26.77151591748305,0.01941749718406527
thinning_fraction_croot_delta,max,21,-0.10752421464005568,0.014287326682330459
thinning_fraction_croot_delta,max,22,-32.819116850843386,0.010564984036811609
thinning_fraction_croot_delta,max,23,-31.52686680348422,0.007877317054706623
thinning_fraction_croot_delta,max,24,-30.967239756522968,0.005942535923761483
thinning_fraction_croot_delta,max,25,-30.643369542728525,0.004551872961705783
thinning_fraction_croot_delta,max,26,1.5271084842671523,0.00355260281547487
thinning_fraction_croot_delta,max,27,-37.07618251897482,0.00283395216814597
thinning_fraction_croot_delta,max,28,-34.963395655748464,0.0023160508384023615
thinning_fraction_croot_delta,max,29,-33.77558366744288,0.001941548384138514
thinning_fraction_croot_delta,max,30,-32.88975563474643,0.0016693843327217905
thinning_fraction_croot_delta,max,31,5.10406560085964,0.001470221742785327
thinning_fraction_croot_delta,max,32,-38.352782636483894,0.0013231303509471104
thinning_fraction_croot_delta,max,33,-35.74458715968573,0.0012131929031582445
thinning_fraction_croot_delta,max,34,-34.05093455316879,0.0011297852015133003
thinning_fraction_croot_delta,max,35,90.73301289407863,0.0010653441649708384
thinning_fraction_croot_delta,max,36,5.280625997515817,-1.019973207415636
thinning_fraction_croot_delta,max,37,-18.067364488428495,0.24378500826214378
thinning_fraction_croot_delta,max,38,-18.77074414930085,0.16739683668325256
thinning_fraction_croot_delta,max,39,-19.199668308953093,0.12307937239274835
thinning_fraction_croot_delta,max,40,-19.298398447612204,0.09018103727797921
thinning_fraction_croot_delta,max,41,18.159442003364596,0.06607044583346422
thinning_fraction_croot_delta,max,42,-26.490680862459588,0.04854990323162767
thinning_fraction_croot_delta,max,43,-23.54815074131169,0.03588963765839637
thinning_fraction_croot_delta,max,44,-21.49646862707203,0.026774305152912348
thinning_fraction_croot_delta,max,45,-19.704900660205777,0.02022503571536305
thinning_fraction_croot_delta,max,46,21.808006002123474,0.015523578927162163
thinning_fraction_croot_delta,max,47,-24.907594675072353,0.012147910367957593
thinning_fraction_croot_delta,max,48,-20.96256595733597,0.009721103041261614
thinning_fraction_croot_delta,max,49,-18.178596542510387,0.007972236891454543
thinning_fraction_croot_delta,max,50,-15.833310714081566,0.006707209081156407
thinning_fraction_croot_delta,max,total,-1054.5324053350453,-0.19303985006786206
thinning_fraction_froot_delta,min,1,-224.1115694129262,0.0
thinning_fraction_froot_delta,min,2,18.965536967364297,0.0
thinning_fraction_froot_delta,min,3,-36.08594005654512,0.0
thinning_fraction_froot_delta,min,4,-31.282699069820687,0.0
thinning_fraction_froot_delta,min,5,-28.25884664106517,0.0
thinning_fraction_froot_delta,min,6,-7.295557854971581,0.0
thinning_fraction_froot_delta,min,7,-17.53401359733457,0.0
thinning_fraction_froot_delta,min,8,-28.68772364011733,0.04577945535640637
thinning_fraction_froot_delta,min,9,-22.805240031642757,-0.011227330881879993
thinning_fraction_froot_delta,min,10,-11.729460767950254,-0.007696803344146019
thinning_fraction_froot_delta,min,11,-2.6853133791466948,0.04452432725466249
thinning_fraction_froot_delta,min,12,-25.44058276434494,-0.01643384989675667
thinning_fraction_froot_delta,min,13,-25.01490047970208,-0.011450667924346902
thinning_fraction_froot_delta,min,14,-25.09827216999028,-0.00839709032367253
thinning_fraction_froot_delta,min,15,-2.0175252324195707,-0.006146672251020391
thinning_fraction_froot_delta,min,16,-1.9903623593238748,0.09997589833071441
thinning_fraction_froot_delta,min,17,-26.75730230623303,-0.02894024483903479
thinning_fraction_froot_delta,min,18,-26.421531497076966,-0.020025362214173725
thinning_fraction_froot_delta,min,19,-26.552589483299407,-0.014735214770414728
thinning_fraction_froot_delta,min,20,-26.80175699165538,-0.010823576988265415
thinning_fraction_froot_delta,min,21,-0.1297754915082967,-0.007963950185910562
thinning_fraction_froot_delta,min,22,-32.83557090065602,-0.005889065775825486
thinning_fraction_froot_delta,min,23,-31.539135044189663,-0.0043909236507353455
thinning_fraction_froot_delta,min,24,-30.976494742784265,-0.0033124503375354664
thinning_fraction_froot_delta,min,25,-30.650458691581296,-0.002537275891064894
thinning_fraction_froot_delta,min,26,1.521575612329222,-0.0019802691224555247
thinning_fraction_froot_delta,min,27,-37.08059615462223,-0.0015796834792638492
thinning_fraction_froot_delta,min,28,-34.967002704821546,-0.0012909982346798188
thinning_fraction_froot_delta,min,29,-33.77860746130147,-0.0010822454744499055
thinning_fraction_froot_delta,min,30,-32.892355556609886,-0.0009305375307349095
thinning_fraction_froot_delta,min,31,5.101775857521885,-0.0008195215949697854
thinning_fraction_froot_delta,min,32,-38.35484329768778,-0.0007375308529375957
thinning_fraction_froot_delta,min,33,-35.74647660281342,-0.0006762502245365454
thinning_fraction_froot_delta,min,34,-34.052694096007315,-0.0006297576370144498
thinning_fraction_froot_delta,min,35,90.73135371258687,-0.0005938373267895258
thinning_fraction_froot_delta,min,36,6.851909347424643,0.5513101424931897
thinning_fraction_froot_delta,min,37,-18.447038581159177,-0.13588908446853765
thinning_fraction_froot_delta,min,38,-19.031450261955758,-0.09330927597165584
thinning_fraction_froot_delta,min,39,-19.391353799363415,-0.06860611801757344
thinning_fraction_froot_delta,min,40,-19.43884762325086,-0.05026813836067845
thinning_fraction_froot_delta,min,41,18.05654299107737,-0.0368285664537602
thinning_fraction_froot_delta,min,42,-26.56629314310271,-0.027062377411493088
thinning_fraction_froot_delta,min,43,-23.604045751906142,-0.020005372936054755
thinning_fraction_froot_delta,min,44,-21.538167294643856,-0.014924362418913262
thinning_fraction_froot_delta,min,45,-19.736399406325557,-0.011273710404417159
thinning_fraction_froot_delta,min,46,21.78382936886525,-0.008653054331063004
thinning_fraction_froot_delta,min,47,-24.926513996119837,-0.006771410679526468
thinning_fraction_froot_delta,min,48,-20.97770573558511,-0.005418675207881307
thinning_fraction_froot_delta,min,49,-18.19101261278634,-0.004443833384499385
thinning_fraction_froot_delta,min,50,-15.84375661280923,-0.003738689646507254
thinning_fraction_froot_delta,min,total,-1054.2552594419878,0.08410604298956059
thinning_fraction_froot_delta,max,1,-224.1115694129262,0.0
thinning_fraction_froot_delta,max,2,18.965536967364297,0.0
thinning_fraction_froot_delta,max,3,-36.08594005654512,0.0
thinning_fraction_froot_delta,max,4,-31.282699069820687,0.0
thinning_fraction_froot_delta,max,5,-28.25884664106517,0.0
thinning_fraction_froot_delta,max,6,-7.295557854971581,0.0
thinning_fraction_froot_delta,max,7,-17.53401359733457,0.0
thinning_fraction_froot_delta,max,8,-28.77928255354173,-0.04577945806799377
thinning_fraction_froot_delta,max,9,-22.78278536921253,0.011227331548347763
thinning_fraction_froot_delta,max,10,-11.71406716077732,0.0076968038287876794
thinning_fraction_froot_delta,max,11,-2.774362033263215,-0.04452432686185759
thinning_fraction_froot_delta,max,12,-25.4077150642434,0.016433850204780498
thinning_fraction_froot_delta,max,13,-24.991999143620006,0.011450668157728217
thinning_fraction_froot_delta,max,14,-25.08147798916968,0.008397090496927717
thinning_fraction_froot_delta,max,15,-2.0052318877907016,0.0061466723778487165
thinning_fraction_froot_delta,max,16,-2.1903141559408557,-0.09997589828626641
thinning_fraction_froot_delta,max,17,-26.699421816473205,0.028940244920789837
thinning_fraction_froot_delta,max,18,-26.381480772597033,0.020025362265759128
thinning_fraction_froot_delta,max,19,-26.523119053717984,0.014735214811008035
thinning_fraction_froot_delta,max,20,-26.780109837648425,0.010823577018690855
thinning_fraction_froot_delta,max,21,-0.11384759111464238,0.007963950207743764
thinning_fraction_froot_delta,max,22,-32.82379276908885,0.005889065791350845
thinning_fraction_froot_delta,max,23,-31.53035319687683,0.004390923662096924
thinning_fraction_froot_delta,max,24,-30.969869842101062,0.003312450345667628
thinning_fraction_froot_delta,max,25,-30.645384139793386,0.002537275896845159
thinning_fraction_froot_delta,max,26,1.5255361505784584,0.0019802691267809536
thinning_fraction_froot_delta,max,27,-37.07743678766094,0.001579683482020755
thinning_fraction_froot_delta,max,28,-34.96442070834989,0.0012909982369748718
thinning_fraction_froot_delta,max,29,-33.77644297035105,0.001082245475970467
thinning_fraction_froot_delta,max,30,-32.89049448154721,0.0009305375319428322
thinning_fraction_froot_delta,max,31,5.103414900712499,0.000819521595644801
thinning_fraction_froot_delta,max,32,-38.35336823598175,0.0007375308530939151
thinning_fraction_froot_delta,max,33,-35.74512410236425,0.0006762502246360214
thinning_fraction_froot_delta,max,34,-34.051434580732824,0.0006297576374763025
thinning_fraction_froot_delta,max,35,90.73254138724118,0.0005938373275284903
thinning_fraction_froot_delta,max,36,5.749289079172671,-0.551310125758782
thinning_fraction_froot_delta,max,37,-18.175260418173288,0.13588907851735144
thinning_fraction_froot_delta,max,38,-18.844831711887547,0.09330927409655487
thinning_fraction_froot_delta,max,39,-19.2541415652338,0.06860611611203993
thinning_fraction_froot_delta,max,40,-19.338311348211295,0.05026813667888774
thinning_fraction_froot_delta,max,41,18.130200122621368,0.0368285650902358
thinning_fraction_froot_delta,max,42,-26.512168389334047,0.02706237635716846
thinning_fraction_froot_delta,max,43,-23.564035006828448,0.020005372141639555
thinning_fraction_froot_delta,max,44,-21.508318570392223,0.014924361832719057
thinning_fraction_froot_delta,max,45,-19.713851985945563,0.011273709975576196
thinning_fraction_froot_delta,max,46,21.80113547721661,0.008653054020300033
thinning_fraction_froot_delta,max,47,-24.91297117498432,0.006771410455989724
thinning_fraction_froot_delta,max,48,-20.966868385330358,0.005418675046872323
thinning_fraction_froot_delta,max,49,-18.182124946131875,0.004443833269967001
thinning_fraction_froot_delta,max,50,-15.836279233598649,0.0037386895640736384
thinning_fraction_froot_delta,max,total,-1054.4234715277662,-0.08410604278878964
thinning_fraction_leaf_delta,min,1,-224.1115694129262,0.0
thinning_fraction_leaf_delta,min,2,18.965536967364297,0.0
thinning_fraction_leaf_delta,min,3,-36.08594005654512,0.0
thinning_fraction_leaf_delta,min,4,-31.282699069820687,0.0
thinning_fraction_leaf_delta,min,5,-28.25884664106517,0.0
thinning_fraction_leaf_delta,min,6,-7.295557854971581,0.0
thinning_fraction_leaf_delta,min,7,-17.53401359733457,0.0
thinning_fraction_leaf_delta,min,8,-28.66783291351519,0.06567018195854502
thinning_fraction_leaf_delta,min,9,-22.810051744814874,-0.01603904405399703
thinning_fraction_leaf_delta,min,10,-11.732759397906422,-0.010995433300314161
thinning_fraction_leaf_delta,min,11,-2.728580635408682,0.0012570709926751356
thinning_fraction_leaf_delta,min,12,-25.434617798104505,-0.010468883656322703
thinning_fraction_leaf_delta,min,13,-25.010890349961986,-0.0074405381842517215
thinning_fraction_leaf_delta,min,14,-25.09532601229003,-0.005450932623421778
thinning_fraction_leaf_delta,min,15,-2.0153757045327367,-0.003997144364186411
thinning_fraction_leaf_delta,min,16,-2.073858430633723,0.016479827020866367
thinning_fraction_leaf_delta,min,17,-26.74006138535336,-0.011699323959366126
thinning_fraction_leaf_delta,min,18,-26.409665195253385,-0.008159060390592998
thinning_fraction_leaf_delta,min,19,-26.543884172207715,-0.006029903678722803
thinning_fraction_leaf_delta,min,20,-26.79539253616389,-0.004459121496775964
thinning_fraction_leaf_delta,min,21,-0.12512374472711318,-0.0033122034047270432
thinning_fraction_leaf_delta,min,22,-32.83216222762174,-0.002480392741539106
thinning_fraction_leaf_delta,min,23,-31.536623772430133,-0.0018796518912047588
thinning_fraction_leaf_delta,min,24,-30.974629092707012,-0.0014468002602825436
thinning_fraction_leaf_delta,min,25,-30.64905658086527,-0.001135165175039532
thinning_fraction_leaf_delta,min,26,1.522645212046363,-0.0009106694053144793
thinning_fraction_leaf_delta,min,27,-37.079765100477935,-0.0007486293349714401
thinning_fraction_leaf_delta,min,28,-34.96634297050903,-0.0006312639221661698
thinning_fraction_leaf_delta,min,29,-33.778071029576154,-0.0005458137491345383
thinning_fraction_leaf_delta,min,30,-32.891908166730914,-0.00048314765176371566
thinning_fraction_leaf_delta,min,31,5.102158635587868,-0.00043674352898648294
thinning_fraction_leaf_delta,min,32,-38.35450771594442,-0.00040194910958035734
thinning_fraction_leaf_delta,min,33,-35.746175801596266,-0.00037544900737884745
thinning_fraction_leaf_delta,min,34,-34.05241922042053,-0.0003548820502317085
thinning_fraction_leaf_delta,min,35,90.73160898259655,-0.00033856731710102395
thinning_fraction_leaf_delta,min,36,6.402865315675839,0.10226611074438541
thinning_fraction_leaf_delta,min,37,-18.361735312729998,-0.05058581603935863
thinning_fraction_leaf_delta,min,38,-18.972909041073052,-0.03476805508894998
thinning_fraction_leaf_delta,min,39,-19.348337989181758,-0.025590307835916093
thinning_fraction_leaf_delta,min,40,-19.40735634594861,-0.01877686105842713
thinning_fraction_leaf_delta,min,41,18.079588658646642,-0.01378289888448947
thinning_fraction_leaf_delta,min,42,-26.549384166582954,-0.010153400891738329
thinning_fraction_leaf_delta,min,43,-23.591570607084453,-0.007530228114365656
thinning_fraction_leaf_delta,min,44,-21.52888397881833,-0.005641046593389376
thinning_fraction_leaf_delta,min,45,-19.72940888317052,-0.0042831872493813705
thinning_fraction_leaf_delta,min,46,21.78917448259046,-0.00330794060585049
thinning_fraction_leaf_delta,min,47,-24.92234980991214,-0.0026072244718307047
thinning_fraction_leaf_delta,min,48,-20.97439005847122,-0.0021029980939886173
thinning_fraction_leaf_delta,min,49,-18.188307948131968,-0.0017391687301255843
thinning_fraction_leaf_delta,min,50,-15.841493471278202,-0.0014755481154793415
thinning_fraction_leaf_delta,min,total,-1054.4362576902915,-0.09689220531413412
thinning_fraction_leaf_delta,max,1,-224.1115694129262,0.0
thinning_fraction_leaf_delta,max,2,18.965536967364297,0.0
thinning_fraction_leaf_delta,max,3,-36.08594005654512,0.0
thinning_fraction_leaf_delta,max,4,-31.282699069820687,0.0
thinning_fraction_leaf_delta,max,5,-28.25884664106517,0.0
thinning_fraction_leaf_delta,max,6,-7.295557854971581,0.0
thinning_fraction_leaf_delta,max,7,-17.53401359733457,0.0
thinning_fraction_leaf_delta,max,8,-28.799173281940632,-0.06567018646689604
thinning_fraction_leaf_delta,max,9,-22.777973655618897,0.01603904514198007
thinning_fraction_leaf_delta,max,10,-11.7107685304927,0.010995434113407754
thinning_fraction_leaf_delta,max,11,-2.7310947767376197,-0.0012570703362624336
thinning_fraction_leaf_delta,max,12,-25.41368003027752,0.010468884170663273
thinning_fraction_leaf_delta,max,13,-24.996009273203676,0.007440538574059019
thinning_fraction_leaf_delta,max,14,-25.08442414675363,0.005450932912978601
thinning_fraction_leaf_delta,max,15,-2.0073814155923415,0.003997144576208811
thinning_fraction_leaf_delta,max,16,-2.106818084527684,-0.016479826873094794
thinning_fraction_leaf_delta,max,17,-26.716662737321244,0.011699324072750983
thinning_fraction_leaf_delta,max,18,-26.393347074391905,0.00815906047088788
thinning_fraction_leaf_delta,max,19,-26.531824364792065,0.0060299037369269115
thinning_fraction_leaf_delta,max,20,-26.786474293128553,0.004459121538562982
thinning_fraction_leaf_delta,max,21,-0.11849933788795841,0.0033122034344277296
thinning_fraction_leaf_delta,max,22,-32.82720144211714,0.00248039276305434
thinning_fraction_leaf_delta,max,23,-31.53286446863256,0.0018796519063677408
thinning_fraction_leaf_delta,max,24,-30.97173549217566,0.0014468002710685823
thinning_fraction_leaf_delta,max,25,-30.64678625050743,0.0011351651828022113
thinning_fraction_leaf_delta,max,26,1.5244665508625146,0.0009106694108371727
thinning_fraction_leaf_delta,max,27,-37.07826784180419,0.0007486293387728438
thinning_fraction_leaf_delta,max,28,-34.96508044266162,0.0006312639252428198
thinning_fraction_leaf_delta,max,29,-33.77697940207616,0.0005458137508611571
thinning_fraction_leaf_delta,max,30,-32.89094187142598,0.0004831476531705903
thinning_fraction_leaf_delta,max,31,5.1030321226468285,0.00043674352997413735
thinning_fraction_leaf_delta,max,32,-38.353703817725005,0.00040194910983615273
thinning_fraction_leaf_delta,max,33,-35.7454249035813,0.00037544900758490485
thinning_fraction_leaf_delta,max,34,-34.051709456319756,0.0003548820505443473
thinning_fraction_leaf_delta,max,35,90.7322861172314,0.0003385673177405124
thinning_fraction_leaf_delta,max,36,6.198333108141493,-0.10226609678996024
thinning_fraction_leaf_delta,max,37,-18.26056368559556,0.05058581109507898
thinning_fraction_leaf_delta,max,38,-18.903372932401027,0.03476805358307544
thinning_fraction_leaf_delta,max,39,-19.297157375114804,0.025590306231038085
thinning_fraction_leaf_delta,max,40,-19.369802625248532,0.0187768596416511
thinning_fraction_leaf_delta,max,41,18.107154455267093,0.013782897735961086
thinning_fraction_leaf_delta,max,42,-26.529077365687996,0.010153400003218849
thinning_fraction_leaf_delta,max,43,-23.57651015152487,0.007530227445215587
thinning_fraction_leaf_delta,max,44,-21.51760188612604,0.00564104609890137
thinning_fraction_leaf_delta,max,45,-19.720842509033066,0.004283186888073942
thinning_fraction_leaf_delta,max,46,21.795790363540274,0.0033079403439622013
thinning_fraction_leaf_delta,max,47,-24.917135361156795,0.0026072242835155635
thinning_fraction_leaf_delta,max,48,-20.97018406241903,0.0021029979582003477
thinning_fraction_leaf_delta,max,49,-18.18482961076843,0.0017391686334136125
thinning_fraction_leaf_delta,max,50,-15.838542375117171,0.0014755480455512782
thinning_fraction_leaf_delta,max,total,-1054.242473279496,0.09689220548148114
thinning_fraction_stem_delta,min,1,-224.1115694129262,0.0
thinning_fraction_stem_delta,min,2,18.965536967364297,0.0
thinning_fraction_stem_delta,min,3,-36.08594005654512,0.0
thinning_fraction_stem_delta,min,4,-31.282699069820687,0.0
thinning_fraction_stem_delta,min,5,-28.25884664106517,0.0
thinning_fraction_stem_delta,min,6,-7.295557854971581,0.0
thinning_fraction_stem_delta,min,7,-17.53401359733457,0.0
thinning_fraction_stem_delta,min,8,-28.245917282288538,0.48758581318519845
thinning_fraction_stem_delta,min,9,-22.909970469131476,-0.11595776837059901
thinning_fraction_stem_delta,min,10,-11.801257907032063,-0.07949394242595531
thinning_fraction_stem_delta,min,11,-2.715815802733713,0.014021903667644331
thinning_fraction_stem_delta,min,12,-25.500432813653738,-0.07628389920555634
thinning_fraction_stem_delta,min,13,-25.05765195315204,-0.05420214137430435
thinning_fraction_stem_delta,min,14,-25.129584073826912,-0.03970899416030349
thinning_fraction_stem_delta,min,15,-2.040496274040292,-0.029117713871741557
thinning_fraction_stem_delta,min,16,-1.9580430162008096,0.1322952414537797
thinning_fraction_stem_delta,min,17,-26.81571669785534,-0.08735463646134534
thinning_fraction_stem_delta,min,18,-26.462399844657007,-0.0608937097942146
thinning_fraction_stem_delta,min,19,-26.58284822675562,-0.04499395822662677
thinning_fraction_stem_delta,min,20,-26.824195616820596,-0.0332622021534803
thinning_fraction_stem_delta,min,21,-0.14650698824942676,-0.02469544692704062
thinning_fraction_stem_delta,min,22,-32.84816394582165,-0.018482110941455687
thinning_fraction_stem_delta,min,23,-31.548738914804773,-0.01399479426584449
thinning_fraction_stem_delta,min,24,-30.983943969523985,-0.010761677077255172
thinning_fraction_stem_delta,min,25,-30.656355569030982,-0.008434153340751038
thinning_fraction_stem_delta,min,26,1.5167982184479096,-0.006757663003767789
thinning_fraction_stem_delta,min,27,-37.08456427266837,-0.005547801525409568
thinning_fraction_stem_delta,min,28,-34.97038343036556,-0.004671723778692183
thinning_fraction_stem_delta,min,29,-33.78155931393867,-0.004034098111652895
thinning_fraction_stem_delta,min,30,-32.89499171841927,-0.003566699340119328
thinning_fraction_stem_delta,min,31,5.099374583691313,-0.003220795425541212
thinning_fraction_stem_delta,min,32,-38.357067391776425,-0.002961624941583807
thinning_fraction_stem_delta,min,33,-35.74856476798191,-0.0027644153930239668
thinning_fraction_stem_delta,min,34,-34.054675862454076,-0.0026115240837754072
thinning_fraction_stem_delta,min,35,90.72945715872723,-0.002490391186427132
thinning_fraction_stem_delta,min,36,7.140596321974103,0.8399971170426497
thinning_fraction_stem_delta,min,37,-18.70504936017818,-0.39389986348754036
thinning_fraction_stem_delta,min,38,-19.208832360214995,-0.27069137423089273
thinning_fraction_stem_delta,min,39,-19.521952459885537,-0.19920477853969487
thinning_fraction_stem_delta,min,40,-19.534714070489702,-0.14613458559951908
thinning_fraction_stem_delta,min,41,17.986134529734663,-0.10723702779646871
thinning_fraction_stem_delta,min,42,-26.618198544530802,-0.07896777883958706
thinning_fraction_stem_delta,min,43,-23.6425775344044,-0.05853715543431193
thinning_fraction_stem_delta,min,44,-21.567066773570886,-0.04382384134594375
thinning_fraction_stem_delta,min,45,-19.758374862813024,-0.03324916689188484
thinning_fraction_stem_delta,min,46,21.766827648269153,-0.025654774927158286
thinning_fraction_stem_delta,min,47,-24.93994135583381,-0.020198770393498933
thinning_fraction_stem_delta,min,48,-20.988560323403014,-0.016273263025784246
thinning_fraction_stem_delta,min,49,-18.200010103857892,-0.013441324456049841
thinning_fraction_stem_delta,min,50,-15.851407835879908,-0.011389912717184814
thinning_fraction_stem_delta,min,total,-1055.0204329127,-0.6810674277226099
thinning_fraction_stem_delta,max,1,-224.1115694129262,0.0
thinning_fraction_stem_delta,max,2,18.965536967364297,0.0
thinning_fraction_stem_delta,max,3,-36.08594005654512,0.0
thinning_fraction_stem_delta,max,4,-31.282699069820687,0.0
thinning_fraction_stem_delta,max,5,-28.25884664106517,0.0
thinning_fraction_stem_delta,max,6,-7.295557854971581,0.0
thinning_fraction_stem_delta,max,7,-17.53401359733457,0.0
thinning_fraction_stem_delta,max,8,-29.22108896326437,-0.48758586779063506
thinning_fraction_stem_delta,max,9,-22.67805486204022,0.11595783872065724
thinning_fraction_stem_delta,max,10,-11.642270023639472,0.07949394096663553
thinning_fraction_stem_delta,max,11,-2.743859614290015,-0.014021907888657648
thinning_fraction_stem_delta,max,12,-25.34786501819688,0.07628389625130083
thinning_fraction_stem_delta,max,13,-24.94924767248201,0.05420213929572526
thinning_fraction_stem_delta,max,14,-25.05016608697258,0.0397089926940275
thinning_fraction_stem_delta,max,15,-1.9822608473333627,0.029117712835187604
thinning_fraction_stem_delta,max,16,-2.2226335002141724,-0.13229524255958314
thinning_fraction_stem_delta,max,17,-26.641007425335275,0.08735463605871985
thinning_fraction_stem_delta,max,18,-26.34061242540753,0.06089370945526085
thinning_fraction_stem_delta,max,19,-26.492860310513812,0.04499395801517991
thinning_fraction_stem_delta,max,20,-26.757671212655836,0.033262202011279385
thinning_fraction_stem_delta,max,21,-0.09711609449314995,0.02469544682923619
thinning_fraction_stem_delta,max,22,-32.81119972400628,0.0184821108739186
thinning_fraction_stem_delta,max,23,-31.520749326320498,0.013994794218429973
thinning_fraction_stem_delta,max,24,-30.9624206154023,0.010761677044428097
thinning_fraction_stem_delta,max,25,-30.63948726237272,0.008434153317509185
thinning_fraction_stem_delta,max,26,1.5303135444395006,0.00675766298782321
thinning_fraction_stem_delta,max,27,-37.07346866962908,0.005547801513884565
thinning_fraction_stem_delta,max,28,-34.96103998281598,0.004671723770883318
thinning_fraction_stem_delta,max,29,-33.773491117721356,0.00403409810566302
thinning_fraction_stem_delta,max,30,-32.88785831974283,0.0035666993363179245
thinning_fraction_stem_delta,max,31,5.1058161745396315,0.0032207954227772007
thinning_fraction_stem_delta,max,32,-38.35114414189581,0.0029616249390329585
thinning_fraction_stem_delta,max,33,-35.74303593719737,0.002764415391517616
thinning_fraction_stem_delta,max,34,-34.04945281428758,0.002611524082723804
thinning_fraction_stem_delta,max,35,90.73443794109957,0.0024903911859155414
thinning_fraction_stem_delta,max,36,5.460602109666908,-0.839997095264545
thinning_fraction_stem_delta,max,37,-17.91724963933843,0.3938998573522099
thinning_fraction_stem_delta,max,38,-18.66744961533115,0.27069137065295124
thinning_fraction_stem_delta,max,39,-19.123542905388543,0.19920477595729835
thinning_fraction_stem_delta,max,40,-19.242444901569492,0.1461345833206913
thinning_fraction_stem_delta,max,41,18.200608583480843,0.1072370259497113
thinning_fraction_stem_delta,max,42,-26.460262988280178,0.07896777741103733
thinning_fraction_stem_delta,max,43,-23.525503224611253,0.05853715435883444
thinning_fraction_stem_delta,max,44,-21.47941909167362,0.04382384055132249
thinning_fraction_stem_delta,max,45,-19.69187652961014,0.03324916631099839
thinning_fraction_stem_delta,max,46,21.81813719770255,0.025654774506239875
thinning_fraction_stem_delta,max,47,-24.899543815349034,0.020198770091276685
thinning_fraction_stem_delta,max,48,-20.956013797569042,0.01627326280818764
thinning_fraction_stem_delta,max,49,-18.173127455101383,0.013441324300458746
thinning_fraction_stem_delta,max,50,-15.828628010557988,0.01138991260473432
thinning_fraction_stem_delta,max,total,-1053.6582980569808,0.6810674279965951
tree_carbon_sp1,min,1,-201.5945851959593,22.516984216966904
tree_carbon_sp1,min,2,16.864935853755096,-2.1006011136092013
tree_carbon_sp1,min,3,-32.56941645199815,3.5165236045469683
tree_carbon_sp1,min,4,-28.220111315204445,3.062587754616242
tree_carbon_sp1,min,5,-25.478514243569638,2.780332397495531
tree_carbon_sp1,min,6,-6.0789216661473455,1.2166361888242356
tree_carbon_sp1,min,7,-15.743590413155912,1.7904231841786586
tree_carbon_sp1,min,8,-25.81591208318798,2.917591012285758
tree_carbon_sp1,min,9,-20.472670051686176,2.321342649074701
tree_carbon_sp1,min,10,-10.505519460767259,1.2162445038388494
tree_carbon_sp1,min,11,-1.9491344511274753,0.780703255273882
tree_carbon_sp1,min,12,-22.847287788034155,2.576861126414027
tree_carbon_sp1,min,13,-22.458122323091356,2.545327488686379
tree_carbon_sp1,min,14,-22.529881639405602,2.5599934402610067
tree_carbon_sp1,min,15,-1.7538463631803698,0.25753219698818053
tree_carbon_sp1,min,16,-1.2778931972463212,0.812445060408268
tree_carbon_sp1,min,17,-24.03629190221516,2.692070159178833
tree_carbon_sp1,min,18,-23.722242404759093,2.679263730103699
tree_carbon_sp1,min,19,-23.8336510521206,2.7042032164083913
tree_carbon_sp1,min,20,-24.051992856697062,2.7389405579700536
tree_carbon_sp1,min,21,0.45424579038184687,0.576057331704233
tree_carbon_sp1,min,22,-29.481892448751108,3.34778938612909
tree_carbon_sp1,min,23,-28.303761473279884,3.2309826472590437
tree_carbon_sp1,min,24,-27.79025241931686,3.1829298731298685
tree_carbon_sp1,min,25,-27.490250525996228,3.1576708896940033
tree_carbon_sp1,min,26,2.0244906793904485,0.500934797938771
tree_carbon_sp1,min,27,-33.3035853259602,3.7754311451827647
tree_carbon_sp1,min,28,-31.381524257454622,3.5841874491322443
tree_carbon_sp1,min,29,-30.3002033149879,3.4773219008391187
tree_carbon_sp1,min,30,-29.49272801559267,3.398697003486479
tree_carbon_sp1,min,31,5.331947317696779,0.2293519385799243
tree_carbon_sp1,min,32,-34.326021746617315,4.028084020217527
tree_carbon_sp1,min,33,-31.990517038823963,3.7552833137649237
tree_carbon_sp1,min,34,-30.47056865025791,3.5814956881123905
tree_carbon_sp1,min,35,81.8334802921639,-8.898467257749758
tree_carbon_sp1,min,36,6.925084737843951,0.6244855329124981
tree_carbon_sp1,min,37,-16.369708677110864,1.9414408195797748
tree_carbon_sp1,min,38,-16.9255444355732,2.012596550410901
tree_carbon_sp1,min,39,-17.266009220285447,2.0567384610603945
tree_carbon_sp1,min,40,-17.320461540336588,2.0681179445535953
tree_carbon_sp1,min,41,16.99401950965954,-1.0993520478715908
tree_carbon_sp1,min,42,-23.77304376224719,2.766187003444024
tree_carbon_sp1,min,43,-21.1027896294098,2.4812507495602887
tree_carbon_sp1,min,44,-19.24116113854456,2.2820817936803834
tree_carbon_sp1,min,45,-17.617476432809166,2.1076492631119734
tree_carbon_sp1,min,46,20.36252719908717,-1.4299552241091398
tree_carbon_sp1,min,47,-22.309752538082925,2.6099900473573854
tree_carbon_sp1,min,48,-18.74693830056468,2.225348759812551
tree_carbon_sp1,min,49,-16.233543414939604,1.9530253644622384
tree_carbon_sp1,min,50,-14.117063874795363,1.7229540483673595
tree_carbon_sp1,min,total,-939.5036516613127,114.83571382366472
tree_carbon_sp1,max,1,-246.6233281894399,-22.511758776513688
tree_carbon_sp1,max,2,21.065468715891658,2.0999317485273608
tree_carbon_sp1,max,3,-39.601885068479795,-3.515945011934676
tree_carbon_sp1,max,4,-34.3448506312223,-3.0621515614016133
tree_carbon_sp1,max,5,-31.038844319739876,-2.7799976786747074
tree_carbon_sp1,max,6,-8.512252189618557,-1.2166943346469763
tree_carbon_sp1,max,7,-19.32436063753486,-1.7903470402002881
tree_carbon_sp1,max,8,-31.65084840027043,-2.9173453047966937
tree_carbon_sp1,max,9,-25.11525298093238,-2.3212402801715015
tree_carbon_sp1,max,10,-12.938111413485377,-1.2163474488792687
tree_carbon_sp1,max,11,-3.5107824276270096,-0.7809447212256524
tree_carbon_sp1,max,12,-28.00096462677682,-2.5768157123286386
tree_carbon_sp1,max,13,-27.54877102351882,-2.5453212117410864
tree_carbon_sp1,max,14,-27.649894923341915,-2.560019843675306
tree_carbon_sp1,max,15,-2.269226044436474,-0.2578474842679235
tree_carbon_sp1,max,16,-2.9030938452803117,-0.8127555876257224
tree_carbon_sp1,max,17,-29.42052265121962,-2.692160589825626
tree_carbon_sp1,max,18,-29.080892829019984,-2.6793866941571913
tree_carbon_sp1,max,19,-29.242209195233205,-2.7043549267042124
tree_carbon_sp1,max,20,-29.530053520238795,-2.739120105571679
tree_carbon_sp1,max,21,-0.698252858277831,-0.5764413169554449
tree_carbon_sp1,max,22,-36.1776678268851,-3.347985992004901
tree_carbon_sp1,max,23,-34.76596015567781,-3.231216035138882
tree_carbon_sp1,max,24,-34.156376645010084,-3.183194352563355
tree_carbon_sp1,max,25,-33.80588508812485,-3.1579636724346223
tree_carbon_sp1,max,26,1.0222009920427237,-0.5013548894089537
tree_carbon_sp1,max,27,-40.854768579255996,-3.775752108113032
tree_carbon_sp1,max,28,-38.55024735567332,-3.5845356490864546
tree_carbon_sp1,max,29,-37.255217267749465,-3.477692051922446
tree_carbon_sp1,max,30,-36.29051047633597,-3.3990854572568168
tree_carbon_sp1,max,31,4.872832279913698,-0.22976309920315607
tree_carbon_sp1,max,32,-42.38260252115323,-4.02849675431839
tree_carbon_sp1,max,33,-39.50150456136103,-3.755704208772144
tree_carbon_sp1,max,34,-37.633985310862435,-3.581920972492135
tree_carbon_sp1,max,35,99.6302335533579,8.898286003444241
tree_carbon_sp1,max,36,5.6758218799066,-0.6247773250248532
tree_carbon_sp1,max,37,-20.252929306004607,-1.9417798093139673
tree_carbon_sp1,max,38,-20.951067860448745,-2.012926874464643
tree_carbon_sp1,max,39,-21.3798055029646,-2.057057821618759
tree_carbon_sp1,max,40,-21.457003236288454,-2.068423751398271
tree_carbon_sp1,max,41,19.19257158630808,1.0992000287769486
tree_carbon_sp1,max,42,-29.305717619311096,-2.766486853619881
tree_carbon_sp1,max,43,-26.065562027898252,-2.4815216489281653
tree_carbon_sp1,max,44,-23.805568881818953,-2.2823259495940107
tree_carbon_sp1,max,45,-21.83299219334546,-2.1078664974243218
tree_carbon_sp1,max,46,23.22242584725528,1.429943424058969
tree_carbon_sp1,max,47,-27.529932472746413,-2.6101898873061025
tree_carbon_sp1,max,48,-23.197797536103067,-2.2255104757258373
tree_carbon_sp1,max,49,-20.13972289771833,-1.9531541183164869
tree_carbon_sp1,max,50,-17.563070027234463,-1.7230521040717406
tree_carbon_sp1,max,total,-1169.1787382709902,-114.83937278601275
tree_nitrogen_branch_sp1,min,1,-224.1115694129262,0.0
tree_nitrogen_branch_sp1,min,2,18.965536967364297,0.0
tree_nitrogen_branch_sp1,min,3,-36.08708384893943,-0.0011437923943091732
tree_nitrogen_branch_sp1,min,4,-31.283864103030528,-0.0011650332098405158
tree_nitrogen_branch_sp1,min,5,-28.260035703753086,-0.0011890626879171862
tree_nitrogen_branch_sp1,min,6,-7.295873974667523,-0.0003161196959418078
tree_nitrogen_branch_sp1,min,7,-17.53525894152618,-0.0012453441916093766
tree_nitrogen_branch_sp1,min,8,-28.7351625766684,-0.001659481194664636
tree_nitrogen_branch_sp1,min,9,-22.79527255051006,-0.0012598497491822513
tree_nitrogen_branch_sp1,min,10,-11.723059736546375,-0.0012957719402670875
tree_nitrogen_branch_sp1,min,11,-2.730288294481809,-0.0004505880804517304
tree_nitrogen_branch_sp1,min,12,-25.425468835457405,-0.0013199210092231795
tree_nitrogen_branch_sp1,min,13,-25.00481112600122,-0.001361314223483845
tree_nitrogen_branch_sp1,min,14,-25.09127997711929,-0.0014048974526801317
tree_nitrogen_branch_sp1,min,15,-2.0128291616760015,-0.0014506015074511325
tree_nitrogen_branch_sp1,min,16,-2.0909316592448057,-0.0005934015902164802
tree_nitrogen_branch_sp1,min,17,-26.72980174520418,-0.001439683810186665
tree_nitrogen_branch_sp1,min,18,-26.402993761666256,-0.001487626803463371
tree_nitrogen_branch_sp1,min,19,-26.539391455421075,-0.0015371868920830423
tree_nitrogen_branch_sp1,min,20,-26.792521660533218,-0.0015882458661025112
tree_nitrogen_branch_sp1,min,21,-0.1222381160468533,-0.0004265747244671658
tree_nitrogen_branch_sp1,min,22,-32.83137615432964,-0.0016943194494416502
tree_nitrogen_branch_sp1,min,23,-31.536493148077945,-0.0017490275390166232
tree_nitrogen_branch_sp1,min,24,-30.974986913019325,-0.0018046205725958941
tree_nitrogen_branch_sp1,min,25,-30.64978232328656,-0.0018609075963276211
tree_nitrogen_branch_sp1,min,26,1.5230572840002004,-0.0004985974514770675
tree_nitrogen_branch_sp1,min,27,-37.080991195548705,-0.0019747244057413127
tree_nitrogen_branch_sp1,min,28,-34.96774350485538,-0.002031798268511409
tree_nitrogen_branch_sp1,min,29,-33.77961387173639,-0.002088655909368242
tree_nitrogen_branch_sp1,min,30,-32.89357005637839,-0.0021450372992362077
tree_nitrogen_branch_sp1,min,31,5.102023204339291,-0.0005721747775631059
tree_nitrogen_branch_sp1,min,32,-38.356361049107875,-0.0022552822730332878
tree_nitrogen_branch_sp1,min,33,-35.74810893579032,-0.002308583201433123
tree_nitrogen_branch_sp1,min,34,-34.05442462592352,-0.002360287553216267
tree_nitrogen_branch_sp1,min,35,90.72953744231032,-0.002410107603338929
tree_nitrogen_branch_sp1,min,36,6.2990049111347,-0.0015942937967530213
tree_nitrogen_branch_sp1,min,37,-18.313151866047093,-0.0020023693564539258
tree_nitrogen_branch_sp1,min,38,-18.94017734455498,-0.002036358570876473
tree_nitrogen_branch_sp1,min,39,-19.324815651195344,-0.0020679698495023047
tree_nitrogen_branch_sp1,min,40,-19.390676496747254,-0.002097011857070896
tree_nitrogen_branch_sp1,min,41,18.092819497148323,-0.000552060382808861
tree_nitrogen_branch_sp1,min,42,-26.541377470393567,-0.002146704702351343
tree_nitrogen_branch_sp1,min,43,-23.586207440934203,-0.0021670619641156463
tree_nitrogen_branch_sp1,min,44,-21.52542719912778,-0.0021842669028373507
tree_nitrogen_branch_sp1,min,45,-19.727323925383214,-0.0021982294620741527
tree_nitrogen_branch_sp1,min,46,21.791908113173907,-0.0005743100224044895
tree_nitrogen_branch_sp1,min,47,-24.921958778926424,-0.002216193486113127
tree_nitrogen_branch_sp1,min,48,-20.97450720309903,-0.0022201427218000447
tree_nitrogen_branch_sp1,min,49,-18.188789524539235,-0.00222074513739301
tree_nitrogen_branch_sp1,min,50,-15.842235961786855,-0.00221803862413239
tree_nitrogen_branch_sp1,min,total,-1054.415949862738,-0.07658437776058236
tree_nitrogen_branch_sp1,max,1,-224.1115694129262,0.0
tree_nitrogen_branch_sp1,max,2,18.965536967364297,0.0
tree_nitrogen_branch_sp1,max,3,-36.08479626415081,0.0011437923943091732
tree_nitrogen_branch_sp1,max,4,-31.281534036610847,0.0011650332098405158
tree_nitrogen_branch_sp1,max,5,-28.257657578377255,0.0011890626879136335
tree_nitrogen_branch_sp1,max,6,-7.295241735275639,0.0003161196959418078
tree_nitrogen_branch_sp1,max,7,-17.532768253142958,0.0012453441916129293
tree_nitrogen_branch_sp1,max,8,-28.73184361427907,0.001659481194664636
tree_nitrogen_branch_sp1,max,9,-22.79275285101169,0.001259849749185804
tree_nitrogen_branch_sp1,max,10,-11.720468192665841,0.0012957719402670875
tree_nitrogen_branch_sp1,max,11,-2.7293871183209055,0.0004505880804517304
tree_nitrogen_branch_sp1,max,12,-25.422828993438962,0.0013199210092196267
tree_nitrogen_branch_sp1,max,13,-25.00208849755425,0.001361314223483845
tree_nitrogen_branch_sp1,max,14,-25.088470182213925,0.0014048974526836844
tree_nitrogen_branch_sp1,max,15,-2.0099279586610996,0.0014506015074506884
tree_nitrogen_branch_sp1,max,16,-2.0897448560643728,0.0005934015902164802
tree_nitrogen_branch_sp1,max,17,-26.726922377583808,0.001439683810186665
tree_nitrogen_branch_sp1,max,18,-26.400018508059325,0.0014876268034669238
tree_nitrogen_branch_sp1,max,19,-26.536317081636913,0.0015371868920794896
tree_nitrogen_branch_sp1,max,20,-26.789345168801013,0.0015882458661025112
tree_nitrogen_branch_sp1,max,21,-0.12138496659791853,0.0004265747244676099
tree_nitrogen_branch_sp1,max,22,-32.82798751543075,0.0016943194494487557
tree_nitrogen_branch_sp1,max,23,-31.532995092999915,0.0017490275390130705
tree_nitrogen_branch_sp1,max,24,-30.971377671874134,0.0018046205725958941
tree_nitrogen_branch_sp1,max,25,-30.6460605080939,0.0018609075963311739
tree_nitrogen_branch_sp1,max,26,1.5240544789031545,0.0004985974514770675
tree_nitrogen_branch_sp1,max,27,-37.07704174673722,0.0019747244057413127
tree_nitrogen_branch_sp1,max,28,-34.96367990831836,0.0020317982685043035
tree_nitrogen_branch_sp1,max,29,-33.77543655991765,0.002088655909368242
tree_nitrogen_branch_sp1,max,30,-32.889279981779914,0.0021450372992362077
tree_nitrogen_branch_sp1,max,31,5.1031675538944175,0.0005721747775631059
tree_nitrogen_branch_sp1,max,32,-38.3518504845618,0.002255282273040393
tree_nitrogen_branch_sp1,max,33,-35.74349176938746,0.0023085832014260177
tree_nitrogen_branch_sp1,max,34,-34.04970405081709,0.0023602875532091616
tree_nitrogen_branch_sp1,max,35,90.734357657517,0.002410107603338929
tree_nitrogen_branch_sp1,max,36,6.302193498728206,0.0015942937967530213
tree_nitrogen_branch_sp1,max,37,-18.30914712733418,0.0020023693564574785
tree_nitrogen_branch_sp1,max,38,-18.936104627413222,0.002036358570880026
tree_nitrogen_branch_sp1,max,39,-19.320679711496336,0.0020679698495058574
tree_nitrogen_branch_sp1,max,40,-19.386482473033112,0.002097011857070896
tree_nitrogen_branch_sp1,max,41,18.09392361791394,0.000552060382808861
tree_nitrogen_branch_sp1,max,42,-26.537084060988867,0.0021467047023477903
tree_nitrogen_branch_sp1,max,43,-23.581873317005968,0.002167061964119199
tree_nitrogen_branch_sp1,max,44,-21.5210586653221,0.0021842669028409034
tree_nitrogen_branch_sp1,max,45,-19.722927466459062,0.0021982294620777054
tree_nitrogen_branch_sp1,max,46,21.793056733218716,0.0005743100224044895
tree_nitrogen_branch_sp1,max,47,-24.917526391954198,0.002216193486113127
tree_nitrogen_branch_sp1,max,48,-20.970066917655434,0.002220142721796492
tree_nitrogen_branch_sp1,max,49,-18.18434803426445,0.00222074513739301
tree_nitrogen_branch_sp1,max,50,-15.83779988453859,0.00221803862413239
tree_nitrogen_branch_sp1,max,total,-1054.2627811072168,0.07658437776058236
tree_nitrogen_croot_sp1,min,1,-224.1115694129262,0.0
tree_nitrogen_croot_sp1,min,2,18.965536967364297,0.0
tree_nitrogen_croot_sp1,min,3,-36.08678821644007,-0.000848159894950129
tree_nitrogen_croot_sp1,min,4,-31.283585921511808,-0.0008868516911206825
tree_nitrogen_croot_sp1,min,5,-28.259773994822066,-0.0009273537568965651
tree_nitrogen_croot_sp1,min,6,-7.296527558093376,-0.000969703121795007
tree_nitrogen_croot_sp1,min,7,-17.53502753148831,-0.0010139341537396263
tree_nitrogen_croot_sp1,min,8,-28.734717080993583,-0.0012139855198469718
tree_nitrogen_croot_sp1,min,9,-22.795076535747626,-0.0010638349867484465
tree_nitrogen_croot_sp1,min,10,-11.722875843356668,-0.0011118787505601802
tree_nitrogen_croot_sp1,min,11,-2.731168207880652,-0.00133050147929481
tree_nitrogen_croot_sp1,min,12,-25.42531404239285,-0.0011651279446667218
tree_nitrogen_croot_sp1,min,13,-25.004666554185015,-0.0012167424072799804
tree_nitrogen_croot_sp1,min,14,-25.09114526731142,-0.0012701876448097948
tree_nitrogen_croot_sp1,min,15,-2.012704010281877,-0.0013254501133266317
tree_nitrogen_croot_sp1,min,16,-2.0920720235513492,-0.0017337658967599978
tree_nitrogen_croot_sp1,min,17,-26.729702492830462,-0.0013404314364677816
tree_nitrogen_croot_sp1,min,18,-26.40290286215726,-0.0013967272944661602
tree_nitrogen_croot_sp1,min,19,-26.53930883421575,-0.0014545656867568368
tree_nitrogen_croot_sp1,min,20,-26.792447295824477,-0.0015138811573613964
tree_nitrogen_croot_sp1,min,21,-0.12338613653066632,-0.0015745952082801828
tree_nitrogen_croot_sp1,min,22,-32.8313184504883,-0.0016366156080991345
tree_nitrogen_croot_sp1,min,23,-31.53644395634135,-0.0016998358024231663
tree_nitrogen_croot_sp1,min,24,-30.974946426898534,-0.0017641344518040114
tree_nitrogen_croot_sp1,min,25,-30.649750790814437,-0.0018293751242062228
tree_nitrogen_croot_sp1,min,26,1.5216604752827343,-0.0018954061689431256
tree_nitrogen_croot_sp1,min,27,-37.08097853194166,-0.001962060798696541
tree_nitrogen_croot_sp1,min,28,-34.96774086399137,-0.0020291574045003813
tree_nitrogen_croot_sp1,min,29,-33.77962171595276,-0.0020965001257380322
tree_nitrogen_croot_sp1,min,30,-32.8935888987724,-0.002163879693249271
tree_nitrogen_croot_sp1,min,31,5.100364304558687,-0.002231074558167734
tree_nitrogen_croot_sp1,min,32,-38.356403619147486,-0.002297852312644011
tree_nitrogen_croot_sp1,min,33,-35.74816432398958,-0.0023639714006904455
tree_nitrogen_croot_sp1,min,34,-34.05449352147901,-0.002429183108709765
tree_nitrogen_croot_sp1,min,35,90.72945431609782,-0.0024932338158407674
tree_nitrogen_croot_sp1,min,36,6.296187966994443,-0.004411237937009815
tree_nitrogen_croot_sp1,min,37,-18.313242959314643,-0.0020934626240034504
tree_nitrogen_croot_sp1,min,38,-18.940281676773008,-0.0021406907889058857
tree_nitrogen_croot_sp1,min,39,-19.324933862386484,-0.0021861810406420545
tree_nitrogen_croot_sp1,min,40,-19.390809227936685,-0.0022297430465023638
tree_nitrogen_croot_sp1,min,41,18.091100361656064,-0.002271195875067633
tree_nitrogen_croot_sp1,min,42,-26.54154113589659,-0.0023103702053752784
tree_nitrogen_croot_sp1,min,43,-23.58638748935985,-0.0023471103897634293
tree_nitrogen_croot_sp1,min,44,-21.52562420854349,-0.002381276318548231
tree_nitrogen_croot_sp1,min,45,-19.727538440960714,-0.0024127450395745598
tree_nitrogen_croot_sp1,min,46,21.79004101110349,-0.002441412092821338
tree_nitrogen_croot_sp1,min,47,-24.922209777969304,-0.0024671925289929675
tree_nitrogen_croot_sp1,min,48,-20.974777081968202,-0.0024900215909724466
tree_nitrogen_croot_sp1,min,49,-18.189078634449675,-0.002509855047833298
tree_nitrogen_croot_sp1,min,50,-15.842544592344833,-0.002526669182110197
tree_nitrogen_croot_sp1,min,total,-1054.4288346072044,-0.08946912222700121
tree_nitrogen_croot_sp1,max,1,-224.1115694129262,0.0
tree_nitrogen_croot_sp1,max,2,18.965536967364297,0.0
tree_nitrogen_croot_sp1,max,3,-36.08509189665016,0.0008481598949572344
tree_nitrogen_croot_sp1,max,4,-31.28181221812957,0.0008868516911171298
tree_nitrogen_croot_sp1,max,5,-28.257919287308273,0.0009273537568965651
tree_nitrogen_croot_sp1,max,6,-7.294588151849788,0.0009697031217932306
tree_nitrogen_croot_sp1,max,7,-17.53299966318083,0.0010139341537396263
tree_nitrogen_croot_sp1,max,8,-28.73228910995389,0.0012139855198469718
tree_nitrogen_croot_sp1,max,9,-22.792948865774125,0.0010638349867519992
tree_nitrogen_croot_sp1,max,10,-11.720652085855548,0.0011118787505601802
tree_nitrogen_croot_sp1,max,11,-2.7285072049220616,0.0013305014792956982
tree_nitrogen_croot_sp1,max,12,-25.42298378650352,0.001165127944663169
tree_nitrogen_croot_sp1,max,13,-25.002233069370455,0.0012167424072799804
tree_nitrogen_croot_sp1,max,14,-25.0886048920218,0.0012701876448097948
tree_nitrogen_croot_sp1,max,15,-2.0100531100552246,0.0013254501133257435
tree_nitrogen_croot_sp1,max,16,-2.0886044917578293,0.0017337658967599978
tree_nitrogen_croot_sp1,max,17,-26.727021629957523,0.0013404314364713343
tree_nitrogen_croot_sp1,max,18,-26.400109407568326,0.0013967272944661602
tree_nitrogen_croot_sp1,max,19,-26.53639970284224,0.0014545656867532841
tree_nitrogen_croot_sp1,max,20,-26.789419533509754,0.0015138811573613964
tree_nitrogen_croot_sp1,max,21,-0.12023694611410596,0.0015745952082801828
tree_nitrogen_croot_sp1,max,22,-32.82804521927209,0.00163661560810624
tree_nitrogen_croot_sp1,max,23,-31.533044284736505,0.0016998358024231663
tree_nitrogen_croot_sp1,max,24,-30.971418157994925,0.0017641344518040114
tree_nitrogen_croot_sp1,max,25,-30.64609204056602,0.0018293751242097755
tree_nitrogen_croot_sp1,max,26,1.5254512876206205,0.0018954061689431256
tree_nitrogen_croot_sp1,max,27,-37.07705441034427,0.001962060798696541
tree_nitrogen_croot_sp1,max,28,-34.96368254918237,0.002029157404493276
tree_nitrogen_croot_sp1,max,29,-33.77542871570128,0.0020965001257380322
tree_nitrogen_croot_sp1,max,30,-32.88926113938591,0.0021638796932421656
tree_nitrogen_croot_sp1,max,31,5.104826453675022,0.002231074558167734
tree_nitrogen_croot_sp1,max,32,-38.3518079145222,0.002297852312644011
tree_nitrogen_croot_sp1,max,33,-35.743436381188204,0.00236397140068334
tree_nitrogen_croot_sp1,max,34,-34.0496351552616,0.0024291831087026594
tree_nitrogen_croot_sp1,max,35,90.7344407837295,0.0024932338158407674
tree_nitrogen_croot_sp1,max,36,6.305010442868463,0.004411237937009815
tree_nitrogen_croot_sp1,max,37,-18.309056034066632,0.002093462624007003
tree_nitrogen_croot_sp1,max,38,-18.936000295195193,0.0021406907889094384
tree_nitrogen_croot_sp1,max,39,-19.320561500305196,0.0021861810406456073
tree_nitrogen_croot_sp1,max,40,-19.386349741843684,0.002229743046498811
tree_nitrogen_croot_sp1,max,41,18.0956427534062,0.002271195875067633
tree_nitrogen_croot_sp1,max,42,-26.53692039548584,0.0023103702053752784
tree_nitrogen_croot_sp1,max,43,-23.58169326858032,0.002347110389766982
tree_nitrogen_croot_sp1,max,44,-21.52086165590639,0.002381276318551784
tree_nitrogen_croot_sp1,max,45,-19.72271295088156,0.0024127450395781125
tree_nitrogen_croot_sp1,max,46,21.794923835289133,0.002441412092821338
tree_nitrogen_croot_sp1,max,47,-24.917275392911318,0.0024671925289929675
tree_nitrogen_croot_sp1,max,48,-20.96979703878626,0.002490021590968894
tree_nitrogen_croot_sp1,max,49,-18.184058924354012,0.0025098550478297454
tree_nitrogen_croot_sp1,max,50,-15.837491253980613,0.002526669182110197
tree_nitrogen_croot_sp1,max,total,-1054.2498963627504,0.08946912222700121
tree_nitrogen_froot_sp1,min,1,-224.1115694129262,0.0
tree_nitrogen_froot_sp1,min,2,18.965536967364297,0.0
tree_nitrogen_froot_sp1,min,3,-36.11212425149373,-0.02618419494861257
tree_nitrogen_froot_sp1,min,4,-31.310077748898607,-0.0273786790779198
tree_nitrogen_froot_sp1,min,5,-28.287475690494787,-0.028629049429618192
tree_nitrogen_froot_sp1,min,6,-7.3254943041415155,-0.02993644916993432
tree_nitrogen_froot_sp1,min,7,-17.565315536632173,-0.03130193929760239
tree_nitrogen_froot_sp1,min,8,-28.765744859541783,-0.03224176406804702
tree_nitrogen_froot_sp1,min,9,-22.8268551669655,-0.03284246620462383
tree_nitrogen_froot_sp1,min,10,-11.756089626709457,-0.034325662103348975
tree_nitrogen_froot_sp1,min,11,-2.7651739720209236,-0.035336265619566376
tree_nitrogen_froot_sp1,min,12,-25.460118473283288,-0.035969558835105886
tree_nitrogen_froot_sp1,min,13,-25.041012800294283,-0.037562988516548046
tree_nitrogen_froot_sp1,min,14,-25.129088017121926,-0.03921293745531784
tree_nitrogen_froot_sp1,min,15,-2.0522975476948226,-0.04091898752627232
tree_nitrogen_froot_sp1,min,16,-2.131912434118398,-0.041574176463808676
tree_nitrogen_froot_sp1,min,17,-26.769743548842886,-0.04138148744889136
tree_nitrogen_froot_sp1,min,18,-26.444625574942233,-0.04311944007944035
tree_nitrogen_froot_sp1,min,19,-26.582759281998772,-0.04490501346977993
tree_nitrogen_froot_sp1,min,20,-26.83766960154545,-0.04673618687833425
tree_nitrogen_froot_sp1,min,21,-0.17042207825527145,-0.048610536932885307
tree_nitrogen_froot_sp1,min,22,-32.88020705116711,-0.05052521628691409
tree_nitrogen_froot_sp1,min,23,-31.587221055956366,-0.05247693541743814
tree_nitrogen_froot_sp1,min,24,-31.02764424080846,-0.05446194836173035
tree_nitrogen_froot_sp1,min,25,-30.704397458911835,-0.056476043221604044
tree_nitrogen_froot_sp1,min,26,1.4650413431794185,-0.05851453827225894
tree_nitrogen_froot_sp1,min,27,-37.13958875563744,-0.06057228449447649
tree_nitrogen_froot_sp1,min,28,-35.0283553818853,-0.06264367529843184
tree_nitrogen_froot_sp1,min,29,-33.842247879947934,-0.06472266412091443
tree_nitrogen_froot_sp1,min,30,-32.958227809532104,-0.06680279045295379
tree_nitrogen_froot_sp1,min,31,5.03371816442729,-0.06887721468956443
tree_nitrogen_froot_sp1,min,32,-38.4250445288244,-0.0709387619895594
tree_nitrogen_froot_sp1,min,33,-35.81878032768152,-0.0729799750926361
tree_nitrogen_froot_sp1,min,34,-34.1270575141412,-0.07499317577089926
tree_nitrogen_froot_sp1,min,35,90.65497701561397,-0.07697053429969003
tree_nitrogen_froot_sp1,min,36,6.227538338229915,-0.073060866701538
tree_nitrogen_froot_sp1,min,37,-18.375778387764765,-0.0646288910741255
tree_nitrogen_froot_sp1,min,38,-19.004227893977266,-0.06608690799316363
tree_nitrogen_froot_sp1,min,39,-19.39023895380711,-0.06749127246126818
tree_nitrogen_froot_sp1,min,40,-19.45741559346132,-0.06883610857113709
tree_nitrogen_froot_sp1,min,41,18.023255726880684,-0.07011583065044746
tree_nitrogen_froot_sp1,min,42,-26.610555977152835,-0.07132521146161963
tree_nitrogen_froot_sp1,min,43,-23.65649982485641,-0.07245944588632369
tree_nitrogen_froot_sp1,min,44,-21.59675714071587,-0.07351420849092705
tree_nitrogen_froot_sp1,min,45,-19.79961139944617,-0.07448570352503125
tree_nitrogen_froot_sp1,min,46,21.71711171707297,-0.07537070612334063
tree_nitrogen_froot_sp1,min,47,-24.99590917919121,-0.07616659375089796
tree_nitrogen_froot_sp1,min,48,-21.049158427618163,-0.07687136724093335
tree_nitrogen_froot_sp1,min,49,-18.264052440508642,-0.07748366110680038
tree_nitrogen_froot_sp1,min,50,-15.918020666311124,-0.07800274314840117
tree_nitrogen_froot_sp1,min,total,-1057.0153885444581,-2.6760230594807126
tree_nitrogen_froot_sp1,max,1,-224.1115694129262,0.0
tree_nitrogen_froot_sp1,max,2,18.965536967364297,0.0
tree_nitrogen_froot_sp1,max,3,-36.0597558615965,0.026184194948619677
tree_nitrogen_froot_sp1,max,4,-31.25532039074277,0.027378679077916246
tree_nitrogen_froot_sp1,max,5,-28.230217591635554,0.02862904942961464
tree_nitrogen_froot_sp1,max,6,-7.265621405801647,0.02993644916993432
tree_nitrogen_froot_sp1,max,7,-17.502711658036965,0.03130193929760594
tree_nitrogen_froot_sp1,max,8,-28.70126133140569,0.03224176406804702
tree_nitrogen_froot_sp1,max,9,-22.761170234556253,0.03284246620462383
tree_nitrogen_froot_sp1,max,10,-11.687438302502759,0.034325662103348975
tree_nitrogen_froot_sp1,max,11,-2.694501440781791,0.035336265619566376
tree_nitrogen_froot_sp1,max,12,-25.38817935561308,0.03596955883510233
tree_nitrogen_froot_sp1,max,13,-24.965886823261187,0.037562988516548046
tree_nitrogen_froot_sp1,max,14,-25.050662142211287,0.039212937455321395
tree_nitrogen_froot_sp1,max,15,-1.9704595726422787,0.040918987526271655
tree_nitrogen_froot_sp1,max,16,-2.0487640811907806,0.041574176463808676
tree_nitrogen_froot_sp1,max,17,-26.6869805739451,0.041381487448894916
tree_nitrogen_froot_sp1,max,18,-26.35838669478335,0.043119440079443905
tree_nitrogen_froot_sp1,max,19,-26.492949255059216,0.04490501346977638
tree_nitrogen_froot_sp1,max,20,-26.74419722778878,0.04673618687833425
tree_nitrogen_froot_sp1,max,21,-0.07320100438950039,0.04861053693288575
tree_nitrogen_froot_sp1,max,22,-32.77915661859328,0.05052521628692119
tree_nitrogen_froot_sp1,max,23,-31.482267185121493,0.05247693541743459
tree_nitrogen_froot_sp1,max,24,-30.918720344085003,0.0544619483617268
tree_nitrogen_froot_sp1,max,25,-30.591445372468623,0.0564760432216076
tree_nitrogen_froot_sp1,max,26,1.5820704197239364,0.05851453827225894
tree_nitrogen_froot_sp1,max,27,-37.01844418664849,0.06057228449447649
tree_nitrogen_froot_sp1,max,28,-34.903068031288434,0.06264367529843184
tree_nitrogen_froot_sp1,max,29,-33.712802551706105,0.06472266412091443
tree_nitrogen_froot_sp1,max,30,-32.824622228626204,0.06680279045294668
tree_nitrogen_froot_sp1,max,31,5.171472593806417,0.06887721468956265
tree_nitrogen_froot_sp1,max,32,-38.283167004845275,0.0709387619895665
tree_nitrogen_froot_sp1,max,33,-35.67282037749626,0.07297997509262899
tree_nitrogen_froot_sp1,max,34,-33.9770711625994,0.07499317577089926
tree_nitrogen_froot_sp1,max,35,90.80891808421335,0.07697053429969003
tree_nitrogen_froot_sp1,max,36,6.373660071632992,0.07306086670153888
tree_nitrogen_froot_sp1,max,37,-18.24652060561651,0.06462889107412906
tree_nitrogen_froot_sp1,max,38,-18.87205407799094,0.06608690799316363
tree_nitrogen_froot_sp1,max,39,-19.25525640888457,0.06749127246127173
tree_nitrogen_froot_sp1,max,40,-19.319743376319046,0.06883610857113709
tree_nitrogen_froot_sp1,max,41,18.16348738818158,0.07011583065044746
tree_nitrogen_froot_sp1,max,42,-26.4679055542296,0.07132521146161608
tree_nitrogen_froot_sp1,max,43,-23.51158093308376,0.07245944588632725
tree_nitrogen_froot_sp1,max,44,-21.44972872373401,0.0735142084909306
tree_nitrogen_froot_sp1,max,45,-19.6506399923961,0.07448570352503836
tree_nitrogen_froot_sp1,max,46,21.867853129319652,0.07537070612334063
tree_nitrogen_froot_sp1,max,47,-24.843575991689413,0.07616659375089796
tree_nitrogen_froot_sp1,max,48,-20.895415693136297,0.07687136724093335
tree_nitrogen_froot_sp1,max,49,-18.10908511829504,0.07748366110680038
tree_nitrogen_froot_sp1,max,50,-15.762015180014323,0.07800274314839939
tree_nitrogen_froot_sp1,max,total,-1051.6633424254965,2.67602305948094
tree_nitrogen_leaf_sp1,min,1,-224.1115694129262,0.0
tree_nitrogen_leaf_sp1,min,2,18.965536967364297,0.0
tree_nitrogen_leaf_sp1,min,3,-36.12312842234513,-0.037188365800012946
tree_nitrogen_leaf_sp1,min,4,-31.321583913699563,-0.038884843878875586
tree_nitrogen_leaf_sp1,min,5,-28.29950733599143,-0.040660694926259566
tree_nitrogen_leaf_sp1,min,6,-7.306612416030808,-0.011054561059227197
tree_nitrogen_leaf_sp1,min,7,-17.57847049093522,-0.04445689360064975
tree_nitrogen_leaf_sp1,min,8,-28.7791661559474,-0.04566306047366453
tree_nitrogen_leaf_sp1,min,9,-22.840657543170167,-0.046644842409289566
tree_nitrogen_leaf_sp1,min,10,-11.770515330883827,-0.04875136627771859
tree_nitrogen_leaf_sp1,min,11,-2.7428495914808617,-0.01301188507950446
tree_nitrogen_leaf_sp1,min,12,-25.475235041566094,-0.05108612711791238
tree_nitrogen_leaf_sp1,min,13,-25.056799023400878,-0.05334921162314288
tree_nitrogen_leaf_sp1,min,14,-25.145567647837726,-0.055692568171117784
tree_nitrogen_leaf_sp1,min,15,-2.0694941630839603,-0.05811560291540996
tree_nitrogen_leaf_sp1,min,16,-2.1056139273702135,-0.015275669715624218
tree_nitrogen_leaf_sp1,min,17,-26.787134534468624,-0.05877247307462952
tree_nitrogen_leaf_sp1,min,18,-26.46274695261232,-0.061240817749528276
tree_nitrogen_leaf_sp1,min,19,-26.601631064815688,-0.06377679628669597
tree_nitrogen_leaf_sp1,min,20,-26.857310953374732,-0.06637753870761642
tree_nitrogen_leaf_sp1,min,21,-0.13976183815271392,-0.017950296830327783
tree_nitrogen_leaf_sp1,min,22,-32.901440780652266,-0.07175894577206776
tree_nitrogen_leaf_sp1,min,23,-31.60927501500398,-0.07453089446505246
tree_nitrogen_leaf_sp1,min,24,-31.050532421478092,-0.07735012903136251
tree_nitrogen_leaf_sp1,min,25,-30.728132083170532,-0.08021066748030137
tree_nitrogen_leaf_sp1,min,26,1.5019483577099257,-0.021607523741751677
tree_nitrogen_leaf_sp1,min,27,-37.16504486642279,-0.08602839527982553
tree_nitrogen_leaf_sp1,min,28,-35.05468201545553,-0.0889703088686673
tree_nitrogen_leaf_sp1,min,29,-33.86944822944664,-0.09192301361962052
tree_nitrogen_leaf_sp1,min,30,-32.98630235300908,-0.09487733392992936
tree_nitrogen_leaf_sp1,min,31,5.077161254613541,-0.02543412450331317
tree_nitrogen_leaf_sp1,min,32,-38.454857255870316,-0.10075148903547415
tree_nitrogen_leaf_sp1,min,33,-35.84945089503051,-0.10365054244162053
tree_nitrogen_leaf_sp1,min,34,-34.15857414929045,-0.10650981092015144
tree_nitrogen_leaf_sp1,min,35,90.62262937568768,-0.1093181742259759
tree_nitrogen_leaf_sp1,min,36,6.274023357258268,-0.026575847673185216
tree_nitrogen_leaf_sp1,min,37,-18.40293932819895,-0.09178983150831144
tree_nitrogen_leaf_sp1,min,38,-19.03200158066211,-0.09386059467800933
tree_nitrogen_leaf_sp1,min,39,-19.41860283876137,-0.09585515741552797
tree_nitrogen_leaf_sp1,min,40,-19.4863446592947,-0.09776517440451826
tree_nitrogen_leaf_sp1,min,41,18.06748005227131,-0.0258915052598212
tree_nitrogen_leaf_sp1,min,42,-26.64053111346985,-0.10130034777863628
tree_nitrogen_leaf_sp1,min,43,-23.68695163457964,-0.10291125560955194
tree_nitrogen_leaf_sp1,min,44,-21.627652225014906,-0.10440929278996336
tree_nitrogen_leaf_sp1,min,45,-19.830914764288398,-0.10578906836725821
tree_nitrogen_leaf_sp1,min,46,21.76465046262584,-0.027831960570470216
tree_nitrogen_leaf_sp1,min,47,-25.027918955029232,-0.10817636958892152
tree_nitrogen_leaf_sp1,min,48,-21.081464391592245,-0.10917733121501527
tree_nitrogen_leaf_sp1,min,49,-18.2966157271281,-0.11004694772625712
tree_nitrogen_leaf_sp1,min,50,-15.950802102370838,-0.11078417920811567
tree_nitrogen_leaf_sp1,min,total,-1057.612405317783,-3.27303983280558
tree_nitrogen_leaf_sp1,max,1,-224.1115694129262,0.0
tree_nitrogen_leaf_sp1,max,2,18.965536967364297,0.0
tree_nitrogen_leaf_sp1,max,3,-36.0487516907451,0.03718836580002005
tree_nitrogen_leaf_sp1,max,4,-31.24381422594181,0.038884843878875586
tree_nitrogen_leaf_sp1,max,5,-28.21818594613891,0.040660694926259566
tree_nitrogen_leaf_sp1,max,6,-7.284503293912356,0.01105456105922542
tree_nitrogen_leaf_sp1,max,7,-17.489556703733918,0.0444568936006533
tree_nitrogen_leaf_sp1,max,8,-28.68784003500007,0.04566306047366453
tree_nitrogen_leaf_sp1,max,9,-22.747367858351584,0.04664484240929312
tree_nitrogen_leaf_sp1,max,10,-11.67301259832839,0.04875136627771859
tree_nitrogen_leaf_sp1,max,11,-2.716825821321853,0.01301188507950446
tree_nitrogen_leaf_sp1,max,12,-25.373062787330273,0.05108612711790883
tree_nitrogen_leaf_sp1,max,13,-24.95010060015459,0.05334921162314288
tree_nitrogen_leaf_sp1,max,14,-25.034182511495487,0.05569256817112134
tree_nitrogen_leaf_sp1,max,15,-1.953262957253141,0.05811560291540929
tree_nitrogen_leaf_sp1,max,16,-2.075062587938965,0.015275669715624218
tree_nitrogen_leaf_sp1,max,17,-26.669589588319365,0.05877247307462952
tree_nitrogen_leaf_sp1,max,18,-26.340265317113264,0.061240817749528276
tree_nitrogen_leaf_sp1,max,19,-26.4740774722423,0.06377679628669242
tree_nitrogen_leaf_sp1,max,20,-26.7245558759595,0.06637753870761642
tree_nitrogen_leaf_sp1,max,21,-0.10386124449205791,0.017950296830328227
tree_nitrogen_leaf_sp1,max,22,-32.75792288910812,0.07175894577207487
tree_nitrogen_leaf_sp1,max,23,-31.46021322607388,0.0745308944650489
tree_nitrogen_leaf_sp1,max,24,-30.89583216341537,0.07735012903135896
tree_nitrogen_leaf_sp1,max,25,-30.56771074820993,0.08021066748030137
tree_nitrogen_leaf_sp1,max,26,1.545163405193429,0.021607523741751677
tree_nitrogen_leaf_sp1,max,27,-36.992988075863146,0.08602839527981843
tree_nitrogen_leaf_sp1,max,28,-34.876741397718206,0.0889703088686602
tree_nitrogen_leaf_sp1,max,29,-33.6856022022074,0.09192301361962052
tree_nitrogen_leaf_sp1,max,30,-32.79654768514922,0.09487733392992936
tree_nitrogen_leaf_sp1,max,31,5.1280295036201675,0.02543412450331317
tree_nitrogen_leaf_sp1,max,32,-38.25335427779936,0.10075148903548126
tree_nitrogen_leaf_sp1,max,33,-35.642149810147274,0.10365054244161342
tree_nitrogen_leaf_sp1,max,34,-33.945554527450156,0.10650981092014433
tree_nitrogen_leaf_sp1,max,35,90.84126572413963,0.1093181742259759
tree_nitrogen_leaf_sp1,max,36,6.327175052604638,0.026575847673185216
tree_nitrogen_leaf_sp1,max,37,-18.219359665182324,0.09178983150831499
tree_nitrogen_leaf_sp1,max,38,-18.844280391306093,0.09386059467800933
tree_nitrogen_leaf_sp1,max,39,-19.22689252393031,0.09585515741553152
tree_nitrogen_leaf_sp1,max,40,-19.290814310485665,0.09776517440451826
tree_nitrogen_leaf_sp1,max,41,18.119263062790953,0.0258915052598212
tree_nitrogen_leaf_sp1,max,42,-26.43793041791258,0.10130034777863628
tree_nitrogen_leaf_sp1,max,43,-23.481129123360535,0.10291125560955194
tree_nitrogen_leaf_sp1,max,44,-21.41883363943498,0.10440929278996336
tree_nitrogen_leaf_sp1,max,45,-19.619336627553878,0.10578906836726176
tree_nitrogen_leaf_sp1,max,46,21.82031438376678,0.027831960570470216
tree_nitrogen_leaf_sp1,max,47,-24.81156621585139,0.10817636958892152
tree_nitrogen_leaf_sp1,max,48,-20.86310972916222,0.10917733121501172
tree_nitrogen_leaf_sp1,max,49,-18.07652183167559,0.11004694772625356
tree_nitrogen_leaf_sp1,max,50,-15.729233743954609,0.1107841792081139
tree_nitrogen_leaf_sp1,max,total,-1051.0663256521716,3.2730398328058072
tree_nitrogen_stem_sp1,min,1,-224.1115694129262,0.0
tree_nitrogen_stem_sp1,min,2,18.965536967364297,0.0
tree_nitrogen_stem_sp1,min,3,-36.08679443006568,-0.000854373520560614
tree_nitrogen_stem_sp1,min,4,-31.283602800940816,-0.000903731120128981
tree_nitrogen_stem_sp1,min,5,-28.259801436728132,-0.0009547956629631926
tree_nitrogen_stem_sp1,min,6,-7.29581983961326,-0.000261984641678481
tree_nitrogen_stem_sp1,min,7,-17.53507590340134,-0.0010623060667676043
tree_nitrogen_stem_sp1,min,8,-28.73570738612209,-0.002204290648354146
tree_nitrogen_stem_sp1,min,9,-22.795142988725907,-0.0011302879650294528
tree_nitrogen_stem_sp1,min,10,-11.722952336070504,-0.0011883714643960985
tree_nitrogen_stem_sp1,min,11,-2.73047717266947,-0.0006394662681126206
tree_nitrogen_stem_sp1,min,12,-25.425406919761937,-0.0012580053137547509
tree_nitrogen_stem_sp1,min,13,-25.004769277389915,-0.0013194656121804371
tree_nitrogen_stem_sp1,min,14,-25.0912579433581,-0.001382863691492986
tree_nitrogen_stem_sp1,min,15,-2.0128267631670433,-0.00144820299849302
tree_nitrogen_stem_sp1,min,16,-2.0914012065897394,-0.001062948935150132
tree_nitrogen_stem_sp1,min,17,-26.729835799422926,-0.0014737380289311375
tree_nitrogen_stem_sp1,min,18,-26.40304596946396,-0.001539834601167911
tree_nitrogen_stem_sp1,min,19,-26.539461908950823,-0.0016076404218310358
tree_nitrogen_stem_sp1,min,20,-26.79261051426977,-0.0016770996026558294
tree_nitrogen_stem_sp1,min,21,-0.12226605817619252,-0.00045451685380637485
tree_nitrogen_stem_sp1,min,22,-32.83150251604399,-0.0018206811637924147
tree_nitrogen_stem_sp1,min,23,-31.536638736743004,-0.0018946162040762715
tree_nitrogen_stem_sp1,min,24,-30.97515212113862,-0.0019698286918909957
tree_nitrogen_stem_sp1,min,25,-30.649967599224137,-0.0020461835339062873
tree_nitrogen_stem_sp1,min,26,1.5230037640407237,-0.0005521174109537341
tree_nitrogen_stem_sp1,min,27,-37.081218165383376,-0.0022016942404121664
tree_nitrogen_stem_sp1,min,28,-34.96799220107519,-0.0022804944883247913
tree_nitrogen_stem_sp1,min,29,-33.779884942428005,-0.002359726600985823
tree_nitrogen_stem_sp1,min,30,-32.89386419141101,-0.0024391723318615277
tree_nitrogen_stem_sp1,min,31,5.101940543396026,-0.0006548357208284727
tree_nitrogen_stem_sp1,min,32,-38.35670352735858,-0.002597760523741499
tree_nitrogen_stem_sp1,min,33,-35.74847675246063,-0.002676399871745616
tree_nitrogen_stem_sp1,min,34,-34.05481858871281,-0.002754250342512421
tree_nitrogen_stem_sp1,min,35,90.72911651167833,-0.002831038235328265
tree_nitrogen_stem_sp1,min,36,6.2961780590756256,-0.004421145855827646
tree_nitrogen_stem_sp1,min,37,-18.31353374604699,-0.0023842493563499545
tree_nitrogen_stem_sp1,min,38,-18.94058277684674,-0.00244179086263685
tree_nitrogen_stem_sp1,min,39,-19.325245274567038,-0.0024975932211965812
tree_nitrogen_stem_sp1,min,40,-19.39113092766768,-0.002551442777498636
tree_nitrogen_stem_sp1,min,41,18.09269474262253,-0.0006768149086013864
tree_nitrogen_stem_sp1,min,42,-26.54188323889258,-0.002652473201365524
tree_nitrogen_stem_sp1,min,43,-23.586739657141766,-0.0026992781716792535
tree_nitrogen_stem_sp1,min,44,-21.525986315128048,-0.0027433829031053847
tree_nitrogen_stem_sp1,min,45,-19.727910334042146,-0.0027846381210068216
tree_nitrogen_stem_sp1,min,46,21.791748465785506,-0.000733957410805175
tree_nitrogen_stem_sp1,min,47,-24.922600682452476,-0.002858097012165217
tree_nitrogen_stem_sp1,min,48,-20.97517716003507,-0.0028900996578400395
tree_nitrogen_stem_sp1,min,49,-18.189487631613254,-0.00291885221141186
tree_nitrogen_stem_sp1,min,50,-15.842962230494607,-0.0029443073318837776
tree_nitrogen_stem_sp1,min,total,-1054.4290663307584,-0.08970084578095339
tree_nitrogen_stem_sp1,max,1,-224.1115694129262,0.0
tree_nitrogen_stem_sp1,max,2,18.965536967364297,0.0
tree_nitrogen_stem_sp1,max,3,-36.08508568302456,0.000854373520560614
tree_nitrogen_stem_sp1,max,4,-31.28179533870056,0.0009037311201254283
tree_nitrogen_stem_sp1,max,5,-28.257891845402206,0.0009547956629631926
tree_nitrogen_stem_sp1,max,6,-7.295295870329903,0.000261984641678481
tree_nitrogen_stem_sp1,max,7,-17.5329512912678,0.001062306066771157
tree_nitrogen_stem_sp1,max,8,-28.731298804825382,0.002204290648354146
tree_nitrogen_stem_sp1,max,9,-22.792882412795844,0.0011302879650330055
tree_nitrogen_stem_sp1,max,10,-11.720575593141714,0.0011883714643943222
tree_nitrogen_stem_sp1,max,11,-2.7291982401332446,0.0006394662681126206
tree_nitrogen_stem_sp1,max,12,-25.422890909134427,0.0012580053137547509
tree_nitrogen_stem_sp1,max,13,-25.002130346165558,0.0013194656121768844
tree_nitrogen_stem_sp1,max,14,-25.088492215975112,0.0013828636914965386
tree_nitrogen_stem_sp1,max,15,-2.009930357170058,0.0014482029984921319
tree_nitrogen_stem_sp1,max,16,-2.089275308719439,0.001062948935150132
tree_nitrogen_stem_sp1,max,17,-26.72688832336506,0.0014737380289346902
tree_nitrogen_stem_sp1,max,18,-26.39996630026162,0.0015398346011714636
tree_nitrogen_stem_sp1,max,19,-26.536246628107165,0.0016076404218274831
tree_nitrogen_stem_sp1,max,20,-26.78925631506446,0.0016770996026558294
tree_nitrogen_stem_sp1,max,21,-0.12135702446857932,0.00045451685380681894
tree_nitrogen_stem_sp1,max,22,-32.827861153716405,0.0018206811637924147
tree_nitrogen_stem_sp1,max,23,-31.532849504334855,0.0018946162040727188
tree_nitrogen_stem_sp1,max,24,-30.971212463754842,0.001969828691887443
tree_nitrogen_stem_sp1,max,25,-30.645875232156325,0.0020461835339062873
tree_nitrogen_stem_sp1,max,26,1.5241079988626312,0.0005521174109537341
tree_nitrogen_stem_sp1,max,27,-37.07681477690255,0.0022016942404121664
tree_nitrogen_stem_sp1,max,28,-34.96343121209855,0.002280494488317686
tree_nitrogen_stem_sp1,max,29,-33.77516548922603,0.002359726600985823
tree_nitrogen_stem_sp1,max,30,-32.88898584674729,0.0024391723318615277
tree_nitrogen_stem_sp1,max,31,5.103250214837683,0.0006548357208284727
tree_nitrogen_stem_sp1,max,32,-38.3515080063111,0.002597760523741499
tree_nitrogen_stem_sp1,max,33,-35.74312395271715,0.0026763998717385107
tree_nitrogen_stem_sp1,max,34,-34.049310088027795,0.0027542503425053155
tree_nitrogen_stem_sp1,max,35,90.73477858814898,0.002831038235328265
tree_nitrogen_stem_sp1,max,36,6.305020350787282,0.004421145855828534
tree_nitrogen_stem_sp1,max,37,-18.308765247334286,0.002384249356353507
tree_nitrogen_stem_sp1,max,38,-18.935699195121465,0.00244179086263685
tree_nitrogen_stem_sp1,max,39,-19.32025008812464,0.002497593221200134
tree_nitrogen_stem_sp1,max,40,-19.386028042112684,0.002551442777498636
tree_nitrogen_stem_sp1,max,41,18.094048372439733,0.0006768149086013864
tree_nitrogen_stem_sp1,max,42,-26.53657829248985,0.002652473201365524
tree_nitrogen_stem_sp1,max,43,-23.581341100798404,0.0026992781716828063
tree_nitrogen_stem_sp1,max,44,-21.520499549321833,0.0027433829031089374
tree_nitrogen_stem_sp1,max,45,-19.72234105780013,0.0027846381210103743
tree_nitrogen_stem_sp1,max,46,21.793216380607117,0.000733957410805175
tree_nitrogen_stem_sp1,max,47,-24.916884488428146,0.002858097012165217
tree_nitrogen_stem_sp1,max,48,-20.969396960719394,0.002890099657836487
tree_nitrogen_stem_sp1,max,49,-18.183649927190434,0.002918852211408307
tree_nitrogen_stem_sp1,max,50,-15.837073615830839,0.0029443073318837776
tree_nitrogen_stem_sp1,max,total,-1054.249664639196,0.08970084578140813
tree_root_in_top_30,min,1,-224.1115694129262,0.0
tree_root_in_top_30,min,2,18.965536967364297,0.0
tree_root_in_top_30,min,3,-35.175919653506355,0.9100204030387644
tree_root_in_top_30,min,4,-30.552986775911783,0.7297122939089036
tree_root_in_top_30,min,5,-27.64786561996552,0.6109810210996507
tree_root_in_top_30,min,6,-6.76827663691241,0.527281218059171
tree_root_in_top_30,min,7,-17.064281037303235,0.46973256003133557
tree_root_in_top_30,min,8,-28.28230347131008,0.45119962416365667
tree_root_in_top_30,min,9,-22.438885389381046,0.35512731137983167
tree_root_in_top_30,min,10,-11.369661508190559,0.35210245641554927
tree_root_in_top_30,min,11,-2.3554819825159856,0.37435572388537164
tree_root_in_top_30,min,12,-25.124554932456565,0.2995939819916167
tree_root_in_top_30,min,13,-24.685472507122455,0.3179773046552796
tree_root_in_top_30,min,14,-24.755948919643057,0.3339261600235517
tree_root_in_top_30,min,15,-1.6624645618678224,0.3489139983007279
tree_root_in_top_30,min,16,-1.682124299698173,0.40821395795641635
tree_root_in_top_30,min,17,-26.47025008890875,0.25811197248524564
tree_root_in_top_30,min,18,-26.104986071673782,0.2965200631890106
tree_root_in_top_30,min,19,-26.211952040802487,0.32590222772650534
tree_root_in_top_30,min,20,-26.4405584594659,0.35037495520121453
tree_root_in_top_30,min,21,0.2493252763456404,0.37113681766802653
tree_root_in_top_30,min,22,-32.44057918043197,0.3891026544482301
tree_root_in_top_30,min,23,-31.129800021994267,0.40494409854466085
tree_root_in_top_30,min,24,-30.554044127882076,0.4191381645646537
tree_root_in_top_30,min,25,-30.215909419245722,0.4320119964445084
tree_root_in_top_30,min,26,1.967335942495041,0.44378006104336354
tree_root_in_top_30,min,27,-36.62444304420089,0.45457342694207625
tree_root_in_top_30,min,28,-34.50124946557315,0.46446224101371314
tree_root_in_top_30,min,29,-33.3040525304629,0.473472685364122
tree_root_in_top_30,min,30,-32.40982533257154,0.4815996865076073
tree_root_in_top_30,min,31,5.5914119241099325,0.48881654499307814
tree_root_in_top_30,min,32,-37.85902355079496,0.4950822160398829
tree_root_in_top_30,min,33,-35.24545338387653,0.500346968712357
tree_root_in_top_30,min,34,-33.54750754277864,0.504556795591661
tree_root_in_top_30,min,35,91.23960450727746,0.5076569573638068
tree_root_in_top_30,min,36,7.048169848757903,0.7475706438264496
tree_root_in_top_30,min,37,-18.417754563837352,-0.10660506714671314
tree_root_in_top_30,min,38,-18.90364297929902,0.03449800668508374
tree_root_in_top_30,min,39,-19.195234597813656,0.12751308353218604
tree_root_in_top_30,min,40,-19.194409967669724,0.19416951722045894
tree_root_in_top_30,min,41,18.334255748567394,0.2408841910362618
tree_root_in_top_30,min,42,-26.266572287249346,0.2726584784418691
tree_root_in_top_30,min,43,-23.29076168439741,0.2932786945726775
tree_root_in_top_30,min,44,-21.217681127208007,0.30556180501693575
tree_root_in_top_30,min,45,-19.413542878909798,0.3115828170113417
tree_root_in_top_30,min,46,22.10534579296669,0.31286336977037976
tree_root_in_top_30,min,47,-24.609223264287177,0.31051932115313363
tree_root_in_top_30,min,48,-20.666914600237156,0.3053724601400738
tree_root_in_top_30,min,49,-17.888535599685692,0.29803317971614973
tree_root_in_top_30,min,50,-15.55105723043353,0.28896069272919256
tree_root_in_top_30,min,total,-1035.8517757425184,18.487589742459022
tree_root_in_top_30,max,1,-224.1115694129262,0.0
tree_root_in_top_30,max,2,18.965536967364297,0.0
tree_root_in_top_30,max,3,-36.99596045970519,-0.9100204031600683
tree_root_in_top_30,max,4,-32.01241136645538,-0.7297122966346947
tree_root_in_top_30,max,5,-28.86982766571043,-0.6109810246452625
tree_root_in_top_30,max,6,-7.822839071559264,-0.5272812165876832
tree_root_in_top_30,max,7,-18.003746156140046,-0.46973255880547526
tree_root_in_top_30,max,8,-29.18470272112493,-0.4511996256511921
tree_root_in_top_30,max,9,-23.14914001074058,-0.35512730997970365
tree_root_in_top_30,max,10,-12.073866419826544,-0.35210245522043593
tree_root_in_top_30,max,11,-3.1041934295886846,-0.37435572318732735
tree_root_in_top_30,max,12,-25.723742895919646,-0.2995939814714639
tree_root_in_top_30,max,13,-25.321427116319423,-0.3179773045416887
tree_root_in_top_30,max,14,-25.42380123942843,-0.3339261597618197
tree_root_in_top_30,max,15,-2.3602925579840637,-0.34891399781551335
tree_root_in_top_30,max,16,-2.4985522153509425,-0.40821395769635327
tree_root_in_top_30,max,17,-26.986474033784557,-0.25811197239056227
tree_root_in_top_30,max,18,-26.69802619917433,-0.29652006431153666
tree_root_in_top_30,max,19,-26.86375649872628,-0.32590223019728626
tree_root_in_top_30,max,20,-27.141308370523678,-0.3503749558565623
tree_root_in_top_30,max,21,-0.4929483564674171,-0.37113681514503094
tree_root_in_top_30,max,22,-33.21878448968249,-0.38910265480229356
tree_root_in_top_30,max,23,-31.939688216187612,-0.40494409564868405
tree_root_in_top_30,max,24,-31.392320454942862,-0.41913816249613234
tree_root_in_top_30,max,25,-31.079933410813425,-0.43201199512319377
tree_root_in_top_30,max,26,1.0797758194570588,-0.4437800619946186
tree_root_in_top_30,max,27,-37.53358989884268,-0.45457342769971376
tree_root_in_top_30,max,28,-35.43017394598147,-0.4644622393946065
tree_root_in_top_30,max,29,-34.250997899943854,-0.4734726841168353
tree_root_in_top_30,max,30,-33.373024704729346,-0.4815996856501954
tree_root_in_top_30,max,31,4.613778832637436,-0.4888165464794181
tree_root_in_top_30,max,32,-38.84918798407801,-0.4950822172431657
tree_root_in_top_30,max,33,-36.2461473201584,-0.5003469675695129
tree_root_in_top_30,max,34,-34.556621137364836,-0.5045567989945354
tree_root_in_top_30,max,35,90.22429058982047,-0.5076569600931862
tree_root_in_top_30,max,36,5.553028578242663,-0.7475706266887903
tree_root_in_top_30,max,37,-18.204544433953643,0.1066050627369961
tree_root_in_top_30,max,38,-18.97263899570881,-0.0344980097247074
tree_root_in_top_30,max,39,-19.450260767553065,-0.12751308620722313
tree_root_in_top_30,max,40,-19.582749003741057,-0.19416951885087386
tree_root_in_top_30,max,41,17.852487365471603,-0.2408841920595286
tree_root_in_top_30,max,42,-26.811889244918124,-0.27265847922690867
tree_root_in_top_30,max,43,-23.87731907417075,-0.2932786952006623
tree_root_in_top_30,max,44,-21.828804787423636,-0.30556185519869317
tree_root_in_top_30,max,45,-20.036708509086502,-0.3115828131653622
tree_root_in_top_30,max,46,21.479619063749468,-0.31286335944684396
tree_root_in_top_30,max,47,-25.230261897967633,-0.31051931252732246
tree_root_in_top_30,max,48,-21.27765951376973,-0.30537245339250063
tree_root_in_top_30,max,49,-18.484601953735396,-0.29803317433355403
tree_root_in_top_30,max,50,-16.128978611895455,-0.2889606887327325
tree_root_in_top_30,max,total,-1072.8269552373617,-18.487589752384338
tree_root_to_shoot_sp1,min,1,-221.1837160958029,2.9278533171232937
tree_root_to_shoot_sp1,min,2,18.856828600237794,-0.10870836712650345
tree_root_to_shoot_sp1,min,3,-35.774375890517746,0.3115641660273738
tree_root_to_shoot_sp1,min,4,-31.000282909200735,0.28241616061995245
tree_root_to_shoot_sp1,min,5,-27.993367324734844,0.2654793163303246
tree_root_to_shoot_sp1,min,6,-7.040019868051386,0.2555379869201948
tree_root_to_shoot_sp1,min,7,-17.42411518997408,0.10989840736048961
tree_root_to_shoot_sp1,min,8,-28.456674398491142,0.2768286969825944
tree_root_to_shoot_sp1,min,9,-22.566070533203074,0.22794216755780283
tree_root_to_shoot_sp1,min,10,-11.640117700032992,0.08164626457311641
tree_root_to_shoot_sp1,min,11,-2.4562249146002215,0.27361279180113574
tree_root_to_shoot_sp1,min,12,-25.19794298678413,0.22620592766405068
tree_root_to_shoot_sp1,min,13,-24.764177263839134,0.23927254793860087
tree_root_to_shoot_sp1,min,14,-24.839250935957818,0.2506241437087908
tree_root_to_shoot_sp1,min,15,-2.0718245910011897,-0.06044603083263933
tree_root_to_shoot_sp1,min,16,-1.757063342130552,0.3332749155240373
tree_root_to_shoot_sp1,min,17,-26.50160330165575,0.22675875973824589
tree_root_to_shoot_sp1,min,18,-26.156236945587175,0.2452691892756178
tree_root_to_shoot_sp1,min,19,-26.278312698376357,0.2595415701526349
tree_root_to_shoot_sp1,min,20,-26.51919440244595,0.2717390122211647
tree_root_to_shoot_sp1,min,21,0.16044241907713674,0.2822539603995229
tree_root_to_shoot_sp1,min,22,-32.53829756041496,0.29138427446523707
tree_root_to_shoot_sp1,min,23,-31.23540254717121,0.2993415733677196
tree_root_to_shoot_sp1,min,24,-30.66691581654048,0.30626647590624856
tree_root_to_shoot_sp1,min,25,-30.335677068678603,0.31224434701162807
tree_root_to_shoot_sp1,min,26,1.8408750632168718,0.31731918176519436
tree_root_to_shoot_sp1,min,27,-36.75751145615983,0.32150501498313133
tree_root_to_shoot_sp1,min,28,-34.64091668866299,0.32479501792387566
tree_root_to_shoot_sp1,min,29,-33.450356570640295,0.32716864518672395
tree_root_to_shoot_sp1,min,30,-32.56282777404431,0.32859724503484244
tree_root_to_shoot_sp1,min,31,5.431643889832664,0.32904851071580943
tree_root_to_shoot_sp1,min,32,-38.02561573547728,0.3284900313575605
tree_root_to_shoot_sp1,min,33,-35.418908179684166,0.3268921729047207
tree_root_to_shoot_sp1,min,34,-33.72783392401614,0.32423041435416167
tree_root_to_shoot_sp1,min,35,89.35337759398675,-1.3785699559269062
tree_root_to_shoot_sp1,min,36,6.975955331732768,0.6753561268013151
tree_root_to_shoot_sp1,min,37,-18.24874254495999,0.06240695173065092
tree_root_to_shoot_sp1,min,38,-18.827058502393403,0.11108248359069961
tree_root_to_shoot_sp1,min,39,-19.18420076117256,0.13854692017328318
tree_root_to_shoot_sp1,min,40,-19.232315336685147,0.15626414820503598
tree_root_to_shoot_sp1,min,41,18.25981582399258,0.16644426646144694
tree_root_to_shoot_sp1,min,42,-26.3683547338548,0.1708760318364142
tree_root_to_shoot_sp1,min,43,-23.413086734956938,0.1709536440131494
tree_root_to_shoot_sp1,min,44,-21.35550021856981,0.1677427136551337
tree_root_to_shoot_sp1,min,45,-19.563074697557752,0.16205099836338732
tree_root_to_shoot_sp1,min,46,21.94697311298019,0.15449068978387714
tree_root_to_shoot_sp1,min,47,-24.77421397199473,0.1455286134455811
tree_root_to_shoot_sp1,min,48,-20.836762318961032,0.13552474141619797
tree_root_to_shoot_sp1,min,49,-18.0618079454733,0.12476083392854065
tree_root_to_shoot_sp1,min,50,-15.726556651243829,0.11346127191889366
tree_root_to_shoot_sp1,min,total,-1041.7465971966437,12.592768288333673
tree_root_to_shoot_sp1,max,1,-227.03942273004947,-2.9278533171232652
tree_root_to_shoot_sp1,max,2,19.07424533449083,0.10870836712653187
tree_root_to_shoot_sp1,max,3,-36.39750422257748,-0.3115641660323618
tree_root_to_shoot_sp1,max,4,-31.565115230569916,-0.2824161607492286
tree_root_to_shoot_sp1,max,5,-28.524325957528255,-0.265479316463086
tree_root_to_shoot_sp1,max,6,-7.551095841830105,-0.25553798685852414
tree_root_to_shoot_sp1,max,7,-17.64391200464389,-0.10989840730931988
tree_root_to_shoot_sp1,max,8,-29.010331794419855,-0.27682869894611883
tree_root_to_shoot_sp1,max,9,-23.021954867759263,-0.22794216699838543
tree_root_to_shoot_sp1,max,10,-11.803410228802106,-0.08164626419599763
tree_root_to_shoot_sp1,max,11,-3.003450497904024,-0.27361279150266693
tree_root_to_shoot_sp1,max,12,-25.65035484187862,-0.22620592743043844
tree_root_to_shoot_sp1,max,13,-25.24272235955158,-0.23927254777384377
tree_root_to_shoot_sp1,max,14,-25.340499223260032,-0.25062414359342355
tree_root_to_shoot_sp1,max,15,-1.9509325290881436,0.06044603108040669
tree_root_to_shoot_sp1,max,16,-2.4236131731517405,-0.33327491549715127
tree_root_to_shoot_sp1,max,17,-26.955120821098053,-0.22675875970405812
tree_root_to_shoot_sp1,max,18,-26.646775324222094,-0.24526918935930198
tree_root_to_shoot_sp1,max,19,-26.79739583877339,-0.25954157024439795
tree_root_to_shoot_sp1,max,20,-27.062672426970558,-0.271739012303442
tree_root_to_shoot_sp1,max,21,-0.4040655016404133,-0.2822539603180272
tree_root_to_shoot_sp1,max,22,-33.12106610928582,-0.29138427440562253
tree_root_to_shoot_sp1,max,23,-31.834085693774714,-0.29934157323578603
tree_root_to_shoot_sp1,max,24,-31.279448768256422,-0.3062664758096929
tree_root_to_shoot_sp1,max,25,-30.960165762636986,-0.3122443469467555
tree_root_to_shoot_sp1,max,26,1.2062366996939384,-0.317319181757739
tree_root_to_shoot_sp1,max,27,-37.40052148618201,-0.32150501503904394
tree_root_to_shoot_sp1,max,28,-35.29050672444249,-0.3247950178556209
tree_root_to_shoot_sp1,max,29,-34.10469386096169,-0.3271686451346696
tree_root_to_shoot_sp1,max,30,-33.22002226407763,-0.32859724499847687
tree_root_to_shoot_sp1,max,31,4.773546868346328,-0.32904851077052655
tree_root_to_shoot_sp1,max,32,-38.68259579823701,-0.32849003140216837
tree_root_to_shoot_sp1,max,33,-36.0726925254314,-0.3268921728425127
tree_root_to_shoot_sp1,max,34,-34.37629475295202,-0.3242304145817201
tree_root_to_shoot_sp1,max,35,92.11051750573208,1.3785699558184206
tree_root_to_shoot_sp1,max,36,5.625243094127449,-0.675356110804004
tree_root_to_shoot_sp1,max,37,-18.373556454065355,-0.06240695737471569
tree_root_to_shoot_sp1,max,38,-19.049223471334535,-0.1110824853504333
tree_root_to_shoot_sp1,max,39,-19.46129460335754,-0.13854692201169883
tree_root_to_shoot_sp1,max,40,-19.54484363470542,-0.15626414981523595
tree_root_to_shoot_sp1,max,41,17.92692728978776,-0.16644426774337262
tree_root_to_shoot_sp1,max,42,-26.710106798519632,-0.17087603282841712
tree_root_to_shoot_sp1,max,43,-23.754994023735755,-0.17095364476566743
tree_root_to_shoot_sp1,max,44,-21.690985646360698,-0.16774271413575548
tree_root_to_shoot_sp1,max,45,-19.887176694830078,-0.16205099890893848
tree_root_to_shoot_sp1,max,46,21.63799173314231,-0.15449069005400062
tree_root_to_shoot_sp1,max,47,-25.065271199080563,-0.14552861364025205
tree_root_to_shoot_sp1,max,48,-21.107811801935476,-0.13552474155824612
tree_root_to_shoot_sp1,max,49,-18.311329613421364,-0.1247608340195221
tree_root_to_shoot_sp1,max,50,-15.953479195147068,-0.1134612719843453
tree_root_to_shoot_sp1,max,total,-1066.9321337731299,-12.592768288152456
cy0_flat_scale,min,1,-224.11156937645904,3.646715640570619e-08
cy0_flat_scale,min,2,18.965536989377313,2.2013015410493608e-08
cy0_flat_scale,min,3,-36.08594014163188,-8.508676074825416e-08
cy0_flat_scale,min,4,-31.282699147212835,-7.739214780144721e-08
cy0_flat_scale,min,5,-28.258846650301884,-9.236714504368138e-09
cy0_flat_scale,min,6,-7.295557854486626,4.849551871188851e-10
cy0_flat_scale,min,7,-17.53401345497476,1.4235980927423952e-07
cy0_flat_scale,min,8,-28.73350311318472,-1.771098467884258e-08
cy0_flat_scale,min,9,-22.794012637265826,6.349505099478847e-08
cy0_flat_scale,min,10,-11.721763987564426,-2.2958317913435167e-08
cy0_flat_scale,min,11,-2.7298377028882608,3.513096480389777e-09
cy0_flat_scale,min,12,-25.424148870863416,4.35847660185118e-08
cy0_flat_scale,min,13,-25.00344987749699,-6.571925581511096e-08
cy0_flat_scale,min,14,-25.089875080011772,-3.4516389746386267e-10
cy0_flat_scale,min,15,-2.0113783579263114,2.0224223895581872e-07
cy0_flat_scale,min,16,-2.0903380402033322,2.1745125700078916e-07
cy0_flat_scale,min,17,-26.728362758208622,-6.968146273322873e-07
cy0_flat_scale,min,18,-26.401506428160367,-2.932975746716693e-07
cy0_flat_scale,min,19,-26.537854252748147,1.578084507514177e-08
cy0_flat_scale,min,20,-26.79093344123972,-2.657260367300296e-08
cy0_flat_scale,min,21,-0.12181150300262633,3.831975980972402e-08
cy0_flat_scale,min,22,-32.8296831111258,-1.2762456051973459e-06
cy0_flat_scale,min,23,-31.534744542023812,-4.2148488432758313e-07
cy0_flat_scale,min,24,-30.973182174475912,1.1797081711506507e-07
cy0_flat_scale,min,25,-30.647921551247084,-1.3555685285382424e-07
cy0_flat_scale,min,26,1.5235552220415198,-6.594101575885247e-07
cy0_flat_scale,min,27,-37.07901642301569,4.812727638636716e-08
cy0_flat_scale,min,28,-34.96571206155592,-3.5496905326226624e-07
cy0_flat_scale,min,29,-33.77752578203853,-5.662115114546395e-07
cy0_flat_scale,min,30,-32.89142458825113,4.308280239229134e-07
cy0_flat_scale,min,31,5.102595849994804,4.7087794996514276e-07
cy0_flat_scale,min,32,-38.35410525544642,5.113884213869824e-07
cy0_flat_scale,min,33,-35.745799592073766,7.605151211009797e-07
cy0_flat_scale,min,34,-34.052063895979984,4.4239031637971493e-07
cy0_flat_scale,min,35,90.73194733619094,-2.137227141929543e-07
cy0_flat_scale,min,36,6.300599303756176,9.882472262745523e-08
cy0_flat_scale,min,37,-18.311149072664062,4.240265774058116e-07
cy0_flat_scale,min,38,-18.938141016961747,-3.097764533777081e-08
cy0_flat_scale,min,39,-19.322747398644925,2.827009168981931e-07
cy0_flat_scale,min,40,-19.38857894241026,5.424799240927314e-07
cy0_flat_scale,min,41,18.09337161007489,5.2543757789180745e-08
cy0_flat_scale,min,42,-26.539229795862536,9.698286795867261e-07
cy0_flat_scale,min,43,-23.584040679308757,-3.0033866948997456e-07
cy0_flat_scale,min,44,-21.52324217073811,7.614868309246958e-07
cy0_flat_scale,min,45,-19.725125694203868,1.7172716582081193e-09
cy0_flat_scale,min,46,21.792482069377737,-3.538185744389466e-07
cy0_flat_scale,min,47,-24.919742008172857,5.7726745339437e-07
cy0_flat_scale,min,48,-20.972287065643158,-5.26592813798743e-09
cy0_flat_scale,min,49,-18.186569048873096,-2.694712541995159e-07
cy0_flat_scale,min,50,-15.840017671668372,2.5149435067817194e-07
cy0_flat_scale,min,total,-1054.3393638374039,1.647573526497581e-06
cy0_flat_scale,max,1,-224.11156934252642,7.039977845124668e-08
cy0_flat_scale,max,2,18.965536983388784,1.602448662652023e-08
cy0_flat_scale,max,3,-36.08594017898369,-1.224385712816911e-07
cy0_flat_scale,max,4,-31.282698951042573,1.1877811445515363e-07
cy0_flat_scale,max,5,-28.258846704466986,-6.340181712971571e-08
cy0_flat_scale,max,6,-7.295558013836853,-1.5886527204855838e-07
cy0_flat_scale,max,7,-17.53401346684747,1.304871020124665e-07
cy0_flat_scale,max,8,-28.733503163491054,-6.801731800010202e-08
cy0_flat_scale,max,9,-22.794012620463107,8.029777021079099e-08
cy0_flat_scale,max,10,-11.721764001771696,-3.716558794053526e-08
cy0_flat_scale,max,11,-2.7298376899613888,1.643996849765017e-08
cy0_flat_scale,max,12,-25.42414892079686,-6.348678027734422e-09
cy0_flat_scale,max,13,-25.003449898542197,-8.67644622815078e-08
cy0_flat_scale,max,14,-25.08987499360484,8.606176749026417e-08
cy0_flat_scale,max,15,-2.0113780892210755,4.7094747479548005e-07
cy0_flat_scale,max,16,-2.090337972409914,2.852446754353366e-07
cy0_flat_scale,max,17,-26.728362130246385,-6.885239045573144e-08
cy0_flat_scale,max,18,-26.401506096830058,3.803273429525689e-08
cy0_flat_scale,max,19,-26.53785439436025,-1.2583125652554372e-07
cy0_flat_scale,max,20,-26.790932973223548,4.414435679223061e-07
cy0_flat_scale,max,21,-0.12181154286734364,-1.5449574952697276e-09
cy0_flat_scale,max,22,-32.82968213916237,-3.0428217456801576e-07
cy0_flat_scale,max,23,-31.534744303183103,-1.8264417533941923e-07
cy0_flat_scale,max,24,-30.97318263774533,-3.4529860215570807e-07
cy0_flat_scale,max,25,-30.647921443015335,-2.7325103957309693e-08
cy0_flat_scale,max,26,1.5235558919974923,1.0545814888018867e-08
cy0_flat_scale,max,27,-37.07901694341836,-4.722753956798442e-07
cy0_flat_scale,max,28,-34.96571166770949,3.887737420882331e-08
cy0_flat_scale,max,29,-33.77752533751774,-1.2169071794687625e-07
cy0_flat_scale,max,30,-32.89142454772731,4.713518393373306e-07
cy0_flat_scale,max,31,5.102595875989808,4.968729534482463e-07
cy0_flat_scale,max,32,-38.354105507487475,2.5934736669341873e-07
cy0_flat_scale,max,33,-35.745799564108005,7.884808823632738e-07
cy0_flat_scale,max,34,-34.05206411578607,2.2258423371113167e-07
cy0_flat_scale,max,35,90.73194821009976,6.601861031185763e-07
cy0_flat_scale,max,36,6.3005997083446434,5.03413190244828e-07
cy0_flat_scale,max,37,-18.311149019444382,4.772462567359526e-07
cy0_flat_scale,max,38,-18.938141198864617,-2.128805149936852e-07
cy0_flat_scale,max,39,-19.322747351735543,3.296102981664717e-07
cy0_flat_scale,max,40,-19.38857907423143,4.1065875322487955e-07
cy0_flat_scale,max,41,18.09337163479189,7.726075779146413e-08
cy0_flat_scale,max,42,-26.539230003437947,7.622532685047645e-07
cy0_flat_scale,max,43,-23.584040468513944,-8.95438567738438e-08
cy0_flat_scale,max,44,-21.523243159779746,-2.2755480344471835e-07
cy0_flat_scale,max,45,-19.72512574554124,-4.9620101805203376e-08
cy0_flat_scale,max,46,21.792482277398324,-1.4579798701674918e-07
cy0_flat_scale,max,47,-24.91974238251399,2.0292631930374228e-07
cy0_flat_scale,max,48,-20.972287583247393,-5.228701631665444e-07
cy0_flat_scale,max,49,-18.186569241460774,-4.620589315607049e-07
cy0_flat_scale,max,50,-15.840018103879531,-1.8071680862874473e-07
cy0_flat_scale,max,total,-1054.339362102994,3.381983333383687e-06
clay_flat_scale,min,1,-224.11494835352124,-0.003378940595041513
clay_flat_scale,min,2,18.96558568103556,4.8713671262134994e-05
clay_flat_scale,min,3,-36.0662265083634,0.019713548181719887
clay_flat_scale,min,4,-31.25136304173931,0.03133602808137681
clay_flat_scale,min,5,-28.22058408647379,0.03826255459138039
clay_flat_scale,min,6,-7.267533100267988,0.028024754703593224
clay_flat_scale,min,7,-17.49677243365216,0.037241163682409706
clay_flat_scale,min,8,-28.688093161633503,0.04540993384023295
clay_flat_scale,min,9,-22.746800166896726,0.04721253386415114
clay_flat_scale,min,10,-11.67271935374228,0.04904461086382739
clay_flat_scale,min,11,-2.692128247982546,0.03770945841881135
clay_flat_scale,min,12,-25.379765680616988,0.044383233831194246
clay_flat_scale,min,13,-24.954455608595364,0.04899420318237091
clay_flat_scale,min,14,-25.037787167677713,0.052087911988895286
clay_flat_scale,min,15,-1.9566253245566547,0.0547532356118956
clay_flat_scale,min,16,-2.0476952055255815,0.042643052129007764
clay_flat_scale,min,17,-26.678655770480816,0.049706290913178464
clay_flat_scale,min,18,-26.347127564017594,0.05437857084519848
clay_flat_scale,min,19,-26.48033606406624,0.057518204462752465
clay_flat_scale,min,20,-26.73067751405707,0.06025590061004493
clay_flat_scale,min,21,-0.07709898816777905,0.04471255315460709
clay_flat_scale,min,22,-32.774746296369585,0.0549355385106125
clay_flat_scale,min,23,-31.47288120263821,0.06186291790071863
clay_flat_scale,min,24,-30.90692730033366,0.06625499211306973
clay_flat_scale,min,25,-30.57811195523737,0.06980946045285918
clay_flat_scale,min,26,1.5752706552974116,0.0517147738457342
clay_flat_scale,min,27,-37.01472029175008,0.06429617939288335
clay_flat_scale,min,28,-34.8933133241903,0.07239838239656393
clay_flat_scale,min,29,-33.7001855731884,0.07733964263861992
clay_flat_scale,min,30,-32.81022331332457,0.08120170575458019
clay_flat_scale,min,31,5.162456983089672,0.05986160397281726
clay_flat_scale,min,32,-38.28265947674183,0.0714462900930144
clay_flat_scale,min,33,-35.665718302465194,0.08008205012369274
clay_flat_scale,min,34,-33.96681763863641,0.08524669973389365
clay_flat_scale,min,35,90.82106067661454,0.08911312670088023
clay_flat_scale,min,36,6.374430145052369,0.0738309401209154
clay_flat_scale,min,37,-18.238111637824613,0.07303785886602654
clay_flat_scale,min,38,-18.86464921443595,0.07349177154815223
clay_flat_scale,min,39,-19.248819137986224,0.0739285433596173
clay_flat_scale,min,40,-19.31399555332762,0.07458393156256449
clay_flat_scale,min,41,18.14488302242497,0.05151146489383862
clay_flat_scale,min,42,-26.476430161119495,0.06280060457171999
clay_flat_scale,min,43,-23.514127762965188,0.06991261600489906
clay_flat_scale,min,44,-21.449774682399774,0.07346824982516864
clay_flat_scale,min,45,-19.649375395439474,0.07575030048166553
clay_flat_scale,min,46,21.844212355445844,0.051729932249532595
clay_flat_scale,min,47,-24.855815915271986,0.06392667016832476
clay_flat_scale,min,48,-20.900972884267507,0.07131417610972335
clay_flat_scale,min,49,-18.111888169588052,0.07468060981378954
clay_flat_scale,min,50,-15.763464842490544,0.07655308067217881
clay_flat_scale,min,total,-1051.4732238550664,2.8661416299109987
clay_flat_scale,max,1,-224.10914742962922,0.0024219832969833988
clay_flat_scale,max,2,18.965503834922092,-3.313244220493061e-05
clay_flat_scale,max,3,-36.10006841414336,-0.014128357598238495
clay_flat_scale,max,4,-31.305168293672576,-0.022469223851889097
clay_flat_scale,max,5,-28.28629177282102,-0.027445131755850838
clay_flat_scale,max,6,-7.315674993968163,-0.020117138996582185
clay_flat_scale,max,7,-17.560735614707703,-0.026722017373131735
clay_flat_scale,max,8,-28.766086036262255,-0.032582940788518755
clay_flat_scale,max,9,-22.827894937495163,-0.0338822367342857
clay_flat_scale,max,10,-11.756964601566215,-0.035200636960107445
clay_flat_scale,max,11,-2.756918556950706,-0.027080850549348945
clay_flat_scale,max,12,-25.456009612085598,-0.03186069763741628
clay_flat_scale,max,13,-25.038618561729972,-0.03516874995223773
clay_flat_scale,max,14,-25.12726543383601,-0.03739035416939984
clay_flat_scale,max,15,-2.050683177677757,-0.039304617509206885
clay_flat_scale,max,16,-2.1209678564604424,-0.030629598805853142
clay_flat_scale,max,17,-26.764050833720077,-0.035688772326082585
clay_flat_scale,max,18,-26.440546747113732,-0.03904061225093969
clay_flat_scale,max,19,-26.579149558713983,-0.04129529018499056
clay_flat_scale,max,20,-26.834194398502873,-0.04326098383575783
clay_flat_scale,max,21,-0.15393785885354738,-0.03212631753116124
clay_flat_scale,max,22,-32.86912972391288,-0.039447889032679484
clay_flat_scale,max,23,-31.579161753843294,-0.04441763330436643
clay_flat_scale,max,24,-31.02075355586974,-0.047571263423009214
clay_flat_scale,max,25,-30.698046063215408,-0.05012464752517687
clay_flat_scale,max,26,1.4863941461263583,-0.03716173532531908
clay_flat_scale,max,27,-37.12518780856822,-0.04617133742525681
clay_flat_scale,max,28,-35.01769643469464,-0.05198472810777588
clay_flat_scale,max,29,-33.833058119712824,-0.055532903885804785
clay_flat_scale,max,30,-32.949731554631114,-0.058306535551963634
clay_flat_scale,max,31,5.059576648463685,-0.04301873065316908
clay_flat_scale,max,32,-38.40542041905118,-0.05131465221634102
clay_flat_scale,max,33,-35.80330775982962,-0.057507407240734665
clay_flat_scale,max,34,-34.11328129777025,-0.061216959399949644
clay_flat_scale,max,35,90.66795273028296,-0.0639948196306932
clay_flat_scale,max,36,6.247551380527639,-0.05304782440381395
clay_flat_scale,max,37,-18.36362499800292,-0.05247550131227996
clay_flat_scale,max,38,-18.990941926213605,-0.05280094022950266
clay_flat_scale,max,39,-19.375861726190404,-0.05311404484456261
clay_flat_scale,max,40,-19.4421642543764,-0.05358476948621771
clay_flat_scale,max,41,18.05632068585091,-0.03705087168022203
clay_flat_scale,max,42,-26.584359708088485,-0.04512894239726961
clay_flat_scale,max,43,-23.634271055192965,-0.05023067622287769
clay_flat_scale,max,44,-21.57602576663787,-0.05278283441292686
clay_flat_scale,max,45,-19.779548698489645,-0.054423002568505296
clay_flat_scale,max,46,21.75526987631741,-0.03721254687890152
clay_flat_scale,max,47,-24.965685924040663,-0.04594333860035249
clay_flat_scale,max,48,-21.023528195771508,-0.0512411353942781
clay_flat_scale,max,49,-18.240228099991437,-0.05365932058959544
clay_flat_scale,max,50,-15.8950233755142,-0.05500545235147669
clay_flat_scale,max,total,-1056.3978436070288,-2.0584781220513833
temp_flat_delta,min,1,-224.09793181291346,0.013637600012742723
temp_flat_delta,min,2,18.96151075760843,-0.004026209755867427
temp_flat_delta,min,3,-36.27180832643286,-0.18586826988774163
temp_flat_delta,min,4,-31.65956798682921,-0.37686891700852243
temp_flat_delta,min,5,-28.73931939929073,-0.48047275822555946
temp_flat_delta,min,6,-7.692866501436226,-0.39730864646464514
temp_flat_delta,min,7,-17.926510239022683,-0.39249664168811194
temp_flat_delta,min,8,-29.17320792688201,-0.43970483140827454
temp_flat_delta,min,9,-23.23621504495585,-0.4422023441949712
temp_flat_delta,min,10,-12.137321155394723,-0.41555719078861486
temp_flat_delta,min,11,-3.001214708929084,-0.2713770025277267
temp_flat_delta,min,12,-25.662047097961416,-0.23789818351323433
temp_flat_delta,min,13,-25.27070467264106,-0.26725486086332495
temp_flat_delta,min,14,-25.384724012885382,-0.29484893321877337
temp_flat_delta,min,15,-2.3228373086467737,-0.3114587484782234
temp_flat_delta,min,16,-2.2834415149940335,-0.19310325733944422
temp_flat_delta,min,17,-26.909349586826544,-0.18098752543254903
temp_flat_delta,min,18,-26.63081848703883,-0.22931235217603785
temp_flat_delta,min,19,-26.811494792456582,-0.27364052392758964
temp_flat_delta,min,20,-27.094701174727156,-0.30376776006004036
temp_flat_delta,min,21,-0.28552834129761706,-0.16371679997523092
temp_flat_delta,min,22,-33.00639090452153,-0.17670906964133337
temp_flat_delta,min,23,-31.80356459610473,-0.26882047556580346
temp_flat_delta,min,24,-31.31482713586978,-0.341644843423051
temp_flat_delta,min,25,-31.03393684433426,-0.38601542864402916
temp_flat_delta,min,26,1.3016897742708737,-0.22186610718080368
temp_flat_delta,min,27,-37.315631389868464,-0.23661491872550044
temp_flat_delta,min,28,-35.307520217497505,-0.3418085109106386
temp_flat_delta,min,29,-34.1998463864413,-0.422321170614282
temp_flat_delta,min,30,-33.359162968131145,-0.46773794905199395
temp_flat_delta,min,31,4.8331443936621525,-0.2694509854547018
temp_flat_delta,min,32,-38.621569928692985,-0.26746416185814326
temp_flat_delta,min,33,-36.12519124636997,-0.3793908937810855
temp_flat_delta,min,34,-34.5149690646013,-0.46290472623100243
temp_flat_delta,min,35,90.22357330252807,-0.5083742473855892
temp_flat_delta,min,36,5.940485244243144,-0.3601139606883095
temp_flat_delta,min,37,-18.568934104980865,-0.2577846082902262
temp_flat_delta,min,38,-19.172110535561483,-0.23396954957738103
temp_flat_delta,min,39,-19.56099235674646,-0.2382446754006189
temp_flat_delta,min,40,-19.64055172127595,-0.25197223638576816
temp_flat_delta,min,41,18.043774208051772,-0.049597349479359565
temp_flat_delta,min,42,-26.602381403871064,-0.06315063817984878
temp_flat_delta,min,43,-23.777201512907105,-0.19316113393701784
temp_flat_delta,min,44,-21.817365432082298,-0.2941224998573553
temp_flat_delta,min,45,-20.078146083975064,-0.353020388053924
temp_flat_delta,min,46,21.644093360902318,-0.14838906229399385
temp_flat_delta,min,47,-25.076122684920104,-0.1563800994797937
temp_flat_delta,min,48,-21.251849198000027,-0.279562137622797
temp_flat_delta,min,49,-18.554393060128547,-0.3678242807267047
temp_flat_delta,min,50,-16.250538613210324,-0.4105206900476013
temp_flat_delta,min,total,-1068.5965364403878,-14.257170955410402
temp_flat_delta,max,1,-224.12453997332847,-0.012970560402266074
temp_flat_delta,max,2,18.96926339599233,0.0037264286280311865
temp_flat_delta,max,3,-35.9035114869774,0.18242856956771902
temp_flat_delta,max,4,-30.914161592791178,0.3685374770295091
temp_flat_delta,max,5,-27.79581946345208,0.463027177613089
temp_flat_delta,max,6,-6.921178920694238,0.3743789342773436
temp_flat_delta,max,7,-17.170661087489762,0.36335250984480894
temp_flat_delta,max,8,-28.324256232598678,0.40924686287505807
temp_flat_delta,max,9,-22.384332078113232,0.40968062264764527
temp_flat_delta,max,10,-11.340446130044727,0.381317834561381
temp_flat_delta,max,11,-2.490275310638083,0.23956239576327443
temp_flat_delta,max,12,-25.216745514279033,0.2074034001691487
temp_flat_delta,max,13,-24.762402557070313,0.2410472547074214
temp_flat_delta,max,14,-24.81995404916401,0.26992103050259786
temp_flat_delta,max,15,-1.7244907761690276,0.28688778399952275
temp_flat_delta,max,16,-1.9191562077028896,0.1711820499516996
temp_flat_delta,max,17,-26.568790420519175,0.15957164087481956
temp_flat_delta,max,18,-26.19019646864269,0.21130966622010305
temp_flat_delta,max,19,-26.282159636462783,0.25569463206620924
temp_flat_delta,max,20,-26.50603518939669,0.28489822527042463
temp_flat_delta,max,21,0.025093055738152792,0.14690459706053893
temp_flat_delta,max,22,-32.6705401067924,0.15914172808779625
temp_flat_delta,max,23,-31.28087834558945,0.25386577494947815
temp_flat_delta,max,24,-30.648410182767957,0.3247721096787721
temp_flat_delta,max,25,-30.281703086962946,0.3662183287272853
temp_flat_delta,max,26,1.7265719820214893,0.2030161005698119
temp_flat_delta,max,27,-36.86320717806875,0.2158092930742157
temp_flat_delta,max,28,-34.64219955743633,0.32351214915053816
temp_flat_delta,max,29,-33.376119109803604,0.40140610602341553
temp_flat_delta,max,30,-32.44812902705157,0.4432959920275792
temp_flat_delta,max,31,5.348784818372874,0.24618943925601933
temp_flat_delta,max,32,-38.111377592493255,0.2427281743415861
temp_flat_delta,max,33,-35.387978507981174,0.35782184460771305
temp_flat_delta,max,34,-33.61297692351624,0.43908741485405756
temp_flat_delta,max,35,91.21316580033844,0.4812182504247886
temp_flat_delta,max,36,6.633722935554806,0.33312373062335254
temp_flat_delta,max,37,-18.080005516070894,0.23114398061974484
temp_flat_delta,max,38,-18.725944386942192,0.2121965990419099
temp_flat_delta,max,39,-19.10309064771683,0.21965703362901223
temp_flat_delta,max,40,-19.153145574372623,0.23543391051756046
temp_flat_delta,max,41,18.131860874964243,0.038489317433111125
temp_flat_delta,max,42,-26.485904234295788,0.05332653139542742
temp_flat_delta,max,43,-23.39583832184787,0.1882020571222185
temp_flat_delta,max,44,-21.235948098950946,0.28729483327399663
temp_flat_delta,max,45,-19.382520429325183,0.3426052665959567
temp_flat_delta,max,46,21.931364640522403,0.13888221732609196
temp_flat_delta,max,47,-24.775026153506214,0.14471643193409633
temp_flat_delta,max,48,-20.701330363528204,0.27095669684902646
temp_flat_delta,max,49,-17.830342165582554,0.3562266138192882
temp_flat_delta,max,50,-15.445052177915352,0.3949657452473705
temp_flat_delta,max,total,-1041.016953280548,13.322412204429384
rain_flat_scale,min,1,-224.1115694129262,0.0
rain_flat_scale,min,2,18.965536967364297,0.0
rain_flat_scale,min,3,-36.08594005654512,0.0
rain_flat_scale,min,4,-31.282699069820687,0.0
rain_flat_scale,min,5,-28.25884664106517,0.0
rain_flat_scale,min,6,-7.295557854971581,0.0
rain_flat_scale,min,7,-17.53401359733457,0.0
rain_flat_scale,min,8,-28.733503095473736,0.0
rain_flat_scale,min,9,-22.794012700760877,0.0
rain_flat_scale,min,10,-11.721763964606108,0.0
rain_flat_scale,min,11,-2.7298377064013573,0.0
rain_flat_scale,min,12,-25.424148914448182,0.0
rain_flat_scale,min,13,-25.003449811777735,0.0
rain_flat_scale,min,14,-25.08987507966661,0.0
rain_flat_scale,min,15,-2.0113785601685503,0.0
rain_flat_scale,min,16,-2.0903382576545892,0.0
rain_flat_scale,min,17,-26.728362061393995,0.0
rain_flat_scale,min,18,-26.401506134862792,0.0
rain_flat_scale,min,19,-26.537854268528992,0.0
rain_flat_scale,min,20,-26.790933414667116,0.0
rain_flat_scale,min,21,-0.12181154132238614,0.0
rain_flat_scale,min,22,-32.8296818348802,0.0
rain_flat_scale,min,23,-31.534744120538928,0.0
rain_flat_scale,min,24,-30.97318229244673,0.0
rain_flat_scale,min,25,-30.64792141569023,0.0
rain_flat_scale,min,26,1.5235558814516774,0.0
rain_flat_scale,min,27,-37.079016471142964,0.0
rain_flat_scale,min,28,-34.965711706586866,0.0
rain_flat_scale,min,29,-33.77752521582702,0.0
rain_flat_scale,min,30,-32.89142501907915,0.0
rain_flat_scale,min,31,5.102595379116854,0.0
rain_flat_scale,min,32,-38.35410576683484,0.0
rain_flat_scale,min,33,-35.74580035258889,0.0
rain_flat_scale,min,34,-34.0520643383703,0.0
rain_flat_scale,min,35,90.73194754991366,0.0
rain_flat_scale,min,36,6.300599204931453,0.0
rain_flat_scale,min,37,-18.31114949669064,0.0
rain_flat_scale,min,38,-18.938140985984102,0.0
rain_flat_scale,min,39,-19.32274768134584,0.0
rain_flat_scale,min,40,-19.388579484890183,0.0
rain_flat_scale,min,41,18.093371557531132,0.0
rain_flat_scale,min,42,-26.539230765691215,0.0
rain_flat_scale,min,43,-23.584040378970087,0.0
rain_flat_scale,min,44,-21.523242932224942,0.0
rain_flat_scale,min,45,-19.72512569592114,0.0
rain_flat_scale,min,46,21.79248242319631,0.0
rain_flat_scale,min,47,-24.91974258544031,0.0
rain_flat_scale,min,48,-20.97228706037723,0.0
rain_flat_scale,min,49,-18.186568779401842,0.0
rain_flat_scale,min,50,-15.840017923162723,0.0
rain_flat_scale,min,total,-1054.3393654849774,0.0
rain_flat_scale,max,1,-224.1115694129262,0.0
rain_flat_scale,max,2,18.965536967364297,0.0
rain_flat_scale,max,3,-36.08594005654512,0.0
rain_flat_scale,max,4,-31.282699069820687,0.0
rain_flat_scale,max,5,-28.25884664106517,0.0
rain_flat_scale,max,6,-7.295557854971581,0.0
rain_flat_scale,max,7,-17.53401359733457,0.0
rain_flat_scale,max,8,-28.733503095473736,0.0
rain_flat_scale,max,9,-22.794012700760877,0.0
rain_flat_scale,max,10,-11.721763964606108,0.0
rain_flat_scale,max,11,-2.7298377064013573,0.0
rain_flat_scale,max,12,-25.424148914448182,0.0
rain_flat_scale,max,13,-25.003449811777735,0.0
rain_flat_scale,max,14,-25.08987507966661,0.0
rain_flat_scale,max,15,-2.0113785601685503,0.0
rain_flat_scale,max,16,-2.0903382576545892,0.0
rain_flat_scale,max,17,-26.728362061393995,0.0
rain_flat_scale,max,18,-26.401506134862792,0.0
rain_flat_scale,max,19,-26.537854268528992,0.0
rain_flat_scale,max,20,-26.790933414667116,0.0
rain_flat_scale,max,21,-0.12181154132238614,0.0
rain_flat_scale,max,22,-32.8296818348802,0.0
rain_flat_scale,max,23,-31.534744120538928,0.0
rain_flat_scale,max,24,-30.97318229244673,0.0
rain_flat_scale,max,25,-30.64792141569023,0.0
rain_flat_scale,max,26,1.5235558814516774,0.0
rain_flat_scale,max,27,-37.079016471142964,0.0
rain_flat_scale,max,28,-34.965711706586866,0.0
rain_flat_scale,max,29,-33.77752521582702,0.0
rain_flat_scale,max,30,-32.89142501907915,0.0
rain_flat_scale,max,31,5.102595379116854,0.0
rain_flat_scale,max,32,-38.35410576683484,0.0
rain_flat_scale,max,33,-35.74580035258889,0.0
rain_flat_scale,max,34,-34.0520643383703,0.0
rain_flat_scale,max,35,90.73194754991366,0.0
rain_flat_scale,max,36,6.300599204931453,0.0
rain_flat_scale,max,37,-18.31114949669064,0.0
rain_flat_scale,max,38,-18.938140985984102,0.0
rain_flat_scale,max,39,-19.32274768134584,0.0
rain_flat_scale,max,40,-19.388579484890183,0.0
rain_flat_scale,max,41,18.093371557531132,0.0
rain_flat_scale,max,42,-26.539230765691215,0.0
rain_flat_scale,max,43,-23.584040378970087,0.0
rain_flat_scale,max,44,-21.523242932224942,0.0
rain_flat_scale,max,45,-19.72512569592114,0.0
rain_flat_scale,max,46,21.79248242319631,0.0
rain_flat_scale,max,47,-24.91974258544031,0.0
rain_flat_scale,max,48,-20.97228706037723,0.0
rain_flat_scale,max,49,-18.186568779401842,0.0
rain_flat_scale,max,50,-15.840017923162723,0.0
rain_flat_scale,max,total,-1054.3393654849774,0.0
evap_flat_scale,min,1,-224.1165935322911,-0.005024119364890112
evap_flat_scale,min,2,18.966990530608232,0.0014535632439347523
evap_flat_scale,min,3,-36.01592869228223,0.07001136426288923
evap_flat_scale,min,4,-31.141077793411228,0.14162127640945954
evap_flat_scale,min,5,-28.08011372354285,0.1787329175223178
evap_flat_scale,min,6,-7.150032106238385,0.14552574873319646
evap_flat_scale,min,7,-17.392027862790798,0.1419857345437734
evap_flat_scale,min,8,-28.573872092048326,0.15963100342541026
evap_flat_scale,min,9,-22.633997259750267,0.16001544101061072
evap_flat_scale,min,10,-11.572398340557694,0.14936562404841425
evap_flat_scale,min,11,-2.6348643282192965,0.09497337818206075
evap_flat_scale,min,12,-25.3416345123846,0.0825144020635804
evap_flat_scale,min,13,-24.90858772033497,0.09486209144276359
evap_flat_scale,min,14,-24.98413617564222,0.10573890402438835
evap_flat_scale,min,15,-1.8991982996352261,0.1121802605333242
evap_flat_scale,min,16,-2.022608839579508,0.06772941807508115
evap_flat_scale,min,17,-26.665137263014465,0.06322479837952955
evap_flat_scale,min,18,-26.31891399242472,0.08259214243807378
evap_flat_scale,min,19,-26.43831668164142,0.0995375868875712
evap_flat_scale,min,20,-26.68013384368969,0.11079957097742721
evap_flat_scale,min,21,-0.06389762180423952,0.05791391951814662
evap_flat_scale,min,22,-32.76703292651784,0.06264890836235537
evap_flat_scale,min,23,-31.43622880124092,0.09851531929800927
evap_flat_scale,min,24,-30.847373088752565,0.12580920369416404
evap_flat_scale,min,25,-30.505950627452698,0.14197078823753273
evap_flat_scale,min,26,1.6031439737501683,0.07958809229849084
evap_flat_scale,min,27,-36.99435676633179,0.08465970481117324
evap_flat_scale,min,28,-34.84022258428115,0.12548912230571574
evap_flat_scale,min,29,-33.622000563962345,0.155524651864674
evap_flat_scale,min,30,-32.71950393583431,0.17192108324483968
evap_flat_scale,min,31,5.199163885777516,0.09656850666066141
evap_flat_scale,min,32,-38.25873053983845,0.09537522699638856
evap_flat_scale,min,33,-35.60685405174492,0.13894630084396908
evap_flat_scale,min,34,-33.88183858188874,0.1702257564815568
evap_flat_scale,min,35,90.91864234707649,0.18669479716282922
evap_flat_scale,min,36,6.43076081620981,0.13016161127835701
evap_flat_scale,min,37,-18.219976956299114,0.09117254039152556
evap_flat_scale,min,38,-18.854764117296817,0.08337686868728511
evap_flat_scale,min,39,-19.23688698639271,0.08586069495312998
evap_flat_scale,min,40,-19.29692442061318,0.09165506427700265
evap_flat_scale,min,41,18.109260835667296,0.015889278136164364
evap_flat_scale,min,42,-26.51784838574008,0.021382379951134567
evap_flat_scale,min,43,-23.511712149845447,0.07232822912463988
evap_flat_scale,min,44,-21.41285438419583,0.11038854802911402
evap_flat_scale,min,45,-19.59319700415708,0.13192869176405964
evap_flat_scale,min,46,21.84657632154915,0.054093898352839176
evap_flat_scale,min,47,-24.86321076803463,0.056531817405680584
evap_flat_scale,min,48,-20.86791141161687,0.1043756487603602
evap_flat_scale,min,49,-18.04929622221806,0.13727255718378117
evap_flat_scale,min,50,-15.687498895969343,0.15251902719337984
evap_flat_scale,min,total,-1049.1511061408696,5.1882593441077915
evap_flat_scale,max,1,-224.1115694129262,0.0
evap_flat_scale,max,2,18.965536967364297,0.0
evap_flat_scale,max,3,-36.08594005654512,0.0
evap_flat_scale,max,4,-31.282699069820687,0.0
evap_flat_scale,max,5,-28.25884664106517,0.0
evap_flat_scale,max,6,-7.295557854971581,0.0
evap_flat_scale,max,7,-17.53401359733457,0.0
evap_flat_scale,max,8,-28.733503095473736,0.0
evap_flat_scale,max,9,-22.794012700760877,0.0
evap_flat_scale,max,10,-11.721763964606108,0.0
evap_flat_scale,max,11,-2.7298377064013573,0.0
evap_flat_scale,max,12,-25.424148914448182,0.0
evap_flat_scale,max,13,-25.003449811777735,0.0
evap_flat_scale,max,14,-25.08987507966661,0.0
evap_flat_scale,max,15,-2.0113785601685503,0.0
evap_flat_scale,max,16,-2.0903382576545892,0.0
evap_flat_scale,max,17,-26.728362061393995,0.0
evap_flat_scale,max,18,-26.401506134862792,0.0
evap_flat_scale,max,19,-26.537854268528992,0.0
evap_flat_scale,max,20,-26.790933414667116,0.0
evap_flat_scale,max,21,-0.12181154132238614,0.0
evap_flat_scale,max,22,-32.8296818348802,0.0
evap_flat_scale,max,23,-31.534744120538928,0.0
evap_flat_scale,max,24,-30.97318229244673,0.0
evap_flat_scale,max,25,-30.64792141569023,0.0
evap_flat_scale,max,26,1.5235558814516774,0.0
evap_flat_scale,max,27,-37.079016471142964,0.0
evap_flat_scale,max,28,-34.965711706586866,0.0
evap_flat_scale,max,29,-33.77752521582702,0.0
evap_flat_scale,max,30,-32.89142501907915,0.0
evap_flat_scale,max,31,5.102595379116854,0.0
evap_flat_scale,max,32,-38.35410576683484,0.0
evap_flat_scale,max,33,-35.74580035258889,0.0
evap_flat_scale,max,34,-34.0520643383703,0.0
evap_flat_scale,max,35,90.73194754991366,0.0
evap_flat_scale,max,36,6.300599204931453,0.0
evap_flat_scale,max,37,-18.31114949669064,0.0
evap_flat_scale,max,38,-18.938140985984102,0.0
evap_flat_scale,max,39,-19.32274768134584,0.0
evap_flat_scale,max,40,-19.388579484890183,0.0
evap_flat_scale,max,41,18.093371557531132,0.0
evap_flat_scale,max,42,-26.539230765691215,0.0
evap_flat_scale,max,43,-23.584040378970087,0.0
evap_flat_scale,max,44,-21.523242932224942,0.0
evap_flat_scale,max,45,-19.72512569592114,0.0
evap_flat_scale,max,46,21.79248242319631,0.0
evap_flat_scale,max,47,-24.91974258544031,0.0
evap_flat_scale,max,48,-20.97228706037723,0.0
evap_flat_scale,max,49,-18.186568779401842,0.0
evap_flat_scale,max,50,-15.840017923162723,0.0
evap_flat_scale,max,total,-1054.3393654849774,0.0
baseline,baseline,1,-224.1115694129262,
baseline,baseline,2,18.965536967364297,
baseline,baseline,3,-36.08594005654512,
baseline,baseline,4,-31.282699069820687,
baseline,baseline,5,-28.25884664106517,
baseline,baseline,6,-7.295557854971581,
baseline,baseline,7,-17.53401359733457,
baseline,baseline,8,-28.733503095473736,
baseline,baseline,9,-22.794012700760877,
baseline,baseline,10,-11.721763964606108,
baseline,baseline,11,-2.7298377064013573,
baseline,baseline,12,-25.424148914448182,
baseline,baseline,13,-25.003449811777735,
baseline,baseline,14,-25.08987507966661,
baseline,baseline,15,-2.0113785601685503,
baseline,baseline,16,-2.0903382576545892,
baseline,baseline,17,-26.728362061393995,
baseline,baseline,18,-26.401506134862792,
baseline,baseline,19,-26.537854268528992,
baseline,baseline,20,-26.790933414667116,
baseline,baseline,21,-0.12181154132238614,
baseline,baseline,22,-32.8296818348802,
baseline,baseline,23,-31.534744120538928,
baseline,baseline,24,-30.97318229244673,
baseline,baseline,25,-30.64792141569023,
baseline,baseline,26,1.5235558814516774,
baseline,baseline,27,-37.079016471142964,
baseline,baseline,28,-34.965711706586866,
baseline,baseline,29,-33.77752521582702,
baseline,baseline,30,-32.89142501907915,
baseline,baseline,31,5.102595379116854,
baseline,baseline,32,-38.35410576683484,
baseline,baseline,33,-35.74580035258889,
baseline,baseline,34,-34.0520643383703,
baseline,baseline,35,90.73194754991366,
baseline,baseline,36,6.300599204931453,
baseline,baseline,37,-18.31114949669064,
baseline,baseline,38,-18.938140985984102,
baseline,baseline,39,-19.32274768134584,
baseline,baseline,40,-19.388579484890183,
baseline,baseline,41,18.093371557531132,
baseline,baseline,42,-26.539230765691215,
baseline,baseline,43,-23.584040378970087,
baseline,baseline,44,-21.523242932224942,
baseline,baseline,45,-19.72512569592114,
baseline,baseline,46,21.79248242319631,
baseline,baseline,47,-24.91974258544031,
baseline,baseline,48,-20.97228706037723,
baseline,baseline,49,-18.186568779401842,
baseline,baseline,50,-15.840017923162723,
baseline,baseline,total,-1054.3393654849774,
